Date,Yesterday Close,Yesterday High,Yesterday Low,Yesterday Volume,Today Open,Today Close,Return,MA_5,MA_20,RSI,MACD,lag_1,lag_2,lag_3,lag_5,lag_10,Target
2020-01-29,411.7436218261719,415.2619688344947,405.60121100113,10527640.0,414.8613101771429,431.87640380859375,0.048896402798247696,412.75322265625,407.1974334716797,75.670385987886,2.276333019909032,411.7436218261719,406.9889831542969,409.9356689453125,404.8243103027344,411.18170166015625,-0.012378419423892062
2020-01-30,431.87640380859375,434.31969646402297,411.9489244200952,45814130.0,436.2743083491383,426.5304565429688,-0.012378419423892062,417.41502685546874,407.7752716064453,68.03938368910732,3.0666971552078053,431.87640380859375,411.7436218261719,406.9889831542969,403.221435546875,412.45220947265625,0.00036661407858162853
2020-01-31,426.5304565429688,438.32668004014846,424.6295677958594,35777740.0,427.0875321652927,426.6868286132813,0.00036661407858162853,420.7652587890625,408.6179626464844,67.0619002320505,3.6525535267772966,426.5304565429688,431.87640380859375,411.7436218261719,409.9356689453125,413.57611083984375,-0.0015002495409347505
2020-02-03,426.6868286132813,431.9838999156928,423.549649371128,17369270.0,415.379268290994,426.0466918945313,-0.0015002495409347505,424.57680053710936,410.39008178710935,64.63695150927686,4.020121667440492,426.6868286132813,426.5304565429688,431.87640380859375,406.9889831542969,405.8406677246094,0.03667982789972246
2020-02-04,426.0466918945313,427.7618880333329,415.379268290994,10941810.0,428.8418629716012,441.6740112304688,0.03667982789972246,430.56287841796876,412.89005889892576,71.85172776078255,5.332483161311131,426.0466918945313,426.6868286132813,426.5304565429688,411.7436218261719,404.4724426269531,0.0019804081788328265
2020-02-05,441.6740112304688,444.6792731937314,427.7863438187472,19583230.0,441.2586404130043,442.5487060546875,0.0019804081788328265,432.6973388671875,415.22706909179686,71.6911305406628,6.351118164202433,441.6740112304688,426.0466918945313,426.6868286132813,431.87640380859375,404.8243103027344,0.03050884064171311
2020-02-06,442.5487060546875,443.6970416383581,437.608375610805,12856310.0,442.5487164882544,456.0503540039063,0.03050884064171311,438.601318359375,417.87633056640624,75.9772188207153,8.017682551227836,442.5487060546875,441.6740112304688,426.0466918945313,426.5304565429688,403.221435546875,-0.0025823987353200684
2020-02-07,456.0503540039063,457.17426265331824,442.23596787222766,18464770.0,455.8157574848714,454.8726501464844,-0.0025823987353200684,444.2384826660156,420.3658020019531,82.60316380640538,9.139005090172986,456.0503540039063,442.5487060546875,441.6740112304688,426.6868286132813,409.9356689453125,0.014492058411298414
2020-02-10,454.8726501464844,458.0587131525834,452.1166090120802,9503260.0,455.42976998144417,461.4646911621094,0.014492058411298414,451.32208251953125,423.088850402832,85.4345908875639,10.378176727528967,454.8726501464844,456.0503540039063,442.5487060546875,426.0466918945313,406.9889831542969,0.005845274290693148
2020-02-11,461.4646911621094,462.6619105783111,453.4751357755152,11608790.0,462.9551065957726,464.1620788574219,0.005845274290693148,455.8196960449219,425.8075012207031,85.84737019482851,11.41877313924357,461.4646911621094,454.8726501464844,456.0503540039063,441.6740112304688,411.7436218261719,0.004074120511414314
2020-02-12,464.1620788574219,467.6462165875136,462.8573689239967,11674290.0,466.180187079597,466.0531311035156,0.004074120511414314,460.5205810546875,428.5510726928711,87.82642756540677,12.235944055844186,464.1620788574219,461.4646911621094,454.8726501464844,442.5487060546875,431.87640380859375,0.0055885328277685
2020-02-13,466.0531311035156,467.37251495654607,461.4890776303182,8829640.0,465.7892614815223,468.6576843261719,0.0055885328277685,463.04204711914065,431.36134643554686,87.19268533398176,12.922901730419198,466.0531311035156,464.1620788574219,461.4646911621094,456.0503540039063,426.5304565429688,-0.002835975183914763
2020-02-14,468.6576843261719,469.1707697567093,462.7595729900137,6810390.0,469.11219836467774,467.3285827636719,-0.002835975183914763,465.5332336425781,434.0489700317383,89.01668562371586,13.212322721722899,468.6576843261719,466.0531311035156,464.1620788574219,454.8726501464844,426.6868286132813,-0.0010664500027198764
2020-02-17,467.3285827636719,470.57817398456734,465.98477177877305,7311180.0,467.3286116556504,466.8302001953125,-0.0010664500027198764,466.60633544921876,437.09844665527345,87.69484060043544,13.249001072812803,467.3285827636719,468.6576843261719,466.0531311035156,461.4646911621094,426.0466918945313,-0.0039044675942329077
2020-02-18,466.8302001953125,468.9167520087155,464.2305330229452,7164840.0,466.1216326468951,465.0074768066406,-0.0039044675942329077,466.7754150390625,440.1251983642578,80.2516795822431,12.989087087131736,466.8302001953125,467.3285827636719,468.6576843261719,464.1620788574219,441.6740112304688,0.025231199751400535
2020-02-19,465.0074768066406,466.37085328618105,459.49542372297896,7286110.0,467.646244643369,476.74017333984375,0.025231199751400535,468.91282348632814,443.72099151611326,91.05736300087932,13.514245013250445,465.0074768066406,466.8302001953125,467.3285827636719,466.0531311035156,442.5487060546875,0.00049194005667208
2020-02-20,476.74017333984375,477.6148912555627,467.1673687958928,11720490.0,475.74816328843326,476.9747009277344,0.00049194005667208,470.57622680664065,447.4086547851563,91.06877873298941,13.78706788276071,476.74017333984375,465.0074768066406,466.8302001953125,468.6576843261719,456.0503540039063,-0.015674774642603806
2020-02-24,476.9747009277344,481.1722608508927,474.36525134597935,16346430.0,473.0214688065362,469.4982299804688,-0.015674774642603806,471.01015625,450.38678283691405,81.92135234508116,13.277204818318353,476.9747009277344,476.74017333984375,465.0074768066406,467.3285827636719,454.8726501464844,0.004579538988481735
2020-02-25,469.4982299804688,476.539816275126,464.3428883257982,12633890.0,473.9889789900511,471.6483154296875,0.004579538988481735,471.973779296875,453.61974945068357,77.45751093885755,12.888681140497908,469.4982299804688,476.9747009277344,476.74017333984375,466.8302001953125,461.4646911621094,-0.003305149954331843
2020-02-26,471.6483154296875,473.9889789900511,467.5484633121184,9593090.0,470.57810549032166,470.0894470214844,-0.003305149954331843,472.99017333984375,456.5370407104492,74.9159716995666,12.31790483250984,471.6483154296875,469.4982299804688,476.9747009277344,465.0074768066406,464.1620788574219,-0.010436518928886196
2020-02-27,470.0894470214844,472.8014955584622,465.9114230779946,8513460.0,470.5781286335315,465.183349609375,-0.010436518928886196,470.67880859375,458.20238800048827,59.784298827335704,11.354976021402422,470.0894470214844,471.6483154296875,469.4982299804688,476.74017333984375,466.0531311035156,-0.06175681264370414
2020-02-28,465.183349609375,470.5781286335315,460.5215284991756,11748700.0,453.4750927260555,436.4551086425781,-0.06175681264370414,462.57489013671875,458.69862060546876,37.592974671417515,8.269269114415636,465.183349609375,470.0894470214844,471.6483154296875,476.9747009277344,468.6576843261719,-0.02353402493581036
2020-03-02,436.4551086425781,453.4750927260555,421.39464993657833,49414100.0,449.5658627507872,426.1835632324219,-0.02353402493581036,453.9119567871094,458.67345733642577,27.355364001184597,4.969209186369369,436.4551086425781,465.183349609375,470.0894470214844,469.4982299804688,467.3285827636719,0.023754432720287433
2020-03-03,426.1835632324219,451.3201600557625,420.7985365062296,22382160.0,431.0078707410213,436.3073120117188,0.023754432720287433,446.8437561035156,459.18648834228514,33.67784548883759,3.1088661935104938,426.1835632324219,436.4551086425781,465.183349609375,471.6483154296875,466.8302001953125,-0.037650562170112645
2020-03-04,436.3073120117188,438.3496932107334,423.1762666000125,20235030.0,437.4730478316615,419.8800964355469,-0.037650562170112645,436.8018859863281,458.09679260253904,26.882101925465236,0.3471764910567572,436.3073120117188,426.1835632324219,436.4551086425781,470.0894470214844,465.0074768066406,0.010334967192593636
2020-03-05,419.8800964355469,440.4900901393978,413.86556243359166,24729910.0,422.1918399744962,424.2195434570313,0.010334967192593636,428.6091247558594,457.1803344726562,28.1306535712323,-1.483180876816732,419.8800964355469,436.3073120117188,426.1835632324219,465.183349609375,476.74017333984375,-0.024211079255290424
2020-03-06,424.2195434570313,427.8292323191292,418.5821511123983,18332950.0,404.0698433950676,413.94873046875,-0.024211079255290424,424.10784912109375,455.07525329589845,25.855149476713507,-3.6968525405043238,424.2195434570313,419.8800964355469,436.3073120117188,436.4551086425781,476.9747009277344,-0.04710285963006344
2020-03-09,413.94873046875,415.13889623839134,395.40070259435737,33122380.0,398.6822823583871,394.4505615234375,-0.04710285963006344,417.76124877929686,452.0541488647461,22.06296286174954,-6.904845628753719,413.94873046875,424.2195434570313,419.8800964355469,426.1835632324219,469.4982299804688,0.000956182560851726
2020-03-11,394.4505615234375,404.314771605465,386.4524483161955,35456270.0,393.1967468234246,394.8277282714844,0.000956182560851726,409.46533203125006,448.72230072021483,22.606386780450862,-9.308835406496428,394.4505615234375,413.94873046875,424.2195434570313,436.3073120117188,471.6483154296875,-0.07351174453912457
2020-03-12,394.8277282714844,403.4723873229156,390.3560189130014,27936830.0,378.1114695950336,365.8032531738281,-0.07351174453912457,398.64996337890625,443.80435943603516,11.847682962999684,-13.351075670194177,394.8277282714844,394.4505615234375,413.94873046875,419.8800964355469,470.0894470214844,0.058430631233554076
2020-03-13,365.8032531738281,379.0861303877788,355.39539212603734,52726190.0,336.9698372014952,387.1773681640625,0.058430631233554076,391.2415283203125,439.8605712890625,23.038118553956878,-14.693047046432241,365.8032531738281,394.8277282714844,394.4505615234375,424.2195434570313,465.183349609375,-0.07091629339826477
2020-03-16,387.1773681640625,396.08649921257336,321.39968644493536,48499170.0,375.5107419366661,359.7201843261719,-0.07091629339826477,380.39581909179685,434.4136962890625,20.570020258638394,-17.726393684478637,387.1773681640625,365.8032531738281,394.8277282714844,413.94873046875,436.4551086425781,-0.061923962131821275
2020-03-17,359.7201843261719,375.5107419366661,352.6428326096013,31404670.0,362.6441598286682,337.44488525390625,-0.061923962131821275,368.99468383789065,427.91951141357424,17.52604147436176,-21.64653817419827,359.7201843261719,387.1773681640625,365.8032531738281,394.4505615234375,426.1835632324219,-0.11132559805682962
2020-03-18,337.44488525390625,365.8375460953157,333.2474823697232,25585480.0,341.86760444570626,299.8786315917969,-0.11132559805682962,350.00486450195314,419.5719329833984,14.925202683496835,-27.419460586799858,337.44488525390625,359.7201843261719,387.1773681640625,394.8277282714844,436.3073120117188,-0.10297745171360928
2020-03-19,299.8786315917969,345.7858577917888,295.7203900112908,54435800.0,274.2777554281752,268.9978942871094,-0.10297745171360928,330.6437927246094,409.7714538574219,13.481956342208932,-34.055755469156225,299.8786315917969,337.44488525390625,359.7201843261719,365.8032531738281,419.8800964355469,0.07494245576306291
2020-03-20,268.9978942871094,299.0656004004598,243.39212223589428,83247130.0,274.26298220900543,289.1572570800781,0.07494245576306291,311.0397705078125,400.39230804443366,21.678449865816603,-37.2786369541119,268.9978942871094,299.8786315917969,337.44488525390625,387.1773681640625,424.2195434570313,-0.23230787416076126
2020-03-23,289.1572570800781,298.1790255846194,256.80718908585715,61101890.0,260.2454757176762,221.98374938964844,-0.23230787416076126,283.4924835205078,387.6427604675293,17.78649186665693,-44.66923122529522,289.1572570800781,268.9978942871094,299.8786315917969,359.7201843261719,413.94873046875,0.09180771940909516
2020-03-24,221.98374938964844,264.48209907711987,217.95284090614507,48442350.0,242.1480660263192,242.3635711669922,0.09180771940909516,264.476220703125,376.2860275268555,20.363443417860623,-48.34163914740259,221.98374938964844,289.1572570800781,268.9978942871094,337.44488525390625,394.4505615234375,0.04502466358410406
2020-03-25,242.3635711669922,251.61553957521423,206.16380444424988,62572210.0,239.99303215794544,253.27590942382807,0.04502466358410406,255.15567626953126,365.3674072265625,24.104749079673397,-49.80539671408144,242.3635711669922,221.98374938964844,289.1572570800781,299.8786315917969,394.8277282714844,0.08048418278791902
2020-03-26,253.27590942382807,264.48211707202154,235.09521517513025,62263550.0,258.34025844499416,273.6606140136719,0.08048418278791902,256.0882202148438,355.54596557617185,27.71042407127726,-48.77354844485711,253.27590942382807,242.3635711669922,221.98374938964844,268.9978942871094,365.8032531738281,-0.08998818040324463
2020-03-27,273.6606140136719,287.6487777476392,251.2629071148657,50961240.0,289.4609780906161,249.03439331054688,-0.08998818040324463,248.0636474609375,344.73851776123047,26.580613046559392,-49.355042099728735,273.6606140136719,253.27590942382807,242.3635711669922,289.1572570800781,387.1773681640625,-0.11808199859834612
2020-03-30,249.03439331054688,297.78726680049846,244.89084440830464,71706090.0,234.12055300201456,219.6279144287109,-0.11808199859834612,247.59248046874995,333.8971580505371,25.853069812065726,-51.573238429556966,249.03439331054688,273.6606140136719,253.27590942382807,221.98374938964844,359.7201843261719,-0.011730057973944552
2020-03-31,219.6279144287109,236.5057874671089,218.0508167716393,76983550.0,225.7991605008916,217.0516662597656,-0.011730057973944552,242.53009948730465,323.4405632019043,25.5934033512153,-52.92637226494395,219.6279144287109,249.03439331054688,273.6606140136719,242.3635711669922,337.44488525390625,0.0016020726766923232
2020-04-01,217.0516662597656,229.21784224693,205.7083199651936,110431110.0,213.54481925139632,217.3993988037109,0.0016020726766923232,235.35479736328125,312.4951675415039,27.884499809196925,-53.35501900531608,217.0516662597656,219.6279144287109,249.03439331054688,253.27590942382807,299.8786315917969,-0.005339397747827435
2020-04-03,217.3993988037109,224.0163542933554,208.9065859968423,64083010.0,222.24334526823105,216.23861694335935,-0.005339397747827435,223.87039794921876,302.3130935668945,22.893254906204234,-53.17410174020603,217.3993988037109,217.0516662597656,219.6279144287109,273.6606140136719,268.9978942871094,0.020770122162827143
2020-04-07,216.23861694335935,229.5802654458098,213.8435772957696,61726720.0,219.9119774397319,220.72991943359372,0.020770122162827143,218.20950317382807,292.1386123657226,26.228041083476526,-52.06974613729855,216.23861694335935,217.3993988037109,217.0516662597656,249.03439331054688,289.1572570800781,0.03530289049531876
2020-04-08,220.72991943359372,223.92819325148733,203.89611029774613,111614780.0,213.9366261632592,228.52232360839844,0.03530289049531876,219.98838500976558,282.86729202270504,30.39959208542483,-49.99261889740012,220.72991943359372,216.23861694335935,217.3993988037109,219.6279144287109,221.98374938964844,0.09385321837854788
2020-04-09,228.52232360839844,232.54832950894945,210.03306567945617,91093390.0,234.2136105271236,249.96987915039065,0.09385321837854788,226.57202758789063,275.64325790405275,40.465938411994415,-46.09339846851745,228.52232360839844,220.72991943359372,216.23861694335935,217.0516662597656,242.3635711669922,-0.10366996121236793
2020-04-13,249.96987915039065,251.37064761158868,231.8724546428998,71932460.0,246.84995385939035,224.05551147460935,-0.10366996121236793,227.90325012207032,267.10464706420896,41.24861004343748,-44.56995235629603,249.96987915039065,228.52232360839844,220.72991943359372,217.3993988037109,253.27590942382807,-0.04584007493478126
2020-04-15,224.05551147460935,246.84995385939035,221.9641491908693,81831990.0,229.70759644335163,213.7847900390625,-0.04584007493478126,227.41248474121093,259.50372390747066,34.73525819413612,-43.68370358438605,224.05551147460935,249.96987915039065,228.52232360839844,216.23861694335935,273.6606140136719,0.01720547299901498
2020-04-16,213.7847900390625,231.96059504817748,212.40850478278048,93336280.0,210.1163335233121,217.4630584716797,0.01720547299901498,226.7591125488281,251.01800842285152,48.76745818016075,-42.19905246894305,213.7847900390625,224.05551147460935,249.96987915039065,220.72991943359372,249.03439331054688,0.03970723689080713
2020-04-17,217.4630584716797,220.4017484510267,207.86333488308935,72467400.0,230.68716752479656,226.0979156494141,0.03970723689080713,226.27423095703125,244.33689498901367,45.261804307280926,-39.86861082820343,217.4630584716797,213.7847900390625,224.05551147460935,228.52232360839844,219.6279144287109,4.332699198017487e-05
2020-04-20,226.0979156494141,232.73445132660203,218.95200284817173,101915460.0,227.7484834254149,226.1077117919922,4.332699198017487e-05,221.50179748535157,238.77003631591796,41.54909970248764,-37.58746684661881,226.0979156494141,217.4630584716797,213.7847900390625,249.96987915039065,217.0516662597656,-0.09032814050564175
2020-04-21,226.1077117919922,229.756591322427,221.87110320798485,54031770.0,216.48350270425195,205.68382263183597,-0.09032814050564175,217.82745971679688,234.06029586791993,28.86039078406128,-36.99550435989556,226.1077117919922,226.0979156494141,217.4630584716797,224.05551147460935,217.3993988037109,0.02309800036276788
2020-04-22,205.68382263183597,216.48350270425195,204.2389606960929,73839850.0,201.7851608933687,210.4347076416016,0.02309800036276788,217.15744323730468,231.13213653564452,36.30296775015165,-35.73211786223044,205.68382263183597,226.1077117919922,226.0979156494141,213.7847900390625,216.23861694335935,0.01126491538098362
2020-04-23,210.4347076416016,212.56526105865348,198.102007833808,90627230.0,211.58568521934671,212.80523681640625,0.01126491538098362,216.22587890625,227.31453552246094,47.00416386322033,-34.146374502495206,210.4347076416016,205.68382263183597,226.1077117919922,217.4630584716797,220.72991943359372,-0.09031281468685393
2020-04-24,212.80523681640625,217.374908249422,206.88377811397112,71440060.0,207.03070915242276,193.5861968994141,-0.09031281468685393,209.72353515625,225.89465789794923,41.01023436373785,-34.04376250541907,212.80523681640625,210.4347076416016,205.68382263183597,226.0979156494141,228.52232360839844,0.03430745105272259
2020-04-27,193.5861968994141,207.03070915242276,192.97887243726336,104944510.0,195.9126705019735,200.22764587402344,0.03430745105272259,204.54752197265628,223.7878616333008,43.724042763828585,-33.04676435611293,193.5861968994141,212.80523681640625,210.4347076416016,226.1077117919922,249.96987915039065,0.09004178364790039
2020-04-28,200.22764587402344,204.2389589983074,187.65005601506488,144952470.0,203.8471322230209,218.25650024414065,0.09004178364790039,207.0620574951172,222.0368911743164,50.65654709172935,-30.45402650542843,200.22764587402344,193.5861968994141,212.80523681640625,205.68382263183597,224.05551147460935,0.03067634866549529
2020-04-29,218.25650024414065,219.82380752994027,199.34113498655947,147563440.0,215.50882335961657,224.95181274414065,0.03067634866549529,209.96547851562505,219.60145111083983,51.354230621041374,-27.54259909695284,218.25650024414065,200.22764587402344,193.5861968994141,210.4347076416016,213.7847900390625,0.009427610432518385
2020-04-30,224.95181274414065,232.64627809341053,215.50882335961657,150601540.0,231.67162776237484,227.07257080078125,0.009427610432518385,212.81894531250003,218.50335998535155,49.51741272962527,-24.77880551548006,224.95181274414065,218.25650024414065,200.22764587402344,212.80523681640625,217.4630584716797,-0.10286438908954165
2020-05-04,227.07257080078125,236.9514734589037,224.43265542599184,88833050.0,215.503938090543,203.7148895263672,-0.10286438908954165,214.8446838378906,217.70770874023438,34.79618673739988,-24.190923785361235,227.07257080078125,224.95181274414065,218.25650024414065,193.5861968994141,226.0979156494141,-0.0371697756642575
2020-05-05,203.7148895263672,215.7194432243896,198.7093201846588,73127450.0,208.64697737895105,196.14285278320312,-0.0371697756642575,214.02772521972656,216.66226806640626,39.56723939656563,-24.057605227680938,203.7148895263672,227.07257080078125,224.95181274414065,200.22764587402344,226.1077117919922,0.051889163710095776
2020-05-06,196.14285278320312,209.1367590159908,195.6187828443027,115212090.0,196.89224364509923,206.32054138183597,0.051889163710095776,211.64053344726562,216.1083251953125,47.20818735838391,-22.86829871724791,196.14285278320312,203.7148895263672,227.07257080078125,218.25650024414065,205.68382263183597,-0.021697272542986146
2020-05-07,206.32054138183597,208.8331238974759,191.24506123494743,131496960.0,205.6054835368509,201.8439483642578,-0.021697272542986146,207.01896057128906,215.38859176635742,44.19274863727755,-22.032445542710718,206.32054138183597,196.14285278320312,203.7148895263672,224.95181274414065,210.4347076416016,-0.017665346617735445
2020-05-08,201.8439483642578,212.55058511456275,200.6488946540613,77702040.0,208.6469894882721,198.2783050537109,-0.017665346617735445,201.260107421875,214.2660110473633,39.25138049367621,-21.41050755243333,201.8439483642578,206.32054138183597,196.14285278320312,227.07257080078125,212.80523681640625,-0.004495640303217363
2020-05-11,198.2783050537109,208.6469894882721,197.3820111825673,69663750.0,202.769612925562,197.3869171142578,-0.004495640303217363,199.99451293945313,212.70924072265626,38.97827563592073,-20.750218339119186,198.2783050537109,201.8439483642578,206.32054138183597,203.7148895263672,193.5861968994141,0.027120932526867536
2020-05-12,197.3869171142578,204.99322590945704,195.4522735242313,76549900.0,194.9037273187409,202.740234375,0.027120932526867536,201.3139892578125,210.3477584838867,48.72263573621713,-19.569836959321663,197.3869171142578,198.2783050537109,201.8439483642578,196.14285278320312,200.22764587402344,0.04413679036251361
2020-05-13,202.740234375,203.74918346273728,193.6694828382824,103365270.0,217.4630678410132,211.68853759765625,0.04413679036251361,202.38758850097656,209.72940979003906,50.52497266559309,-17.708927383299795,202.740234375,197.3869171142578,198.2783050537109,206.32054138183597,218.25650024414065,-0.022697326215543434
2020-05-14,211.68853759765625,219.41729197845208,210.11634257611408,94411850.0,211.48771849863704,206.8837738037109,-0.022697326215543434,203.3955535888672,209.38435897827148,47.5702398285345,-16.432033822797308,211.68853759765625,202.740234375,197.3869171142578,201.8439483642578,224.95181274414065,-0.012097503122617703
2020-05-15,206.8837738037109,221.27846421676327,205.39483334619024,143075310.0,207.6625249160148,204.3809967041016,-0.012097503122617703,204.6160919189453,208.7302558898926,55.133703809597066,-15.443812942091625,206.8837738037109,211.68853759765625,202.740234375,198.2783050537109,227.07257080078125,-0.0708620143489257
2020-05-18,204.3809967041016,209.29350624297527,201.3982281355404,80267260.0,204.72873578815708,189.8981475830078,-0.0708620143489257,203.11833801269532,206.92026748657227,45.428534152048236,-15.647904143969669,204.3809967041016,206.8837738037109,211.68853759765625,197.3869171142578,203.7148895263672,0.013592427259903728
2020-05-19,189.8981475830078,205.0666863324629,188.66390316920615,108205710.0,191.99444519338232,192.4793243408203,0.013592427259903728,201.06615600585937,205.23884811401368,36.78504070484662,-15.423711787740586,189.8981475830078,204.3809967041016,206.8837738037109,202.740234375,196.14285278320312,0.03961924240892811
2020-05-20,192.4793243408203,196.260440032813,188.29169637469477,94135140.0,192.97398902305355,200.10520935058597,0.03961924240892811,198.7494903564453,204.95991744995118,37.38249742628354,-14.464382232032904,192.4793243408203,189.8981475830078,204.3809967041016,211.68853759765625,206.32054138183597,-0.025749012798824578
2020-05-21,200.10520935058597,201.79005958755852,189.5455171368572,163185080.0,201.6920832876641,194.95269775390625,-0.025749012798824578,196.36327514648437,204.1858169555664,34.17625108623423,-13.958674287129043,200.10520935058597,192.4793243408203,189.8981475830078,206.8837738037109,201.8439483642578,-0.047683701694214764
2020-05-22,194.95269775390625,203.50918402318973,193.4147761541719,98795420.0,193.46375218399623,185.65663146972656,-0.047683701694214764,192.61840209960937,202.82838668823243,39.67285167328171,-14.144484790222123,194.95269775390625,200.10520935058597,192.4793243408203,204.3809967041016,198.2783050537109,-0.0349812812207384
2020-05-26,185.65663146972656,196.5983517616381,182.7130389635993,161950940.0,187.88024712001192,179.16212463378906,-0.0349812812207384,190.47119750976563,202.10718307495117,40.16789471275492,-14.646638677472083,185.65663146972656,194.95269775390625,200.10520935058597,189.8981475830078,197.3869171142578,0.058748025923963
2020-05-27,179.16212463378906,189.42305635432228,178.43235474591987,98692950.0,179.26008991295134,189.6875457763672,0.058748025923963,189.912841796875,201.58017807006837,40.40786335917494,-14.033945511778796,179.16212463378906,185.65663146972656,194.95269775390625,192.4793243408203,202.740234375,0.005809580172343232
2020-05-28,189.6875457763672,190.6230305528803,174.6561452379104,173352460.0,191.40666550491216,190.78955078125,0.005809580172343232,188.04971008300782,200.20683059692382,43.36682663439844,-13.306108592651611,189.6875457763672,179.16212463378906,185.65663146972656,200.10520935058597,211.68853759765625,0.003054964080698719
2020-05-29,190.78955078125,194.24740808261492,188.7618475474958,90517750.0,187.4884258263882,191.37240600585935,0.003054964080698719,187.33365173339843,198.52786026000976,45.7022839423992,-12.53774720474263,190.78955078125,189.6875457763672,179.16212463378906,194.95269775390625,206.8837738037109,0.10605789512208075
2020-06-01,191.37240600585935,193.95355014327788,185.2354419994564,103618470.0,195.62370754598948,211.66896057128903,0.10605789512208075,192.53611755371094,197.75767974853517,57.1589913035497,-10.174453086994532,191.37240600585935,190.78955078125,189.6875457763672,185.65663146972656,204.3809967041016,0.08577634111227606
2020-06-02,211.66896057128903,218.0899913838169,195.62370754598948,189159830.0,212.09994943403825,229.8251495361328,0.08577634111227606,202.6687225341797,199.06319274902344,62.032193003469665,-6.75913251783939,211.66896057128903,191.37240600585935,190.78955078125,179.16212463378906,189.8981475830078,0.02800278930416189
2020-06-03,229.8251495361328,232.6462967811772,211.6689541133348,234424700.0,236.76046671989883,236.26089477539065,0.02800278930416189,211.98339233398437,201.0690948486328,61.16526354440996,-3.4930855615009193,229.8251495361328,211.66896057128903,191.37240600585935,189.6875457763672,192.4793243408203,-0.04098441227534133
2020-06-04,236.26089477539065,244.58228093229351,234.89930227067904,187051760.0,236.46657352181924,226.577880859375,-0.04098441227534133,219.14105834960938,202.08196182250975,58.56879819344419,-1.6665939178870417,236.26089477539065,229.8251495361328,211.66896057128903,190.78955078125,200.10520935058597,0.03341920214468175
2020-06-05,226.577880859375,240.35055334761483,223.02696391368457,163153500.0,229.60964709227477,234.14993286132807,0.03341920214468175,227.69656372070312,203.69726104736327,62.40508468476392,0.38725663095615914,226.577880859375,236.26089477539065,229.8251495361328,191.37240600585935,194.95269775390625,0.04890497059350629
2020-06-08,234.14993286132807,235.9768089735113,222.85066584328084,158500390.0,245.3806207084752,245.6010284423828,0.04890497059350629,234.48297729492188,206.0633972167969,73.81379318982647,2.905194616456953,234.14993286132807,226.577880859375,236.26089477539065,211.66896057128903,185.65663146972656,-0.025386331226540104
2020-06-09,245.6010284423828,249.56336042426085,242.4957994501606,149925030.0,248.31932850088396,239.3661193847656,-0.025386331226540104,236.39117126464845,208.16235733032227,69.43754974400377,4.34758280073342,245.6010284423828,234.14993286132807,226.577880859375,229.8251495361328,179.16212463378906,-0.0032533742059874804
2020-06-10,239.3661193847656,248.31932850088396,236.5939530954411,123730770.0,239.01347953136508,238.58737182617188,-0.0032533742059874804,236.8564666748047,209.95471420288087,66.91350059721128,5.366001281868648,239.3661193847656,245.6010284423828,234.14993286132807,236.26089477539065,189.6875457763672,-0.03972253371724932
2020-06-11,238.58737182617188,241.95216985347204,235.1931880914068,89614430.0,236.0747730900173,229.11007690429688,-0.03972253371724932,237.36290588378907,210.8257911682129,64.46286907956335,5.346900755531209,238.58737182617188,239.3661193847656,245.6010284423828,226.577880859375,190.78955078125,0.04756510141420289
2020-06-12,229.11007690429688,240.8746276429427,227.2684929784957,100427670.0,215.50394359501092,240.0077209472656,0.04756510141420289,238.53446350097656,212.48198852539062,72.70531465634012,6.140144694999833,229.11007690429688,238.58737182617188,239.3661193847656,234.14993286132807,191.37240600585935,-0.04030365030625305
2020-06-15,240.0077209472656,241.95215485439863,215.4059812782328,168024570.0,237.05433910864505,230.33453369140625,-0.04030365030625305,235.48116455078124,213.77966537475587,70.82435803513403,5.9201557668954194,240.0077209472656,229.11007690429688,238.58737182617188,245.6010284423828,211.66896057128903,0.005783823789330622
2020-06-16,230.33453369140625,238.02899989344343,228.33623096318192,120703460.0,240.18894678267628,231.666748046875,0.005783823789330622,233.94129028320313,215.86809539794922,68.46481344836783,5.786586292017063,230.33453369140625,240.0077209472656,229.11007690429688,239.3661193847656,229.8251495361328,0.013107778212195775
2020-06-17,231.666748046875,240.52199475708207,223.83024071336547,129143510.0,229.903515021139,234.7033843994141,0.013107778212195775,233.16449279785155,217.97929840087892,68.99253546659769,5.858190454568586,231.666748046875,230.33453369140625,240.0077209472656,238.58737182617188,236.26089477539065,0.054236248807903786
2020-06-18,234.7033843994141,237.5441121327367,228.4390725974067,96502790.0,232.64630499238072,247.4328155517578,0.054236248807903786,236.82904052734375,220.3456787109375,71.94064209720045,6.86282434585047,234.7033843994141,231.666748046875,230.33453369140625,229.11007690429688,226.577880859375,0.06835037056857729
2020-06-19,247.4328155517578,248.9756249007381,232.45039530388263,127382680.0,250.96413169286464,264.3449401855469,0.06835037056857729,241.696484375,223.81529083251954,71.17707601931656,8.920639988446084,247.4328155517578,234.7033843994141,231.666748046875,240.0077209472656,234.14993286132807,0.05250890233322236
2020-06-22,264.3449401855469,265.90734485896803,250.7682070735285,186038260.0,268.4003827187753,278.22540283203125,0.05250890233322236,251.274658203125,228.44372940063477,70.15089351817676,11.53835000942621,264.3449401855469,247.4328155517578,234.7033843994141,230.33453369140625,245.6010284423828,0.06520425276601993
2020-06-23,278.22540283203125,280.50777249526374,267.2248946325184,139393260.0,284.0684715258324,296.36688232421875,0.06520425276601993,264.2146850585938,234.30396728515626,72.80191727763432,14.904770537510217,278.22540283203125,264.3449401855469,247.4328155517578,231.666748046875,239.3661193847656,-0.030094168164055413
2020-06-24,296.36688232421875,304.57072545629575,277.5102876624298,161869530.0,306.1135395418656,287.4479675292969,-0.030094168164055413,274.7636016845703,239.19198837280274,73.22644029965109,16.661018273929102,296.36688232421875,278.22540283203125,264.3449401855469,234.7033843994141,238.58737182617188,0.024161238420463915
2020-06-25,287.4479675292969,306.1135395418656,285.15089033281873,201088070.0,281.92321456209066,294.39306640625,0.024161238420463915,284.15565185546876,244.37216415405274,73.09772421459078,18.401087979360312,287.4479675292969,296.36688232421875,278.22540283203125,247.4328155517578,229.11007690429688,-0.03388951132577123
2020-06-26,294.39306640625,298.374993699551,279.27350893082144,159821300.0,298.0321540543287,284.4162292480469,-0.03388951132577123,288.16990966796874,249.02435531616212,65.05223800140192,18.758891164952786,294.39306640625,287.4479675292969,296.36688232421875,264.3449401855469,240.0077209472656,-0.015687865480526253
2020-06-29,284.4162292480469,299.62884712365883,281.3354833304088,125724990.0,277.608272138805,279.954345703125,-0.015687865480526253,288.5156982421875,252.4386245727539,65.95926460392198,18.469539779273674,284.4162292480469,294.39306640625,287.4479675292969,278.22540283203125,230.33453369140625,-0.009429943323976175
2020-06-30,279.954345703125,283.5297462703188,271.3390721191646,116139990.0,285.05293662422986,277.3143920898437,-0.009429943323976175,284.7052001953125,254.81308670043944,65.00777822008493,17.821781331785985,279.954345703125,284.4162292480469,294.39306640625,296.36688232421875,231.666748046875,0.04341238586214802
2020-07-01,277.3143920898437,287.66348133852074,275.8450470556982,97030570.0,277.3144279125079,289.353271484375,0.04341238586214802,285.0862609863281,257.4677055358887,72.89140489669089,18.07147087078289,277.3143920898437,279.954345703125,284.4162292480469,287.4479675292969,234.7033843994141,0.003503549216961721
2020-07-02,289.353271484375,290.8030063065743,274.8655192059225,127048960.0,291.9098590441473,290.3670349121094,0.003503549216961721,284.2810546875,260.6571632385254,70.68979265747785,18.142015495910073,289.353271484375,277.3143920898437,279.954345703125,294.39306640625,247.4328155517578,-0.011048323197663579
2020-07-03,290.3670349121094,295.4362928503061,286.52226097454053,116197340.0,291.9098538935132,287.1589660644531,-0.011048323197663579,284.82960205078126,263.30761489868166,74.65573106252704,17.73463930724671,290.3670349121094,289.353271484375,277.3143920898437,284.4162292480469,264.3449401855469,0.06048104998870829
2020-07-06,287.1589660644531,292.8355483564024,286.13043659050857,85435970.0,290.93029853196,304.5266418457031,0.06048104998870829,289.7440612792969,266.25389556884767,77.75166540935183,18.5987342213578,287.1589660644531,290.3670349121094,289.353271484375,279.954345703125,278.22540283203125,0.07821346786750105
2020-07-07,304.5266418457031,307.0588045922635,289.4609535898794,114375830.0,308.5624386020337,328.3447265625,0.07821346786750105,299.95012817382815,270.70282592773435,80.79240552084545,20.963687510630564,304.5266418457031,287.1589660644531,290.3670349121094,277.3143920898437,296.36688232421875,-0.04293014350509328
2020-07-08,328.3447265625,334.97635932239706,306.14291606231893,228764010.0,328.34477249915494,314.24884033203125,-0.04293014350509328,304.9292419433594,274.4858993530273,71.7756521349946,21.45326664724871,328.3447265625,304.5266418457031,287.1589660644531,289.353271484375,287.4479675292969,0.03801363191498819
2020-07-09,314.24884033203125,333.91358823103485,311.5109772740454,191261830.0,316.88872869451484,326.194580078125,0.03801363191498819,312.0947509765625,279.3401245117187,70.83142580561739,22.545246054100062,314.24884033203125,328.3447265625,304.5266418457031,290.3670349121094,294.39306640625,-0.004759679902521796
2020-07-10,326.194580078125,331.0825913967313,312.9802806794464,187577860.0,320.80699937853404,324.6419982910156,-0.004759679902521796,319.591357421875,283.57183837890625,67.04927364159352,23.02001012443884,326.194580078125,314.24884033203125,328.3447265625,287.1589660644531,284.4162292480469,-0.024003115661604735
2020-07-13,324.6419982910156,332.5617596611063,320.5180150349376,161504130.0,329.13331264611446,316.8495788574219,-0.024003115661604735,322.0559448242187,287.89759063720703,58.14254355475938,22.50804655369302,324.6419982910156,326.194580078125,314.24884033203125,304.5266418457031,279.954345703125,-0.013494691610240972
2020-07-14,316.8495788574219,330.896514863443,315.0471857325806,131364670.0,315.39984154391766,312.57379150390625,-0.013494691610240972,318.9017578125,291.9429428100586,60.37120128990809,21.509356917035632,316.8495788574219,324.6419982910156,326.194580078125,328.3447265625,277.3143920898437,-0.01306830086411237
2020-07-15,312.57379150390625,315.39984154391766,305.853970880608,124044220.0,316.39896934549495,308.4889831542969,-0.01306830086411237,317.7497863769531,295.63222274780276,55.95909121520589,20.155943886880493,312.57379150390625,316.8495788574219,324.6419982910156,314.24884033203125,289.353271484375,0.017639196534978696
2020-07-16,308.4889831542969,323.0306026161021,305.8441799846539,109802620.0,311.501153026966,313.93048095703125,0.017639196534978696,315.2969665527344,298.9571060180664,62.97477686087897,19.299944541266882,308.4889831542969,312.57379150390625,316.8495788574219,326.194580078125,290.3670349121094,0.03011109108559129
2020-07-17,313.93048095703125,314.9296248370112,303.88995637047026,99999250.0,314.4398516320475,323.3832702636719,0.03011109108559129,315.04522094726565,301.90902252197264,68.28926118828102,19.163391970518944,313.93048095703125,308.4889831542969,312.57379150390625,324.6419982910156,287.1589660644531,0.042467963614445825
2020-07-20,323.3832702636719,325.5089061026551,313.9500699316861,84256260.0,327.6590168791808,337.11669921875,0.042467963614445825,319.09864501953126,304.8535873413086,73.03252853557652,19.933532039756756,323.3832702636719,313.93048095703125,308.4889831542969,316.8495788574219,304.5266418457031,-0.04330945880376291
2020-07-21,337.11669921875,338.33625072795604,324.8721581321043,105554950.0,342.8472012383328,322.516357421875,-0.04330945880376291,321.087158203125,306.1610610961914,62.5254442103846,19.14508534768646,337.11669921875,323.3832702636719,313.93048095703125,312.57379150390625,328.3447265625,-0.011982154793202526
2020-07-22,322.516357421875,344.7573618885077,315.28717450988216,259600480.0,325.21500230312506,318.65191650390625,-0.011982154793202526,323.1197448730469,307.72125854492185,60.45779001487814,18.00091123023833,322.516357421875,337.11669921875,323.3832702636719,308.4889831542969,314.24884033203125,0.013772141511835478
2020-07-23,318.65191650390625,327.1741288230234,312.8333083482963,170696590.0,318.6519807399847,323.0404357910156,0.013772141511835478,324.9417358398438,309.1536270141602,63.15168140412983,17.249412810875697,318.65191650390625,322.516357421875,337.11669921875,313.93048095703125,326.194580078125,-0.013933734508953854
2020-07-24,323.0404357910156,325.21506786223614,315.03251648419854,87180350.0,317.8682776818559,318.5392761230469,-0.013933734508953854,323.9729370117187,310.85977935791016,55.670950824077835,16.104997648700817,323.0404357910156,318.65191650390625,322.516357421875,323.3832702636719,324.6419982910156,-0.024816497962472317
2020-07-27,318.5392761230469,322.2763123492468,315.41936953330537,66376830.0,319.6315345185804,310.6342468261719,-0.024816497962472317,318.67644653320315,312.3937744140625,41.772855698879916,14.394254617504203,318.5392761230469,323.0404357910156,318.65191650390625,337.11669921875,316.8495788574219,0.0215852202746023
2020-07-28,310.6342468261719,321.29680430332365,308.7779848923832,70898670.0,311.011384179825,317.33935546875,0.0215852202746023,317.64104614257815,314.3950225830078,51.54150166342749,13.4247624626434,310.6342468261719,318.5392761230469,323.0404357910156,322.516357421875,312.57379150390625,0.013782464060463573
2020-07-29,317.33935546875,319.3376732051116,309.65958188445984,82116970.0,317.86829962933814,321.71307373046875,0.013782464060463573,318.25327758789064,316.0130126953125,47.582050566015866,12.861094630295952,317.33935546875,310.6342468261719,318.5392761230469,318.65191650390625,308.4889831542969,-0.020080642055403164
2020-07-30,321.71307373046875,326.0966255978198,317.3393270624364,80700220.0,322.8053238170731,315.2528686523437,-0.020080642055403164,316.6957641601563,317.2573043823242,45.188972430450605,11.757573027300793,321.71307373046875,317.33935546875,310.6342468261719,323.0404357910156,313.93048095703125,0.010253909747782508
2020-07-31,315.2528686523437,325.6068607278709,313.95496511339513,65082780.0,316.98671235562404,318.4854431152344,0.010253909747782508,316.68499755859375,318.8236282348633,50.879313399342536,11.016866492601764,315.2528686523437,321.71307373046875,317.33935546875,318.5392761230469,323.3832702636719,-0.023621301802363326
2020-08-03,318.4854431152344,320.611078886509,311.6235969287188,72353970.0,317.77034979781394,310.96240234375,-0.023621301802363326,316.75062866210936,319.1454162597656,49.16305961135736,9.710871681068454,318.4854431152344,315.2528686523437,321.71307373046875,310.6342468261719,337.11669921875,0.01924704522721954
2020-08-04,310.96240234375,317.77034979781394,310.4236245563699,44639200.0,313.6561913144501,316.947509765625,0.01924704522721954,316.67225952148436,318.5755554199219,54.308234902781855,9.05442973153373,310.96240234375,318.4854431152344,315.2528686523437,317.33935546875,322.516357421875,0.008205581193282852
2020-08-05,316.947509765625,319.3376466906499,307.8620658270561,66791450.0,318.94582640877,319.5482482910156,0.008205581193282852,316.2392944335937,318.8405258178711,52.94660187492256,8.644402830630838,316.947509765625,310.96240234375,318.4854431152344,321.71307373046875,318.65191650390625,0.02545870449090737
2020-08-06,319.5482482910156,326.1945890761261,318.15728510220623,69853800.0,322.47227822717906,327.6835327148437,0.02545870449090737,318.7254272460938,318.914973449707,52.287162020687035,8.873606590603174,319.5482482910156,316.947509765625,310.96240234375,315.2528686523437,323.0404357910156,0.035603239999054015
2020-08-07,327.6835327148437,330.9748812325341,318.8478817459318,81729060.0,326.4884564534023,339.3501281738281,0.035603239999054015,322.8983642578125,319.65037994384767,51.214587597846624,9.88271781839876,327.6835327148437,319.5482482910156,316.947509765625,318.4854431152344,318.5392761230469,-0.006162776842261408
2020-08-10,339.3501281738281,341.0300757516508,324.2354726793541,101512670.0,342.25944101484004,337.2587890625,-0.006162776842261408,328.1576416015625,320.67084045410155,59.279806489486916,10.393879236309715,339.3501281738281,327.6835327148437,319.5482482910156,310.96240234375,310.6342468261719,0.004196973820988825
2020-08-11,337.2587890625,348.41600048177315,334.3445820110063,71292450.0,339.1542617862371,338.6742553710937,0.004196973820988825,332.5029907226562,321.9758636474609,63.004240056322615,10.788826608265822,337.2587890625,339.3501281738281,327.6835327148437,316.947509765625,317.33935546875,-0.01132372015118821
2020-08-12,338.6742553710937,342.3133299762285,333.51196678593686,55718180.0,335.50039608346526,334.8392028808594,-0.01132372015118821,335.56118164062497,323.2933746337891,57.71863290945158,10.66938078056944,338.6742553710937,337.2587890625,339.3501281738281,319.5482482910156,321.71307373046875,0.0004097699136467181
2020-08-13,334.8392028808594,337.9493040840745,329.3291598794886,56625270.0,337.9493885552187,334.9764099121094,0.0004097699136467181,337.01975708007814,324.34567108154295,61.40414842594075,10.465154561275199,334.8392028808594,338.6742553710937,337.2587890625,327.6835327148437,315.2528686523437,-0.025894667584141273
2020-08-14,334.9764099121094,340.104440091973,333.1495336530703,46633590.0,335.50042060042426,326.30230712890625,-0.025894667584141273,334.4101928710937,324.4916229248047,60.75577948401018,9.493940487015095,334.9764099121094,334.8392028808594,338.6742553710937,339.3501281738281,318.4854431152344,0.01612107957577602
2020-08-17,326.30230712890625,337.8317859703941,323.86320414810695,55313350.0,328.1537609659019,331.5626525878906,0.01612107957577602,333.2709655761719,324.2139205932617,59.961578791903506,9.044450805198778,326.30230712890625,334.9764099121094,334.8392028808594,337.2587890625,310.96240234375,0.010369874027176929
2020-08-18,331.5626525878906,333.0026120780345,324.47059276930975,46705720.0,332.9536313768272,335.0009155273437,0.010369874027176929,332.5362976074219,324.83814849853513,59.4299773030476,8.863491620727757,331.5626525878906,326.30230712890625,334.9764099121094,338.6742553710937,316.947509765625,-0.0029095470566102843
2020-08-19,335.0009155273437,336.7690503838905,329.77985516755444,47062980.0,337.6555137132872,334.0262145996094,-0.0029095470566102843,332.3736999511719,325.6068634033203,64.44774396164092,8.54295244175961,335.0009155273437,331.5626525878906,326.30230712890625,334.8392028808594,319.5482482910156,-0.0047361574130287964
2020-08-20,334.0262145996094,339.4187158641112,333.14951612418946,41988490.0,330.89648703657707,332.4442138671875,-0.0047361574130287964,331.8672607421875,326.0770523071289,61.02253421339911,8.068263237759936,334.0262145996094,335.0009155273437,331.5626525878906,334.9764099121094,327.6835327148437,-0.0013259244109257162
2020-08-21,332.4442138671875,334.47191717232727,328.45248126604776,36774590.0,335.9902482050788,332.00341796875,-0.0013259244109257162,333.0074829101562,326.75025939941406,68.70744866163737,7.569246629027134,332.4442138671875,334.0262145996094,335.0009155273437,326.30230712890625,339.3501281738281,0.03031596030843753
2020-08-24,332.00341796875,336.9698116109244,331.0924311758501,26273800.0,333.3454096190201,342.06842041015625,0.03031596030843753,335.1086364746094,328.3219680786133,70.82410810416995,7.894922772781513,332.00341796875,332.4442138671875,334.0262145996094,331.5626525878906,337.2587890625,0.043198180588314594
2020-08-25,342.06842041015625,344.3165315432507,333.15441747735895,62055750.0,345.2960931318487,356.8451538085937,0.043198180588314594,339.47748413085935,330.2972579956055,75.7245267943255,9.238877650623692,342.06842041015625,332.00341796875,332.4442138671875,335.0009155273437,338.6742553710937,0.0007273519037123144
2020-08-26,356.8451538085937,358.5201988262599,343.8267480546919,98540590.0,359.0099636790963,357.1047058105469,0.0007273519037123144,344.0931823730469,332.06683959960935,72.76575948993457,10.207252215045912,356.8451538085937,342.06842041015625,332.00341796875,334.0262145996094,334.8392028808594,-0.003579679269693492
2020-08-27,357.1047058105469,363.1241416597185,355.6794543058739,66650850.0,358.22142505398085,355.8263854980469,-0.003579679269693492,348.7696166992188,334.0955154418945,65.19140425397818,10.747654245036472,357.1047058105469,356.8451538085937,342.06842041015625,332.4442138671875,334.9764099121094,0.010543736088322486
2020-08-28,355.8263854980469,359.3430143235468,352.2901761674278,46110620.0,357.5406462513916,359.578125,0.010543736088322486,354.28455810546876,336.1501495361328,69.96745623518885,11.347848826251436,355.8263854980469,357.1047058105469,356.8451538085937,332.00341796875,326.30230712890625,-0.04985302125429103
2020-08-31,359.578125,361.2629752685024,354.3129716476679,42513280.0,363.9077473244621,341.6520690917969,-0.04985302125429103,354.2012878417969,337.6846328735352,52.05650482907811,10.25877174957094,359.578125,355.8263854980469,357.1047058105469,342.06842041015625,331.5626525878906,0.04474190181465265
2020-09-01,341.6520690917969,367.3215109011669,339.4186660778629,85297660.0,344.5124726197565,356.938232421875,0.04474190181465265,354.21990356445315,339.68416900634764,63.17756145389354,10.508002970139557,341.6520690917969,359.578125,355.8263854980469,356.8451538085937,335.0009155273437,0.00680574260662814
2020-09-02,356.938232421875,359.8916006384796,342.86678332685403,60651820.0,356.82549432860526,359.3674621582031,0.00680574260662814,354.6724548339844,341.67512969970704,64.15730281351344,10.777304457580328,356.938232421875,341.6520690917969,359.578125,357.1047058105469,334.0262145996094,-0.013342671165062603
2020-09-03,359.3674621582031,360.4792760130407,350.04203077966906,42810110.0,359.30381802082366,354.5725402832031,-0.013342671165062603,354.42168579101565,343.019580078125,67.182664031776,10.482977286909204,359.3674621582031,356.938232421875,341.6520690917969,355.8263854980469,332.4442138671875,-0.006326475756657457
2020-09-04,354.5725402832031,360.1609359358484,353.1325809902055,32213660.0,346.9123614634566,352.329345703125,-0.006326475756657457,352.9719299316406,343.66854095458984,63.10256454690568,9.953970989484276,354.5725402832031,359.3674621582031,356.938232421875,359.578125,332.00341796875,-0.02548096478445283
2020-09-07,352.329345703125,357.52104949981856,344.8797854073011,49146490.0,353.3285041507928,343.3516540527344,-0.02548096478445283,353.3118469238281,343.9731842041016,54.9245915895174,8.709904022438423,352.329345703125,354.5725402832031,359.3674621582031,341.6520690917969,342.06842041015625,-0.0014692985399362701
2020-09-08,343.3516540527344,355.4835255347329,340.6529523027229,46651680.0,344.80629464285715,342.84716796875,-0.0014692985399362701,350.49363403320314,344.18182983398435,55.23089635642447,7.595705676851253,343.3516540527344,352.329345703125,354.5725402832031,356.938232421875,356.8451538085937,-0.02204280133475567
2020-09-09,342.84716796875,350.1840877972331,340.3982596261161,44487030.0,340.594200043415,335.28985595703125,-0.02204280133475567,345.67811279296876,344.204362487793,51.57581366171601,6.033336003504985,342.84716796875,343.3516540527344,352.329345703125,359.3674621582031,357.1047058105469,0.022159908937815942
2020-09-10,335.28985595703125,342.2055710457783,332.3119749040208,45632470.0,338.58608980875204,342.7198486328125,0.022159908937815942,343.3075744628906,344.59153442382814,55.50801145910322,5.333206300936524,335.28985595703125,342.84716796875,343.3516540527344,354.5725402832031,355.8263854980469,0.013061960185370758
2020-09-11,342.7198486328125,345.14427407369107,334.814764666708,47622820.0,341.86761455069575,347.1964416503906,0.013061960185370758,342.28099365234374,345.63624114990233,52.79633011522807,5.081000978442717,342.7198486328125,335.28985595703125,342.84716796875,352.329345703125,359.578125,-0.029257445745703214
2020-09-14,347.1964416503906,348.4992477731554,338.60568169698143,46083840.0,348.4306868548459,337.0383605957031,-0.029257445745703214,341.0183349609375,345.91002655029297,38.62637252871235,4.015170874434659,347.1964416503906,342.7198486328125,335.28985595703125,343.3516540527344,341.6520690917969,0.021129432954671623
2020-09-15,337.0383605957031,350.19879148292324,335.0106573372835,45315090.0,340.39827029415926,344.1597900390625,0.021129432954671623,341.280859375,346.3679702758789,43.109657385848074,3.7024524161481054,337.0383605957031,347.1964416503906,342.7198486328125,342.84716796875,356.938232421875,0.0023054015507790737
2020-09-16,344.1597900390625,345.2177352168206,338.4391435586533,38936370.0,344.6054907068418,344.9532165527344,0.0023054015507790737,343.2135314941406,346.91432037353513,44.18237987316226,3.478545094784863,344.1597900390625,337.0383605957031,347.1964416503906,335.28985595703125,359.3674621582031,-0.01407060000475957
2020-09-17,344.9532165527344,349.4494085963613,341.04967107846954,39077180.0,341.7500797402666,340.0995178222656,-0.01407060000475957,342.68946533203126,347.2970855712891,39.69955675535755,2.8762883484735084,344.9532165527344,344.1597900390625,337.0383605957031,342.7198486328125,354.5725402832031,0.0008207723695017322
2020-09-18,340.0995178222656,344.5124556701901,338.55669352791944,27811560.0,342.00474075488216,340.378662109375,0.0008207723695017322,341.32590942382814,347.7158477783203,49.17209483201622,2.39392445711826,340.0995178222656,344.9532165527344,344.1597900390625,347.1964416503906,352.329345703125,-0.04162808395693274
2020-09-21,340.378662109375,343.21938966607337,335.89224550931215,37690870.0,339.20324476043464,326.2093505859375,-0.04162808395693274,339.160107421875,346.9228942871094,29.727216866295834,0.8584084012637732,340.378662109375,340.0995178222656,344.9532165527344,337.0383605957031,343.3516540527344,-0.008152974190465345
2020-09-22,326.2093505859375,339.614674580328,324.6518183272667,36274190.0,326.0966449501902,323.5497741699219,-0.008152974190465345,335.03810424804686,345.2581253051758,26.441577752745303,-0.5665734301982184,326.2093505859375,340.378662109375,340.0995178222656,344.1597900390625,342.84716796875,-0.0179078084590768
2020-09-23,323.5497741699219,328.5259729072604,315.1304256784779,42249680.0,326.1946365418035,317.7557067871094,-0.0179078084590768,329.5986022949219,343.2906753540039,26.098554280456753,-2.138759948837958,323.5497741699219,326.2093505859375,340.378662109375,344.9532165527344,335.28985595703125,-0.06626387708518233
2020-09-24,317.7557067871094,327.5660194253604,313.4798918991791,42443280.0,312.5786965209415,296.6999816894531,-0.06626387708518233,320.9186950683594,340.33435516357423,20.975136736009944,-5.0258144558810045,317.7557067871094,323.5497741699219,326.2093505859375,340.0995178222656,342.7198486328125,0.03633330299060966
2020-09-25,296.6999816894531,312.9460328072258,294.5449301856907,59637770.0,301.70555598927484,307.4800720214844,0.03633330299060966,314.33897705078124,337.7294525146484,31.62936401065754,-6.370527822803467,296.6999816894531,317.7557067871094,323.5497741699219,340.378662109375,347.1964416503906,0.06250504317053229
2020-09-28,307.4800720214844,310.2424482476118,296.69019568572475,62325930.0,311.30526085821896,326.6991271972656,0.06250504317053229,314.4369323730469,336.9818054199219,43.06042662574836,-5.818336488898467,307.4800720214844,296.6999816894531,317.7557067871094,326.2093505859375,337.0383605957031,-0.01211346516302192
2020-09-29,326.6991271972656,328.1537646107194,309.81143253541387,55886950.0,328.93738949073946,322.7416687011719,-0.01211346516302192,314.2753112792969,335.27197723388673,44.435277702215316,-5.635096636001094,326.6991271972656,307.4800720214844,296.6999816894531,323.5497741699219,344.1597900390625,-0.004901850003957264
2020-09-30,322.7416687011719,330.3088022147594,318.7989318543737,46434460.0,322.6583981302073,321.1596374511719,-0.004901850003957264,314.9560974121094,333.36158599853513,39.915681027860145,-5.5535168759331555,322.7416687011719,326.6991271972656,307.4800720214844,317.7557067871094,344.9532165527344,0.050082294738980515
2020-10-01,321.1596374511719,327.5513124612628,319.33766390190885,36035360.0,325.7047946848994,337.2440490722656,0.050082294738980515,323.0649108886719,332.49516143798826,45.8009442596338,-4.143226816402773,321.1596374511719,322.7416687011719,326.6991271972656,296.6999816894531,340.0995178222656,-0.017398538912928863
2020-10-05,337.2440490722656,338.9288991307525,324.7301339920993,53821060.0,339.41870212655977,331.3764953613281,-0.017398538912928863,327.8441955566406,331.44751892089846,47.521443293570194,-3.459149203340928,337.2440490722656,321.1596374511719,322.7416687011719,307.4800720214844,340.378662109375,0.027018168640457807
2020-10-06,331.3764953613281,344.7083382588428,330.13733336957125,42071900.0,336.959981141563,340.3296813964844,0.027018168640457807,330.5703063964844,331.2964202880859,48.34978442863398,-2.1695564812602584,331.3764953613281,337.2440490722656,321.1596374511719,326.6991271972656,326.2093505859375,-0.04120258003933497
2020-10-07,340.3296813964844,340.8880396704808,332.1895124958652,47587570.0,333.05152337334243,326.3072204589844,-0.04120258003933497,331.2834167480469,330.4694229125977,42.788398210271815,-2.2530679695006484,340.3296813964844,331.3764953613281,337.2440490722656,322.7416687011719,323.5497741699219,-0.0014108105403493054
2020-10-08,326.3072204589844,333.05152337334243,321.81593108025635,65710800.0,328.5455647956821,325.84686279296875,-0.0014108105403493054,332.2208618164062,329.99727325439454,44.29366213342267,-2.3295448835456227,326.3072204589844,340.3296813964844,331.3764953613281,321.1596374511719,317.7557067871094,-0.002570300683221949
2020-10-09,325.84686279296875,331.8760744419258,323.451852952575,44618100.0,325.6950148004604,325.00933837890625,-0.002570300683221949,329.7739196777344,329.1117477416992,43.87397184291,-2.429726214370703,325.84686279296875,326.3072204589844,340.3296813964844,337.2440490722656,296.6999816894531,0.0028029355376471
2020-10-12,325.00933837890625,334.8588408738494,323.7456932633499,56840990.0,328.1537218429895,325.9203186035156,0.0028029355376471,328.68268432617185,328.04794158935545,49.87118004842684,-2.407855906694465,325.00933837890625,325.84686279296875,326.3072204589844,331.3764953613281,307.4800720214844,-0.01641011120384106
2020-10-13,325.9203186035156,331.0336404799296,323.7456867734568,32046520.0,325.21014831168503,320.5719299316406,-0.01641011120384106,324.73113403320315,327.22462005615233,48.703857001069025,-2.789933063188869,325.9203186035156,325.00933837890625,325.84686279296875,340.3296813964844,326.6991271972656,0.030388592470979914
2020-10-14,320.5719299316406,327.1741777244626,317.7360747381287,37776570.0,320.12130379397354,330.31365966796875,0.030388592470979914,325.532421875,326.53231353759764,55.28440166687,-2.280369312605046,320.5719299316406,325.9203186035156,325.00933837890625,326.3072204589844,322.7416687011719,-0.046648203510106234
2020-10-15,330.31365966796875,331.322608763596,316.66344622411486,53044470.0,329.9365210272236,314.9051208496094,-0.046648203510106234,323.3440734863281,325.02990875244143,58.04300308644139,-3.0843222301049877,330.31365966796875,320.5719299316406,325.9203186035156,325.84686279296875,321.1596374511719,0.005163773229299284
2020-10-16,314.9051208496094,330.11283524836927,313.55822129926366,52680190.0,317.0210011679656,316.5312194824219,0.005163773229299284,321.64844970703126,323.8514938354492,54.35068592820345,-3.549333656795568,314.9051208496094,330.31365966796875,320.5719299316406,325.00933837890625,337.2440490722656,0.011094383535823704
2020-10-19,316.5312194824219,320.26335353475326,310.53139383451065,50762360.0,318.85767495171524,320.0429382324219,0.011094383535823704,320.4729736328125,322.83470764160154,46.23145445711588,-3.593073549289386,316.5312194824219,314.9051208496094,330.31365966796875,325.9203186035156,331.3764953613281,-0.0015456986619932778
2020-10-20,320.0429382324219,322.7367374392376,313.12722338752707,42066370.0,318.8478640969341,319.5482482910156,-0.0015456986619932778,320.2682373046875,322.5016525268555,48.11818926654663,-3.625858425244189,320.0429382324219,316.5312194824219,314.9051208496094,320.5719299316406,340.3296813964844,-0.008981796028767919
2020-10-21,319.5482482910156,322.22736954492257,316.0854883302217,32520900.0,320.31720524556647,316.6781311035156,-0.008981796028767919,317.5411315917969,322.15807037353517,47.39863995901596,-3.8391794329833147,319.5482482910156,320.0429382324219,316.5312194824219,330.31365966796875,326.3072204589844,0.02524094602737681
2020-10-22,316.6781311035156,322.7661135425509,303.7968794401574,75364600.0,309.54202337030733,324.67138671875,0.02524094602737681,319.494384765625,322.5038543701172,41.945413190033285,-3.3249214228782193,316.6781311035156,319.5482482910156,320.0429382324219,314.9051208496094,325.84686279296875,0.0007390848920256765
2020-10-23,324.67138671875,327.66394562458163,308.5624600052114,70857690.0,326.33172514779864,324.9113464355469,0.0007390848920256765,321.17041015625,323.9144226074219,45.53628995215392,-2.8649798001815157,324.67138671875,316.6781311035156,319.5482482910156,316.5312194824219,325.00933837890625,-0.006934076725218508
2020-10-26,324.9113464355469,328.81979435310046,323.5497391285291,32047770.0,326.1945955751691,322.65838623046875,-0.006934076725218508,321.69349975585936,324.67333831787107,36.555368931953176,-2.651700630298933,324.9113464355469,324.67138671875,316.6781311035156,320.0429382324219,325.9203186035156,0.04837730909393567
2020-10-27,322.65838623046875,326.1945955751691,317.0503800725058,35462450.0,325.8027809241876,338.2677307128906,0.04837730909393567,325.43739624023436,325.2517684936523,58.88521822086157,-1.2091930439966632,322.65838623046875,324.9113464355469,324.67138671875,319.5482482910156,320.5719299316406,-0.02387617071518
2020-10-28,338.2677307128906,339.4187057083091,321.1008588395065,60209460.0,337.8464824077283,330.1911926269531,-0.02387617071518,328.1400085449219,325.6242446899414,52.89924111185199,-0.7095254690134425,338.2677307128906,322.65838623046875,324.9113464355469,316.6781311035156,330.31365966796875,0.002744344693316414
2020-10-29,330.1911926269531,341.8577954216586,327.9480141350255,46491050.0,329.8973798605842,331.09735107421875,0.002744344693316414,329.4252014160156,326.1211303710937,54.05919045712184,-0.23767612847188957,330.1911926269531,338.2677307128906,322.65838623046875,324.67138671875,314.9051208496094,-0.021020428967579607
2020-10-30,331.09735107421875,336.18619040799234,326.5619674851757,37803490.0,329.61820147550446,324.1375427246094,-0.021020428967579607,329.27044067382815,325.46580505371094,48.90005482968153,-0.4204833665973524,331.09735107421875,330.1911926269531,338.2677307128906,324.9113464355469,316.5312194824219,0.03348429044586565
2020-11-02,324.1375427246094,332.16997504895204,318.6373034663326,42876230.0,325.7586565793762,334.9910583496094,0.03348429044586565,331.7369750976562,325.646533203125,58.33047708513171,0.3068908539107156,324.1375427246094,331.09735107421875,330.1911926269531,322.65838623046875,320.0429382324219,0.020761525908703282
2020-11-03,334.9910583496094,337.69463265110016,320.7726831147055,42885510.0,335.9902514745399,341.94598388671875,0.020761525908703282,332.4726257324219,325.7273483276367,56.94403859256641,1.428082434264411,334.9910583496094,324.1375427246094,331.09735107421875,338.2677307128906,319.5482482910156,0.020238849373389378
2020-11-04,341.94598388671875,344.8063222129389,334.60416087148764,44460450.0,339.81051879641785,348.8665771484375,0.020238849373389378,336.20770263671875,326.8553161621094,72.55985050499972,2.8423045135598386,341.94598388671875,334.9910583496094,324.1375427246094,330.1911926269531,316.6781311035156,0.04926362400561257
2020-11-05,348.8665771484375,349.6992119714348,339.12484239046194,43711430.0,353.62234846437025,366.0530090332031,0.04926362400561257,343.19883422851564,328.8656234741211,77.26069593370063,5.288919639846199,348.8665771484375,341.94598388671875,334.9910583496094,331.09735107421875,324.67138671875,0.01173439379065555
2020-11-06,366.0530090332031,367.3362345544012,351.43303885549767,63321410.0,365.7787478693844,370.3484191894531,0.01173439379065555,352.4410095214844,331.13257751464846,77.45521482692527,7.488164529291453,366.0530090332031,348.8665771484375,341.94598388671875,324.1375427246094,324.9113464355469,0.022283983695212894
2020-11-09,370.3484191894531,374.9082853101408,362.840057869528,57440500.0,373.2136585783373,378.6012573242188,0.022283983695212894,361.1630493164063,333.7666244506836,79.7131456533763,9.78423045043678,370.3484191894531,366.0530090332031,348.8665771484375,334.9910583496094,322.65838623046875,0.08888743081375239
2020-11-10,378.6012573242188,379.94325441062296,370.867614977163,41498980.0,381.9268471122351,412.254150390625,0.08888743081375239,375.2246826171875,338.3507354736328,86.71633402557195,14.156202400540508,378.6012573242188,370.3484191894531,366.0530090332031,341.94598388671875,338.2677307128906,0.014316060767751715
2020-11-11,412.254150390625,415.7217831761866,380.344861845145,114214480.0,412.4941309161194,418.156005859375,0.014316060767751715,389.082568359375,342.74285278320315,86.49939852863518,17.89101556051037,412.254150390625,378.6012573242188,370.3484191894531,348.8665771484375,330.1911926269531,0.006910674364931202
2020-11-12,418.156005859375,433.9024687075696,404.94657859576233,138966540.0,417.2940309779378,421.0457458496094,0.006910674364931202,400.08111572265625,348.0498840332031,86.77307921826744,20.84378556330131,418.156005859375,412.254150390625,378.6012573242188,366.0530090332031,331.09735107421875,0.018088506871906107
2020-11-13,421.0457458496094,423.6611934224368,411.4215528602283,55900380.0,417.2939911674381,428.6618347167969,0.018088506871906107,411.743798828125,353.6564147949219,88.95004937268766,23.527224553025746,421.0457458496094,418.156005859375,412.254150390625,370.3484191894531,324.1375427246094,-0.0002856249694316304
2020-11-14,428.6618347167969,431.98744156065777,416.3144278078901,60884590.0,431.00788714886176,428.5393981933594,-0.0002856249694316304,421.73142700195314,359.08123779296875,87.42940598278918,25.35175047994261,428.6618347167969,421.0457458496094,418.156005859375,378.6012573242188,334.9910583496094,0.0258753876390887
2020-11-17,428.5393981933594,434.43635897845496,425.1305068695591,7894790.0,430.8805276650908,439.6280212402344,0.0258753876390887,427.206201171875,365.08522644042966,94.2700895370266,27.37687600575964,428.5393981933594,428.6618347167969,421.0457458496094,412.254150390625,341.94598388671875,0.03693189883942716
2020-11-18,439.6280212402344,441.1904259853453,425.6202772380612,58515230.0,438.3546230122507,455.86431884765625,0.03693189883942716,434.74786376953125,372.0445358276367,94.90234609245985,29.946728798626452,439.6280212402344,428.5393981933594,428.6618347167969,418.156005859375,348.8665771484375,-0.025184093842169908
2020-11-19,455.86431884765625,458.23974814329006,437.2770972897529,75130190.0,453.4300717112614,444.3837890625,-0.025184093842169908,439.41547241210935,378.03015594482423,91.91161375650682,30.703047257860135,455.86431884765625,439.6280212402344,428.5393981933594,421.0457458496094,366.0530090332031,0.03952342220288374
2020-11-20,444.3837890625,468.72104052325113,442.0328431138906,83510050.0,447.85145663058296,461.9473571777344,0.03952342220288374,446.07257690429685,384.88195648193357,92.27304616019946,32.34679448768475,444.3837890625,455.86431884765625,439.6280212402344,428.6618347167969,370.3484191894531,0.020272124941311365
2020-11-23,461.9473571777344,466.4827401057108,442.2973194855003,87364100.0,467.15376995358207,471.31201171875,0.020272124941311365,454.627099609375,392.3146377563477,92.39508604698331,34.01304414195124,461.9473571777344,444.3837890625,455.86431884765625,428.5393981933594,378.6012573242188,-0.00016634343333887802
2020-11-24,471.31201171875,476.97878945944393,463.68123451199017,73250390.0,473.61884625773735,471.2336120605469,-0.00016634343333887802,460.9482177734375,398.96293182373046,91.98422791744053,34.92464325077776,471.31201171875,461.9473571777344,444.3837890625,439.6280212402344,412.254150390625,-0.025131751475887865
2020-11-25,471.2336120605469,476.2636790734063,467.2516849326592,42973850.0,472.345416133016,459.39068603515625,-0.025131751475887865,461.6534912109375,405.42290649414065,83.24316651294069,34.296122627246746,471.2336120605469,471.31201171875,461.9473571777344,455.86431884765625,418.156005859375,0.028039938580966206
2020-11-26,459.39068603515625,472.6392731535833,457.9458242472542,47633210.0,455.9867322198276,472.27197265625,0.028039938580966206,467.2311279296875,412.4816375732422,84.2089316870425,34.44041993283906,459.39068603515625,471.2336120605469,471.31201171875,444.3837890625,421.0457458496094,0.01815919812905742
2020-11-27,472.27197265625,475.4800365980283,454.5173872180451,62732080.0,475.9698168255496,480.8480529785156,0.01815919812905742,471.0112670898437,420.3171630859375,84.24312122108431,34.84512170627909,472.27197265625,459.39068603515625,471.2336120605469,461.9473571777344,428.6618347167969,-0.009717239864438842
2020-12-01,480.8480529785156,485.8634124530717,468.7357619498416,123647070.0,485.0014126700351,476.175537109375,-0.009717239864438842,471.9839721679688,427.37638702392576,76.56417962085814,34.39236403884735,480.8480529785156,472.27197265625,459.39068603515625,471.31201171875,428.5393981933594,-0.007652602138519149
2020-12-02,476.175537109375,485.1189554918225,472.6638107859181,40174270.0,476.459583685416,472.5315551757813,-0.007652602138519149,472.2435607910156,433.9056655883789,73.02933749963813,33.355015585027274,476.175537109375,480.8480529785156,472.27197265625,471.2336120605469,439.6280212402344,0.009028014492976189
2020-12-03,472.5315551757813,478.41871028765365,468.7210395853572,36549700.0,476.5575886570623,476.7975769042969,0.009028014492976189,475.7249389648438,440.3022155761719,73.34013185833791,32.50247347343236,472.5315551757813,476.175537109375,480.8480529785156,459.39068603515625,455.86431884765625,0.0016230467258626646
2020-12-04,476.7975769042969,479.00649712909245,471.85569634832535,28768440.0,477.0473716486828,477.5714416503906,0.0016230467258626646,476.7848327636719,445.8781372070313,71.71999800508921,31.525861614906432,476.7975769042969,472.5315551757813,476.175537109375,472.27197265625,444.3837890625,-0.009414814090123347
2020-12-07,477.5714416503906,485.6675175361084,471.6597729955663,36793780.0,477.04731723734295,473.0751953125,-0.009414814090123347,475.2302612304687,451.0144760131836,69.03808768158503,30.04276587881634,477.5714416503906,476.7975769042969,472.5315551757813,480.8480529785156,461.9473571777344,-0.007723397030318102
2020-12-08,473.0751953125,482.4300126765352,471.6597191987282,31151240.0,475.0882253278165,469.4214477539063,-0.007723397030318102,473.879443359375,455.555485534668,63.600563152203556,28.24696154449515,473.0751953125,477.5714416503906,476.7975769042969,476.175537109375,471.31201171875,0.01085112328031168
2020-12-09,469.4214477539063,476.5575703546035,467.7415001938812,29710760.0,472.1495438475312,474.5151977539063,0.01085112328031168,474.276171875,458.66853790283204,59.478269608469624,26.924428666652034,469.4214477539063,473.0751953125,477.5714416503906,472.5315551757813,471.2336120605469,-0.010187528209365748
2020-12-10,474.5151977539063,475.3674131018931,469.3283965618495,19659920.0,475.08823989356654,469.6810607910156,-0.010187528209365748,472.8528686523438,461.2447906494141,63.78730446497627,25.195795932857664,474.5151977539063,469.4214477539063,473.0751953125,476.7975769042969,459.39068603515625,0.01022981111280985
2020-12-11,469.6810607910156,476.0678032747904,468.72107791561154,19259630.0,470.6801960934779,474.4858093261719,0.01022981111280985,472.2357421875,463.9167938232422,57.93750149724084,23.937607248665756,469.6810607910156,474.5151977539063,469.4214477539063,477.5714416503906,472.27197265625,0.011313259219816185
2020-12-14,474.4858093261719,478.9085223669041,470.6801960934779,26700190.0,475.822896669029,479.8537902832031,0.011313259219816185,473.5914611816406,466.4763916015625,55.69560597298232,23.107268638940695,474.4858093261719,469.6810607910156,474.5151977539063,473.0751953125,480.8480529785156,0.045696317740013814
2020-12-15,479.8537902832031,481.42600021979655,474.89229953012926,17863480.0,479.0015903611032,501.7813415527344,0.045696317740013814,480.0634399414063,470.13848876953125,65.77310906361132,23.94259410145986,479.8537902832031,474.4858093261719,469.6810607910156,469.4214477539063,476.175537109375,0.004704735101768387
2020-12-16,501.7813415527344,504.4751408485275,476.9347259777677,59367960.0,509.27505245160376,504.14208984375,0.004704735101768387,485.988818359375,473.364192199707,75.6153637612442,24.512523096294785,501.7813415527344,479.8537902832031,474.4858093261719,474.5151977539063,472.5315551757813,0.027221876776663656
2020-12-17,504.14208984375,511.8218934608795,501.53647742003886,32691840.0,503.48089706076144,517.8657836914062,0.027221876776663656,495.6257629394531,476.46426544189455,75.84827694070819,25.774471260506914,504.14208984375,501.7813415527344,479.8537902832031,469.6810607910156,476.7975769042969,-0.006469164012972484
2020-12-18,517.8657836914062,519.4771846717476,499.7340848636511,37331520.0,514.2707341742027,514.515625,-0.006469164012972484,503.63172607421876,479.97085723876955,70.28921192334815,26.202201794141388,517.8657836914062,504.14208984375,501.7813415527344,474.4858093261719,477.5714416503906,-0.040104573950772826
2020-12-21,514.515625,517.6943031358243,505.9444460970967,32550430.0,512.1157591027057,493.8811950683594,-0.040104573950772826,506.43720703125,481.56754913330076,58.94848282097483,24.59266633946237,514.515625,517.8657836914062,504.14208984375,479.8537902832031,473.0751953125,-0.006039485033489944
2020-12-22,493.8811950683594,512.7720498728509,480.4954521694921,35515700.0,496.6386340445941,490.8984069824219,-0.006039485033489944,504.2606201171875,482.5468688964844,59.345108718436975,22.81343277443318,493.8811950683594,514.515625,517.8657836914062,501.7813415527344,469.4214477539063,0.015464672820225678
2020-12-23,490.8984069824219,502.0262326387663,472.7715818384602,54735210.0,489.781658005957,498.489990234375,0.015464672820225678,503.1302001953125,483.9096878051758,60.67588062644353,21.76506060419092,490.8984069824219,493.8811950683594,514.515625,504.14208984375,474.5151977539063,0.018864466173478034
2020-12-24,498.489990234375,506.0423851366348,486.87725636124975,34314570.0,503.3926733762682,507.8937377929688,0.018864466173478034,501.135791015625,486.33484039306643,63.75468836996311,21.445808014115357,498.489990234375,490.8984069824219,493.8811950683594,517.8657836914062,469.6810607910156,0.0037031335491881645
2020-12-28,507.8937377929688,511.2291793433498,500.1649993277614,26255590.0,507.8937912433674,509.7745361328125,0.0037031335491881645,500.1875732421875,488.20996856689453,67.05203394060393,21.10131986269306,507.8937377929688,498.489990234375,490.8984069824219,514.515625,474.4858093261719,-0.0006917383867571791
2020-12-29,509.7745361328125,513.761366137672,506.9240330939317,19326060.0,511.82184766995454,509.4219055175781,-0.0006917383867571791,503.29571533203125,489.63866119384767,69.17406697329918,20.56282077912863,509.7745361328125,507.8937377929688,498.489990234375,493.8811950683594,479.8537902832031,0.02569938051501075
2020-12-30,509.4219055175781,513.9768989861252,506.189358437223,19695290.0,509.4218790527772,522.5137329101562,0.02569938051501075,509.6187805175781,491.95557098388673,71.36937612599756,20.9509479421626,509.4219055175781,509.7745361328125,507.8937377929688,490.8984069824219,501.7813415527344,-0.0073019490437006285
2020-12-31,522.5137329101562,523.8704376383025,506.8260721965314,38647000.0,522.5970069583211,518.6983642578125,-0.0073019490437006285,513.6604553222656,494.26391143798827,72.02271541264714,20.711919042377815,522.5137329101562,509.4219055175781,509.7745361328125,498.489990234375,504.14208984375,-0.0028420797721535607
2021-01-01,518.6983642578125,526.2703692377844,516.4257702863821,28692120.0,520.1677749239727,517.2241821289062,-0.0028420797721535607,515.5265441894531,496.2852416992188,69.7940750536176,20.17101384832864,518.6983642578125,522.5137329101562,509.4219055175781,507.8937377929688,517.8657836914062,-0.012111584325177005
2021-01-04,517.2241821289062,522.8909300817274,514.2707841338074,14471870.0,521.5194983682744,510.9597778320313,-0.012111584325177005,515.7635925292968,497.9546585083008,64.28795110634513,19.017634066296182,517.2241821289062,518.6983642578125,522.5137329101562,509.7745361328125,514.515625,-0.0186340905195147
2021-01-05,510.9597778320313,521.5194983682744,509.0006513314559,23336590.0,511.136178927597,501.4385070800781,-0.0186340905195147,514.1669128417968,499.37282409667966,49.82226910804849,17.13773219581242,510.9597778320313,517.2241821289062,518.6983642578125,509.4219055175781,493.8811950683594,-0.017327650545424844
2021-01-06,501.4385070800781,511.7435034629872,495.90397975395047,39534000.0,502.5160037558043,492.749755859375,-0.017327650545424844,508.2141174316406,500.53923950195315,44.45766790428749,14.77645306012107,501.4385070800781,510.9597778320313,517.2241821289062,522.5137329101562,490.8984069824219,0.010078949989174024
2021-01-07,492.749755859375,506.27265076558,488.831502418784,36079230.0,496.1488486296311,497.7161560058594,0.010078949989174024,504.01767578125,501.6992874145508,39.284203774807324,13.154235479367458,492.749755859375,501.4385070800781,510.9597778320313,518.6983642578125,498.489990234375,0.00019682187246528038
2021-01-08,497.7161560058594,502.66787157778697,491.86816147087546,30357500.0,502.5160096580146,497.8141174316406,0.00019682187246528038,500.1356628417969,503.105940246582,40.799704124603885,11.741176058521205,497.7161560058594,492.749755859375,501.4385070800781,517.2241821289062,507.8937377929688,-0.019234663160289323
2021-01-11,497.8141174316406,503.373127608211,493.89586394502845,29984510.0,500.3609265211318,488.2388305664063,-0.019234663160289323,495.5914733886719,503.79359130859376,46.460559016080275,9.736435099662287,497.8141174316406,497.7161560058594,492.749755859375,510.9597778320313,509.7745361328125,0.011626697569351307
2021-01-12,488.2388305664063,500.6499108507422,485.6919898768969,29241640.0,488.2388529984949,493.9154357910156,0.011626697569351307,494.08685913085935,504.4966735839844,51.8307031935736,8.507647184718508,488.2388305664063,497.8141174316406,497.7161560058594,501.4385070800781,509.4219055175781,-0.02762684402680793
2021-01-13,493.9154357910156,499.4793484699185,484.9818227811939,33359080.0,496.2467865265304,480.2701110839844,-0.02762684402680793,491.59093017578124,503.4211120605469,39.70099490111882,6.359452437238076,493.9154357910156,488.2388305664063,497.8141174316406,492.749755859375,522.5137329101562,-0.005211186459137651
2021-01-14,480.2701110839844,497.03042522913256,472.7617498260127,32693730.0,480.270141156347,477.767333984375,-0.005211186459137651,487.6011657714844,502.1023742675781,31.52968849865354,4.404269747905971,480.2701110839844,493.9154357910156,488.2388305664063,497.7161560058594,518.6983642578125,0.0012814043389279828
2021-01-15,477.767333984375,486.5295356515001,473.5209350740224,26808110.0,477.7330616095541,478.3795471191406,0.0012814043389279828,483.71425170898436,500.12806243896483,30.44778751844983,2.871077865263942,477.767333984375,480.2701110839844,493.9154357910156,497.8141174316406,517.2241821289062,-0.03353064497104108
2021-01-18,478.3795471191406,482.6308783990968,474.34375086758166,25449160.0,477.047329743352,462.3391723632813,-0.03353064497104108,478.53432006835936,497.5192398071289,25.470779866034306,0.3575662652182814,478.3795471191406,477.767333984375,480.2701110839844,488.2388305664063,510.9597778320313,0.0507008283206587
2021-01-19,462.3391723632813,478.0268930487798,459.0233709022599,37034130.0,466.77172637124784,485.7801513671875,0.0507008283206587,476.9072631835937,497.1141876220703,32.725298482529595,0.254151610123472,462.3391723632813,478.3795471191406,477.767333984375,493.9154357910156,501.4385070800781,0.004597612621249247
2021-01-20,485.7801513671875,489.286974893401,465.4885008157812,47674650.0,486.6470702889329,488.0135803222656,0.004597612621249247,478.45595703125,496.9699462890625,35.35192107266674,0.34839769007732,485.7801513671875,462.3391723632813,478.3795471191406,480.2701110839844,492.749755859375,0.027368753208399488
2021-01-21,488.0135803222656,492.97507118313865,480.0840136458627,33147070.0,489.0959758063111,501.3699035644531,0.027368753208399488,483.1764709472656,497.1139419555664,43.20271267126575,1.483728549123441,488.0135803222656,485.7801513671875,462.3391723632813,477.767333984375,497.7161560058594,-0.02847624084623135
2021-01-22,501.3699035644531,511.8218578141858,488.8021187546004,70618090.0,503.00577511352,487.0927734375,-0.02847624084623135,484.9191162109375,496.07389373779296,40.42522662641885,1.2174078339036782,501.3699035644531,488.0135803222656,485.7801513671875,478.3795471191406,497.8141174316406,-0.012840441133719516
2021-01-25,487.0927734375,503.2016997390895,484.4528430615404,30847960.0,494.5815608306376,480.8382873535156,-0.012840441133719516,488.6189392089844,494.6270812988281,41.5133261654297,0.49594504706959697,487.0927734375,501.3699035644531,488.0135803222656,462.3391723632813,488.2388305664063,-0.012977061786003108
2021-01-27,480.8382873535156,505.7485777507031,479.0065085557645,36730600.0,482.0724919568228,474.5984191894531,-0.012977061786003108,486.3825927734375,492.8859069824219,42.368203394475835,-0.5727226309366529,480.8382873535156,487.0927734375,501.3699035644531,485.7801513671875,493.9154357910156,-0.007172233463979771
2021-01-28,474.5984191894531,484.4528236029895,471.2679099458509,28004930.0,468.18722164890943,471.1944885253906,-0.007172233463979771,483.0187744140625,490.31994476318357,38.700402335794344,-1.675009751812354,474.5984191894531,480.8382873535156,487.0927734375,488.0135803222656,480.2701110839844,-0.015737267521760412
2021-01-29,471.1944885253906,480.867677306075,462.65759690013607,34773290.0,478.6832581912576,463.7791748046875,-0.015737267521760412,475.50062866210936,487.57398529052733,36.35042942791001,-3.111071584366641,471.1944885253906,474.5984191894531,480.8382873535156,501.3699035644531,477.767333984375,0.06844364417564486
2021-02-01,463.7791748046875,484.8838813386959,461.0902780639246,42607950.0,467.7415088181602,495.52191162109375,0.06844364417564486,477.18645629882815,486.4888717651367,52.479912513285306,-1.6685533150564993,463.7791748046875,471.1944885253906,474.5984191894531,487.0927734375,478.3795471191406,0.02265443521204502
2021-02-02,495.52191162109375,497.6181915803673,457.11324028298816,42907450.0,499.5772703155855,506.7476806640625,0.02265443521204502,482.3683349609375,486.2782669067383,54.21031224961385,0.3761426116784605,495.52191162109375,463.7791748046875,471.1944885253906,480.8382873535156,462.3391723632813,0.013898614811779675
2021-02-03,506.7476806640625,522.8859617066872,499.0776834792223,43479930.0,511.1949047462702,513.790771484375,0.013898614811779675,490.20680541992186,486.8958801269531,61.496338332431485,2.5356678317110664,506.7476806640625,495.52191162109375,463.7791748046875,474.5984191894531,485.7801513671875,0.0495221638337513
2021-02-04,513.790771484375,516.2298746086028,503.4955513260376,26507830.0,510.74424650559166,539.2348022460938,0.0495221638337513,503.8148681640625,489.2201324462891,68.2147770257341,6.22843029622544,513.790771484375,506.7476806640625,495.52191162109375,471.1944885253906,488.0135803222656,0.006122024176375751
2021-02-05,539.2348022460938,542.9718380269085,509.965450759957,53258880.0,541.3066540213961,542.5360107421875,0.006122024176375751,519.5662353515625,491.4611251831055,68.71338267242558,9.313985265973542,539.2348022460938,513.790771484375,506.7476806640625,463.7791748046875,501.3699035644531,-0.007375482483229057
2021-02-08,542.5360107421875,551.2002791940371,535.8211234731706,44379870.0,542.8740042341601,538.5345458984375,-0.007375482483229057,528.1687622070312,493.4971466064453,73.90371687732979,11.306095408549936,542.5360107421875,539.2348022460938,513.790771484375,495.52191162109375,487.0927734375,-0.01771640023347143
2021-02-09,538.5345458984375,554.9226211199818,536.3403336263412,28008090.0,542.4332335124955,528.99365234375,-0.01771640023347143,532.6179565429687,495.5348876953125,64.85207500275851,11.976924149782064,538.5345458984375,542.5360107421875,539.2348022460938,506.7476806640625,480.8382873535156,0.013999371411112849
2021-02-10,528.99365234375,542.5801919378241,527.2598059912151,22639040.0,532.3633741239406,536.3992309570312,0.013999371411112849,537.1396484375,497.6590774536133,66.05876684548893,12.956771466899966,528.99365234375,538.5345458984375,542.5360107421875,513.790771484375,474.5984191894531,0.016645530767099403
2021-02-11,536.3992309570312,538.990135892545,528.4745355263738,26380120.0,535.821200946601,545.327880859375,0.016645530767099403,538.3582641601563,500.91196594238284,65.03102490611968,14.289059568012306,536.3992309570312,528.99365234375,538.5345458984375,539.2348022460938,471.1944885253906,0.0018680078418276125
2021-02-12,545.327880859375,547.3800375652185,534.4253350040731,20289470.0,545.6167877021182,546.3465576171875,0.0018680078418276125,539.1203735351562,504.34092712402344,72.28160531739584,15.251298709708237,545.327880859375,536.3992309570312,528.99365234375,542.5360107421875,463.7791748046875,0.03628897208932469
2021-02-15,546.3465576171875,550.3186798396569,541.8993615175152,16252680.0,549.0795200589034,566.1729125976562,0.03628897208932469,544.648046875,508.73059539794923,79.11697898034109,17.41297537172136,546.3465576171875,545.327880859375,536.3992309570312,538.5345458984375,495.52191162109375,-0.0033909443513205906
2021-02-16,566.1729125976562,568.0488146906741,548.5554799694943,31688260.0,567.3043822928527,564.2530517578125,-0.0033909443513205906,551.6999267578125,513.8262893676758,81.52024007630598,18.755006930305854,566.1729125976562,546.3465576171875,545.327880859375,528.99365234375,506.7476806640625,-0.009565674338287256
2021-02-17,564.2530517578125,570.3213946264838,557.401010310622,21268100.0,561.2897913604736,558.8555908203125,-0.009565674338287256,556.1911987304687,517.480061340332,80.39332905725075,19.162157200057436,564.2530517578125,566.1729125976562,546.3465576171875,536.3992309570312,513.790771484375,-0.024854608143691337
2021-02-18,558.8555908203125,568.0488022919768,555.4124113462278,23463950.0,558.2532347074958,544.9654541015625,-0.024854608143691337,556.1187133789062,520.3276550292969,76.93890810170615,18.154732320765447,558.8555908203125,564.2530517578125,566.1729125976562,545.327880859375,539.2348022460938,-0.01175578028370039
2021-02-19,544.9654541015625,559.7959993127606,540.9345002784513,23175130.0,544.6371666640208,538.5589599609375,-0.01175578028370039,554.5611938476562,522.187107849121,67.16679756676757,16.64748842623976,544.9654541015625,558.8555908203125,564.2530517578125,546.3465576171875,542.5360107421875,-0.02202634934126646
2021-02-22,538.5589599609375,550.7055681685629,531.4130627971786,27444560.0,536.8006696459737,526.6964721679688,-0.02202634934126646,546.6659057617187,524.1672927856446,57.91704232373347,14.33058904498921,538.5589599609375,544.9654541015625,558.8555908203125,566.1729125976562,538.5345458984375,0.0012740174716767694
2021-02-23,526.6964721679688,542.5507012330629,522.5724892954393,20005630.0,530.9233122623334,527.3674926757812,0.0012740174716767694,539.2887939453125,526.4937530517578,55.67520733395552,12.405571632425676,526.6964721679688,538.5589599609375,544.9654541015625,564.2530517578125,528.99365234375,0.03328576988836951
2021-02-24,527.3674926757812,539.2153419606637,524.0663691150339,21902450.0,533.2743617957289,544.9213256835938,0.03328576988836951,536.5019409179688,530.0098983764649,52.54489513179,12.156298837912459,527.3674926757812,526.6964721679688,538.5589599609375,558.8555908203125,536.3992309570312,-0.0059232810606552055
2021-02-25,544.9213256835938,546.4886630636424,527.2989889262188,19087950.0,548.6533816456417,541.693603515625,-0.0059232810606552055,535.8475708007812,533.5348541259766,49.622748572665586,11.564984209624754,544.9213256835938,527.3674926757812,526.6964721679688,544.9654541015625,545.327880859375,-0.047929895613664675
2021-02-26,541.693603515625,550.5096732354016,539.8716301226096,15845950.0,531.9028857135835,515.7302856445312,-0.047929895613664675,531.2818359375,536.1324096679688,41.46626912252347,8.898760962125266,541.693603515625,544.9213256835938,527.3674926757812,538.5589599609375,546.3465576171875,0.00036084014568515954
2021-03-01,515.7302856445312,534.2538616097582,511.4299882967802,37133260.0,520.63788402648,515.9163818359375,0.00036084014568515954,529.1258178710938,537.152133178711,44.737842598477876,6.72327451325998,515.7302856445312,541.693603515625,544.9213256835938,526.6964721679688,566.1729125976562,0.009398689708254304
2021-03-02,515.9163818359375,526.0156768749298,508.8831246505295,20318810.0,519.1686266234653,520.7653198242188,0.009398689708254304,527.8053833007813,537.8530151367188,43.57692018355526,5.329024918272694,515.9163818359375,515.7302856445312,541.693603515625,527.3674926757812,564.2530517578125,0.042623495716647586
2021-03-03,520.7653198242188,529.9438245345184,515.4512000847383,22086340.0,525.4524629847098,542.962158203125,0.042623495716647586,527.4135498046875,539.3115844726562,49.123606724622576,5.946622457367084,520.7653198242188,515.9163818359375,515.7302856445312,544.9213256835938,558.8555908203125,-0.010283398224708695
2021-03-04,542.962158203125,545.9449717085294,523.0966441722534,22524130.0,531.9028769042263,537.378662109375,-0.010283398224708695,526.5505615234375,539.2187774658203,46.78648508437418,5.917320300151346,542.962158203125,520.7653198242188,515.9163818359375,541.693603515625,544.9654541015625,-0.0074737529320526574
2021-03-05,537.378662109375,545.3376139967542,529.0621193923805,22346980.0,532.8824502932656,533.3624267578125,-0.0074737529320526574,530.0769897460938,538.7600982666015,36.74044555429869,5.506545473186293,537.378662109375,542.962158203125,520.7653198242188,515.7302856445312,538.5589599609375,-0.02281941864896131
2021-03-08,533.3624267578125,540.6944439169114,529.1699268047204,20757600.0,535.7232509084538,521.19140625,-0.02281941864896131,531.1319946289062,537.8929412841796,33.929235260458995,4.151053070090256,533.3624267578125,537.378662109375,542.962158203125,515.9163818359375,526.6964721679688,0.017742177253138536
2021-03-09,521.19140625,538.1672568245488,520.246101256131,17210420.0,526.1234711454158,530.4384765625,0.017742177253138536,533.0666259765625,537.9651824951172,39.690849024852525,3.7794101800333237,521.19140625,533.3624267578125,537.378662109375,520.7653198242188,527.3674926757812,0.024007261091851806
2021-03-10,530.4384765625,533.3722641229988,522.5970668679887,18114960.0,532.8825324352973,543.1728515625,0.024007261091851806,533.1087646484375,538.3038635253906,49.34418073726857,4.461014352334814,530.4384765625,521.19140625,533.3624267578125,542.962158203125,544.9213256835938,0.0023082600245591944
2021-03-12,543.1728515625,544.7352266129437,532.8825324352973,21912500.0,548.5555219146624,544.4266357421875,0.0023082600245591944,534.518359375,538.2588012695312,52.23078001189922,5.044213916440299,543.1728515625,530.4384765625,521.19140625,537.378662109375,541.693603515625,-0.021375161072686333
2021-03-15,544.4266357421875,555.4124659385958,540.8169468868149,25080130.0,545.7196170068006,532.7894287109375,-0.021375161072686333,534.403759765625,537.5809448242187,52.320402255434615,4.5153285250333965,544.4266357421875,543.1728515625,530.4384765625,533.3624267578125,515.7302856445312,0.0031070351974094024
2021-03-16,532.7894287109375,547.1498010110238,524.1202572537092,20870080.0,537.6284050286546,534.44482421875,0.0031070351974094024,537.054443359375,535.9945404052735,52.67522733260767,4.1815572357966175,532.7894287109375,544.4266357421875,543.1728515625,521.19140625,515.9163818359375,-0.017622880051309076
2021-03-17,534.44482421875,539.44553565432,530.9233227594767,15613050.0,534.8416114976309,525.0263671875,-0.017622880051309076,535.972021484375,534.0332061767579,41.986883385638194,3.121072533976985,534.44482421875,532.7894287109375,544.4266357421875,530.4384765625,520.7653198242188,0.002248189730054584
2021-03-18,525.0263671875,534.8807725096622,523.5227636889164,11347580.0,531.2171829510203,526.2067260742188,0.002248189730054584,532.5787963867188,532.4007629394531,43.657732463825354,2.3488003564546034,525.0263671875,534.44482421875,532.7894287109375,543.1728515625,542.962158203125,0.015153158354976215
2021-03-19,526.2067260742188,543.1678675581927,519.6583475917425,23390580.0,520.7358764632384,534.180419921875,0.015153158354976215,530.5295532226562,531.8615112304688,58.861483457950555,2.353054993137448,526.2067260742188,525.0263671875,534.44482421875,544.4266357421875,537.378662109375,-0.011717762727016412
2021-03-22,534.180419921875,536.7028076196058,508.398304210923,32203100.0,533.5192518778964,527.9210205078125,-0.011717762727016412,529.5558715820313,531.3296142578125,55.44792391453681,1.8302476470742022,534.180419921875,526.2067260742188,525.0263671875,532.7894287109375,533.3624267578125,-0.0019576949214621386
2021-03-23,527.9210205078125,538.4660352957355,522.793020244961,19384610.0,529.9437449178032,526.8875122070312,-0.0019576949214621386,528.0444091796875,531.3391662597656,52.87802935356958,1.317338122356432,527.9210205078125,534.180419921875,526.2067260742188,534.44482421875,521.19140625,-0.02017161838511905
2021-03-24,526.8875122070312,533.3722164653306,524.0663651220419,18490380.0,526.4174062699032,516.2593383789062,-0.02017161838511905,526.2910034179688,530.7837585449219,35.915071712570224,0.0526419999657719,526.8875122070312,527.9210205078125,534.180419921875,525.0263671875,530.4384765625,-0.02810102344499721
2021-03-25,516.2593383789062,526.4174062699032,515.2503593573028,17376430.0,517.2094613434456,501.7519226074219,-0.02810102344499721,521.4000427246094,528.6252883911133,32.824874233831935,-2.096103422369083,516.2593383789062,526.8875122070312,527.9210205078125,526.2067260742188,543.1728515625,0.011879640227870913
2021-03-26,501.7519226074219,519.1685880909586,499.8858854700736,23432710.0,506.4342319848223,507.7125549316406,0.011879640227870913,516.1064697265625,526.926235961914,37.86212738820021,-3.2802141698942933,501.7519226074219,516.2593383789062,526.8875122070312,534.180419921875,544.4266357421875,0.00202587949250832
2021-03-30,507.7125549316406,514.0748138560468,503.00576039498304,23474600.0,512.7867209215993,508.7411193847656,0.00202587949250832,512.2704895019531,526.5767776489258,43.41380364701032,-4.088504181869325,507.7125549316406,501.7519226074219,516.2593383789062,527.9210205078125,532.7894287109375,-0.008414300555792509
2021-03-31,508.7411193847656,515.2503371679677,504.47514000285815,18452800.0,507.9035982340296,504.4604187011719,-0.008414300555792509,507.7850708007812,526.0039794921875,35.49549162716154,-5.0166675884265715,508.7411193847656,507.7125549316406,501.7519226074219,526.8875122070312,534.44482421875,0.02374853139646138
2021-04-01,504.4604187011719,511.21452714826114,501.8253908916279,18459750.0,510.35259914717614,516.4406127929688,0.02374853139646138,507.8213256835937,525.787744140625,34.94763750139188,-4.7310061408215915,504.4604187011719,508.7411193847656,507.7125549316406,516.2593383789062,525.0263671875,-0.05873332700653544
2021-04-05,516.4406127929688,518.0421489428097,505.6458035599053,21482340.0,515.1524161365681,486.10833740234375,-0.05873332700653544,504.69260864257814,522.9450531005859,25.262856758212166,-6.8729514065069,516.4406127929688,504.4604187011719,508.7411193847656,501.7519226074219,526.2067260742188,0.006166253097063645
2021-04-06,486.10833740234375,515.1524161365681,482.00396436354526,37396800.0,494.67952264446967,489.1058044433594,0.006166253097063645,500.97125854492185,520.5314102172852,30.00497562057666,-8.23367523924503,486.10833740234375,516.4406127929688,504.4604187011719,507.7125549316406,534.180419921875,0.01682315345105656
2021-04-07,489.1058044433594,495.6052172425688,485.138584585653,20709060.0,487.82255456495096,497.3341064453125,0.01682315345105656,498.6898559570312,518.7299942016601,33.97763907459458,-8.549549589664935,489.1058044433594,486.10833740234375,516.4406127929688,508.7411193847656,527.9210205078125,-0.009375304510548244
2021-04-08,497.3341064453125,500.4589159634555,483.9043011146301,24027820.0,499.57735809948457,492.6714477539063,-0.009375304510548244,496.3320617675781,517.3039962768555,35.43271275923361,-9.07154871035641,497.3341064453125,489.1058044433594,486.10833740234375,504.4604187011719,526.8875122070312,-0.03125572586181069
2021-04-09,492.6714477539063,501.0467032703654,491.2510687978265,14078790.0,489.78165679572766,477.2726440429688,-0.03125572586181069,488.49846801757815,514.6457046508789,30.46883412190195,-10.605537505925156,492.6714477539063,497.3341064453125,489.1058044433594,516.4406127929688,516.2593383789062,-0.07415384477664233
2021-04-12,477.2726440429688,490.7612201093192,474.5984254350601,29026460.0,464.3130376896482,441.8810424804688,-0.07415384477664233,479.65300903320315,509.5811141967773,19.7755057825419,-14.509781416141038,477.2726440429688,492.6714477539063,497.3341064453125,486.10833740234375,501.7519226074219,0.048270879539278555
2021-04-13,441.8810424804688,464.3130376896482,431.0078830874372,45000460.0,444.241793939732,463.2110290527344,0.048270879539278555,474.47405395507815,505.5203338623047,30.71355455871921,-15.70177094785896,441.8810424804688,477.2726440429688,492.6714477539063,489.1058044433594,507.7125549316406,-0.014475278484387677
2021-04-15,463.2110290527344,467.7317044437641,442.179802282012,31750190.0,461.18823216694886,456.50592041015625,-0.014475278484387677,466.30841674804685,501.70615844726564,29.709154434898636,-16.991608780962622,463.2110290527344,441.8810424804688,477.2726440429688,497.3341064453125,508.7411193847656,-0.00937703099703413
2021-04-16,456.50592041015625,465.29260511728506,447.2784202248292,28971850.0,456.574514202946,452.2252502441406,-0.00937703099703413,458.21917724609375,497.59517974853514,30.83779952624839,-18.150006882460445,456.50592041015625,463.2110290527344,441.8810424804688,492.6714477539063,504.4604187011719,-0.029675574148209316
2021-04-19,452.2252502441406,459.4152421307306,449.6196079701607,21426480.0,435.9057070447333,438.8052062988281,-0.029675574148209316,450.52568969726565,493.28412170410155,31.03980409567984,-19.921290873470525,452.2252502441406,456.50592041015625,463.2110290527344,477.2726440429688,516.4406127929688,0.02992453665539796
2021-04-20,438.8052062988281,441.1953433536867,427.2855612000613,34265070.0,446.9747578732265,451.9362487792969,0.02992453665539796,452.53673095703124,489.57059783935546,33.89526553702186,-20.03453516004015,438.8052062988281,452.2252502441406,456.50592041015625,441.8810424804688,486.10833740234375,0.01626694817026375
2021-04-22,451.9362487792969,460.2968258062008,446.2106996333743,33945970.0,445.7013331613288,459.2878723144531,0.01626694817026375,451.752099609375,485.8259704589844,36.223991523314275,-19.308491226093565,451.9362487792969,438.8052062988281,452.2252502441406,463.2110290527344,489.1058044433594,-0.004457491372892086
2021-04-23,459.2878723144531,461.766166443748,441.36677720847433,25635390.0,452.6660263753332,457.2406005859375,-0.004457491372892086,451.89903564453124,482.2919494628906,36.680411799614994,-18.682928723694374,459.2878723144531,451.9362487792969,438.8052062988281,456.50592041015625,497.3341064453125,0.014728496428585647
2021-04-26,457.2406005859375,466.2525957826938,451.6276915675468,27295250.0,459.41520104051824,463.9750671386719,0.014728496428585647,454.2489990234375,479.14632720947264,34.74939177325085,-17.442682380306962,457.2406005859375,459.2878723144531,451.9362487792969,452.2252502441406,492.6714477539063,0.027129545858907145
2021-04-27,463.9750671386719,473.03112532711816,459.41520104051824,29039890.0,464.9987611574631,476.5625,0.027129545858907145,461.8004577636719,477.16148529052737,46.906055860687744,-15.268076699206745,463.9750671386719,457.2406005859375,459.2878723144531,438.8052062988281,477.2726440429688,0.08547707479508193
2021-04-28,476.5625,478.9917981167241,464.95466765084063,26449970.0,481.4554169117384,517.2976684570312,0.08547707479508193,474.87274169921875,477.9387725830078,57.341471388883555,-10.140801525745815,476.5625,463.9750671386719,457.2406005859375,451.9362487792969,441.8810424804688,0.038620337317213815
2021-04-29,517.2976684570312,520.148171678806,481.4554169117384,85764540.0,524.0664792867605,537.27587890625,0.038620337317213815,490.4703430175781,479.4169387817383,59.80146523372476,-4.414437504727289,517.2976684570312,476.5625,463.9750671386719,459.2878723144531,463.2110290527344,-0.006007569471645602
2021-04-30,537.27587890625,541.2088407587573,522.1073522613893,72584860.0,524.0664035941993,534.0481567382812,-0.006007569471645602,505.83185424804685,480.6822906494141,60.22560355883029,-0.1351450970449264,537.27587890625,517.2976684570312,476.5625,457.2406005859375,456.50592041015625,0.018204551052047213
2021-05-03,534.0481567382812,541.1745041789126,521.8819964085112,41248880.0,520.765234260658,543.770263671875,0.018204551052047213,521.7908935546875,482.64778289794924,66.90825596950762,3.9946696797047707,534.0481567382812,537.27587890625,517.2976684570312,463.9750671386719,452.2252502441406,0.011637160612279596
2021-05-04,543.770263671875,546.5963133166297,518.3114234474224,40335910.0,549.5349447795284,550.0982055664062,0.011637160612279596,536.4980346679688,484.3306625366211,82.28844144345284,7.68954933193487,543.770263671875,534.0481567382812,537.27587890625,476.5625,438.8052062988281,-0.017913616054661796
2021-05-05,550.0982055664062,563.2439267205505,544.6371288724025,48383470.0,556.685903935516,540.2439575195312,-0.017913616054661796,541.0872924804687,487.03744354248045,74.67374102793936,9.710674009213562,550.0982055664062,543.770263671875,534.0481567382812,517.2976684570312,451.9362487792969,0.002474761779464929
2021-05-06,540.2439575195312,558.3511737797894,534.0971728755161,43786930.0,545.4208038036593,541.5809326171875,0.002474761779464929,541.9483032226562,489.66119995117185,78.22007328190615,11.290166581717358,540.2439575195312,550.0982055664062,543.770263671875,537.27587890625,459.2878723144531,-0.006330253744338932
2021-05-07,541.5809326171875,550.5047394455315,536.1492711548323,22231110.0,547.5759837583248,538.152587890625,-0.006330253744338932,542.769189453125,491.7021240234375,78.66488114375,12.125511706413647,541.5809326171875,540.2439575195312,550.0982055664062,534.0481567382812,457.2406005859375,0.000673351259122601
2021-05-10,538.152587890625,549.8436755995699,534.6457339016397,18510330.0,546.1065696032821,538.5149536132812,0.000673351259122601,541.7181274414063,493.9942993164062,86.43698342291778,12.67070858020304,538.152587890625,541.5809326171875,540.2439575195312,543.770263671875,463.9750671386719,-0.013242504359897267
2021-05-11,538.5149536132812,546.1065696032821,533.3722460071517,19973390.0,530.0661830708245,531.3836669921875,-0.013242504359897267,537.9752197265625,496.69985046386716,80.36396641939275,12.384584023455545,538.5149536132812,538.152587890625,541.5809326171875,550.0982055664062,476.5625,-0.0122216491944237
2021-05-12,531.3836669921875,534.6554346736518,527.9846110883334,16172480.0,530.2474653638183,524.8892822265625,-0.0122216491944237,534.9042846679688,500.8502624511719,75.23753818280267,11.501206921928315,531.3836669921875,538.5149536132812,538.152587890625,540.2439575195312,517.2976684570312,-0.005234897705594044
2021-05-14,524.8892822265625,532.882493319724,522.0485244316109,15393360.0,529.4540074737397,522.1415405273438,-0.005234897705594044,531.01640625,503.79678802490236,74.8342146724394,10.458841400032156,524.8892822265625,531.3836669921875,538.5149536132812,541.5809326171875,537.27587890625,0.018713542987202292
2021-05-17,522.1415405273438,529.4540074737397,515.9360447723966,15257620.0,524.0663473638919,531.9126586914062,0.018713542987202292,529.7684204101563,507.56712493896487,75.405769179414,10.302446597955509,522.1415405273438,524.8892822265625,531.3836669921875,538.152587890625,534.0481567382812,0.047632795351662205
2021-05-18,531.9126586914062,537.7802330893021,520.6427785318936,24115830.0,538.8578182186459,557.2491455078125,0.047632795351662205,533.5152587890625,512.8183197021484,77.54673465849609,12.083652506484896,531.9126586914062,522.1415405273438,524.8892822265625,538.5149536132812,543.770263671875,-0.010116462595167297
2021-05-19,557.2491455078125,558.8409360794674,538.8578182186459,31478830.0,555.8973453886287,551.6117553710938,-0.010116462595167297,537.5608764648438,518.4586471557617,65.40733651892997,12.891772423840962,557.2491455078125,531.9126586914062,522.1415405273438,531.3836669921875,550.0982055664062,-0.007538389310356108
2021-05-20,551.6117553710938,560.594335307261,548.0657405281809,22509060.0,551.2982655705367,547.4534912109375,-0.007538389310356108,542.0737182617188,523.2345092773437,55.326563885545475,13.046286643480585,551.6117553710938,557.2491455078125,531.9126586914062,524.8892822265625,540.2439575195312,0.007693981745648948
2021-05-21,547.4534912109375,554.236955749258,543.1679013669691,14888270.0,554.4328668538914,551.6655883789062,0.007693981745648948,547.9785278320312,527.8533950805664,59.12624035978338,13.354676912796094,547.4534912109375,551.6117553710938,557.2491455078125,522.1415405273438,541.5809326171875,-0.005122869541579367
2021-05-24,551.6655883789062,557.8613386453907,547.213489607387,18569660.0,551.8859647170389,548.8394775390625,-0.005122869541579367,551.3638916015625,532.4333389282226,52.8280210186242,13.21865843101591,551.6655883789062,547.4534912109375,551.6117553710938,531.9126586914062,538.152587890625,0.0028112185401858447
2021-05-25,548.8394775390625,557.1755704494911,547.5758624569993,12150600.0,552.4737626982544,550.3823852539062,0.0028112185401858447,549.9905395507812,536.7537048339843,50.16748032753627,13.084532219625203,548.8394775390625,551.6655883789062,547.4534912109375,557.2491455078125,538.5149536132812,0.02714166342758184
2021-05-26,550.3823852539062,554.315346690273,546.7923068833867,13155460.0,552.4737152703012,565.3206787109375,0.02714166342758184,552.73232421875,541.1916137695313,63.94332221778022,14.02199484009509,550.3823852539062,548.8394775390625,551.6655883789062,551.6117553710938,531.3836669921875,-0.01541283757857459
2021-05-27,565.3206787109375,567.6373364083898,547.1938545997629,29167460.0,566.1827389993853,556.6074829101562,-0.01541283757857459,554.5631225585937,543.1571044921875,57.721763709231745,13.901609537666332,565.3206787109375,550.3823852539062,548.8394775390625,547.4534912109375,524.8892822265625,-0.012574213574338966
2021-05-28,556.6074829101562,566.3982740356734,553.5512499046165,21525900.0,560.7021497105823,549.6085815429688,-0.012574213574338966,554.1517211914063,543.7737396240234,55.67856241714131,13.090550749633735,556.6074829101562,565.3206787109375,550.3823852539062,551.6655883789062,522.1415405273438,0.003065369563988618
2021-05-31,549.6085815429688,563.2489907973248,547.7817052519104,15263750.0,550.514598843727,551.2933349609375,0.003065369563988618,554.6424926757812,544.6359985351562,56.252086656804,12.440322048766234,549.6085815429688,556.6074829101562,565.3206787109375,548.8394775390625,531.9126586914062,0.027869810758835767
2021-06-01,551.2933349609375,554.8932182894104,544.6372187848972,17958110.0,552.8655672428237,566.6577758789062,0.027869810758835767,557.8975708007813,545.7803741455078,65.9718188104162,13.014766962637282,551.2933349609375,549.6085815429688,556.6074829101562,550.3823852539062,557.2491455078125,0.004122953589251965
2021-06-02,566.6577758789062,569.9099333083112,551.0435340107047,28534510.0,563.8856899865663,568.9940795898438,0.004122953589251965,558.6322509765625,546.7251678466797,70.75168213107268,13.502886014973797,566.6577758789062,551.2933349609375,549.6085815429688,565.3206787109375,551.6117553710938,0.01598472667818651
2021-06-03,568.9940795898438,572.5548020824446,562.5191799239212,20131950.0,572.0649563378619,578.0892944335938,0.01598472667818651,562.92861328125,548.6174346923829,74.84017057144034,14.45698063308555,568.9940795898438,566.6577758789062,551.2933349609375,556.6074829101562,547.4534912109375,0.015580776473209212
2021-06-04,578.0892944335938,579.4116809483652,566.2022844477517,22303780.0,579.4117286348175,587.0963745117188,0.015580776473209212,570.426171875,550.8932067871094,74.66830807378038,15.758252255978846,578.0892944335938,568.9940795898438,566.6577758789062,549.6085815429688,551.6655883789062,-0.04399818816679968
2021-06-07,587.0963745117188,588.7175805740072,577.9423835917875,24453670.0,568.1466531140687,561.2651977539062,-0.04399818816679968,572.4205444335937,552.0488372802735,51.78735673085856,14.537579145021368,587.0963745117188,578.0892944335938,568.9940795898438,551.2933349609375,548.8394775390625,0.004476732723494914
2021-06-08,561.2651977539062,572.4420472902968,556.6318829735352,28358050.0,563.3468217939512,563.77783203125,0.004476732723494914,571.8445556640625,553.3119812011719,55.56945777076396,13.61597896744911,561.2651977539062,587.0963745117188,578.0892944335938,566.6577758789062,550.3823852539062,-0.014056176203884108
2021-06-09,563.77783203125,569.8119753534322,560.324907321205,17890070.0,567.656998670876,555.853271484375,-0.014056176203884108,569.2163940429688,554.5354614257812,53.71712249958135,12.106601018689958,563.77783203125,561.2651977539062,587.0963745117188,568.9940795898438,565.3206787109375,0.07258798080618423
2021-06-10,555.853271484375,567.656998670876,551.2297010785354,15381120.0,559.8205356460586,596.2015380859375,0.07258798080618423,572.8388427734375,558.10107421875,64.93253848877211,14.004738126550706,555.853271484375,563.77783203125,561.2651977539062,578.0892944335938,556.6074829101562,0.005520278832280345
2021-06-11,596.2015380859375,599.003075323823,556.0982063342332,52961200.0,598.0576502819381,599.4927368164062,0.005520278832280345,575.318115234375,561.9686340332031,66.9308183029257,15.594830196660382,596.2015380859375,555.853271484375,563.77783203125,587.0963745117188,549.6085815429688,0.01211605799947435
2021-06-14,599.4927368164062,610.2679330663743,592.1656224985236,37027210.0,594.5655522259224,606.7562255859375,0.01211605799947435,584.4163208007812,565.7108123779296,68.14886950397923,17.242333569994344,599.4927368164062,596.2015380859375,555.853271484375,561.2651977539062,551.2933349609375,-0.005327683250958115
2021-06-15,606.7562255859375,612.1291761293168,585.3478871862036,26336010.0,609.190427660631,603.5236206054688,-0.005327683250958115,592.365478515625,568.0245361328125,63.30150607466407,18.078747113965278,606.7562255859375,599.4927368164062,596.2015380859375,563.77783203125,566.6577758789062,-0.012911540108034525
2021-06-16,603.5236206054688,611.2278762355272,602.4314171144714,15236610.0,601.4518772556619,595.731201171875,-0.012911540108034525,600.341064453125,570.2305084228516,63.71000962904438,17.906413757827522,603.5236206054688,606.7562255859375,599.4927368164062,555.853271484375,568.9940795898438,-0.005154675087034821
2021-06-17,595.731201171875,603.4991908969264,593.8896771387999,14816580.0,579.9015625362539,592.660400390625,-0.005154675087034821,599.6328369140625,572.490853881836,65.51361618326345,17.32236888647674,595.731201171875,603.5236206054688,606.7562255859375,596.2015380859375,578.0892944335938,0.006082296582915037
2021-06-18,592.660400390625,599.003049815742,579.9015625362539,18718570.0,596.5442859720246,596.26513671875,0.006082296582915037,598.9873168945312,574.7208312988281,65.98429897718606,16.95493527399833,592.660400390625,595.731201171875,603.5236206054688,599.4927368164062,587.0963745117188,0.004755861478228374
2021-06-21,596.26513671875,602.2355467491625,584.3144516703923,27096150.0,587.7379807342062,599.1008911132812,0.004755861478228374,597.45625,577.2339019775391,62.658629381181086,16.70005532675964,596.26513671875,592.660400390625,595.731201171875,606.7562255859375,561.2651977539062,-0.016219678964317197
2021-06-22,599.1008911132812,600.9620853007259,586.4743655992354,12719620.0,602.4314579386636,589.3836669921875,-0.016219678964317197,594.6282592773438,579.1839660644531,57.52232515806289,15.534885861836187,599.1008911132812,596.26513671875,592.660400390625,603.5236206054688,563.77783203125,-0.00019955548937078404
2021-06-23,589.3836669921875,606.251778904127,587.7380077450376,15406110.0,592.7336845449113,589.2660522460938,-0.00019955548937078404,593.3352294921875,580.381234741211,54.415960736726554,14.435585693198277,589.3836669921875,599.1008911132812,596.26513671875,595.731201171875,555.853271484375,0.004654600143870313
2021-06-24,589.2660522460938,599.0029131107384,587.8358684115447,12382150.0,590.3828013579878,592.0088500976562,0.004654600143870313,593.2049194335938,582.1513031005859,52.0420103168635,13.628601222245152,589.2660522460938,589.3836669921875,599.1008911132812,592.660400390625,596.2015380859375,0.005328227626387516
2021-06-25,592.0088500976562,598.3172400181855,588.8154642358637,10824210.0,593.3216238449818,595.1632080078125,0.005328227626387516,592.9845336914062,584.4290344238282,67.36427889398374,13.092666427610652,592.0088500976562,589.2660522460938,589.3836669921875,596.26513671875,599.4927368164062,-0.006377809231604803
2021-06-28,595.1632080078125,598.2194413444652,590.6964008397961,9619940.0,597.5337057960068,591.3673706054688,-0.006377809231604803,591.4378295898438,586.4327362060546,63.94937543242023,12.220768474617671,595.1632080078125,592.0088500976562,589.2660522460938,599.1008911132812,606.7562255859375,0.0025424805523563965
2021-06-29,591.3673706054688,599.267552238366,589.2074164529477,8284810.0,591.6562616601515,592.8709106445312,0.0025424805523563965,592.1352783203125,587.7433929443359,70.01588737979682,11.518330041917466,591.3673706054688,595.1632080078125,592.0088500976562,589.3836669921875,603.5236206054688,-0.006038854607618549
2021-06-30,592.8709106445312,601.2217120938454,587.9437380981774,13100790.0,592.6358367873605,589.2906494140625,-0.006038854607618549,592.1401977539062,588.7582214355468,43.7966233925613,10.551118635611601,592.8709106445312,591.3673706054688,595.1632080078125,589.2660522460938,595.731201171875,-0.008095235826475533
2021-07-01,589.2906494140625,599.9825620367906,587.7380199544072,12257940.0,591.6562957247111,584.5202026367188,-0.008095235826475533,590.6424682617187,589.0797668457031,36.907974229026934,9.292542792186737,589.2906494140625,592.8709106445312,591.3673706054688,592.0088500976562,592.660400390625,0.0051280289542026125
2021-07-02,584.5202026367188,591.6562957247111,581.8606616895337,11206010.0,587.7380170014106,587.5176391601562,0.0051280289542026125,589.1133544921875,589.100830078125,31.821521546807105,8.439692919097297,584.5202026367188,589.2906494140625,592.8709106445312,595.1632080078125,596.26513671875,0.012496404228222513
2021-07-05,587.5176391601562,590.6767070864177,584.3095452355691,8112980.0,590.5788097088379,594.8594970703125,0.012496404228222513,589.8117797851562,590.7805450439453,42.40323493870806,8.261002134790715,587.5176391601562,584.5202026367188,589.2906494140625,591.3673706054688,599.1008911132812,0.021357602949586996
2021-07-06,594.8594970703125,597.1369341910881,588.3306686131904,8631790.0,593.1255180076544,607.5642700195312,0.021357602949586996,592.7504516601563,592.9698669433594,59.55243633367922,9.04034591927666,594.8594970703125,587.5176391601562,584.5202026367188,592.8709106445312,589.3836669921875,-0.0006124970904630711
2021-07-07,607.5642700195312,621.3173756211712,592.9295934099612,34913930.0,609.2884186413538,607.192138671875,-0.0006124970904630711,596.3307495117188,595.5368103027344,62.26539510884348,9.518233324752714,607.5642700195312,594.8594970703125,587.5176391601562,589.2906494140625,589.2660522460938,-0.01144042019107705
2021-07-08,607.192138671875,615.753512994774,603.4501994085765,19479250.0,606.3483056255141,600.24560546875,-0.01144042019107705,599.475830078125,595.739013671875,53.180275426208404,9.23003723791362,607.192138671875,607.5642700195312,594.8594970703125,584.5202026367188,592.0088500976562,0.0029993622402288977
2021-07-09,600.24560546875,610.3612196283884,596.5760686560756,11305600.0,596.8311655133142,602.0459594726562,0.0029993622402288977,602.381494140625,595.8666748046875,52.392607372792945,9.042674956651354,600.24560546875,607.192138671875,607.5642700195312,587.5176391601562,595.1632080078125,0.0021840199247338266
2021-07-12,602.0459594726562,605.4652392867433,594.677542620148,14475440.0,605.8578404102736,603.36083984375,0.0021840199247338266,604.0817626953125,595.6969055175781,63.15057448558158,8.897721461542801,602.0459594726562,600.24560546875,607.192138671875,594.8594970703125,591.3673706054688,0.0007723461437925128
2021-07-13,603.36083984375,608.2027944401542,598.8524414541602,9787400.0,606.8389695042399,603.8268432617188,0.0007723461437925128,603.33427734375,595.7120666503906,63.610451848471016,8.719929435053018,603.36083984375,602.0459594726562,600.24560546875,607.5642700195312,592.8709106445312,-0.0033147348469877436
2021-07-14,603.8268432617188,610.7635545940007,602.4238112782592,10021270.0,603.4049484854497,601.8253173828125,-0.0033147348469877436,602.2609130859375,596.0167724609375,59.30471909332315,8.321595390510879,603.8268432617188,603.36083984375,602.0459594726562,607.192138671875,589.2906494140625,-0.0006848671836350295
2021-07-15,601.8253173828125,606.5446284869724,600.46150971235,7765740.0,601.8252714862396,601.4131469726562,-0.0006848671836350295,602.4944213867187,596.4544097900391,56.24897019138879,7.88179762613629,601.8253173828125,603.8268432617188,603.36083984375,600.24560546875,584.5202026367188,-0.0006932524745134616
2021-07-16,601.4131469726562,606.0735913413147,598.6954127674904,8709900.0,600.952081006487,600.9962158203125,-0.0006932524745134616,602.28447265625,596.6909637451172,60.32498785942325,7.414146207409317,601.4131469726562,601.8253173828125,603.8268432617188,602.0459594726562,587.5176391601562,-0.017966080488511782
2021-07-19,600.9962158203125,607.3295316620661,598.2244656738894,9631210.0,597.3218004976309,590.1986694335938,-0.017966080488511782,599.6520385742188,596.2458526611329,47.61077883523968,6.101918219353365,600.9962158203125,601.4131469726562,601.8253173828125,603.36083984375,594.8594970703125,-0.012226914372198472
2021-07-20,590.1986694335938,600.7558122316335,582.3102754658732,12905320.0,590.650020898546,582.9823608398438,-0.012226914372198472,595.4831420898438,595.9257873535156,44.70415950597092,4.428621893946456,590.1986694335938,600.9962158203125,601.4131469726562,603.8268432617188,607.5642700195312,0.04269711104431595
2021-07-22,582.9823608398438,591.4300153711338,575.7365864670824,14018370.0,581.8196934248165,607.8740234375,0.04269711104431595,596.6928833007812,596.8561859130859,64.65473592451505,5.052825813238883,582.9823608398438,590.1986694335938,600.9962158203125,601.8253173828125,607.192138671875,-0.00236459837773495
2021-07-23,607.8740234375,612.6277078904516,580.9513694610494,34885910.0,607.2313714877837,606.4366455078125,-0.00236459837773495,597.6975830078125,597.5775756835938,62.1089303307475,5.369629780535774,607.8740234375,582.9823608398438,590.1986694335938,601.4131469726562,600.24560546875,-0.0029849460408954975
2021-07-26,606.4366455078125,610.763473646676,602.4237314362393,9537390.0,603.4049425556709,604.62646484375,-0.0029849460408954975,598.4236328125,598.0507385253907,56.72763872165531,5.412243778515176,606.4366455078125,607.8740234375,582.9823608398438,600.9962158203125,602.0459594726562,0.011196826230037704
2021-07-27,604.62646484375,608.1438957014271,601.4426500595549,7335020.0,606.3483459893856,611.3963623046875,0.011196826230037704,602.6631713867188,599.0521881103516,52.874636807255335,5.924001622493847,604.62646484375,606.4366455078125,607.8740234375,590.1986694335938,603.36083984375,0.004902507886999086
2021-07-28,611.3963623046875,620.7712069728116,605.857772893925,20685280.0,613.9914343318219,614.3937377929688,0.004902507886999086,608.9454467773437,600.1283294677735,55.197552911159995,6.496548386812947,611.3963623046875,604.62646484375,606.4366455078125,582.9823608398438,603.8268432617188,0.022053645323118598
2021-07-29,614.3937377929688,616.5522713233405,604.0917031058577,11491530.0,617.1360201203568,627.943359375,0.022053645323118598,612.9593139648438,602.0609649658203,68.25058234559799,7.951971665836709,614.3937377929688,611.3963623046875,604.62646484375,607.8740234375,601.8253173828125,-0.026874609262006688
2021-07-30,627.943359375,630.8769767928892,614.5948851176885,14846640.0,629.5867604030583,611.067626953125,-0.026874609262006688,613.8855102539062,603.3883361816406,54.95929187387561,7.655427526964104,627.943359375,614.3937377929688,611.3963623046875,606.4366455078125,601.4131469726562,-0.004431301197435178
2021-08-02,611.067626953125,629.5867604030583,609.5075782365474,14068850.0,615.1787815785943,608.3598022460938,-0.004431301197435178,614.632177734375,604.4304443359375,52.70652615717104,7.119842227549043,611.067626953125,627.943359375,614.3937377929688,604.62646484375,600.9962158203125,0.021191755054268624
2021-08-03,608.3598022460938,616.5474999446433,605.367317757564,10124350.0,609.7824117749973,621.2520141601562,0.021191755054268624,616.6033081054687,605.7500701904297,58.315410891873505,7.647524869555923,608.3598022460938,611.067626953125,627.943359375,611.3963623046875,590.1986694335938,0.004303541756704554
2021-08-04,621.2520141601562,622.2429814824396,608.8993561710336,10917100.0,622.3410565268675,623.9255981445312,0.004303541756704554,618.5096801757812,606.5681365966797,60.479189566044845,8.187077515243004,621.2520141601562,608.3598022460938,611.067626953125,614.3937377929688,582.9823608398438,-0.017439549647700003
2021-08-05,623.9255981445312,635.5325750893696,619.5938589943536,16320910.0,623.4202485615696,613.0446166992188,-0.017439549647700003,615.529931640625,606.8607604980468,55.017144168981694,7.64850539853137,623.9255981445312,621.2520141601562,608.3598022460938,627.943359375,607.8740234375,-0.0038327885869179346
2021-08-06,613.0446166992188,623.5673845441958,611.4502543054705,8665670.0,616.6505121204939,610.6949462890625,-0.0038327885869179346,615.4553955078125,607.3832275390625,54.11486316417502,6.951946637351284,613.0446166992188,623.9255981445312,621.2520141601562,611.067626953125,606.4366455078125,-0.005004684364576462
2021-08-09,610.6949462890625,618.0731863767338,609.3900048100153,7297890.0,610.763559346505,607.6386108398438,-0.005004684364576462,615.3111572265625,607.6628601074219,57.91941561688272,6.083175017829944,610.6949462890625,613.0446166992188,623.9255981445312,608.3598022460938,604.62646484375,-0.0037219436674073014
2021-08-10,607.6386108398438,615.1738070846875,602.0362440222272,8811790.0,610.7634971073564,605.3770141601562,-0.0037219436674073014,612.1361572265625,607.7636688232421,60.64849748439209,5.1527772899924,607.6386108398438,610.6949462890625,613.0446166992188,621.2520141601562,611.3963623046875,-0.0003727379259176322
2021-08-11,605.3770141601562,613.0642561551555,602.624906311127,7310090.0,605.9656753968178,605.1513671875,-0.0003727379259176322,608.3813110351563,607.8298950195312,48.308657815632785,4.347111764209899,605.3770141601562,607.6386108398438,610.6949462890625,623.9255981445312,614.3937377929688,0.005139488441521678
2021-08-12,605.1513671875,608.305718608121,594.2802507896108,7919290.0,606.4463794319537,608.2615356445312,0.005139488441521678,607.4246948242187,608.1517059326172,51.11055973339732,3.914457206232214,605.1513671875,605.3770141601562,607.6386108398438,613.0446166992188,627.943359375,-0.006927722600500896
2021-08-13,608.2615356445312,613.6970634709647,603.5274937431459,7946020.0,609.2918668109066,604.0476684570312,-0.006927722600500896,606.0952392578125,608.2834320068359,49.65777821083287,3.1947246890846372,608.2615356445312,605.1513671875,605.3770141601562,610.6949462890625,611.067626953125,0.0358315793004893
2021-08-16,604.0476684570312,611.1413372119605,601.5407869025397,6679320.0,603.3067983327717,625.691650390625,0.0358315793004893,609.7058471679687,609.5182037353516,57.18799755954142,4.3210100257476824,604.0476684570312,608.2615356445312,605.1513671875,607.6386108398438,608.3598022460938,0.005166840757864444
2021-08-17,625.691650390625,627.4429699388122,598.8769090437446,14233350.0,628.9097679472969,628.9244995117188,0.005166840757864444,614.4153442382812,611.4544952392578,57.289138182308065,5.412076130790297,625.691650390625,604.0476684570312,608.2615356445312,605.3770141601562,621.2520141601562,0.02090457584742067
2021-08-18,628.9244995117188,631.5490534707247,618.6126439540718,16027760.0,631.2695293648178,642.0718994140625,0.02090457584742067,621.7994506835937,614.4089721679687,57.11608575626971,7.254019354804996,628.9244995117188,625.691650390625,604.0476684570312,605.1513671875,623.9255981445312,0.01787854147254686
2021-08-20,642.0718994140625,651.4811184223473,628.5271824438362,21537300.0,634.9928517377527,653.5512084960938,0.01787854147254686,630.8573852539063,616.6928314208984,72.62763685303841,9.530198737943692,642.0718994140625,628.9244995117188,625.691650390625,608.2615356445312,613.0446166992188,0.01367650054170877
2021-08-23,653.5512084960938,660.576248044988,633.3935788181997,21647320.0,661.2925323453259,662.489501953125,0.01367650054170877,642.545751953125,619.495474243164,77.03621957948583,11.91795016873641,653.5512084960938,642.0718994140625,628.9244995117188,604.0476684570312,610.6949462890625,0.033752101024596026
2021-08-24,662.489501953125,669.0926565360735,657.0736157033876,17383400.0,664.7265950583568,684.8499145507812,0.033752101024596026,654.3774047851563,623.5066467285156,79.02049951483404,15.436615113258881,662.489501953125,653.5512084960938,642.0718994140625,625.691650390625,607.6386108398438,-0.005035835488376272
2021-08-25,684.8499145507812,691.610026694188,660.1102851102783,26229900.0,687.2929107484696,681.401123046875,-0.005035835488376272,664.8727294921875,627.006884765625,76.0425406935872,17.742370774744018,684.8499145507812,662.489501953125,653.5512084960938,628.9244995117188,605.3770141601562,-0.0018718073936436763
2021-08-26,681.401123046875,692.1005510657851,679.0512587429032,15096670.0,676.9909019805488,680.1256713867188,-0.0018718073936436763,672.4834838867188,630.2934814453125,83.29290324769507,19.24493680700914,681.401123046875,684.8499145507812,662.489501953125,642.0718994140625,605.1513671875,0.004998483825845446
2021-08-27,680.1256713867188,686.1401025965164,672.5757439241538,12345880.0,681.8965922518307,683.5252685546875,0.004998483825845446,678.4782958984375,633.0725769042969,85.77349159485499,20.474038323670015,680.1256713867188,681.401123046875,684.8499145507812,653.5512084960938,608.2615356445312,0.02855053872361135
2021-08-30,683.5252685546875,689.1914116742851,674.2436640566779,9359060.0,686.4049329559324,703.040283203125,0.02855053872361135,686.5884521484375,637.6712097167969,90.33816150841804,22.760440528636764,683.5252685546875,680.1256713867188,681.401123046875,662.489501953125,604.0476684570312,0.05010117538467318
2021-08-31,703.040283203125,706.1309176234539,684.8400335435698,15043820.0,702.5006388229986,738.263427734375,0.05010117538467318,697.2711547851562,644.166390991211,93.93987218510354,27.102226543241613,703.040283203125,683.5252685546875,680.1256713867188,684.8499145507812,625.691650390625,-0.0006511400572831727
2021-09-01,738.263427734375,745.55333639525,699.5572003921759,29464380.0,738.3125122310161,737.78271484375,-0.0006511400572831727,708.5474731445313,649.9929260253906,93.78168232011696,30.156705993115906,738.263427734375,703.040283203125,683.5252685546875,681.401123046875,628.9244995117188,-0.0028126631806265623
2021-09-02,737.78271484375,752.980659832953,734.2260598844975,22277890.0,735.8596869795678,735.7075805664062,-0.0028126631806265623,719.6638549804687,655.5820251464844,92.35946622523542,32.04061273094317,737.78271484375,738.263427734375,703.040283203125,680.1256713867188,642.0718994140625,0.003327406311336878
2021-09-03,735.7075805664062,744.3368049458319,730.4682931303839,11833780.0,735.8596700934479,738.1555786132812,0.003327406311336878,730.5899169921875,661.8375732421875,95.10312516165266,33.34675474601795,735.7075805664062,737.78271484375,738.263427734375,683.5252685546875,653.5512084960938,-0.0022662587819801683
2021-09-06,738.1555786132812,741.2559743407999,732.1067737990886,8802470.0,740.7654208627396,736.4827270507812,-0.0022662587819801683,737.2784057617188,668.1269622802735,93.04339289499856,33.85661853921283,738.1555786132812,735.7075805664062,737.78271484375,703.040283203125,662.489501953125,-0.006534519898963476
2021-09-07,736.4827270507812,747.1428715059287,734.3977912635847,8970710.0,738.6952066256814,731.670166015625,-0.006534519898963476,735.9597534179687,674.3285400390625,89.43363943830106,33.486346060544406,736.4827270507812,738.1555786132812,735.7075805664062,738.263427734375,684.8499145507812,0.0007911453121387524
2021-09-08,731.670166015625,742.359773457936,726.7546137742486,8360130.0,731.6407175973226,732.2490234375,0.0007911453121387524,734.8530151367188,680.6721405029297,88.30539322696562,32.86081241933789,731.670166015625,736.4827270507812,738.1555786132812,737.78271484375,681.401123046875,-0.004361362614910491
2021-09-09,732.2490234375,737.233262794047,727.132319765293,8592560.0,728.9916430220618,729.055419921875,-0.004361362614910491,733.5225830078125,686.8673431396485,84.50125141052122,31.74147937248142,732.2490234375,731.670166015625,736.4827270507812,735.7075805664062,680.1256713867188,0.002005132925972042
2021-09-13,729.055419921875,731.935081688369,724.0859119115499,7004360.0,729.05537475037,730.5172729492188,0.002005132925972042,731.994921875,692.9801300048828,83.36461545738058,30.61939783228229,729.055419921875,732.2490234375,731.670166015625,738.1555786132812,683.5252685546875,-0.0037606124927362927
2021-09-14,730.5172729492188,735.3690479030337,721.3386697731598,8025650.0,733.897333594231,727.7700805664062,-0.0037606124927362927,730.252392578125,699.1662506103515,76.06505849037022,29.17218586190438,730.5172729492188,729.055419921875,732.2490234375,736.4827270507812,703.040283203125,-0.0004584114859501609
2021-09-15,727.7700805664062,738.8030644337646,726.8330692084206,7192580.0,730.4633198799112,727.4364624023438,-0.0004584114859501609,729.4056518554687,704.2534912109375,79.0562608396172,27.679270352231356,727.7700805664062,730.5172729492188,729.055419921875,731.670166015625,738.263427734375,-0.0003573490523286482
2021-09-16,727.4364624023438,733.897331457587,724.0858698070846,6572830.0,730.4633294139292,727.176513671875,-0.0003573490523286482,728.3911499023437,709.1660919189453,80.08285574468317,26.173437272396086,727.4364624023438,727.7700805664062,730.5172729492188,732.2490234375,737.78271484375,0.002334049014357742
2021-09-17,727.176513671875,730.4633294139292,719.2291937005938,5771290.0,730.5122764257334,728.873779296875,0.002334049014357742,728.3548217773438,713.5061859130859,79.6396440960864,24.8307751397914,727.176513671875,727.4364624023438,727.7700805664062,729.055419921875,735.7075805664062,0.0018377359387995451
2021-09-20,728.873779296875,753.5152526557126,722.1234897109983,34749690.0,722.1237100111451,730.2132568359375,0.0018377359387995451,728.2940185546875,717.3392883300781,73.29476006295627,23.60271298613975,728.873779296875,727.176513671875,727.4364624023438,730.5172729492188,738.1555786132812,0.049902731687403445
2021-09-21,730.2132568359375,743.8070202846137,718.2727225834182,10838060.0,734.0101415326146,766.6528930664062,0.049902731687403445,736.0705810546875,722.5474578857422,73.84038174707717,25.278444810226347,730.2132568359375,728.873779296875,727.176513671875,727.7700805664062,736.4827270507812,-0.002585177218627277
2021-09-22,766.6528930664062,769.9152159880684,726.1462407776752,19931330.0,770.1997276083952,764.6709594726562,-0.002585177218627277,743.51748046875,726.5385101318359,72.0244052910127,26.145163704123547,766.6528930664062,730.2132568359375,728.873779296875,727.4364624023438,731.670166015625,0.013523867312656535
2021-09-23,764.6709594726562,774.6148852825834,762.4486490710568,15005410.0,771.5340618940803,775.0122680664062,0.013523867312656535,753.0846313476562,731.2190673828125,78.35504392608301,27.351214079138458,764.6709594726562,766.6528930664062,730.2132568359375,727.176513671875,732.2490234375,-0.013374993040133454
2021-09-24,775.0122680664062,784.8188189146512,765.7502461380499,21091470.0,779.9964755213541,764.646484375,-0.013374993040133454,760.2391723632812,735.4451080322266,67.15157014042073,27.157530470742813,775.0122680664062,764.6709594726562,766.6528930664062,728.873779296875,729.055419921875,0.0002630115274879774
2021-09-27,764.646484375,779.9964755213541,757.9991951029857,11293460.0,770.101673820094,764.8475952148438,0.0002630115274879774,767.1660400390625,739.5112243652344,68.7216594851896,26.71233955713558,764.646484375,775.0122680664062,764.6709594726562,730.2132568359375,730.5172729492188,-0.03234566220499879
2021-09-28,764.8475952148438,771.1809106828066,759.4120668429739,6507740.0,766.7658210334006,740.1080932617188,-0.03234566220499879,761.857080078125,741.364614868164,54.409401654334964,24.085607607967518,764.8475952148438,764.646484375,775.0122680664062,766.6528930664062,727.7700805664062,-0.0036987675420551147
2021-09-29,740.1080932617188,767.7469673175125,728.5060264752129,15723010.0,738.7050098344002,737.37060546875,-0.0036987675420551147,756.3970092773437,741.3199737548828,52.617332686215775,21.534771782736016,740.1080932617188,764.8475952148438,764.646484375,764.6709594726562,727.4364624023438,0.020318216583285587
2021-09-30,737.37060546875,749.1885547549151,731.5573261169797,9458790.0,740.2747546745849,752.3526611328125,0.020318216583285587,751.865087890625,742.048471069336,60.62557205753646,20.485992920981403,737.37060546875,740.1080932617188,764.8475952148438,775.0122680664062,727.176513671875,-0.01895502600647414
2021-10-01,752.3526611328125,755.4825196811536,734.966780463367,14907070.0,747.6334199142348,738.091796875,-0.01895502600647414,746.554150390625,742.1676818847657,53.09348120768932,18.29322267059638,752.3526611328125,737.37060546875,740.1080932617188,764.646484375,728.873779296875,0.022903942943030442
2021-10-04,738.091796875,749.5172038896902,733.4067997190165,9377400.0,744.4938210773844,754.9970092773438,0.022903942943030442,744.584033203125,743.0097534179688,59.96701242106129,17.715334458993425,738.091796875,752.3526611328125,737.37060546875,764.8475952148438,730.2132568359375,0.0037879942321144
2021-10-05,754.9970092773438,762.2526055297575,741.761354905369,10901980.0,753.8146160268622,757.85693359375,0.0037879942321144,748.1338012695312,744.0784637451172,60.93384397967184,17.28883099697805,754.9970092773438,738.091796875,752.3526611328125,740.1080932617188,766.6528930664062,0.0014176842723783167
2021-10-06,757.85693359375,761.8600268708936,749.0167967204131,7732430.0,766.2752005599186,758.9313354492188,0.0014176842723783167,752.445947265625,745.4415222167969,61.34700837103885,16.84335941837662,757.85693359375,754.9970092773438,738.091796875,737.37060546875,764.6709594726562,0.0016482591624753518
2021-10-07,758.9313354492188,773.2020905025101,754.0108727660659,17646310.0,769.7975317482781,760.1822509765625,0.0016482591624753518,754.011865234375,746.83818359375,61.223314548969604,16.402184241672217,758.9313354492188,757.85693359375,754.9970092773438,752.3526611328125,775.0122680664062,-0.002026363114185581
2021-10-08,760.1822509765625,773.6337870827047,759.2109258095436,9405500.0,760.3883147059353,758.641845703125,-0.002026363114185581,758.121875,748.3175048828125,60.176288143547424,15.746733363562157,760.1822509765625,758.9313354492188,757.85693359375,738.091796875,764.646484375,0.01098017086326597
2021-10-11,758.641845703125,768.1393937386381,756.6599710752273,7565710.0,762.7333037728681,766.9718627929688,0.01098017086326597,760.516845703125,750.140234375,50.14294482756357,15.718256308237642,758.641845703125,760.1822509765625,758.9313354492188,754.9970092773438,764.8475952148438,0.004944267764926069
2021-10-12,766.9718627929688,775.5372504611054,760.5845910727701,9086480.0,766.2752209817199,770.7639770507812,0.004944267764926069,763.0982543945313,752.2899291992187,52.68696343094126,15.819324638071066,766.9718627929688,758.641845703125,760.1822509765625,757.85693359375,740.1080932617188,0.00936254003639636
2021-10-13,770.7639770507812,777.5584028527695,760.388343483781,10994490.0,775.8806183058591,777.9802856445312,0.00936254003639636,766.9080444335938,754.8171203613281,51.34596520441356,16.29389196791999,770.7639770507812,766.9718627929688,758.641845703125,758.9313354492188,737.37060546875,-0.008374031660161485
2021-10-14,777.9802856445312,785.8981430357779,771.3085031487009,10524380.0,781.8754612013655,771.4654541015625,-0.008374031660161485,769.1646850585937,757.0315673828125,53.20424793299307,15.960316938386086,777.9802856445312,770.7639770507812,766.9718627929688,760.1822509765625,752.3526611328125,0.0003369544664466595
2021-10-18,771.4654541015625,781.8754612013655,766.5057670534261,11348490.0,789.8226507550254,771.7254028320312,0.0003369544664466595,771.781396484375,759.1741485595703,53.230109854578274,15.537821677924057,771.4654541015625,777.9802856445312,770.7639770507812,758.641845703125,738.091796875,-0.016050997991213012
2021-10-19,771.7254028320312,789.8226507550254,765.3725054645042,8550980.0,774.1243197493642,759.3384399414062,-0.016050997991213012,770.2547119140625,760.6304077148437,60.21679436443607,14.041603887963106,771.7254028320312,771.4654541015625,777.9802856445312,766.9718627929688,754.9970092773438,0.002849127654599437
2021-10-20,759.3384399414062,776.5477220185119,752.637194905219,12449890.0,759.5052260990034,761.5018920898438,0.002849127654599437,768.402294921875,760.3728576660156,62.89926963289803,12.881918282165657,759.3384399414062,771.7254028320312,771.4654541015625,770.7639770507812,757.85693359375,-0.003098638578755586
2021-10-21,761.5018920898438,768.5857386913818,743.2182236338604,11028990.0,768.2375178988501,759.1422729492188,-0.003098638578755586,764.6346923828125,760.0964233398438,54.19552225183317,11.63829847971408,761.5018920898438,759.3384399414062,771.7254028320312,777.9802856445312,758.9313354492188,-0.00350247194295894
2021-10-22,759.1422729492188,768.2375178988501,754.0108971970196,6394610.0,760.9770051314621,756.4833984375,-0.00350247194295894,761.63828125,759.1699798583984,63.26706726874388,10.31921834888476,759.1422729492188,761.5018920898438,759.3384399414062,771.4654541015625,760.1822509765625,-0.008242387744484825
2021-10-25,756.4833984375,778.5395469044976,752.04859823856,15173760.0,760.388336906186,750.2481689453125,-0.008242387744484825,757.3428344726562,758.450064086914,45.95105989027973,8.670755855566085,756.4833984375,759.1422729492188,761.5018920898438,771.7254028320312,758.641845703125,0.027332264568055598
2021-10-26,750.2481689453125,768.9979191262121,721.1915325945907,11697290.0,754.9920336093686,770.754150390625,0.027332264568055598,759.6259765625,758.7453918457031,58.45286098310291,8.91621816720101,750.2481689453125,756.4833984375,759.1422729492188,759.3384399414062,766.9718627929688,-0.047545319002891606
2021-10-27,770.754150390625,774.610047937549,750.6847872325021,16605750.0,772.1621309831219,734.1083984375,-0.047545319002891606,754.1472778320312,758.4454071044922,38.904503194976215,6.083614772167721,770.754150390625,750.2481689453125,756.4833984375,761.5018920898438,770.7639770507812,0.0002805207209533034
2021-10-28,734.1083984375,777.0629519156985,732.0332237292156,31122330.0,739.784233083881,734.3143310546875,0.0002805207209533034,749.181689453125,758.292593383789,38.32837629433796,3.811437337861321,734.1083984375,770.754150390625,750.2481689453125,759.1422729492188,777.9802856445312,-0.011230149831194525
2021-10-29,734.3143310546875,745.2786278373707,721.4760713834926,15723020.0,733.897399048933,726.06787109375,-0.011230149831194525,743.098583984375,756.9783538818359,36.14126821890944,1.329968897143317,734.3143310546875,734.1083984375,770.754150390625,756.4833984375,771.4654541015625,0.0018579516835048882
2021-11-01,726.06787109375,740.7359597046425,717.5171551286829,9483340.0,728.9915905272538,727.4168701171875,0.0018579516835048882,738.53232421875,756.4446075439453,32.10836538116443,-0.5217454166166817,726.06787109375,734.3143310546875,734.1083984375,750.2481689453125,771.7254028320312,0.005583991539518607
2021-11-02,727.4168701171875,735.8792556734427,708.3875213468065,10373140.0,732.5923702139444,731.478759765625,0.005583991539518607,730.67724609375,755.2686950683594,32.27365237962782,-1.6425475375889391,727.4168701171875,726.06787109375,734.3143310546875,770.754150390625,759.3384399414062,0.008168685210322435
2021-11-03,731.478759765625,741.2559073815509,726.0726948472538,6871160.0,734.4859884165694,737.4539794921875,0.008168685210322435,731.3463623046875,754.2485473632812,31.506516613088053,-2.025294662299075,731.478759765625,727.4168701171875,726.06787109375,734.1083984375,761.5018920898438,0.0011774933651680364
2021-11-04,737.4539794921875,739.6664688646863,731.0519768706221,6687040.0,741.8446079357357,738.3223266601562,0.0011774933651680364,732.1479614257812,753.2180969238282,34.05394706780942,-2.2328176250995284,737.4539794921875,731.478759765625,727.4168701171875,734.3143310546875,759.1422729492188,0.019740551802962747
2021-11-08,738.3223266601562,742.6295727927572,737.3313594299157,940330.0,740.1668692686719,752.897216796875,0.019740551802962747,737.5138305664062,752.8538452148438,42.03798771942051,-1.2072923272123717,738.3223266601562,737.4539794921875,731.478759765625,726.06787109375,756.4833984375,-0.012529885367948745
2021-11-09,752.897216796875,756.7727561227949,734.4859946512751,9003010.0,755.4825414080543,743.4635009765625,-0.012529885367948745,740.7231567382812,752.0949279785157,43.1148776034125,-1.1426069048218324,752.897216796875,738.3223266601562,737.4539794921875,727.4168701171875,750.2481689453125,0.0005213897882472285
2021-11-10,743.4635009765625,760.8199789011707,740.7653490429623,8002470.0,740.2748380462568,743.8511352539062,0.0005213897882472285,743.1976318359375,750.9388916015625,42.224921547498454,-1.0479838890319115,743.4635009765625,752.897216796875,738.3223266601562,731.478759765625,770.754150390625,-0.01698232834509028
2021-11-11,743.8511352539062,746.6522886059661,736.3502530864357,4649890.0,742.7472783080879,731.2188110351562,-0.01698232834509028,741.9505981445312,748.9616333007813,38.7206414888917,-1.9696129865435523,743.8511352539062,743.4635009765625,752.897216796875,737.4539794921875,734.1083984375,0.01696027533225619
2021-11-12,731.2188110351562,745.7642548145409,727.0292978078546,6344000.0,735.8596433754453,743.6204833984375,0.01696027533225619,743.0102294921875,747.2436431884765,45.18329647504318,-1.6799341366793215,731.2188110351562,743.8511352539062,743.4635009765625,738.3223266601562,734.3143310546875,-0.0059176041521148415
2021-11-15,743.6204833984375,745.6956578956615,731.248244300077,4971280.0,743.6106967237434,739.2200317382812,-0.0059176041521148415,740.2747924804687,745.6313720703125,45.81281861255832,-1.7848664051267633,743.6204833984375,731.2188110351562,743.8511352539062,752.897216796875,726.06787109375,0.0028470741693287227
2021-11-16,739.2200317382812,748.3643211123193,734.8784719682213,4025180.0,738.3125199577778,741.3246459960938,0.0028470741693287227,739.847021484375,744.1113342285156,37.01118845929846,-1.6788484820035592,739.2200317382812,743.6204833984375,731.2188110351562,743.4635009765625,727.4168701171875,0.006875592125483276
2021-11-17,741.3246459960938,750.5768475318273,735.9332523852946,5980490.0,738.6068361809154,746.4216918945312,0.006875592125483276,740.3611328125,743.4654968261718,57.532061692857376,-1.1700518781768778,741.3246459960938,739.2200317382812,743.6204833984375,743.8511352539062,731.478759765625,-0.01612854559264809
2021-11-18,746.4216918945312,754.697657570636,737.9445744828421,6455740.0,747.633379383858,734.3829956054688,-0.01612854559264809,740.9939697265625,742.1095520019531,50.03669077277616,-1.718439976549348,746.4216918945312,741.3246459960938,739.2200317382812,731.2188110351562,737.4539794921875,-0.05700095851682463
2021-11-22,734.3829956054688,755.2569042657833,729.9727483747905,7725390.0,735.0747681817228,692.5224609375,-0.05700095851682463,730.774365234375,738.7785614013671,36.81246328850531,-5.467807320849488,734.3829956054688,746.4216918945312,741.3246459960938,743.6204833984375,738.3223266601562,0.00793387229374054
2021-11-23,692.5224609375,737.2823472012915,685.8261259345921,19352430.0,686.8023516332993,698.016845703125,0.00793387229374054,722.5337280273437,735.8552337646485,38.80693431437157,-7.904736144102117,692.5224609375,734.3829956054688,746.4216918945312,739.2200317382812,752.897216796875,0.008855392841815801
2021-11-24,698.016845703125,704.266742312235,679.3554255000196,11875890.0,702.5006952801905,704.1980590820312,0.008855392841815801,715.1084106445312,733.5527282714844,39.77873793081684,-9.230840153243548,698.016845703125,692.5224609375,734.3829956054688,741.3246459960938,743.4635009765625,-0.007175334240340336
2021-11-25,704.1980590820312,718.179392752063,693.2778968353166,10993800.0,701.5195597636676,699.1452026367188,-0.007175334240340336,705.6531127929687,729.972280883789,35.546953616306936,-10.567692638627364,704.1980590820312,698.016845703125,692.5224609375,746.4216918945312,743.8511352539062,-0.0447318350088326
2021-11-26,699.1452026367188,706.915864069542,695.3187083569695,6154860.0,688.8627374511036,667.8711547851562,-0.0447318350088326,692.3507446289062,726.6604187011719,28.380468040600675,-13.989450481276208,699.1452026367188,704.1980590820312,698.016845703125,734.3829956054688,731.2188110351562,0.014499560014296753
2021-11-29,667.8711547851562,691.5020231795938,664.7265643808555,16890820.0,663.9415902832862,677.5549926757812,0.014499560014296753,689.3572509765625,723.8224517822266,26.16401551415649,-15.7383910620905,667.8711547851562,699.1452026367188,704.1980590820312,692.5224609375,743.6204833984375,0.013249814589794573
2021-11-30,677.5549926757812,684.8399906278568,655.2388290040258,14918150.0,677.9719944376862,686.532470703125,0.013249814589794573,687.0603759765625,721.8456817626953,31.936611071992658,-16.213136676648787,677.5549926757812,667.8711547851562,699.1452026367188,698.016845703125,739.2200317382812,0.005923908540321543
2021-12-01,686.532470703125,706.4055909024672,672.011519557463,21955390.0,689.9616572347281,690.5994262695312,0.005923908540321543,684.3406494140625,720.0048095703125,33.489492026293405,-16.075893774761653,686.532470703125,677.5549926757812,667.8711547851562,704.1980590820312,741.3246459960938,0.02014568377417114
2021-12-02,690.5994262695312,697.3693595450703,681.9947542439174,11367680.0,695.6326627045311,704.5120239257812,0.02014568377417114,685.414013671875,718.6564727783203,41.78487210682047,-14.675329365949437,690.5994262695312,686.532470703125,677.5549926757812,699.1452026367188,746.4216918945312,-0.015493308555821983
2021-12-03,704.5120239257812,707.406417221392,689.0001047451934,8477040.0,702.5007159656851,693.5968017578125,-0.015493308555821983,690.5591430664062,716.4636138916015,34.470476420017235,-14.281510821265783,704.5120239257812,690.5994262695312,686.532470703125,667.8711547851562,734.3829956054688,-0.016621245013811237
2021-12-06,693.5968017578125,709.7415800913918,692.1986803265236,8164110.0,693.5968282689973,682.068359375,-0.016621245013811237,691.46181640625,713.6509155273437,33.00957943323229,-14.729859093760524,693.5968017578125,704.5120239257812,690.5994262695312,677.5549926757812,692.5224609375,0.021778686869843744
2021-12-07,682.068359375,696.2116214548117,680.7291042722253,8582530.0,691.5118765663219,696.9229125976562,0.021778686869843744,693.5399047851563,710.8522003173828,37.7301157772376,-13.728288861072883,682.068359375,693.5968017578125,704.5120239257812,686.532470703125,698.016845703125,0.03637125565480592
2021-12-08,696.9229125976562,703.4818729930165,682.68156016892,10796080.0,698.5761668812135,722.2708740234375,0.03637125565480592,699.8741943359375,709.7925689697265,43.99797104430241,-10.765075501086471,696.9229125976562,682.068359375,693.5968017578125,690.5994262695312,704.1980590820312,0.010704188027297556
2021-12-09,722.2708740234375,724.7090082111489,698.5761668812135,14026910.0,726.0481495445352,730.002197265625,0.010704188027297556,704.9722290039062,709.1001220703125,48.88745251038146,-7.704046934756207,722.2708740234375,696.9229125976562,682.068359375,704.5120239257812,699.1452026367188,0.0016397505224761133
2021-12-10,730.002197265625,732.7297524172648,719.866940788808,10769500.0,723.4972448947245,731.19921875,0.0016397505224761133,712.4927124023437,709.0991424560547,62.37910601943993,-5.122520880504453,730.002197265625,722.2708740234375,696.9229125976562,693.5968017578125,667.8711547851562,-0.031365275767013756
2021-12-13,731.19921875,732.6218927425653,722.1236162361623,6791450.0,732.9162532974838,708.2649536132812,-0.031365275767013756,717.73203125,707.3313659667969,52.95066197245966,-4.871095454256306,731.19921875,730.002197265625,722.2708740234375,682.068359375,677.5549926757812,-0.02117412012344133
2021-12-14,708.2649536132812,733.6030676536282,706.3272137112741,12985990.0,704.4629173367945,693.26806640625,-0.02117412012344133,717.0010620117188,705.0337677001953,47.00504574957897,-5.814931544745264,708.2649536132812,731.19921875,730.002197265625,696.9229125976562,686.532470703125,-0.030944391972745677
2021-12-15,693.26806640625,704.4629173367945,690.2362985326392,12764810.0,693.9156497185818,671.8153076171875,-0.030944391972745677,706.9099487304687,701.55830078125,43.12881923653786,-8.19946842451509,693.26806640625,708.2649536132812,731.19921875,722.2708740234375,690.5994262695312,0.026521705871033863
2021-12-16,671.8153076171875,693.9156497185818,670.2209450427192,18175280.0,681.4060746688888,689.6329956054688,0.026521705871033863,698.8361083984375,698.7188659667969,55.8683512669395,-8.552900061457422,671.8153076171875,693.26806640625,708.2649536132812,730.002197265625,704.5120239257812,-0.018175144993599845
2021-12-17,689.6329956054688,693.0277233245898,680.2188661409538,17683180.0,686.8023665838194,677.0988159179688,-0.018175144993599845,688.0160278320312,695.8546569824218,49.878848670091024,-9.73221382545546,689.6329956054688,671.8153076171875,693.26806640625,731.19921875,693.5968017578125,-0.038682258497634736
2021-12-20,677.0988159179688,689.2552321787616,673.5568923711315,16805110.0,672.0851674210635,650.9071044921875,-0.038682258497634736,676.5444580078125,693.7738891601563,41.331250129952686,-12.634636474229183,677.0988159179688,689.6329956054688,671.8153076171875,708.2649536132812,682.068359375,-0.008531607126547991
2021-12-21,650.9071044921875,673.5421552000747,637.0190107490969,22263190.0,659.8355482321066,645.3538208007812,-0.008531607126547991,666.9616088867188,691.140737915039,39.069414520127324,-15.207626861338099,650.9071044921875,677.0988159179688,689.6329956054688,693.26806640625,696.9229125976562,0.029441119510639657
2021-12-22,645.3538208007812,662.2736821563791,641.6696120448473,13755910.0,650.990552314445,664.353759765625,0.029441119510639657,665.4692993164062,689.1485229492188,40.53117839411705,-15.53453158496768,645.3538208007812,650.9071044921875,677.0988159179688,671.8153076171875,722.2708740234375,0.02164308081051214
2021-12-23,664.353759765625,666.2719174975038,649.8916732791363,12678980.0,671.1039863801458,678.732421875,0.02164308081051214,663.2891845703125,688.1278839111328,46.55148683482401,-14.466606039656426,664.353759765625,645.3538208007812,650.9071044921875,689.6329956054688,730.002197265625,-0.009504555251488411
2021-12-24,678.732421875,686.1645562727782,670.9322977757171,13393990.0,685.3207831967492,672.2813720703125,-0.009504555251488411,662.3256958007812,688.3483947753906,47.67465130645876,-13.979664288693584,678.732421875,664.353759765625,645.3538208007812,677.0988159179688,731.19921875,0.005655282261146866
2021-12-27,672.2813720703125,685.6200255944327,663.0193497693873,9807740.0,662.3717592524117,676.0833129882812,0.005655282261146866,667.3609375,688.2748107910156,44.774126480354994,-13.135556071107658,672.2813720703125,678.732421875,664.353759765625,650.9071044921875,708.2649536132812,0.002307404322255069
2021-12-28,676.0833129882812,677.8542746492667,652.8595997774089,9123600.0,684.840039396051,677.643310546875,0.002307404322255069,673.8188354492188,687.8303527832031,37.29288623523745,-12.200080527628302,676.0833129882812,672.2813720703125,678.732421875,645.3538208007812,693.26806640625,0.0007239805636707342
2021-12-29,677.643310546875,684.840039396051,673.237973743154,8624640.0,675.5093569497349,678.1339111328125,0.0007239805636707342,676.5748657226562,687.2070770263672,34.59601727081906,-11.288989607475742,677.643310546875,676.0833129882812,672.2813720703125,664.353759765625,671.8153076171875,-0.005866948392995286
2021-12-30,678.1339111328125,681.8917179537746,672.3844086088595,5323790.0,676.9810402496752,674.1553344726562,-0.005866948392995286,675.6594482421875,685.689242553711,33.334296249299655,-10.763901815488452,678.1339111328125,677.643310546875,676.0833129882812,678.732421875,689.6329956054688,0.015455990981191103
2021-12-31,674.1553344726562,681.4011085623479,672.7621236706738,6589920.0,675.2247817205606,684.5750732421875,0.015455990981191103,678.1181884765625,685.2381561279296,42.53283543899544,-9.398638466185616,674.1553344726562,678.1339111328125,677.643310546875,672.2813720703125,677.0988159179688,0.0347271122757884
2022-01-03,684.5750732421875,686.7042034707654,674.5919233008157,7699070.0,684.3495291451824,708.348388671875,0.0347271122757884,684.5712036132812,686.5521575927735,54.50418523387944,-6.325433887968302,684.5750732421875,674.1553344726562,678.1339111328125,676.0833129882812,650.9071044921875,0.017092209092522737
2022-01-04,708.348388671875,710.7374774642668,684.3495291451824,12697250.0,711.3309799513264,720.4556274414062,0.017092209092522737,693.1336669921875,687.728793334961,65.38686549112785,-2.879748189653583,708.348388671875,684.5750732421875,674.1553344726562,677.643310546875,645.3538208007812,0.04464117716576954
2022-01-05,720.4556274414062,723.5953071918666,709.9083060145417,9591730.0,732.9063620015487,752.6176147460938,0.04464117716576954,708.0304077148437,689.2461303710937,68.26676551119117,2.4183093725299614,720.4556274414062,708.348388671875,684.5750732421875,678.1339111328125,664.353759765625,0.010096840559807196
2022-01-06,752.6176147460938,754.6142208367072,727.5198791534488,25832620.0,738.3125722297586,760.2166748046875,0.010096840559807196,725.24267578125,690.7568542480469,74.81617519765608,7.14784291598005,752.6176147460938,720.4556274414062,708.348388671875,674.1553344726562,678.732421875,-0.011473667223587558
2022-01-07,760.2166748046875,763.2680253488854,737.9200897658368,15359860.0,761.7570123252189,751.4942016601562,-0.011473667223587558,738.6265014648437,691.7716033935546,83.5295099010606,10.076051191586885,760.2166748046875,752.6176147460938,720.4556274414062,684.5750732421875,672.2813720703125,0.009393720079649226
2022-01-10,751.4942016601562,763.8223058839617,744.1993821618304,11659510.0,754.1089070274774,758.5535278320312,0.009393720079649226,748.667529296875,694.2860321044922,87.35867603454943,12.818541800812113,751.4942016601562,760.2166748046875,752.6176147460938,708.348388671875,676.0833129882812,-0.007948252276828827
2022-01-11,758.5535278320312,761.2713218308709,752.5145445335345,6390600.0,759.3090168682942,752.5243530273438,-0.007948252276828827,755.0812744140625,697.2488464355469,81.82292407853456,14.340176717628083,758.5535278320312,751.4942016601562,760.2166748046875,720.4556274414062,677.643310546875,0.013644342743203364
2022-01-12,752.5243530273438,761.3644892739994,742.8257139136507,10379120.0,758.0334586708254,762.7920532226562,0.013644342743203364,757.116162109375,701.7976837158203,81.26702425066054,16.18799580800612,752.5243530273438,758.5535278320312,751.4942016601562,752.6176147460938,678.1339111328125,0.004354121216219031
2022-01-13,762.7920532226562,772.0638959150466,754.6779557509415,14584040.0,768.0412611024661,766.1133422851562,0.004354121216219031,758.2954956054688,705.6217010498046,85.73396340003579,17.716184868894743,762.7920532226562,752.5243530273438,758.5535278320312,760.2166748046875,674.1553344726562,0.0030543337273476467
2022-01-14,766.1133422851562,770.1556599842944,762.7431073618976,6163740.0,762.8411805123269,768.4533081054688,0.0030543337273476467,761.6873168945312,710.1894256591797,85.57331856547424,18.898254086095676,766.1133422851562,762.7920532226562,752.5243530273438,751.4942016601562,684.5750732421875,0.002604616126698378
2022-01-17,768.4533081054688,769.8171157136276,758.2788266686812,5696350.0,767.2072426289255,770.454833984375,0.002604616126698378,764.067578125,716.1668121337891,85.62221464259343,19.768677855312944,768.4533081054688,766.1133422851562,762.7920532226562,758.5535278320312,708.348388671875,-0.013829769030380135
2022-01-18,770.454833984375,776.0866032940299,765.446102060387,6797740.0,775.1005674307644,759.7996215820312,-0.013829769030380135,765.5226318359375,721.8891021728516,79.07565388174172,19.375361267984886,770.454833984375,768.4533081054688,766.1133422851562,752.5243530273438,720.4556274414062,-0.02223655320050344
2022-01-19,759.7996215820312,779.5206357381951,757.0572749071839,11300240.0,770.1997922396085,742.904296875,-0.02223655320050344,761.5450805664062,725.8166290283203,72.41521630890799,17.498630218457834,759.7996215820312,770.454833984375,768.4533081054688,762.7920532226562,752.6176147460938,-0.005487463423483163
2022-01-20,742.904296875,789.3321437665796,733.2105673105815,50003170.0,746.6522536624334,738.82763671875,-0.005487463423483163,756.087939453125,728.8213897705078,68.45196577619679,15.503638640484041,742.904296875,759.7996215820312,770.454833984375,766.1133422851562,760.2166748046875,-0.020782899428267054
2022-01-21,738.82763671875,750.5768384385829,726.1462742532881,29103830.0,726.2934514854213,723.47265625,-0.020782899428267054,747.0918090820312,731.3809539794922,55.45640311975655,12.539032681425056,738.82763671875,742.904296875,759.7996215820312,768.4533081054688,751.4942016601562,-0.05994241640525033
2022-01-24,723.47265625,735.7615359685121,716.8106953219491,13704500.0,721.1424059162213,680.10595703125,-0.05994241640525033,729.0220336914062,731.5820861816406,38.12206572769953,6.61398895609193,723.47265625,738.82763671875,742.904296875,770.454833984375,758.5535278320312,0.004616410729888276
2022-01-25,680.10595703125,721.1424059162213,668.9160165528092,25025820.0,676.9907991720517,683.24560546875,0.004616410729888276,713.71123046875,731.8622009277344,25.370133525878032,2.146943873353962,680.10595703125,723.47265625,738.82763671875,759.7996215820312,752.5243530273438,-0.01820123391412909
2022-01-27,683.24560546875,686.4097776415532,662.489431280055,25259340.0,669.4949300796791,670.8096923828125,-0.01820123391412909,699.2923095703125,731.4959899902344,19.31094155259177,-2.3693830202431627,683.24560546875,680.10595703125,723.47265625,742.904296875,762.7920532226562,0.004424256993237563
2022-01-28,670.8096923828125,677.2214566749645,658.162703050143,17610280.0,682.9806819998424,673.7775268554688,0.004424256993237563,686.2822875976562,731.477099609375,22.226439227572584,-5.644063927433649,670.8096923828125,683.24560546875,680.10595703125,738.82763671875,766.1133422851562,0.019367486924516397
2022-01-31,673.7775268554688,691.2762889849458,671.5945007520019,14675220.0,684.8302382106261,686.826904296875,0.019367486924516397,678.9531372070312,731.5896911621094,25.41947175570091,-7.1044013217591555,673.7775268554688,670.8096923828125,683.24560546875,723.47265625,768.4533081054688,0.002049947338356395
2022-02-01,686.826904296875,694.2492778215621,679.9441492144887,12512490.0,694.2492945250598,688.23486328125,0.002049947338356395,680.5789184570312,730.5840148925781,27.24750543583211,-8.055262651075168,686.826904296875,673.7775268554688,670.8096923828125,680.10595703125,770.454833984375,0.03319498689256162
2022-02-02,688.23486328125,698.164058442362,675.6172771188002,13834490.0,696.613814361901,711.080810546875,0.03319498689256162,686.1459594726563,730.1152740478516,33.195176956658855,-6.885972883326417,688.23486328125,686.826904296875,673.7775268554688,683.24560546875,759.7996215820312,-0.018875573502182053
2022-02-03,711.080810546875,714.2744462753012,696.1232412531954,13398210.0,711.6253547735344,697.6587524414062,-0.018875573502182053,691.515771484375,727.3673309326172,29.124492890981145,-6.962095530873171,711.080810546875,688.23486328125,686.826904296875,670.8096923828125,742.904296875,0.006715313958577829
2022-02-04,697.6587524414062,714.9661864599876,696.6138293020766,8398560.0,695.6326833768136,702.34375,0.006715313958577829,697.2290161132812,724.4736846923828,30.123898651130915,-6.568663662813947,697.6587524414062,711.080810546875,688.23486328125,673.7775268554688,738.82763671875,-0.031822858731924364
2022-02-07,702.34375,705.287188716686,692.1986715406798,8232080.0,702.9912327461814,679.9931640625,-0.031822858731924364,695.8622680664063,720.8986328125,25.767447122845823,-7.968515480142742,702.34375,697.6587524414062,711.080810546875,686.826904296875,723.47265625,0.017949542806180663
2022-02-08,679.9931640625,702.9912327461814,675.1266574874745,11830120.0,686.8024256954288,692.19873046875,0.017949542806180663,696.6550415039062,717.5808929443359,32.040484808467696,-8.00079276923077,679.9931640625,702.34375,697.6587524414062,688.23486328125,680.10595703125,0.008837592928444327
2022-02-09,692.19873046875,701.2252886119167,678.4332188206477,16405420.0,699.4149800664749,698.3161010742188,0.008837592928444327,694.102099609375,714.8704803466796,37.43467789679942,-7.446908742077312,692.19873046875,679.9931640625,702.34375,711.080810546875,683.24560546875,0.002760983955282459
2022-02-10,698.3161010742188,702.2946418703233,693.6703880245597,6491660.0,700.0478993840983,700.244140625,0.002760983955282459,694.6191772460937,711.7430847167968,38.99356417611913,-6.774285238210268,698.3161010742188,692.19873046875,679.9931640625,697.6587524414062,670.8096923828125,-0.01757051460846526
2022-02-11,700.244140625,710.3499357450415,693.1798751434694,12442000.0,690.7269724721128,687.9404907226562,-0.01757051460846526,691.738525390625,707.8344421386719,39.68441514027668,-7.151588921256803,700.244140625,698.3161010742188,692.19873046875,702.34375,673.7775268554688,-0.032182505225478275
2022-02-14,687.9404907226562,694.6466470208853,679.0562184546171,12764610.0,668.160527518191,665.8008422851562,-0.032182505225478275,688.9000610351562,702.7018188476562,45.263163000548516,-9.131823432375882,687.9404907226562,700.244140625,698.3161010742188,679.9931640625,686.826904296875,0.05247614218698282
2022-02-15,665.8008422851562,679.9342813070579,661.6898974095757,11697660.0,667.1793811666589,700.739501953125,0.05247614218698282,690.6082153320312,699.2160522460938,54.78504525609058,-7.792093307376149,665.8008422851562,687.9404907226562,700.244140625,692.19873046875,688.23486328125,-0.010284283936926264
2022-02-16,700.739501953125,705.9346540432516,665.8008420831146,13468200.0,704.9534525973746,693.5328979492188,-0.010284283936926264,689.6515747070313,695.9027160644531,56.398440988299846,-7.228534203401523,700.739501953125,665.8008422851562,687.9404907226562,698.3161010742188,711.080810546875,0.0019594568014360547
2022-02-17,693.5328979492188,708.8731263635138,691.7079806279041,10540410.0,698.5760542632012,694.891845703125,0.0019594568014360547,688.5811157226562,693.5020935058594,55.999769677885496,-6.596216746091045,693.5328979492188,700.739501953125,665.8008422851562,700.244140625,697.6587524414062,-0.007391497735462882
2022-02-18,694.891845703125,699.3609592012219,685.0362494580152,9036160.0,688.7645870210024,689.7555541992188,-0.007391497735462882,688.9441284179687,691.0484893798828,50.87138171287897,-6.435373425192552,694.891845703125,693.5328979492188,700.739501953125,687.9404907226562,702.34375,-0.0033782100716266417
2022-02-21,689.7555541992188,698.1835659666718,687.7834408856448,7625170.0,686.8023775864598,687.4254150390625,-0.0033782100716266417,693.26904296875,689.246127319336,49.76047363439991,-6.421899036407581,689.7555541992188,694.891845703125,693.5328979492188,665.8008422851562,679.9931640625,0.0007135007011591643
2022-02-22,687.4254150390625,694.7398771279944,678.0701519748088,8166640.0,667.1793607532986,687.9158935546875,0.0007135007011591643,690.7043212890625,689.6366241455078,42.09998051711247,-6.299031653219572,687.4254150390625,689.7555541992188,694.891845703125,700.739501953125,692.19873046875,0.004735239176158812
2022-02-23,687.9158935546875,690.3491167661894,666.100123976431,12587320.0,692.689193904135,691.17333984375,0.004735239176158812,690.2324096679688,690.0330108642578,47.623493058373,-5.871130932184542,687.9158935546875,687.4254150390625,689.7555541992188,693.5328979492188,698.3161010742188,-0.059159229486204
2022-02-24,691.17333984375,698.316052799639,689.4955583397874,7952280.0,667.1793651489438,650.2840576171875,-0.059159229486204,681.3108520507812,689.0067291259766,34.92358087093132,-8.730796688111468,691.17333984375,687.9158935546875,687.4254150390625,694.891845703125,700.244140625,0.05154053958165439
2022-02-25,650.2840576171875,677.0104684866488,646.8156725292703,19300400.0,667.1794294692068,683.800048828125,0.05154053958165439,680.1197509765625,689.5078552246093,51.03550315505386,-8.198138973642017,650.2840576171875,691.17333984375,687.9158935546875,689.7555541992188,687.9404907226562,0.004720539694270887
2022-02-28,683.800048828125,685.8162971237002,663.1567539217605,14132810.0,673.066263455575,687.0279541015625,0.004720539694270887,680.0402587890625,689.5179077148438,48.52128719472901,-7.429891751334594,683.800048828125,650.2840576171875,691.17333984375,687.4254150390625,665.8008422851562,-0.024384729358741142
2022-03-02,687.0279541015625,689.255175040148,667.8269166299733,15808910.0,678.7569315865403,670.2749633789062,-0.024384729358741142,676.5120727539063,688.6199127197266,42.440766871569416,-8.07973843821344,687.0279541015625,683.800048828125,650.2840576171875,687.9158935546875,700.739501953125,-0.012178803354828016
2022-03-03,670.2749633789062,680.5573564283037,663.4510747661081,16080090.0,678.9531693446849,662.11181640625,-0.012178803354828016,670.6997680664062,686.1714630126953,40.05474696561218,-9.14799200053028,670.2749633789062,687.0279541015625,683.800048828125,691.17333984375,693.5328979492188,-0.031185356986146773
2022-03-04,662.11181640625,681.3373474208496,659.8208184744227,13339990.0,656.2299228874604,641.463623046875,-0.031185356986146773,668.9356811523437,683.3617065429687,38.384019589268505,-11.527841503942,662.11181640625,670.2749633789062,687.0279541015625,650.2840576171875,694.891845703125,-0.06315494008415046
2022-03-07,641.463623046875,657.1717850169628,637.7451000985371,19965090.0,623.02781509088,600.9520263671875,-0.06315494008415046,652.3660766601563,678.2921203613281,35.15554029249013,-16.492718867057874,641.463623046875,662.11181640625,670.2749633789062,683.800048828125,689.7555541992188,0.006016353040087852
2022-03-08,600.9520263671875,624.990107421875,598.4991609534438,28435880.0,601.2463764655789,604.5675659179688,0.006016353040087852,635.8739990234375,674.5208404541015,24.299947708725526,-19.906209727362125,600.9520263671875,641.463623046875,662.11181640625,687.0279541015625,687.4254150390625,0.05041515925669615
2022-03-09,604.5675659179688,610.012915324663,580.1419122244822,28857830.0,610.2239468815809,635.0469360351562,0.05041515925669615,628.8283935546875,671.6632507324218,36.09974637506666,-19.922343016231025,604.5675659179688,600.9520263671875,641.463623046875,670.2749633789062,687.9158935546875,0.017365669387480187
2022-03-10,635.0469360351562,640.1979540562988,600.6430389899955,22801310.0,666.5907517337566,646.074951171875,0.017365669387480187,625.6210205078125,669.0511932373047,38.90759006335223,-18.82822010610539,635.0469360351562,604.5675659179688,600.9520263671875,662.11181640625,691.17333984375,0.0065453083391557865
2022-03-11,646.074951171875,666.5907517337566,637.8431201877909,20915610.0,642.6507823007253,650.3037109375,0.0065453083391557865,627.3890380859375,666.5541717529297,40.99843720885669,-17.419097729619693,646.074951171875,635.0469360351562,604.5675659179688,641.463623046875,650.2840576171875,0.0056503421628415484
2022-03-14,650.3037109375,655.8962564397478,636.7688154275197,12647710.0,647.6546542698184,653.9781494140625,0.0056503421628415484,637.9942626953125,664.8560546875,42.41500654966953,-15.823458636184341,650.3037109375,646.074951171875,635.0469360351562,600.9520263671875,683.800048828125,0.00016500575186895183
2022-03-15,653.9781494140625,656.2887896919228,637.7451005079998,12668460.0,655.1309228016332,654.0860595703125,0.00016500575186895183,647.8979614257812,664.2703155517578,42.314915055705185,-14.384381514775782,653.9781494140625,650.3037109375,646.074951171875,604.5675659179688,687.0279541015625,0.02610785228748136
2022-03-16,654.0860595703125,662.2736960007969,648.0470758644835,14792700.0,665.2170984450873,671.162841796875,0.02610785228748136,655.121142578125,662.7914825439453,45.72278883164812,-11.730724429903262,654.0860595703125,653.9781494140625,650.3037109375,635.0469360351562,670.2749633789062,0.022483497224347282
2022-03-17,671.162841796875,676.9319860254701,661.6212193164522,16335960.0,681.6709935064139,686.2529296875,0.022483497224347282,663.15673828125,662.4274841308594,58.64134785987654,-8.31419720199142,671.162841796875,654.0860595703125,653.9781494140625,646.074951171875,662.11181640625,-0.017728535994979477
2022-03-21,686.2529296875,692.3850936981024,679.9441665395219,16706780.0,686.8023463498258,674.086669921875,-0.017728535994979477,667.913330078125,661.3872253417969,47.399655431142435,-6.5132100138254145,686.2529296875,671.162841796875,654.0860595703125,650.3037109375,641.463623046875,0.016796634914357123
2022-03-22,674.086669921875,688.6419954918343,672.0851532137582,9620190.0,674.0473690395424,685.4090576171875,0.016796634914357123,674.19951171875,661.1699005126953,49.584611780211965,-4.124745135564353,674.086669921875,686.2529296875,671.162841796875,653.9781494140625,600.9520263671875,0.0027199200124099487
2022-03-23,685.4090576171875,687.7834144057049,663.9415762113183,12737960.0,691.708115703309,687.2733154296875,0.0027199200124099487,680.836962890625,661.1622955322266,54.72237454722171,-2.057719378259435,685.4090576171875,674.086669921875,686.2529296875,654.0860595703125,604.5675659179688,-0.001035053638957284
2022-03-24,687.2733154296875,697.0063294794835,683.8589455960373,11767500.0,683.7607974998208,686.5619506835938,-0.001035053638957284,683.9167846679687,661.0945983886719,57.08596999485964,-0.47155200537827113,687.2733154296875,685.4090576171875,674.086669921875,671.162841796875,635.0469360351562,-0.003436951572151292
2022-03-25,686.5619506835938,690.2902941945507,675.1512158076915,7837160.0,692.5911183259263,684.2022705078125,-0.003436951572151292,683.5066528320312,660.746044921875,63.85491153576757,0.5883089366217291,686.5619506835938,687.2733154296875,685.4090576171875,686.2529296875,646.074951171875,0.004000902767804071
2022-03-28,684.2022705078125,693.4201581105839,680.915454730529,7023730.0,685.8211762539825,686.939697265625,0.004000902767804071,686.0772583007813,662.5788269042969,86.91653241571014,1.6303501688787492,684.2022705078125,686.5619506835938,687.2733154296875,674.086669921875,650.3037109375,0.005420433201064112
2022-03-29,686.939697265625,690.2363340410252,674.0474221552016,9369730.0,690.7269849117392,690.6632080078125,0.005420433201064112,687.1280883789062,662.9219848632813,86.92865075263614,2.7252169465893985,686.939697265625,684.2022705078125,686.5619506835938,685.4090576171875,653.9781494140625,0.030187279302456682
2022-03-30,690.6632080078125,692.6892774825112,685.2816350047303,7159500.0,696.6137496400896,711.512451171875,0.030187279302456682,691.9759155273438,664.1462097167969,85.75155512762633,5.215149438548906,690.6632080078125,686.939697265625,684.2022705078125,687.2733154296875,654.0860595703125,0.0011170567758560512
2022-03-31,711.512451171875,713.7298509987133,696.5156589812271,12722540.0,715.0544484379659,712.3072509765625,0.0011170567758560512,697.1249755859375,666.2478240966797,84.24383033565044,7.169922179477567,711.512451171875,690.6632080078125,686.939697265625,686.5619506835938,671.162841796875,0.02040642505228174
2022-04-01,712.3072509765625,730.4633667157026,710.4136459427307,16330110.0,709.3637740047765,726.8428955078125,0.02040642505228174,705.6531005859375,669.4843780517579,85.76136390857542,9.779269364413267,712.3072509765625,711.512451171875,690.6632080078125,684.2022705078125,686.2529296875,0.011143213044293887
2022-04-04,726.8428955078125,730.8558097127109,708.4170014811692,8715130.0,730.8558084885368,734.9422607421875,0.011143213044293887,715.25361328125,674.1583099365234,86.32674119788894,12.358288238949399,726.8428955078125,712.3072509765625,711.512451171875,686.939697265625,674.086669921875,-0.013643716364702962
2022-04-05,734.9422607421875,744.7782750838709,728.9916068053916,10497590.0,729.482181181763,724.9149169921875,-0.013643716364702962,722.103955078125,680.3564544677735,79.18174630796065,13.438149813142218,734.9422607421875,726.8428955078125,712.3072509765625,690.6632080078125,685.4090576171875,-0.0056168195924124475
2022-04-06,724.9149169921875,733.8924284480539,719.1801463432848,10720820.0,721.1424430826893,720.8432006835938,-0.0056168195924124475,723.9701049804687,686.1702362060547,72.92521589831782,13.806244619437962,724.9149169921875,734.9422607421875,726.8428955078125,711.512451171875,687.2733154296875,-0.007724277844033511
2022-04-07,720.8432006835938,728.5010394406759,716.2367121773649,7670310.0,717.2178577934982,715.2752075195312,-0.007724277844033511,724.5636962890625,690.1816497802735,64.68278156451733,13.49313147032069,720.8432006835938,724.9149169921875,734.9422607421875,712.3072509765625,686.5619506835938,0.010479757393697442
2022-04-08,715.2752075195312,721.7311062690776,713.29327307233,7182660.0,719.0133714137547,722.7711181640625,0.010479757393697442,723.7493408203125,694.0164581298828,75.85180278052904,13.692011402395678,715.2752075195312,720.8432006835938,724.9149169921875,726.8428955078125,684.2022705078125,-0.004065569982879436
2022-04-11,722.7711181640625,728.5010382008705,712.3121262408512,8819730.0,720.6568308003084,719.8326416015625,-0.004065569982879436,720.7274169921875,697.4929046630859,70.06580492199186,13.457386308267587,722.7711181640625,715.2752075195312,720.8432006835938,734.9422607421875,686.939697265625,-0.008471190389340522
2022-04-12,719.8326416015625,724.4784146052326,715.7461890306677,5975080.0,716.2318025122552,713.7348022460938,-0.008471190389340522,718.4913940429688,700.4807373046875,64.69914133376369,12.633765373591132,719.8326416015625,722.7711181640625,715.2752075195312,724.9149169921875,690.6632080078125,0.0074162180041768
2022-04-13,713.7348022460938,716.2318025122552,708.3875435760132,8055980.0,717.5121611161284,719.0280151367188,0.0074162180041768,718.1283569335938,703.7278350830078,67.16107518528221,12.266754383298121,713.7348022460938,719.8326416015625,722.7711181640625,720.8432006835938,711.512451171875,-0.009142353649721935
2022-04-18,719.0280151367188,724.0858522393564,714.4755425534886,6723170.0,712.8517397983316,712.4544067382812,-0.009142353649721935,717.5641967773438,705.7924133300781,64.29675835583403,11.315027673839268,719.0280151367188,713.7348022460938,719.8326416015625,715.2752075195312,712.3072509765625,-0.0002615470271063458
2022-04-19,712.4544067382812,723.595302366279,709.52563990062,7582220.0,716.2367863520296,712.26806640625,-0.0002615470271063458,715.4635864257813,707.0931701660156,63.156910215454,10.425561904342317,712.4544067382812,719.0280151367188,713.7348022460938,722.7711181640625,726.8428955078125,-0.03127611441498568
2022-04-20,712.26806640625,730.2966293503849,701.6176827864202,11911100.0,713.7789745130998,689.9910888671875,-0.03127611441498568,709.4952758789062,707.8883911132813,49.707286783461335,7.832796362112276,712.26806640625,712.4544067382812,719.0280151367188,719.8326416015625,734.9422607421875,0.015015992302040537
2022-04-21,689.9910888671875,715.7167143709415,682.8777786726804,15581810.0,696.5157343265954,700.3519897460938,0.015015992302040537,706.8187133789063,708.6355377197266,44.65085909567213,6.538675322361996,689.9910888671875,712.26806640625,712.4544067382812,713.7348022460938,724.9149169921875,-0.003831604277529599
2022-04-22,700.3519897460938,705.1498091947344,691.4431651883674,8753430.0,694.6514816459351,697.6685180664062,-0.003831604277529599,702.5468139648438,709.1552978515625,43.108512319517274,5.236181891444403,700.3519897460938,689.9910888671875,712.26806640625,719.0280151367188,720.8432006835938,-0.014801583923715
2022-04-25,697.6685180664062,707.112049861381,693.8077103201488,8079870.0,686.8023005431959,687.3419189453125,-0.014801583923715,697.52431640625,709.1942962646484,30.636729848177666,3.3322639528156515,697.6685180664062,700.3519897460938,689.9910888671875,712.4544067382812,715.2752075195312,0.03355228164146418
2022-04-26,687.3419189453125,694.1559860989736,681.8965698250303,6849530.0,699.6553351455192,710.40380859375,0.03355228164146418,697.15146484375,710.5043731689453,39.51010014037394,3.642310736924287,687.3419189453125,697.6685180664062,700.3519897460938,712.26806640625,722.7711181640625,-0.07270859924380046
2022-04-27,710.40380859375,712.6015665124297,696.3194739776702,10124190.0,696.6138009219862,658.7513427734375,-0.07270859924380046,690.903515625,709.0949554443359,29.139713104280645,-0.27670755449059925,710.40380859375,687.3419189453125,697.6685180664062,689.9910888671875,719.8326416015625,0.0020182559370525155
2022-04-28,658.7513427734375,696.6138009219862,656.2739845529181,39843570.0,662.0774778526325,660.0808715820312,0.0020182559370525155,682.8492919921875,707.5658386230468,30.505551882846504,-3.237950840190024,658.7513427734375,710.40380859375,687.3419189453125,700.3519897460938,713.7348022460938,-0.008301613581062517
2022-04-29,660.0808715820312,667.6700234572988,645.5942328213117,24990940.0,667.1794371222525,654.6011352539062,-0.008301613581062517,674.2358154296875,704.7202728271484,30.522837296751234,-5.958243482338389,660.0808715820312,658.7513427734375,710.40380859375,697.6685180664062,719.0280151367188,-0.006842247331814488
2022-05-02,654.6011352539062,669.4949278552998,652.5603343256612,13375170.0,642.6507735059253,650.1221923828125,-0.006842247331814488,666.7918701171875,701.6110198974609,26.21810579214639,-8.37892126881161,654.6011352539062,660.0808715820312,658.7513427734375,687.3419189453125,712.4544067382812,-0.04322279409238161
2022-05-04,650.1221923828125,652.4475041313099,640.2469532922647,12387410.0,650.4900641025816,622.0220947265625,-0.04322279409238161,649.11552734375,696.3699798583984,22.50993227526297,-12.421580643683228,650.1221923828125,654.6011352539062,660.0808715820312,710.40380859375,712.26806640625,-0.004779314723178163
2022-05-05,622.0220947265625,654.2086462667639,617.1409166764064,16491150.0,627.9335264379265,619.0492553710938,-0.004779314723178163,641.1751098632812,690.5753295898437,22.912409115989306,-15.684499468378363,622.0220947265625,650.1221923828125,654.6011352539062,658.7513427734375,689.9910888671875,-0.048997964309204556
2022-05-06,619.0492553710938,637.4947907333263,617.1409189522745,14860280.0,608.4086508745248,588.7171020507812,-0.048997964309204556,626.9023559570312,683.7654388427734,17.392199471069816,-20.48183557061884,619.0492553710938,622.0220947265625,650.1221923828125,660.0808715820312,700.3519897460938,0.00610810736277001
2022-05-09,588.7171020507812,608.8060437753123,586.2347737621367,30648650.0,584.8612129520544,592.3130493164062,0.00610810736277001,614.4447387695312,677.3389312744141,19.48215685496274,-23.72016480821469,588.7171020507812,619.0492553710938,622.0220947265625,654.6011352539062,697.6685180664062,-0.01797266967126543
2022-05-10,592.3130493164062,601.9577330170796,572.2584190358513,19356480.0,588.6877324935665,581.6676025390625,-0.01797266967126543,600.7538208007812,670.6585510253906,18.499190602628587,-26.83621150585475,592.3130493164062,588.7171020507812,619.0492553710938,650.1221923828125,687.3419189453125,-0.02048595378698226
2022-05-11,581.6676025390625,599.7795833338365,578.8762702853404,11779330.0,584.4687793095468,569.7515869140625,-0.02048595378698226,590.2997192382812,663.0075744628906,19.472447777846654,-29.922298210491704,581.6676025390625,592.3130493164062,588.7171020507812,622.0220947265625,710.40380859375,-0.036783180375390634
2022-05-12,569.7515869140625,588.3540797759327,562.8835637961698,18613390.0,564.1590338170366,548.7943115234375,-0.036783180375390634,576.24873046875,654.4556579589844,13.485780735372018,-33.67098300214616,569.7515869140625,581.6676025390625,592.3130493164062,619.0492553710938,658.7513427734375,-0.013882527904855335
2022-05-13,548.7943115234375,565.6062004282822,540.2092827479609,24940440.0,559.2532636642338,541.1756591796875,-0.013882527904855335,566.7404418945313,645.8277008056641,13.17253406927584,-36.8320275928055,548.7943115234375,569.7515869140625,581.6676025390625,588.7171020507812,660.0808715820312,0.023505569539335358
2022-05-16,541.1756591796875,564.0609033933547,539.6303421321555,21053150.0,546.9890529928191,553.8963012695312,0.023505569539335358,559.0570922851563,637.5711151123047,18.94615022101854,-37.87413919834512,541.1756591796875,548.7943115234375,569.7515869140625,592.3130493164062,654.6011352539062,0.03399214791080185
2022-05-17,553.8963012695312,560.4258585300463,538.4530683503976,14149550.0,555.3287240930205,572.7244262695312,0.03399214791080185,557.26845703125,630.5846160888672,17.316912238363784,-36.75703559358749,553.8963012695312,541.1756591796875,548.7943115234375,581.6676025390625,650.1221923828125,-0.003785893924420858
2022-05-18,572.7244262695312,573.872410388406,554.5438191453891,14017700.0,577.8901961701582,570.55615234375,-0.003785893924420858,557.4293701171875,623.4990203857421,22.634610242188216,-35.6358960956934,572.7244262695312,553.8963012695312,541.1756591796875,569.7515869140625,622.0220947265625,-0.01860634882871104
2022-05-19,570.55615234375,584.4393350203867,568.0836447785932,16550940.0,554.445730530906,559.940185546875,-0.01860634882871104,559.658544921875,616.9964752197266,20.62118799123455,-35.198261121359565,570.55615234375,572.7244262695312,553.8963012695312,548.7943115234375,619.0492553710938,0.010968971207949263
2022-05-20,559.940185546875,563.6685293778874,550.5211454699634,10650250.0,572.9894012565227,566.0821533203125,0.010968971207949263,564.63984375,610.2829833984375,24.131226818713188,-33.96430738892798,559.940185546875,570.55615234375,572.7244262695312,541.1756591796875,588.7171020507812,0.0042290362265478
2022-05-23,566.0821533203125,573.1807319584829,560.4307414250434,10986100.0,571.5176645363003,568.4761352539062,0.0042290362265478,567.555810546875,603.8233642578125,25.845417344855605,-32.419503969796665,566.0821533203125,559.940185546875,570.55615234375,553.8963012695312,592.3130493164062,0.0008284380582039841
2022-05-24,568.4761352539062,579.4894774536522,566.2390931615039,9680210.0,567.3968547033828,568.9470825195312,0.0008284380582039841,566.800341796875,597.9036224365234,31.229426064642468,-30.802166421142033,568.4761352539062,566.0821533203125,559.940185546875,572.7244262695312,581.6676025390625,0.004932077858923689
2022-05-25,568.9470825195312,572.3025858695619,561.7062185274979,10840690.0,572.8913370486013,571.753173828125,0.004932077858923689,567.03974609375,590.9710906982422,33.25345812537901,-28.96015203879108,568.9470825195312,568.4761352539062,566.0821533203125,570.55615234375,569.7515869140625,-0.0016472728778885726
2022-05-26,571.753173828125,576.6883683627923,569.2414417458124,8675980.0,573.9706027685608,570.8113403320312,-0.0016472728778885726,569.2139770507813,586.5740905761719,41.993572326069085,-27.262080171523166,571.753173828125,568.9470825195312,568.4761352539062,559.940185546875,548.7943115234375,0.030200253994445925
2022-05-27,570.8113403320312,576.4676034095489,554.6812922793636,12595460.0,578.8762942030093,588.0499877929688,0.030200253994445925,573.6075439453125,582.9725463867187,48.301079976649156,-24.245840248186937,570.8113403320312,571.753173828125,568.9470825195312,566.0821533203125,541.1756591796875,0.019637949056791282
2022-05-30,588.0499877929688,596.2425950059826,575.0547103519951,16258050.0,597.3218170403844,599.5980834960938,0.019637949056791282,579.83193359375,580.2223937988281,57.09463294095941,-20.68516782768063,588.0499877929688,570.8113403320312,571.753173828125,568.4761352539062,553.8963012695312,-0.004753550428219566
2022-05-31,599.5980834960938,601.1483113180122,592.7202387940043,8174840.0,599.4803295937429,596.7478637695312,-0.004753550428219566,585.39208984375,577.553677368164,61.50729373443886,-17.88710676042649,599.5980834960938,588.0499877929688,570.8113403320312,568.9470825195312,572.7244262695312,-0.011837947730399478
2022-06-01,596.7478637695312,605.2886983436116,590.3017260344151,15489660.0,594.5745931514375,589.68359375,-0.011837947730399478,588.978173828125,575.9367523193359,69.77090504724265,-16.054583512592558,596.7478637695312,599.5980834960938,588.0499877929688,571.753173828125,570.55615234375,0.007936550652826169
2022-06-02,589.68359375,601.442616504672,586.4555844479567,8876200.0,589.3745571665372,594.3636474609375,0.007936550652826169,593.6886352539062,574.7024719238282,76.46981992435389,-14.062550090623972,589.68359375,596.7478637695312,599.5980834960938,570.8113403320312,559.940185546875,-0.004894509724427509
2022-06-03,594.3636474609375,596.5369127273347,583.7035031661567,7508090.0,600.952016346106,591.4545288085938,-0.004894509724427509,594.3695434570312,574.8393432617188,70.71433091816387,-12.573649608748724,594.3636474609375,589.68359375,596.7478637695312,588.0499877929688,566.0821533203125,-0.0011943790503397
2022-06-06,591.4545288085938,605.1709328105113,590.0613180444543,10434650.0,589.4922719037529,590.7481079101562,-0.0011943790503397,592.5995483398438,574.7610961914063,62.42397520085356,-11.32019534722599,591.4545288085938,594.3636474609375,589.68359375,599.5980834960938,568.4761352539062,-0.023650410995476046
2022-06-07,590.7481079101562,593.5934558672517,579.9554996216608,7376570.0,586.725510611122,576.7766723632812,-0.023650410995476046,588.6053100585938,574.5165496826172,53.68780535109361,-11.323669683422281,590.7481079101562,591.4545288085938,594.3636474609375,596.7478637695312,568.9470825195312,0.012877055218203592
2022-06-08,576.7766723632812,587.7017464274888,572.3664243610633,8969820.0,578.8762408993878,584.203857421875,0.012877055218203592,587.5093627929688,575.2391632080078,64.94984077511008,-10.604865073962628,576.7766723632812,590.7481079101562,591.4545288085938,589.68359375,571.753173828125,-0.009362910845798322
2022-06-09,584.203857421875,593.9859158867968,569.2855131239434,13341460.0,579.3668672906063,578.7340087890625,-0.009362910845798322,584.3834350585937,576.7361480712891,57.86042892441265,-10.357187107642062,584.203857421875,576.7766723632812,590.7481079101562,594.3636474609375,570.8113403320312,-0.039170729989038144
2022-06-10,578.7340087890625,581.9766899964898,574.4611359841658,12376740.0,571.5176269100477,556.0645751953125,-0.039170729989038144,577.3054443359375,577.4805938720704,43.84063699646281,-11.853494661648597,578.7340087890625,584.203857421875,576.7766723632812,591.4545288085938,588.0499877929688,-0.054565349536065955
2022-06-13,556.0645751953125,572.4987730506658,554.5830349414739,21518910.0,542.0882300440494,525.7227172851562,-0.054565349536065955,564.3003662109375,576.0719146728516,33.45472658016814,-15.311165944239974,556.0645751953125,578.7340087890625,584.203857421875,590.7481079101562,599.5980834960938,0.0032659421478593575
2022-06-14,525.7227172851562,544.9286676867293,522.4603939283447,19327850.0,524.6189018506501,527.439697265625,0.0032659421478593575,554.4329711914063,573.8076782226562,32.895225386701654,-17.70871437581411,525.7227172851562,556.0645751953125,578.7340087890625,576.7766723632812,596.7478637695312,0.02031343371321781
2022-06-15,527.439697265625,535.8039329567721,518.4572747735951,18845410.0,531.585027251777,538.15380859375,0.02031343371321781,545.2229614257812,572.1875610351562,38.27863181881312,-18.530639857273172,527.439697265625,525.7227172851562,556.0645751953125,584.203857421875,589.68359375,-0.036654859323551725
2022-06-16,538.15380859375,539.6206174494472,529.4412250869567,16599430.0,546.0078618324616,518.4278564453125,-0.036654859323551725,533.1617309570313,570.1119445800781,25.44971975779636,-20.53700341319461,538.15380859375,527.439697265625,525.7227172851562,578.7340087890625,594.3636474609375,0.025672357245569266
2022-06-17,518.4278564453125,550.9086823244636,515.5775979817952,21796860.0,512.1583318045123,531.7371215820312,0.025672357245569266,528.296240234375,568.3946929931641,26.364314309717926,-20.81319298697656,518.4278564453125,538.15380859375,527.439697265625,556.0645751953125,591.4545288085938,0.009392008545473285
2022-06-20,531.7371215820312,537.1775606570316,512.1583318045123,19379390.0,532.5662396067472,536.731201171875,0.009392008545473285,530.4979370117187,566.8074462890625,29.404029660486216,-20.394005329787092,531.7371215820312,518.4278564453125,538.15380859375,525.7227172851562,590.7481079101562,0.014386265602462922
2022-06-21,536.731201171875,540.6116518470542,525.1095511212463,11194560.0,542.0833121144091,544.4527587890625,0.014386265602462922,533.9005493164062,565.582730102539,34.5478035529155,-19.217206924295624,536.731201171875,531.7371215820312,518.4278564453125,527.439697265625,576.7766723632812,-0.019741793842683153
2022-06-22,544.4527587890625,545.90980650663,535.2152882505161,10023590.0,542.7210202385364,533.7042846679688,-0.019741793842683153,533.01064453125,563.6802856445313,30.101992397520092,-18.933642497467417,544.4527587890625,536.731201171875,531.7371215820312,538.15380859375,584.203857421875,0.0015718971099851764
2022-06-23,533.7042846679688,542.7210202385364,530.3094974092375,8983460.0,534.2930157984918,534.543212890625,0.0015718971099851764,536.2337158203125,561.8668792724609,31.07441874625775,-18.428785581222314,533.7042846679688,544.4527587890625,536.731201171875,518.4278564453125,578.7340087890625,0.0256233303752611
2022-06-24,534.543212890625,539.139880816679,524.226445384994,11018570.0,540.6115545982128,548.239990234375,0.0256233303752611,539.5342895507813,559.8763793945312,36.98831092207443,-16.730607347839737,534.543212890625,533.7042846679688,544.4527587890625,531.7371215820312,556.0645751953125,0.009565521949455702
2022-06-27,548.239990234375,551.0754572318209,535.2152505142016,13049330.0,559.2533363656881,553.4841918945312,0.009565521949455702,542.8848876953125,557.5706848144531,42.46776500904759,-14.791122760785811,548.239990234375,534.543212890625,533.7042846679688,536.731201171875,525.7227172851562,-0.011513533154284383
2022-06-28,553.4841918945312,561.7062018760639,548.2399941778655,10490080.0,550.1286697518168,547.1116333007812,-0.011513533154284383,543.4166625976562,555.0888732910156,37.92287975364001,-13.611376003355758,553.4841918945312,548.239990234375,534.543212890625,544.4527587890625,527.439697265625,-0.011378447071507147
2022-06-29,547.1116333007812,551.3060571332466,542.0832591771918,7395000.0,538.1587371232523,540.8863525390625,-0.011378447071507147,544.853076171875,552.6490112304688,37.73723782516008,-13.028561185752892,547.1116333007812,553.4841918945312,548.239990234375,533.7042846679688,538.15380859375,-0.01680410549361866
2022-06-30,540.8863525390625,544.9286704410125,535.7058714116605,7559820.0,542.8556714034239,531.7972412109375,-0.01680410549361866,544.3038818359375,549.5206909179688,41.37861197725804,-13.148523572088266,540.8863525390625,547.1116333007812,553.4841918945312,534.543212890625,518.4278564453125,0.03960763762879371
2022-07-01,531.7972412109375,545.0614313402924,529.4831766580952,11982750.0,528.203138829888,552.8604736328125,0.03960763762879371,545.227978515625,547.5909881591797,60.321638146406734,-11.412412615226003,531.7972412109375,540.8863525390625,547.1116333007812,548.239990234375,531.7371215820312,0.0028319511030279187
2022-07-04,552.8604736328125,554.785615534977,525.3523589384246,12218900.0,552.7126865946396,554.4261474609375,0.0028319511030279187,545.4163696289063,545.7748901367188,60.275917206245325,-9.797258681364156,552.8604736328125,531.7972412109375,540.8863525390625,553.4841918945312,536.731201171875,0.005470337146089355
2022-07-05,554.4261474609375,556.2626380509475,545.63255738945,7898180.0,557.3507407861828,557.4590454101562,0.005470337146089355,547.4858520507812,544.8090087890625,57.80779364914015,-8.178234438869595,554.4261474609375,552.8604736328125,531.7972412109375,547.1116333007812,544.4527587890625,0.04515017339089922
2022-07-06,557.4590454101562,566.7055677075056,554.0470290378064,12284530.0,559.3201463061232,582.62841796875,0.04515017339089922,555.8342651367187,544.7302368164062,74.8701710781546,-4.808755703592965,557.4590454101562,554.4261474609375,552.8604736328125,540.8863525390625,533.7042846679688,-0.009464597145713793
2022-07-07,582.62841796875,584.809596040709,555.9622824362302,22229520.0,584.4305271693245,577.1140747070312,-0.009464597145713793,564.8976318359375,544.6492401123047,68.70805850445447,-2.5539407073327993,582.62841796875,557.4590454101562,554.4261474609375,531.7972412109375,534.543212890625,0.002132846953557088
2022-07-08,577.1140747070312,589.541219440329,572.7123510250307,13352470.0,583.7412097280683,578.344970703125,0.002132846953557088,569.99453125,545.7632598876953,67.70598201458654,-0.6600518905479476,577.1140747070312,582.62841796875,557.4590454101562,552.8604736328125,548.239990234375,-0.001992062986169496
2022-07-11,578.344970703125,583.7412097280683,571.2352707234224,8032820.0,576.0604205849503,577.19287109375,-0.001992062986169496,574.5478759765625,548.336767578125,64.7552626830331,0.739380710920841,578.344970703125,577.1140747070312,582.62841796875,554.4261474609375,553.4841918945312,0.0020556793004937735
2022-07-12,577.19287109375,581.3729970297981,572.4957438161939,7613370.0,576.0406877735147,578.37939453125,0.0020556793004937735,578.7319458007812,550.8837524414063,72.03308045978396,1.9220277160782189,577.19287109375,578.344970703125,577.1140747070312,557.4590454101562,547.1116333007812,0.0009109167334306889
2022-07-13,578.37939453125,586.8480108523121,569.5612824300628,9754460.0,583.9332193749682,578.90625,0.0009109167334306889,577.9875122070313,552.9213745117188,71.94672715238826,2.8687279117447133,578.37939453125,577.19287109375,578.344970703125,582.62841796875,540.8863525390625,-0.008173182354925812
2022-07-14,578.90625,588.763293105838,577.6950052150438,8869340.0,583.4458488799379,574.1747436523438,-0.008173182354925812,577.3996459960938,555.7087188720703,64.07897466006557,3.200310431479579,578.90625,578.37939453125,577.19287109375,577.1140747070312,531.7972412109375,0.014466032101312143
2022-07-15,574.1747436523438,583.6378762450292,570.6149349490591,6929200.0,576.5527486352939,582.4807739257812,0.014466032101312143,578.226806640625,558.2459014892578,65.23467713695304,4.0862158413298175,574.1747436523438,578.90625,578.37939453125,578.344970703125,552.8604736328125,0.024445465514522313
2022-07-18,582.4807739257812,583.765824505065,572.4021332312084,5698590.0,587.8671765608831,596.7197875976562,0.024445465514522313,582.1321899414063,561.2453308105469,74.07395340295837,5.869610448611866,582.4807739257812,574.1747436523438,578.90625,577.19287109375,554.4261474609375,0.0010148663290530102
2022-07-19,596.7197875976562,597.5371209048901,584.0711054023504,9664320.0,594.770062379936,597.3253784179688,0.0010148663290530102,585.92138671875,563.8889617919922,78.96889569472005,7.248276027463248,596.7197875976562,582.4807739257812,574.1747436523438,578.37939453125,557.4590454101562,0.0013931323703615384
2022-07-20,597.3253784179688,600.4962037124106,591.0330719458227,9785600.0,605.5035549042611,598.1575317382812,0.0013931323703615384,589.7716430664062,567.1116241455078,87.21575097468056,8.31220828684502,597.3253784179688,596.7197875976562,582.4807739257812,578.90625,582.62841796875,0.03169033162850643
2022-07-21,598.1575317382812,605.5626356223806,594.9719811566224,8270920.0,598.6105002153198,617.1133422851562,0.03169033162850643,598.3593627929688,571.2401306152344,86.90624853194522,10.563191858056257,598.1575317382812,597.3253784179688,596.7197875976562,574.1747436523438,577.1140747070312,-0.0013803082549970203
2022-07-22,617.1133422851562,618.713510115035,594.3761618758284,13254930.0,617.5170158098325,616.2615356445312,-0.0013803082549970203,605.1155151367187,574.6412078857422,85.81135106054319,12.138454333023105,617.1133422851562,598.1575317382812,597.3253784179688,582.4807739257812,578.344970703125,-0.004993349892327581
2022-07-25,616.2615356445312,622.8345203406792,612.2685088963808,9532950.0,614.4644484189229,613.184326171875,-0.004993349892327581,608.4084228515625,577.6262145996094,82.25618747955289,12.988828971340467,616.2615356445312,617.1133422851562,598.1575317382812,596.7197875976562,577.19287109375,0.006014087417478109
2022-07-26,613.184326171875,623.7208279328833,609.0484957485637,7240230.0,620.3727378351322,616.8720703125,0.006014087417478109,612.3177612304687,581.1142364501953,76.38284105251476,13.801235084130894,613.184326171875,616.2615356445312,617.1133422851562,597.3253784179688,578.37939453125,0.021055262420509147
2022-07-27,616.8720703125,628.6148279724597,611.7564498096442,15304060.0,618.3048156110328,629.8604736328125,0.021055262420509147,618.658349609375,585.5629425048828,86.44134407545687,15.316568513331958,616.8720703125,613.184326171875,616.2615356445312,598.1575317382812,578.90625,0.10634970193710358
2022-07-28,629.8604736328125,633.1149613020903,610.0331555624259,14449890.0,642.2334914514631,696.845947265625,0.10634970193710358,634.6048706054687,593.8153778076172,92.89590200878456,21.672818315883887,629.8604736328125,616.8720703125,613.184326171875,617.1133422851562,574.1747436523438,0.018723629523512253
2022-07-29,696.845947265625,700.1300054770292,642.2334914514631,64857820.0,706.5355687633352,709.8934326171875,0.018723629523512253,653.33125,601.667025756836,94.22714989784187,27.44662746768438,696.845947265625,629.8604736328125,616.8720703125,616.2615356445312,582.4807739257812,0.0071993605994518095
2022-08-01,709.8934326171875,714.9056765465941,701.6119759496534,26067620.0,714.0244211447485,715.0042114257812,0.0071993605994518095,673.6952270507812,609.6959289550781,94.37430642256177,32.06518249194369,709.8934326171875,696.845947265625,629.8604736328125,613.184326171875,596.7197875976562,0.011141710078910627
2022-08-02,715.0042114257812,719.8293570117132,708.2096885770227,12270770.0,709.1402245778991,722.9705810546875,0.011141710078910627,694.9149291992187,617.9715057373047,94.63363863762028,35.953787196539,715.0042114257812,709.8934326171875,696.845947265625,616.8720703125,597.3253784179688,-0.006204058201035867
2022-08-03,722.9705810546875,724.359007892677,707.2445931130192,12491240.0,721.4048867445554,718.4852294921875,-0.006204058201035867,712.6398803710938,624.7643463134766,94.77820010946535,38.232879222828274,722.9705810546875,715.0042114257812,709.8934326171875,629.8604736328125,598.1575317382812,0.0027821050247620605
2022-08-04,718.4852294921875,726.3679073973515,710.7699369352849,12186210.0,722.6800942619888,720.484130859375,0.0027821050247620605,717.3675170898438,631.9328491210938,94.56548861957869,39.742246825732764,718.4852294921875,722.9705810546875,715.0042114257812,696.845947265625,617.1133422851562,-0.0016332029075230015
2022-08-05,720.484130859375,727.2147042956642,709.489769052168,9494810.0,722.7785915122473,719.3074340820312,-0.0016332029075230015,719.2503173828125,638.9809722900391,93.23476077556144,40.37802914405222,720.484130859375,718.4852294921875,722.9705810546875,709.8934326171875,616.2615356445312,0.0051336713807133005
2022-08-08,719.3074340820312,725.5357918293016,716.4862246458998,7580780.0,718.8446380801798,723.0001220703125,0.0051336713807133005,720.8494995117187,646.2713348388672,93.37893723389239,40.710574114518295,719.3074340820312,720.484130859375,718.4852294921875,715.0042114257812,613.184326171875,-0.026259210777574205
2022-08-10,723.0001220703125,728.4948691462439,715.2996748648775,9574820.0,725.6391512947654,704.0147094726562,-0.026259210777574205,717.0583251953125,652.5531005859375,82.469508656344,38.992671031001805,723.0001220703125,719.3074340820312,720.484130859375,722.9705810546875,616.8720703125,0.023715390690096427
2022-08-11,704.0147094726562,725.6391512947654,699.6425565393048,19065230.0,713.3302317036953,720.710693359375,0.023715390690096427,717.50341796875,659.6433227539062,82.22306513226664,38.53424800176276,704.0147094726562,723.0001220703125,719.3074340820312,718.4852294921875,629.8604736328125,-0.001304864345936796
2022-08-12,720.710693359375,721.3064289245398,710.7059179711133,10270510.0,719.0415814758921,719.770263671875,-0.001304864345936796,717.36064453125,666.9230987548829,82.17775981572451,37.66092789835011,720.710693359375,704.0147094726562,723.0001220703125,720.484130859375,696.845947265625,-0.00318764566194929
2022-08-16,719.770263671875,723.0789039629386,716.0923538812965,10369410.0,722.6850916000957,717.4758911132812,-0.00318764566194929,716.9943359375,673.6728546142579,82.57969255925676,36.364491511818755,719.770263671875,720.710693359375,704.0147094726562,719.3074340820312,709.8934326171875,0.033076636786082636
2022-08-17,717.4758911132812,727.1163258336643,716.0973209687586,8044640.0,718.8445988741365,741.2075805664062,0.033076636786082636,720.6358276367188,680.8972442626953,84.51845779340162,36.82748106265683,717.4758911132812,719.770263671875,720.710693359375,723.0001220703125,715.0042114257812,-0.0051613376048722515
2022-08-18,741.2075805664062,752.1280765001466,718.4506873817165,23444140.0,737.5542717517491,737.3819580078125,-0.0051613376048722515,727.30927734375,687.9000732421875,81.45057051326913,36.465357901942184,741.2075805664062,717.4758911132812,719.770263671875,704.0147094726562,722.9705810546875,-0.024912372594064203
2022-08-19,737.3819580078125,747.2832968602224,733.8517199967891,8353540.0,739.5237309210277,719.0120239257812,-0.024912372594064203,726.9695434570312,693.9427978515625,59.06056476686265,34.300675693676794,737.3819580078125,741.2075805664062,717.4758911132812,720.710693359375,718.4852294921875,-0.027322410401846575
2022-08-22,719.0120239257812,742.3498687329952,715.9889303567252,11004270.0,715.0042200003065,699.3668823242188,-0.027322410401846575,722.8888671875,698.0554748535156,45.917390038419384,30.64667491051034,719.0120239257812,737.3819580078125,741.2075805664062,719.770263671875,720.484130859375,0.01485465675175135
2022-08-23,699.3668823242188,716.8554959540722,698.0523213326999,10608620.0,697.6732192709756,709.7557373046875,0.01485465675175135,721.3448364257813,702.7301849365234,48.04449556577073,28.26334449581043,699.3668823242188,719.0120239257812,737.3819580078125,717.4758911132812,719.3074340820312,-0.00427324334973711
2022-08-24,709.7557373046875,713.9210782942233,694.2267037205896,10886030.0,705.5509606431292,706.7227783203125,-0.00427324334973711,714.4478759765625,707.4071075439454,43.715265678311425,25.83202798986099,709.7557373046875,699.3668823242188,719.0120239257812,741.2075805664062,723.0001220703125,-0.018078847591136538
2022-08-25,706.7227783203125,712.5818667062291,703.089163850934,9530960.0,710.257912116801,693.946044921875,-0.018078847591136538,705.760693359375,711.2608062744141,41.080255294829676,22.613541704243403,706.7227783203125,709.7557373046875,699.3668823242188,737.3819580078125,704.0147094726562,0.0021214444257200427
2022-08-26,693.946044921875,712.8378702275278,691.7747234228714,13542960.0,701.1197125113813,695.418212890625,0.0021214444257200427,701.0419311523438,714.5386932373046,40.85376989129108,19.95166936168846,693.946044921875,706.7227783203125,709.7557373046875,719.0120239257812,720.710693359375,-0.013841557796865911
2022-08-29,695.418212890625,703.2368817516622,691.83382240769,7591390.0,677.584889788876,685.7925415039062,-0.013841557796865911,698.3270629882812,713.9860229492188,38.48108626535868,16.870927565456213,695.418212890625,693.946044921875,706.7227783203125,699.3668823242188,719.770263671875,0.0490928063972802
2022-08-30,685.7925415039062,690.8293678622837,675.6499512682612,9967350.0,689.3030150636228,719.4600219726562,0.0490928063972802,700.267919921875,714.4643524169921,48.99115115669483,16.950704627847472,685.7925415039062,695.418212890625,693.946044921875,709.7557373046875,717.4758911132812,-0.0171017370493296
2022-09-01,719.4600219726562,722.2910879273819,689.3030150636228,17313810.0,711.8137058208464,707.156005859375,-0.0171017370493296,700.3545654296875,714.0719421386718,50.930638357120515,15.83852064629275,719.4600219726562,685.7925415039062,695.418212890625,706.7227783203125,741.2075805664062,0.0012602230752791765
2022-09-02,707.156005859375,722.177893608036,703.2860687939886,14625790.0,710.6813507659866,708.0471801757812,0.0012602230752791765,703.1747924804688,713.3257720947265,45.86068384832968,14.857746296852952,707.156005859375,719.4600219726562,685.7925415039062,693.946044921875,737.3819580078125,0.0008135754520546268
2022-09-05,708.0471801757812,720.124769390479,706.3830031776934,9063700.0,708.0816467435551,708.6232299804688,0.0008135754520546268,705.8157958984375,712.8326721191406,46.34767455301094,13.965966989866956,708.0471801757812,707.156005859375,719.4600219726562,695.418212890625,719.0120239257812,-0.010679165687273673
2022-09-06,708.6232299804688,714.3149326256492,704.861597525834,7070250.0,711.828550384278,701.0557250976562,-0.010679165687273673,708.8684326171875,711.8612518310547,44.79963071555819,12.50444757647847,708.6232299804688,708.0471801757812,707.156005859375,685.7925415039062,699.3668823242188,0.006622789272979324
2022-09-07,701.0557250976562,714.4134370448469,699.6426561273104,7919050.0,696.9838730124944,705.6986694335938,0.006622789272979324,706.116162109375,711.1808135986328,37.20733866520309,11.587259007870102,701.0557250976562,708.6232299804688,708.0471801757812,719.4600219726562,709.7557373046875,0.0127188960339355
2022-09-08,705.6986694335938,709.7802875120169,696.1961100852236,7919940.0,710.9668971335641,714.6743774414062,0.0127188960339355,707.6198364257813,710.7645263671875,42.111936251114706,11.452626334992601,705.6986694335938,701.0557250976562,708.6232299804688,707.156005859375,706.7227783203125,-0.010575080758974176
2022-09-09,714.6743774414062,716.8210569822292,706.5356630101555,7722510.0,718.8446107996414,707.1166381835938,-0.010575080758974176,707.4337280273437,710.9196228027344,45.53222080907577,10.61373405692973,714.6743774414062,705.6986694335938,701.0557250976562,708.0471801757812,693.946044921875,0.014761338819664349
2022-09-12,707.1166381835938,721.2079595884584,705.5509090930726,6496070.0,710.6566675999901,717.5546264648438,0.014761338819664349,709.2200073242187,710.7618194580078,57.33868044226936,10.66818807168761,707.1166381835938,714.6743774414062,705.6986694335938,708.6232299804688,695.418212890625,0.01599441666528434
2022-09-13,717.5546264648438,720.8041859485594,707.8009595098563,8347160.0,721.7987645645292,729.031494140625,0.01599441666528434,714.8151611328125,711.2248809814453,57.70999403344202,11.504810284489622,717.5546264648438,707.1166381835938,714.6743774414062,701.0557250976562,685.7925415039062,0.010805769908908358
2022-09-14,729.031494140625,733.0245811239777,720.0656501382678,13827000.0,716.1021911841809,736.9092407226562,0.010805769908908358,721.057275390625,712.1965484619141,61.62360825755044,12.657598807793079,729.031494140625,717.5546264648438,707.1166381835938,705.6986694335938,719.4600219726562,-0.012981962759662236
2022-09-15,736.9092407226562,744.447290749998,716.1021911841809,14933880.0,737.5493111882815,727.3427124023438,-0.012981962759662236,723.5909423828125,711.503305053711,63.18571394834261,12.6533926987006,736.9092407226562,729.031494140625,717.5546264648438,714.6743774414062,707.156005859375,-0.015190257303502097
2022-09-16,727.3427124023438,741.7737323923046,725.708045850819,7174200.0,727.2147460728141,716.294189453125,-0.015190257303502097,725.4264526367188,710.4489166259766,57.66282426172684,11.624535452622581,727.3427124023438,736.9092407226562,729.031494140625,707.1166381835938,708.0471801757812,0.03051918903618045
2022-09-19,716.294189453125,736.5843587491073,708.441082011467,11870360.0,716.3827930540051,738.1549072265625,0.03051918903618045,729.5465087890625,711.4060607910156,67.63624687065854,12.42985229927308,716.294189453125,727.3427124023438,736.9092407226562,717.5546264648438,708.6232299804688,0.018583041244657483
2022-09-20,738.1549072265625,740.946606139471,708.1062042383404,16481170.0,745.4271034575453,751.8720703125,0.018583041244657483,734.1146240234375,714.0313201904297,62.61162606781279,14.01339443613358,738.1549072265625,716.294189453125,727.3427124023438,729.031494140625,701.0557250976562,0.00723600725792517
2022-09-21,751.8720703125,759.71045254859,744.9396725249621,16134500.0,752.3250198942712,757.3126220703125,0.00723600725792517,738.1953002929688,716.4091644287109,70.61730018104234,15.528368678614811,751.8720703125,738.1549072265625,716.294189453125,736.9092407226562,705.6986694335938,0.003757875080292239
2022-09-22,757.3126220703125,761.6798467123283,747.0124437474419,12392620.0,755.2792105227578,760.1585083007812,0.003757875080292239,744.7584594726562,719.0809509277344,71.08201271155052,16.765375107164687,757.3126220703125,751.8720703125,738.1549072265625,727.3427124023438,714.6743774414062,-0.027514611860817162
2022-09-23,760.1585083007812,765.9141600063678,748.3861799182476,12810390.0,759.6906778150735,739.2430419921875,-0.027514611860817162,749.3482299804688,721.34580078125,60.63695126434852,15.875011035318266,760.1585083007812,757.3126220703125,751.8720703125,716.294189453125,707.1166381835938,-0.0329885223928682
2022-09-26,739.2430419921875,761.3352011324829,736.0771452834476,14123310.0,732.3352621494431,714.8565063476562,-0.0329885223928682,744.6885498046875,722.3177154541015,54.292612693612945,13.05115587307921,739.2430419921875,760.1585083007812,757.3126220703125,738.1549072265625,717.5546264648438,-0.0022935895355009617
2022-09-27,714.8565063476562,734.6001029934089,702.0059401589464,18752050.0,721.306409077177,713.2169189453125,-0.0022935895355009617,736.95751953125,723.6889343261719,52.38300857371581,10.55920931930791,714.8565063476562,739.2430419921875,760.1585083007812,751.8720703125,729.031494140625,-0.005570994645772598
2022-09-28,713.2169189453125,726.7174332353683,709.9870730357596,11428290.0,706.9295265754347,709.2435913085938,-0.005570994645772598,727.3437133789063,723.1781127929687,48.222266088274125,8.169536061779468,713.2169189453125,714.8565063476562,739.2430419921875,757.3126220703125,736.9092407226562,-0.013571656437251334
2022-09-29,709.2435913085938,718.598418267888,705.0683939452595,8690690.0,720.0755355991389,699.6179809570312,-0.013571656437251334,715.2356079101562,722.8012115478516,47.578148655127166,5.4363298512064375,709.2435913085938,713.2169189453125,714.8565063476562,760.1585083007812,727.3427124023438,0.0325133842487455
2022-09-30,699.6179809570312,720.5088142229482,697.9735175881805,9696320.0,697.2791878381835,722.3649291992188,0.0325133842487455,711.8599853515625,723.5170989990235,51.4391636883436,5.047547866786999,699.6179809570312,709.2435913085938,713.2169189453125,739.2430419921875,716.294189453125,-0.022349381215924335
2022-10-03,722.3649291992188,724.9498154175252,691.9420300751665,16186650.0,722.4880914844904,706.2205200195312,-0.022349381215924335,710.1327880859375,723.3969635009765,43.36075827713512,3.3975515869759647,722.3649291992188,699.6179809570312,709.2435913085938,714.8565063476562,738.1549072265625,0.04418697648555403
2022-10-04,706.2205200195312,728.4948512580509,703.5421141186192,8201980.0,722.291148300752,737.42626953125,0.04418697648555403,714.974658203125,725.2154907226562,50.13249199120245,4.555448461711535,706.2205200195312,722.3649291992188,699.6179809570312,713.2169189453125,751.8720703125,-0.011290439523548801
2022-10-06,737.42626953125,739.031365780115,719.469938912535,11914950.0,743.4625452942344,729.1004028320312,-0.011290439523548801,718.9460205078125,726.3855773925782,50.45330193579666,4.746546977743947,737.42626953125,706.2205200195312,722.3649291992188,709.2435913085938,757.3126220703125,-0.007968469679289769
2022-10-07,729.1004028320312,748.2876904901057,723.4629128706162,15100600.0,727.2589730368591,723.2905883789062,-0.007968469679289769,723.6805419921875,726.8163879394531,51.85445469367338,4.378715351847745,729.1004028320312,737.42626953125,706.2205200195312,699.6179809570312,760.1585083007812,-0.007045420350194287
2022-10-10,723.2905883789062,729.454936358646,716.1119514039432,9911960.0,715.3980748327107,718.1947021484375,-0.007045420350194287,722.8464965820312,727.3702911376953,44.19332065324699,3.6341188476255866,723.2905883789062,729.1004028320312,737.42626953125,722.3649291992188,739.2430419921875,-0.012422131160776173
2022-10-11,718.1947021484375,722.5865087121217,711.0652888794591,6531130.0,719.5339450848548,709.273193359375,-0.012422131160776173,723.45703125,726.9562194824218,37.251734497653246,2.2976437474961813,718.1947021484375,723.2905883789062,729.1004028320312,706.2205200195312,714.8565063476562,0.0032486765893922076
2022-10-12,709.273193359375,724.0144030184387,706.2993237394878,7322060.0,709.4897938291837,711.577392578125,0.0032486765893922076,718.287255859375,726.0835144042969,36.051296981466166,1.4081746608849244,709.273193359375,718.1947021484375,723.2905883789062,737.42626953125,713.2169189453125,-0.010316607202102812
2022-10-13,711.577392578125,714.7580146139969,703.5814818750198,7407310.0,711.0161259974053,704.236328125,-0.010316607202102812,713.3144409179688,724.4498687744141,33.39957349741182,0.10963761772507041,711.577392578125,709.273193359375,718.1947021484375,729.1004028320312,709.2435913085938,0.016898204643216674
2022-10-14,704.236328125,711.5577092624335,700.5977853127102,6086550.0,718.8446340760893,716.1366577148438,0.016898204643216674,711.8836547851563,723.8895660400391,42.75302254904476,0.04032990027690175,704.236328125,711.577392578125,709.273193359375,723.2905883789062,699.6179809570312,0.01137167979055631
2022-10-17,716.1366577148438,723.2758681217638,711.0653324882551,8390120.0,714.4085052322487,724.2803344726562,0.01137167979055631,713.10078125,724.2888732910156,53.290948867521415,0.6352074140075956,716.1366577148438,704.236328125,711.577392578125,718.1947021484375,722.3649291992188,0.0047856131435695115
2022-10-18,724.2803344726562,725.964165023641,710.6715145066424,6174010.0,728.6918115154639,727.7464599609375,0.0047856131435695115,716.7954345703125,723.7684509277344,55.01003049979081,1.3705407481720613,724.2803344726562,716.1366577148438,704.236328125,709.273193359375,706.2205200195312,-0.0013531377548581247
2022-10-19,727.7464599609375,731.6459675080941,720.9125100272212,9069750.0,730.365822606573,726.76171875,-0.0013531377548581247,719.8322998046875,722.5129333496094,56.16766281772863,1.8524830558538952,727.7464599609375,724.2803344726562,716.1366577148438,711.577392578125,737.42626953125,0.007045615180783837
2022-10-20,726.76171875,732.6306634435014,723.7681957405557,6271770.0,725.7326396399238,731.8822021484375,0.007045615180783837,725.361474609375,721.2414123535157,61.73152233689026,2.6174338750714696,726.76171875,727.7464599609375,724.2803344726562,704.236328125,729.1004028320312,-0.03224384167067096
2022-10-21,731.8822021484375,733.5168685913562,715.0041118538086,10260540.0,737.5542451921583,708.2835083007812,-0.03224384167067096,723.7908447265625,718.6476623535157,44.9114044885334,1.304409123077562,731.8822021484375,726.76171875,727.7464599609375,716.1366577148438,723.2905883789062,0.001911669395632698
2022-10-24,708.2835083007812,737.5542451921583,704.3741441324008,23869600.0,719.82932609364,709.6375122070312,0.001911669395632698,720.8622802734375,717.1673858642578,51.38258999528798,0.3688326731754614,708.2835083007812,731.8822021484375,726.76171875,724.2803344726562,718.1947021484375,-0.01437587497949766
2022-10-25,709.6375122070312,719.82932609364,708.0127024094763,2278840.0,713.1874756970758,699.4358520507812,-0.01437587497949766,715.2001586914063,716.396353149414,31.480385010190574,-1.1821796880518605,709.6375122070312,708.2835083007812,731.8822021484375,727.7464599609375,709.273193359375,-0.018555865641228575
2022-10-27,699.4358520507812,713.1874756970758,698.1655865133345,9098990.0,707.6188088567663,686.4572143554688,-0.018555865641228575,707.1392578125,715.0583679199219,30.11431622593649,-3.419221101311109,699.4358520507812,709.6375122070312,708.2835083007812,726.76171875,711.577392578125,0.005128339638025281
2022-10-28,686.4572143554688,709.9821576945134,682.5084828911491,16414580.0,689.3030702116189,689.9776000976562,0.005128339638025281,698.7583374023437,714.095068359375,34.12630089879222,-4.852094900341967,686.4572143554688,699.4358520507812,709.6375122070312,731.8822021484375,704.236328125,0.0195878790151931
2022-10-31,689.9776000976562,698.1655382571969,687.3336328681571,8396690.0,698.5594080866111,703.4927978515625,0.0195878790151931,697.8001953125,714.2888092041015,43.51485996194144,-4.841286860520768,689.9776000976562,686.4572143554688,699.4358520507812,708.2835083007812,716.1366577148438,0.009154586324896297
2022-11-01,703.4927978515625,704.0344411706632,693.8327106623598,8189860.0,708.6971565788954,709.9329833984375,0.009154586324896297,697.8592895507812,713.6672119140625,50.297552854855866,-4.263900667627809,703.4927978515625,689.9776000976562,686.4572143554688,709.6375122070312,724.2803344726562,-0.007393086832339191
2022-11-02,709.9329833984375,712.5424519824304,705.0586136439541,7627420.0,709.6867750027657,704.6843872070312,-0.007393086832339191,698.9089965820312,713.5904052734375,46.97180549410771,-4.181632541255567,709.9329833984375,703.4927978515625,689.9776000976562,699.4358520507812,727.7464599609375,-0.004835110049768998
2022-11-03,704.6843872070312,712.936334673465,703.0940761321297,5859140.0,699.6425542394521,701.2771606445312,-0.004835110049768998,701.8729858398438,711.7829498291015,48.65345422610904,-4.341325073541952,704.6843872070312,709.9329833984375,703.4927978515625,686.4572143554688,726.76171875,0.012693950464436776
2022-11-04,701.2771606445312,708.5050214993466,698.3722889024168,6323130.0,701.2772426734904,710.1791381835938,0.012693950464436776,705.9132934570313,710.8368865966797,47.21302825346572,-3.706837253003073,701.2771606445312,704.6843872070312,709.9329833984375,689.9776000976562,731.8822021484375,-0.0030435969000243146
2022-11-07,710.1791381835938,711.449403669213,701.2772426734904,9219250.0,713.7339237224849,708.0176391601562,-0.0030435969000243146,706.81826171875,710.0732391357421,41.94113490965051,-3.3399155236471643,710.1791381835938,701.2771606445312,704.6843872070312,703.4927978515625,708.2835083007812,-0.00640465248715083
2022-11-09,708.0176391601562,713.985031786931,700.2334093672391,7224940.0,712.4439479595002,703.4830322265625,-0.00640465248715083,705.528271484375,709.3376556396485,38.102418112318496,-3.3761145449381047,708.0176391601562,710.1791381835938,701.2771606445312,709.9329833984375,709.6375122070312,-0.02364221482359763
2022-11-10,703.4830322265625,712.4439479595002,700.5928853739074,6896340.0,704.8616182519513,686.8511352539062,-0.02364221482359763,701.96162109375,708.216552734375,33.03338600574466,-4.692762373740493,703.4830322265625,708.0176391601562,710.1791381835938,704.6843872070312,699.4358520507812,0.010945966492345471
2022-11-11,686.8511352539062,705.5509333475907,685.8122642600858,10081820.0,703.9753190787779,694.369384765625,0.010945966492345471,700.5800659179688,707.35615234375,34.37132874601407,-5.0710988896880735,686.8511352539062,703.4830322265625,708.0176391601562,701.2771606445312,686.4572143554688,-0.0036373951043848773
2022-11-14,694.369384765625,704.8467445139788,688.8106292893264,12333420.0,694.7091939694412,691.8436889648438,-0.0036373951043848773,696.9129760742187,706.7365203857422,41.692010635213414,-5.5112060941003165,694.369384765625,686.8511352539062,703.4830322265625,710.1791381835938,689.9776000976562,-7.145902658489689e-06
2022-11-15,691.8436889648438,699.8396000918366,689.4064740930726,8550600.0,692.7643830891767,691.8387451171875,-7.145902658489689e-06,693.677197265625,705.5216247558594,40.880915764134315,-5.793608044445932,691.8436889648438,694.369384765625,686.8511352539062,708.0176391601562,703.4927978515625,-0.018603034860079526
2022-11-16,691.8387451171875,695.4477174763872,687.4320929213382,7195210.0,690.3862288436708,678.9684448242188,-0.018603034860079526,688.7742797851563,703.2560302734375,39.792773871488144,-6.975529732110999,691.8387451171875,691.8436889648438,694.369384765625,703.4830322265625,709.9329833984375,0.0
2022-11-17,678.9684448242188,692.734792465384,674.7883189185437,13362040.0,676.5017197714407,678.9684448242188,0.0,687.1977416992188,700.8171295166015,45.709954070187024,-7.822043536040951,678.9684448242188,691.8387451171875,691.8436889648438,686.8511352539062,704.6843872070312,-0.015018043064416453
2022-11-18,678.9684448242188,684.3794690555331,672.7598008819882,7339440.0,680.4307021560452,668.7716674804688,-0.015018043064416453,682.0781982421875,697.917626953125,38.71510477499587,-9.209544640205081,678.9684448242188,678.9684448242188,691.8387451171875,694.369384765625,701.2771606445312,-0.016550098999238427
2022-11-21,668.7716674804688,682.2130404346025,664.6850612112991,13276890.0,664.3897085096839,657.7034301757812,-0.016550098999238427,675.250146484375,694.2086883544922,24.98127463227914,-11.07460238839758,668.7716674804688,678.9684448242188,678.9684448242188,691.8436889648438,710.1791381835938,0.0008908840567296572
2022-11-22,657.7034301757812,664.3897085096839,650.9334892192625,10717480.0,657.8167219409515,658.2893676757812,0.0008908840567296572,668.5402709960938,691.7089813232421,19.85403883604451,-12.362882220874326,657.7034301757812,668.7716674804688,678.9684448242188,691.8387451171875,708.0176391601562,0.014210860539137338
2022-11-23,658.2893676757812,662.4941356829894,655.8522129774923,9587690.0,661.583253453395,667.6442260742188,0.014210860539137338,666.2754272460937,689.6093170166016,29.367618980270137,-12.485074214866813,658.2893676757812,657.7034301757812,668.7716674804688,678.9684448242188,703.4830322265625,-0.001283244061465183
2022-11-24,667.6442260742188,670.1010944927071,658.7768291192081,8936670.0,670.9823866695864,666.7874755859375,-0.001283244061465183,663.8392333984375,687.9768981933594,30.226464559230777,-12.506873403357872,667.6442260742188,658.2893676757812,657.7034301757812,678.9684448242188,686.8511352539062,-0.003522219392738224
2022-11-25,666.7874755859375,673.5327743268097,663.4344797189164,7546110.0,666.6545207534908,664.4389038085938,-0.003522219392738224,662.9726806640625,686.8759826660156,21.645683031329398,-12.568774522979425,666.7874755859375,667.6442260742188,658.2893676757812,668.7716674804688,694.369384765625,0.004438752409364977
2022-11-28,664.4389038085938,667.4422836467409,657.2996936528141,8590580.0,662.6172502479944,667.38818359375,0.004438752409364977,664.9096313476563,685.7465118408203,25.057459721990128,-12.238768471183676,664.4389038085938,666.7874755859375,667.6442260742188,657.7034301757812,691.8436889648438,-0.006388867956140243
2022-11-29,667.38818359375,672.8386353623716,662.5728946318548,6040540.0,667.1469261814603,663.1243286132812,-0.006388867956140243,665.8766235351562,683.7280883789062,25.14103627355962,-12.180880155868977,667.38818359375,664.4389038085938,666.7874755859375,658.2893676757812,691.8387451171875,-0.0019602141959932373
2022-11-30,663.1243286132812,670.4851370337337,661.8294211052291,6818600.0,663.208021465356,661.824462890625,-0.0019602141959932373,664.7126708984375,681.3226623535156,30.995284474919274,-12.100405605724632,663.1243286132812,667.38818359375,664.4389038085938,667.6442260742188,678.9684448242188,0.003987611925928336
2022-12-01,661.824462890625,665.0986644751437,657.5951130493893,14828310.0,665.1380918939528,664.4635620117188,0.003987611925928336,664.2478881835938,679.31162109375,25.472624662482474,-11.688932958707028,661.824462890625,663.1243286132812,667.38818359375,666.7874755859375,678.9684448242188,-0.010670210114828604
2022-12-02,664.4635620117188,666.6545370029834,660.450821426549,9816160.0,662.7353967090388,657.3735961914062,-0.010670210114828604,662.8348266601563,677.1164428710938,23.698373164384364,-11.798928210000668,664.4635620117188,661.824462890625,663.1243286132812,664.4389038085938,668.7716674804688,-0.002291927818154349
2022-12-05,657.3735961914062,663.8924291575591,654.5425299374402,14386020.0,657.2554303703021,655.866943359375,-0.002291927818154349,660.5305786132812,674.4008331298828,23.167447018908746,-11.8708349352504,657.3735961914062,664.4635620117188,661.824462890625,667.38818359375,657.7034301757812,0.005720321869424616
2022-12-06,655.866943359375,659.6630747807742,653.0654475341939,10292500.0,657.2406393991919,659.6187133789062,0.005720321869424616,659.8294555664063,671.9808868408203,33.29374046187702,-11.492605445665617,655.866943359375,657.3735961914062,664.4635620117188,663.1243286132812,658.2893676757812,-0.0109501144284182
2022-12-07,659.6187133789062,663.2080322069331,653.0654418046611,8409800.0,662.2183573870607,652.3958129882812,-0.0109501144284182,657.9437255859375,669.4265258789062,29.601729443646903,-11.641487723497676,659.6187133789062,655.866943359375,657.3735961914062,661.824462890625,667.6442260742188,-0.006528109236790924
2022-12-08,652.3958129882812,662.2183573870607,650.012750604315,9610270.0,657.7920610482306,648.1369018554688,-0.006528109236790924,654.6783935546875,667.4908142089844,32.571003775732606,-11.965209054633078,652.3958129882812,659.6187133789062,655.866943359375,664.4635620117188,666.7874755859375,-0.009799535270256565
2022-12-09,648.1369018554688,657.7920610482306,645.9754371970648,11377840.0,650.1604984786748,641.7854614257812,-0.009799535270256565,651.5607666015625,664.8616180419922,35.39095987219331,-12.589148832054775,648.1369018554688,652.3958129882812,659.6187133789062,657.3735961914062,664.4389038085938,-0.0016800740046636342
2022-12-12,641.7854614257812,651.6868003887276,639.0824134989169,11312920.0,640.8647428945579,640.7072143554688,-0.0016800740046636342,648.5288208007812,662.3047943115234,34.00813177833243,-13.020538465762684,641.7854614257812,648.1369018554688,652.3958129882812,655.866943359375,667.38818359375,0.017459459042365566
2022-12-13,640.7072143554688,643.9075499714252,629.4321737803,11000480.0,640.7564499796543,651.8936157226562,0.017459459042365566,646.9838012695312,660.3075378417968,36.13593188577716,-12.31777709005155,640.7072143554688,641.7854614257812,648.1369018554688,659.6187133789062,663.1243286132812,0.0053019369184856835
2022-12-14,651.8936157226562,654.6409591724566,640.7564499796543,9586360.0,655.6256044939981,655.3499145507812,0.0053019369184856835,647.5746215820312,659.126611328125,40.37295160711955,-11.3510908966947,651.8936157226562,640.7072143554688,641.7854614257812,652.3958129882812,661.824462890625,-0.004477588448367542
2022-12-15,655.3499145507812,658.6339124791384,652.5335737944692,6782830.0,653.0654753645289,652.41552734375,-0.004477588448367542,648.4303466796875,657.7989654541016,39.97869485105218,-10.698440683124659,655.3499145507812,651.8936157226562,640.7072143554688,648.1369018554688,664.4635620117188,-0.004301641211633123
2022-12-16,652.41552734375,661.1401809909034,650.3082749342321,8577060.0,648.9296115294446,649.6090698242188,-0.004301641211633123,649.995068359375,656.8408355712891,35.14600911148257,-10.289062446892785,652.41552734375,655.3499145507812,651.8936157226562,641.7854614257812,657.3735961914062,0.013657928845614453
2022-12-19,649.6090698242188,659.298728101546,645.9754554830284,8802330.0,649.9241766617723,658.4813842773438,0.013657928845614453,653.54990234375,656.8797332763672,46.39828943605555,-9.143307263306383,649.6090698242188,652.41552734375,655.3499145507812,640.7072143554688,655.866943359375,-0.006602457288318098
2022-12-20,658.4813842773438,660.2538658564669,649.6189162792704,6595590.0,655.8226079590064,654.1337890625,-0.006602457288318098,653.9979370117187,656.6719543457032,44.30341061159536,-8.488255301699951,658.4813842773438,649.6090698242188,652.41552734375,651.8936157226562,659.6187133789062,-0.017484955205252617
2022-12-21,654.1337890625,659.6482494551601,648.4372182297383,6077160.0,659.1608157491514,642.6962890625,-0.017484955205252617,651.4672119140625,655.4245574951171,35.73588947559141,-8.790698861105852,654.1337890625,658.4813842773438,649.6090698242188,655.3499145507812,652.3958129882812,-0.005523490361194927
2022-12-22,642.6962890625,659.1608157491514,640.5594664719038,6223900.0,646.9601017689865,639.1463623046875,-0.005523490361194927,648.81337890625,654.0425018310547,37.474551489665835,-9.210662201877653,642.6962890625,654.1337890625,658.4813842773438,652.41552734375,648.1369018554688,-0.017879396556877536
2022-12-23,639.1463623046875,647.4524610549599,630.9092010667456,8497060.0,635.143568477841,627.7188110351562,-0.017879396556877536,644.4353271484375,652.2064971923828,32.97801583721932,-10.346328029375172,639.1463623046875,642.6962890625,654.1337890625,649.6090698242188,641.7854614257812,0.009270998376690542
2022-12-26,627.7188110351562,636.7190943741662,624.3165910605899,9943030.0,627.7236591231409,633.5383911132812,0.009270998376690542,639.446728515625,650.5140075683594,34.61329054486164,-10.653947824978673,627.7188110351562,639.1463623046875,642.6962890625,658.4813842773438,640.7072143554688,0.011035759231814879
2022-12-27,633.5383911132812,637.1030675821662,620.3727084423128,5305350.0,636.7191115562115,640.5299682617188,0.011035759231814879,636.7259643554687,649.3842895507812,42.98030108048697,-10.215815324507957,633.5383911132812,627.7188110351562,639.1463623046875,654.1337890625,651.8936157226562,-0.004396898434724017
2022-12-28,640.5299682617188,643.0213355165005,633.1741481425877,7810350.0,637.6053184212307,637.713623046875,-0.004396898434724017,635.7294311523438,648.1787475585937,43.72663214094956,-9.98079528772189,640.5299682617188,633.5383911132812,627.7188110351562,642.6962890625,655.3499145507812,0.005373697156475288
2022-12-29,637.713623046875,646.9601454868704,636.5270803612648,7559340.0,634.1588211400672,641.1405029296875,0.005373697156475288,636.1282592773438,647.0125946044922,49.5976606673038,-9.409552188047314,637.713623046875,640.5299682617188,633.5383911132812,639.1463623046875,652.41552734375,0.009875723098581313
2022-12-30,641.1405029296875,642.0857943838265,630.4562693381356,5218800.0,644.9907187615337,647.4722290039062,0.009875723098581313,640.0789428710938,646.5175262451172,53.960570812739235,-8.349670731520746,641.1405029296875,637.713623046875,640.5299682617188,627.7188110351562,649.6090698242188,-0.0032621980103099135
2023-01-02,647.4722290039062,661.7210790867565,641.5442034704415,15202660.0,646.4678549729252,645.3600463867188,-0.0032621980103099135,642.4432739257812,645.9921813964844,45.72020060834994,-7.592619534399319,647.4722290039062,641.1405029296875,637.713623046875,633.5383911132812,658.4813842773438,0.008010627243622892
2023-01-03,645.3600463867188,650.8990893177511,638.5654630170009,5793400.0,646.4678205564096,650.52978515625,0.008010627243622892,644.4432373046875,645.5377349853516,46.911906052309085,-6.5005618623398504,645.3600463867188,647.4722290039062,641.1405029296875,640.5299682617188,654.1337890625,-0.005335945387060614
2023-01-04,650.52978515625,655.8226481196783,643.0213051383632,7420810.0,649.4219425249626,647.05859375,-0.005335945387060614,646.3122314453125,645.2708740234375,46.59143867323669,-5.8477848028221615,650.52978515625,645.3600463867188,647.4722290039062,637.713623046875,642.6962890625,-0.0716708573049919
2023-01-05,647.05859375,653.6562206528525,644.9907086487498,6712530.0,639.082451415914,600.683349609375,-0.0716708573049919,638.22080078125,642.8981964111329,29.972992487364436,-8.969158037462535,647.05859375,650.52978515625,645.3600463867188,641.1405029296875,639.1463623046875,-0.0196148063789654
2023-01-06,600.683349609375,639.082451415914,593.2979591846919,51023000.0,603.6324732067962,588.9010620117188,-0.0196148063789654,626.5065673828125,640.2539764404297,22.181074216729172,-12.252363336923395,600.683349609375,647.05859375,650.52978515625,647.4722290039062,627.7188110351562,0.0021657128969052586
2023-01-09,588.9010620117188,604.6122633591887,585.0803492165041,29319220.0,592.8007065529271,590.1764526367188,0.0021657128969052586,615.4698486328125,637.7274383544922,23.78520962035627,-14.583306546336416,588.9010620117188,600.683349609375,647.05859375,645.3600463867188,633.5383911132812,-0.014883264830650722
2023-01-10,590.1764526367188,598.5120634660005,586.4000344722061,14005480.0,590.7328032338178,581.3927001953125,-0.014883264830650722,601.642431640625,634.202392578125,24.314147501122676,-16.944050776429435,590.1764526367188,588.9010620117188,600.683349609375,650.52978515625,640.5299682617188,-0.0014228067747984463
2023-01-11,581.3927001953125,592.3083291956806,578.5222666707604,11203750.0,583.9381399658806,580.5654907226562,-0.0014228067747984463,588.3438110351562,630.4631713867187,24.881853331162915,-18.666530335985613,581.3927001953125,590.1764526367188,588.9010620117188,647.05859375,637.713623046875,0.0004495381353104566
2023-01-12,580.5654907226562,585.8091293794344,577.5916212660985,11088910.0,581.6290251575169,580.8264770507812,0.0004495381353104566,584.3724365234375,626.8837188720703,27.7643615752757,-19.782507943810515,580.5654907226562,581.3927001953125,590.1764526367188,600.683349609375,641.1405029296875,0.013461169255446048
2023-01-13,580.8264770507812,587.3748200353668,576.7497274005243,14769490.0,582.9533785282215,588.6450805664062,0.013461169255446048,584.321240234375,623.8355194091797,29.108335397319166,-19.807701425118466,580.8264770507812,580.5654907226562,581.3927001953125,588.9010620117188,647.4722290039062,0.005537225327836737
2023-01-16,588.6450805664062,589.3540490694942,578.2267415336179,11084900.0,590.8311712760601,591.904541015625,0.005537225327836737,584.6668579101563,620.5066772460938,26.557246611789907,-19.34169717748614,588.6450805664062,580.8264770507812,580.5654907226562,590.1764526367188,645.3600463867188,-0.004317180743932281
2023-01-17,591.904541015625,597.9408108545704,588.3250792199182,9083390.0,592.7956973951656,589.3491821289062,-0.004317180743932281,586.258154296875,617.267446899414,26.624245910586012,-18.96002222597417,591.904541015625,588.6450805664062,580.8264770507812,581.3927001953125,650.52978515625,0.0022890674993736315
2023-01-18,589.3491821289062,592.7956973951656,584.9228766165784,8170050.0,591.220171920138,590.6982421875,0.0022890674993736315,588.2847045898437,614.6675445556641,25.120267424175836,-18.337303188337955,589.3491821289062,591.904541015625,588.6450805664062,580.5654907226562,647.05859375,0.0023004753048150306
2023-01-19,590.6982421875,595.6563342377351,589.3541108493245,7962810.0,589.1571254215723,592.05712890625,0.0023004753048150306,590.5308349609375,612.3130828857422,21.257535264817747,-17.532044566604895,590.6982421875,589.3491821289062,591.904541015625,580.8264770507812,600.683349609375,-0.0252892086236004
2023-01-20,592.05712890625,593.7508761488294,586.9562937786649,5481420.0,592.0620643535365,577.08447265625,-0.0252892086236004,588.2187133789063,609.7813659667969,18.755408178142943,-17.895748486140405,592.05712890625,590.6982421875,589.3491821289062,588.6450805664062,588.9010620117188,0.00044368284471452135
2023-01-23,577.08447265625,592.7759613049145,574.7999182684042,8330900.0,579.1129966329989,577.3405151367188,0.00044368284471452135,585.305908203125,606.9714721679687,14.929571533106738,-17.95633650458649,577.08447265625,592.05712890625,590.6982421875,591.904541015625,590.1764526367188,-0.0013558304993039894
2023-01-24,577.3405151367188,584.4305012242946,575.1741221512851,8560640.0,580.2307208525108,576.5577392578125,-0.0013558304993039894,582.7476196289062,603.7728607177735,15.324395398544638,-17.861618794226615,577.3405151367188,577.08447265625,592.05712890625,589.3491821289062,581.3927001953125,-0.010102450456378698
2023-01-25,576.5577392578125,583.0519303703655,575.3366976607794,6081450.0,576.065322969427,570.7330932617188,-0.010102450456378698,578.75458984375,600.4238342285156,25.493642994908996,-18.048502675607665,576.5577392578125,577.3405151367188,577.08447265625,590.6982421875,580.5654907226562,-0.006073218049488571
2023-01-27,570.7330932617188,576.5576822810236,568.8719606392941,8278370.0,572.6139220482943,567.2669067382812,-0.006073218049488571,573.7965454101562,596.7301544189453,29.509623922453656,-18.265745636672136,570.7330932617188,576.5577392578125,577.3405151367188,592.05712890625,580.8264770507812,0.04532423308074662
2023-01-30,567.2669067382812,577.1978164299509,559.3202196447655,16213520.0,568.1875652988128,592.9778442382812,0.04532423308074662,576.9752197265625,594.0054351806641,51.81374873545777,-16.176778633099616,567.2669067382812,570.7330932617188,576.5577392578125,577.08447265625,588.6450805664062,-0.022484833020409267
2023-01-31,592.9778442382812,597.3499972625272,568.1875652988128,24481600.0,595.7548201119877,579.6448364257812,-0.022484833020409267,577.436083984375,590.7196746826172,48.931307680537984,-15.419374582487535,592.9778442382812,567.2669067382812,570.7330932617188,577.3405151367188,591.904541015625,-0.011755940174589585
2023-02-01,579.6448364257812,595.7548201119877,578.423794840623,19967880.0,585.3168531337257,572.83056640625,-0.011755940174589585,576.6906494140625,586.8347137451171,45.5932824584622,-15.19383597365163,579.6448364257812,592.9778442382812,567.2669067382812,576.5577392578125,589.3491821289062,-0.017113118704487174
2023-02-02,572.83056640625,588.9011837309168,562.1661055429536,26348660.0,573.0077816271294,563.0276489257812,-0.017113118704487174,575.149560546875,582.6331665039063,40.85408614250534,-15.625981922736173,572.83056640625,579.6448364257812,592.9778442382812,570.7330932617188,590.6982421875,0.05187440817505706
2023-02-03,563.0276489257812,573.0077816271294,555.8736538191793,20250440.0,568.1826350930261,592.234375,0.05187440817505706,580.1430541992188,582.2107177734375,51.51200849503642,-13.456602658431848,563.0276489257812,572.83056640625,579.6448364257812,567.2669067382812,592.05712890625,0.014956146281297045
2023-02-06,592.234375,593.7853188233877,565.9227227232062,14868920.0,590.8311678260867,601.0919189453125,0.014956146281297045,581.765869140625,582.8202606201172,53.695913933717804,-10.897010240237591,592.234375,563.0276489257812,572.83056640625,592.9778442382812,577.08447265625,0.009231348792531513
2023-02-07,601.0919189453125,603.0417026688076,586.4590147800754,10738200.0,602.9382565640942,606.6408081054688,0.009231348792531513,587.1650634765625,583.6434783935547,56.792508019928746,-8.324802683403504,601.0919189453125,592.234375,563.0276489257812,579.6448364257812,577.3405151367188,0.03101999224686325
2023-02-08,606.6408081054688,608.7530487289683,600.6783442125062,14721930.0,607.0790492577603,625.4588012695312,0.03101999224686325,597.6907104492187,585.8467834472656,62.006813004160406,-4.71352035446705,606.6408081054688,601.0919189453125,592.234375,572.83056640625,576.5577392578125,0.016271453855602358
2023-02-09,625.4588012695312,627.9550967109597,606.8624400033925,19032080.0,627.7483188344424,635.6359252929688,0.016271453855602358,612.2123657226563,588.6003051757813,64.18841875125938,-1.01860242132841,625.4588012695312,606.6408081054688,601.0919189453125,563.0276489257812,570.7330932617188,-0.003021146295670185
2023-02-10,635.6359252929688,638.8658315007258,623.843942819029,18381540.0,635.5324130505301,633.715576171875,-0.003021146295670185,620.5086059570312,591.244760131836,70.15063393954662,1.734694062739436,635.6359252929688,625.4588012695312,606.6408081054688,592.234375,567.2669067382812,-0.01398476864998599
2023-02-13,633.715576171875,642.7848551582264,632.1892745233439,12912820.0,633.6615260296352,624.8532104492188,-0.01398476864998599,625.2608642578125,593.0551666259765,65.93041473824488,3.165097244031017,633.715576171875,635.6359252929688,625.4588012695312,601.0919189453125,592.9778442382812,0.01783944373654167
2023-02-14,624.8532104492188,637.4231585036655,620.0822774153853,7365570.0,625.6705548834475,636.000244140625,0.01783944373654167,631.1327514648438,595.2599517822266,68.63518356088056,5.138936073770083,624.8532104492188,633.715576171875,635.6359252929688,606.6408081054688,579.6448364257812,0.004838473783874919
2023-02-15,636.000244140625,637.3443755120701,621.3574822900994,10340900.0,635.1435682085827,639.0775146484375,0.004838473783874919,633.856494140625,597.7463684082031,71.80148056654197,6.87230789172429,636.000244140625,624.8532104492188,633.715576171875,625.4588012695312,572.83056640625,-0.008112679962630764
2023-02-16,639.0775146484375,639.6732502354428,629.9540813719826,6189790.0,640.5594474361687,633.8928833007812,-0.008112679962630764,633.5078857421875,599.9061004638672,71.02282312864905,7.738457010345655,639.0775146484375,636.000244140625,624.8532104492188,635.6359252929688,563.0276489257812,-0.003199976583188713
2023-02-17,633.8928833007812,642.5042426245285,632.1893393605231,5290480.0,631.2046962077198,631.8644409179688,-0.003199976583188713,633.1376586914063,601.8964660644531,64.4261058267956,8.167063257812288,633.8928833007812,639.0775146484375,636.000244140625,633.715576171875,592.234375,-0.007683192808052408
2023-02-20,631.8644409179688,637.6841621800075,627.0196416696812,6160440.0,632.6816932774865,627.0097045898438,-0.007683192808052408,633.5689575195313,604.3927276611328,68.75089402040493,8.022521513751258,631.8644409179688,633.8928833007812,639.0775146484375,624.8532104492188,601.0919189453125,0.001861105408419661
2023-02-21,627.0097045898438,634.508327026849,624.6069888291743,4657320.0,629.7275796437405,628.1766357421875,0.001861105408419661,632.0042358398438,606.9345336914063,72.93606059962221,7.910940335955843,627.0097045898438,631.8644409179688,633.8928833007812,636.000244140625,606.6408081054688,-0.028310600244110806
2023-02-22,628.1766357421875,631.0323438816329,625.4933014492701,4485090.0,623.4253142166646,610.392578125,-0.028310600244110806,626.2672485351562,608.6262756347656,68.41072130981081,6.3146947561302795,628.1766357421875,627.0097045898438,631.8644409179688,639.0775146484375,625.4588012695312,0.0005969598842958668
2023-02-23,610.392578125,626.2810221637382,609.0484468683524,9347000.0,611.9041937016673,610.7569580078125,0.0005969598842958668,621.6400634765625,610.6274688720703,59.280618573347326,5.021180007532394,610.392578125,628.1766357421875,627.0097045898438,633.8928833007812,635.6359252929688,0.0054657696358078045
2023-02-24,610.7569580078125,616.6751267160316,602.9087792094288,8097680.0,615.8184726124035,614.09521484375,0.0054657696358078045,618.0862182617187,612.9688842773437,56.89665665302739,4.216820792466024,610.7569580078125,610.392578125,628.1766357421875,631.8644409179688,633.715576171875,-0.0066948365505336005
2023-02-27,614.09521484375,618.9941664593663,610.5256094658248,6077610.0,612.0026088599851,609.9839477539062,-0.0066948365505336005,614.6810668945312,613.819189453125,51.80058461307845,3.2106055621846963,614.09521484375,610.7569580078125,610.392578125,627.0097045898438,624.8532104492188,-0.013302111861974497
2023-02-28,609.9839477539062,614.5628531746529,604.1248600733722,5950040.0,612.4949650316829,601.869873046875,-0.013302111861974497,609.4197143554687,614.9304412841797,35.63943512086877,1.738395583914098,609.9839477539062,614.09521484375,610.7569580078125,628.1766357421875,636.000244140625,0.006994295528380601
2023-03-01,601.869873046875,615.1142900447776,599.6936233188021,9778520.0,600.6882183748093,606.0795288085938,0.006994295528380601,608.5571044921875,616.5928894042969,30.596732651527176,0.9009569370995223,601.869873046875,609.9839477539062,614.09521484375,610.392578125,639.0775146484375,-0.01167370778288479
2023-03-02,606.0795288085938,610.9145309173117,600.6882183748093,5448040.0,607.0987519269909,599.0043334960938,-0.01167370778288479,606.2065795898437,618.3917236328125,28.65717594660137,-0.3298263232206864,606.0795288085938,601.869873046875,609.9839477539062,610.7569580078125,633.8928833007812,0.002803011630118979
2023-03-03,599.0043334960938,611.4709050693656,597.729139692784,5822980.0,602.8251008120409,600.683349609375,0.002803011630118979,603.5242065429687,618.8141723632813,33.6987404363644,-1.156417890523585,599.0043334960938,606.0795288085938,601.869873046875,614.09521484375,631.8644409179688,0.005704867381266299
2023-03-06,600.683349609375,604.7157439320706,598.0196686341835,7120370.0,604.6173130383239,604.1101684570312,0.005704867381266299,602.3494506835938,618.9650848388671,25.991716131854474,-1.5174893483920187,600.683349609375,599.0043334960938,606.0795288085938,609.9839477539062,627.0097045898438,-0.02249452678141406
2023-03-08,604.1101684570312,608.8515916466014,602.6528039385217,6084770.0,603.5340793855903,590.52099609375,-0.02249452678141406,600.0796752929688,618.1590942382812,18.43972306457013,-2.867123307628958,604.1101684570312,600.683349609375,599.0043334960938,601.869873046875,628.1766357421875,-0.01593327859485838
2023-03-09,590.52099609375,603.5340793855903,589.3541069077302,13427950.0,590.8312294633503,581.112060546875,-0.01593327859485838,595.086181640625,615.9417572021484,17.479845093589915,-4.642425418375751,590.52099609375,604.1101684570312,600.683349609375,606.0795288085938,610.392578125,-0.0046007011912688744
2023-03-10,581.112060546875,594.7701043264393,580.009180393407,9408580.0,577.5375415865432,578.4385375976562,-0.0046007011912688744,590.9730224609375,613.0818878173828,17.341991096492478,-6.193698983503964,581.112060546875,590.52099609375,604.1101684570312,599.0043334960938,610.7569580078125,-0.006911686514608828
2023-03-13,578.4385375976562,579.7433019499513,569.2658801213009,7708610.0,577.931422785115,574.4405517578125,-0.006911686514608828,585.724462890625,610.1181365966797,17.525557853841576,-7.657428436472173,578.4385375976562,581.112060546875,590.52099609375,600.683349609375,614.09521484375,-0.017485061573792593
2023-03-14,574.4405517578125,585.6614404550556,572.2200063052675,7933560.0,575.0756678080952,564.3964233398438,-0.017485061573792593,577.7817138671875,607.0952972412109,14.494143262254227,-9.518201888106091,574.4405517578125,578.4385375976562,581.112060546875,604.1101684570312,609.9839477539062,-0.002233247695405338
2023-03-15,564.3964233398438,576.0603864173556,562.879918216012,13725650.0,571.1368254781421,563.135986328125,-0.002233247695405338,572.3047119140625,603.4520843505859,17.76179808965466,-10.968150970656097,564.3964233398438,574.4405517578125,578.4385375976562,590.52099609375,601.869873046875,-0.000638167349849672
2023-03-16,563.135986328125,573.1062628073771,561.3880866574459,6794730.0,564.2142622091911,562.776611328125,-0.000638167349849672,568.6376220703125,599.6370391845703,17.26582097159438,-12.007825881820281,563.135986328125,564.3964233398438,574.4405517578125,581.112060546875,606.0795288085938,0.003018264022075945
2023-03-17,562.776611328125,566.7056294467311,557.8431608715432,8849630.0,565.2334723719929,564.4752197265625,0.003018264022075945,565.8449584960938,596.1661560058594,15.37247291895963,-12.550043152152512,562.776611328125,563.135986328125,564.3964233398438,578.4385375976562,599.0043334960938,-0.03167112187001331
2023-03-20,564.4752197265625,572.7862481082019,560.117851421152,10471510.0,565.1300688343298,546.59765625,-0.03167112187001331,560.2763793945312,591.9028167724609,12.894883706306345,-14.25796723784049,564.4752197265625,562.776611328125,563.135986328125,574.4405517578125,600.683349609375,0.028698594465764726
2023-03-21,546.59765625,565.2728121718287,540.1871280909953,17127560.0,551.6197202550104,562.2842407226562,0.028698594465764726,559.8539428710938,588.6665435791016,28.71442646171741,-14.182248973961464,546.59765625,564.4752197265625,562.776611328125,564.3964233398438,604.1101684570312,0.021733379719760082
2023-03-22,562.2842407226562,562.7667432745995,550.0786330683665,11301140.0,566.1935492525579,574.5045776367188,0.021733379719760082,562.1276611328125,585.9829406738281,34.36847709557841,-12.986462785766776,562.2842407226562,546.59765625,564.4752197265625,563.135986328125,590.52099609375,-0.00019707452168526984
2023-03-23,574.5045776367188,576.7497651629784,564.7361847826803,12425340.0,572.0723640219691,574.391357421875,-0.00019707452168526984,564.4506103515625,584.1828796386719,36.91296251462827,-11.910631199211252,574.5045776367188,562.2842407226562,546.59765625,562.776611328125,581.112060546875,-0.031510192301888895
2023-03-24,574.391357421875,580.9840565984529,568.4288926634863,10544190.0,571.5208757687667,556.2921752929688,-0.031510192301888895,562.8140014648437,581.4596405029297,29.905470990087366,-12.375818915763375,574.391357421875,574.5045776367188,562.2842407226562,564.4752197265625,578.4385375976562,-0.009948113352974963
2023-03-27,556.2921752929688,574.0663350315745,554.1208538255656,12780420.0,561.09273623176,550.7581176757812,-0.009948113352974963,563.64609375,578.2927856445312,26.301271964403654,-13.040710538754865,556.2921752929688,574.391357421875,574.5045776367188,546.59765625,574.4405517578125,-0.010477390395718045
2023-03-28,550.7581176757812,563.7514888985867,549.9211307725503,11187430.0,553.5152467613651,544.9876098632812,-0.010477390395718045,560.186767578125,575.04296875,28.264534275606835,-13.873350347637142,550.7581176757812,556.2921752929688,574.391357421875,562.2842407226562,564.3964233398438,0.01639743951138506
2023-03-29,544.9876098632812,553.845149139584,543.8305774925232,9481360.0,547.7153667156339,553.9240112304688,0.01639743951138506,556.070654296875,572.6456756591797,36.96290837401976,-13.654727292853181,544.9876098632812,550.7581176757812,556.2921752929688,574.5045776367188,563.135986328125,-0.001502287865196461
2023-03-31,553.9240112304688,555.9721829594602,547.0112663633499,11096120.0,560.6988458480981,553.0918579101562,-0.001502287865196461,551.8107543945313,569.9962921142578,37.62738183625289,-13.394214596932215,553.9240112304688,544.9876098632812,550.7581176757812,574.391357421875,562.776611328125,0.017501269331440472
2023-04-03,553.0918579101562,560.6988458480981,550.0835495259977,12678280.0,556.8584268574549,562.7716674804688,0.017501269331440472,553.1066528320313,568.1846588134765,44.60335355750225,-12.26529004498127,553.0918579101562,553.9240112304688,544.9876098632812,556.2921752929688,564.4752197265625,0.008092554257920881
2023-04-05,562.7716674804688,564.637728656483,554.6132393641805,7453860.0,574.2878953984564,567.325927734375,0.008092554257920881,556.42021484375,566.5167877197266,51.42732074556001,-10.87772679975103,562.7716674804688,553.0918579101562,553.9240112304688,550.7581176757812,546.59765625,0.029663365561177102
2023-04-06,567.325927734375,585.6170876179413,565.5386610841674,24333290.0,567.2963469279227,584.1547241210938,0.029663365561177102,564.2536376953125,565.5190155029297,58.891862847215954,-8.324173812670097,567.325927734375,562.7716674804688,553.0918579101562,544.9876098632812,562.2842407226562,-0.01743011627774549
2023-04-10,584.1547241210938,586.7938227918395,561.8360992590871,17405020.0,585.4103374134963,573.9728393554688,-0.01743011627774549,568.2634033203125,564.6916076660157,54.373069905133626,-7.040894629591776,584.1547241210938,567.325927734375,562.7716674804688,553.9240112304688,574.5045776367188,0.001535415198536949
2023-04-11,573.9728393554688,587.8672057561976,572.2200112242847,9282570.0,576.8481450843242,574.8541259765625,0.001535415198536949,572.6158569335937,564.3787109375,54.079885603508664,-5.884936284134369,573.9728393554688,584.1547241210938,567.325927734375,553.0918579101562,574.391357421875,0.003288877846685301
2023-04-12,574.8541259765625,579.0145380294148,572.2347408376268,8116200.0,574.7802422345154,576.7447509765625,0.003288877846685301,575.4104736328125,564.2940216064453,63.55423835789358,-4.7613870244840655,574.8541259765625,573.9728393554688,584.1547241210938,562.7716674804688,556.2921752929688,0.008110156575252603
2023-04-13,576.7447509765625,578.694474515448,569.7581414581367,10230690.0,576.7448273764676,581.4222412109375,0.008110156575252603,578.229736328125,564.6431060791016,59.54989927982179,-3.453719443104319,576.7447509765625,574.8541259765625,573.9728393554688,567.325927734375,550.7581176757812,0.009653767333310803
2023-04-17,581.4222412109375,584.6275053941237,576.099807777481,8330060.0,590.6342718918517,587.03515625,0.009653767333310803,578.8058227539062,565.7750427246094,56.69421509161541,-1.9420810278746785,581.4222412109375,576.7447509765625,574.8541259765625,584.1547241210938,544.9876098632812,-0.007682795063913561
2023-04-18,587.03515625,590.6342718918517,580.9840405273137,6728570.0,588.369388181281,582.5250854492188,-0.007682795063913561,580.5162719726562,566.744497680664,54.150308416471546,-1.0953946863426154,587.03515625,581.4222412109375,576.7447509765625,573.9728393554688,553.9240112304688,0.005426394195109818
2023-04-19,582.5250854492188,590.2403776407479,578.0544844545665,6408890.0,582.5251274878098,585.6860961914062,0.005426394195109818,582.682666015625,567.8899719238282,67.69625019842553,-0.16739291013766433,582.5250854492188,587.03515625,581.4222412109375,574.8541259765625,553.0918579101562,-0.0058929451084273055
2023-04-20,585.6860961914062,586.8923525730764,579.014602874109,5549280.0,586.8923806755354,582.2346801757812,-0.0058929451084273055,583.7806518554687,568.777944946289,69.4375051824603,0.2862549863280037,585.6860961914062,582.5250854492188,587.03515625,576.7447509765625,562.7716674804688,0.004261933198054901
2023-04-21,582.2346801757812,587.478259488269,579.6202230200661,4367310.0,582.2641854148159,584.7161254882812,0.004261933198054901,584.4394287109375,570.6838684082031,75.57205064500566,0.836365015765864,582.2346801757812,585.6860961914062,582.5250854492188,581.4222412109375,567.325927734375,-0.0006989569612240176
2023-04-24,584.7161254882812,585.4152974383406,573.8940760317613,6431010.0,584.9228832436934,584.3074340820312,-0.0006989569612240176,583.8938842773438,571.7850280761719,71.96862444659413,1.2252295133653206,584.7161254882812,582.2346801757812,585.6860961914062,587.03515625,584.1547241210938,0.023846653392933792
2023-04-25,584.3074340820312,587.3551094814027,578.7191677146304,5448920.0,586.8824478601811,598.2412109375,0.023846653392933792,587.037109375,572.9718597412109,77.44525433702299,2.627459059631633,584.3074340820312,584.7161254882812,582.2346801757812,582.5250854492188,573.9728393554688,-0.0031768334587551905
2023-04-26,598.2412109375,599.9595401421169,583.8101305365852,14944750.0,600.6784130082559,596.3406982421875,-0.0031768334587551905,589.1680297851562,574.0693267822265,72.53736113786024,3.544521548281182,598.2412109375,584.3074340820312,584.7161254882812,585.6860961914062,574.8541259765625,0.023794819601889117
2023-04-27,596.3406982421875,602.6281368209708,592.1409186225487,9740070.0,598.2166055237158,610.530517578125,0.023794819601889117,594.827197265625,576.7812438964844,75.68346378298673,5.354575792132323,596.3406982421875,598.2412109375,584.3074340820312,582.2346801757812,576.7447509765625,0.012911214431928553
2023-04-28,610.530517578125,615.8873896679007,597.330334659734,28271360.0,614.8485310781757,618.4132080078125,0.012911214431928553,601.5666137695313,580.1639984130859,72.78926755670611,7.340507261994844,610.530517578125,596.3406982421875,598.2412109375,584.7161254882812,581.4222412109375,-0.0049284046457579445
2023-05-02,618.4132080078125,619.9788771026875,601.7615809286756,14896680.0,623.3268891949851,615.3654174804688,-0.0049284046457579445,607.7782104492187,583.6828887939453,80.42250286202355,8.569655382788596,618.4132080078125,610.530517578125,596.3406982421875,584.3074340820312,587.03515625,-0.011025330219843088
2023-05-03,615.3654174804688,623.7848098003745,612.9676300343461,9912540.0,614.2724534912477,608.580810546875,-0.011025330219843088,609.8461303710938,586.4157287597657,72.80899451505636,8.893781073804234,615.3654174804688,618.4132080078125,610.530517578125,598.2412109375,582.5250854492188,0.03397918039817127
2023-05-04,608.580810546875,615.9415589327853,606.1878911687692,6682510.0,610.230186906588,629.2598876953125,0.03397918039817127,616.4299682617187,590.2241302490235,78.31880543410574,10.69598506494492,608.580810546875,615.3654174804688,618.4132080078125,596.3406982421875,585.6860961914062,-6.265886592882186e-05
2023-05-05,629.2598876953125,630.1215165528652,608.7678940700747,12451410.0,628.2455970956864,629.220458984375,-6.265886592882186e-05,620.1679565429688,593.5465698242188,77.13240980185094,11.982931370921051,629.2598876953125,608.580810546875,615.3654174804688,610.530517578125,582.2346801757812,0.041957104505629284
2023-05-08,629.220458984375,634.9466005824656,623.4893889846277,11600400.0,629.673415517007,655.6207275390625,0.041957104505629284,627.6094604492188,597.9613098144531,81.49866347934896,14.960669342975166,629.220458984375,629.2598876953125,608.580810546875,618.4132080078125,584.7161254882812,-0.015875807251931495
2023-05-09,655.6207275390625,659.2789837175087,629.0382527638926,22247350.0,654.8378675732911,645.2122192382812,-0.015875807251931495,633.5788208007813,601.0141845703125,77.31012308176662,16.292854620813046,655.6207275390625,629.220458984375,629.2598876953125,615.3654174804688,584.3074340820312,0.012095175580118633
2023-05-10,645.2122192382812,663.6855497504256,644.2029187369524,21307700.0,649.0230874379074,653.0161743164062,0.012095175580118633,642.4658935546875,604.9663513183593,78.19234469032112,17.773453695199578,645.2122192382812,655.6207275390625,629.220458984375,608.580810546875,598.2412109375,0.004817825787172714
2023-05-11,653.0161743164062,656.3149576394034,642.5288970138196,8353210.0,655.7241455897466,656.1622924804688,0.004817825787172714,647.8463745117188,609.0317596435547,81.03419826548955,18.98189312331715,653.0161743164062,645.2122192382812,655.6207275390625,629.2598876953125,596.3406982421875,0.00764629722182919
2023-05-12,656.1622924804688,657.7920306270836,652.3760782791061,5674940.0,654.8379137728433,661.1795043945312,0.00764629722182919,654.23818359375,613.2534973144532,81.42956060993782,20.112591709735398,656.1622924804688,653.0161743164062,645.2122192382812,629.220458984375,610.530517578125,-0.0003127548691400639
2023-05-15,661.1795043945312,663.0750758086454,650.3771093606697,9120780.0,661.1795298501422,660.9727172851562,-0.0003127548691400639,655.3085815429688,617.2310211181641,81.56494354374217,20.75276750849207,661.1795043945312,656.1622924804688,653.0161743164062,655.6207275390625,618.4132080078125,0.01077125673988455
2023-05-16,660.9727172851562,664.6851260366966,658.3632487777475,7390760.0,661.7309201270361,668.0922241210938,0.01077125673988455,659.8845825195312,621.2838745117188,80.46902164334355,21.585768836214015,660.9727172851562,661.1795043945312,656.1622924804688,645.2122192382812,615.3654174804688,-0.011724989066805414
2023-05-17,668.0922241210938,674.4338145097428,659.7614828647534,12651330.0,668.1316716935714,660.2588500976562,-0.011724989066805414,661.3331176757813,625.1705627441406,76.50904370656542,21.36752899895589,668.0922241210938,660.9727172851562,661.1795043945312,653.0161743164062,608.580810546875,0.01257996052943322
2023-05-18,660.2588500976562,670.6377640829513,656.0196430923529,7407850.0,665.6500915400799,668.5648803710938,0.01257996052943322,663.8136352539062,629.314501953125,75.30376439517767,21.615628077059682,660.2588500976562,668.0922241210938,660.9727172851562,656.1622924804688,629.2598876953125,-0.0007659465460603254
2023-05-19,668.5648803710938,672.6268447885885,664.2075123800907,11067180.0,669.6086676725536,668.0527954101562,-0.0007659465460603254,665.1882934570312,633.6054077148438,73.13019138481106,21.522825670404586,668.5648803710938,660.2588500976562,668.0922241210938,661.1795043945312,629.220458984375,0.0013046604059412381
2023-05-22,668.0527954101562,671.5781049304139,660.9431557584586,5928340.0,668.0528917127818,668.9243774414062,0.0013046604059412381,666.7786254882812,637.8158203125,75.47308273330756,21.274370776852493,668.0527954101562,668.5648803710938,660.2588500976562,660.9727172851562,655.6207275390625,-0.0018402035757141277
2023-05-23,668.9243774414062,671.3812459665587,665.8569880865044,4197920.0,670.5983525499395,667.6934204101562,-0.0018402035757141277,666.6988647460937,641.9851196289062,79.68248811629026,20.739073410159676,668.9243774414062,668.0527954101562,668.5648803710938,668.0922241210938,645.2122192382812,0.0007963808912829773
2023-05-24,667.6934204101562,676.8907193685205,665.3842839441708,7901960.0,666.5561133817886,668.2251586914062,0.0007963808912829773,668.2921264648437,645.4843170166016,74.52881297062031,20.125756038062264,667.6934204101562,668.9243774414062,668.0527954101562,660.2588500976562,653.0161743164062,0.008134395778813364
2023-05-25,668.2251586914062,674.3895073819222,662.6910443947199,5539360.0,667.4422661352725,673.6607666015625,0.008134395778813364,669.3113037109375,649.3503204345703,76.19568095602669,19.849493132094494,668.2251586914062,667.6934204101562,668.9243774414062,668.5648803710938,656.1622924804688,0.009260180381757799
2023-05-26,673.6607666015625,674.3352964496577,664.3010113450472,5302600.0,674.1974275107041,679.8989868164062,0.009260180381757799,671.6805419921875,652.8187438964844,68.77329701146952,19.90447858607206,673.6607666015625,668.2251586914062,667.6934204101562,668.0527954101562,661.1795043945312,0.003990227537857605
2023-05-29,679.8989868164062,681.4252886650349,673.6657010899592,6940730.0,683.4144866155344,682.6119384765625,0.003990227537857605,674.4180541992188,656.0286804199219,82.82627958081414,19.937144489160232,679.8989868164062,673.6607666015625,668.2251586914062,668.9243774414062,660.9727172851562,0.010639030307278752
2023-05-30,682.6119384765625,686.5360280439613,679.6331403889623,6407280.0,684.1825644457326,689.874267578125,0.010639030307278752,678.8542236328125,659.7541229248047,82.66142684532251,20.314864603793467,682.6119384765625,679.8989868164062,673.6607666015625,667.6934204101562,668.0922241210938,-0.002276760831291136
2023-05-31,689.874267578125,691.1494615101204,682.4150111466774,8819230.0,689.7855953248534,688.3035888671875,-0.002276760831291136,682.8699096679687,663.7402618408203,79.29976954243435,20.253994430581997,689.874267578125,682.6119384765625,679.8989868164062,668.2251586914062,660.2588500976562,0.007246146771272111
2023-06-01,688.3035888671875,691.8633373656315,682.1441685656824,21476270.0,691.6663880213534,693.2911376953125,0.007246146771272111,686.7959838867188,666.9418243408203,79.28856853058639,20.373356515573505,688.3035888671875,689.874267578125,682.6119384765625,673.6607666015625,668.5648803710938,-0.0023578024668272635
2023-06-02,693.2911376953125,694.9454577772761,684.4877507610541,5900260.0,696.7622575465863,691.656494140625,-0.0023578024668272635,689.1474853515625,670.0636260986328,77.27580014215104,20.10429989955969,693.2911376953125,688.3035888671875,689.874267578125,679.8989868164062,668.0527954101562,0.00274785785511944
2023-06-05,691.656494140625,699.1501880698556,689.795361609766,6642090.0,696.196106721051,693.5570678710938,0.00274785785511944,691.3365112304688,671.9604431152344,74.95167741565078,19.816004445004296,691.656494140625,693.2911376953125,688.3035888671875,682.6119384765625,668.9243774414062,0.010045111257450445
2023-06-06,693.5570678710938,698.3230726246503,690.5881266264698,5771620.0,691.7648343751308,700.52392578125,0.010045111257450445,693.4664428710937,674.7260284423828,90.13519482241915,19.920069270365047,693.5570678710938,691.656494140625,693.2911376953125,689.874267578125,667.6934204101562,-0.004779312080174347
2023-06-07,700.52392578125,702.3013356878837,691.7648343751308,6905860.0,701.1197064774449,697.1759033203125,-0.004779312080174347,695.2409057617188,676.9340148925781,81.64670363574254,19.507513489699704,700.52392578125,693.5570678710938,691.656494140625,688.3035888671875,668.2251586914062,-0.009865940382734806
2023-06-08,697.1759033203125,703.1875916830942,695.4083501024743,5344830.0,697.1807809393324,690.297607421875,-0.009865940382734806,694.6421997070313,678.6407806396485,71.56758663215464,18.41328221107301,697.1759033203125,700.52392578125,693.5570678710938,693.2911376953125,673.6607666015625,0.0038587650607841972
2023-06-09,690.297607421875,700.233384611503,688.8254578974381,4553600.0,690.5585878269096,692.9613037109375,0.0038587650607841972,694.9031616210938,680.2298706054687,72.52246121116112,17.558629121691524,690.297607421875,697.1759033203125,700.52392578125,691.656494140625,679.8989868164062,0.008604411793460942
2023-06-12,692.9613037109375,697.4269762951523,690.4896503098628,4473610.0,694.2414857831197,698.923828125,0.008604411793460942,695.976513671875,682.1274261474609,76.87934633807063,17.164573758520646,692.9613037109375,690.297607421875,697.1759033203125,693.5570678710938,682.6119384765625,0.009728352601236834
2023-06-13,698.923828125,700.1350129230075,693.3995104042349,5132550.0,699.1502207928239,705.7232055664062,0.009728352601236834,697.0163696289062,684.0089752197266,79.13088337935848,17.202633725624082,698.923828125,692.9613037109375,690.297607421875,700.52392578125,689.874267578125,-0.009753282337169211
2023-06-14,705.7232055664062,708.9974070011735,699.1502207928239,8001340.0,707.2249820419386,698.840087890625,-0.009753282337169211,697.3492065429688,685.938037109375,69.13065334090142,16.487330765877914,705.7232055664062,698.923828125,692.9613037109375,697.1759033203125,688.3035888671875,0.004191865077770807
2023-06-15,698.840087890625,707.2249820419386,697.3827234480685,4015200.0,698.6578469181081,701.76953125,0.004191865077770807,699.6435913085937,687.5982696533204,67.49641846052884,15.972706199122513,698.840087890625,705.7232055664062,698.923828125,690.297607421875,693.2911376953125,0.01074849849431958
2023-06-16,701.76953125,703.2564659528567,694.8174203359279,4370180.0,706.0432270779445,709.3125,0.01074849849431958,702.9138305664062,689.6612548828125,69.82810822962898,15.989203476460716,701.76953125,698.840087890625,705.7232055664062,692.9613037109375,691.656494140625,0.025405511361133115
2023-06-19,709.3125,710.8289449875243,702.2028005465812,14148580.0,710.1742348513169,727.3329467773438,0.025405511361133115,708.595654296875,692.5816833496094,73.9848538022209,17.257444066568382,709.3125,701.76953125,698.840087890625,698.923828125,693.5570678710938,-0.01860233389946131
2023-06-20,727.3329467773438,728.5786304009215,709.219026425691,11845900.0,726.3432339691816,713.8028564453125,-0.01860233389946131,710.2115844726562,694.8871551513672,64.15877018178861,16.975090381999962,727.3329467773438,709.3125,701.76953125,705.7232055664062,700.52392578125,-0.005883738154926044
2023-06-21,713.8028564453125,726.3432339691816,709.095872471388,8638260.0,716.3828249321817,709.60302734375,-0.005883738154926044,712.3641723632812,696.9560485839844,59.137301238893514,16.225395682204976,713.8028564453125,727.3329467773438,709.3125,698.840087890625,697.1759033203125,-0.024444320967860644
2023-06-22,709.60302734375,717.4561947163365,706.7325940876074,5468040.0,709.0073383003473,692.2572631835938,-0.024444320967860644,710.46171875,697.885873413086,50.28615950856037,14.069415563524444,709.60302734375,713.8028564453125,727.3329467773438,701.76953125,690.297607421875,-0.005739669120185087
2023-06-23,692.2572631835938,709.4061181304094,691.2725444592927,8271940.0,691.3660497968502,688.283935546875,-0.005739669120185087,706.256005859375,698.3051208496094,47.53692685332748,11.90296152158885,692.2572631835938,709.60302734375,713.8028564453125,709.3125,692.9613037109375,0.0012946884784430512
2023-06-26,688.283935546875,694.7190458339326,684.9801634245122,8152260.0,688.3183483958289,689.175048828125,0.0012946884784430512,698.6244262695312,698.6332763671875,44.379964455406046,10.141036918330656,688.283935546875,692.2572631835938,709.60302734375,727.3329467773438,698.923828125,0.002936205502148459
2023-06-27,689.175048828125,692.7495823983772,683.8871143932806,5635390.0,692.2571929401386,691.1986083984375,0.002936205502148459,694.1035766601562,698.6994934082031,47.00066153770765,8.806467842545658,689.175048828125,688.283935546875,692.2572631835938,713.8028564453125,705.7232055664062,0.01010799676951013
2023-06-28,691.1986083984375,692.2571929401386,684.7733554358218,7097890.0,694.655003675572,698.1852416992188,0.01010799676951013,691.82001953125,699.1935760498047,53.95362639850459,8.217844951408438,691.1986083984375,689.175048828125,688.283935546875,709.60302734375,698.840087890625,0.014220477946321974
2023-06-30,698.1852416992188,701.6120433941683,693.241934806308,7097820.0,702.1210206984753,708.11376953125,0.014220477946321974,694.9913208007813,699.9347076416016,57.079485012222236,8.455041830122013,698.1852416992188,691.1986083984375,689.175048828125,692.2572631835938,701.76953125,0.02407631064868232
2023-07-03,708.11376953125,711.51559773599,701.2507813653203,8879080.0,708.1138590569371,725.1625366210938,0.02407631064868232,702.367041015625,701.610009765625,61.10840367359363,9.904541695766852,708.11376953125,698.1852416992188,691.1986083984375,688.283935546875,709.3125,0.07192815996346447
2023-07-04,725.1625366210938,727.3381352290382,708.0545272929863,12092270.0,756.5106994484865,777.3221435546875,0.07192815996346447,719.9964599609375,705.7982635498047,71.90062956909932,15.08819779380076,725.1625366210938,708.11376953125,698.1852416992188,689.175048828125,727.3329467773438,-0.002760598088232036
2023-07-05,777.3221435546875,783.2110770760802,752.8171616958847,41622080.0,779.250544696842,775.17626953125,-0.002760598088232036,736.7919921875,709.5308807373046,74.04653448518515,18.806340708694847,777.3221435546875,725.1625366210938,708.11376953125,691.1986083984375,713.8028564453125,-0.009248935946398307
2023-07-06,775.17626953125,791.112430288278,769.3664649278425,19786660.0,768.970870050489,768.0067138671875,-0.009248935946398307,750.7562866210938,713.0724212646485,70.32238516634233,20.933168002619027,775.17626953125,777.3221435546875,725.1625366210938,698.1852416992188,709.60302734375,-0.018528855786789533
2023-07-07,768.0067138671875,773.7176522515389,764.9163923080888,10459840.0,763.4330800487938,753.7764282226562,-0.018528855786789533,759.888818359375,716.2463623046875,63.10434483222592,21.225751580316455,768.0067138671875,775.17626953125,777.3221435546875,708.11376953125,692.2572631835938,-0.011689270003019447
2023-07-10,753.7764282226562,766.2910240700928,752.1200278472285,10949150.0,753.7764308192204,744.96533203125,-0.011689270003019447,763.8493774414062,718.8465637207031,55.4948710681835,20.510215352926593,753.7764282226562,768.0067138671875,775.17626953125,725.1625366210938,688.283935546875,-0.011847516105838118
2023-07-11,744.96533203125,754.5280067236724,734.9823252958943,14515180.0,748.3028368660752,736.1393432617188,-0.011847516105838118,755.6128173828125,720.7073394775391,57.171085453568544,19.011807918479917,744.96533203125,753.7764282226562,768.0067138671875,777.3221435546875,689.175048828125,-0.001618700815784413
2023-07-12,736.1393432617188,759.4774275699498,729.9092067024096,16750430.0,738.7006237969854,734.94775390625,-0.001618700815784413,747.5671142578125,722.1685668945313,58.29714077453407,17.52612763899299,736.1393432617188,744.96533203125,753.7764282226562,775.17626953125,691.1986083984375,0.005738709105199247
2023-07-13,734.94775390625,742.4683417182324,731.6052570214027,11317550.0,738.705538853855,739.1654052734375,0.005738709105199247,741.7988525390625,724.1848327636719,66.80048004931655,16.498855989039726,734.94775390625,736.1393432617188,744.96533203125,768.0067138671875,698.1852416992188,0.0010367874584058523
2023-07-14,739.1654052734375,743.9417629643731,733.3703882356988,7470520.0,739.106067385201,739.9317626953125,0.0010367874584058523,739.0299194335937,726.0929443359375,68.93295899892694,15.56712630276968,739.1654052734375,734.94775390625,736.1393432617188,753.7764282226562,708.11376953125,0.003822307965277938
2023-07-17,739.9317626953125,743.5462318437566,731.778262939339,7266000.0,743.6549958800384,742.760009765625,0.003822307965277938,738.5888549804688,727.7653198242188,69.36800120010942,14.885350658990205,739.9317626953125,739.1654052734375,734.94775390625,744.96533203125,725.1625366210938,-0.012108915984216151
2023-07-18,742.760009765625,745.8305943757243,735.941565175192,5067440.0,743.6550207420822,733.7659912109375,-0.012108915984216151,738.1141845703125,728.0869720458984,64.64767812677471,13.464090760965632,742.760009765625,739.9317626953125,739.1654052734375,736.1393432617188,777.3221435546875,0.02219668205564762
2023-07-19,733.7659912109375,747.1161810779829,729.1280339465168,13097090.0,735.9366087871717,750.0531616210938,0.02219668205564762,741.1352661132812,729.8994873046875,66.77436317726814,13.496392574309766,733.7659912109375,742.760009765625,739.9317626953125,734.94775390625,775.17626953125,0.0015688992096996035
2023-07-20,750.0531616210938,751.4673458981355,734.7548625660792,9759430.0,746.7205248101284,751.2299194335938,0.0015688992096996035,743.5481689453125,731.9808319091796,64.78069009961689,13.461767637336493,750.0531616210938,733.7659912109375,742.760009765625,739.1654052734375,768.0067138671875,-0.001954720899995488
2023-07-21,751.2299194335938,755.2399736423955,741.8749370149387,6494360.0,751.2299809896789,749.761474609375,-0.001954720899995488,745.514111328125,734.8560424804688,59.441329056070906,13.164088482649731,751.2299194335938,750.0531616210938,733.7659912109375,739.9317626953125,753.7764282226562,-1.9863087967753046e-05
2023-07-24,749.761474609375,757.2722238262216,744.9504714625906,6733940.0,749.7515313742846,749.74658203125,-1.9863087967753046e-05,746.91142578125,737.9291748046875,32.35230241365949,12.779657959410429,749.761474609375,751.2299194335938,750.0531616210938,742.760009765625,744.96533203125,0.0032778002463071942
2023-07-25,749.74658203125,755.9964554848598,747.6451634082008,5843420.0,756.4514228203863,752.2041015625,0.0032778002463071942,750.5990478515625,741.0806274414062,35.356774363228055,12.528870270369111,749.74658203125,749.761474609375,751.2299194335938,733.7659912109375,736.1393432617188,-0.02278338593482432
2023-07-26,752.2041015625,756.4514228203863,745.7366376590052,8508690.0,755.0273473940453,735.0663452148438,-0.02278338593482432,747.6016845703125,743.2740142822265,31.370208488525506,10.822490574351491,752.2041015625,749.74658203125,749.761474609375,750.0531616210938,734.94775390625,-0.020052017187609406
2023-07-27,735.0663452148438,764.8175100299142,724.9646757580742,22288660.0,749.380756168841,720.3267822265625,-0.020052017187609406,741.4210571289062,744.3810913085938,31.1905338831164,8.186444584681567,735.0663452148438,752.2041015625,749.74658203125,751.2299194335938,739.1654052734375,0.013385292489285883
2023-07-28,720.3267822265625,749.380756168841,718.7050272358173,21471720.0,723.7780851969835,729.9685668945312,0.013385292489285883,737.4624755859375,745.4738311767578,41.64504596283936,6.797018787545426,720.3267822265625,735.0663452148438,752.2041015625,749.761474609375,739.9317626953125,-0.011013808335503805
2023-07-31,729.9685668945312,731.254189001507,712.9990190187492,10070500.0,726.3492001211957,721.9288330078125,-0.011013808335503805,731.89892578125,745.3121459960937,42.01311108747929,4.989632126033257,729.9685668945312,720.3267822265625,735.0663452148438,749.74658203125,742.760009765625,-0.004191634789139975
2023-08-01,721.9288330078125,728.8115587529832,720.0251465864335,7493150.0,721.9288720609418,718.9027709960938,-0.004191634789139975,725.2386596679687,742.3911773681641,41.16426380460889,3.275331280597129,721.9288330078125,729.9685668945312,720.3267822265625,752.2041015625,733.7659912109375,-0.009113212434551321
2023-08-02,718.9027709960938,724.8658849422148,716.3613434502885,7527650.0,720.9102412174343,712.3512573242188,-0.009113212434551321,720.6956420898438,739.2499267578125,35.60388743504393,1.3722644987457215,718.9027709960938,721.9288330078125,729.9685668945312,735.0663452148438,750.0531616210938,-0.013201940543543067
2023-08-03,712.3512573242188,720.9102412174343,706.5711486280615,8985360.0,709.5378547010682,702.9468383789062,-0.013201940543543067,717.2196533203125,735.9969329833984,31.8287837396131,-0.8845906393534051,712.3512573242188,718.9027709960938,721.9288330078125,720.3267822265625,751.2299194335938,0.005676351499134258
2023-08-04,702.9468383789062,714.4131389196965,694.0170159187077,10818980.0,705.9778048769389,706.93701171875,0.005676351499134258,712.6133422851562,733.6549621582031,32.59833657692532,-2.3243967558900067,702.9468383789062,712.3512573242188,718.9027709960938,729.9685668945312,749.761474609375,-0.003713892804772967
2023-08-07,706.93701171875,712.5045398777197,699.2829129254101,7313490.0,708.2522871085881,704.3115234375,-0.003713892804772967,709.0898803710937,731.6222717285157,34.74830284565692,-3.635401789790194,706.93701171875,702.9468383789062,712.3512573242188,721.9288330078125,749.74658203125,0.007223834085536174
2023-08-08,704.3115234375,710.3042727499725,699.3125660356488,7184090.0,705.5822024097894,709.3993530273438,0.007223834085536174,707.1891967773438,730.2852722167969,26.18739140693708,-4.21524665773245,704.3115234375,706.93701171875,702.9468383789062,718.9027709960938,752.2041015625,-0.006726004639674099
2023-08-09,709.3993530273438,712.5045225455547,700.65253605613,8073620.0,712.0101166909211,704.6279296875,-0.006726004639674099,705.64453125,728.7692810058594,23.806334972023336,-5.002130434281753,709.3993530273438,704.3115234375,706.93701171875,712.3512573242188,735.0663452148438,0.0025964466231207517
2023-08-10,704.6279296875,713.3946049498472,701.1321843525876,5115720.0,702.126058655093,706.4574584960938,0.0025964466231207517,706.3466552734375,727.1338836669922,25.758432014629136,-5.415685164120305,704.6279296875,709.3993530273438,704.3115234375,702.9468383789062,720.3267822265625,-0.011653362678050394
2023-08-11,706.4574584960938,709.4390154391243,701.3299990064912,6161300.0,706.4574831064095,698.224853515625,-0.011653362678050394,704.6042236328125,725.0485382080078,23.588190385602175,-6.334710091477177,706.4574584960938,704.6279296875,709.3993530273438,706.93701171875,729.9685668945312,-0.0060265482115114954
2023-08-14,698.224853515625,707.9556856453397,695.3026282347329,6303960.0,696.1876168045688,694.0169677734375,-0.0060265482115114954,702.5453125,722.6113861083984,20.69714230914404,-7.318225235176442,698.224853515625,706.4574584960938,704.6279296875,704.3115234375,721.9288330078125,-0.005207912847445595
2023-08-16,694.0169677734375,698.0566577048834,686.3529705713986,6937850.0,691.6387165229881,690.402587890625,-0.005207912847445595,698.7459594726563,720.4432159423828,23.960755260541546,-8.293713555106251,694.0169677734375,698.224853515625,706.4574584960938,709.3993530273438,718.9027709960938,-0.008343502874405662
2023-08-17,690.402587890625,691.6387165229881,684.3208108762607,5987950.0,694.209835394404,684.6422119140625,-0.008343502874405662,694.7488159179687,717.1726684570312,26.76277567216951,-9.422986948564926,690.402587890625,694.0169677734375,698.224853515625,704.6279296875,712.3512573242188,-0.008832524544052034
2023-08-18,684.6422119140625,694.209835394404,682.6396593995953,7101180.0,681.7002020625492,678.5950927734375,-0.008832524544052034,689.1763427734375,713.5409271240235,14.90333335835166,-10.682752109090416,684.6422119140625,690.402587890625,694.0169677734375,706.4574584960938,702.9468383789062,0.02711991669081648
2023-08-21,678.5950927734375,683.9054966119958,676.9040470556215,7455330.0,672.5528245754601,696.99853515625,0.02711991669081648,688.9310791015625,710.9027801513672,35.08101276919031,-10.079925966609721,678.5950927734375,684.6422119140625,690.402587890625,698.224853515625,706.93701171875,0.003085915963607855
2023-08-22,696.99853515625,698.4620921042072,672.5528245754601,12308310.0,697.2803730605823,699.1494140625,0.003085915963607855,689.957568359375,708.3729217529296,38.05390744444223,-9.32117524745422,696.99853515625,678.5950927734375,684.6422119140625,694.0169677734375,704.3115234375,0.00657711868076305
2023-08-23,699.1494140625,707.4116786323672,697.176557568646,12487800.0,702.121038197563,703.747802734375,0.00657711868076305,692.626611328125,705.9501068115235,44.671063624836584,-8.253665186001172,699.1494140625,696.99853515625,678.5950927734375,690.402587890625,709.3993530273438,0.002950945187093046
2023-08-24,703.747802734375,706.9666864071334,692.528668280197,8032480.0,707.0656019438347,705.8245239257812,0.002950945187093046,696.8630737304687,704.4880157470703,51.96037667439485,-7.157573673172124,703.747802734375,699.1494140625,696.99853515625,684.6422119140625,704.6279296875,0.010374924259974438
2023-08-25,705.8245239257812,710.6206790405837,704.19775927533,9103600.0,703.6044621128395,713.1473999023438,0.010374924259974438,703.77353515625,704.1290466308594,54.0469658196825,-5.633083678686489,705.8245239257812,703.747802734375,699.1494140625,678.5950927734375,706.4574584960938,0.0033418613689402132
2023-08-28,713.1473999023438,719.7334671153359,702.2199738137514,13032760.0,714.4774555576948,715.5306396484375,0.0033418613689402132,707.4799560546875,703.4071502685547,57.33403130331531,-4.184372008917649,713.1473999023438,705.8245239257812,703.747802734375,696.99853515625,698.224853515625,0.007981316450193843
2023-08-29,715.5306396484375,718.0424314953203,705.8888355684554,7036260.0,716.9546003259571,721.2415161132812,0.007981316450193843,711.8983764648438,703.3727844238281,57.678772422243426,-2.5460878543940453,715.5306396484375,713.1473999023438,705.8245239257812,699.1494140625,694.0169677734375,-0.0034620140222145768
2023-08-30,721.2415161132812,722.9819345114156,715.5701121270181,14183050.0,724.4702943597567,718.7445678710938,-0.0034620140222145768,714.8977294921875,703.3648742675781,59.431808635667046,-1.4327034010314037,721.2415161132812,715.5306396484375,713.1473999023438,703.747802734375,690.402587890625,-0.014460452359057352
2023-08-31,718.7445678710938,724.9549075174418,717.7457662104422,4602680.0,719.9213732884828,708.3511962890625,-0.014460452359057352,715.4030639648438,703.1648712158203,51.13534653921844,-1.3731674067806807,718.7445678710938,721.2415161132812,715.5306396484375,705.8245239257812,684.6422119140625,0.02200182911288029
2023-09-01,708.3511962890625,720.4158247811259,705.5822800018303,14129800.0,708.899933520938,723.9362182617188,0.02200182911288029,717.5608276367187,704.2143402099609,64.165802997297,-0.06762414957142937,708.3511962890625,718.7445678710938,721.2415161132812,713.1473999023438,678.5950927734375,-0.006877767427304171
2023-09-04,723.9362182617188,724.8064575987127,707.5599894731322,6760760.0,728.821435581415,718.9571533203125,-0.006877767427304171,718.2461303710937,704.8153472900391,63.62513571117992,0.5588176566150196,723.9362182617188,708.3511962890625,718.7445678710938,715.5306396484375,696.99853515625,0.010295351356784499
2023-09-05,718.9571533203125,728.821435581415,717.7853058008894,5813630.0,720.2179611617435,726.3590698242188,0.010295351356784499,719.2696411132813,705.917724609375,68.86286368209288,1.6337176229516217,718.9571533203125,723.9362182617188,708.3511962890625,721.2415161132812,699.1494140625,0.005813455665972356
2023-09-06,726.3590698242188,727.6792165505018,719.9213023669519,12213530.0,723.4121799251719,730.5817260742188,0.005813455665972356,721.6370727539063,706.9768432617187,74.49518963217821,2.794107922811463,726.3590698242188,718.9571533203125,723.9362182617188,718.7445678710938,703.747802734375,-0.0033298660108634914
2023-09-07,730.5817260742188,731.4914998577635,720.9794570202578,6051570.0,729.8103364368986,728.1489868164062,-0.0033298660108634914,725.596630859375,708.1528961181641,77.48165218044736,3.477339266262902,730.5817260742188,726.3590698242188,718.9571533203125,708.3511962890625,705.8245239257812,0.006444261953883812
2023-09-08,728.1489868164062,730.5817096666859,722.2650025201771,5496220.0,730.7992826156731,732.8413696289062,0.006444261953883812,727.3776611328125,709.4720916748047,73.44290540028055,4.347327816502457,728.1489868164062,730.5817260742188,726.3590698242188,723.9362182617188,713.1473999023438,-0.0025638648797234875
2023-09-11,732.8413696289062,736.7277509931089,728.8214767087295,6246420.0,734.2604766087287,730.9624633789062,-0.0025638648797234875,729.7787231445312,711.1089721679688,70.88152506343881,4.82951632091806,732.8413696289062,728.1489868164062,730.5817260742188,718.9571533203125,715.5306396484375,0.005364105093073279
2023-09-12,730.9624633789062,736.1394164495877,728.0303997878608,4068490.0,733.8648238845564,734.8834228515625,0.005364105093073279,731.48359375,713.152294921875,70.62024941913765,5.465045206003424,730.9624633789062,732.8413696289062,728.1489868164062,726.3590698242188,721.2415161132812,0.006001662745124037
2023-09-13,734.8834228515625,737.6227032212357,722.4430073687112,9635170.0,734.6856239997034,739.2939453125,0.006001662745124037,733.2260375976563,715.5968627929688,71.5012104069116,6.252523529310338,734.8834228515625,730.9624633789062,732.8413696289062,730.5817260742188,718.7445678710938,0.002461240335677184
2023-09-14,739.2939453125,742.4930317070101,729.8746210501239,5798460.0,739.2939777757487,741.113525390625,0.002461240335677184,735.8189453125,718.4204284667969,69.33279888609945,6.943391583383459,739.2939453125,734.8834228515625,730.9624633789062,728.1489868164062,708.3511962890625,-0.0002802575173745936
2023-09-15,741.113525390625,742.8342068543316,734.4631772415403,6503720.0,741.5783298598583,740.9058227539062,-0.0002802575173745936,737.4318359375,721.5359649658203,68.0856913416874,7.38897413241034,741.113525390625,739.2939453125,734.8834228515625,732.8413696289062,723.9362182617188,0.007534557415391996
2023-09-18,740.9058227539062,748.119913071407,737.2815152515639,7874940.0,740.5795491959524,746.4882202148438,0.007534557415391996,740.5369873046875,724.01044921875,68.02713558027885,8.099191891267992,740.9058227539062,741.113525390625,739.2939453125,730.9624633789062,718.9571533203125,-0.0012783653407070217
2023-09-20,746.4882202148438,747.6106347271459,738.2160566452571,7066180.0,740.5547755441771,745.533935546875,-0.0012783653407070217,742.66708984375,726.3296752929688,69.55956367240314,8.487206550577639,746.4882202148438,740.9058227539062,741.113525390625,734.8834228515625,726.3590698242188,-0.007268952129329986
2023-09-21,745.533935546875,756.2140750115316,739.9960429800516,8441900.0,744.6438772012622,740.1146850585938,-0.007268952129329986,742.8312377929688,728.1480194091797,75.00771260109273,8.262181454953407,745.533935546875,746.4882202148438,740.9058227539062,739.2939453125,730.5817260742188,-0.0017168838068226666
2023-09-22,740.1146850585938,749.9493315562049,734.260396841882,6757250.0,741.0789244011612,738.843994140625,-0.0017168838068226666,742.3773315429687,729.7989929199218,65.15231786436122,7.890358170567083,740.1146850585938,745.533935546875,746.4882202148438,741.113525390625,728.1489868164062,0.04664483586419732
2023-09-25,738.843994140625,749.2917559238169,737.0886673112819,5263040.0,749.0939769788454,773.3072509765625,0.04664483586419732,748.8576171875,732.8069854736328,84.53990852163767,10.258330693409789,738.843994140625,740.1146850585938,745.533935546875,740.9058227539062,732.8413696289062,0.00649628022900961
2023-09-26,773.3072509765625,776.2789091396079,742.6661078694559,23475330.0,773.3121772402229,778.3308715820312,0.00649628022900961,755.2261474609375,735.9469970703125,84.05800579481986,12.397420431191108,773.3072509765625,738.843994140625,740.1146850585938,746.4882202148438,730.9624633789062,-0.004205479332816453
2023-09-27,778.3308715820312,781.2283498665388,768.8720128298175,12468200.0,776.7832479638334,775.0576171875,-0.004205479332816453,761.1308837890625,738.6378021240234,79.51304426715657,13.670949984234312,778.3308715820312,773.3072509765625,738.843994140625,745.533935546875,734.8834228515625,-0.012574039984426522
2023-09-28,775.0576171875,776.7832479638334,765.6828367684684,7441100.0,771.8140002825958,765.31201171875,-0.012574039984426522,766.1703491210938,740.9661743164063,72.47879226871224,13.735508029889388,775.0576171875,778.3308715820312,773.3072509765625,740.1146850585938,739.2939453125,0.009271168889833259
2023-09-29,765.31201171875,774.2121382056094,763.240228667118,7775050.0,765.3119823606537,772.4073486328125,0.009271168889833259,772.8830200195313,744.1689819335937,73.25622026374191,14.195567471568552,765.31201171875,775.0576171875,778.3308715820312,738.843994140625,741.113525390625,0.02008127618208655
2023-10-03,772.4073486328125,776.0909878109832,763.9274941504476,5730050.0,769.445575239037,787.9182739257812,0.02008127618208655,775.805224609375,747.3680847167968,78.85375787386724,15.631578824214102,772.4073486328125,765.31201171875,775.0576171875,773.3072509765625,740.9058227539062,-0.014251405561576669
2023-10-04,787.9182739257812,788.6994854777103,766.8941888903087,9445550.0,793.5945975917456,776.6893310546875,-0.014251405561576669,775.4769165039063,750.2546936035156,69.71876885660458,15.682765166920944,787.9182739257812,772.4073486328125,765.31201171875,778.3308715820312,746.4882202148438,-0.0004010914339159788
2023-10-05,776.6893310546875,795.374610785803,773.3220876221122,11763840.0,782.7018006462241,776.3778076171875,-0.0004010914339159788,775.7409545898438,752.7556304931641,68.19506550537423,15.519296583806067,776.6893310546875,787.9182739257812,772.4073486328125,775.0576171875,745.533935546875,0.04046029559029618
2023-10-06,776.3778076171875,782.7018006462241,774.004416503966,7950610.0,776.2887996968174,807.790283203125,0.04046029559029618,784.2366088867187,756.6160583496094,75.35252060354127,17.7202033351291,776.3778076171875,776.6893310546875,787.9182739257812,765.31201171875,740.1146850585938,-0.01724290350103319
2023-10-09,807.790283203125,810.1092919589993,775.7943482320424,21450340.0,801.2141242531701,793.8616333007812,-0.01724290350103319,788.5274658203125,759.9016906738282,68.2329335498687,18.131503466205118,807.790283203125,776.3778076171875,776.6893310546875,772.4073486328125,738.843994140625,0.006963372292697834
2023-10-10,793.8616333007812,804.4725425437314,792.9023660618836,7478000.0,796.5613394044323,799.3895874023438,0.006963372292697834,790.821728515625,763.2291015625,68.2210195442643,18.68809673408225,793.8616333007812,807.790283203125,776.3778076171875,787.9182739257812,773.3072509765625,0.0022700273547038297
2023-10-11,799.3895874023438,804.4725631353267,793.1990451756633,9650240.0,804.947194698199,801.2042236328125,0.0022700273547038297,795.72470703125,766.7411895751953,69.06175652833949,19.055961623492408,799.3895874023438,793.8616333007812,807.790283203125,776.6893310546875,778.3308715820312,-0.010818447268325482
2023-10-12,801.2042236328125,808.2303596975008,800.5614125795436,7123720.0,803.4836002525088,792.5364379882812,-0.010818447268325482,798.9564331054687,769.6238403320312,67.5588253092346,18.435565612230107,801.2042236328125,799.3895874023438,793.8616333007812,776.3778076171875,775.0576171875,0.0046604071477700515
2023-10-13,792.5364379882812,803.681392902601,791.418972890995,7640920.0,791.077834997058,796.22998046875,0.0046604071477700515,796.6443725585938,772.4706420898438,68.91461053539615,18.034050010825922,792.5364379882812,801.2042236328125,799.3895874023438,807.790283203125,765.31201171875,-0.0019437455195044917
2023-10-16,796.22998046875,799.3203020262785,786.7760711742726,6622820.0,795.5031182835025,794.6823120117188,-0.0019437455195044917,796.8085083007812,775.1490814208985,58.99760703717082,17.390495289383466,796.22998046875,792.5364379882812,801.2042236328125,793.8616333007812,772.4073486328125,0.007093200307985992
2023-10-17,794.6823120117188,797.9457397271984,789.4065538968514,4382460.0,799.0335910566035,800.3191528320312,0.007093200307985992,796.9944213867187,778.1197479248046,59.208197651533354,17.137765982871997,794.6823120117188,796.22998046875,792.5364379882812,799.3895874023438,787.9182739257812,-0.027980933204671654
2023-10-18,800.3191528320312,806.845948577647,796.8135087417634,8382830.0,796.0668716495471,777.9254760742188,-0.027980933204671654,792.338671875,779.6916107177734,51.0352117858202,14.958066346288433,800.3191528320312,794.6823120117188,796.22998046875,801.2042236328125,776.6893310546875,-0.0031780551159461545
2023-10-19,777.9254760742188,799.4884975720454,776.288812726577,15446420.0,775.6262319718718,775.4531860351562,-0.0031780551159461545,788.922021484375,781.1875732421875,53.86353267701357,12.882642453013773,777.9254760742188,800.3191528320312,794.6823120117188,792.5364379882812,776.3778076171875,-0.009226506834894121
2023-10-20,775.4531860351562,783.5077591488215,764.5208113112154,10614530.0,772.333202844484,768.2984619140625,-0.009226506834894121,783.3357177734375,782.5967620849609,48.43532538817039,10.539040128645524,775.4531860351562,777.9254760742188,800.3191528320312,796.22998046875,807.790283203125,0.003822827845560317
2023-10-23,768.2984619140625,774.5433864486874,763.6803020443698,7711530.0,771.3442995063751,771.2355346679688,0.003822827845560317,778.6463623046875,784.2163391113281,42.97437431756353,8.817077842017397,768.2984619140625,775.4531860351562,777.9254760742188,794.6823120117188,793.8616333007812,-0.013393006589229817
2023-10-25,771.2355346679688,779.7400758783622,767.5221992692816,8822300.0,771.2354697363791,760.9063720703125,-0.013393006589229817,770.7638061523437,783.5962951660156,43.30254328684782,6.543503788099542,771.2355346679688,768.2984619140625,775.4531860351562,800.3191528320312,799.3895874023438,-0.035434586084999276
2023-10-26,760.9063720703125,776.9760436237631,759.0818148986282,7087740.0,754.0483832041258,733.9439697265625,-0.035434586084999276,761.9675048828125,781.3769500732421,35.31486492994506,2.536796820564632,760.9063720703125,771.2355346679688,768.2984619140625,777.9254760742188,801.2042236328125,0.011506587393631529
2023-10-27,733.9439697265625,757.1040594590235,731.9068321040157,13246300.0,742.6611325983672,742.38916015625,0.011506587393631529,755.3546997070313,779.7435272216796,23.088526184345753,0.04241997918825291,733.9439697265625,760.9063720703125,771.2355346679688,775.4531860351562,792.5364379882812,-0.0005528103219322178
2023-10-30,742.38916015625,746.5228274156469,733.4297022478072,9119440.0,742.2507321976938,741.978759765625,-0.0005528103219322178,750.0907592773438,778.5768646240234,25.978671420166464,-1.9450857821587988,742.38916015625,733.9439697265625,760.9063720703125,768.2984619140625,796.22998046875,-0.0013859983646716811
2023-10-31,741.978759765625,744.3323534221029,727.0908343181081,7992760.0,748.5797308263745,740.9503784179688,-0.0013859983646716811,744.0337280273437,777.0040161132813,21.76679983156822,-3.562118314854388,741.978759765625,742.38916015625,733.9439697265625,771.2355346679688,794.6823120117188,-0.0027694188610933868
2023-11-01,740.9503784179688,749.5587350831453,737.7710288972904,7494100.0,743.6549971038137,738.8983764648438,-0.0027694188610933868,739.63212890625,774.5530212402343,19.96762636280245,-4.952122667901108,740.9503784179688,741.978759765625,742.38916015625,760.9063720703125,800.3191528320312,-0.0030515167092057816
2023-11-02,738.8983764648438,746.5228397198252,737.4892018730178,4627780.0,744.6438665569267,736.6436157226562,-0.0030515167092057816,740.1720581054688,772.5507354736328,21.283443924588894,-6.164589924874008,738.8983764648438,740.9503784179688,741.978759765625,733.9439697265625,777.9254760742188,-0.005047489185046605
2023-11-03,736.6436157226562,753.0495410134125,732.8956955467637,8550300.0,744.4460977124863,732.9254150390625,-0.005047489185046605,738.2793090820312,770.3781158447266,17.48368512926494,-7.340885523474185,736.6436157226562,738.8983764648438,740.9503784179688,742.38916015625,775.4531860351562,0.02031303478858293
2023-11-06,732.9254150390625,745.430051278167,729.0637202082291,11387550.0,737.3259979125064,747.8133544921875,0.02031303478858293,739.4462280273438,767.3792694091796,28.827399553663753,-6.991185930407823,732.9254150390625,736.6436157226562,738.8983764648438,741.978759765625,768.2984619140625,-0.008787256857436088
2023-11-07,747.8133544921875,748.7923587322433,736.0009017912865,6340430.0,755.5218881259358,741.2421264648438,-0.008787256857436088,739.5045776367188,764.7482940673829,23.535931843783146,-7.161733659612082,747.8133544921875,732.9254150390625,736.6436157226562,740.9503784179688,771.2355346679688,-0.004756222790691211
2023-11-08,741.2421264648438,755.5218881259358,736.3371458811691,15630070.0,744.3472246116446,737.7166137695312,-0.004756222790691211,739.2682250976562,761.6646453857422,28.32389227719854,-7.4949759569382195,741.2421264648438,747.8133544921875,732.9254150390625,738.8983764648438,760.9063720703125,-0.00981910023944399
2023-11-09,737.7166137695312,745.2372010065922,732.4457444143882,9167170.0,740.1938329594809,730.472900390625,-0.00981910023944399,738.03408203125,758.1280792236328,26.93808092358205,-8.248496477013077,737.7166137695312,741.2421264648438,747.8133544921875,736.6436157226562,733.9439697265625,0.007865513464662799
2023-11-10,730.472900390625,740.1938329594809,728.495094557734,7717910.0,728.8214701136949,736.2184448242188,0.007865513464662799,738.6926879882812,755.3121795654297,33.31104324594476,-8.286527568101292,730.472900390625,737.7166137695312,741.2421264648438,732.9254150390625,742.38916015625,-0.011276215464123718
2023-11-13,736.2184448242188,737.1282789908291,726.492622993853,4962610.0,736.5152058458964,727.9166870117188,-0.011276215464123718,734.7133544921875,751.8965148925781,28.655660519215246,-8.884139130855829,736.2184448242188,730.472900390625,737.7166137695312,747.8133544921875,741.978759765625,-0.018550941721775738
2023-11-15,727.9166870117188,736.7327355342866,723.7781303680314,7322400.0,735.6844589667159,714.4131469726562,-0.018550941721775738,729.34755859375,747.883056640625,27.78644519551264,-10.32831504062176,727.9166870117188,736.2184448242188,730.472900390625,741.2421264648438,740.9503784179688,0.01912294333719644
2023-11-16,714.4131469726562,739.3236145596386,704.0148180250579,19234400.0,686.7485975995427,728.0748291015625,0.01912294333719644,727.4192016601562,744.2708404541015,46.78754787275268,-10.252269500490002,714.4131469726562,727.9166870117188,736.2184448242188,737.7166137695312,738.8983764648438,-0.019212361903289676
2023-11-17,728.0748291015625,729.8795890110422,685.4333398092524,45570430.0,706.1261353615141,714.0867919921875,-0.019212361903289676,724.1419799804687,741.07890625,35.39499461413931,-11.19170949343652,728.0748291015625,714.4131469726562,727.9166870117188,730.472900390625,736.6436157226562,-0.0211051695964255
2023-11-20,714.0867919921875,717.9435376183999,702.9171501356352,20800340.0,707.1644191431084,699.015869140625,-0.0211051695964255,716.70146484375,737.2570404052734,30.743321617256342,-13.002435988964521,714.0867919921875,728.0748291015625,714.4131469726562,736.2184448242188,732.9254150390625,0.00488794060008324
2023-11-21,699.015869140625,715.8668126970628,697.1864229718058,19029400.0,700.6377558784516,702.4326171875,0.00488794060008324,711.6046508789062,733.9637481689454,33.097584714961656,-14.000359342246156,699.015869140625,714.0867919921875,728.0748291015625,727.9166870117188,747.8133544921875,0.003547677504653901
2023-11-22,702.4326171875,704.9741050692668,695.1987895307713,16662250.0,700.7811160100655,704.9246215820312,0.003547677504653901,709.7069458007812,730.6482025146485,35.14894121112384,-14.423867495341824,702.4326171875,699.015869140625,714.0867919921875,714.4131469726562,741.2421264648438,-0.007673588908942652
2023-11-23,704.9246215820312,709.8196426586155,698.709333045161,10414040.0,705.5822490298951,699.5153198242188,-0.007673588908942652,703.9950439453125,727.5786499023437,34.205582143124204,-15.022812570380893,704.9246215820312,702.4326171875,699.015869140625,728.0748291015625,737.7166137695312,-0.007471342244067425
2023-11-24,699.5153198242188,708.0545063845899,697.7698916459213,6061580.0,702.9122062348217,694.2890014648438,-0.007471342244067425,700.0354858398438,725.5959014892578,33.77224711998076,-15.737785674132283,699.5153198242188,704.9246215820312,702.4326171875,714.0867919921875,730.472900390625,0.015204790126899459
2023-11-28,694.2890014648438,703.7824456612401,693.3198355285142,7264990.0,695.693218478721,704.8455200195312,0.015204790126899459,701.201416015625,723.7187194824219,31.271565427211613,-15.276486361607454,694.2890014648438,699.5153198242188,704.9246215820312,699.015869140625,736.2184448242188,0.00035771842667275955
2023-11-29,704.8455200195312,705.5822478814035,695.1888683219288,7281580.0,705.4833428613379,705.09765625,0.00035771842667275955,701.734423828125,721.8746643066406,33.327233219007795,-14.720865077152098,704.8455200195312,694.2890014648438,699.5153198242188,702.4326171875,727.9166870117188,-0.0011500720201655934
2023-11-30,705.09765625,708.9049082171309,703.5104864328264,6824300.0,705.2855447281921,704.2867431640625,-0.0011500720201655934,701.6068481445312,720.0414825439453,34.183316035662656,-14.182478333198901,705.09765625,704.8455200195312,694.2890014648438,704.9246215820312,714.4131469726562,0.019299622481396606
2023-12-01,704.2867431640625,708.4104512655188,700.7019702309718,12719340.0,708.0544637047503,717.8792114257812,0.019299622481396606,705.2796264648438,718.9905242919922,44.37921725557284,-12.514742209985002,704.2867431640625,705.09765625,704.8455200195312,699.5153198242188,728.0748291015625,0.020428962296627606
2023-12-04,717.8792114257812,719.9064502628647,706.2744505882342,9004770.0,725.8547955481122,732.5447387695312,0.020428962296627606,712.9307739257813,718.7855804443359,48.48128541943167,-9.895593582210722,717.8792114257812,704.2867431640625,705.09765625,694.2890014648438,714.0867919921875,-0.007809606605158614
2023-12-05,732.5447387695312,733.7660194777919,723.3874874136712,11014260.0,734.7548733124773,726.8238525390625,-0.007809606605158614,717.3264404296875,718.480502319336,49.53837030925708,-8.18715075453656,732.5447387695312,717.8792114257812,704.2867431640625,704.8455200195312,699.015869140625,0.010517302159958941
2023-12-06,726.8238525390625,735.7437762375278,723.8818904801752,15222420.0,730.7992272052545,734.4680786132812,0.010517302159958941,723.2005249023438,717.8132385253906,58.912693685219004,-6.145530496112997,726.8238525390625,732.5447387695312,717.8792114257812,705.09765625,702.4326171875,-0.00483366262171725
2023-12-07,734.4680786132812,737.6226812099829,728.3319193520455,7018000.0,730.7992441952933,730.9179077148438,-0.00483366262171725,728.5267578125,717.2970275878906,51.388273779117206,-4.7591404451309245,734.4680786132812,726.8238525390625,732.5447387695312,704.2867431640625,704.9246215820312,-0.011310725632525886
2023-12-08,730.9179077148438,735.743758702704,724.4702414826704,6688620.0,730.8536284894523,722.6506958007812,-0.011310725632525886,729.4810546875,716.5437316894531,54.42920736977477,-4.278194883288052,730.9179077148438,734.4680786132812,726.8238525390625,717.8792114257812,699.5153198242188,-0.0020321102130091973
2023-12-11,722.6506958007812,731.6002550106168,719.3279965291479,11443880.0,724.3713776658078,721.1821899414062,-0.0020321102130091973,727.208544921875,716.0791961669922,63.34148135249771,-3.969777091329661,722.6506958007812,730.9179077148438,734.4680786132812,732.5447387695312,694.2890014648438,0.0029893746949543054
2023-12-12,721.1821899414062,727.1106580262348,718.9373610333108,5900550.0,719.9213969040297,723.3380737304688,0.0029893746949543054,726.5113891601562,715.4351776123046,62.776510751569106,-3.510920261564138,721.1821899414062,722.6506958007812,730.9179077148438,726.8238525390625,704.8455200195312,-0.0077313878940739045
2023-12-13,723.3380737304688,727.2393033783371,719.9213969040297,6333120.0,721.8842224594443,717.7456665039062,-0.0077313878940739045,723.1669067382812,714.926626586914,57.54956490986956,-3.557524515444584,723.3380737304688,721.1821899414062,722.6506958007812,734.4680786132812,705.09765625,0.029787887201418117
2023-12-14,717.7456665039062,722.344088835766,712.7022861819896,6829550.0,728.6730824926539,739.1257934570312,0.029787887201418117,724.8084838867187,716.1622589111328,69.63182871994928,-1.847959037005353,717.7456665039062,723.3380737304688,721.1821899414062,730.9179077148438,704.2867431640625,0.005465556637963109
2023-12-15,739.1257934570312,742.7896956257157,721.90902041276,17295670.0,744.5302182637156,743.16552734375,0.005465556637963109,728.9114501953125,716.9167938232422,74.51260567480352,-0.16523854826766637,739.1257934570312,717.7456665039062,723.3380737304688,722.6506958007812,717.8792114257812,0.009653972429752189
2023-12-18,743.16552734375,744.5351676071671,736.2382572471354,11739380.0,746.4239493671085,750.3400268554688,0.009653972429752189,734.743017578125,718.7294555664063,73.61763475748089,1.7273400127695595,743.16552734375,739.1257934570312,717.7456665039062,721.1821899414062,732.5447387695312,0.005937249640482811
2023-12-19,750.3400268554688,752.5551598500715,744.2483507624639,10827980.0,755.6206781987596,754.7949829101562,0.005937249640482811,741.0343994140625,721.5184112548828,74.72072933105589,3.545825806972971,750.3400268554688,743.16552734375,739.1257934570312,723.3380737304688,726.8238525390625,-0.018171988154184526
2023-12-20,754.7949829101562,755.6800099581673,745.1383316511178,7914080.0,756.5106668074052,741.078857421875,-0.018171988154184526,745.7010375976563,723.4507232666016,66.2190217174886,3.835993261406543,754.7949829101562,750.3400268554688,743.16552734375,717.7456665039062,734.4680786132812,-0.016920175828433193
2023-12-21,741.078857421875,760.960729553331,737.7363610196413,8745460.0,734.4186478509464,728.5396728515625,-0.016920175828433193,743.5838134765625,724.6314758300781,54.74348758677741,3.0193405803661335,741.078857421875,754.7949829101562,750.3400268554688,739.1257934570312,730.9179077148438,-0.009752777932765966
2023-12-22,728.5396728515625,739.402757412856,722.4430474564191,9130820.0,733.6621623421479,721.4343872070312,-0.009752777932765966,739.2375854492187,725.7274291992187,44.699725249447646,1.7783011283592032,728.5396728515625,741.078857421875,754.7949829101562,743.16552734375,722.6506958007812,-0.018230993772325066
2023-12-26,721.4343872070312,735.7437837059992,716.2623838131826,11294850.0,724.3713912620949,708.2819213867188,-0.018230993772325066,730.8259643554687,726.4270751953125,41.74010972547966,-0.26348832116821086,721.4343872070312,728.5396728515625,741.078857421875,750.3400268554688,721.1821899414062,0.009843344270765497
2023-12-27,708.2819213867188,726.2503309593596,706.5958853602687,12258440.0,713.978060692493,715.2537841796875,0.009843344270765497,722.917724609375,726.9474884033203,41.389008483333946,-1.304018199037614,708.2819213867188,721.4343872070312,728.5396728515625,754.7949829101562,723.3380737304688,0.0035738550923403167
2023-12-28,715.2537841796875,724.2132428622983,711.1102782337936,16052790.0,719.4268634656994,717.8099975585938,0.0035738550923403167,718.2639526367187,727.58310546875,44.072813100970826,-1.9004730964981036,715.2537841796875,708.2819213867188,721.4343872070312,741.078857421875,717.7456665039062,0.009519838232729505
2023-12-29,717.8099975585938,720.9102178233607,712.0100916773932,18560640.0,715.1400287493351,724.6434326171875,0.009519838232729505,717.4847045898438,728.6009399414063,50.91292115195443,-1.8010059249170354,717.8099975585938,715.2537841796875,708.2819213867188,728.5396728515625,739.1257934570312,-0.003916763346197172
2024-01-01,724.6434326171875,726.1514735038018,712.5194719683013,9128020.0,725.5530959166534,721.80517578125,-0.003916763346197172,717.5588623046875,728.7972381591796,50.281867422068785,-1.9289651714176443,724.6434326171875,717.8099975585938,715.2537841796875,721.4343872070312,743.16552734375,0.01794748815666014
2024-01-02,721.80517578125,725.5530959166534,719.2290427705543,3314890.0,724.2724702333553,734.759765625,0.01794748815666014,722.8544311523438,728.9079895019531,54.70767973700007,-0.9738210588164975,721.80517578125,724.6434326171875,717.8099975585938,708.2819213867188,750.3400268554688,-0.006090060526798502
2024-01-03,734.759765625,736.2480692403091,719.9262229005963,11129900.0,736.2332999340783,730.2850341796875,-0.006090060526798502,725.8606811523438,729.0810485839844,55.216413427265756,-0.5713497347942393,734.759765625,721.80517578125,724.6434326171875,715.2537841796875,754.7949829101562,0.04343380144906095
2024-01-04,730.2850341796875,740.2779395735253,728.6434818334453,5534050.0,747.6106144641175,762.0040893554688,0.04343380144906095,734.6994995117187,730.4578491210938,58.763589434258705,2.2807829089869074,730.2850341796875,734.759765625,721.80517578125,717.8099975585938,741.078857421875,0.0007268110703722019
2024-01-05,762.0040893554688,764.8126002318069,747.6106144641175,29118790.0,764.9115163170187,762.5579223632812,0.0007268110703722019,742.2823974609375,732.0398498535156,57.63212726225404,4.5335483495071,762.0040893554688,730.2850341796875,734.759765625,724.6434326171875,728.5396728515625,0.003222491503551028
2024-01-08,762.5579223632812,770.2565659699699,758.795153715029,10526010.0,759.1807678976411,765.0152587890625,0.003222491503551028,750.9244140625,734.1580780029296,55.998345483584316,6.44289798673492,762.5579223632812,762.0040893554688,730.2850341796875,721.80517578125,721.4343872070312,-0.0013637295646006242
2024-01-09,765.0152587890625,774.3109701860294,754.6614744046998,11212090.0,768.7731495545083,763.9719848632812,-0.0013637295646006242,756.7668579101562,736.2975677490234,53.858618272003376,7.78217971997924,765.0152587890625,762.5579223632812,762.0040893554688,734.759765625,708.2819213867188,-0.005811974306452639
2024-01-10,763.9719848632812,772.3331759020847,761.2574511927395,12470830.0,763.0374431491695,759.5317993164062,-0.005811974306452639,762.6162109375,738.1072540283203,58.415263951029225,8.388585880804953,763.9719848632812,765.0152587890625,762.5579223632812,730.2850341796875,715.2537841796875,-0.0014061204086829315
2024-01-11,759.5317993164062,764.9411294921276,757.4996111274063,5590720.0,759.4774558061606,758.4638061523438,-0.0014061204086829315,761.908154296875,740.1431610107422,65.24120659565168,8.682897966588712,759.5317993164062,763.9719848632812,765.0152587890625,762.0040893554688,717.8099975585938,-0.0011343343683919427
2024-01-12,758.4638061523438,770.6817429853727,756.6145624883184,6517410.0,759.8730302560147,757.6034545898438,-0.0011343343683919427,760.9172607421875,741.0670440673828,69.67344277446823,8.745901920930919,758.4638061523438,759.5317993164062,763.9719848632812,762.5579223632812,724.6434326171875,-0.02389359178091577
2024-01-15,757.6034545898438,763.3292411436346,753.247368599651,8086380.0,761.2525016758187,739.5015869140625,-0.02389359178091577,755.8145263671875,740.8838470458984,66.11371078153716,7.251571963205947,757.6034545898438,758.4638061523438,759.5317993164062,765.0152587890625,721.80517578125,-0.0028549865574380995
2024-01-16,739.5015869140625,761.2525016758187,737.1282561355011,9972200.0,739.2049785237344,737.3903198242188,-0.0028549865574380995,750.498193359375,740.236361694336,62.02910586913303,5.8297414653630995,739.5015869140625,757.6034545898438,758.4638061523438,763.9719848632812,734.759765625,-0.013115860798617485
2024-01-17,737.3903198242188,753.0001871844761,734.5472237529737,11947230.0,722.2254627379597,727.7188110351562,-0.013115860798617485,744.135595703125,738.8825531005859,54.99800505877688,3.8778195312833077,737.3903198242188,739.5015869140625,757.6034545898438,759.5317993164062,730.2850341796875,-0.012678578992019185
2024-01-18,727.7188110351562,739.5213645833167,722.116637548373,13802710.0,721.5035631671136,718.4923706054688,-0.012678578992019185,736.14130859375,737.7532287597656,46.9705377514181,1.5683319471571622,727.7188110351562,737.3903198242188,739.5015869140625,758.4638061523438,762.0040893554688,0.007370338841733215
2024-01-19,718.4923706054688,727.0167091466525,715.3724132059621,16869960.0,727.8325422943518,723.7879028320312,0.007370338841733215,729.3781982421875,737.5156402587891,50.953436156318325,0.16346724322670525,718.4923706054688,727.7188110351562,737.3903198242188,757.6034545898438,762.5579223632812,-0.0339385764235246
2024-01-23,723.7879028320312,730.6805875058703,718.0671260509324,8308100.0,727.1303822856321,699.2235717773438,-0.0339385764235246,721.3225952148438,736.4050994873047,34.62803934334818,-2.8986208823715742,723.7879028320312,718.4923706054688,727.7188110351562,739.5015869140625,765.0152587890625,-0.002177970316021738
2024-01-24,699.2235717773438,727.3380736207916,696.4447570783,25332970.0,702.516635830037,697.70068359375,-0.002177970316021738,713.38466796875,735.8760375976562,35.53553488462826,-5.386144016704179,699.2235717773438,723.7879028320312,718.4923706054688,737.3903198242188,763.9719848632812,0.004280504951042374
2024-01-25,697.70068359375,702.516635830037,691.9155654838189,20636750.0,697.7007488661789,700.6871948242188,0.004280504951042374,707.9783447265625,735.1477081298829,13.459792590523406,-7.035437382577356,697.70068359375,699.2235717773438,723.7879028320312,727.7188110351562,759.5317993164062,0.01498119478305826
2024-01-29,700.6871948242188,704.6725028077564,695.7921129987375,11683490.0,700.6871316368151,711.184326171875,0.01498119478305826,706.5167358398437,734.8164245605469,22.62895726604677,-7.41006487075515,700.6871948242188,697.70068359375,699.2235717773438,718.4923706054688,758.4638061523438,-0.05206725961556613
2024-01-30,711.184326171875,714.4773897004653,700.6475972499821,18603610.0,691.0948200189839,674.1549072265625,-0.05206725961556613,696.59013671875,732.2919982910156,14.62339568405504,-10.573045013873752,711.184326171875,700.6871948242188,697.70068359375,723.7879028320312,757.6034545898438,0.006703542503028848
2024-01-31,674.1549072265625,691.0948200189839,672.9484745686839,41531470.0,674.4317616899417,678.6741333007812,0.006703542503028848,692.4802490234375,730.1354461669922,17.664401317561342,-12.570164755252677,674.1549072265625,711.184326171875,700.6871948242188,699.2235717773438,739.5015869140625,-0.017426934212349865
2024-02-01,678.6741333007812,684.4196565982251,673.6406514604074,18105120.0,678.9708833006581,666.846923828125,-0.017426934212349865,686.3094970703125,726.7398040771484,16.727541870235243,-14.93509106605768,678.6741333007812,674.1549072265625,711.184326171875,697.70068359375,737.3903198242188,0.015571015649455067
2024-02-02,666.846923828125,680.3602605190216,665.8283248474089,19111370.0,668.0039265150391,677.2304077148438,0.015571015649455067,681.6181396484375,724.0870727539062,22.66657246974472,-15.789440987365538,666.846923828125,678.6741333007812,674.1549072265625,700.6871948242188,727.7188110351562,-0.03505984231970771
2024-02-05,677.2304077148438,683.3319218680859,667.8061338582696,13675080.0,681.7496779629142,653.48681640625,-0.03505984231970771,670.0786376953125,718.6612091064453,19.641826850350682,-18.17294247184077,677.2304077148438,666.846923828125,678.6741333007812,711.184326171875,718.4923706054688,-0.0015208194324166646
2024-02-06,653.48681640625,681.8485441089881,652.6759087917798,17712220.0,657.4226475151314,652.4929809570312,-0.0015208194324166646,665.7462524414062,713.1579620361329,21.81859588484592,-19.912539426032936,653.48681640625,677.2304077148438,666.846923828125,674.1549072265625,723.7879028320312,0.01683044999529959
2024-02-07,652.4929809570312,662.4660886093387,646.2480566183943,24395330.0,656.7304062751721,663.4747314453125,0.01683044999529959,662.7063720703125,708.0809356689454,27.360238333549574,-20.17251091043977,652.4929809570312,653.48681640625,677.2304077148438,678.6741333007812,699.2235717773438,-0.01990548619780197
2024-02-08,663.4747314453125,666.2832423008938,655.1729324594918,15382370.0,665.7146029593122,650.2679443359375,-0.01990548619780197,659.390576171875,702.3957336425781,26.780269885412338,-21.199838983467203,663.4747314453125,652.4929809570312,653.48681640625,666.846923828125,697.70068359375,0.011991188277818976
2024-02-09,650.2679443359375,666.2733355176964,646.4161481875257,21932090.0,650.6980912033707,658.0654296875,0.011991188277818976,655.5575805664063,697.3224151611328,31.72747511056332,-21.141110420233417,650.2679443359375,663.4747314453125,652.4929809570312,677.2304077148438,700.6871948242188,-0.012825847098577037
2024-02-12,658.0654296875,660.3596915985137,649.9069809756037,12098740.0,659.5439090235501,649.6251831054688,-0.012825847098577037,654.78525390625,691.880484008789,27.992461070113634,-21.527469701505993,658.0654296875,650.2679443359375,663.4747314453125,653.48681640625,711.184326171875,0.005251770124730992
2024-02-13,649.6251831054688,659.7812360828563,647.8798152077181,5447840.0,652.6759253268659,653.036865234375,0.005251770124730992,654.8940307617188,686.6521545410156,34.32662024101516,-21.312688573114315,649.6251831054688,658.0654296875,650.2679443359375,652.4929809570312,674.1549072265625,0.006488895219487922
2024-02-14,653.036865234375,656.532670846935,648.0379682310628,9480140.0,649.101055869035,657.2743530273438,0.006488895219487922,653.653955078125,682.5407928466797,36.529571713005616,-20.56349990415913,653.036865234375,649.6251831054688,658.0654296875,663.4747314453125,678.6741333007812,-0.004077340958583697
2024-02-15,657.2743530273438,658.2137625195079,647.7314156611072,6361260.0,657.2248766772686,654.5944213867188,-0.004077340958583697,654.5192504882813,678.4009979248046,34.61001706954822,-19.95597056614838,657.2743530273438,653.036865234375,649.6251831054688,650.2679443359375,666.846923828125,-3.030338348930517e-05
2024-02-16,654.5944213867188,660.3300464273348,651.2568739291971,8808590.0,657.6253721096629,654.5745849609375,-3.030338348930517e-05,653.8210815429687,674.7437866210937,29.676549369103427,-19.25414996701545,654.5944213867188,657.2743530273438,653.036865234375,658.0654296875,677.2304077148438,0.014140733177615772
2024-02-19,654.5745849609375,658.6093256579569,652.8737009595312,10294310.0,657.5116456678188,663.8307495117188,0.014140733177615772,656.6621948242188,672.0107055664063,45.37027964276232,-17.74648651387713,654.5745849609375,654.5944213867188,657.2743530273438,649.6251831054688,653.48681640625,0.007567530690627988
2024-02-20,663.8307495117188,673.1362989885329,655.1778493735877,13158810.0,663.7416983093211,668.8543090820312,0.007567530690627988,659.82568359375,669.2640258789063,45.61626934952465,-15.962289751377739,663.8307495117188,654.5745849609375,654.5944213867188,653.036865234375,652.4929809570312,-0.011059077471214374
2024-02-21,668.8543090820312,671.6628196996451,660.7107086962736,11067090.0,671.4650902962242,661.4573974609375,-0.011059077471214374,660.6622924804688,667.3757171630859,47.49493892668933,-14.972575382995387,668.8543090820312,663.8307495117188,654.5745849609375,657.2743530273438,663.4747314453125,-0.002070623008386341
2024-02-22,661.4573974609375,671.4650902962242,659.1087529992976,8549440.0,661.6798878153451,660.0877685546875,-0.002070623008386341,661.7609619140625,665.4950714111328,41.303352945802835,-14.135788649484994,661.4573974609375,668.8543090820312,663.8307495117188,654.5944213867188,650.2679443359375,0.0034307368053527743
2024-02-23,660.0877685546875,663.2423713736378,648.8192001458722,10223740.0,659.9938730501269,662.3523559570312,0.0034307368053527743,663.3165161132813,663.5783294677734,55.75087676788793,-13.138444052394107,660.0877685546875,661.4573974609375,668.8543090820312,654.5745849609375,658.0654296875,-0.00815196782965244
2024-02-26,662.3523559570312,664.4439364604978,655.8998002267024,12803110.0,661.5759894916541,656.952880859375,-0.00815196782965244,661.9409423828125,660.8667572021484,52.73662062875125,-12.638050212863618,662.3523559570312,660.0877685546875,661.4573974609375,663.8307495117188,649.6251831054688,-0.013095999485669974
2024-02-27,656.952880859375,663.3560025039205,655.0689920072216,8920560.0,655.7414508758554,648.3494262695312,-0.013095999485669974,657.8399658203125,659.5764831542969,40.439999290174384,-12.78829585899814,656.952880859375,662.3523559570312,660.0877685546875,668.8543090820312,653.036865234375,-0.008777830046004964
2024-02-28,648.3494262695312,656.82928021757,641.9067097632173,11503060.0,649.9070003795892,642.6583251953125,-0.008777830046004964,654.0801513671875,657.7756927490234,44.68539314347682,-13.21426508785612,648.3494262695312,656.952880859375,662.3523559570312,661.4573974609375,657.2743530273438,-0.0005155131663848733
2024-02-29,642.6583251953125,652.3545109230957,640.314630142184,5353210.0,642.6880266306442,642.3270263671875,-0.0005155131663848733,650.5280029296875,656.5496978759766,37.728410572704,-13.42384014418667,642.6583251953125,648.3494262695312,656.952880859375,660.0877685546875,654.5944213867188,0.011716204451473589
2024-03-01,642.3270263671875,646.6436382785132,629.5553669879544,16990980.0,643.9488790194872,649.8526611328125,0.011716204451473589,648.0280639648438,655.180810546875,50.17993617504068,-12.834723353522008,642.3270263671875,642.6583251953125,648.3494262695312,662.3523559570312,654.5745849609375,0.0047172088474831675
2024-03-04,649.8526611328125,653.5363005506429,642.9946214544225,9190800.0,651.4891800063461,652.9181518554688,0.0047172088474831675,647.2211181640625,655.152377319336,49.90558004918576,-11.982359390327474,649.8526611328125,642.3270263671875,642.6583251953125,656.952880859375,663.8307495117188,-0.04213580276573459
2024-03-05,652.9181518554688,656.62653751165,648.4680890680513,3971180.0,652.9182080522155,625.4069213867188,-0.04213580276573459,642.6326171875,653.7980743408203,31.502171771924978,-13.37262983387518,652.9181518554688,649.8526611328125,642.3270263671875,648.3494262695312,668.8543090820312,-0.002055595248679376
2024-03-06,625.4069213867188,656.260704773303,620.2399277375183,17175580.0,626.2227565367214,624.121337890625,-0.002055595248679376,638.9252197265625,651.8304046630859,32.02049775108125,-14.41203208609943,625.4069213867188,652.9181518554688,649.8526611328125,642.6583251953125,661.4573974609375,0.017397505320957185
2024-03-07,624.121337890625,627.5479129698282,611.9133606571849,21047920.0,627.9533562326668,634.9794921875,0.017397505320957185,637.455712890625,651.0659820556641,39.74962005593798,-14.195961347366506,624.121337890625,625.4069213867188,652.9181518554688,642.3270263671875,660.0877685546875,0.0019778912950867422
2024-03-11,634.9794921875,639.6817304159486,625.5206333127682,14694210.0,647.7314089783794,636.2354125976562,0.0019778912950867422,634.7322631835938,649.9744812011719,34.2460054190268,-13.764710435613324,634.9794921875,624.121337890625,625.4069213867188,649.8526611328125,662.3523559570312,0.0003574415816607335
2024-03-12,636.2354125976562,647.9292016328424,633.2934505702432,12039710.0,633.3923054097442,636.4628295898438,0.0003574415816607335,631.4411987304687,649.3163635253907,30.436593716730897,-13.251831466223507,636.2354125976562,634.9794921875,624.121337890625,652.9181518554688,656.952880859375,0.0031230919406159963
2024-03-13,636.4628295898438,641.3035285842609,627.0979481287742,10946770.0,636.7793131416424,638.4505615234375,0.0031230919406159963,634.0499267578125,648.5870483398437,35.13322921103696,-12.540419681073217,636.4628295898438,636.2354125976562,634.9794921875,625.4069213867188,648.3494262695312,-0.009092122327557295
2024-03-14,638.4505615234375,644.2653156353725,632.0622871643352,11321830.0,638.450546203969,632.6456909179688,-0.009092122327557295,635.7547973632812,647.355615234375,33.22856415999021,-12.303201610738483,638.4505615234375,636.4628295898438,636.2354125976562,624.121337890625,642.6583251953125,0.01827294945706659
2024-03-15,632.6456909179688,639.8201863993431,622.7913071643128,12198650.0,630.430582741197,644.2059936523438,0.01827294945706659,637.60009765625,646.8361938476562,40.041253882206036,-11.054950179548996,632.6456909179688,638.4505615234375,636.4628295898438,634.9794921875,642.3270263671875,-0.0014890089894796787
2024-03-18,644.2059936523438,650.5003512995228,628.9422789662733,19705000.0,644.2059719984294,643.2467651367188,-0.0014890089894796787,639.0023681640625,646.2698028564453,42.09269422567835,-10.027512726962755,644.2059936523438,632.6456909179688,638.4505615234375,636.2354125976562,649.8526611328125,0.014082136226978959
2024-03-19,643.2467651367188,648.2258647870518,638.4456004113996,6764250.0,643.746070424422,652.3050537109375,0.014082136226978959,642.1708129882812,645.6935180664062,52.27015905019647,-8.385668195773974,643.2467651367188,644.2059936523438,632.6456909179688,636.4628295898438,652.9181518554688,0.008072802971283988
2024-03-20,652.3050537109375,659.3212905812494,643.2813150486486,14080870.0,653.6648054287006,657.5709838867188,0.008072802971283988,645.9948974609375,645.1293518066407,58.60043859494736,-6.583685392976918,652.3050537109375,643.2467651367188,644.2059936523438,638.4505615234375,625.4069213867188,0.009963203718556413
2024-03-21,657.5709838867188,665.6305061655747,653.2692201325056,14908310.0,663.3066405694403,664.1224975585938,0.009963203718556413,652.2902587890625,645.2626068115235,61.72842506718201,-4.574219879718612,657.5709838867188,652.3050537109375,643.2467651367188,632.6456909179688,624.121337890625,0.006723013904166519
2024-03-22,664.1224975585938,669.6504311391669,658.3275408723007,18060920.0,663.0594084585088,668.58740234375,0.006723013904166519,657.1665405273437,645.6875885009765,60.424803526670786,-2.591549709777496,664.1224975585938,657.5709838867188,652.3050537109375,644.2059936523438,634.9794921875,0.022068102860873795
2024-03-26,668.58740234375,672.7506450116877,661.2101648250671,11252380.0,667.9545299546996,683.3418579101562,0.022068102860873795,665.1855590820312,646.7370635986329,64.98032724217147,0.16835129145397332,668.58740234375,664.1224975585938,657.5709838867188,643.2467651367188,636.2354125976562,0.01630225709062616
2024-03-27,683.3418579101562,686.7931196533183,667.0150600520708,18503210.0,686.8673074518184,694.4818725585938,0.01630225709062616,673.6209228515625,648.6135131835938,90.54916674788032,3.2174104946707303,683.3418579101562,668.58740234375,664.1224975585938,652.3050537109375,636.4628295898438,0.03168277483169635
2024-03-28,694.4818725585938,697.0777429115047,682.8375156895393,15512750.0,695.4065150470342,716.4849853515625,0.03168277483169635,685.4037231445312,652.0202911376953,93.6122568492598,7.324842965066864,694.4818725585938,683.3418579101562,668.58740234375,657.5709838867188,638.4505615234375,0.0007865309241332774
2024-04-01,716.4849853515625,726.7744898978134,695.4065150470342,35745180.0,718.0671219131619,717.0485229492188,0.0007865309241332774,695.9889282226562,655.7398010253906,92.92437742016836,10.504397410175216,716.4849853515625,694.4818725585938,683.3418579101562,664.1224975585938,632.6456909179688,-0.006006065820046369
2024-04-02,717.0485229492188,726.195874820724,713.9928467730757,11252380.0,717.0485352348928,712.7418823242188,-0.006006065820046369,704.81982421875,659.2605438232422,88.77752671619702,12.532243408078784,717.0485229492188,716.4849853515625,694.4818725585938,668.58740234375,644.2059936523438,0.014131287495515954
2024-04-03,712.7418823242188,717.4490698900564,705.5822348264029,9676150.0,711.713431823186,722.8138427734375,0.014131287495515954,712.7142211914063,662.9086029052735,89.79584718439688,14.78165528377474,712.7418823242188,717.0485229492188,716.4849853515625,683.3418579101562,643.2467651367188,-0.0035366442892268424
2024-04-04,722.8138427734375,724.2082296679658,710.6404504439101,9589430.0,726.3491221451417,720.2575073242188,-0.0035366442892268424,717.8693481445313,666.2755706787109,87.50509973657657,16.171638908000205,722.8138427734375,712.7418823242188,717.0485229492188,694.4818725585938,652.3050537109375,-0.014793869414006733
2024-04-05,720.2575073242188,726.8435735557239,717.4489967546634,10405890.0,715.4465013976555,709.6021118164062,-0.014793869414006733,716.4927734375,670.4853302001953,83.779003476345,16.22636217526872,720.2575073242188,722.8138427734375,712.7418823242188,716.4849853515625,657.5709838867188,0.00040417607902076824
2024-04-08,709.6021118164062,717.8446392163069,707.658891060555,12004940.0,713.4934866243086,709.888916015625,0.00040417607902076824,715.0608520507812,674.7737091064453,81.99733233905579,16.107199689160097,709.6021118164062,720.2575073242188,722.8138427734375,717.0485229492188,664.1224975585938,0.0020964128066636167
2024-04-09,709.888916015625,714.6752329060805,706.3536362150252,5182100.0,713.9878542276537,711.3771362304688,0.0020964128066636167,714.7879028320312,678.5935913085938,83.01942270261316,15.948999357476737,709.888916015625,709.6021118164062,720.2575073242188,712.7418823242188,668.58740234375,0.005094977753712149
2024-04-10,711.3771362304688,715.5057935375718,704.5438441276508,7102810.0,715.5603195008678,715.0015869140625,0.005094977753712149,713.2254516601563,682.5319000244141,82.07532558694331,15.932428219293797,711.3771362304688,709.888916015625,709.6021118164062,722.8138427734375,683.3418579101562,-9.688776026739454e-05
2024-04-12,715.0015869140625,717.3502314444465,708.0545194757877,5679860.0,714.3834781458953,714.9323120117188,-9.688776026739454e-05,712.1604125976562,686.4553741455078,80.9938527293354,15.732352797233489,715.0015869140625,711.3771362304688,709.888916015625,720.2575073242188,694.4818725585938,-0.021204596322637936
2024-04-15,714.9323120117188,718.339089740595,707.6885862073565,10925880.0,706.5761181685301,699.7724609375,-0.021204596322637936,710.194482421875,689.5214691162109,67.62320332569175,14.186979628191807,714.9323120117188,715.0015869140625,711.3771362304688,709.6021118164062,716.4849853515625,-0.017240886058107585
2024-04-16,699.7724609375,711.891471607907,698.5066361699376,7584480.0,693.2159598796806,687.707763671875,-0.017240886058107585,705.758251953125,692.2745727539062,58.791395058804255,11.852116199597162,699.7724609375,714.9323120117188,715.0015869140625,709.888916015625,717.0485229492188,-0.00877868584458319
2024-04-18,687.707763671875,695.623935944621,685.4085524363373,9632930.0,685.1218549228721,681.6705932617188,-0.00877868584458319,699.816943359375,694.147802734375,49.1645971260335,9.406142754736038,687.707763671875,699.7724609375,714.9323120117188,711.3771362304688,712.7418823242188,0.032829502212966766
2024-04-19,681.6705932617188,691.7376181166,678.9807458337842,13851330.0,676.4145980676182,704.0494995117188,0.032829502212966766,697.6265258789062,697.187939453125,54.29942490021876,9.16780117822384,681.6705932617188,687.707763671875,699.7724609375,715.0015869140625,722.8138427734375,0.024257168114112382
2024-04-22,704.0494995117188,707.0656415755411,673.4478890819864,12183750.0,708.7763589700576,721.1277465820312,0.024257168114112382,698.8656127929687,700.6290740966797,52.18294908049651,10.238957245788015,704.0494995117188,681.6705932617188,687.707763671875,714.9323120117188,720.2575073242188,-0.0044293855661091674
2024-04-23,721.1277465820312,722.4924374179874,708.7763589700576,11652720.0,722.7891407017154,717.93359375,-0.0044293855661091674,702.4978393554687,703.6472045898438,50.4060997009632,10.70669459707051,721.1277465820312,704.0494995117188,681.6705932617188,699.7724609375,709.6021118164062,0.009538772981266819
2024-04-24,717.93359375,725.8448168071468,715.6492305065625,10815670.0,720.2180217621519,724.7817993164062,0.009538772981266819,709.912646484375,706.6801696777344,55.39840397582976,11.4974374719244,717.93359375,721.1277465820312,704.0494995117188,687.707763671875,709.888916015625,-0.004673163604516306
2024-04-25,724.7817993164062,733.7116221169778,716.9546540291749,8869290.0,724.8658342679078,721.394775390625,-0.004673163604516306,717.8574829101562,709.3205383300781,49.32314962207004,11.715750494076133,724.7817993164062,717.93359375,721.1277465820312,681.6705932617188,711.3771362304688,-0.07727306416301705
2024-04-26,721.394775390625,728.3121464292608,704.6032232646588,11733540.0,692.2321084168344,665.650390625,-0.07727306416301705,710.1776611328125,708.4359649658203,32.721102440490284,7.306435125637222,721.394775390625,724.7817993164062,717.93359375,704.0494995117188,715.0015869140625,0.014172636460463739
2024-04-29,665.650390625,692.2321084168344,661.7244746390325,58147230.0,671.460104304822,675.0844116210938,0.014172636460463739,700.968994140625,707.4660919189453,38.9927580912876,4.5211505702734485,665.650390625,721.394775390625,724.7817993164062,721.1277465820312,714.9323120117188,0.014201873445549795
2024-04-30,675.0844116210938,676.3700336477826,663.8554387645115,16810300.0,675.4157579770705,684.671875,0.014201873445549795,694.316650390625,705.8754364013672,42.40889892324234,3.0522363811090827,675.0844116210938,665.650390625,721.394775390625,717.93359375,699.7724609375,-0.005900069747141634
2024-05-02,684.671875,689.7597999355404,674.624647697459,17986750.0,686.0860171647952,680.6322631835938,-0.005900069747141634,685.4867431640625,704.0546234130859,40.88486927820724,1.544346129245696,684.671875,675.0844116210938,665.650390625,724.7817993164062,687.707763671875,0.007090180593982254
2024-05-03,680.6322631835938,689.2604174119629,678.8818856206508,11395720.0,724.7669590979696,685.4580688476562,0.007090180593982254,678.2994018554688,702.6904327392579,41.302995576761994,0.7303158010815878,680.6322631835938,684.671875,675.0844116210938,721.394775390625,681.6705932617188,-0.010336898164781894
2024-05-06,685.4580688476562,731.7881455404229,683.0302953294849,68186010.0,693.0182085002732,678.37255859375,-0.010336898164781894,680.8438354492188,700.4683685302734,39.664506030008724,-0.48100582444237716,685.4580688476562,680.6322631835938,684.671875,665.650390625,704.0494995117188,0.001851372662773576
2024-05-07,678.37255859375,694.2049040819707,676.9040522358486,12299880.0,681.3491604221108,679.6284790039062,0.001851372662773576,681.7526489257813,698.4369171142578,43.81939021444181,-1.3243780530375489,678.37255859375,685.4580688476562,680.6322631835938,675.0844116210938,721.1277465820312,-0.010636519891768614
2024-05-08,679.6284790039062,686.6051818399118,671.26728794106,12981260.0,679.524659543034,672.3995971679688,-0.010636519891768614,679.298193359375,696.576791381836,45.15948238427467,-2.54671008169214,679.6284790039062,678.37255859375,685.4580688476562,684.671875,717.93359375,-0.028575889374166885
2024-05-09,672.3995971679688,680.3207191435722,670.970625218409,7259250.0,672.444039530881,653.1851806640625,-0.028575889374166885,673.8087768554688,693.7416046142578,41.68564262862709,-5.008129254519986,672.3995971679688,679.6284790039062,678.37255859375,680.6322631835938,724.7817993164062,0.01196034007781499
2024-05-10,653.1851806640625,675.6876698516892,651.1925269347889,13811150.0,656.5227482362066,660.9974975585938,0.01196034007781499,668.9166625976562,691.222622680664,36.26607403069049,-6.256314104841181,653.1851806640625,672.3995971679688,679.6284790039062,685.4580688476562,721.394775390625,0.00517655801598238
2024-05-13,660.9974975585938,662.3671377062071,652.7945650598544,8249080.0,660.9827757419764,664.419189453125,0.00517655801598238,666.1259887695312,688.6935028076172,30.18283748106508,-6.88998420276755,660.9974975585938,653.1851806640625,672.3995971679688,678.37255859375,665.650390625,-0.006407495826690202
2024-05-14,664.419189453125,666.945829323192,654.6537725290698,5122560.0,663.5538560253485,660.1619262695312,-0.006407495826690202,662.2326782226562,685.9549835205078,29.9602266399789,-7.647541779004769,664.419189453125,660.9974975585938,653.1851806640625,679.6284790039062,675.0844116210938,0.0006441327751156578
2024-05-15,660.1619262695312,666.7035093955961,658.3720144075322,7558400.0,661.7738537924241,660.587158203125,0.0006441327751156578,659.8701904296875,683.995718383789,26.6937068255276,-8.119996685581896,660.1619262695312,664.419189453125,660.9974975585938,672.3995971679688,684.671875,0.01005233270442929
2024-05-16,660.587158203125,665.7245161749065,657.1309472863635,5950590.0,662.5994817342189,667.2276000976562,0.01005233270442929,662.6786743164063,682.9717102050781,30.788097680175923,-7.867896228372615,660.587158203125,660.1619262695312,664.419189453125,653.1851806640625,680.6322631835938,-0.002927133057082587
2024-05-17,667.2276000976562,668.7060050012014,654.9552821659904,10598510.0,667.2128075714031,665.2745361328125,-0.002927133057082587,663.53408203125,682.1519073486328,49.784441718753506,-7.736518964468246,667.2276000976562,660.587158203125,660.1619262695312,660.9974975585938,685.4580688476562,0.0022965436797433014
2024-05-21,665.2745361328125,670.4761751132173,662.6687672994169,4801580.0,663.0593972293242,666.8023681640625,0.0022965436797433014,664.0107177734375,680.28955078125,44.77641357848372,-7.423544262740052,665.2745361328125,667.2276000976562,660.587158203125,664.419189453125,678.37255859375,0.00025217645211994544
2024-05-22,666.8023681640625,670.9706204624854,663.0593972293242,7616240.0,670.2239888204876,666.9705200195312,0.00025217645211994544,665.3724365234375,677.581689453125,37.33013665955162,-7.080323544850216,666.8023681640625,665.2745361328125,667.2276000976562,660.1619262695312,679.6284790039062,0.012172705097941883
2024-05-23,666.9705200195312,670.2239888204876,665.2596769650982,4160460.0,668.4538558454839,675.08935546875,0.012172705097941883,668.2728759765625,675.4394775390625,46.25151792576425,-6.083074587080432,666.9705200195312,666.8023681640625,665.2745361328125,660.587158203125,672.3995971679688,0.0015016277503774322
2024-05-24,675.08935546875,677.7445572582193,665.5365803097966,7093170.0,674.4318399096842,676.1030883789062,0.0015016277503774322,670.0479736328125,673.0055419921875,43.32961963617373,-5.151563808677338,675.08935546875,666.9705200195312,666.8023681640625,667.2276000976562,653.1851806640625,0.008570972296159995
2024-05-27,676.1030883789062,683.3319668293134,671.7617897622256,7420430.0,678.2884900252752,681.89794921875,0.008570972296159995,673.37265625,671.0307006835938,52.560842169480225,-3.9007722906969775,676.1030883789062,675.08935546875,666.9705200195312,665.2745361328125,660.9974975585938,-0.003255665662031615
2024-05-28,681.89794921875,688.2319009547283,673.4428419095157,6554710.0,683.7225570003151,679.6779174804688,-0.003255665662031615,675.9477661132812,671.7320770263672,50.03541602903239,-3.053450729627116,681.89794921875,676.1030883789062,675.08935546875,666.8023681640625,664.419189453125,-0.009653692136284642
2024-05-29,679.6779174804688,686.7930812672806,678.0808489141865,7528670.0,680.167398577747,673.1165161132812,-0.009653692136284642,677.1769653320313,671.6336822509766,50.51853499956738,-2.878214279680037,679.6779174804688,681.89794921875,676.1030883789062,666.9705200195312,660.1619262695312,-0.027950260152456274
2024-05-30,673.1165161132812,683.1341072604279,671.0051987768518,7213310.0,670.4663246819454,654.302734375,-0.027950260152456274,673.0196411132813,670.1152252197265,50.81301896008171,-4.208935099673226,673.1165161132812,679.6779174804688,681.89794921875,675.08935546875,660.587158203125,0.012279927343934238
2024-05-31,654.302734375,672.3502138388423,652.0876013473786,11555750.0,659.098843225669,662.3375244140625,0.012279927343934238,670.2665283203125,669.20048828125,50.97172245606115,-4.562605652396201,654.302734375,673.1165161132812,679.6779174804688,676.1030883789062,667.2276000976562,0.032526034078596444
2024-06-03,662.3375244140625,669.6801164832647,656.8688623246592,28417330.0,687.1738008596595,683.8807373046875,0.032526034078596444,670.6630859375,669.1216217041016,61.17546779120677,-3.069155562514993,662.3375244140625,654.302734375,673.1165161132812,681.89794921875,665.2745361328125,-0.05870821017819128
2024-06-04,683.8807373046875,691.1145644276157,675.7123896989492,11482120.0,683.9202924169468,643.7313232421875,-0.05870821017819128,663.4737670898437,667.3895599365235,43.318980172783924,-5.066899712892905,683.8807373046875,662.3375244140625,654.302734375,679.6779174804688,666.8023681640625,0.05024920132884625
2024-06-05,643.7313232421875,683.9202924169468,630.4948478762619,32993870.0,653.0715270320783,676.0783081054688,0.05024920132884625,664.0661254882813,667.2120513916016,55.000805860199605,-3.993955172523897,643.7313232421875,683.8807373046875,662.3375244140625,673.1165161132812,666.9705200195312,0.013040059070854593
2024-06-06,676.0783081054688,678.5852108638021,646.3024550080901,12185170.0,677.3985080589265,684.8944091796875,0.013040059070854593,670.1844604492187,667.8367919921875,55.62414434033715,-2.404535231299633,676.0783081054688,643.7313232421875,683.8807373046875,654.302734375,675.08935546875,0.038349265816558065
2024-06-07,684.8944091796875,693.5126644270805,674.6592276242362,14657160.0,691.7375405584097,711.1596069335938,0.038349265816558065,679.948876953125,670.7355133056641,62.64927378411293,0.9633683637752029,684.8944091796875,676.0783081054688,643.7313232421875,662.3375244140625,676.1030883789062,-0.014260053885981172
2024-06-10,711.1596069335938,721.8002112104457,686.3974410485613,29840520.0,716.9545929818677,701.0184326171875,-0.014260053885981172,683.376416015625,672.7365600585938,59.00481180997687,2.782078148194273,711.1596069335938,684.8944091796875,676.0783081054688,683.8807373046875,681.89794921875,0.00694763808862775
2024-06-11,701.0184326171875,716.9545929818677,699.6735391769244,8723180.0,700.4399897394507,705.8888549804688,0.00694763808862775,695.8079223632812,674.8100433349609,59.994952661608885,4.563812348463102,701.0184326171875,711.1596069335938,684.8944091796875,643.7313232421875,679.6779174804688,0.01115839534579477
2024-06-12,705.8888549804688,708.9445918380724,697.2754880366577,12052130.0,706.8678076904008,713.7654418945312,0.01115839534579477,703.3453491210937,677.4902191162109,59.94511322163668,6.5360804090722695,705.8888549804688,701.0184326171875,711.1596069335938,676.0783081054688,673.1165161132812,0.010695778887090057
2024-06-13,713.7654418945312,719.624679727956,703.6044400680491,12685080.0,717.1721351798792,721.3997192382812,0.010695778887090057,710.6464111328125,680.5308471679688,61.263994618586885,8.615821607523117,713.7654418945312,705.8888549804688,701.0184326171875,684.8944091796875,654.302734375,0.006388049897232628
2024-06-14,721.3997192382812,724.3713772938959,715.1894403862633,13454950.0,721.5085000408552,726.008056640625,0.006388049897232628,713.6161010742187,683.4698699951172,61.03405273260369,10.514679130057175,721.3997192382812,713.7654418945312,705.8888549804688,711.1596069335938,662.3375244140625,-0.0009331717853240384
2024-06-18,726.008056640625,728.821456493451,716.657962574695,11874880.0,728.3269711043497,725.33056640625,-0.0009331717853240384,718.4785278320312,686.4726715087891,61.50873233507376,11.82851780702049,726.008056640625,721.3997192382812,713.7654418945312,701.0184326171875,683.8807373046875,-0.013735991873317421
2024-06-19,725.33056640625,734.7004574087537,721.8991023844877,9469040.0,725.3305800576533,715.367431640625,-0.013735991873317421,720.3742431640625,688.9009246826172,60.471578723168655,11.928300688785157,725.33056640625,726.008056640625,721.3997192382812,705.8888549804688,643.7313232421875,-0.003711591064606057
2024-06-20,715.367431640625,726.7398149744196,709.8245898506901,5204000.0,713.9879433741869,712.7122802734375,-0.003711591064606057,720.1636108398437,691.1880126953125,65.73683310421038,11.658736162998366,715.367431640625,725.33056640625,726.008056640625,713.7654418945312,676.0783081054688,-0.005138785576323079
2024-06-21,712.7122802734375,718.4281080462251,703.2088768726288,9001580.0,719.4903860910783,709.0498046875,-0.005138785576323079,717.6936279296875,692.88603515625,62.88899352766505,11.022512500178891,712.7122802734375,715.367431640625,725.33056640625,721.3997192382812,684.8944091796875,-0.007344880017959743
2024-06-24,709.0498046875,722.0446324694118,703.1611527489454,14998180.0,703.2604847306948,703.8419189453125,-0.007344880017959743,713.260400390625,694.2729766845703,56.05344229791071,9.982990112551306,709.0498046875,712.7122802734375,715.367431640625,726.008056640625,711.1596069335938,-0.0010448547860835156
2024-06-25,703.8419189453125,706.3365356007052,697.7495074783413,6356540.0,705.7451926619771,703.1065063476562,-0.0010448547860835156,708.8155883789062,695.3334045410156,73.66287416439516,8.996117833969606,703.8419189453125,709.0498046875,712.7122802734375,725.33056640625,701.0184326171875,0.011838332206133506
2024-06-26,703.1065063476562,709.6212996555279,695.5083709195645,15608110.0,702.6641976740269,711.4301147460938,0.011838332206133506,708.028125,696.9210144042969,67.42545494804892,8.78439899411319,703.1065063476562,703.8419189453125,709.0498046875,715.367431640625,705.8888549804688,0.0011943990389213788
2024-06-27,711.4301147460938,713.5221860504696,699.1856620419774,9125520.0,710.6151305701421,712.2798461914062,0.0011943990389213788,707.9416381835938,698.8791809082031,64.64918014374828,8.586200143776296,711.4301147460938,703.1065063476562,703.8419189453125,712.7122802734375,713.7654418945312,-0.007144048843902517
2024-06-28,712.2798461914062,719.460573942277,703.9611816136837,11376060.0,712.1059655688822,707.1912841796875,-0.007144048843902517,707.5699340820313,701.5236083984375,47.255436824433566,7.927142534813811,712.2798461914062,711.4301147460938,703.1065063476562,709.0498046875,721.3997192382812,0.022654575250664166
2024-07-01,707.1912841796875,718.1685322186668,706.1726065291518,8295840.0,703.1611409512669,723.21240234375,0.022654575250664166,711.4440307617188,704.5673522949219,64.19520208368792,8.598486967833196,707.1912841796875,712.2798461914062,711.4301147460938,703.8419189453125,726.008056640625,-0.015274646741460507
2024-07-02,723.21240234375,725.9207272336754,703.1611409512669,7727450.0,723.0384996523459,712.1655883789062,-0.015274646741460507,713.2558471679688,705.9815948486328,53.72062228654124,8.145253293170413,723.21240234375,707.1912841796875,712.2798461914062,703.1065063476562,725.33056640625,0.013006550069201372
2024-07-03,712.1655883789062,723.1328879337183,707.8323412763633,12810270.0,714.5856196463048,721.4284057617188,0.013006550069201372,715.2555053710937,709.8664489746094,54.46888757268393,8.436246492640066,712.1655883789062,723.21240234375,707.1912841796875,711.4301147460938,715.367431640625,-0.020905536882217857
2024-07-04,721.4284057617188,723.9975745885878,712.6028592214226,8363930.0,725.6275490567873,706.3465576171875,-0.020905536882217857,714.06884765625,711.3798614501953,41.92291644970011,7.364982663114915,721.4284057617188,712.1655883789062,723.21240234375,712.2798461914062,712.7122802734375,0.0043547005378654635
2024-07-05,706.3465576171875,728.0078809253473,705.6458641051147,18979770.0,709.0249748175675,709.4224853515625,0.0043547005378654635,714.515087890625,712.6062652587891,40.951874834346235,6.687115121207967,706.3465576171875,721.4284057617188,712.1655883789062,707.1912841796875,709.0498046875,-0.005568700746043764
2024-07-08,709.4224853515625,710.6051898962447,703.3599189257211,9310790.0,710.1132674990514,705.471923828125,-0.005568700746043764,710.9669921875,712.3218811035156,39.53983020115067,5.764671368599693,709.4224853515625,706.3465576171875,721.4284057617188,723.21240234375,703.8419189453125,-0.004254635482329294
2024-07-09,705.471923828125,710.3816311026244,700.3783535151017,6777050.0,706.6247561509977,702.4703979492188,-0.004254635482329294,709.0279541015625,712.3944793701172,42.66909428508187,4.736826804351722,705.471923828125,709.4224853515625,706.3465576171875,712.1655883789062,703.1065063476562,-0.0018533747781680487
2024-07-10,702.4703979492188,709.8597991954725,699.8813929400646,9735030.0,702.4654466729166,701.16845703125,-0.0018533747781680487,704.9759643554687,712.1584594726562,43.3357622362444,3.7736960120761296,702.4703979492188,705.471923828125,709.4224853515625,721.4284057617188,711.4301147460938,-0.014833550720651179
2024-07-11,701.16845703125,708.5628327082638,697.7942578905146,8097140.0,704.4432026593713,690.7676391601562,-0.014833550720651179,701.8601806640625,711.0085693359375,40.20758155199706,2.1464064043417466,701.16845703125,702.4703979492188,705.471923828125,706.3465576171875,712.2798461914062,0.007769358297657902
2024-07-12,690.7676391601562,704.4432026593713,688.7500593640043,9718010.0,695.4039825477894,696.1344604492188,0.007769358297657902,699.2025756835938,709.7453063964844,45.87869534936395,1.2751264281292833,690.7676391601562,701.16845703125,702.4703979492188,709.4224853515625,707.1912841796875,0.008487684020303643
2024-07-15,696.1344604492188,700.1795076092436,687.2642069952807,10688330.0,697.699834439601,702.0430297851562,0.008487684020303643,698.516796875,708.5470550537109,49.46115251016834,1.0493071752384822,696.1344604492188,690.7676391601562,701.16845703125,705.471923828125,723.21240234375,-0.0006583046672601345
2024-07-16,702.0430297851562,704.1549978450303,695.2350628917839,5333730.0,703.6580810261163,701.5808715820312,-0.0006583046672601345,698.3388916015625,707.3595703125,44.57755537365371,0.8235580215821301,702.0430297851562,696.1344604492188,690.7676391601562,702.4703979492188,712.1655883789062,0.00721053988268161
2024-07-18,701.5808715820312,704.6519483721984,696.2239726888939,5582000.0,700.3882449748814,706.6396484375,0.00721053988268161,699.4331298828125,706.9231811523438,47.03235763929701,1.0408529008165033,701.5808715820312,702.0430297851562,696.1344604492188,701.16845703125,721.4284057617188,-0.024992951897390703
2024-07-19,706.6396484375,707.4247817645261,692.8397913076371,8646050.0,706.6396797641813,688.9786376953125,-0.024992951897390703,699.0753295898437,705.7364990234375,41.53692999722054,-0.20961895273057962,706.6396484375,701.5808715820312,702.0430297851562,690.7676391601562,706.3465576171875,-0.006931292835561598
2024-07-22,688.9786376953125,706.6396797641813,686.7623329353718,9385980.0,688.9488659071203,684.203125,-0.006931292835561598,696.6890625,704.4941650390625,29.757544584659854,-1.5678971276116727,688.9786376953125,706.6396484375,701.5808715820312,696.1344604492188,709.4224853515625,-0.022827418843773595
2024-07-23,684.203125,691.5925263932671,680.739511809894,5751930.0,689.1476517995588,668.5845336914062,-0.022827418843773595,689.99736328125,702.7312957763672,28.40958982478081,-3.860134923117471,684.203125,688.9786376953125,706.6396484375,702.0430297851562,705.471923828125,-0.017830875757901876
2024-07-24,668.5845336914062,690.225959062389,657.9401924261825,19322120.0,658.9340461175844,656.6630859375,-0.017830875757901876,681.0138061523437,700.4091247558594,18.738233916371314,-6.563056265513524,668.5845336914062,684.203125,688.9786376953125,701.5808715820312,702.4703979492188,0.006144848555150517
2024-07-25,656.6630859375,661.3888693290506,650.0935767208703,31006260.0,651.9769710331029,660.6981811523438,0.006144848555150517,671.8255126953125,697.8725280761719,25.33553627432552,-8.28404908055984,656.6630859375,668.5845336914062,684.203125,706.6396484375,701.16845703125,0.021360515900454846
2024-07-26,660.6981811523438,662.5119405080181,651.1272338740966,9509650.0,663.4114061836091,674.81103515625,0.021360515900454846,668.9919921875,695.9990875244141,33.29171046986889,-8.412188441545709,660.6981811523438,656.6630859375,668.5845336914062,688.9786376953125,690.7676391601562,0.0033433115318017848
2024-07-29,674.81103515625,676.6646486516896,662.6212986541362,11101840.0,678.2001619771381,677.067138671875,0.0033433115318017848,667.564794921875,694.4928802490234,36.0598530333293,-8.236743062820551,674.81103515625,660.6981811523438,656.6630859375,684.203125,696.1344604492188,0.0016366978008248712
2024-07-30,677.067138671875,681.2960489782841,672.4257952648938,7485650.0,677.0671406076982,678.17529296875,0.0016366978008248712,669.4829467773437,692.2410247802734,37.850971889285866,-7.917020066486657,677.067138671875,674.81103515625,660.6981811523438,668.5845336914062,702.0430297851562,-0.002440055209039116
2024-07-31,678.17529296875,685.6690914182183,674.1401940578238,11794130.0,678.5082424088558,676.5205078125,-0.002440055209039116,673.4544311523438,690.4587707519531,37.717870390308406,-7.708308044028513,678.17529296875,677.067138671875,674.81103515625,656.6630859375,701.5808715820312,-0.005185801081764585
2024-08-01,676.5205078125,681.2960329009433,675.1340435200711,8896590.0,678.9605496192615,673.01220703125,-0.005185801081764585,675.917236328125,688.0379608154296,40.499851409648905,-7.736807712185055,676.5205078125,678.17529296875,677.067138671875,660.6981811523438,706.6396484375,-0.006889048260611208
2024-08-02,673.01220703125,680.2028838894711,670.8605059131542,8395230.0,668.3757934570312,668.3757934570312,-0.006889048260611208,674.6301879882812,686.1394226074219,35.03055780836924,-8.040824116664794,673.01220703125,676.5205078125,678.17529296875,674.81103515625,688.9786376953125,-0.019078103812652958
2024-08-05,668.3757934570312,670.8604618341949,663.2176194796054,6222180.0,660.9217805867173,655.6244506835938,-0.019078103812652958,670.341650390625,683.4495208740234,26.68826630701325,-9.204581417011013,668.3757934570312,673.01220703125,676.5205078125,677.067138671875,684.203125,-0.008845299057853806
2024-08-06,655.6244506835938,660.9217805867173,649.2537877299146,9440410.0,658.5364572427102,649.8252563476562,-0.008845299057853806,664.6716430664062,680.6671875,25.3304062160706,-10.47407535813204,655.6244506835938,668.3757934570312,673.01220703125,678.17529296875,668.5845336914062,0.015110826913447672
2024-08-07,649.8252563476562,665.5929515605886,647.1567250390367,8918280.0,655.9524096570016,659.6446533203125,0.015110826913447672,661.2964721679688,678.5259002685547,28.572056728114703,-10.566016717509115,649.8252563476562,655.6244506835938,668.3757934570312,676.5205078125,656.6630859375,-0.00827925265308227
2024-08-08,659.6446533203125,661.8510095810441,654.0739859252901,4642840.0,658.4420438172821,654.1832885742188,-0.00827925265308227,657.5306884765625,676.1766418457031,32.14864341000313,-10.953304523347583,659.6446533203125,649.8252563476562,655.6244506835938,673.01220703125,660.6981811523438,0.00546932634480668
2024-08-09,654.1832885742188,663.7095282421375,653.1049814038815,6903890.0,665.8910572919083,657.76123046875,0.00546932634480668,655.4077758789062,674.5263214111328,36.26551859695398,-10.846491291055031,654.1832885742188,659.6446533203125,649.8252563476562,668.3757934570312,674.81103515625,-0.0015184526703758694
2024-08-12,657.76123046875,665.8910572919083,655.0578800059565,6994900.0,657.8507067960495,656.762451171875,-0.0015184526703758694,655.6353759765625,672.5577209472656,42.75973023506869,-10.718873673584426,657.76123046875,654.1832885742188,659.6446533203125,655.6244506835938,677.067138671875,-0.02165505804804957
2024-08-13,656.762451171875,660.4248499070777,652.3795228768091,6748870.0,660.4198862613507,642.5402221679688,-0.02165505804804957,654.178369140625,669.5825805664062,41.58772054198886,-11.631272740851045,656.762451171875,657.76123046875,654.1832885742188,649.8252563476562,678.17529296875,-0.001013262655405467
2024-08-14,642.5402221679688,660.4198862613507,641.2630686408131,10723270.0,644.2744658986547,641.88916015625,-0.001013262655405467,650.6272705078125,666.5979949951172,38.32577824483033,-12.265501768951026,642.5402221679688,656.762451171875,657.76123046875,659.6446533203125,676.5205078125,0.02050022858855516
2024-08-16,641.88916015625,645.0148921712703,639.1510509400183,7742760.0,646.5106877500282,655.0480346679688,0.02050022858855516,650.8002197265625,664.0184143066406,37.58666984606255,-11.572916268448353,641.88916015625,642.5402221679688,656.762451171875,654.1832885742188,673.01220703125,0.0038614251344095685
2024-08-19,655.0480346679688,655.9524272329264,638.5597492381139,7534190.0,659.7291546528827,657.5774536132812,0.0038614251344095685,650.7634643554687,662.448355102539,37.800229080720015,-10.696630205255133,655.0480346679688,641.88916015625,642.5402221679688,657.76123046875,668.3757934570312,0.01599814512107156
2024-08-20,657.5774536132812,661.5181038045527,655.3163810596429,5287300.0,660.6583906747377,668.0974731445312,0.01599814512107156,653.03046875,661.6430725097656,44.356636382341264,-9.048978538377355,657.5774536132812,655.0480346679688,641.88916015625,656.762451171875,655.6244506835938,0.001956220242279594
2024-08-21,668.0974731445312,673.2358109601968,657.577426189841,9571590.0,668.0726706662808,669.4044189453125,0.001956220242279594,658.4033081054688,661.6840667724609,45.999558060792715,-7.550703310551626,668.0974731445312,657.5774536132812,655.0480346679688,642.5402221679688,649.8252563476562,0.0012248892685147172
2024-08-22,669.4044189453125,670.59209770796,665.3941908785135,6331110.0,670.8604548909493,670.224365234375,0.0012248892685147172,664.0703491210937,662.3621307373047,48.38391472209957,-6.2253842308135745,669.4044189453125,668.0974731445312,657.5774536132812,641.88916015625,659.6446533203125,-0.0011491713471941667
2024-08-23,670.224365234375,672.351255901818,668.2664756906412,7282600.0,671.3573967401463,669.4541625976562,-0.0011491713471941667,666.9515747070312,662.7999298095704,50.65445569200132,-5.17752494299873,670.224365234375,669.4044189453125,668.0974731445312,655.0480346679688,654.1832885742188,0.006309525318195508
2024-08-26,669.4541625976562,672.0531160191972,666.3830857870794,6180450.0,673.4444956552076,673.6781005859375,0.006309525318195508,670.1717041015625,662.7432830810546,62.221647435648464,-3.9605971150983805,669.4541625976562,670.224365234375,669.4044189453125,657.5774536132812,657.76123046875,0.012576713184873967
2024-08-27,673.6781005859375,677.7181738114756,671.4617351343454,8983430.0,673.6780743587665,682.1507568359375,0.012576713184873967,672.9823608398438,662.9974639892578,71.11872992783391,-2.286147211585785,673.6781005859375,669.4541625976562,670.224365234375,668.0974731445312,656.762451171875,0.005303337634674943
2024-08-28,682.1507568359375,683.1198138660923,668.872704045291,20359020.0,683.3831268480939,685.7684326171875,0.005303337634674943,676.2551635742187,663.3771209716797,68.57200877546204,-0.6596137808526237,682.1507568359375,673.6781005859375,669.4541625976562,669.4044189453125,642.5402221679688,0.0237028987248602
2024-08-29,685.7684326171875,687.4580191485584,680.9978817398458,8489860.0,684.6801960962405,702.0231323242188,0.0237028987248602,682.6149169921875,664.6522521972656,79.48548763036605,1.9189239410047776,685.7684326171875,682.1507568359375,673.6781005859375,670.224365234375,641.88916015625,0.019338725869628925
2024-08-30,702.0231323242188,711.4102164531832,683.9347956052668,26391590.0,702.7685046603781,715.599365234375,0.019338725869628925,691.8439575195313,666.7816101074219,81.7364098291039,5.000282058472294,702.0231323242188,685.7684326171875,682.1507568359375,669.4541625976562,655.0480346679688,0.03331877677113848
2024-09-02,715.599365234375,717.0802177780471,702.7685046603781,20443670.0,722.9391132945083,739.4422607421875,0.03331877677113848,704.9967895507813,670.3349334716797,86.27363926924988,9.259465614849546,715.599365234375,702.0231323242188,685.7684326171875,673.6781005859375,657.5774536132812,-0.011592632683621984
2024-09-03,739.4422607421875,740.431153873352,718.4667103516491,22963780.0,741.4250446488375,730.8701782226562,-0.011592632683621984,714.740673828125,674.0972198486328,90.7739510666832,11.807098962420696,739.4422607421875,715.599365234375,702.0231323242188,682.1507568359375,668.0974731445312,-0.007383976903735268
2024-09-04,730.8701782226562,741.4250446488375,716.1907380210192,18986560.0,721.0457538886551,725.4734497070312,-0.007383976903735268,722.6816772460937,677.8796295166015,86.96381422501354,13.23804590343184,730.8701782226562,739.4422607421875,715.599365234375,685.7684326171875,669.4044189453125,-0.007479961774019994
2024-09-05,725.4734497070312,733.1759213026271,720.0817317222834,8867460.0,727.5108894288851,720.0469360351562,-0.007479961774019994,726.2864379882812,680.8997436523438,80.85489817039321,13.775412975659378,725.4734497070312,730.8701782226562,739.4422607421875,702.0231323242188,670.224365234375,0.009972579200455911
2024-09-06,720.0469360351562,728.1717893689445,714.8887621385913,6734470.0,721.1054044009206,727.2276611328125,0.009972579200455911,728.6120971679687,684.5519622802734,81.6645790936733,14.612263675643135,720.0469360351562,725.4734497070312,730.8701782226562,715.599365234375,669.4541625976562,0.004140950262436105
2024-09-09,727.2276611328125,734.9648916174853,721.1054044009206,18428270.0,727.9084848454536,730.2390747070312,0.004140950262436105,726.7714599609375,688.1758544921875,80.32106507071246,15.341621133965191,727.2276611328125,720.0469360351562,725.4734497070312,739.4422607421875,673.6781005859375,-0.014372333145857952
2024-09-10,730.2390747070312,733.2703580483353,721.8260214040064,8789380.0,732.4752739711433,719.7438354492188,-0.014372333145857952,724.54619140625,691.3249237060547,72.54119127411309,14.900994687480875,730.2390747070312,727.2276611328125,720.0469360351562,730.8701782226562,682.1507568359375,0.014319534224204178
2024-09-11,719.7438354492188,732.4752739711433,714.8887836644249,13089320.0,720.5538365804458,730.0502319335938,0.014319534224204178,725.4615478515625,695.7004241943359,74.69135398177924,15.208125314345125,719.7438354492188,730.2390747070312,727.2276611328125,725.4734497070312,685.7684326171875,0.011265311350261431
2024-09-12,730.0502319335938,738.642234679187,716.2106410666152,11048900.0,737.449548240598,738.2744750976562,0.011265311350261431,729.1070556640625,700.5196899414062,76.75720904449251,15.931507735211426,730.0502319335938,719.7438354492188,730.2390747070312,720.0469360351562,702.0231323242188,0.02291232996599102
2024-09-13,738.2744750976562,739.4372828719743,725.1851988742337,14467640.0,738.2744828356314,755.1900634765625,0.02291232996599102,734.6995361328125,705.5267913818359,78.84499249658523,17.666096365999806,738.2744750976562,730.0502319335938,719.7438354492188,727.2276611328125,715.599365234375,-0.03326306223679654
2024-09-16,755.1900634765625,761.3023717964473,730.6912702845822,22084380.0,763.290133829076,730.0701293945312,-0.03326306223679654,734.6657470703125,709.1514251708984,65.17008380044788,16.819912131543788,755.1900634765625,738.2744750976562,730.0502319335938,730.2390747070312,739.4422607421875,0.0026885493746628963
2024-09-17,730.0701293945312,763.290133829076,727.7096944103594,26795550.0,729.2501426335814,732.032958984375,0.0026885493746628963,737.1235717773437,712.3481994628906,64.80128345821379,16.12184636377765,730.0701293945312,755.1900634765625,738.2744750976562,719.7438354492188,730.8701782226562,0.03606006456094857
2024-09-18,732.032958984375,740.9280835888721,724.146624263555,15677860.0,734.1946492042462,758.4301147460938,0.03606006456094857,742.7995483398438,716.7994842529297,66.94636410445233,17.49696000975291,732.032958984375,730.0701293945312,755.1900634765625,730.0502319335938,725.4734497070312,-0.005340042212697349
2024-09-19,758.4301147460938,762.5447402196661,733.3250152548266,29749930.0,762.7931795993721,754.3800659179688,-0.005340042212697349,746.0206665039062,721.0072692871094,62.35827188069767,18.05185187703671,758.4301147460938,732.032958984375,730.0701293945312,738.2744750976562,720.0469360351562,-0.0010407966560523896
2024-09-20,754.3800659179688,770.0483990125776,751.3637052470688,17206440.0,758.8176872075103,753.5949096679688,-0.0010407966560523896,745.7016357421875,725.214306640625,55.2869919800301,18.21824356078298,754.3800659179688,758.4301147460938,732.032958984375,755.1900634765625,727.2276611328125,0.0016683541349127307
2024-09-23,753.5949096679688,760.8054218170912,744.1332735148928,16450040.0,757.898378593347,754.8521728515625,0.0016683541349127307,750.6580444335938,729.2730102539062,59.47685903171889,18.24128660331212,753.5949096679688,754.3800659179688,758.4301147460938,730.0701293945312,730.2390747070312,-0.005385082738642799
2024-09-24,754.8521728515625,758.912082003566,748.5510273942898,5734970.0,755.0410126782717,750.7872314453125,-0.005385082738642799,754.4088989257813,732.704833984375,60.10954376266006,17.72719352897377,754.8521728515625,753.5949096679688,754.3800659179688,732.032958984375,719.7438354492188,0.009226724748063075
2024-09-25,750.7872314453125,755.682015848209,743.8003757520975,10695400.0,749.872910675352,757.7145385742188,0.009226724748063075,754.2657836914062,736.3021392822266,64.86508490122478,17.675000452194354,750.7872314453125,754.8521728515625,753.5949096679688,758.4301147460938,730.0502319335938,0.018953561571063204
2024-09-26,757.7145385742188,759.3146504386599,745.206696218289,12720380.0,759.3146444535706,772.075927734375,0.018953561571063204,757.8049560546875,739.8047790527344,66.74956416129314,18.578321815616846,757.7145385742188,750.7872314453125,754.8521728515625,754.3800659179688,738.2744750976562,-0.001596244398677893
2024-09-27,772.075927734375,773.1691575392751,754.1018151308377,16681650.0,773.2288118053768,770.843505859375,-0.001596244398677893,761.2546752929687,742.5669860839844,65.36883323900062,18.976020605299823,772.075927734375,757.7145385742188,750.7872314453125,753.5949096679688,755.1900634765625,-0.006833445504572655
2024-09-30,770.843505859375,776.2104139074542,766.3711027062591,11781310.0,769.8496061373972,765.5759887695312,-0.006833445504572655,763.3994384765625,743.8736724853516,68.06233204437059,18.651156235573353,770.843505859375,772.075927734375,757.7145385742188,754.8521728515625,730.0701293945312,0.0
2024-10-01,765.5759887695312,777.6018198056745,762.907457426757,9619520.0,761.3123197806568,765.5759887695312,0.0,766.3571899414062,745.6089630126953,65.23849966541243,18.184084079969125,765.5759887695312,770.843505859375,772.075927734375,750.7872314453125,732.032958984375,-0.034940852798532984
2024-10-03,765.5759887695312,776.6725562826821,760.4078665442956,7882880.0,756.3330750056242,738.8261108398438,-0.034940852798532984,762.5795043945312,746.2765960693359,50.204171256265425,15.477024931415485,765.5759887695312,765.5759887695312,770.843505859375,757.7145385742188,758.4301147460938,-0.02993070507571005
2024-10-04,738.8261108398438,765.2778814117354,733.5734877746232,10406620.0,737.449556481905,716.7125244140625,-0.02993070507571005,751.5068237304688,746.1098754882812,36.286372602677744,11.415686511188255,738.8261108398438,765.5759887695312,765.5759887695312,772.075927734375,754.3800659179688,0.0080498233017543
2024-10-07,716.7125244140625,738.4434238087,711.112072321837,17681110.0,716.7125409082319,722.48193359375,0.0080498233017543,741.8345092773437,745.8725891113281,46.862797841796684,8.563870686185396,716.7125244140625,738.8261108398438,765.5759887695312,770.843505859375,753.5949096679688,-0.011342094005107994
2024-10-08,722.48193359375,727.9084711608403,714.6204695486533,9362270.0,722.0296801140275,714.2874755859375,-0.011342094005107994,731.576806640625,745.0750091552734,43.02295780015186,5.578259122540771,722.48193359375,716.7125244140625,738.8261108398438,765.5759887695312,754.8521728515625,0.015792514769433774
2024-10-09,714.2874755859375,725.0659374750487,711.6139700883193,9038050.0,717.174654060494,725.56787109375,0.015792514769433774,723.5751831054688,745.3662109375,35.33639560997423,4.075395469339242,714.2874755859375,722.48193359375,716.7125244140625,765.5759887695312,750.7872314453125,0.0026367581157809017
2024-10-10,725.56787109375,738.1253947416064,716.1907350916989,10543750.0,727.510863202596,727.4810180664062,0.0026367581157809017,721.3061645507812,745.2377502441407,37.763912935801315,3.0041106508964504,725.56787109375,714.2874755859375,722.48193359375,738.8261108398438,757.7145385742188,-0.00241797814573963
2024-10-11,727.4810180664062,732.2814141078209,722.8396747629785,5594270.0,728.0078677424524,725.7219848632812,-0.00241797814573963,723.108056640625,744.6101257324219,37.432258533250696,1.9902283222274946,727.4810180664062,725.56787109375,714.2874755859375,716.7125244140625,772.075927734375,-0.01276367343303475
2024-10-14,725.7219848632812,728.5048014405701,718.1735304452302,3615870.0,724.7976681440238,716.4591064453125,-0.01276367343303475,721.9034912109375,742.6735778808594,33.85439820780104,0.4342763297033798,725.7219848632812,727.4810180664062,725.56787109375,722.48193359375,770.843505859375,-0.026620258558486265
2024-10-15,716.4591064453125,726.8996879020932,715.5844983167241,4451810.0,720.0469431204706,697.3867797851562,-0.026620258558486265,718.5233520507812,741.0394104003906,30.06013549516632,-2.3111625584656394,716.4591064453125,725.7219848632812,727.4810180664062,714.2874755859375,765.5759887695312,-0.008629190393650954
2024-10-16,697.3867797851562,721.1650438836688,693.6200443852651,14855670.0,696.7009849013151,691.368896484375,-0.008629190393650954,711.6835571289063,739.0062072753906,25.056964752758063,-4.915868474233548,697.3867797851562,716.4591064453125,725.7219848632812,725.56787109375,765.5759887695312,-0.008172404794468013
2024-10-17,691.368896484375,701.605717653894,687.7561791037233,11256980.0,693.8137578410425,685.71875,-0.008172404794468013,703.331103515625,735.370639038086,15.257870579996407,-7.3512951252356515,691.368896484375,697.3867797851562,716.4591064453125,727.4810180664062,738.8261108398438,7.298739917116492e-06
2024-10-18,685.71875,695.5878449266954,682.8861918223154,6897550.0,685.0727426604419,685.7237548828125,7.298739917116492e-06,695.3314575195312,731.9378234863282,15.414127165519915,-9.17521823579375,685.71875,691.368896484375,697.3867797851562,725.7219848632812,716.7125244140625,-0.017196773838089152
2024-10-21,685.7237548828125,689.6097494762975,677.8871012317123,7449290.0,686.6679307028929,673.9315185546875,-0.017196773838089152,686.8259399414062,727.9546539306641,14.63798459288428,-11.44034814932013,685.7237548828125,685.71875,691.368896484375,716.4591064453125,722.48193359375,-0.015189788813201988
2024-10-22,673.9315185546875,690.8123404474528,667.605502099843,22099660.0,675.8297830258117,663.6946411132812,-0.015189788813201988,680.0875122070313,723.39677734375,13.56624814581673,-13.901265248983691,673.9315185546875,685.7237548828125,685.71875,697.3867797851562,714.2874755859375,0.04760486346618675
2024-10-23,663.6946411132812,679.1095330759733,660.2906576471223,17006190.0,656.5239332596005,695.2897338867188,0.04760486346618675,680.8716796875,720.6219024658203,34.952429171149504,-13.150508963386073,663.6946411132812,673.9315185546875,685.7237548828125,691.368896484375,725.56787109375,0.006446752513929788
2024-10-24,695.2897338867188,705.5315295930252,656.0518098744292,26373910.0,696.9494847393045,699.7720947265625,0.006446752513929788,683.6823486328125,717.7247802734375,43.33218019680197,-12.054878997834862,695.2897338867188,663.6946411132812,673.9315185546875,685.71875,727.4810180664062,-0.018570063181494123
2024-10-25,699.7720947265625,707.9167843431449,694.7729127990322,8951250.0,699.7721108512147,686.7772827148438,-0.018570063181494123,683.8930541992188,713.459848022461,36.70283739176173,-12.09572509416023,699.7720947265625,695.2897338867188,663.6946411132812,685.7237548828125,725.7219848632812,0.0001735666906235167
2024-10-28,686.7772827148438,701.6653966680313,685.1026186045988,10223240.0,687.7561698816168,686.896484375,0.0001735666906235167,686.4860473632813,709.2624969482422,39.14618478868662,-11.9803750361217,686.7772827148438,699.7720947265625,695.2897338867188,673.9315185546875,716.4591064453125,0.016082299518611398
2024-10-29,686.896484375,700.1795111005765,683.2837670427912,7149810.0,686.6728767279247,697.943359375,0.016082299518611398,693.335791015625,705.8808654785156,39.033355463695706,-10.872240374853618,686.896484375,686.7772827148438,699.7720947265625,663.6946411132812,697.3867797851562,-0.009611980791779384
2024-10-30,697.943359375,701.670362006052,676.048432134572,14097500.0,695.6077818107597,691.2347412109375,-0.009611980791779384,692.5247924804687,702.1638031005859,36.1383857608822,-10.415303951051783,697.943359375,686.896484375,686.7772827148438,695.2897338867188,691.368896484375,-0.009381741056882942
2024-10-31,691.2347412109375,697.7395860249301,688.9488584404686,5660440.0,690.638468631654,684.749755859375,-0.009381741056882942,689.5203247070312,699.4599853515625,34.87766999214699,-10.455933174681604,691.2347412109375,697.943359375,686.896484375,699.7720947265625,685.71875,0.004913030999363466
2024-11-01,684.749755859375,692.8050922470427,683.7558884764892,7301530.0,688.7500422704345,688.1139526367188,0.004913030999363466,689.7876586914062,698.0300567626953,39.06188983388173,-10.100240280190974,684.749755859375,691.2347412109375,697.943359375,686.7772827148438,685.7237548828125,-0.011540209253827705
2024-11-04,688.1139526367188,690.196136184048,685.9672259489859,450110.0,693.222456410658,680.1729736328125,-0.011540209253827705,688.4429565429688,695.9146087646484,42.73306642741672,-10.339929468235823,688.1139526367188,684.749755859375,691.2347412109375,686.896484375,673.9315185546875,0.0126613049551354
2024-11-05,680.1729736328125,693.222456410658,671.148641372924,7162390.0,680.3022197005025,688.7848510742188,0.0126613049551354,686.6112548828125,694.6394775390625,48.932506105620305,-9.72289881433278,680.1729736328125,688.1139526367188,684.749755859375,697.943359375,663.6946411132812,0.010944567286403917
2024-11-06,688.7848510742188,697.1929909233248,667.0837957157746,12234300.0,689.2469728959719,696.3233032226562,0.010944567286403917,687.6289672851562,693.1772491455079,54.313544497447054,-8.527309967503925,688.7848510742188,680.1729736328125,688.1139526367188,691.2347412109375,695.2897338867188,-0.014515678182375535
2024-11-07,696.3233032226562,698.1023038526447,685.0031401113711,6962620.0,696.3233118281388,686.2156982421875,-0.014515678182375535,687.9221557617187,691.1139831542969,50.18490750953903,-8.2997224082593,696.3233032226562,688.7848510742188,680.1729736328125,684.749755859375,699.7720947265625,-0.0012383751678161081
2024-11-08,686.2156982421875,699.578251541837,682.7868438809219,4590470.0,686.2157035701208,685.3659057617188,-0.0012383751678161081,687.3725463867188,689.0961791992188,54.68308713135322,-8.094619049364269,686.2156982421875,696.3233032226562,688.7848510742188,688.1139526367188,686.7772827148438,-0.016988102717642284
2024-11-11,685.3659057617188,690.8918662981018,679.9046096884491,4248400.0,681.7930378072579,673.7228393554688,-0.016988102717642284,686.08251953125,686.9593658447266,54.06039661412022,-8.770470785778457,685.3659057617188,686.2156982421875,696.3233032226562,680.1729736328125,686.896484375,-0.020741193710067884
2024-11-12,673.7228393554688,686.1859147392864,671.0742045669085,7623160.0,677.7181618894114,659.7490234375,-0.020741193710067884,680.2753540039063,685.0774780273438,33.21439546064356,-10.314756227584553,673.7228393554688,685.3659057617188,686.2156982421875,688.7848510742188,697.943359375,-0.010876531825105173
2024-11-13,659.7490234375,679.4921883965568,657.4432439345728,10572330.0,659.4309507931689,652.5732421875,-0.010876531825105173,671.525341796875,683.1376953125,28.261409789907844,-11.979546388799236,659.7490234375,673.7228393554688,685.3659057617188,696.3233032226562,691.2347412109375,-0.0025662753372690528
2024-11-14,652.5732421875,666.1146840933884,648.6574026154368,8673470.0,653.1993647207028,650.8985595703125,-0.0025662753372690528,664.4619140625,681.3966857910157,31.551445255052954,-13.280943032845016,652.5732421875,659.7490234375,673.7228393554688,686.2156982421875,684.749755859375,0.0028706935143181234
2024-11-18,650.8985595703125,659.8732101118493,648.9953255912069,5277030.0,659.2322018151576,652.76708984375,0.0028706935143181234,657.9421508789062,679.7488525390625,32.76106151038327,-14.000149463970388,650.8985595703125,652.5732421875,659.7490234375,685.3659057617188,688.1139526367188,0.0041642137923967315
2024-11-19,652.76708984375,661.6175077220023,651.480048609186,5965350.0,655.390902622179,655.4853515625,0.0041642137923967315,654.2946533203125,678.8265441894531,26.58410215809515,-14.187243032570336,652.76708984375,650.8985595703125,652.5732421875,673.7228393554688,680.1729736328125,-0.01965804277901184
2024-11-21,655.4853515625,660.4049463345118,652.0763332271422,8040460.0,657.3438352373082,642.5997924804688,-0.01965804277901184,650.8648071289062,677.7718017578125,24.88839250542202,-15.200056176534986,655.4853515625,652.76708984375,650.8985595703125,659.7490234375,688.7848510742188,0.03376310924166215
2024-11-22,642.5997924804688,657.3438352373082,641.1437502422596,11010800.0,643.0321489831416,664.2959594726562,0.03376310924166215,653.2093505859375,676.2221130371094,40.87281506171401,-14.089602370560215,642.5997924804688,655.4853515625,652.76708984375,652.5732421875,696.3233032226562,0.00021692741292689277
2024-11-25,664.2959594726562,668.1173501589124,641.6456846754861,9698550.0,674.8259895279239,664.4400634765625,0.00021692741292689277,655.9176513671875,674.4555114746094,39.12332190534304,-13.047527959635318,664.2959594726562,642.5997924804688,655.4853515625,650.8985595703125,686.2156982421875,-0.010089208470257627
2024-11-26,664.4400634765625,682.0911575081203,662.641165980151,11327510.0,668.0776074763448,657.7363891601562,-0.010089208470257627,656.9115112304687,673.003466796875,39.5732415387766,-12.617164159112349,664.4400634765625,664.2959594726562,642.5997924804688,652.76708984375,685.3659057617188,0.013183959359905906
2024-11-27,657.7363891601562,669.8466597168655,656.7922030982386,6632780.0,660.9217917675545,666.407958984375,0.013183959359905906,659.0960327148438,671.9790405273437,39.60674810276938,-11.444450037008664,657.7363891601562,664.4400634765625,664.2959594726562,655.4853515625,673.7228393554688,-0.02920127329685185
2024-11-28,666.407958984375,669.2007238284175,657.1699182341583,6420100.0,667.2825453255184,646.947998046875,-0.02920127329685185,659.965673828125,669.4292724609375,29.353414898954966,-11.947597394625518,666.407958984375,657.7363891601562,664.4400634765625,642.5997924804688,659.7490234375,0.010216049743782651
2024-11-29,646.947998046875,668.5000085325825,645.5168266744654,15768820.0,647.9021433840127,653.5572509765625,0.010216049743782651,657.8179321289062,667.5453979492188,35.932083964327774,-11.67841235683295,646.947998046875,666.407958984375,657.7363891601562,664.2959594726562,652.5732421875,0.011367233968398338
2024-12-02,653.5572509765625,656.8469494464103,647.0423971795695,7096430.0,655.4555149510046,660.9863891601562,0.011367233968398338,657.127197265625,666.3572296142578,40.061635505554456,-10.741787274323315,653.5572509765625,646.947998046875,666.407958984375,664.4400634765625,650.8985595703125,0.003728946246496001
2024-12-03,660.9863891601562,662.4125863758068,645.1192702841018,9202490.0,665.5084845957932,663.451171875,0.003728946246496001,658.2701538085937,665.1240905761719,45.47405064278372,-9.688929830439974,660.9863891601562,653.5572509765625,646.947998046875,657.7363891601562,652.76708984375,0.009669747443970422
2024-12-04,663.451171875,668.1173864237712,659.0135880691056,13136660.0,666.0650224975843,669.8665771484375,0.009669747443970422,658.9618774414063,664.6087707519531,54.77617668448064,-8.241856143699351,663.451171875,660.9863891601562,653.5572509765625,666.407958984375,655.4853515625,0.01637981415011125
2024-12-05,669.8665771484375,672.2916158482277,662.5964352385603,11304410.0,671.8543281869296,680.8388671875,0.01637981415011125,665.7400512695312,664.2114715576172,62.881576195075056,-6.138902270416793,669.8665771484375,663.451171875,660.9863891601562,646.947998046875,642.5997924804688,-1.452281264924249e-05
2024-12-06,680.8388671875,684.7646553497561,664.4450301121973,13482430.0,683.3781910090415,680.8289794921875,-1.452281264924249e-05,671.1943969726562,663.4367553710938,63.850445243319086,-4.422118598719862,680.8388671875,669.8665771484375,663.451171875,653.5572509765625,664.2959594726562,0.002634852997417614
2024-12-09,680.8289794921875,689.2470068245896,673.707881110631,8332070.0,680.8090438283174,682.6228637695312,0.002634852997417614,675.5216918945313,663.257113647461,63.82545384656693,-2.8835637728589063,680.8289794921875,680.8388671875,669.8665771484375,660.9863891601562,664.4400634765625,0.00987867321918734
2024-12-10,682.6228637695312,688.2531001443601,678.6026268950453,8409100.0,684.2577791941579,689.3662719726562,0.00987867321918734,680.7047119140625,663.4571319580078,65.12553453882384,-1.1073465025151563,682.6228637695312,680.8289794921875,680.8388671875,663.451171875,657.7363891601562,0.0257922895208913
2024-12-11,689.3662719726562,691.6173960970307,680.2078182391663,12045630.0,691.7217649211524,707.1466064453125,0.0257922895208913,688.1607177734375,665.1283203125,77.60915502334234,1.7152703082797416,689.3662719726562,682.6228637695312,680.8289794921875,669.8665771484375,666.407958984375,0.0015038119643808745
2024-12-12,707.1466064453125,712.1059950863745,685.0827379406123,19931040.0,707.8174249530981,708.2100219726562,0.0015038119643808745,693.6349487304688,667.5513702392578,72.80986746913086,3.9920058538668854,707.1466064453125,689.3662719726562,682.6228637695312,680.8388671875,646.947998046875,0.007999094741303558
2024-12-13,708.2100219726562,710.456171917063,703.1611587874203,9667960.0,705.546447885423,713.8750610351562,0.007999094741303558,700.2441650390625,670.6164611816406,74.28473426133533,6.182192023014977,708.2100219726562,707.1466064453125,689.3662719726562,680.8289794921875,653.5572509765625,0.003564085177241161
2024-12-16,713.8750610351562,717.298880634839,693.7790319064774,12504360.0,713.8750745502272,716.4193725585938,0.003564085177241161,707.003466796875,673.8925018310547,80.05601925661946,8.030662538912225,713.8750610351562,708.2100219726562,707.1466064453125,682.6228637695312,660.9863891601562,-0.007713275426474153
2024-12-17,716.4193725585938,720.3550484707322,711.2214050303072,7960740.0,715.5844571636095,710.8934326171875,-0.007713275426474153,711.3088989257812,676.7988189697265,73.54300502870964,8.946561180954063,716.4193725585938,713.8750610351562,708.2100219726562,689.3662719726562,663.451171875,-0.010953718113365207
2024-12-18,710.8934326171875,721.2892457691507,706.6396514490644,10318560.0,710.5158045496859,703.1065063476562,-0.010953718113365207,710.50087890625,679.1798767089844,83.91049790625661,8.941011170386673,710.8934326171875,716.4193725585938,713.8750610351562,707.1466064453125,669.8665771484375,-0.022037124761180804
2024-12-19,703.1065063476562,713.4775098902775,701.7100935805659,7275140.0,690.7377927037467,687.612060546875,-0.022037124761180804,706.3812866210938,681.4304901123047,68.57078381825492,7.598746839875389,703.1065063476562,710.8934326171875,716.4193725585938,708.2100219726562,680.8388671875,-0.01016098583363012
2024-12-20,687.612060546875,698.1371422372633,684.5608805717452,9076750.0,687.095330523432,680.625244140625,-0.01016098583363012,699.7313232421875,682.2469543457031,60.761383528574456,5.903166960601425,687.612060546875,703.1065063476562,710.8934326171875,713.8750610351562,680.8289794921875,0.002694020211339243
2024-12-23,680.625244140625,698.0924755661163,676.296910429089,27000190.0,685.4703094309058,682.4588623046875,0.002694020211339243,692.9392211914062,683.1478942871094,60.48807528787969,4.653720162741251,680.625244140625,687.612060546875,703.1065063476562,716.4193725585938,682.6228637695312,-0.00851932216753426
2024-12-24,682.4588623046875,693.411299689527,681.3904427930831,5829280.0,683.9795212743992,676.644775390625,-0.00851932216753426,686.0894897460937,684.0933135986328,53.76506310025251,3.1579732007575103,682.4588623046875,680.625244140625,687.612060546875,710.8934326171875,689.3662719726562,0.0011089514590640892
2024-12-26,676.644775390625,686.7623377176409,675.2335007409897,6014270.0,678.8511232785883,677.3951416015625,0.0011089514590640892,680.947216796875,684.6426727294922,47.842073861028666,2.009961652488869,676.644775390625,682.4588623046875,680.625244140625,703.1065063476562,707.1466064453125,0.013498200918651504
2024-12-27,677.3951416015625,681.5942068314215,675.83476260489,3290960.0,680.4860783453122,686.5387573242188,0.013498200918651504,680.7325561523437,686.6222106933594,53.2104021573584,1.817022102205442,677.3951416015625,676.644775390625,682.4588623046875,687.612060546875,708.2100219726562,-0.002823016662768296
2024-12-30,686.5387573242188,693.3914315964618,678.8511471088848,5554180.0,685.7684289042008,684.6006469726562,-0.002823016662768296,681.52763671875,688.1743804931641,51.11023551903956,1.4905447387282038,686.5387573242188,677.3951416015625,676.644775390625,680.625244140625,713.8750610351562,-0.00947265443034484
2024-12-31,684.6006469726562,695.210168142737,682.2898933952665,4908760.0,682.7818759768597,678.1156616210938,-0.00947265443034484,680.6589965820312,689.0308441162109,43.66605364869397,0.700450596976566,684.6006469726562,686.5387573242188,677.3951416015625,682.4588623046875,716.4193725585938,0.0164591300265422
2025-01-01,678.1156616210938,683.4825694238581,675.0346971874478,6153980.0,678.1156838285779,689.27685546875,0.0164591300265422,683.1854125976563,690.3221282958984,39.12937902109534,0.9638002732292534,678.1156616210938,684.6006469726562,686.5387573242188,676.644775390625,710.8934326171875,0.06544768173732796
2025-01-02,689.27685546875,690.5340515699199,676.4260971937944,4187210.0,693.7193937288879,734.388427734375,0.06544768173732796,694.5840698242188,693.5482208251954,60.368422299504,4.757788829679612,689.27685546875,678.1156616210938,684.6006469726562,677.3951416015625,703.1065063476562,0.0024426913736617095
2025-01-03,734.388427734375,738.4434234105497,692.8248888709156,31716510.0,734.4430442828274,736.1823120117188,0.0024426913736617095,704.5127807617188,696.3153930664063,59.11468256897573,7.81916905039418,734.388427734375,689.27685546875,678.1156616210938,686.5387573242188,687.612060546875,-0.007816534623774518
2025-01-06,736.1823120117188,745.400455239181,731.4117612303569,15059280.0,745.400531924833,730.4279174804688,-0.007816534623774518,713.6782348632812,698.7953399658203,55.577540143338865,9.669538958143221,736.1823120117188,734.388427734375,689.27685546875,684.6006469726562,680.625244140625,0.0006259541078958986
2025-01-07,730.4279174804688,755.3292573043357,727.1879001292994,19059760.0,730.9844943110259,730.8851318359375,0.0006259541078958986,724.23212890625,701.2084533691407,58.29453783725745,11.045537735213088,730.4279174804688,736.1823120117188,734.388427734375,678.1156616210938,682.4588623046875,0.0001969966651695909
2025-01-08,730.8851318359375,740.1231122808318,725.6673280159109,10425380.0,731.6701775735115,731.0291137695312,0.0001969966651695909,732.5825805664062,703.2915954589844,62.36955409645291,12.009210119526415,730.8851318359375,730.4279174804688,736.1823120117188,689.27685546875,676.644775390625,-0.010597568826921755
2025-01-09,731.0291137695312,734.3138378347966,721.2196486160832,8444660.0,729.3445489309191,723.281982421875,-0.010597568826921755,730.3612915039063,704.0983642578125,66.96613021409718,12.009362220591129,731.0291137695312,730.8851318359375,730.4279174804688,734.388427734375,677.3951416015625,0.0014565934969146266
2025-01-10,723.281982421875,731.0291613513496,719.1623828865226,6681410.0,723.2820132551371,724.3355102539062,0.0014565934969146266,727.9919311523438,704.904638671875,72.03411993543746,11.956664665626022,723.281982421875,731.0291137695312,730.8851318359375,736.1823120117188,686.5387573242188,-0.018811692053760543
2025-01-13,724.3355102539062,732.1870868381571,720.0618926423277,8089630.0,719.5599514378315,710.7095336914062,-0.018811692053760543,724.0482543945312,704.7463623046875,62.72781619284418,10.692146631358582,724.3355102539062,723.281982421875,731.0291137695312,730.4279174804688,684.6006469726562,0.02573790617097771
2025-01-14,710.7095336914062,721.0607008212897,709.0249819380257,6642740.0,718.5661016983001,729.001708984375,0.02573790617097771,723.6715698242188,705.3754791259765,71.20432799502456,11.038784415558439,710.7095336914062,724.3355102539062,723.281982421875,730.8851318359375,678.1156616210938,-0.02148599912055993
2025-01-15,729.001708984375,734.2691938632714,714.7049172967165,9980110.0,729.5483537950854,713.33837890625,-0.02148599912055993,720.1334228515625,705.4977264404297,62.98798626598538,9.935072195630369,729.001708984375,710.7095336914062,724.3355102539062,731.0291137695312,689.27685546875,0.011473444418813594
2025-01-16,713.33837890625,730.4925399584946,706.1626853860436,6817500.0,715.5844939800952,721.5228271484375,0.011473444418813594,719.781591796875,706.4185424804688,62.729633727569635,9.61001066149504,713.33837890625,729.001708984375,710.7095336914062,723.281982421875,734.388427734375,-0.010695914115297356
2025-01-17,721.5228271484375,724.429937683911,714.9931720224164,8608490.0,717.6715787903673,713.8054809570312,-0.010695914115297356,717.6755859375,707.7282135009766,60.19784795170082,8.630188274336774,721.5228271484375,713.33837890625,729.001708984375,724.3355102539062,736.1823120117188,0.035922650290650227
2025-01-20,713.8054809570312,724.0273798131597,711.2412862460816,6652740.0,713.8054998204258,739.447265625,0.035922650290650227,723.4231323242187,710.6693145751954,68.88893567411517,9.809669929998336,713.8054809570312,721.5228271484375,713.33837890625,710.7095336914062,730.4279174804688,-0.019952697063103986
2025-01-21,739.447265625,742.4189193313131,713.8054998204258,10679710.0,740.4312104015196,724.6932983398438,-0.019952697063103986,722.5614501953125,712.7810363769531,60.671413170573636,9.445019478723566,739.447265625,713.8054809570312,721.5228271484375,729.001708984375,730.8851318359375,0.014468590438691642
2025-01-22,724.6932983398438,743.909746289312,723.2969461913872,10032060.0,729.3992479941143,735.1785888671875,0.014468590438691642,726.9294921875,715.7077270507813,50.30086601817559,9.888122563481943,724.6932983398438,739.447265625,713.8054809570312,713.33837890625,731.0291137695312,0.006232126647320646
2025-01-23,735.1785888671875,737.474419942342,721.5824305931181,7273680.0,729.597985062582,739.7603149414062,0.006232126647320646,730.5769897460938,718.8259857177734,51.33405730743532,10.488091760441307,735.1785888671875,724.6932983398438,739.447265625,721.5228271484375,723.281982421875,-0.0006247404649729615
2025-01-24,739.7603149414062,747.7858057894387,728.0078215937472,10302950.0,739.7603317495092,739.2981567382812,-0.0006247404649729615,735.6755249023438,721.4639556884765,53.443146969518914,10.801763362819088,739.7603149414062,735.1785888671875,724.6932983398438,713.8054809570312,724.3355102539062,-0.01924424368848432
2025-01-27,739.2981567382812,745.8974505394998,729.329698703094,6796870.0,733.4840364742133,725.0709228515625,-0.01924424368848432,732.8002563476563,723.4874694824218,47.961072451062314,9.78948441231887,739.2981567382812,739.7603149414062,735.1785888671875,739.447265625,710.7095336914062,0.04264988894371702
2025-01-28,725.0709228515625,742.8661464773663,721.54768015869,6928100.0,734.4679769227307,755.9951171875,0.04264988894371702,739.0606201171875,727.3814422607422,57.200611899652685,11.351714590009692,725.0709228515625,739.2981567382812,739.7603149414062,724.6932983398438,729.001708984375,0.020120740590514163
2025-01-29,755.9951171875,765.9536875174641,729.9955738156234,24789330.0,761.029046289582,771.206298828125,0.020120740590514163,746.266162109375,731.477914428711,63.25162204071658,13.65974742887704,755.9951171875,725.0709228515625,739.2981567382812,735.1785888671875,713.33837890625,0.018299713092788883
2025-01-30,771.206298828125,773.924511450252,752.2532413343686,15149200.0,780.1858499375447,785.3191528320312,0.018299713092788883,755.3779296875,734.0244506835937,65.72686434195158,16.438180343641648,771.206298828125,755.9951171875,725.0709228515625,739.7603149414062,721.5228271484375,-0.002094403765263597
2025-01-31,785.3191528320312,820.0051467305362,780.1858499375447,56488830.0,787.6398985815254,783.6743774414062,-0.002094403765263597,764.253173828125,736.3990539550781,70.05603481540388,18.29647840417772,785.3191528320312,771.206298828125,755.9951171875,739.2981567382812,713.8054809570312,0.01458442905418278
2025-02-01,783.6743774414062,793.1707729771786,774.3220514263428,18335460.0,783.1674643353156,795.1038208007812,0.01458442905418278,778.2597534179688,739.6328491210937,68.88203048205781,20.45565352410142,783.6743774414062,785.3191528320312,771.206298828125,725.0709228515625,739.447265625,0.05321186850583426
2025-02-03,795.1038208007812,806.0214389778673,773.666094986311,16153780.0,787.3615741954295,837.4127807617188,0.05321186850583426,794.5432861328125,744.9592315673829,80.75939660084862,25.289275811249354,795.1038208007812,783.6743774414062,785.3191528320312,755.9951171875,724.6932983398438,0.005880611837855376
2025-02-04,837.4127807617188,838.7544774391274,787.2472891542758,43369260.0,837.33318519866,842.3372802734375,0.005880611837855376,808.769482421875,750.5246398925781,80.44329102227559,29.18094251224295,837.4127807617188,795.1038208007812,783.6743774414062,771.206298828125,735.1785888671875,0.004023519124251251
2025-02-05,842.3372802734375,843.7933225325369,825.2079922244451,19663000.0,844.7872285257307,845.7264404296875,0.004023519124251251,820.8509399414063,756.6468627929687,83.9832155640927,32.1677831307594,842.3372802734375,837.4127807617188,795.1038208007812,785.3191528320312,739.7603149414062,-0.00025273552648885644
2025-02-06,845.7264404296875,853.6028268693608,839.3706394577197,18674930.0,848.191174922836,845.5126953125,-0.00025273552648885644,833.218603515625,762.7057220458985,81.4418507705513,34.124265108787085,845.7264404296875,842.3372802734375,837.4127807617188,783.6743774414062,739.2981567382812,-0.003884823949965588
2025-02-07,845.5126953125,860.9673801111533,841.010508058519,17094730.0,853.2351203824257,842.22802734375,-0.003884823949965588,842.6434448242187,769.2816467285156,87.38384578439744,35.00621605009053,845.5126953125,845.7264404296875,842.3372802734375,795.1038208007812,725.0709228515625,-0.02211997857245973
2025-02-10,842.22802734375,853.2351203824257,833.2484625229857,9665400.0,842.6802260548585,823.5979614257812,-0.02211997857245973,839.8804809570313,774.0114593505859,76.73789694895584,33.812112913209944,842.22802734375,845.5126953125,845.7264404296875,837.4127807617188,755.9951171875,-0.011536384520657528
2025-02-11,823.5979614257812,843.5945670019648,816.9589350238671,12438380.0,824.8105377995666,814.0966186523438,-0.011536384520657528,834.2323486328125,779.0493713378906,71.82968228533738,31.733296924744764,823.5979614257812,842.22802734375,845.5126953125,842.3372802734375,771.206298828125,0.002789590377502593
2025-02-12,814.0966186523438,830.3861190729097,808.9434188704632,9630590.0,809.9671067816488,816.3676147460938,0.002789590377502593,828.3605834960938,783.7916107177734,72.39439197572685,29.924124007645332,814.0966186523438,823.5979614257812,842.22802734375,845.7264404296875,785.3191528320312,0.02373370390509666
2025-02-13,816.3676147460938,823.3197117935968,797.578523952474,14837310.0,814.6780171593816,835.7430419921875,0.02373370390509666,826.4066528320312,789.8884887695312,81.22426895771241,29.71128330866452,816.3676147460938,814.0966186523438,823.5979614257812,845.5126953125,783.6743774414062,-0.0019860052141218443
2025-02-14,835.7430419921875,844.5884246202698,814.6780171593816,18003130.0,835.6982863489014,834.083251953125,-0.0019860052141218443,824.7776977539063,794.6202880859375,76.38880982259172,29.073532748698426,835.7430419921875,816.3676147460938,814.0966186523438,842.22802734375,795.1038208007812,0.004087044715131771
2025-02-17,834.083251953125,840.3744490767868,823.1209269518953,8633150.0,816.9837868378191,837.4921875,0.004087044715131771,827.55654296875,800.2602325439453,74.34212944658273,28.51448619692337,834.083251953125,835.7430419921875,816.3676147460938,823.5979614257812,837.4127807617188,0.004663858221625183
2025-02-18,837.4921875,843.5945472454296,816.9837868378191,8627990.0,837.8301220767972,841.3981323242188,0.004663858221625183,833.016845703125,805.5712097167968,72.26279459256186,28.063120694223358,837.4921875,834.083251953125,835.7430419921875,814.0966186523438,842.3372802734375,-0.00312423220773006
2025-02-19,841.3981323242188,842.7994585066715,830.9426290642929,8689770.0,840.7272987914766,838.7694091796875,-0.00312423220773006,837.4972045898437,810.5216644287109,71.70262866474101,27.179980397738404,841.3981323242188,837.4921875,834.083251953125,816.3676147460938,845.7264404296875,-0.004739711366240407
2025-02-20,838.7694091796875,847.6695085089755,834.8485951055148,8961980.0,830.46063736798,834.7938842773438,-0.004739711366240407,837.307373046875,815.2964508056641,66.60980912622273,25.86118210602922,838.7694091796875,841.3981323242188,837.4921875,835.7430419921875,845.5126953125,-0.00032740468615688467
2025-02-21,834.7938842773438,840.3744395125794,829.446873301159,7900700.0,830.8730927103885,834.5205688476562,-0.00032740468615688467,837.3948364257812,820.7689331054687,48.13266267973506,24.51141831493112,834.7938842773438,838.7694091796875,841.3981323242188,834.083251953125,842.22802734375,-0.004972139911510354
2025-02-24,834.5205688476562,836.8661418623368,823.7172357606174,6086470.0,827.6927359711995,830.3712158203125,-0.004972139911510354,835.9706420898438,824.4877380371094,42.196078056733796,22.84357614804412,834.5205688476562,834.7938842773438,838.7694091796875,837.4921875,823.5979614257812,0.016020372806601735
2025-02-25,830.3712158203125,834.7492307148926,826.0081234949291,3552600.0,830.3711488473276,843.674072265625,0.016020372806601735,836.425830078125,828.1111267089843,48.81476562488985,22.337733071071625,830.3712158203125,834.5205688476562,834.7938842773438,841.3981323242188,814.0966186523438,0.025516040361270864
2025-02-27,843.674072265625,847.4358332776582,828.6915106962595,10985410.0,849.0211644154252,865.2012939453125,0.025516040361270864,841.71220703125,832.1052337646485,59.124033086351034,23.40412745448907,843.674072265625,830.3712158203125,834.5205688476562,838.7694091796875,816.3676147460938,-0.02011391801238449
2025-02-28,865.2012939453125,868.5407344705976,849.0211644154252,18382830.0,861.186070321473,847.7987060546875,-0.02011391801238449,844.3131713867188,835.3114501953125,52.282838914162056,22.584667296894622,865.2012939453125,843.674072265625,830.3712158203125,834.7938842773438,835.7430419921875,0.01143557815096452
2025-03-03,847.7987060546875,861.6830040031357,845.7861003796137,17545800.0,848.365105661526,857.4937744140625,0.01143557815096452,848.9078125,838.4309478759766,64.98792273790856,22.45866074856542,847.7987060546875,865.2012939453125,843.674072265625,834.5205688476562,834.083251953125,-0.004856369532794003
2025-03-04,857.4937744140625,859.7747435504854,838.635166602085,8749960.0,846.9935637177676,853.3294677734375,-0.004856369532794003,853.499462890625,839.2267822265625,68.20717953017568,21.771803114029012,857.4937744140625,847.7987060546875,865.2012939453125,830.3712158203125,837.4921875,-0.03345573798633139
2025-03-05,853.3294677734375,856.6440370663474,846.1438265853014,7655060.0,840.3148523637177,824.7807006835938,-0.03345573798633139,849.7207885742188,838.3489532470703,53.13879370492425,18.70816054858949,853.3294677734375,857.4937744140625,847.7987060546875,843.674072265625,841.3981323242188,0.013514186528778893
2025-03-06,824.7807006835938,844.7872554809699,817.0583318896664,16300920.0,831.3700372857354,835.9269409179688,0.013514186528778893,843.86591796875,837.8589782714844,50.07309838659511,16.983831143667203,824.7807006835938,853.3294677734375,857.4937744140625,865.2012939453125,838.7694091796875,-0.0007550475046158578
2025-03-07,835.9269409179688,840.7918803410525,822.4798865712621,8814220.0,835.8324428661109,835.2957763671875,-0.0007550475046158578,841.36533203125,837.3481323242188,50.485942737717146,15.38896357002011,835.9269409179688,824.7807006835938,853.3294677734375,847.7987060546875,834.7938842773438,-0.007365101977379496
2025-03-10,835.2957763671875,841.8055949872813,831.514118606434,4729460.0,838.600399647079,829.1437377929688,-0.007365101977379496,835.6953247070312,836.6939178466797,46.726178081398324,13.473289732096418,835.2957763671875,835.9269409179688,824.7807006835938,857.4937744140625,834.5205688476562,-0.00025771657227979805
2025-03-11,829.1437377929688,858.4926074197267,827.4988583053935,10164530.0,825.4068110389812,828.9300537109375,-0.00025771657227979805,830.8154418945312,836.9605224609375,44.96486842358235,11.80181788407856,829.1437377929688,835.2957763671875,835.9269409179688,853.3294677734375,830.3712158203125,0.017265276459573764
2025-03-12,828.9300537109375,832.3638822939756,816.0893048938993,8135670.0,828.9946504740712,843.2417602539062,0.017265276459573764,834.5076538085938,838.4177795410156,51.65038913371633,11.499441113314788,828.9300537109375,829.1437377929688,835.2957763671875,824.7807006835938,843.674072265625,-0.0075432445455244634
2025-03-13,843.2417602539062,847.2222036981539,822.1817094501092,20882230.0,844.7872128755555,836.8809814453125,-0.0075432445455244634,834.6984619140625,839.4434478759765,50.75685775766474,10.624075919428947,843.2417602539062,828.9300537109375,829.1437377929688,835.9269409179688,865.2012939453125,0.018989519568232582
2025-03-17,836.8809814453125,850.7504167311477,834.1528205342469,12173510.0,834.7690517894611,852.77294921875,0.018989519568232582,838.193896484375,840.2949432373047,55.94548824270639,11.084911719029947,836.8809814453125,843.2417602539062,828.9300537109375,835.2957763671875,847.7987060546875,0.0
2025-03-18,852.77294921875,857.7025531372367,833.4571396016174,11020850.0,852.77294921875,852.77294921875,0.0,842.9197387695312,841.2294281005859,57.49982426916406,11.319641627902115,852.77294921875,836.8809814453125,843.2417602539062,829.1437377929688,857.4937744140625,0.017627466462522667
2025-03-19,852.77294921875,852.77294921875,852.77294921875,0.0,864.6645816925422,867.80517578125,0.017627466462522667,850.6947631835938,842.7450775146484,57.98631900189799,12.573700038666288,852.77294921875,852.77294921875,836.8809814453125,828.9300537109375,853.3294677734375,-0.005949591085178674
2025-03-20,867.80517578125,882.4548312583717,862.9352622348928,12898200.0,867.1492515262393,862.64208984375,-0.005949591085178674,854.5748291015625,843.807275390625,49.050131663123636,13.001064302357008,867.80517578125,852.77294921875,852.77294921875,843.2417602539062,824.7807006835938,0.027241818178730837
2025-03-21,862.64208984375,871.4278431326916,848.8769908298905,7924330.0,898.4510853028386,886.1420288085938,0.027241818178730837,864.4270385742187,846.1759063720704,63.61517559026756,15.062372582474381,862.64208984375,867.80517578125,852.77294921875,836.8809814453125,835.9269409179688,0.019509660433744358
2025-03-24,886.1420288085938,903.3260336366492,877.684208188832,27448010.0,904.0167066294846,903.4303588867188,0.019509660433744358,874.5585205078125,849.6077301025391,65.47684411185895,17.88483277874184,886.1420288085938,862.64208984375,867.80517578125,852.77294921875,835.2957763671875,-0.002508275512111635
2025-03-25,903.4303588867188,905.9100529720466,887.2253596781331,14332170.0,906.9039145835608,901.164306640625,-0.002508275512111635,884.2367919921875,852.9399169921875,66.325217030488,19.711578533636384,903.4303588867188,886.1420288085938,862.64208984375,852.77294921875,829.1437377929688,-0.02218971821664084
2025-03-26,901.164306640625,920.3260973722652,892.1996648110484,17482600.0,904.6230299913868,881.167724609375,-0.02218971821664084,886.9093017578125,855.4797424316406,70.43692359422803,19.322987284594888,901.164306640625,903.4303588867188,886.1420288085938,867.80517578125,828.9300537109375,0.015542438996548613
2025-03-27,881.167724609375,907.0927757475704,879.5676127668488,8862110.0,880.6657918389074,894.8632202148438,0.015542438996548613,893.3535278320312,858.0391998291016,70.97330931945325,19.890848635957582,881.167724609375,901.164306640625,903.4303588867188,862.64208984375,843.2417602539062,-0.006469487749463099
2025-03-28,894.8632202148438,899.9865746118563,876.8145560445273,20920440.0,894.2420355740359,889.0739135742188,-0.006469487749463099,893.9399047851563,859.2328308105468,68.46000838880828,19.6472528842296,894.8632202148438,881.167724609375,901.164306640625,886.1420288085938,836.8809814453125,-0.027655963610418777
2025-04-01,889.0739135742188,897.3528450203148,880.6657745285638,9770990.0,872.9435387462231,864.4857177734375,-0.027655963610418777,886.1509765625,860.0671813964843,60.76860161029781,17.271049677152632,889.0739135742188,894.8632202148438,881.167724609375,903.4303588867188,852.77294921875,-0.003328288994978279
2025-04-02,864.4857177734375,887.0266223080821,861.7823669999043,11834240.0,867.6462158906634,861.6084594726562,-0.003328288994978279,878.2398071289062,860.272915649414,59.79798046344151,14.983006050153563,864.4857177734375,889.0739135742188,894.8632202148438,901.164306640625,852.77294921875,-0.008610930413591955
2025-04-03,861.6084594726562,870.6128954379398,855.9185930314133,6464950.0,859.6952119722814,854.189208984375,-0.008610930413591955,872.8441040039063,860.3159027099609,53.42389239811627,12.427783727369388,861.6084594726562,864.4857177734375,889.0739135742188,881.167724609375,867.80517578125,0.014456768814313792
2025-04-04,854.189208984375,871.1246858886759,840.8316300852158,13966330.0,860.2915347763417,866.5380249023438,0.014456768814313792,867.1790649414063,862.4037689208984,58.94057282108256,11.269292479585943,854.189208984375,861.6084594726562,864.4857177734375,894.8632202148438,862.64208984375,-0.017301598135258778
2025-04-07,866.5380249023438,874.3051004964104,853.1158417860235,18496580.0,828.88536880857,851.5455322265625,-0.017301598135258778,859.673388671875,863.1846984863281,49.627958571124104,9.037235334341972,866.5380249023438,854.189208984375,861.6084594726562,889.0739135742188,886.1420288085938,0.02967432980674367
2025-04-08,851.5455322265625,854.7756011098094,825.6205412588924,13981240.0,859.6952348126595,876.8145751953125,0.02967432980674367,862.13916015625,865.2606384277344,56.31922465816014,9.201248288317743,851.5455322265625,866.5380249023438,854.189208984375,864.4857177734375,903.4303588867188,-0.00979901473854794
2025-04-09,876.8145751953125,881.8584639941574,859.6952348126595,14775630.0,876.0940686738069,868.22265625,-0.00979901473854794,863.4619995117188,867.2145843505859,50.11357801979712,8.539495692082255,876.8145751953125,851.5455322265625,866.5380249023438,861.6084594726562,901.164306640625,0.021211518345218616
2025-04-11,868.22265625,878.777522649901,857.2105890313766,10487740.0,877.0929006731593,886.6389770507812,0.021211518345218616,869.951953125,870.1000305175781,56.08937495334214,9.39282058008439,868.22265625,876.8145751953125,851.5455322265625,854.189208984375,881.167724609375,0.024649450497783665
2025-04-15,886.6389770507812,891.8468322003135,875.6667034684273,10097220.0,919.8739341683756,908.494140625,0.024649450497783665,878.3431762695312,873.3626495361328,55.71974726825244,11.69777112697443,886.6389770507812,868.22265625,876.8145751953125,866.5380249023438,894.8632202148438,-0.009244013746132929
2025-04-16,908.494140625,923.3027887344896,901.9843214695372,12633610.0,909.338962713677,900.0960083007812,-0.009244013746132929,888.053271484375,876.5234008789063,49.10609153701203,12.700399647797099,908.494140625,886.6389770507812,868.22265625,851.5455322265625,889.0739135742188,0.01170420934236005
2025-04-17,900.0960083007812,911.5254830608088,890.9027351242372,7198220.0,898.4560458944406,910.6309204101562,0.01170420934236005,894.8165405273437,879.4162994384766,52.43016722137631,14.181592763744447,900.0960083007812,908.494140625,886.6389770507812,876.8145751953125,864.4857177734375,0.01211459125696046
2025-04-21,910.6309204101562,913.3640555055208,889.7100257214428,11415130.0,911.3763392226596,921.662841796875,0.01211459125696046,905.5045776367188,882.8607940673828,60.897019395706444,16.06049742089158,910.6309204101562,900.0960083007812,908.494140625,868.22265625,861.6084594726562,-0.001401805659194344
2025-04-22,921.662841796875,925.78741546991,908.5438416039184,7824150.0,923.7997041075168,920.370849609375,-0.001401805659194344,912.2509521484375,885.4890777587891,57.354940738730534,17.24648320374604,921.662841796875,910.6309204101562,900.0960083007812,886.6389770507812,854.189208984375,0.006749028274151803
2025-04-23,920.370849609375,933.5395920294122,917.3395663165552,11293580.0,922.5076268883136,926.5824584960938,0.006749028274151803,915.8686157226563,888.6860961914062,60.789042908276805,18.474646184652443,920.370849609375,921.662841796875,910.6309204101562,908.494140625,866.5380249023438,-0.002359706232613723
2025-04-24,926.5824584960938,929.1168079429252,909.3885665824954,10818710.0,956.1003887587163,924.39599609375,-0.002359706232613723,920.72861328125,890.5987945556641,69.7821239588674,19.051926206718008,926.5824584960938,920.370849609375,921.662841796875,900.0960083007812,851.5455322265625,-0.020320358046296172
2025-04-25,924.39599609375,960.0758581506444,921.61317965157,18496710.0,925.340181044901,905.6119384765624,-0.020320358046296172,919.7248168945313,890.7078735351563,63.148547419379156,17.788651813441334,924.39599609375,926.5824584960938,920.370849609375,910.6309204101562,876.8145751953125,-0.0020851830889014877
2025-04-28,905.6119384765624,928.7193542881377,893.486744714233,10893540.0,902.4315563508616,903.7235717773438,-0.0020851830889014877,916.136962890625,890.8358367919922,65.30716712606156,16.445548300669316,905.6119384765624,924.39599609375,926.5824584960938,921.662841796875,868.22265625,0.0
2025-04-29,903.7235717773438,906.9039594385034,894.5302987638576,9946560.0,907.400893114908,903.7235717773438,0.0,912.8075073242187,891.9636291503906,62.44059938871891,15.205845567863093,903.7235717773438,905.6119384765624,924.39599609375,920.370849609375,886.6389770507812,-0.05042336843275441
2025-04-30,903.7235717773438,908.9910566150634,890.5051481171497,11768180.0,878.5787472966435,858.15478515625,-0.05042336843275441,899.12197265625,890.128207397461,51.835611051027435,10.42616562716853,903.7235717773438,903.7235717773438,905.6119384765624,926.5824584960938,908.494140625,0.027100482446382745
2025-05-02,858.15478515625,883.3492984982109,850.3528899743571,39690570.0,852.2908939871758,881.4111938476562,0.027100482446382745,890.5250122070313,889.7450714111328,51.291068584643504,8.41779752790842,858.15478515625,903.7235717773438,903.7235717773438,924.39599609375,900.0960083007812,0.007160287128884946
2025-05-05,881.4111938476562,886.0327010732856,851.3467079166783,18933030.0,882.3057617507878,887.7223510742188,0.007160287128884946,886.9470947265625,890.9069030761718,55.548030439903215,7.251814579007146,881.4111938476562,858.15478515625,903.7235717773438,905.6119384765624,910.6309204101562,-0.015058259707848576
2025-05-06,887.7223510742188,897.7603872927656,881.1627900057229,8930610.0,885.6351674724266,874.3547973632812,-0.015058259707848576,881.07333984375,891.5442199707031,46.40153790700469,5.189295852026703,887.7223510742188,881.4111938476562,858.15478515625,903.7235717773438,921.662841796875,0.02148340548824046
2025-05-07,874.3547973632812,891.8965802788989,869.6339274712942,12040870.0,869.633928985005,893.138916015625,0.02148340548824046,878.9564086914063,893.4917053222656,45.419508763343835,5.012673313388063,874.3547973632812,887.7223510742188,881.4111938476562,903.7235717773438,920.370849609375,-0.01713686723631247
2025-05-08,893.138916015625,894.232145833438,866.9504750148244,11635570.0,892.1947079369587,877.8333129882812,-0.01713686723631247,882.8921142578125,894.0564697265625,43.62184302633015,3.5962095636878075,893.138916015625,874.3547973632812,887.7223510742188,858.15478515625,926.5824584960938,-0.020350329057952088
2025-05-09,877.8333129882812,901.8849143356404,872.1185758813663,12018090.0,860.8648380276228,859.9691162109375,-0.020350329057952088,878.6036987304688,894.4776489257813,36.0706126297086,1.0203979420696214,877.8333129882812,893.138916015625,874.3547973632812,881.4111938476562,924.39599609375,0.043687056121854306
2025-05-12,859.9691162109375,873.9021887339279,856.3863504309473,12151340.0,880.6697141980056,897.5386352539062,0.043687056121854306,880.5669555664062,895.5138519287109,44.21176015059197,1.9876821172543941,859.9691162109375,877.8333129882812,893.138916015625,887.7223510742188,905.6119384765624,0.002605799973927736
2025-05-13,897.5386352539062,898.683161916931,878.3309120482104,10638220.0,896.0956196341344,899.87744140625,0.002605799973927736,885.671484375,897.0965911865235,45.10749225537024,2.9094456271475337,897.5386352539062,859.9691162109375,877.8333129882812,874.3547973632812,903.7235717773438,0.0043131958616327015
2025-05-14,899.87744140625,911.9693213122264,894.8017857507431,13363000.0,900.1760232176907,903.7587890625,0.0043131958616327015,887.795458984375,897.9525817871094,44.48986821115332,3.9080921145747425,899.87744140625,897.5386352539062,859.9691162109375,893.138916015625,903.7235717773438,0.011837902466802719
2025-05-15,903.7587890625,906.6946986887788,896.8918110693861,7594000.0,905.5999805101644,914.4573974609376,0.011837902466802719,895.1202758789062,898.2507446289062,47.6953282678885,5.499421034063289,903.7587890625,899.87744140625,897.5386352539062,877.8333129882812,858.15478515625,-0.0023398678589046096
2025-05-16,914.4573974609376,917.0947533876722,898.484136910891,10385000.0,914.457373373886,912.3176879882812,-0.0023398678589046096,905.589990234375,898.8618286132812,51.68508030538718,6.512828166509735,914.4573974609376,903.7587890625,899.87744140625,859.9691162109375,881.4111938476562,0.009654178953910186
2025-05-19,912.3176879882812,924.1607630754636,908.9836663627398,6251920.0,912.3176982188572,921.1253662109376,0.009654178953910186,910.3073364257813,899.3865509033203,54.22592140356246,7.935194659361855,912.3176879882812,914.4573974609376,903.7587890625,897.5386352539062,887.7223510742188,-0.0190697308285247
2025-05-20,921.1253662109376,924.5091366985775,912.3176982188572,7162740.0,925.3550226969596,903.5597534179688,-0.0190697308285247,911.043798828125,898.481396484375,49.96334489070932,7.557909328005053,921.1253662109376,912.3176879882812,914.4573974609376,899.87744140625,874.3547973632812,0.013052080857216097
2025-05-21,903.5597534179688,926.5492981730328,902.5645339784704,8106160.0,905.649698749448,915.3530883789062,0.013052080857216097,913.3626586914063,898.2305084228516,65.07728836399777,8.116964243877192,903.5597534179688,921.1253662109376,912.3176879882812,903.7587890625,893.138916015625,-0.006360410598150512
2025-05-22,915.3530883789062,923.5636488346016,898.5338553904952,7321500.0,915.3530762980172,909.5310668945312,-0.006360410598150512,912.377392578125,897.3779388427735,58.16255228316746,7.998034452785532,915.3530883789062,903.5597534179688,921.1253662109376,914.4573974609376,877.8333129882812,0.011434490577185041
2025-05-23,909.5310668945312,915.5023835107728,902.7137773116312,6159740.0,909.5310964586228,919.9310913085938,0.011434490577185041,913.9000732421875,897.1546936035156,59.13266443392527,8.643341726951917,909.5310668945312,915.3530883789062,903.5597534179688,912.3176879882812,859.9691162109375,0.002812803560686028
2025-05-26,919.9310913085938,924.2105836173696,906.7444333524312,4251690.0,921.0755964137836,922.5186767578124,0.002812803560686028,914.1787353515625,898.0000305175781,64.54590867113603,9.256841801214136,919.9310913085938,909.5310668945312,915.3530883789062,921.1253662109376,897.5386352539062,-0.010626253676425224
2025-05-27,922.5186767578124,929.1866591884672,920.577986691248,5476790.0,922.5684564101424,912.7157592773438,-0.010626253676425224,916.0099365234375,898.4496398925781,56.25150807470461,8.85001406265053,922.5186767578124,919.9310913085938,909.5310668945312,903.5597534179688,899.87744140625,0.010522314026375046
2025-05-28,912.7157592773438,924.5588953667984,909.9291568867004,7150000.0,920.0803973123589,922.3196411132812,0.010522314026375046,917.4032470703125,899.379443359375,64.74275265580877,9.196541148264828,912.7157592773438,922.5186767578124,919.9310913085938,915.3530883789062,903.7587890625,-0.006851899093955227
2025-05-29,922.3196411132812,925.0067458230632,909.7300905574116,6507400.0,920.5779851422768,916.0,-0.006851899093955227,918.6970336914062,902.2717041015625,70.10715815794151,8.859101925413029,922.3196411132812,912.7157592773438,922.5186767578124,909.5310668945312,914.4573974609376,0.0022379779399221977
2025-05-30,916.0,923.5138946489728,911.6210101517032,7081750.0,917.0,918.0499877929688,0.0022379779399221977,918.3208129882812,904.1036437988281,59.87916573085564,8.657299829165709,916.0,922.3196411132812,912.7157592773438,919.9310913085938,912.3176879882812,-0.0067534581879753475
2025-06-02,918.0499877929688,920.3499755859376,912.0999755859376,15041740.0,913.0,911.8499755859376,-0.0067534581879753475,916.1870727539062,905.310025024414,55.559706230471726,7.905946217822475,918.0499877929688,916.0,922.3196411132812,922.5186767578124,921.1253662109376,-0.015298515704747495
2025-06-03,911.8499755859376,916.5,904.0,6619630.0,910.5999755859376,897.9000244140625,-0.015298515704747495,913.22392578125,906.4872863769531,47.51201098146877,6.114365987613951,911.8499755859376,918.0499877929688,916.0,912.7157592773438,903.5597534179688,0.000890954194472604
2025-06-04,897.9000244140625,912.7999877929688,897.0,9080270.0,897.5,898.7000122070312,0.000890954194472604,908.5,906.7653411865234,42.694249610473506,4.704843568654724,897.9000244140625,911.8499755859376,918.0499877929688,922.3196411132812,915.3530883789062,-0.005897393703103493
2025-06-05,898.7000122070312,903.9500122070312,896.4500122070312,5544930.0,898.7000122070312,893.4000244140625,-0.005897393703103493,903.9800048828125,907.5436767578125,41.478731400525774,3.124109387197336,898.7000122070312,897.9000244140625,911.8499755859376,916.0,909.5310668945312,0.048970224764313564
2025-06-06,893.4000244140625,898.7000122070312,886.9500122070312,7853320.0,894.5,937.1500244140624,0.048970224764313564,907.8000122070313,911.4027221679687,55.48996680275107,5.340068539762569,893.4000244140625,898.7000122070312,897.9000244140625,918.0499877929688,919.9310913085938,0.025182708180254476
2025-06-09,937.1500244140624,943.4000244140624,887.5999755859375,19783860.0,955.0,960.75,0.025182708180254476,917.5800170898438,914.5632904052734,68.8151423136036,8.897982526095007,937.1500244140624,893.4000244140625,898.7000122070312,911.8499755859376,922.5186767578124,-0.011449388498568802
2025-06-10,960.75,978.7999877929688,940.2999877929688,23496010.0,970.0,949.75,-0.011449388498568802,927.9500122070312,917.056918334961,61.375695338491944,10.706627586314312,960.75,937.1500244140624,893.4000244140625,897.9000244140625,912.7157592773438,-0.007633587786259555
2025-06-11,949.75,970.0,948.5499877929688,9044040.0,949.0,942.5,-0.007633587786259555,936.710009765625,918.9939788818359,60.80141511829781,11.423296763565304,949.75,960.75,937.1500244140624,898.7000122070312,922.3196411132812,-0.005994720863726655
2025-06-12,942.5,957.0,940.4000244140624,11860810.0,944.9000244140624,936.8499755859376,-0.005994720863726655,945.4,920.1136077880859,55.72109833926571,11.403895490334435,942.5,949.75,960.75,893.4000244140625,916.0,-0.004002775361823141
2025-06-13,936.8499755859376,953.2999877929688,935.5,12388330.0,915.0,933.0999755859376,-0.004002775361823141,944.589990234375,921.1527221679687,53.55014318198209,10.959590840477404,936.8499755859376,942.5,949.75,937.1500244140624,918.0499877929688,0.005251339130070587
2025-06-16,933.0999755859376,936.5499877929688,914.7000122070312,10182020.0,956.0,938.0,0.005251339130070587,940.039990234375,921.9964538574219,58.771728851544424,10.877478423158891,933.0999755859376,936.8499755859376,942.5,960.75,911.8499755859376,-0.015991471215351827
2025-06-17,938.0,956.0,925.0,7016290.0,941.5,923.0,-0.015991471215351827,934.689990234375,922.9684661865234,50.22751496185904,9.492604268015725,938.0,933.0999755859376,936.8499755859376,949.75,897.9000244140625,-0.004333694474539573
2025-06-18,923.0,943.5,917.5,6110175.0,927.0,919.0,-0.004333694474539573,929.989990234375,923.1508117675781,51.01902207715312,7.980322758795182,923.0,938.0,933.0999755859376,942.5,898.7000122070312,-0.020130576713819348
2025-06-19,919.0,932.5,915.0,5002923.0,919.0,900.5,-0.020130576713819348,922.7199951171875,922.6992584228516,44.63794936747573,5.228759493635948,919.0,923.0,938.0,936.8499755859376,893.4000244140625,0.0049972237645752315
2025-06-20,900.5,922.5,894.0,6585940.0,897.0,905.0,0.0049972237645752315,917.1,921.9527038574219,47.88515663747627,3.3723636648800266,900.5,919.0,923.0,933.0999755859376,937.1500244140624,0.011602209944751474
2025-06-23,905.0,907.5,886.0,14320241.0,899.0,915.5,0.011602209944751474,912.6,921.6017700195313,55.55204277158912,2.7170978313547494,905.0,900.5,919.0,938.0,960.75,0.0010922992900055384
2025-06-24,915.5,918.0,890.5,5870597.0,920.0,916.5,0.0010922992900055384,911.3,921.790982055664,55.60806125513964,2.2525209209704826,915.5,905.0,900.5,923.0,949.75,0.012547735951991212
2025-06-25,916.5,936.0,914.5,11555634.0,918.0,928.0,0.012547735951991212,913.1,922.075,60.4911978360468,2.7802453254162174,916.5,915.5,905.0,919.0,942.5,0.02532327586206895
2025-06-26,928.0,930.0,916.0,6623799.0,930.0,951.5,0.02532327586206895,923.3,923.85,54.960239600395994,5.036664783880383,928.0,916.5,915.5,900.5,936.8499755859376,-0.004729374671571196
2025-06-27,951.5,953.5,928.5,11677790.0,950.0,947.0,-0.004729374671571196,931.7,925.2975006103516,44.524096116114045,6.388142538701231,951.5,928.0,916.5,905.0,933.0999755859376,-0.011087645195353768
2025-06-30,947.0,959.5,936.0,21637194.0,956.0,936.5,-0.011087645195353768,935.9,926.5300018310547,44.702121220995494,6.536586448732351,947.0,951.5,928.0,915.5,938.0,0.00016019691837954042
2025-07-01,936.5,956.0,934.0,6086081.0,932.5,936.6500244140624,0.00016019691837954042,939.9300048828125,928.4675018310547,47.52014753991469,6.590365403311694,936.5,947.0,951.5,916.5,923.0,-0.01457323873193872
2025-07-02,936.6500244140624,941.7999877929688,928.0,5381327.0,933.0,923.0,-0.01457323873193872,938.9300048828125,929.6825012207031,44.50179931245227,5.468505196195906,936.6500244140624,936.5,947.0,928.0,919.0,-0.013921967048686423
2025-07-03,923.0,939.8499755859376,914.0,9394493.0,922.0,910.1500244140624,-0.013921967048686423,930.660009765625,930.5200012207031,41.50316813247394,3.5021664664299124,923.0,936.6500244140624,936.5,951.5,900.5,0.01664556718400312
2025-07-04,910.1500244140624,924.5,905.2000122070312,7606558.0,922.0,925.2999877929688,0.01664556718400312,926.3200073242188,929.9274993896485,45.629727022026,3.130221047791906,910.1500244140624,923.0,936.6500244140624,947.0,905.0,-0.0007024353047454523
2025-07-07,925.2999877929688,940.7000122070312,919.0,10613046.0,925.0,924.6500244140624,-0.0007024353047454523,923.9500122070312,928.1225006103516,50.63002101157589,2.7512898542704534,925.2999877929688,910.1500244140624,923.0,936.5,915.5,0.0032444707952081764
2025-07-08,924.6500244140624,929.2999877929688,918.0999755859376,3383973.0,918.7999877929688,927.6500244140624,0.0032444707952081764,922.1500122070313,927.0175018310547,53.32821379925786,2.6623689493259235,924.6500244140624,925.2999877929688,910.1500244140624,936.6500244140624,916.5,0.013959953464190322
2025-07-09,927.6500244140624,929.5,918.7999877929688,3851432.0,926.5,940.5999755859376,0.013959953464190322,925.6700073242188,926.9225006103516,66.11736618374934,3.5954057246976845,927.6500244140624,924.6500244140624,925.2999877929688,923.0,928.0,0.007495267925913929
2025-07-10,940.5999755859376,946.0,924.0,5341529.0,943.0,947.6500244140624,0.007495267925913929,933.1700073242188,927.4625030517578,66.79796802612367,4.847841216196116,940.5999755859376,927.6500244140624,924.6500244140624,910.1500244140624,951.5,-0.014931698464115462
2025-07-11,947.6500244140624,951.7000122070312,942.25,5409906.0,938.7000122070312,933.5,-0.014931698464115462,934.810009765625,927.4825042724609,56.89127234490011,4.64507116406935,947.6500244140624,940.5999755859376,927.6500244140624,925.2999877929688,947.0,-0.015693652291443372
2025-07-14,933.5,947.1500244140624,931.5499877929688,4278038.0,932.0,918.8499755859376,-0.015693652291443372,933.65,926.5250030517578,50.81454959651217,3.264607538471523,933.5,947.6500244140624,940.5999755859376,924.6500244140624,936.5,0.01039347998244744
2025-07-15,918.8499755859376,932.0,911.2999877929688,6657978.0,919.0,928.4000244140624,0.01039347998244744,933.8,926.7950042724609,50.14055666788476,2.907671470078867,918.8499755859376,933.5,947.6500244140624,927.6500244140624,936.6500244140624,-0.007162886944406699
2025-07-16,928.4000244140624,930.5999755859376,918.0,3892075.0,924.0,921.75,-0.007162886944406699,930.0300048828125,926.932504272461,38.14269325193367,2.064398568990441,928.4000244140624,918.8499755859376,933.5,940.5999755859376,923.0,0.0016815707002644231
2025-07-17,921.75,927.0,919.4000244140624,3952491.0,925.9500122070312,923.2999877929688,0.0016815707002644231,925.1599975585938,928.0725036621094,40.326530449552315,1.5038345123745103,921.75,928.4000244140624,918.8499755859376,947.6500244140624,910.1500244140624,0.02025345224116304
2025-07-18,923.2999877929688,926.25,916.0,4583882.0,920.5,942.0,0.02025345224116304,926.8599975585937,929.9225036621094,52.104053908909634,2.5392472992064086,923.2999877929688,921.75,928.4000244140624,933.5,925.2999877929688,0.006847146716593588
2025-07-21,942.0,944.9000244140624,920.0,7893820.0,938.9000244140624,948.4500122070312,0.006847146716593588,932.7800048828125,931.5700042724609,54.30656296931899,3.8360617407415702,942.0,923.2999877929688,921.75,918.8499755859376,924.6500244140624,0.004322816735904622
2025-07-22,948.4500122070312,951.0,937.3499755859376,4660232.0,955.0,952.5499877929688,0.004322816735904622,937.6099975585937,933.3725036621094,61.59277558364116,5.135432227537763,948.4500122070312,942.0,923.2999877929688,928.4000244140624,927.6500244140624,0.016534565326584483
2025-07-23,952.5499877929688,962.0,940.0,6237382.0,954.0,968.2999877929688,0.016534565326584483,946.9199951171875,935.3875030517578,72.30531148523531,7.351344349927558,952.5499877929688,948.4500122070312,942.0,921.75,940.5999755859376,-0.00965607322504336
2025-07-24,968.2999877929688,970.9500122070312,953.6500244140624,9694991.0,970.0,958.9500122070312,-0.00965607322504336,954.05,935.7600036621094,63.50863557689108,8.257814833834004,968.2999877929688,952.5499877929688,948.4500122070312,923.2999877929688,947.6500244140624,-0.04713489924568959
2025-07-25,958.9500122070312,970.0,954.0,5189112.0,906.4000244140624,913.75,-0.04713489924568959,948.4,934.0975036621094,46.77704963949216,5.2682073749796245,958.9500122070312,968.2999877929688,952.5499877929688,942.0,933.5,-0.036388508891928906
2025-07-28,913.75,924.9000244140624,898.0,24415481.0,909.25,880.5,-0.036388508891928906,934.8099975585938,931.2975036621094,38.17406538336244,0.2134641251651601,913.75,958.9500122070312,968.2999877929688,948.4500122070312,918.8499755859376,0.006871082104450643
2025-07-29,880.5,913.75,879.0,14011284.0,875.0499877929688,886.5499877929688,0.006871082104450643,921.6099975585937,928.7925018310547,35.95740449963091,-3.2666173335143185,880.5,913.75,958.9500122070312,952.5499877929688,928.4000244140624,-0.0019175593372500188
2025-07-30,886.5499877929688,894.0,873.5,11323854.0,890.9500122070312,884.8499755859375,-0.0019175593372500188,904.9199951171875,926.8850006103515,33.21752644311694,-6.091563981946479,886.5499877929688,880.5,913.75,968.2999877929688,921.75,-0.004124951663686538
2025-07-31,884.8499755859375,892.5999755859375,875.0,5054496.0,872.0,881.2000122070312,-0.004124951663686538,889.3699951171875,925.4375,35.19253200802508,-8.526586907873593,884.8499755859375,886.5499877929688,880.5,958.9500122070312,923.2999877929688,-0.006355011964954471
2025-08-01,881.2000122070312,887.8499755859375,868.0,6999179.0,884.7999877929688,875.5999755859375,-0.006355011964954471,881.739990234375,922.9524993896484,37.09340871503816,-10.783925889039097,881.2000122070312,884.8499755859375,886.5499877929688,913.75,942.0,0.011078132112258388
2025-08-04,875.5999755859375,895.8499755859375,873.0,5300299.0,874.0,885.2999877929688,0.011078132112258388,882.6999877929687,920.9849975585937,37.149662050147846,-11.655812425983527,875.5999755859375,881.2000122070312,884.8499755859375,880.5,948.4500122070312,0.007455141434653756
2025-08-05,885.2999877929688,886.75,873.7000122070312,3969985.0,889.0,891.9000244140625,0.007455141434653756,883.7699951171875,919.1974975585938,41.09753318251421,-11.679585994545278,885.2999877929688,875.5999755859375,881.2000122070312,886.5499877929688,952.5499877929688,-0.017098328941092422
2025-08-06,891.9000244140625,893.5999755859375,882.4000244140625,4446791.0,888.0,876.6500244140625,-0.017098328941092422,882.1300048828125,916.0,37.13814338058971,-12.781635531229881,891.9000244140625,885.2999877929688,875.5999755859375,884.8499755859375,968.2999877929688,0.002794674161461952
2025-08-07,876.6500244140625,895.5,874.5999755859375,4212648.0,871.0,879.0999755859375,0.002794674161461952,881.7099975585937,912.5724975585938,30.95092861436497,-13.303967290918877,876.6500244140625,891.9000244140625,885.2999877929688,881.2000122070312,958.9500122070312,-0.002218122200009498
2025-08-08,879.0999755859375,882.0,867.25,5998002.0,877.0,877.1500244140625,-0.002218122200009498,882.0200073242188,909.7549987792969,27.8019845177365,-13.717141073150401,879.0999755859375,876.6500244140625,891.9000244140625,875.5999755859375,913.75,0.0007409945400622675
2025-08-11,877.1500244140625,888.2999877929688,876.0,3736916.0,877.1500244140625,877.7999877929688,0.0007409945400622675,880.5200073242188,907.7024993896484,26.216975357550112,-13.832683099394671,877.1500244140625,879.0999755859375,876.6500244140625,885.2999877929688,880.5,-0.02825243579157799
2025-08-12,877.7999877929688,888.2999877929688,872.75,5367926.0,877.2000122070312,853.0,-0.02825243579157799,872.7400024414062,903.9324981689454,15.31285679607818,-15.743916669259875,877.7999877929688,877.1500244140625,879.0999755859375,891.9000244140625,886.5499877929688,0.008206330597889888
2025-08-13,853.0,884.9000244140625,851.5,8257312.0,854.5499877929688,860.0,0.008206330597889888,869.4099975585938,900.8449981689453,19.80467994801299,-16.50349947562995,853.0,877.7999877929688,877.1500244140625,876.6500244140625,884.8499755859375,0.0016860607058502008
2025-08-14,860.0,864.0,849.0,10117225.0,860.0,861.4500122070312,0.0016860607058502008,865.8800048828125,897.7524993896484,28.226467525563876,-16.794869652417333,860.0,853.0,877.7999877929688,879.0999755859375,881.2000122070312,0.05078646396198039
2025-08-18,861.4500122070312,866.9000244140625,855.4500122070312,5379250.0,875.0,905.2000122070312,0.05078646396198039,871.4900024414062,895.9125,59.456366143879485,-13.341728113975364,861.4500122070312,860.0,853.0,877.1500244140625,875.5999755859375,-0.0032037388145761403
2025-08-19,905.2000122070312,919.6500244140624,875.0,16277779.0,905.9500122070312,902.2999877929688,-0.0032037388145761403,876.3900024414063,893.6049987792969,56.17889605103106,-10.715573834962129,905.2000122070312,861.4500122070312,860.0,877.7999877929688,885.2999877929688,-0.016070043440283177
2025-08-20,902.2999877929688,909.9000244140624,890.5,5764382.0,900.5499877929688,887.7999877929688,-0.016070043440283177,883.35,890.3674987792969,51.05169821420411,-9.692625908841023,902.2999877929688,905.2000122070312,861.4500122070312,853.0,891.9000244140625,0.008785748930183246
2025-08-21,887.7999877929688,902.0,886.0499877929688,5561646.0,888.0,895.5999755859375,0.008785748930183246,890.4699951171875,886.7324981689453,54.98613816858134,-8.158492457211992,887.7999877929688,902.2999877929688,905.2000122070312,860.0,876.6500244140625,-0.0012281996604766032
2025-08-22,895.5999755859375,901.2999877929688,884.0,6697533.0,895.0,894.5,-0.0012281996604766032,897.0799926757812,883.5099975585938,56.754838315620475,-6.951309116412517,895.5999755859375,887.7999877929688,902.2999877929688,861.4500122070312,879.0999755859375,0.00704302715815408
2025-08-25,894.5,903.9000244140624,892.0,6424895.0,902.0999755859376,900.7999877929688,0.00704302715815408,896.1999877929687,882.8624969482422,55.677660755119575,-5.423729875989238,894.5,895.5999755859375,887.7999877929688,905.2000122070312,877.1500244140625,-0.027253539215867595
2025-08-26,900.7999877929688,908.0,898.1500244140625,5837876.0,899.9500122070312,876.25,-0.027253539215867595,890.989990234375,882.6499969482422,44.93362197125792,-6.123503230925735,900.7999877929688,894.5,895.5999755859375,902.2999877929688,877.7999877929688,0.0006847082293153228
2025-08-28,876.25,901.9000244140624,873.5,6712926.0,870.2000122070312,876.8499755859375,0.0006847082293153228,888.7999877929688,882.1649963378907,50.07151339457232,-6.554113895534215,876.25,900.7999877929688,894.5,887.7999877929688,853.0,0.0011404459461059613
2025-08-29,876.8499755859375,884.5,869.7000122070312,8349342.0,870.8499755859375,877.8499755859375,0.0011404459461059613,885.2499877929688,881.8149963378906,49.54824672081824,-6.737024086945098,876.8499755859375,876.25,900.7999877929688,895.5999755859375,860.0,0.013100188323550421
2025-09-01,877.8499755859375,888.0,870.8499755859375,5672446.0,877.8499755859375,889.3499755859375,0.013100188323550421,884.2199829101562,882.2224945068359,54.12439460018026,-5.886175671817568,877.8499755859375,876.8499755859375,876.25,894.5,861.4500122070312,0.0008433125547744336
2025-09-02,889.3499755859375,894.7999877929688,877.8499755859375,4101526.0,895.0,890.0999755859375,0.0008433125547744336,882.07998046875,882.9474945068359,54.15540299509533,-5.09264855829224,889.3499755859375,877.8499755859375,876.8499755859375,900.7999877929688,905.2000122070312,0.006965523398593465
2025-09-03,890.0999755859375,899.5499877929688,886.1500244140625,6103185.0,892.7000122070312,896.2999877929688,0.006965523398593465,886.0899780273437,883.4974945068359,66.73106647881292,-3.9183155319403795,890.0999755859375,889.3499755859375,877.8499755859375,876.25,902.2999877929688,0.042898597267316596
2025-09-04,896.2999877929688,898.8499755859375,880.0499877929688,5493809.0,915.0,934.75,0.042898597267316596,897.6699829101562,885.6399932861328,73.23593762687992,0.11363656541402634,896.2999877929688,890.0999755859375,889.3499755859375,876.8499755859375,887.7999877929688,0.00304891744951874
2025-09-05,934.75,948.0,912.25,21738706.0,942.0,937.5999755859376,0.00304891744951874,909.6199829101563,888.6874908447265,73.46686965330892,3.498626870020985,934.75,896.2999877929688,890.0999755859375,877.8499755859375,895.5999755859375,0.007145917642376265
2025-09-08,937.5999755859376,942.3499755859376,932.0,5467260.0,937.5999755859376,944.2999877929688,0.007145917642376265,920.6099853515625,891.9474914550781,65.61501231428633,6.645288317552968,937.5999755859376,934.75,896.2999877929688,889.3499755859375,894.5,0.004341879354119449
2025-09-09,944.2999877929688,949.6500244140624,935.6500244140624,5657331.0,944.0,948.4000244140624,0.004341879354119449,932.2699951171875,895.5099914550781,68.23577926320306,9.3619600275008,944.2999877929688,937.5999755859376,934.75,890.0999755859375,900.7999877929688,0.020613651718373927
2025-09-10,948.4000244140624,949.4000244140624,940.0,5417393.0,951.0499877929688,967.9500122070312,0.020613651718373927,946.6,900.0174926757812,80.48689775063659,12.943260706500268,948.4000244140624,944.2999877929688,937.5999755859376,896.2999877929688,876.25,0.0023761431519842002
2025-09-11,967.9500122070312,969.6500244140624,947.7000122070312,6836239.0,968.0,970.25,0.0023761431519842002,953.7,905.8799926757813,79.63479688538858,15.78509632502437,967.9500122070312,948.4000244140624,944.2999877929688,934.75,876.8499755859375,0.03401185261530526
2025-09-12,970.25,975.9000244140624,965.5999755859376,5982627.0,972.25,1003.25,0.03401185261530526,966.8300048828125,913.0424926757812,84.44726538484441,20.46419720762833,970.25,967.9500122070312,948.4000244140624,937.5999755859376,877.8499755859375,0.006578595151694566
2025-09-15,1003.25,1004.5999755859376,970.8499755859376,11412561.0,999.0,1009.8499755859376,0.006578595151694566,979.9400024414062,920.4624908447265,84.47676669127628,24.42344299193553,1003.25,970.25,967.9500122070312,944.2999877929688,889.3499755859375,-0.00653560008466425
2025-09-16,1009.8499755859376,1025.699951171875,998.0999755859376,9989753.0,1005.8499755859376,1003.25,-0.00653560008466425,990.9099975585938,925.364990234375,95.29245514654531,26.720592571167685,1009.8499755859376,1003.25,970.25,948.4000244140624,890.0999755859375,0.0042362322452031975
2025-09-17,1003.25,1015.2999877929688,1000.0,7602155.0,1010.0,1007.5,0.0042362322452031975,998.8199951171875,930.6249908447265,95.41190357589271,28.55487679909993,1003.25,1009.8499755859376,1003.25,967.9500122070312,896.2999877929688,-0.010918114143920632
2025-09-18,1007.5,1011.7999877929688,1000.3499755859376,6995023.0,1007.0,996.5,-0.010918114143920632,1004.0699951171875,936.0599914550781,88.56030004625734,28.78908949278923,1007.5,1003.25,1009.8499755859376,970.25,934.75,-0.004064212536847744
2025-09-19,996.5,1009.7999877929688,990.0,9738376.0,991.0,992.4500122070312,-0.004064212536847744,1001.9099975585938,940.9024932861328,85.21176994909978,28.321432725240243,996.5,1007.5,1003.25,1003.25,937.5999755859376,0.014156872003783905
2025-09-22,992.4500122070312,996.0,988.5999755859376,6736440.0,989.9500122070312,1006.5,0.014156872003783905,1001.2400024414062,946.5024932861328,86.44335003233292,28.753080349816287,992.4500122070312,996.5,1007.5,1009.8499755859376,944.2999877929688,0.018877297565822238
2025-09-23,1006.5,1010.9000244140624,989.0,4250045.0,999.0,1025.5,0.018877297565822238,1005.6900024414062,952.7374938964844,87.44929215115914,30.27926489499896,1006.5,992.4500122070312,996.5,1003.25,948.4000244140624,0.004144319843978561
2025-09-24,1025.5,1028.800048828125,999.0,10230040.0,1021.5,1029.75,0.004144319843978561,1010.1400024414063,960.4124938964844,84.34564364099829,31.468962018489606,1025.5,1006.5,992.4500122070312,1007.5,967.9500122070312,-0.016508861374119888
2025-09-25,1029.75,1036.0,1020.4000244140624,6433184.0,1020.0,1012.75,-0.016508861374119888,1013.3900024414063,967.2074951171875,74.64744128692332,30.686314898506566,1029.75,1025.5,1006.5,996.5,970.25,-0.02730192487194505
2025-09-26,1012.75,1031.0999755859375,1008.0,16731453.0,1008.0499877929688,985.0999755859376,-0.02730192487194505,1011.9199951171875,972.5699951171875,61.76470484708651,27.51772828544938,1012.75,1029.75,1025.5,992.4500122070312,1003.25,0.005938520724877661
2025-09-29,985.0999755859376,1010.5,981.0499877929688,9109737.0,990.0,990.9500122070312,0.005938520724877661,1008.8099975585938,977.6499969482422,62.146730428061645,25.18829464914768,985.0999755859376,1012.75,1029.75,1006.5,1009.8499755859376,0.00802261679105798
2025-09-30,990.9500122070312,997.7999877929688,981.0999755859376,5804877.0,990.0,998.9000244140624,0.00802261679105798,1003.4900024414062,983.0899993896485,59.46194268330045,23.710382720991902,990.9500122070312,985.0999755859376,1012.75,1025.5,1003.25,-0.011212345513356925
2025-10-01,998.9000244140624,1002.2999877929688,989.4500122070312,7182200.0,991.5,987.7000122070312,-0.011212345513356925,995.0800048828125,987.6600006103515,55.05944069927987,21.388822456252,998.9000244140624,990.9500122070312,985.0999755859376,1029.75,1007.5,0.0020755166220844945
2025-10-03,987.7000122070312,1000.0,977.75,6932272.0,975.0,989.75,0.0020755166220844945,990.4800048828125,990.4100006103515,45.229681978798574,19.489720734242383,987.7000122070312,998.9000244140624,990.9500122070312,1012.75,996.5,0.019348344949797758
2025-10-06,989.75,992.2000122070312,972.0,7692197.0,993.0,1008.9000244140624,0.019348344949797758,995.2400146484375,993.9750030517578,49.69167449828753,19.307352720294148,989.75,987.7000122070312,998.9000244140624,985.0999755859376,992.4500122070312,0.0075824791295344696
2025-10-07,1008.9000244140624,1023.0,992.0999755859376,9299635.0,1008.9000244140624,1016.5499877929688,0.0075824791295344696,1000.360009765625,997.5875030517578,54.28755146765709,19.554698474973407,1008.9000244140624,989.75,987.7000122070312,990.9500122070312,1006.5,0.00649258442806433
2025-10-08,1016.5499877929688,1029.5,1008.9000244140624,7991437.0,1012.0499877929688,1023.1500244140624,0.00649258442806433,1005.210009765625,1001.3250030517578,54.96983713370199,20.05214096508041,1016.5499877929688,1008.9000244140624,989.75,998.9000244140624,1025.5,0.0009284573612937663
2025-10-09,1023.1500244140624,1028.0,1012.0499877929688,4448915.0,1023.0,1024.0999755859375,0.0009284573612937663,1012.4900024414062,1004.1325012207031,59.3622696792798,20.289140263461036,1023.1500244140624,1016.5499877929688,1008.9000244140624,987.7000122070312,1029.75,-0.00024411679128966135
2025-10-10,1024.0999755859375,1029.0,1014.9500122070312,4444154.0,1018.0999755859376,1023.8499755859376,-0.00024411679128966135,1019.3099975585938,1006.8125,60.933132093050624,20.223665180842318,1024.0999755859375,1023.1500244140624,1016.5499877929688,989.75,1012.75,0.012599526025949048
2025-10-13,1023.8499755859376,1027.5,1017.0,3714548.0,1023.8499755859376,1036.75,0.012599526025949048,1024.8799926757813,1008.4875,60.61775515852855,20.970959696939758,1023.8499755859376,1024.0999755859375,1023.1500244140624,1008.9000244140624,985.0999755859376,-0.016976103772305406
2025-10-14,1036.75,1040.0,1021.5,7684523.0,1040.0,1019.1500244140624,-0.016976103772305406,1025.4,1008.9525024414063,47.74903460201019,19.913474901306586,1036.75,1023.8499755859376,1024.0999755859375,1016.5499877929688,990.9500122070312,0.03998429968485584
2025-10-15,1019.1500244140624,1042.0999755859375,1011.3499755859376,7668358.0,1026.0,1059.9000244140625,0.03998429968485584,1032.75,1011.7850036621094,58.49057057800331,22.1087392363371,1019.1500244140624,1036.75,1023.8499755859376,1023.1500244140624,998.9000244140624,0.005519365460125769
2025-10-16,1059.9000244140625,1063.0,1018.4000244140624,10205158.0,1062.0,1065.75,0.005519365460125769,1041.0800048828125,1014.6975036621094,65.92547843265854,24.043388955978912,1059.9000244140625,1019.1500244140624,1036.75,1024.0999755859375,987.7000122070312,0.004081609745191228
2025-10-17,1065.75,1081.0999755859375,1058.8499755859375,9901992.0,1056.0999755859375,1070.0999755859375,0.004081609745191228,1050.3300048828125,1018.3775024414062,79.69951589857332,25.632148025733613,1065.75,1059.9000244140625,1019.1500244140624,1023.8499755859376,989.75,0.010185986975744132
2025-10-20,1070.0999755859375,1076.449951171875,1056.0999755859375,5761670.0,1081.5,1081.0,0.010185986975744132,1059.1800048828125,1022.8050018310547,80.3914984989427,27.454315648734337,1070.0999755859375,1065.75,1059.9000244140625,1036.75,1008.9000244140624,0.005087881591119281
2025-10-21,1081.0,1086.5,1072.199951171875,5700858.0,1084.9000244140625,1086.5,0.005087881591119281,1072.65,1026.8050018310546,80.06177245818029,29.00781659953293,1081.0,1070.0999755859375,1065.75,1019.1500244140624,1016.5499877929688,0.007040979672399805
2025-10-23,1086.5,1089.0,1081.0,911624.0,1090.0,1094.1500244140625,0.007040979672399805,1079.5,1030.2375030517578,87.44285600808936,30.504631923365423,1086.5,1081.0,1070.0999755859375,1059.9000244140625,1023.1500244140624,-0.004021408687916228
2025-10-24,1094.1500244140625,1102.5,1083.9000244140625,11143407.0,1093.5,1089.75,-0.004021408687916228,1084.3,1033.2375030517578,84.60207612456747,30.978720250335982,1094.1500244140625,1086.5,1081.0,1065.75,1024.0999755859375,-0.004909360482622138
2025-10-27,1089.75,1098.5999755859375,1087.4000244140625,6440277.0,1090.949951171875,1084.4000244140625,-0.004909360482622138,1087.160009765625,1036.820004272461,78.88294881637519,30.570344445519368,1089.75,1094.1500244140625,1086.5,1070.0999755859375,1023.8499755859376,-0.010743290438745001
2025-10-28,1084.4000244140625,1094.0,1075.75,7366175.0,1078.0,1072.75,-0.010743290438745001,1085.510009765625,1041.2025054931642,70.86117561765805,28.972665221301668,1084.4000244140625,1089.75,1094.1500244140625,1081.0,1036.75,-0.009135445190515012
2025-10-29,1072.75,1092.4000244140625,1063.050048828125,12324341.0,1072.0,1062.949951171875,-0.009135445190515012,1080.8,1044.8025024414062,64.4307178069484,26.60897913944268,1072.75,1084.4000244140625,1089.75,1086.5,1019.1500244140624,-0.010019194536872389
2025-10-30,1062.949951171875,1079.1500244140625,1061.25,5386803.0,1063.0,1052.300048828125,-0.010019194536872389,1072.4300048828125,1047.4725036621094,59.5528719196056,23.60428724572739,1062.949951171875,1072.75,1084.4000244140625,1094.1500244140625,1059.9000244140625,-0.00902784335188378
2025-10-31,1052.300048828125,1066.800048828125,1045.0,4271927.0,1052.0,1042.800048828125,-0.00902784335188378,1063.0400146484376,1050.227505493164,56.04082760338228,20.22335442591384,1052.300048828125,1062.949951171875,1072.75,1089.75,1065.75,0.0002876167469971769
2025-11-03,1042.800048828125,1069.449951171875,1041.4000244140625,5315632.0,1037.0,1043.0999755859375,0.0002876167469971769,1054.7800048828126,1052.895004272461,52.2010332615438,17.367935639778125,1042.800048828125,1052.300048828125,1062.949951171875,1084.4000244140625,1070.0999755859375,0.013325687603678249
2025-11-04,1043.0999755859375,1048.0,1031.0,4135617.0,1040.0,1057.0,0.013325687603678249,1051.6300048828125,1055.3000030517578,63.464957420845366,16.04169283307533,1043.0999755859375,1042.800048828125,1052.300048828125,1072.75,1081.0,-0.014285691188209548
2025-11-06,1057.0,1060.4000244140625,1035.0,6202540.0,1037.0,1041.9000244140625,-0.014285691188209548,1047.42001953125,1056.5675048828125,42.16709517030363,13.61524593967988,1057.0,1043.0999755859375,1042.800048828125,1062.949951171875,1086.5,0.02370664228150443
2025-11-07,1041.9000244140625,1052.800048828125,1035.0,5776277.0,1039.0,1066.5999755859375,0.02370664228150443,1050.2800048828126,1058.7400024414062,50.31774817259435,13.52939053617547,1041.9000244140625,1057.0,1043.0999755859375,1052.300048828125,1094.1500244140625,0.017251101476872366
2025-11-10,1066.5999755859375,1076.9000244140625,1034.199951171875,6940923.0,1066.5999755859375,1085.0,0.017251101476872366,1058.7199951171874,1061.7850036621094,55.040606156212085,14.775752033284789,1066.5999755859375,1041.9000244140625,1057.0,1042.800048828125,1089.75,-0.07354837584605411
2025-11-11,1085.0,1088.0,1062.9000244140625,5692236.0,1043.699951171875,1005.2000122070312,-0.07354837584605411,1051.1400024414063,1060.852505493164,32.51037696762431,9.218050453138858,1085.0,1066.5999755859375,1041.9000244140625,1043.0999755859375,1084.4000244140625,0.00795861510430651
2025-11-12,1005.2000122070312,1043.699951171875,997.0,23762890.0,1011.0,1013.2000122070312,0.00795861510430651,1042.3800048828125,1059.6750061035157,33.28010389347132,5.396853483473251,1005.2000122070312,1085.0,1066.5999755859375,1057.0,1072.75,-0.007698369225221713
2025-11-13,1013.2000122070312,1018.4000244140624,1008.7999877929688,11131278.0,1012.5,1005.4000244140624,-0.007698369225221713,1035.0800048828125,1058.9875061035157,29.76976082327812,1.7193143416070598,1013.2000122070312,1005.2000122070312,1085.0,1041.9000244140625,1062.949951171875,0.013029615344968937
2025-11-14,1005.4000244140624,1019.4000244140624,1003.5,8503994.0,1004.9000244140624,1018.5,0.013029615344968937,1025.460009765625,1056.9175048828124,34.37841240477384,-0.1365295472062371,1005.4000244140624,1013.2000122070312,1005.2000122070312,1066.5999755859375,1052.300048828125,0.008149287018286655
2025-11-17,1018.5,1019.9000244140624,1002.5999755859376,4381122.0,1021.0,1026.800048828125,0.008149287018286655,1013.82001953125,1054.9700073242188,37.53246622851681,-0.9268702424978983,1018.5,1005.4000244140624,1013.2000122070312,1085.0,1042.800048828125,-0.012855544034354627
2025-11-18,1026.800048828125,1033.0,1017.0,6011603.0,1021.2000122070312,1013.5999755859376,-0.012855544034354627,1015.5000122070312,1052.1450073242188,37.2822956259918,-2.588517709781172,1026.800048828125,1018.5,1005.4000244140624,1005.2000122070312,1043.0999755859375,-0.007892660016467934
2025-11-19,1013.5999755859376,1024.0999755859375,1011.7000122070312,4562185.0,1009.0,1005.5999755859376,-0.007892660016467934,1013.9800048828125,1048.3750061035157,37.57312981040609,-4.499056121928561,1013.5999755859376,1026.800048828125,1018.5,1013.2000122070312,1057.0,0.022871917818612086
2025-11-20,1005.5999755859376,1016.0999755859376,1004.5999755859376,5158832.0,1015.0,1028.5999755859375,0.022871917818612086,1018.6199951171875,1045.4800048828124,45.125447218770006,-4.109887571651825,1005.5999755859376,1013.5999755859376,1026.800048828125,1005.4000244140624,1041.9000244140625,-0.023818783376932884
2025-11-21,1028.5999755859375,1031.699951171875,1007.2999877929688,5459073.0,1020.0,1004.0999755859376,-0.023818783376932884,1015.739990234375,1040.9775024414062,42.50289095256002,-5.7125630656323665,1028.5999755859375,1005.5999755859376,1013.5999755859376,1018.5,1066.5999755859375,-0.010058735017938636
2025-11-24,1004.0999755859376,1027.5999755859375,1001.5,6304584.0,1005.0,994.0,-0.010058735017938636,1009.17998046875,1036.1900024414062,40.83613827708181,-7.708816128277476,1004.0999755859376,1028.5999755859375,1005.5999755859376,1026.800048828125,1085.0,-0.007847070214254237
2025-11-25,994.0,1009.2999877929688,990.0,9574900.0,995.0,986.2000122070312,-0.007847070214254237,1003.6999877929687,1031.2800018310547,36.478229355580154,-9.807203552543797,994.0,1004.0999755859376,1028.5999755859375,1013.5999755859376,1005.2000122070312,0.024842830761248047
2025-11-26,986.2000122070312,996.9000244140624,984.5,6376983.0,986.2000122070312,1010.7000122070312,0.024842830761248047,1004.7199951171875,1028.1775024414062,44.24778561897455,-9.385060325942845,986.2000122070312,994.0,1004.0999755859376,1005.5999755859376,1013.2000122070312,0.022855482677447414
2025-11-27,1010.7000122070312,1012.7999877929688,981.2999877929688,9772235.0,1015.5999755859376,1033.800048828125,0.022855482677447414,1005.760009765625,1026.7200073242188,43.916929733528214,-7.104631112239986,1010.7000122070312,986.2000122070312,994.0,1028.5999755859375,1005.4000244140624,0.0035789814249564955
2025-11-28,1033.800048828125,1044.9000244140625,1010.9000244140624,12076038.0,1038.0,1037.5,0.0035789814249564955,1012.4400146484375,1025.9800048828124,40.68262152795237,-4.941852790217922,1033.800048828125,1010.7000122070312,986.2000122070312,1004.0999755859376,1018.5,-0.01580725244728909
2025-12-01,1037.5,1043.5,1031.0,4983147.0,1041.9000244140625,1021.0999755859376,-0.01580725244728909,1017.860009765625,1024.895001220703,54.151425146540134,-4.499314994995075,1037.5,1033.800048828125,1010.7000122070312,994.0,1026.800048828125,0.004309102457413561
2025-12-02,1021.0999755859376,1042.0,1018.7999877929688,6459837.0,1014.5,1025.5,0.004309102457413561,1025.7200073242188,1024.0150024414063,53.273012825822505,-3.7503240056502136,1021.0999755859376,1037.5,1033.800048828125,986.2000122070312,1013.5999755859376,-0.003998025924853876
2025-12-03,1025.5,1036.0,1013.9000244140624,6706145.0,1021.0,1021.4000244140624,-0.003998025924853876,1027.860009765625,1022.2350036621094,54.34310359338541,-3.4478325478550005,1025.5,1021.0999755859376,1037.5,1010.7000122070312,1005.5999755859376,0.007538624425128981
2025-12-04,1021.4000244140624,1026.300048828125,1014.2000122070312,5895670.0,1018.0,1029.0999755859375,0.007538624425128981,1026.9199951171875,1021.5950012207031,52.964198179869335,-2.5573051578334116,1021.4000244140624,1025.5,1021.0999755859376,1033.800048828125,1028.5999755859375,0.01836558630107965
2025-12-05,1029.0999755859375,1032.300048828125,1016.0,5404918.0,1028.9000244140625,1048.0,0.01836558630107965,1029.0199951171876,1020.6650024414063,55.596607296503855,-0.32276117925493963,1029.0999755859375,1021.4000244140624,1025.5,1037.5,1004.0999755859376,-0.02061066372703957
2025-12-08,1048.0,1061.0,1026.5,13123572.0,1048.0,1026.4000244140625,-0.02061066372703957,1030.0800048828125,1017.7350036621094,53.23560504746732,-0.2914468703665989,1048.0,1029.0999755859375,1021.4000244140624,1021.0999755859376,994.0,-0.009450518293360965
2025-12-09,1026.4000244140625,1049.800048828125,1023.0,5189635.0,1025.0,1016.7000122070312,-0.009450518293360965,1028.3200073242188,1018.3100036621094,52.78196491655311,-1.0373816833896399,1026.4000244140625,1048.0,1029.0999755859375,1025.5,986.2000122070312,-0.0062948995153147
2025-12-10,1016.7000122070312,1026.0,1013.7000122070312,5968501.0,1016.0,1010.2999877929688,-0.0062948995153147,1026.1,1018.1650024414063,44.99726860112666,-2.120524790060699,1016.7000122070312,1026.4000244140625,1048.0,1021.4000244140624,1010.7000122070312,-0.0038602033317113316
2025-12-11,1010.2999877929688,1021.7000122070312,1007.2999877929688,4990527.0,1011.9000244140624,1006.4000244140624,-0.0038602033317113316,1021.560009765625,1018.2150024414062,50.708579749255506,-3.256083849273409,1010.2999877929688,1016.7000122070312,1026.4000244140625,1029.0999755859375,1033.800048828125,0.01083064697385372
2025-12-12,1006.4000244140624,1020.5,1000.0999755859376,4670539.0,1000.0,1017.2999877929688,0.01083064697385372,1015.4200073242188,1018.1550018310547,57.14285714285714,-3.2391477560454405,1006.4000244140624,1010.2999877929688,1016.7000122070312,1048.0,1037.5,-0.004521749376914075
2025-12-15,1017.2999877929688,1020.7999877929688,1000.0,4381711.0,1015.0,1012.7000122070312,-0.004521749376914075,1012.6800048828125,1017.45,58.28643407893731,-3.5559149917845616,1017.2999877929688,1006.4000244140624,1010.2999877929688,1026.4000244140625,1021.0999755859376,-0.014120655298309082
2025-12-16,1012.7000122070312,1016.5,1008.0,3958977.0,1007.5,998.4000244140624,-0.014120655298309082,1009.0200073242188,1016.6900024414062,45.89178462932223,-4.90431096917564,1012.7000122070312,1017.2999877929688,1006.4000244140624,1016.7000122070312,1025.5,0.0012018741411583544
2025-12-17,998.4000244140624,1010.5999755859376,996.5,3861617.0,1000.0,999.5999755859376,0.0012018741411583544,1006.8800048828125,1016.3900024414063,36.61966920614069,-5.809134379697866,998.4000244140624,1012.7000122070312,1017.2999877929688,1010.2999877929688,1021.4000244140624,0.0007002923410646122
2025-12-18,999.5999755859376,1011.2000122070312,995.2999877929688,4695550.0,1002.0999755859376,1000.2999877929688,0.0007002923410646122,1005.6599975585938,1014.9750030517578,35.09613291984584,-6.395999218951374,999.5999755859376,998.4000244140624,1012.7000122070312,1006.4000244140624,1029.0999755859375,0.007997600817381656
2025-12-19,1000.2999877929688,1009.7000122070312,995.0,3103997.0,1003.2000122070312,1008.2999877929688,0.007997600817381656,1003.8599975585937,1015.1850036621094,44.501715960662665,-6.144728090515173,1000.2999877929688,999.5999755859376,998.4000244140624,1017.2999877929688,1048.0,-0.0004958841674633785
2025-12-22,1008.2999877929688,1014.0,1002.5,5126009.0,1008.2999877929688,1007.7999877929688,-0.0004958841674633785,1002.8799926757813,1015.8750030517579,42.133315104137054,-5.91772389483981,1008.2999877929688,1000.2999877929688,999.5999755859376,1012.7000122070312,1026.4000244140625,0.003572173709763149
2025-12-23,1007.7999877929688,1015.4000244140624,1005.0,3921237.0,1013.5,1011.4000244140624,0.003572173709763149,1005.4799926757812,1017.1350036621094,45.535709420023714,-5.385250747316491,1007.7999877929688,1008.2999877929688,1000.2999877929688,998.4000244140624,1016.7000122070312,0.00029660647194740264
2025-12-24,1011.4000244140624,1018.0,1005.7000122070312,4712043.0,1011.0,1011.7000122070312,0.00029660647194740264,1007.9,1017.1850036621094,41.682611093119576,-4.882769901842721,1011.4000244140624,1007.7999877929688,1008.2999877929688,999.5999755859376,1010.2999877929688,-0.011564705017159782
2025-12-26,1011.7000122070312,1037.4000244140625,1006.0,5984816.0,1011.7000122070312,1000.0,-0.011564705017159782,1007.8400024414062,1015.4950012207031,25.359318210302163,-5.366778533421666,1011.7000122070312,1011.4000244140624,1007.7999877929688,1000.2999877929688,1006.4000244140624,-0.0020000000000000018
2025-12-29,1000.0,1011.7000122070312,998.0,5211460.0,1003.0,998.0,-0.0020000000000000018,1005.7800048828125,1013.5200012207031,31.748039106469676,-5.8443718654742725,1000.0,1011.7000122070312,1011.4000244140624,1008.2999877929688,1017.2999877929688,-0.008717447101233677
2025-12-30,998.0,1003.9000244140624,989.5999755859376,6715489.0,994.0999755859376,989.2999877929688,-0.008717447101233677,1002.0800048828125,1011.9300018310547,32.161425426571085,-6.845970214902991,998.0,1000.0,1011.7000122070312,1007.7999877929688,1012.7000122070312,-0.0025270393519131185
2025-12-31,989.2999877929688,997.5999755859376,987.0999755859376,7473887.0,990.0,986.7999877929688,-0.0025270393519131185,997.1599975585938,1009.9950012207031,33.882008586795735,-7.752111711293992,989.2999877929688,998.0,1000.0,1011.4000244140624,998.4000244140624,-0.013883271561111354
2026-01-01,986.7999877929688,994.2000122070312,978.4000244140624,9895270.0,988.2000122070312,973.0999755859376,-0.013883271561111354,989.439990234375,1007.5799987792968,29.866947709003284,-9.46658694337168,986.7999877929688,989.2999877929688,998.0,1011.7000122070312,999.5999755859376,0.017829654769692782
2026-01-02,973.0999755859376,989.0,969.0,7118751.0,972.9000244140624,990.4500122070312,0.017829654769692782,987.5299926757813,1005.6475006103516,34.94112830455816,-9.31790693099913,973.0999755859376,986.7999877929688,989.2999877929688,1000.0,1000.2999877929688,-0.011812824537161593
2026-01-05,990.4500122070312,994.2000122070312,960.5999755859376,6206869.0,979.7000122070312,978.75,-0.011812824537161593,983.6799926757812,1002.1850006103516,32.36364120609197,-10.02856707535932,990.4500122070312,973.0999755859376,986.7999877929688,998.0,1008.2999877929688,-0.001430420857279624
2026-01-06,978.75,999.1500244140624,975.0,10564157.0,978.0,977.3499755859376,-0.001430420857279624,981.289990234375,999.7324981689453,37.37251099876403,-10.582749283311955,978.75,990.4500122070312,973.0999755859376,989.2999877929688,1007.7999877929688,-0.00874813322407153
2026-01-07,977.3499755859376,987.0,973.2999877929688,8380183.0,973.0499877929688,968.7999877929688,-0.00874813322407153,977.689990234375,997.3374969482422,33.0209800468495,-11.578386799713371,977.3499755859376,978.75,990.4500122070312,986.7999877929688,1011.4000244140624,0.00325147032798645
2026-01-08,968.7999877929688,976.4500122070312,965.0499877929688,7048491.0,968.5,971.9500122070312,0.00325147032798645,977.4599975585937,995.4199981689453,34.78264573062533,-11.97521325617413,968.7999877929688,977.3499755859376,978.75,973.0999755859376,1011.7000122070312,-0.012706452457416084
2026-01-09,971.9500122070312,978.3499755859376,965.2999877929688,4410256.0,970.0999755859376,959.5999755859376,-0.012706452457416084,971.289990234375,993.0799957275391,25.02568166751486,-13.1348356148427,971.9500122070312,968.7999877929688,977.3499755859376,990.4500122070312,1000.0,-0.00802412606062608
2026-01-12,959.5999755859376,983.0,953.7000122070312,7598970.0,958.7999877929688,951.9000244140624,-0.00802412606062608,965.9199951171875,989.8099975585938,23.304731763365695,-14.507928033608891,959.5999755859376,971.9500122070312,968.7999877929688,978.75,998.0,-0.0030465640715237052
2026-01-13,951.9000244140624,961.4000244140624,939.8499755859376,5640136.0,950.0,949.0,-0.0030465640715237052,960.25,986.6249969482421,20.000023475032563,-15.649721157882482,951.9000244140624,959.5999755859376,971.9500122070312,977.3499755859376,989.2999877929688,-0.003213896515246284
2026-01-14,949.0,955.8499755859376,939.0,6765116.0,947.0,945.9500122070312,-0.003213896515246284,955.6800048828125,984.0024963378906,19.203782288561243,-16.609247889354947,949.0,951.9000244140624,959.5999755859376,968.7999877929688,986.7999877929688,0.0
2026-01-15,945.9500122070312,953.9000244140624,943.1500244140624,4452202.0,945.9500122070312,945.9500122070312,0.0,950.4800048828125,981.3199981689453,21.567635286948317,-17.171734668835143,945.9500122070312,949.0,951.9000244140624,971.9500122070312,973.0999755859376,0.004545681840984583
2026-01-16,945.9500122070312,945.9500122070312,945.9500122070312,0.0,940.2000122070312,950.25,0.004545681840984583,948.610009765625,978.8174987792969,25.475114483906992,-17.07372118586818,945.9500122070312,945.9500122070312,949.0,959.5999755859376,990.4500122070312,0.020205222001611345
2026-01-19,950.25,963.0,936.7999877929688,10710080.0,950.5,969.4500122070312,0.020205222001611345,952.1200073242187,976.875,40.79742345287194,-15.27073276889871,950.25,945.9500122070312,945.9500122070312,951.9000244140624,978.75,-0.0373923353897061
2026-01-20,969.4500122070312,972.9000244140624,948.8499755859376,7000442.0,975.7000122070312,933.2000122070312,-0.0373923353897061,948.960009765625,973.1450012207031,31.073468001393096,-16.575847453393862,969.4500122070312,950.25,945.9500122070312,949.0,977.3499755859376,0.0032683109227094054
2026-01-21,933.2000122070312,975.7000122070312,927.9000244140624,9001207.0,925.0,936.25,0.0032683109227094054,947.0200073242188,969.3875,35.929761368752764,-17.166170787352485,933.2000122070312,969.4500122070312,950.25,945.9500122070312,968.7999877929688,0.00704937312249676
2026-01-22,936.25,947.2999877929688,921.0,5375254.0,947.0,942.8499755859376,0.00704937312249676,946.4,965.9449981689453,30.19965399874178,-16.906555167075908,936.25,933.2000122070312,969.4500122070312,945.9500122070312,971.9500122070312,-0.015909211845371418
2026-01-23,942.8499755859376,947.0,934.25,5518756.0,942.8499755859376,927.8499755859376,-0.015909211845371418,941.9199951171875,962.3374969482422,29.392702666371534,-17.707066516807117,942.8499755859376,936.25,933.2000122070312,950.25,959.5999755859376,-0.014172510346408318
2026-01-27,927.8499755859376,951.4000244140624,926.2999877929688,6535035.0,930.0,914.7000122070312,-0.014172510346408318,930.9699951171875,958.1724975585937,26.839189777678513,-19.181457769565668,927.8499755859376,942.8499755859376,936.25,969.4500122070312,951.9000244140624,0.022357070005594837
2026-01-28,914.7000122070312,931.9500122070312,907.7000122070312,15312488.0,914.7000122070312,935.1500244140624,0.022357070005594837,931.3599975585937,955.4649993896485,38.56609862271634,-18.486675495017153,914.7000122070312,927.8499755859376,942.8499755859376,933.2000122070312,949.0,0.0
2026-01-29,935.1500244140624,936.9000244140624,914.7000122070312,6046468.0,935.1500244140624,935.1500244140624,0.0,931.1400024414063,952.8825012207031,37.222221044846,-17.731656043504586,935.1500244140624,914.7000122070312,927.8499755859376,936.25,945.9500122070312,-0.00566759203310252
2026-01-30,935.1500244140624,939.7999877929688,923.7000122070312,6430445.0,928.3499755859376,929.8499755859376,-0.00566759203310252,928.5400024414063,950.7200012207031,39.13836779588803,-17.360842350762482,935.1500244140624,935.1500244140624,914.7000122070312,942.8499755859376,945.9500122070312,-0.028122776862394616
2026-02-02,929.8499755859376,938.0,925.1500244140624,10151379.0,887.0,903.7000122070312,-0.028122776862394616,923.710009765625,946.3825012207031,34.49162690936201,-18.95851140974321,929.8499755859376,935.1500244140624,935.1500244140624,927.8499755859376,950.25,0.06716832066737344
2026-02-03,903.7000122070312,909.4000244140624,887.0,11874989.0,960.0,964.4000244140624,0.06716832066737344,933.6500122070313,945.6650024414063,53.611638822948734,-15.1520287994407,903.7000122070312,929.8499755859376,935.1500244140624,914.7000122070312,969.4500122070312,-0.001140643501914007
2026-02-04,964.4000244140624,972.7999877929688,941.9000244140624,15261370.0,965.0,963.2999877929688,-0.001140643501914007,939.2800048828125,944.9625030517578,54.106503097263314,-12.084821370266013,964.4000244140624,903.7000122070312,929.8499755859376,935.1500244140624,933.2000122070312,0.0015052550871026416
2026-02-05,963.2999877929688,975.7000122070312,944.1500244140624,17489015.0,964.0,964.75,0.0015052550871026416,945.2,944.7600036621094,54.41936688152839,-9.428349375106677,963.2999877929688,964.4000244140624,903.7000122070312,935.1500244140624,936.25,0.01756933112934056
2026-02-06,964.75,968.5,953.0,6020258.0,973.9500122070312,981.7000122070312,0.01756933112934056,955.5700073242188,945.2475036621094,56.97803574354676,-5.887484594576449,964.75,963.2999877929688,964.4000244140624,929.8499755859376,942.8499755859376,0.0014770420586744937
2026-02-09,981.7000122070312,986.5,966.0999755859376,13742927.0,988.0,983.1500244140624,0.0014770420586744937,971.460009765625,946.4250061035157,53.29961700152204,-2.930538455485248,981.7000122070312,964.75,963.2999877929688,903.7000122070312,927.8499755859376,-0.017850834961413153
2026-02-10,983.1500244140624,988.0,971.5999755859376,4852548.0,983.1500244140624,965.5999755859376,-0.017850834961413153,971.7,947.1100036621094,58.57595254704541,-1.9804502079509803,983.1500244140624,981.7000122070312,964.75,964.4000244140624,914.7000122070312,0.0034693834981311955
2026-02-11,965.5999755859376,985.1500244140624,961.2999877929688,6166752.0,965.2999877929688,968.9500122070312,0.0034693834981311955,972.8300048828125,948.1075042724609,58.6416461415131,-0.946270452126555,965.5999755859376,983.1500244140624,981.7000122070312,963.2999877929688,935.1500244140624,0.03111611847780682
2026-02-12,968.9500122070312,974.5,961.4000244140624,3597342.0,968.2999877929688,999.0999755859376,0.03111611847780682,979.7,950.7650024414063,63.21973389547808,2.2798933349663457,968.9500122070312,965.5999755859376,983.1500244140624,964.75,935.1500244140624,0.025673130858620663
2026-02-13,999.0999755859376,1002.0,965.0,10346853.0,995.0,1024.75,0.025673130858620663,988.3099975585938,954.7050018310547,71.68754719702928,6.8276886389675155,999.0999755859376,968.9500122070312,965.5999755859376,981.7000122070312,929.8499755859376,-0.011710173212978736
2026-02-16,1024.75,1032.0,992.7999877929688,21613987.0,1023.0499877929688,1012.75,-0.011710173212978736,994.2299926757812,957.8300018310547,72.0584717688263,9.355702753054288,1024.75,999.0999755859376,968.9500122070312,983.1500244140624,903.7000122070312,0.0013823988289927147
2026-02-17,1012.75,1029.300048828125,1003.2999877929688,4460636.0,1012.75,1014.1500244140624,0.0013823988289927147,1003.9400024414062,960.0650024414062,69.43895769354623,11.341405755776236,1012.75,1024.75,999.0999755859376,965.5999755859376,964.4000244140624,0.00951532134950317
2026-02-18,1014.1500244140624,1016.3499755859376,1004.0,2913899.0,1014.5499877929688,1023.7999877929688,0.00951532134950317,1014.9099975585938,964.5950012207031,70.82450018452485,13.537706830803927,1014.1500244140624,1012.75,1024.75,968.9500122070312,963.2999877929688,-0.006593084665444393
2026-02-19,1023.7999877929688,1025.699951171875,1007.0499877929688,4929647.0,1024.0,1017.0499877929688,-0.006593084665444393,1018.5,968.6350006103515,70.34530273051728,14.565718136528858,1023.7999877929688,1014.1500244140624,1012.75,999.0999755859376,964.75,0.01292951530085773
2026-02-20,1017.0499877929688,1024.5,1007.0,9866245.0,1015.9000244140624,1030.199951171875,0.01292951530085773,1019.589990234375,973.0024993896484,81.42073271861607,16.254148937490754,1017.0499877929688,1023.7999877929688,1014.1500244140624,1024.75,981.7000122070312,0.000776595676611036
2026-02-23,1030.199951171875,1036.5999755859375,1008.75,6922705.0,1032.449951171875,1031.0,0.000776595676611036,1023.239990234375,978.1600006103515,73.5501791341133,17.455582674533616,1030.199951171875,1017.0499877929688,1023.7999877929688,1012.75,983.1500244140624,-0.007226006020398912
2026-02-24,1031.0,1046.0,1029.050048828125,9452225.0,1026.300048828125,1023.5499877929688,-0.007226006020398912,1025.1199829101563,983.6024993896484,70.38915405136787,17.603649925792297,1031.0,1030.199951171875,1017.0499877929688,1014.1500244140624,965.5999755859376,-0.002442479634424677
2026-02-25,1023.5499877929688,1028.75,1010.2999877929688,6610984.0,1028.0,1021.0499877929688,-0.002442479634424677,1024.5699829101563,987.8974975585937,68.91799268317,17.319615436883396,1023.5499877929688,1031.0,1030.199951171875,1023.7999877929688,968.9500122070312,-0.007932986320724478
2026-02-26,1021.0499877929688,1034.0,1013.4000244140624,3182612.0,1020.75,1012.9500122070312,-0.007932986320724478,1023.7499877929688,991.7874969482422,61.16469583617906,16.253554859664746,1021.0499877929688,1023.5499877929688,1031.0,1017.0499877929688,999.0999755859376,-0.016832013018905134
2026-02-27,1012.9500122070312,1031.199951171875,1006.0499877929688,4336261.0,1008.9500122070312,995.9000244140624,-0.016832013018905134,1016.8900024414063,995.0899993896485,54.09835936923688,13.872983530955594,1012.9500122070312,1021.0499877929688,1023.5499877929688,1030.199951171875,1024.75,-0.01772268699807167
2026-03-02,995.9000244140624,1014.9000244140624,993.0999755859376,8145772.0,971.0,978.25,-0.01772268699807167,1006.3400024414062,998.8174987792969,54.06361144551144,10.441787710122071,995.9000244140624,1012.9500122070312,1021.0499877929688,1031.0,1012.75,-0.033887068146243204
2026-03-04,978.25,990.4000244140624,968.0,8493269.0,967.0,945.0999755859376,-0.033887068146243204,990.65,997.8524963378907,43.56968588536189,4.990087752391332,978.25,995.9000244140624,1012.9500122070312,1023.5499877929688,1014.1500244140624,0.018304993413420734
2026-03-05,945.0999755859376,967.0,941.2999877929688,8964293.0,958.0,962.4000244140624,0.018304993413420734,978.9200073242188,997.8074981689454,39.36850219952748,2.042006635018083,945.0999755859376,978.25,995.9000244140624,1021.0499877929688,1023.7999877929688,-0.012676654091378303
2026-03-06,962.4000244140624,968.25,945.9000244140624,6181254.0,960.0,950.2000122070312,-0.012676654091378303,966.3700073242187,997.0799987792968,26.578715750436643,-1.2642346060491718,962.4000244140624,945.0999755859376,978.25,1012.9500122070312,1017.0499877929688,-0.012786807259496435
2026-03-09,950.2000122070312,961.5,946.5999755859376,6560051.0,921.7999877929688,938.0499877929688,-0.012786807259496435,954.8,994.8974975585937,26.553684654975285,-4.809420037567747,950.2000122070312,962.4000244140624,945.0999755859376,995.9000244140624,1030.199951171875,0.0018655722219211857
2026-03-10,938.0499877929688,941.0999755859376,909.0499877929688,9182152.0,950.0,939.7999877929688,0.0018655722219211857,947.1099975585937,992.7299957275391,26.71468937461266,-7.392577625936269,938.0499877929688,950.2000122070312,962.4000244140624,978.25,1031.0,-0.04910615447791722
2026-03-11,939.7999877929688,952.1500244140624,931.8499755859376,8474956.0,932.2000122070312,893.6500244140625,-0.04910615447791722,936.8200073242188,989.1324981689453,16.82388307890872,-13.013651702594416,939.7999877929688,938.0499877929688,950.2000122070312,945.0999755859376,1023.5499877929688,-0.03418569685392858
2026-03-12,893.6500244140625,941.25,890.0,11172537.0,880.0999755859375,863.0999755859375,-0.03418569685392858,916.9599975585937,983.8399963378906,15.003428455990388,-19.706364327831125,893.6500244140625,939.7999877929688,938.0499877929688,962.4000244140624,1021.0499877929688,-0.009326831213850806
2026-03-13,863.0999755859375,888.2000122070312,858.3499755859375,15508258.0,861.0,855.0499877929688,-0.009326831213850806,897.9299926757812,976.6374969482422,9.239042585377348,-25.367532911397802,863.0999755859375,893.6500244140625,939.7999877929688,950.2000122070312,1012.9500122070312,0.027016007193589875
2026-03-16,855.0499877929688,868.3499755859375,848.7999877929688,6668639.0,850.0999755859375,878.1500244140625,0.027016007193589875,885.95,969.3074981689454,17.773586090530088,-27.671094744573224,855.0499877929688,863.0999755859375,893.6500244140625,938.0499877929688,995.9000244140624,-0.010875190528517265
2026-03-17,878.1500244140625,881.9000244140625,850.0999755859375,8982957.0,878.1500244140625,868.5999755859375,-0.010875190528517265,871.7099975585937,962.0999969482422,17.617577091106156,-29.922366802500505,878.1500244140625,855.0499877929688,863.0999755859375,939.7999877929688,978.25,0.013239696434762527
2026-03-18,868.5999755859375,881.0499877929688,859.5499877929688,7941385.0,876.0999755859375,880.0999755859375,0.013239696434762527,868.9999877929688,955.397494506836,21.61129743313238,-30.427809391446317,868.5999755859375,878.1500244140625,855.0499877929688,893.6500244140625,945.0999755859376,-0.05442559335036479
2026-03-19,880.0999755859375,893.9500122070312,858.2000122070312,12375517.0,868.2000122070312,832.2000122070312,-0.05442559335036479,862.8199951171875,945.817495727539,18.625257288298883,-34.298135456983914,880.0999755859375,868.5999755859375,878.1500244140625,863.0999755859375,962.4000244140624,-0.001982725774885008
2026-03-20,832.2000122070312,869.9000244140625,826.7000122070312,11585591.0,836.7000122070312,830.5499877929688,-0.001982725774885008,857.9199951171875,936.4924957275391,19.677258248694145,-37.07120614014252,832.2000122070312,880.0999755859375,868.5999755859375,855.0499877929688,950.2000122070312,-0.021612199712060742
2026-03-23,830.5499877929688,841.9500122070312,819.25,14881843.0,818.0999755859375,812.5999755859375,-0.021612199712060742,844.8099853515625,925.6124969482422,19.655631822426344,-40.25328578431606,830.5499877929688,832.2000122070312,880.0999755859375,878.1500244140625,938.0499877929688,0.044794518222592394
2026-03-24,812.5999755859375,818.7999877929688,787.9000244140625,15835828.0,830.0,849.0,0.044794518222592394,840.889990234375,916.5124969482422,32.60320281866424,-39.38393557182803,812.5999755859375,830.5499877929688,832.2000122070312,868.5999755859375,939.7999877929688,0.039752650176678506
2026-03-25,849.0,854.0,817.5999755859375,18828248.0,862.0499877929688,882.75,0.039752650176678506,841.4199951171875,909.4724975585938,36.39159669473887,-35.5616932620801,849.0,812.5999755859375,830.5499877929688,880.0999755859375,893.6500244140625,-0.04412349159675022
