Date,Yesterday Close,Yesterday High,Yesterday Low,Yesterday Volume,Today Open,Today Close,Return,MA_5,MA_20,RSI,MACD,lag_1,lag_2,lag_3,lag_5,lag_10,Target
2020-01-29,227.7282257080078,232.28477749578772,226.9357950619989,2161711.0,229.5112069911456,230.1055450439453,0.010439282739530542,228.2433074951172,216.11150054931642,85.8408052798322,3.670374480997765,227.7282257080078,228.3720703125,227.5796356201172,223.7659912109375,214.55386352539065,-0.0034437879027707785
2020-01-30,230.1055450439453,236.09839580353864,228.81782267264225,3738186.0,230.10555608844945,229.3131103515625,-0.0034437879027707785,228.61971740722657,217.11691360473634,83.3334479490886,3.6889654537425827,230.1055450439453,227.7282257080078,228.3720703125,227.4310607910156,217.92173767089844,-0.008855380767864962
2020-01-31,229.3131103515625,230.5513020921217,226.0442811335572,2192123.0,228.81781610781505,227.28245544433597,-0.008855380767864962,228.5602813720703,218.16442337036133,75.44145951153132,3.5231946238061482,229.3131103515625,230.1055450439453,227.7282257080078,227.5796356201172,226.2423553466797,-0.037262986295636735
2020-02-03,227.28245544433597,232.33428340426224,225.00417979349385,2720308.0,219.60567813730825,218.813232421875,-0.037262986295636735,226.6485137939453,219.22183837890626,58.40825561625448,2.77748167408339,227.28245544433597,229.3131103515625,230.1055450439453,228.3720703125,224.4098663330078,0.020597561642337725
2020-02-04,218.813232421875,222.52780754298865,213.5633116757503,2720614.0,220.5466990404255,223.32025146484372,0.020597561642337725,225.7669189453125,220.28173065185547,60.727286714247676,2.475363304151159,218.813232421875,227.28245544433597,229.3131103515625,227.7282257080078,222.131591796875,0.04790408483035402
2020-02-05,223.32025146484372,225.0041891499619,219.9523760946075,2028088.0,224.6079479237713,234.0182037353516,0.04790408483035402,226.54945068359376,222.00281524658203,66.70093724273323,2.95488678342042,223.32025146484372,218.813232421875,227.28245544433597,230.1055450439453,223.7659912109375,0.0010583168374094232
2020-02-06,234.0182037353516,237.0393941504191,220.44762732473808,8985919.0,235.15736111686672,234.265869140625,0.0010583168374094232,227.54000244140624,223.41435317993165,60.000053249533785,3.3109327976953296,234.0182037353516,223.32025146484372,218.813232421875,229.3131103515625,227.4310607910156,0.012684942884864103
2020-02-07,234.265869140625,241.2988040274911,231.8885471275505,8852675.0,234.16679699636904,237.23751831054688,0.012684942884864103,229.53101501464843,224.91999359130858,65.54621351460008,3.7602906922470822,234.265869140625,234.0182037353516,223.32025146484372,227.28245544433597,227.5796356201172,0.020876858277400823
2020-02-10,237.23751831054688,239.8624785424469,233.02766673301107,5052443.0,237.23752564350275,242.19029235839844,0.020876858277400823,234.20642700195313,226.45039825439454,72.82977135269357,4.420987223025151,237.23751831054688,234.265869140625,234.0182037353516,218.813232421875,228.3720703125,0.0032719506825242828
2020-02-11,242.19029235839844,242.83414598547705,235.3059496476224,5588211.0,242.88366567511213,242.98272705078125,0.0032719506825242828,238.13892211914063,227.98328018188477,72.2988621345636,4.942195042773022,242.19029235839844,237.23751831054688,234.265869140625,223.32025146484372,227.7282257080078,0.017937196639361108
2020-02-12,242.98272705078125,246.2515559574928,241.3483050401036,3533751.0,243.5770504426447,247.34115600585935,0.017937196639361108,240.8035125732422,229.6226448059082,72.73755072623376,5.6082741388694615,242.98272705078125,242.19029235839844,237.23751831054688,234.0182037353516,230.1055450439453,0.007008497971899619
2020-02-13,247.34115600585935,249.02509359305853,242.6855585184345,4490312.0,247.4402389543345,249.07464599609372,0.007008497971899619,243.76526794433593,231.18029022216797,73.68996899965792,6.190306282234417,247.34115600585935,242.98272705078125,242.19029235839844,234.265869140625,229.3131103515625,0.01869149946861426
2020-02-14,249.07464599609372,250.362368421388,245.90487818243156,2563148.0,250.11471106947585,253.730224609375,0.01869149946861426,247.06380920410157,232.55468368530273,75.75453265095612,6.916162073772739,249.07464599609372,247.34115600585935,242.98272705078125,237.23751831054688,227.28245544433597,-0.01424942195502843
2020-02-17,253.730224609375,256.1570923134475,249.17368844679672,4968325.0,254.47314417797813,250.11471557617188,-0.01424942195502843,248.64869384765626,233.83992614746094,71.44212171514641,7.135871879207201,253.730224609375,249.07464599609372,247.34115600585935,242.19029235839844,218.813232421875,-0.012079174119199898
2020-02-18,250.11471557617188,254.9684208424854,249.27273920065176,2411524.0,249.27275077907825,247.09353637695312,-0.012079174119199898,249.47085571289062,235.08802337646483,66.0731120328356,7.000354574110219,250.11471557617188,253.730224609375,249.07464599609372,242.98272705078125,223.32025146484372,0.018240071554538995
2020-02-19,247.09353637695312,249.27275077907825,242.93321522477888,2430446.0,247.63832693024884,251.6005401611328,0.018240071554538995,250.3227325439453,236.4797508239746,69.70227042373743,7.151016118090894,247.09353637695312,250.11471557617188,253.730224609375,247.34115600585935,234.0182037353516,0.018307050691638294
2020-02-20,251.6005401611328,253.08637012271436,247.53926555361917,2101729.0,250.8080915628056,256.20660400390625,0.018307050691638294,251.7491241455078,237.91852798461915,74.4556299968907,7.532907240104038,251.6005401611328,247.09353637695312,250.11471557617188,249.07464599609372,234.265869140625,-0.04407490645447998
2020-02-24,256.20660400390625,258.53441029572144,250.2632842269931,3108173.0,252.39300290147585,244.9143218994141,-0.04407490645447998,249.98594360351564,238.78526229858397,71.06318434437532,6.892109331381732,256.20660400390625,251.6005401611328,247.09353637695312,253.730224609375,237.23751831054688,-0.0032356834170214066
2020-02-25,244.9143218994141,253.4330869678604,241.7940848149054,3309214.0,247.4402162757305,244.12185668945312,-0.0032356834170214066,248.78737182617186,239.57275161743163,67.85714847096365,6.251363224373478,244.9143218994141,256.20660400390625,251.6005401611328,250.11471557617188,242.19029235839844,-0.014810138529399719
2020-02-26,244.12185668945312,249.3717921793148,240.11011281915108,3309962.0,241.6950392784981,240.50637817382807,-0.014810138529399719,247.46994018554688,240.21165924072267,56.340813605201056,5.402873634275693,244.12185668945312,244.9143218994141,256.20660400390625,247.09353637695312,242.98272705078125,-0.03562613874813725
2020-02-27,240.50637817382807,243.97331521265903,238.7233789595002,2897390.0,239.1691071690561,231.9380645751953,-0.03562613874813725,243.53744506835938,240.30328521728515,48.043291164893006,4.02219295705072,240.50637817382807,244.12185668945312,244.9143218994141,251.6005401611328,247.34115600585935,-0.06619688186273787
2020-02-28,231.9380645751953,239.1691071690561,229.857911575632,3568055.0,218.91229437620964,216.58448791503903,-0.06619688186273787,235.61302185058594,239.66685409545897,35.63059096756767,1.7185980699240133,231.9380645751953,240.50637817382807,244.12185668945312,256.20660400390625,249.07464599609372,-0.00022861642116867031
2020-03-02,216.58448791503903,224.65750693480385,214.95008090333707,3364181.0,220.8934019350601,216.53497314453125,-0.00022861642116867031,229.93715209960936,239.12947998046874,30.843179608315324,-0.10832578476734511,216.58448791503903,231.9380645751953,240.50637817382807,244.9143218994141,253.730224609375,0.03270808005955406
2020-03-03,216.53497314453125,224.55844638818368,214.10810529164536,3162614.0,218.91228801942745,223.61741638183597,0.03270808005955406,225.83626403808594,239.36968917846679,36.781597463149936,-0.9915330242028801,216.53497314453125,216.58448791503903,231.9380645751953,244.12185668945312,250.11471557617188,-0.020598102039093735
2020-03-04,223.61741638183597,226.490015020396,217.1788196753822,2992170.0,223.96408809963063,219.0113220214844,-0.020598102039093735,221.5372528076172,239.15424270629882,30.72774002819287,-2.0276629335270684,223.61741638183597,216.53497314453125,216.58448791503903,240.50637817382807,247.09353637695312,0.0029399170605761693
2020-03-05,219.0113220214844,224.85557994783997,211.53264222055503,5216787.0,221.63630376942663,219.6551971435547,0.0029399170605761693,219.08067932128907,238.43609237670898,29.685332449955467,-2.7659024930072746,219.0113220214844,223.61741638183597,216.53497314453125,231.9380645751953,251.6005401611328,-0.03156705827302364
2020-03-06,219.6551971435547,224.70702508538585,217.27787523836597,3159080.0,213.0680284485312,212.7213287353516,-0.03156705827302364,218.30804748535155,237.3588653564453,22.546407555389663,-3.85062358975523,219.6551971435547,219.0113220214844,223.61741638183597,216.58448791503903,256.20660400390625,-0.07008138998149704
2020-03-09,212.7213287353516,214.7024354057623,205.53981705511268,4375226.0,205.0445655978561,197.8135223388672,-0.07008138998149704,214.56375732421876,235.38766555786134,19.585244010283986,-5.8156758297713225,212.7213287353516,219.6551971435547,219.0113220214844,216.53497314453125,244.9143218994141,-0.01977976238181911
2020-03-11,197.8135223388672,206.5303957833478,195.38666939216,2763988.0,195.5352248494367,193.90081787109372,-0.01977976238181911,208.6204376220703,232.9731918334961,19.384248956212744,-7.5930298918690085,197.8135223388672,212.7213287353516,219.6551971435547,223.61741638183597,244.12185668945312,-0.17164743233200208
2020-03-12,193.90081787109372,203.06343634009815,190.43388115309207,3763186.0,178.3986873721302,160.6182403564453,-0.17164743233200208,196.9418212890625,228.8549674987793,10.663809139039401,-11.496543106463434,193.90081787109372,197.8135223388672,212.7213287353516,219.0113220214844,240.50637817382807,-0.08263966452716376
2020-03-13,160.6182403564453,182.16277849551477,158.9343024673554,4834390.0,144.57125060327758,147.3448028564453,-0.08263966452716376,182.47974243164063,223.8551498413086,6.215141613470664,-15.460314784215171,160.6182403564453,193.90081787109372,197.8135223388672,219.6551971435547,231.9380645751953,-0.09445383776482075
2020-03-16,147.3448028564453,159.82578043837822,128.52429022268086,7463176.0,139.66800929664683,133.42752075195312,-0.09445383776482075,166.62098083496093,218.07279357910156,6.086617751937922,-19.478069361232713,147.3448028564453,160.6182403564453,193.90081787109372,212.7213287353516,216.58448791503903,-0.009650966011482187
2020-03-17,133.42752075195312,140.95573155422542,127.43467052161516,6582749.0,134.4180921059025,132.1398162841797,-0.009650966011482187,153.48623962402343,211.9932731628418,6.06296381310365,-22.503424554543102,133.42752075195312,147.3448028564453,160.6182403564453,197.8135223388672,216.53497314453125,-0.02398799526323292
2020-03-18,132.1398162841797,141.20338887860285,129.26721749677608,6388061.0,134.61619823768964,128.9700469970703,-0.02398799526323292,140.50008544921874,205.93603973388673,6.084243763389395,-24.864916833928874,132.1398162841797,133.42752075195312,147.3448028564453,193.90081787109372,223.61741638183597,-0.00998481930285211
2020-03-19,128.9700469970703,135.70581300107455,125.89933303186815,4255688.0,119.85693996749367,127.68230438232422,-0.00998481930285211,133.91289825439452,199.96547813415526,6.454282705898422,-26.531877481434748,128.9700469970703,132.1398162841797,133.42752075195312,160.6182403564453,219.0113220214844,0.06827007736513391
2020-03-20,127.68230438232422,131.69404795788375,117.08338792052398,5517080.0,136.69635419096446,136.39918518066406,0.06827007736513391,131.7237747192383,194.20541038513184,14.542276276954667,-26.848625564747465,127.68230438232422,128.9700469970703,132.1398162841797,147.3448028564453,219.6551971435547,-0.11577882320249222
2020-03-23,136.39918518066406,140.2623520852819,127.4842055595142,4496351.0,122.75183987944544,120.60704803466795,-0.11577882320249222,129.15968017578126,187.42543258666993,12.765039415241134,-28.03421284245843,136.39918518066406,127.68230438232422,128.9700469970703,133.42752075195312,212.7213287353516,0.07816363993715436
2020-03-24,120.60704803466795,134.67288072113868,117.91358585370058,1456143.0,124.69709227311814,130.0341339111328,0.07816363993715436,128.73854370117186,181.68142318725586,14.32448147513027,-27.899533191674976,120.60704803466795,136.39918518066406,127.68230438232422,132.1398162841797,197.8135223388672,0.014959779589498456
2020-03-25,130.0341339111328,132.62782429732584,116.11793384690893,5125923.0,125.69467890399224,131.9794158935547,0.014959779589498456,129.34041748046874,176.07430114746094,16.134958506778375,-27.32202308392172,130.0341339111328,120.60704803466795,136.39918518066406,128.9700469970703,193.90081787109372,0.060090852513173365
2020-03-26,131.9794158935547,134.57310648388187,124.69710208729389,2771318.0,134.67289236140124,139.91017150878906,0.060090852513173365,131.7859909057617,171.04449081420898,20.635561526892147,-25.931381992336497,131.9794158935547,130.0341339111328,120.60704803466795,127.68230438232422,160.6182403564453,-0.08734416363212616
2020-03-27,139.91017150878906,151.63170102913324,131.73004331342287,7980255.0,145.64621758461,127.68983459472656,-0.08734416363212616,130.04412078857422,165.83207931518555,19.862271074632602,-25.51193854938606,139.91017150878906,131.9794158935547,130.0341339111328,136.39918518066406,147.3448028564453,0.005468865111006638
2020-03-30,127.68983459472656,150.6341017484665,125.9440751373768,4378366.0,123.6995443585576,128.38815307617188,0.005468865111006638,131.600341796875,161.4222625732422,22.637448101275567,-24.836990550583124,127.68983459472656,139.91017150878906,131.9794158935547,120.60704803466795,133.42752075195312,0.0691530566864027
2020-03-31,128.38815307617188,129.48549383259538,120.706813446657,2397592.0,131.3808735131478,137.26658630371094,0.0691530566864027,133.0468322753906,157.45884323120117,28.519608221020235,-23.322165127243295,128.38815307617188,127.68983459472656,139.91017150878906,130.0341339111328,132.1398162841797,-0.02652629758235503
2020-04-01,137.26658630371094,138.1145175280544,129.13632550817894,2200227.0,138.613296087031,133.6254119873047,-0.02652629758235503,133.37603149414062,152.9592430114746,36.79234999441532,-22.157714500301864,137.26658630371094,128.38815307617188,127.68983459472656,131.9794158935547,128.9700469970703,-0.036580785689612316
2020-04-03,133.6254119873047,138.613296087031,131.48062791314808,1997603.0,133.67529155755636,128.73728942871094,-0.036580785689612316,131.141455078125,148.44554138183594,40.081391247992634,-21.38000327089361,133.6254119873047,137.26658630371094,128.38815307617188,139.91017150878906,127.68230438232422,0.07051524802810305
2020-04-07,128.73728942871094,134.27384372788296,127.6898307415464,1761897.0,130.68256316299525,137.8152313232422,0.07051524802810305,133.16653442382812,144.35354309082032,52.46606758987224,-19.80720376466664,128.73728942871094,133.6254119873047,137.26658630371094,127.68983459472656,136.39918518066406,-0.0003617195529734829
2020-04-08,137.8152313232422,141.15711975239563,130.68256316299525,2463474.0,136.51840969019824,137.765380859375,-0.0003617195529734829,135.04197998046874,140.6057456970215,53.206406115494524,-18.353072127126296,137.8152313232422,128.73728942871094,133.6254119873047,128.38815307617188,120.60704803466795,0.03149870987635728
2020-04-09,137.765380859375,146.79343994676194,134.57312248882965,3237290.0,139.66075249772297,142.1048126220703,0.03149870987635728,136.00962524414064,137.82031021118163,57.38792294313976,-16.66023504070037,137.765380859375,137.8152313232422,128.73728942871094,137.26658630371094,130.0341339111328,0.02492112890598608
2020-04-13,142.1048126220703,145.89560751994273,139.66075249772297,2359428.0,141.65591744200825,145.64622497558594,0.02492112890598608,138.41378784179688,135.40758056640624,59.85434978167031,-14.862911027964799,142.1048126220703,137.765380859375,137.8152313232422,133.6254119873047,131.9794158935547,-0.00513710165173209
2020-04-15,145.64622497558594,148.6389556257692,136.21912647187168,2204560.0,147.69124350670032,144.8980255126953,-0.00513710165173209,141.64593505859375,134.62156982421874,55.108797444959215,-13.344747158251465,145.64622497558594,142.1048126220703,137.765380859375,128.73728942871094,139.91017150878906,-0.013425074059842057
2020-04-16,144.8980255126953,150.5842100443902,142.85299009448735,3413325.0,141.6559059019355,142.9527587890625,-0.013425074059842057,142.6734405517578,134.4019676208496,66.1150954290392,-12.157708109916058,144.8980255126953,145.64622497558594,142.1048126220703,137.8152313232422,127.68983459472656,0.0041869864200998475
2020-04-17,142.9527587890625,144.49900587672107,140.20942258321517,2685695.0,146.59391243106134,143.55130004882812,0.0041869864200998475,143.83062438964845,134.90815658569335,61.17064539388252,-11.04154483949739,142.9527587890625,144.8980255126953,145.64622497558594,137.765380859375,128.38815307617188,0.019457942141066775
2020-04-20,143.55130004882812,148.19004145112893,141.2070036265085,2383979.0,145.64621222656524,146.34451293945312,0.019457942141066775,144.678564453125,135.61839141845704,61.70730512281571,-9.81918888216822,143.55130004882812,142.9527587890625,144.8980255126953,142.1048126220703,137.26658630371094,-0.07327871590729229
2020-04-21,146.34451293945312,155.07330990508632,142.25445720864477,6835058.0,142.6534950596653,135.62057495117188,-0.07327871590729229,142.67343444824218,135.9509178161621,46.65628546681977,-9.602169394784568,146.34451293945312,143.55130004882812,142.9527587890625,145.64622497558594,133.6254119873047,0.01213688522653511
2020-04-22,135.62057495117188,142.6534950596653,133.82493350745636,3576177.0,135.67045718922915,137.26658630371094,0.01213688522653511,141.14714660644532,136.43013191223145,58.938564194472185,-9.19176988781743,135.62057495117188,146.34451293945312,143.55130004882812,144.8980255126953,128.73728942871094,0.021075594078771243
2020-04-23,137.26658630371094,138.4636755286646,131.77991340267593,6012030.0,140.15956115722656,140.15956115722656,0.021075594078771243,140.58850708007813,136.61815071105957,60.554569426935984,-8.535334776024825,137.26658630371094,135.62057495117188,146.34451293945312,142.9527587890625,137.8152313232422,-0.04163715909982879
2020-04-24,140.15956115722656,142.1547150527031,137.16683031401175,3371195.0,136.81765730611184,134.32371520996094,-0.04163715909982879,138.74299011230468,137.30398406982422,47.209063251045386,-8.388031794745103,140.15956115722656,137.26658630371094,135.62057495117188,143.55130004882812,137.765380859375,-0.00037123543358152933
2020-04-27,134.32371520996094,140.20942768996576,133.77506012625938,1823167.0,136.06947563167645,134.2738494873047,-0.00037123543358152933,136.328857421875,137.5159698486328,50.659911846113324,-8.180966890401493,134.32371520996094,140.15956115722656,137.26658630371094,146.34451293945312,142.1048126220703,0.03491829503290478
2020-04-28,134.2738494873047,138.0147626577703,133.77506106457594,2996533.0,135.6205747193207,138.96246337890625,0.03491829503290478,136.9972351074219,137.8651222229004,60.448541497946984,-7.552314887740181,134.2738494873047,134.32371520996094,140.15956115722656,135.62057495117188,145.64622497558594,0.0014355920537991729
2020-04-29,138.96246337890625,141.55615415155873,134.72276160990546,5721109.0,139.6607451626904,139.16195678710938,0.0014355920537991729,137.37630920410157,137.8277114868164,51.68119361908743,-6.95781907982817,138.96246337890625,134.2738494873047,134.32371520996094,137.26658630371094,144.8980255126953,0.013620108862626656
2020-04-30,139.16195678710938,140.3590458441412,135.3212802064101,4774187.0,141.10723967398943,141.05735778808594,0.013620108862626656,137.55586853027344,138.49608764648437,53.928541383131794,-6.26183905278063,139.16195678710938,138.96246337890625,134.2738494873047,140.15956115722656,142.9527587890625,-0.0696605001874121
2020-05-04,141.05735778808594,147.09270065886122,139.96003240728143,4899422.0,136.56825846097308,131.23123168945312,-0.0696605001874121,136.93737182617187,138.63824157714845,38.52632351790435,-6.427609343189744,141.05735778808594,139.16195678710938,138.96246337890625,134.32371520996094,143.55130004882812,0.008741833200199611
2020-05-05,131.23123168945312,137.16681063245852,129.68498459796078,6012691.0,134.67286282371313,132.37843322753906,0.008741833200199611,136.55828857421875,138.39383392333986,35.25495928451997,-6.39285414156376,131.23123168945312,141.05735778808594,139.16195678710938,134.2738494873047,146.34451293945312,0.004144750196327651
2020-05-06,132.37843322753906,136.01959754067562,131.48062023077298,3112486.0,133.3261333964171,132.92710876464844,0.004144750196327651,135.3512176513672,138.35891876220703,36.636967480788186,-6.249052773683957,132.37843322753906,131.23123168945312,141.05735778808594,138.96246337890625,135.62057495117188,0.01238269687084137
2020-05-07,132.92710876464844,135.07189279857946,126.9915298416592,6685480.0,130.7823251781842,134.57310485839844,0.01238269687084137,134.433447265625,138.6507095336914,40.58294387755627,-5.934044505497013,132.92710876464844,132.37843322753906,131.23123168945312,139.16195678710938,137.26658630371094,0.01667894454748131
2020-05-08,134.57310485839844,135.32128746188505,129.6849846043449,2423478.0,136.568248029813,136.81764221191406,0.01667894454748131,133.58550415039062,138.600830078125,42.702681786808384,-5.440796831269694,134.57310485839844,132.92710876464844,132.37843322753906,141.05735778808594,140.15956115722656,0.021144861624086353
2020-05-11,136.81764221191406,139.01232319185365,135.8699473642926,2431204.0,137.5159664330893,139.71063232421875,0.021144861624086353,135.28138427734376,138.69809265136718,42.826324849054465,-4.761846082046674,136.81764221191406,134.57310485839844,132.92710876464844,131.23123168945312,134.32371520996094,-0.0010710920267590351
2020-05-12,139.71063232421875,142.95275688801405,137.16680846826276,2900696.0,138.16438793711416,139.5609893798828,-0.0010710920267590351,136.7178955078125,138.5709014892578,55.5244551788759,-4.187560079483433,139.71063232421875,136.81764221191406,134.57310485839844,132.37843322753906,134.2738494873047,0.008934900121568612
2020-05-13,139.5609893798828,140.3590538708138,132.8772278092372,2901801.0,144.64862947637107,140.80795288085938,0.008934900121568612,138.2940643310547,138.3289878845215,55.02117405562673,-3.590530364962774,139.5609893798828,139.71063232421875,136.81764221191406,132.92710876464844,138.96246337890625,-0.0017711332587052597
2020-05-14,140.80795288085938,144.64862947637107,140.4089282675809,3115038.0,139.21184370274543,140.55856323242188,-0.0017711332587052597,139.49115600585938,138.1120147705078,50.61157723732397,-3.1017285523923874,140.80795288085938,139.5609893798828,139.71063232421875,134.57310485839844,139.16195678710938,0.0010647391356550795
2020-05-15,140.55856323242188,142.00506175136093,137.06704447710592,1587450.0,141.05736420913567,140.70822143554688,0.0010647391356550795,140.26927185058594,137.99978790283203,61.85188731140057,-2.6714885119899066,140.55856323242188,140.80795288085938,139.5609893798828,136.81764221191406,141.05735778808594,-0.03651202944785059
2020-05-18,140.70822143554688,143.35179406881045,139.66076267115022,2145697.0,144.4491212120684,135.5706787109375,-0.03651202944785059,139.4412811279297,137.6007568359375,52.02488886686372,-2.7134476190544206,140.70822143554688,140.55856323242188,140.80795288085938,139.71063232421875,131.23123168945312,0.027961925814540933
2020-05-19,135.5706787109375,146.045234931662,134.02444687485294,4941536.0,137.46610586763248,139.3614959716797,0.027961925814540933,139.40138244628906,137.25160598754883,50.64102784087037,-2.4132297938411114,135.5706787109375,140.70822143554688,140.55856323242188,139.5609893798828,132.37843322753906,0.011810981808666021
2020-05-20,139.3614959716797,145.54646997742,134.12421701796296,5564024.0,139.1619688273802,141.0074920654297,0.011810981808666021,139.44129028320313,137.5209518432617,52.83310120216306,-2.01930468505995,139.3614959716797,135.5706787109375,140.70822143554688,140.80795288085938,132.92710876464844,-0.02157770309424223
2020-05-21,141.0074920654297,142.85300008166465,137.6656035711718,2872608.0,141.8554176927393,137.96487426757812,-0.02157770309424223,138.92255249023438,137.55586624145508,45.414215977984874,-1.9302153983022095,141.0074920654297,139.3614959716797,135.5706787109375,140.55856323242188,134.57310485839844,-0.0014459724568458565
2020-05-22,137.96487426757812,143.6510589742806,136.7179032695375,2682428.0,137.66561707711443,137.765380859375,-0.0014459724568458565,138.333984375,137.4361572265625,63.56109653661941,-1.8543218218613902,137.96487426757812,141.0074920654297,139.3614959716797,140.70822143554688,136.81764221191406,0.010137350319961325
2020-05-26,137.765380859375,140.85786022584375,136.2690154563629,2449109.0,138.66316841152835,139.16195678710938,0.010137350319961325,139.05223999023437,137.6780693054199,63.93441595280857,-1.662383873921641,137.765380859375,137.96487426757812,141.0074920654297,135.5706787109375,139.71063232421875,0.010752711752194388
2020-05-27,139.16195678710938,142.9527514858879,138.01474961199827,2657870.0,139.41135422726893,140.6583251953125,0.010752711752194388,139.31160583496094,137.9972930908203,65.2859779655382,-1.3737550705880324,139.16195678710938,137.765380859375,137.96487426757812,139.3614959716797,139.5609893798828,0.011702304922531326
2020-05-28,140.6583251953125,141.25687734869882,138.1643832592254,2224751.0,141.35665670869346,142.30435180664062,0.011702304922531326,139.57097778320312,138.16438751220704,65.28601985741999,-1.0007239643703372,140.6583251953125,139.16195678710938,137.765380859375,141.0074920654297,140.80795288085938,0.039957932922999095
2020-05-29,142.30435180664062,144.05011154247583,140.2593311506872,2816689.0,140.75810700882036,147.99053955078125,0.039957932922999095,141.57611083984375,138.60581665039064,69.44446952440082,-0.24366757342306755,142.30435180664062,140.6583251953125,139.16195678710938,137.96487426757812,140.55856323242188,0.014492755117485823
2020-06-01,147.99053955078125,153.22781828806328,140.75810700882036,9162612.0,149.6365417277694,150.1353302001953,0.014492755117485823,144.05010070800782,139.0597152709961,68.62745953421059,0.5232637087890168,147.99053955078125,142.30435180664062,140.6583251953125,137.765380859375,140.70822143554688,-0.003654539783392474
2020-06-02,150.1353302001953,154.52466266881677,149.1377532553435,3985102.0,150.63411346331984,149.58665466308594,-0.003654539783392474,146.13504028320312,139.97748641967775,67.66257129093583,1.0744173532673926,150.1353302001953,147.99053955078125,142.30435180664062,139.16195678710938,135.5706787109375,0.0046681167209732255
2020-06-03,149.58665466308594,152.23024260861106,147.89077695984878,2482873.0,151.38228322339376,150.28494262695312,0.0046681167209732255,148.06036376953125,140.87281188964843,67.02508626521771,1.5496697733039753,149.58665466308594,150.1353302001953,147.99053955078125,140.6583251953125,139.3614959716797,-0.017590283106817983
2020-06-04,150.28494262695312,157.5173746096194,149.2374991379495,5875845.0,150.13533030329523,147.64138793945312,-0.017590283106817983,149.12777099609374,141.60852584838867,61.7162141014574,1.693544711189105,150.28494262695312,149.58665466308594,150.1353302001953,142.30435180664062,141.0074920654297,0.030067510515381368
2020-06-05,147.64138793945312,153.52708582939405,145.7958645014835,3146640.0,148.53919584806405,152.08059692382812,0.030067510515381368,149.94578247070314,142.48390045166016,66.47399482770054,2.140981195171179,147.64138793945312,150.28494262695312,149.58665466308594,147.99053955078125,137.96487426757812,0.0013118614144584928
2020-06-08,152.08059692382812,154.62442108933843,148.09028928281293,4111095.0,155.2229695825841,152.2801055908203,0.0013118614144584928,150.37473754882814,143.25702362060548,78.24627237183063,2.4830463917780605,152.08059692382812,147.64138793945312,150.28494262695312,150.1353302001953,137.765380859375,-0.0049133106388896675
2020-06-09,152.2801055908203,158.1159364638592,150.2849518184057,4899754.0,153.82633575621804,151.5319061279297,-0.0049133106388896675,150.76378784179687,143.84808731079102,72.93232434173073,2.6630776606975246,152.2801055908203,152.08059692382812,147.64138793945312,149.58665466308594,139.16195678710938,-0.0003289766831356955
2020-06-10,151.5319061279297,156.32027769526766,150.68397500174098,3005643.0,152.37986876939505,151.4820556640625,-0.0003289766831356955,151.00321044921876,144.444140625,71.00007647949585,2.7698019707090964,151.5319061279297,152.2801055908203,152.08059692382812,150.28494262695312,140.6583251953125,-0.00032928640443019574
2020-06-11,151.4820556640625,154.37502253396977,149.88592656367663,4135121.0,151.48205657139337,151.4321746826172,-0.00032928640443019574,151.76136779785156,144.9753517150879,80.6819611859336,2.8178735651341356,151.4820556640625,151.5319061279297,152.2801055908203,147.64138793945312,142.30435180664062,0.0032938479336341864
2020-06-12,151.4321746826172,165.0490931186748,149.88592746144718,16533100.0,143.65107768827448,151.93096923828125,0.0032938479336341864,151.7314422607422,145.54397201538086,81.83863453660999,2.863204243631941,151.4321746826172,151.4820556640625,151.5319061279297,152.08059692382812,147.99053955078125,-0.02002641773362679
2020-06-15,151.93096923828125,152.92854616667205,140.65834690310209,4817295.0,151.4321600451872,148.88833618164062,-0.02002641773362679,151.05308837890624,145.95297775268554,70.35491485415614,2.6234197900251957,151.93096923828125,151.4321746826172,151.4820556640625,152.2801055908203,150.1353302001953,-0.02043556853331774
2020-06-16,148.88833618164062,156.46992588832575,147.89075938980383,3214496.0,153.12803173201974,145.84571838378906,-0.02043556853331774,149.9158508300781,146.46672973632812,60.19606278855918,2.1629855140724317,148.88833618164062,151.93096923828125,151.4321746826172,151.5319061279297,149.58665466308594,0.006497913559587065
2020-06-17,145.84571838378906,153.626820108997,142.4040816270086,2640377.0,144.6486273518394,146.7934112548828,0.006497913559587065,148.97812194824218,146.83832550048828,59.072515362169746,1.853183874522017,145.84571838378906,148.88833618164062,151.93096923828125,151.4820556640625,150.28494262695312,0.00475735929190213
2020-06-18,146.7934112548828,148.0902640617102,143.10238035992262,1252809.0,146.3445376119225,147.49176025390625,0.00475735929190213,148.1900390625,147.16253890991212,48.73739831745811,1.6450429496862,146.7934112548828,145.84571838378906,148.88833618164062,151.4321746826172,147.64138793945312,0.03280326339072337
2020-06-19,147.49176025390625,149.08787426362522,145.64623678130695,2037814.0,149.23749242751236,152.32997131347656,0.03280326339072337,148.26983947753905,147.88079376220702,54.88882966935104,1.849121200063081,147.49176025390625,146.7934112548828,145.84571838378906,151.93096923828125,152.08059692382812,0.012770085275140675
2020-06-22,152.32997131347656,154.02584879569096,148.5391765038238,5245179.0,154.12560761358844,154.27523803710938,0.012770085275140675,149.34721984863282,148.70628662109374,59.8325901928496,2.143095547407853,152.32997131347656,147.49176025390625,146.7934112548828,148.88833618164062,152.2801055908203,0.016488862856757436
2020-06-23,154.27523803710938,155.82148504134943,153.2277946288365,4662143.0,156.61954897464722,156.81906127929688,0.016488862856757436,151.54188842773436,149.58914184570312,62.71843379892151,2.551894793168003,154.27523803710938,152.32997131347656,147.49176025390625,145.84571838378906,151.5319061279297,-0.015267053759481786
2020-06-24,156.81906127929688,161.4079203953048,155.17306573867074,4790074.0,158.71447965114925,154.42489624023438,-0.015267053759481786,153.06818542480468,150.27747039794923,63.33330933983078,2.6521309292440947,156.81906127929688,154.27523803710938,152.32997131347656,146.7934112548828,151.4820556640625,0.0442504686084233
2020-06-25,154.42489624023438,162.6050231972032,153.1280433176116,4078195.0,152.8786319270327,161.25827026367188,0.0442504686084233,155.8214874267578,151.22516632080078,66.48741078780847,3.245494042210254,154.42489624023438,156.81906127929688,154.27523803710938,147.49176025390625,151.4321746826172,0.0030933301741769004
2020-06-26,161.25827026367188,168.7899775236892,152.62923774770638,14608370.0,163.602618771539,161.75709533691406,0.0030933301741769004,157.7069122314453,151.91349411010742,66.84397913256291,3.713181223388034,161.25827026367188,154.42489624023438,156.81906127929688,152.32997131347656,151.93096923828125,-0.014801177974010371
2020-06-29,161.75709533691406,165.94693067802837,160.9091640678342,6772909.0,161.0088954733157,159.36289978027344,-0.014801177974010371,158.7244445800781,152.37487258911133,63.14909992774825,3.8463136302779617,161.75709533691406,161.25827026367188,154.42489624023438,154.27523803710938,148.88833618164062,-0.021909119746855832
2020-06-30,159.36289978027344,163.15369480689012,156.37016926796784,2937549.0,161.00891414564848,155.87139892578125,-0.021909119746855832,158.534912109375,152.6891098022461,56.60661019300323,3.6282853727617237,159.36289978027344,161.75709533691406,161.25827026367188,156.81906127929688,145.84571838378906,0.008959893836510968
2020-07-01,155.87139892578125,163.75225076674224,154.87382197265626,3827240.0,156.76920166891418,157.2679901123047,0.008959893836510968,159.10353088378906,153.03826217651368,58.441544682428976,3.5275175138720556,155.87139892578125,159.36289978027344,161.75709533691406,154.42489624023438,146.7934112548828,0.003488793471052576
2020-07-02,157.2679901123047,158.6147249981852,155.6718762265442,1681231.0,159.41279480963243,157.81666564941406,0.003488793471052576,158.4152099609375,153.54702606201172,58.501429743333844,3.452134151701557,157.2679901123047,155.87139892578125,159.36289978027344,161.25827026367188,147.49176025390625,0.011378006439921373
2020-07-03,157.81666564941406,160.56000217854103,155.7716299197017,2152710.0,159.6123046875,159.6123046875,0.011378006439921373,157.9862518310547,153.92361145019532,66.06879433856487,3.4969645020155724,157.81666564941406,157.2679901123047,155.87139892578125,161.75709533691406,152.32997131347656,0.02624988145714413
2020-07-06,159.6123046875,163.45298185776915,157.0185986476019,4481657.0,161.5575609475335,163.80210876464844,0.02624988145714413,158.87409362792968,154.4997116088867,76.01160541244042,3.826444903047701,159.6123046875,157.81666564941406,157.2679901123047,159.36289978027344,154.27523803710938,0.024056037600600266
2020-07-07,163.80210876464844,164.7996855722551,160.11107762086667,3515662.0,164.101389098863,167.74253845214844,0.024056037600600266,161.24832153320312,155.31024322509765,77.92557908696678,4.355296341746339,163.80210876464844,159.6123046875,157.81666564941406,155.87139892578125,156.81906127929688,-0.030627275559608536
2020-07-08,167.74253845214844,170.2364805357178,162.9042999431126,8172143.0,167.59292621261503,162.60504150390625,-0.030627275559608536,162.31573181152345,155.86639251708985,68.01430575198319,4.310197758593063,167.74253845214844,163.80210876464844,159.6123046875,157.2679901123047,154.42489624023438,-0.0015338079614252154
2020-07-09,162.60504150390625,169.08929162522767,161.00891230839298,3650115.0,162.6050308157222,162.3556365966797,-0.0015338079614252154,163.22352600097656,156.41256561279297,63.41793649004318,4.205850104168235,162.60504150390625,167.74253845214844,163.80210876464844,157.81666564941406,161.25827026367188,-0.018740450665165165
2020-07-10,162.3556365966797,164.6999483444054,161.05878361329556,1711099.0,161.10866016077242,159.31301879882812,-0.018740450665165165,163.16366882324218,156.78166809082032,56.54996571820363,3.833461069474424,162.3556365966797,162.60504150390625,167.74253845214844,159.6123046875,161.75709533691406,-0.02285528091979705
2020-07-13,159.31301879882812,163.004050073938,158.11592963147015,1950837.0,161.05878405744784,155.671875,-0.02285528091979705,161.5376220703125,157.12084503173827,48.54984295205389,3.2075675451097254,159.31301879882812,162.3556365966797,162.60504150390625,163.80210876464844,159.36289978027344,-0.04037173871449362
2020-07-14,155.671875,162.05636093636895,153.97599735019716,2585981.0,155.52222217134633,149.3871307373047,-0.04037173871449362,157.86654052734374,157.29791564941405,44.20205993660383,2.17931401967914,155.671875,159.31301879882812,162.3556365966797,167.74253845214844,155.87139892578125,-0.01335565489490298
2020-07-15,149.3871307373047,155.87138015161173,148.63894811257694,2352010.0,149.73627927175733,147.3919677734375,-0.01335565489490298,154.82392578125,157.3278434753418,32.041367567580394,1.1897144533166681,149.3871307373047,155.671875,159.31301879882812,162.60504150390625,157.2679901123047,0.00778344175876966
2020-07-16,147.3919677734375,153.47719215940802,146.64378519590736,2180415.0,147.7411352801534,148.5391845703125,0.00778344175876966,152.06063537597657,157.3802146911621,33.16388030588617,0.4923422436719136,147.3919677734375,149.3871307373047,155.671875,162.3556365966797,157.81666564941406,0.01813303468923011
2020-07-17,148.5391845703125,149.636525177003,144.848153326976,1473784.0,149.38712756628968,151.23265075683594,0.01813303468923011,150.44456176757814,157.3253486633301,39.722568131211894,0.15521423331134088,148.5391845703125,147.3919677734375,149.3871307373047,159.31301879882812,159.6123046875,0.060026436803759964
2020-07-20,151.23265075683594,153.52706524651293,148.63894495744347,2222846.0,152.77889912399706,160.31060791015625,0.060026436803759964,151.37230834960937,157.62711715698242,54.91711844365616,0.6134607149325291,151.23265075683594,148.5391845703125,147.3919677734375,155.671875,163.80210876464844,0.04107026802293068
2020-07-21,160.31060791015625,161.50769716912492,151.73145553603436,6329853.0,161.05877697032676,166.8946075439453,0.04107026802293068,154.8738037109375,158.13089447021486,59.563924227172954,1.4907000363120915,160.31060791015625,151.23265075683594,148.5391845703125,149.3871307373047,167.74253845214844,0.012552199498884864
2020-07-22,166.8946075439453,167.69267205632772,158.71448054110812,6517373.0,166.59532374845946,168.989501953125,0.012552199498884864,159.193310546875,158.85912475585937,60.76921108373217,2.3281174724436937,166.8946075439453,160.31060791015625,151.23265075683594,147.3919677734375,162.60504150390625,0.003246712203888835
2020-07-23,168.989501953125,171.58320769302412,161.60743980389483,4611051.0,167.94204859641718,169.5381622314453,0.003246712203888835,163.39310607910156,159.27311935424805,59.80292902931411,3.0014489885654996,168.989501953125,166.8946075439453,160.31060791015625,148.5391845703125,162.3556365966797,-0.007060754021315896
2020-07-24,169.5381622314453,170.28634477899962,164.99918506525322,2199241.0,166.99436012221156,168.34109497070312,-0.007060754021315896,166.814794921875,159.6023193359375,54.764413268288806,3.3992925763116375,169.5381622314453,168.989501953125,166.8946075439453,151.23265075683594,159.31301879882812,-0.01659266948394378
2020-07-27,168.34109497070312,169.33867182978878,163.25344690064037,1801357.0,168.24132113539122,165.54786682128906,-0.01659266948394378,167.86224670410155,159.91156768798828,47.63948117493212,3.4494375251375686,168.34109497070312,169.5381622314453,168.989501953125,160.31060791015625,155.671875,0.04579695824955321
2020-07-28,165.54786682128906,168.64036098825218,162.60501830732903,1156539.0,165.89702381310855,173.12945556640625,0.04579695824955321,169.10921630859374,160.77447052001952,60.75430840925647,4.054203145150268,165.54786682128906,168.34109497070312,169.5381622314453,166.8946075439453,149.3871307373047,0.031979219143798865
2020-07-29,173.12945556640625,174.47617510462163,163.4030818292128,4829045.0,173.57835289939985,178.66600036621094,0.031979219143798865,171.04451599121094,161.84437103271483,65.0413846478576,4.923474725214589,173.12945556640625,165.54786682128906,168.34109497070312,168.989501953125,147.3919677734375,-0.022612926491505925
2020-07-30,178.66600036621094,190.38752707062443,171.63308129920023,15392378.0,178.7657772759747,174.62583923339844,-0.022612926491505925,172.06205139160156,162.68482971191406,63.8663304431932,5.226132620375466,178.66600036621094,173.12945556640625,165.54786682128906,169.5381622314453,148.5391845703125,0.0011423174845701656
2020-07-31,174.62583923339844,180.9105767421484,172.83019777063907,3403335.0,173.5783465027639,174.8253173828125,0.0011423174845701656,173.35889587402343,163.4454803466797,68.49710233086714,5.419613061710692,174.62583923339844,178.66600036621094,173.12945556640625,168.34109497070312,151.23265075683594,-0.017118178790352268
2020-08-03,174.8253173828125,178.21707208781967,171.68295685381506,2644457.0,174.82535713539068,171.83262634277344,-0.017118178790352268,174.6158477783203,163.84700622558594,73.14822158520818,5.270708139246324,174.8253173828125,174.62583923339844,178.66600036621094,165.54786682128906,160.31060791015625,0.057184197489029476
2020-08-04,171.83262634277344,178.26699450253733,170.7851675209942,2789132.0,173.57835920009427,181.6587371826172,0.057184197489029476,176.3217041015625,164.54281616210938,80.42523938954075,5.877819286846545,171.83262634277344,174.8253173828125,174.62583923339844,173.12945556640625,166.8946075439453,-0.0137286377778022
2020-08-05,181.6587371826172,183.5541269702146,171.78271795710987,4208453.0,182.55656541661844,179.16481018066406,-0.0137286377778022,176.4214660644531,165.37080459594728,76.5571845598235,6.087548790957328,181.6587371826172,171.83262634277344,174.8253173828125,178.66600036621094,168.989501953125,0.035356329063524816
2020-08-06,179.16481018066406,184.3522068093416,178.067469545718,4042372.0,179.66360447640673,185.4994201660156,0.035356329063524816,178.59618225097657,166.52799377441406,77.94963778965439,6.68781257007393,179.16481018066406,181.6587371826172,171.83262634277344,174.62583923339844,169.5381622314453,0.037375595238585024
2020-08-07,185.4994201660156,187.54445584055497,177.06989846648142,6447296.0,180.6112946791449,192.4325714111328,0.037375595238585024,182.1176330566406,168.1839714050293,77.15016424395547,7.634956654191257,185.4994201660156,179.16481018066406,181.6587371826172,174.8253173828125,168.34109497070312,0.014515201929450106
2020-08-10,192.4325714111328,194.52748891898636,179.66359970056928,9386323.0,192.43255106838365,195.22576904296875,0.014515201929450106,186.7962615966797,170.16166610717772,75.58566109059561,8.512830018573709,192.4325714111328,185.4994201660156,179.16481018066406,171.83262634277344,165.54786682128906,0.0007665904140556901
2020-08-11,195.22576904296875,197.81947470975777,191.8838960273978,4627306.0,195.5250576811036,195.37542724609372,0.0007665904140556901,189.539599609375,172.4610809326172,74.69663844375421,9.11554847264432,195.22576904296875,192.4325714111328,185.4994201660156,181.6587371826172,173.12945556640625,0.009446019110717963
2020-08-12,195.37542724609372,199.3158526601001,193.92892867253207,2965963.0,195.3255572714529,197.220947265625,0.009446019110717963,193.15082702636718,174.95252990722656,75.29635974387669,9.63110254736722,195.37542724609372,195.22576904296875,192.4325714111328,179.16481018066406,178.66600036621094,0.01542738021111223
2020-08-13,197.220947265625,200.26355981148257,189.73912062260567,3352636.0,198.4180265695673,200.2635498046875,0.01542738021111223,196.10365295410156,177.53874816894532,78.21875982970036,10.167983358418638,197.220947265625,195.37542724609372,195.22576904296875,185.4994201660156,174.62583923339844,-0.02266498797056371
2020-08-14,200.2635498046875,202.80737378056696,197.2708192970209,3552469.0,201.9095524073049,195.72457885742188,-0.02266498797056371,196.76205444335938,179.76334457397462,75.87689697214577,10.110661099814251,200.2635498046875,197.220947265625,195.37542724609372,192.4325714111328,174.8253173828125,0.008154981762696467
2020-08-17,195.72457885742188,204.0044699231142,190.9860887247334,6617104.0,196.92166934480136,197.3207092285156,0.008154981762696467,197.18104248046873,181.61384963989258,73.11733601164644,10.077855037089734,195.72457885742188,200.2635498046875,197.220947265625,195.22576904296875,171.83262634277344,0.08038419036763411
2020-08-18,197.3207092285156,201.16137107019392,195.57494969453043,3227005.0,199.51537456900343,213.1821746826172,0.08038419036763411,200.74239196777344,183.92822799682617,77.54784958781474,11.20259973735017,197.3207092285156,195.72457885742188,200.2635498046875,195.37542724609372,181.6587371826172,0.12096392934360889
2020-08-19,213.1821746826172,216.2746690771628,198.5177976961584,13367091.0,213.73083182725384,238.9695281982422,0.12096392934360889,209.09210815429688,187.42722930908204,88.12061757738611,14.013244867364136,213.1821746826172,197.3207092285156,195.72457885742188,197.220947265625,179.16481018066406,-0.0231684133184199
2020-08-20,238.9695281982422,244.8053434114288,213.73083182725384,19592028.0,240.61553368941108,233.4329833984375,-0.0231684133184199,215.7259948730469,190.62197036743163,82.65708408834908,15.613962352321437,238.9695281982422,213.1821746826172,197.3207092285156,200.2635498046875,185.4994201660156,-0.002777700790102866
2020-08-21,233.4329833984375,244.40632877186832,229.8417006420433,9484513.0,236.52548980246232,232.7845764160156,-0.002777700790102866,223.13799438476562,193.84414443969726,84.87446475376356,16.638424100120346,233.4329833984375,238.9695281982422,213.1821746826172,195.72457885742188,192.4325714111328,0.0657808815943084
2020-08-24,232.7845764160156,243.90755279632424,230.5400283841476,5797329.0,235.42812855643447,248.09735107421875,0.0657808815943084,233.29332275390624,197.97161865234375,85.76802427492078,18.4729800165953,232.7845764160156,233.4329833984375,238.9695281982422,197.3207092285156,195.22576904296875,0.23663061183169676
2020-08-25,248.09735107421875,253.2348808092803,234.4305517405174,11878911.0,251.3893916111436,306.8047790527344,0.23663061183169676,252.0178436279297,204.65538482666017,92.80697568905305,24.382987205419198,248.09735107421875,232.7845764160156,233.4329833984375,213.1821746826172,195.37542724609372,-0.07153306365949197
2020-08-26,306.8047790527344,321.6188028614033,249.3942377094679,49264537.0,298.27551576365767,284.85809326171875,-0.07153306365949197,261.195556640625,209.96498947143556,80.16355172223389,26.98473902777792,306.8047790527344,248.09735107421875,232.7845764160156,238.9695281982422,197.220947265625,0.004027220242055263
2020-08-27,284.85809326171875,302.06629609423743,277.5757935158453,26717004.0,284.2096230423506,286.0052795410156,0.004027220242055263,271.71001586914065,215.5339614868164,79.4413180057233,28.807143060303645,284.85809326171875,306.8047790527344,248.09735107421875,233.4329833984375,200.2635498046875,0.005406419947628027
2020-08-28,286.0052795410156,296.9786242951112,283.012549153535,15748895.0,288.299726871646,287.5515441894531,0.005406419947628027,282.6634094238281,221.17027282714844,79.27872659506599,30.03001410469139,286.0052795410156,284.85809326171875,306.8047790527344,232.7845764160156,195.72457885742188,-0.030182258636757275
2020-08-31,287.5515441894531,294.9336072316963,285.8057845976698,7256271.0,289.29727910479727,278.8725891113281,-0.030182258636757275,288.81845703125,226.52227096557618,75.12004399623937,29.953545045024327,287.5515441894531,286.0052795410156,284.85809326171875,248.09735107421875,197.3207092285156,0.005544699295706668
2020-09-01,278.8725891113281,296.8788690597177,269.5951368209361,15172187.0,279.2716464908902,280.4188537597656,0.005544699295706668,283.54127197265626,231.46027679443358,75.0751639866272,29.675630726560172,278.8725891113281,287.5515441894531,286.0052795410156,306.8047790527344,213.1821746826172,0.04251148005199834
2020-09-02,280.4188537597656,286.3544176481336,270.8919767413349,5169176.0,282.31423942652566,292.3398742675781,0.04251148005199834,285.0376281738281,237.1190299987793,76.34132070272925,30.070669920693263,280.4188537597656,278.8725891113281,287.5515441894531,284.85809326171875,238.9695281982422,-0.006142247217542862
2020-09-03,292.3398742675781,305.25850623504186,279.7205336116199,17403674.0,294.0357693782692,290.54425048828125,-0.006142247217542862,285.94542236328124,242.37127151489258,77.55871408733636,29.894247410016817,292.3398742675781,280.4188537597656,278.8725891113281,286.0052795410156,233.4329833984375,-0.02094426437789232
2020-09-04,290.54425048828125,297.9762100172785,286.9529678269965,9061697.0,283.3118076755751,284.4590148925781,-0.02094426437789232,285.32691650390626,246.97259368896485,74.68210641765471,28.929918461960284,290.54425048828125,292.3398742675781,280.4188537597656,287.5515441894531,232.7845764160156,0.000350814968920643
2020-09-07,284.4590148925781,292.7389204957521,279.4212642926994,6719721.0,284.4590435954958,284.5588073730469,0.000350814968920643,286.46416015625,251.43924560546876,72.19981288091911,27.85266495693338,284.4590148925781,290.54425048828125,292.3398742675781,278.8725891113281,248.09735107421875,-0.02646801845004243
2020-09-08,284.5588073730469,290.9931904797056,281.3665491531976,5812023.0,285.30697517295675,277.027099609375,-0.02646801845004243,285.7858093261719,255.5218292236328,63.35316921749176,26.09043464465111,284.5588073730469,284.4590148925781,290.54425048828125,280.4188537597656,306.8047790527344,0.019265173353732123
2020-09-09,277.027099609375,289.09775497332765,272.8871313839551,5660442.0,276.2289840483988,282.36407470703125,0.019265173353732123,283.7906494140625,259.77898559570315,67.19241231234295,24.838183827498796,277.027099609375,284.5588073730469,284.4590148925781,292.3398742675781,284.85809326171875,0.05387761974971972
2020-09-10,282.36407470703125,286.2047511172728,273.7350422811802,6661093.0,286.9529909923077,297.5771789550781,0.05387761974971972,285.1972351074219,264.64466705322263,70.65181612533472,24.787598465722283,282.36407470703125,277.027099609375,284.5588073730469,290.54425048828125,286.0052795410156,-0.0077102790080493255
2020-09-11,297.5771789550781,307.20382045523587,285.207231406381,25430532.0,298.2755067155168,295.28277587890625,-0.0077102790080493255,287.3619873046875,269.62257690429686,66.4008385772699,24.282457195085783,297.5771789550781,282.36407470703125,277.027099609375,284.4590148925781,287.5515441894531,-0.009628531972360799
2020-09-14,295.28277587890625,302.91423342353664,291.392231880039,9743753.0,301.0686695620434,292.43963623046875,-0.009628531972360799,288.9381530761719,274.3785232543945,41.836721598730826,23.3831651660945,295.28277587890625,297.5771789550781,282.36407470703125,284.5588073730469,278.8725891113281,-0.015691673148859886
2020-09-15,292.43963623046875,303.2633507250046,289.44690579568254,6120182.0,294.18538771443434,287.85076904296875,-0.015691673148859886,291.10288696289064,278.1119529724121,52.11860232392942,22.046053746803352,292.43963623046875,295.28277587890625,297.5771789550781,277.027099609375,280.4188537597656,0.02963117985932162
2020-09-16,287.85076904296875,297.9761977624081,269.34573186454105,2552460.0,291.990794328276,296.380126953125,0.02963117985932162,293.9060974121094,280.98248291015625,56.64963002517355,21.427626072478006,287.85076904296875,292.43963623046875,295.28277587890625,282.36407470703125,292.3398742675781,-0.011444138378695401
2020-09-17,296.380126953125,302.1161945901842,289.3970880906181,6159158.0,294.2851494010471,292.9883117675781,-0.011444138378695401,292.9883239746094,283.96024932861326,53.40409595181773,20.428341590672574,296.380126953125,287.85076904296875,292.43963623046875,297.5771789550781,290.54425048828125,-0.007320448707539451
2020-09-18,292.9883117675781,300.07108253385405,291.4420494960742,2466000.0,296.8788638069884,290.843505859375,-0.007320448707539451,292.1004699707031,286.8631958007812,58.163237700192994,19.24152929526838,292.9883117675781,296.380126953125,287.85076904296875,295.28277587890625,284.4590148925781,-0.049562660801900416
2020-09-21,290.843505859375,298.9737811900969,286.60380443026673,2744172.0,292.2899923160903,276.42852783203125,-0.049562660801900416,288.89824829101565,288.2797546386719,47.68517944794128,16.942502145419724,290.843505859375,292.9883117675781,296.380126953125,292.43963623046875,284.5588073730469,0.01190901754358853
2020-09-22,276.42852783203125,295.53211680423806,264.3578428797404,6459206.0,277.5757360542882,279.72052001953125,0.01190901754358853,287.27219848632814,286.92554168701173,41.864967962400826,15.210801939726366,276.42852783203125,290.843505859375,292.9883117675781,287.85076904296875,277.027099609375,0.011234052543988682
2020-09-23,279.72052001953125,282.31422570840454,256.8760180915695,12535965.0,283.2619701500475,282.8629150390625,0.011234052543988682,284.5687561035156,286.8257827758789,45.13276218675503,13.93138947792562,279.72052001953125,276.42852783203125,290.843505859375,296.380126953125,282.36407470703125,-0.04619989616837128
2020-09-24,282.8629150390625,295.5321537220684,277.7752972539416,8864848.0,277.2765042889208,269.794677734375,-0.04619989616837128,279.930029296875,286.0152526855469,41.463459697032675,11.72775878610554,282.8629150390625,279.72052001953125,276.42852783203125,292.9883117675781,297.5771789550781,0.03642069933461767
2020-09-25,269.794677734375,280.56849579546895,268.84696752668043,3689023.0,275.2314563707317,279.62078857421875,0.03642069933461767,277.68548583984375,285.6187149047852,47.4178373787624,10.651466613488765,269.794677734375,282.8629150390625,279.72052001953125,290.843505859375,295.28277587890625,0.05494130823365473
2020-09-28,279.62078857421875,282.91281055955693,274.33364326332327,7663618.0,282.4140446694663,294.9835205078125,0.05494130823365473,281.396484375,286.42426147460935,58.678883266161506,10.912349851355941,279.62078857421875,269.794677734375,282.8629150390625,276.42852783203125,292.43963623046875,0.00743977355726555
2020-09-29,294.9835205078125,301.3181098759288,281.4164677052108,5875621.0,299.1732847603954,297.1781311035156,0.00743977355726555,284.88800659179685,287.26222534179686,57.38439141486745,11.167456827177489,294.9835205078125,279.62078857421875,269.794677734375,279.72052001953125,287.85076904296875,-0.002685272120890536
2020-09-30,297.1781311035156,306.25608633104434,291.4420643399863,10246726.0,299.27309410743686,296.380126953125,-0.002685272120890536,287.59144897460936,287.46423797607423,49.30315996746837,11.176404069949456,297.1781311035156,294.9835205078125,279.62078857421875,282.8629150390625,296.380126953125,0.03719265173113406
2020-10-01,296.380126953125,303.96171809257345,294.38497299240873,5618023.0,299.0735172916953,307.4032897949219,0.03719265173113406,295.11317138671876,288.30718994140625,56.40482306971584,11.935387780398571,296.380126953125,297.1781311035156,294.9835205078125,269.794677734375,292.9883117675781,0.05987347750037708
2020-10-05,307.4032897949219,311.19409996230894,295.28273756793664,6914312.0,310.74517776021725,325.80859375,0.05987347750037708,304.350732421875,290.37466888427736,65.1426024856694,13.862246027434423,307.4032897949219,296.380126953125,297.1781311035156,279.62078857421875,290.843505859375,0.0016838552219837766
2020-10-06,325.80859375,333.6894444969267,306.60524006818883,20009492.0,328.601755805878,326.3572082519531,0.0016838552219837766,310.62546997070314,292.46458892822267,68.13909458276369,15.257682571325404,325.80859375,307.4032897949219,296.380126953125,294.9835205078125,276.42852783203125,0.009017424885728653
2020-10-07,326.3572082519531,330.34751501448625,319.52380183239023,7705557.0,324.3620924944212,329.30010986328125,0.009017424885728653,317.04986572265625,295.07823944091797,66.36903461235906,16.411857862079046,326.3572082519531,325.80859375,307.4032897949219,297.1781311035156,279.72052001953125,-0.04195697588231728
2020-10-08,329.30010986328125,334.78678229818,322.4667026510909,8234005.0,328.20277770272355,315.4836730957031,-0.04195697588231728,320.8705749511719,296.7342193603516,60.13484566086694,16.026931013504793,329.30010986328125,326.3572082519531,325.80859375,296.380126953125,282.8629150390625,-0.010276685424098764
2020-10-09,315.4836730957031,329.00082699081054,309.7476063121449,4125845.0,318.0274800459286,312.2415466308594,-0.010276685424098764,321.8382263183594,297.4674377441406,59.54608217322036,15.284075966335251,315.4836730957031,329.30010986328125,326.3572082519531,307.4032897949219,269.794677734375,0.007507967282706751
2020-10-12,312.2415466308594,321.2696047313928,309.7476045651177,2468904.0,314.23668798300343,314.5858459472656,0.007507967282706751,319.5936767578125,298.4325912475586,69.07733747692649,14.714899091148993,312.2415466308594,315.4836730957031,329.30010986328125,325.80859375,279.62078857421875,-0.00681767759318197
2020-10-13,314.5858459472656,321.91804142226124,312.2415344085082,2556329.0,314.7355157947948,312.44110107421875,-0.00681767759318197,316.8104553222656,299.4326644897461,66.5490020787582,13.930180918258884,314.5858459472656,312.2415466308594,315.4836730957031,326.3572082519531,294.9835205078125,0.0006384992483934315
2020-10-14,312.44110107421875,316.03235360318456,308.9994485497233,1454109.0,312.19170314344086,312.6405944824219,0.0006384992483934315,313.4785522460937,300.6721557617187,65.52266448531196,13.172538727707035,312.44110107421875,314.5858459472656,312.2415466308594,329.30010986328125,297.1781311035156,-0.020102088835618592
2020-10-15,312.6405944824219,314.93503961941616,309.2987057775076,1517470.0,314.2367167300023,306.3558654785156,-0.020102088835618592,311.6529907226562,301.17094268798826,70.50928213224209,11.92748423111533,312.6405944824219,312.44110107421875,314.5858459472656,315.4836730957031,296.380126953125,-0.0003257403944686432
2020-10-16,306.3558654785156,325.0604319505396,304.61010594112673,4960658.0,308.5006207643192,306.2560729980469,-0.0003257403944686432,310.4558959960938,301.8343307495117,66.7713807072771,10.80812778366078,306.3558654785156,312.6405944824219,312.44110107421875,312.2415466308594,307.4032897949219,0.03241056982388035
2020-10-19,306.2560729980469,313.18924383131684,304.610077391506,1871531.0,309.149071509206,316.1820068359375,0.03241056982388035,310.77512817382814,303.1012557983398,64.32908087698351,10.599781786646815,306.2560729980469,306.3558654785156,312.6405944824219,314.5858459472656,325.80859375,0.015617549937976927
2020-10-20,316.1820068359375,318.4764215009352,308.6004163982463,3329571.0,314.5359815480046,321.1199951171875,0.015617549937976927,312.5109069824219,305.33582916259763,65.60472028034621,10.709666025490264,316.1820068359375,306.2560729980469,306.3558654785156,312.44110107421875,326.3572082519531,-0.03075497554754303
2020-10-21,321.1199951171875,327.05558979596066,312.740355321696,7198907.0,321.219725388747,311.24395751953125,-0.03075497554754303,312.23157958984376,306.91200103759763,58.66275756629333,9.885878266710165,321.1199951171875,316.1820068359375,306.2560729980469,312.6405944824219,329.30010986328125,-0.0016026329263655326
2020-10-22,311.24395751953125,323.91319489088625,305.2584967980018,4998821.0,310.24635934600093,310.7451477050781,-0.0016026329263655326,313.10943603515625,308.3061126708984,52.219995815689224,9.088009834194622,311.24395751953125,321.1199951171875,316.1820068359375,306.3558654785156,315.4836730957031,0.012680779576954349
2020-10-23,310.7451477050781,314.0371386975373,308.25120590969226,2380993.0,313.2391397767907,314.6856384277344,0.012680779576954349,314.79534912109375,310.55066070556643,40.85319365399953,8.6736732663353,310.7451477050781,311.24395751953125,321.1199951171875,306.2560729980469,312.2415466308594,-0.025519174050166127
2020-10-26,314.6856384277344,321.6686765756246,312.5408237845496,4159352.0,317.2294416603469,306.6551208496094,-0.025519174050166127,312.8899719238281,311.9023773193359,35.57348695442316,7.609594319648522,314.6856384277344,310.7451477050781,311.24395751953125,316.1820068359375,314.5858459472656,0.02163303386832305
2020-10-27,306.6551208496094,317.9277576401958,304.31080913855067,4397393.0,307.2536736246683,313.2890014648437,0.02163303386832305,311.3237731933594,312.8176513671875,38.87735606656129,7.218393593724045,306.6551208496094,314.6856384277344,310.7451477050781,321.1199951171875,312.44110107421875,0.015284164376388132
2020-10-28,313.2890014648437,314.5858696521647,302.2657893125795,3549135.0,313.0395810606158,318.0773620605469,0.015284164376388132,312.6904541015625,313.86261291503905,52.060209807364686,7.211613838917117,313.2890014648437,306.6551208496094,314.6856384277344,311.24395751953125,312.6405944824219,0.031519677275470004
2020-10-29,318.0773620605469,320.0226185133451,309.0991710498949,3098009.0,314.63576882719696,328.1030578613281,0.031519677275470004,316.1620361328125,315.4487594604492,61.37339393891651,7.923888945864178,318.0773620605469,313.2890014648437,306.6551208496094,310.7451477050781,306.3558654785156,0.03283683125759618
2020-10-30,328.1030578613281,331.544710569726,312.4411177692961,6897070.0,330.24785711262854,338.8769226074219,0.03283683125759618,321.00029296875,317.0224411010742,65.53925997537051,9.251092021195518,328.1030578613281,318.0773620605469,313.2890014648437,314.6856384277344,306.2560729980469,0.004121099186721766
2020-11-02,338.8769226074219,346.65801111102127,328.8512553868074,14205844.0,338.2783143269956,340.2734680175781,0.004121099186721766,327.7239624023438,317.7456848144531,67.97674562541566,10.296903258590362,338.8769226074219,328.1030578613281,318.0773620605469,306.6551208496094,316.1820068359375,0.010847185773807277
2020-11-03,340.2734680175781,343.4656956563326,332.2429561468058,4272022.0,343.1664282554548,343.9644775390625,0.010847185773807277,333.8590576171875,318.6260482788086,69.35875620650074,11.293366887462753,340.2734680175781,338.8769226074219,328.1030578613281,313.2890014648437,321.1199951171875,0.02044667088042007
2020-11-04,343.9644775390625,348.7528645715949,339.32575138538164,4078834.0,341.7698205312722,350.9974060058594,0.02044667088042007,340.44306640625,319.7109130859375,77.3365132188754,12.506403953995743,343.9644775390625,340.2734680175781,338.8769226074219,318.0773620605469,311.24395751953125,0.0025580179529891556
2020-11-05,350.9974060058594,358.62886249881933,336.6821727214229,9701398.0,352.1446579055191,351.895263671875,0.0025580179529891556,345.2015075683594,321.53149261474607,77.67691606714095,13.385889963283319,350.9974060058594,343.9644775390625,340.2734680175781,328.1030578613281,310.7451477050781,-0.001842700277445708
2020-11-06,351.895263671875,354.0899451053962,344.41343666255096,5361436.0,351.1470623949685,351.246826171875,-0.001842700277445708,347.67548828125,323.48175659179685,73.96040561968609,13.870672992181596,351.895263671875,350.9974060058594,343.9644775390625,338.8769226074219,314.6856384277344,0.016472516641679036
2020-11-09,351.246826171875,352.9925857150318,344.21389088897934,3863486.0,353.14220176954205,357.0327453613281,0.016472516641679036,351.02734375,325.6041015625,74.25869893164251,14.55397318304756,351.246826171875,351.895263671875,350.9974060058594,340.2734680175781,306.6551208496094,0.004470543365646895
2020-11-10,357.0327453613281,363.8162861473726,350.9974176497806,6278843.0,357.23227423832327,358.6288757324219,0.004470543365646895,353.96022338867186,327.91349029541016,86.03939405333716,15.050791720712482,357.0327453613281,351.246826171875,351.895263671875,343.9644775390625,313.2890014648437,0.00166897118516518
2020-11-11,358.6288757324219,360.8734236333897,352.3441537871636,3590100.0,358.3296039478582,359.2274169921875,0.00166897118516518,355.6062255859375,330.2428314208984,86.8181478976811,15.316264896381938,358.6288757324219,357.0327453613281,351.246826171875,350.9974060058594,318.0773620605469,0.015134696959451022
2020-11-12,359.2274169921875,361.8211227986277,353.1920589982517,2869576.0,357.332049399298,364.6642150878906,0.015134696959451022,358.16001586914064,333.1582489013672,87.11106639437801,15.783417038662662,359.2274169921875,358.6288757324219,357.0327453613281,351.895263671875,328.1030578613281,0.008343656796451437
2020-11-13,364.6642150878906,368.6046559281744,357.13252184651265,4199715.0,363.1179883567907,367.7068481445313,0.008343656796451437,361.4520202636719,336.2307876586914,98.9599806954248,16.212268582515776,364.6642150878906,359.2274169921875,358.6288757324219,351.246826171875,338.8769226074219,0.007189299576114916
2020-11-14,367.7068481445313,370.7494454849037,361.1727012417128,2786714.0,368.903904232744,370.3504028320313,0.007189299576114916,364.1155517578125,338.93920745849607,98.88886797149378,16.574390028811138,367.7068481445313,364.6642150878906,359.2274169921875,357.0327453613281,340.2734680175781,0.062087444570299466
2020-11-17,370.3504028320313,371.9465318689894,368.60464335740215,620753.0,371.09856287975737,393.3445129394531,0.062087444570299466,371.0586791992188,342.55043334960936,99.15307810351356,18.503509383848098,370.3504028320313,367.7068481445313,364.6642150878906,358.6288757324219,343.9644775390625,0.0005073273855229488
2020-11-18,393.3445129394531,400.9759996761565,370.1009860978225,10496968.0,392.9954122926837,393.5440673828125,0.0005073273855229488,377.92200927734376,346.6654388427734,99.02838169856695,19.81998034845458,393.3445129394531,370.3504028320313,367.7068481445313,359.2274169921875,350.9974060058594,-0.02217995646904869
2020-11-19,393.5440673828125,403.7193634317591,386.46126565804616,8656493.0,389.0549787915688,384.8152770996094,-0.02217995646904869,381.9522216796875,350.3689453125,85.50499232494313,19.92922101497055,393.5440673828125,393.3445129394531,370.3504028320313,364.6642150878906,351.895263671875,0.00661042551060409
2020-11-20,384.8152770996094,397.5343821754876,376.8845288160216,7731483.0,384.1668422433568,387.3590698242188,0.00661042551060409,385.882666015625,354.0026168823242,85.75756438049233,19.990618430228437,384.8152770996094,393.5440673828125,393.3445129394531,367.7068481445313,351.246826171875,0.0534381124939749
2020-11-23,387.3590698242188,401.0258845343071,384.06707847191103,5490838.0,389.1547439120964,408.0588073730469,0.0534381124939749,393.4243469238281,359.0728012084961,88.68151447497392,21.462169566699686,387.3590698242188,384.8152770996094,393.5440673828125,370.3504028320313,357.0327453613281,-0.004522606714051358
2020-11-24,408.0588073730469,412.6975641834205,382.1717058070884,7318547.0,408.9067571819608,406.21331787109375,-0.004522606714051358,395.99810791015625,363.7190170288086,85.54915952368883,22.223292584123612,408.0588073730469,387.3590698242188,384.8152770996094,393.3445129394531,358.6288757324219,-0.019523547724186074
2020-11-25,406.21331787109375,414.4931938008549,403.22058722993233,6167783.0,407.95910125621873,398.2825927734375,-0.019523547724186074,396.94581298828126,367.7292785644531,77.38518192890035,21.933706720975636,406.21331787109375,408.0588073730469,387.3590698242188,393.5440673828125,359.2274169921875,0.0067625863118963014
2020-11-26,398.2825927734375,410.5029102724347,392.0477369066023,3448648.0,401.8239291218997,400.97601318359375,0.0067625863118963014,400.17796020507814,371.37292633056643,78.66592547506042,21.67172617996232,398.2825927734375,406.21331787109375,408.0588073730469,384.8152770996094,364.6642150878906,-0.008832056668367949
2020-11-27,400.97601318359375,410.5527262578712,398.1827798339058,5490958.0,400.0282759460124,397.4345703125,-0.008832056668367949,402.19306030273435,374.3008087158203,73.90789905671315,20.936991274044885,400.97601318359375,398.2825927734375,406.21331787109375,387.3590698242188,367.7068481445313,0.058986023028554824
2020-12-01,397.4345703125,406.8616827585037,395.3396530529852,6429153.0,397.0355750769684,420.8776550292969,0.058986023028554824,404.7568298339844,378.3310180664063,79.26828988315458,21.992849661796242,397.4345703125,400.97601318359375,398.2825927734375,408.0588073730469,370.3504028320313,0.07549176405824554
2020-12-02,420.8776550292969,422.92270578016695,394.14260838247,7846125.0,419.5308912841003,452.65045166015625,0.07549176405824554,414.04425659179685,383.76531677246095,83.96807720696421,25.10404039210181,420.8776550292969,397.4345703125,400.97601318359375,406.21331787109375,393.3445129394531,-0.013663824924405432
2020-12-03,452.65045166015625,460.7806961081368,418.33381744671215,16821595.0,452.6505038963356,446.4655151367188,-0.013663824924405432,423.68084106445315,388.5387222290039,79.5815467008282,26.76211181426993,452.65045166015625,420.8776550292969,397.4345703125,398.2825927734375,393.5440673828125,-0.0035749678293225395
2020-12-04,446.4655151367188,455.8926287176316,442.175946781379,6848649.0,447.9120125450886,444.8694152832031,-0.0035749678293225395,432.459521484375,393.1874298095703,78.1990780322343,27.62886508574769,446.4655151367188,452.65045166015625,420.8776550292969,400.97601318359375,384.8152770996094,0.026011832908580113
2020-12-07,444.8694152832031,455.44370570107856,440.9289744875928,4131360.0,444.9192835215479,456.4412841796875,0.026011832908580113,444.2608642578125,398.44715270996096,79.53459106327735,28.9161984566594,444.8694152832031,446.4655151367188,452.65045166015625,397.4345703125,387.3590698242188,-0.012348405406872653
2020-12-08,456.4412841796875,465.21997889203055,444.86941685555576,5371039.0,456.44126514359806,450.8049621582031,-0.012348405406872653,450.24632568359374,403.13576354980466,72.3776449838603,29.14564252633329,456.4412841796875,444.8694152832031,446.4655151367188,420.8776550292969,408.0588073730469,-0.006196056221858481
2020-12-09,450.8049621582031,461.17975507316856,445.46792004354006,3872952.0,452.8998695239346,448.0117492675781,-0.006196056221858481,449.31858520507814,407.6049072265625,70.7920929336355,28.770441924837883,450.8049621582031,456.4412841796875,444.8694152832031,452.65045166015625,406.21331787109375,-0.004119424412700079
2020-12-10,448.0117492675781,456.98994051364735,446.2160927521875,2798049.0,446.9143812884293,446.1661987304688,-0.004119424412700079,449.25872192382815,411.95184631347655,74.71864341925006,28.001389652080036,448.0117492675781,450.8049621582031,456.4412841796875,446.4655151367188,398.2825927734375,0.005701651726603529
2020-12-11,446.1661987304688,451.1540824502057,436.9884805087023,3113868.0,446.1662740587145,448.7100830078125,0.005701651726603529,450.02685546875,416.15413970947264,74.71866207036979,27.282682601321596,446.1661987304688,448.0117492675781,450.8049621582031,444.8694152832031,400.97601318359375,0.011894038711769639
2020-12-14,448.7100830078125,450.70523683255806,439.3328661202349,2940168.0,449.90712062305073,454.0470581054688,0.011894038711769639,449.5480102539062,420.47115020751954,71.14678274682825,26.834420868199345,448.7100830078125,446.1661987304688,448.0117492675781,456.4412841796875,397.4345703125,0.016038820250871444
2020-12-15,454.0470581054688,460.880465028491,445.916813566527,3762369.0,454.3962658086594,461.3294372558594,0.016038820250871444,451.6529052734375,425.0201019287109,74.1371710924618,26.75834381416132,454.0470581054688,448.7100830078125,446.1661987304688,450.8049621582031,420.8776550292969,0.0017299246939326274
2020-12-16,461.3294372558594,462.9255358983073,445.46794061476936,4779869.0,461.3793197607132,462.1275024414063,0.0017299246939326274,454.47605590820314,428.4592514038086,79.82291029933677,26.457464212249818,461.3294372558594,454.0470581054688,448.7100830078125,448.0117492675781,452.65045166015625,-0.008526781427767971
2020-12-17,462.1275024414063,466.41707096659394,456.4413018906866,4088505.0,462.27711347440425,458.1870422363281,-0.008526781427767971,456.880224609375,431.6914001464844,76.41636918106467,25.605884063113763,462.1275024414063,461.3294372558594,454.0470581054688,446.1661987304688,446.4655151367188,-0.009035576629694342
2020-12-18,458.1870422363281,472.80156767366594,453.9972376665865,4912523.0,459.8828882643601,454.0470581054688,-0.009035576629694342,457.94761962890624,435.15298919677736,75.99631050089074,24.31663154985324,458.1870422363281,462.1275024414063,461.3294372558594,448.7100830078125,444.8694152832031,-0.05701410128930795
2020-12-21,454.0470581054688,463.0751460870298,449.7075930927738,2159692.0,452.8998655150381,428.1599731445313,-0.05701410128930795,452.77020263671875,437.19303436279296,53.27061122260148,20.96435422435883,454.0470581054688,458.1870422363281,462.1275024414063,454.0470581054688,456.4412841796875,0.0689654828322217
2020-12-22,428.1599731445313,459.6335088899864,408.65732851091184,5350194.0,427.1624061125682,457.688232421875,0.0689654828322217,452.0419616699219,439.67450561523435,52.30910616869492,20.454546739967157,428.1599731445313,454.0470581054688,458.1870422363281,461.3294372558594,450.8049621582031,0.010462057480406184
2020-12-23,457.688232421875,460.4315686743775,417.0868741510152,8342699.0,456.8901570608597,462.4765930175781,0.010462057480406184,452.1117797851563,442.48766937255857,57.43397708585251,20.20400215488695,457.688232421875,428.1599731445313,454.0470581054688,462.1275024414063,448.0117492675781,0.021678277240725574
2020-12-24,462.4765930175781,465.6688203902552,453.0993775421723,4604130.0,463.8732547910794,472.5022888183594,0.021678277240725574,454.9748291015625,446.1986541748047,61.89860702798823,20.57723210153756,462.4765930175781,457.688232421875,428.1599731445313,458.1870422363281,446.1661987304688,0.03631373985133979
2020-12-28,472.5022888183594,478.6872777263594,461.27954878309134,7985151.0,471.8538607487,489.6606140136719,0.03631373985133979,462.0975402832031,450.6328842163086,63.647528908492085,22.00390563384309,472.5022888183594,462.4765930175781,457.688232421875,454.0470581054688,448.7100830078125,-0.0033615039614030007
2020-12-29,489.6606140136719,505.7714744177397,471.5545998643664,13714406.0,490.8078209838413,488.0146179199219,-0.0033615039614030007,474.06846923828124,455.16188659667966,65.80507925314862,22.739608506637012,489.6606140136719,472.5022888183594,462.4765930175781,428.1599731445313,454.0470581054688,-0.01032307454389314
2020-12-30,488.0146179199219,497.94048952933167,483.5255219962892,5849496.0,488.0145877990527,482.976806640625,-0.01032307454389314,479.1261840820313,458.26684417724607,64.57377370725789,22.6549963719292,488.0146179199219,489.6606140136719,472.5022888183594,457.688232421875,461.3294372558594,-0.009501153278642538
2020-12-31,482.976806640625,494.798097931959,477.2407399811315,5419517.0,479.83446859193526,478.3879699707031,-0.009501153278642538,482.30845947265624,459.55372009277346,63.13007949107405,21.96446717300131,482.976806640625,488.0146179199219,489.6606140136719,462.4765930175781,462.1275024414063,0.024189425023269928
2021-01-01,478.3879699707031,482.8271991652738,434.6941157774133,7575962.0,475.8441925231404,489.95989990234375,0.024189425023269928,485.79998168945315,461.7284393310547,65.65693679234312,22.096263863646243,478.3879699707031,482.976806640625,488.0146179199219,472.5022888183594,458.1870422363281,0.0068206763672340465
2021-01-04,489.95989990234375,492.05481753048014,475.8441925231404,5035248.0,490.80781565975735,493.3017578125,0.0068206763672340465,486.52821044921876,464.15005645751955,65.12879549525093,22.214301059021523,489.95989990234375,478.3879699707031,482.976806640625,489.6606140136719,454.0470581054688,-0.00020229500278123869
2021-01-05,493.3017578125,501.3821364761122,485.4707733641621,4936582.0,490.8077870934716,493.2019653320313,-0.00020229500278123869,487.5656799316406,465.9880905151367,63.00362642652187,22.04566526129969,493.3017578125,489.95989990234375,478.3879699707031,488.0146179199219,428.1599731445313,-0.007079220767809868
2021-01-06,493.2019653320313,500.1850029532798,488.413608854912,3654033.0,494.7981278656078,489.7104797363281,-0.007079220767809868,488.91241455078125,467.933366394043,61.01153078526929,21.383787478263116,493.2019653320313,493.3017578125,489.95989990234375,482.976806640625,457.688232421875,0.05540825407729977
2021-01-07,489.7104797363281,499.43685422562186,483.0765996349205,3295461.0,492.7031436836152,516.844482421875,0.05540825407729977,496.6037170410156,471.3750030517578,69.75803972933741,22.786068198489318,489.7104797363281,493.2019653320313,493.3017578125,478.3879699707031,462.4765930175781,-0.00019284410213538106
2021-01-08,516.844482421875,522.6803428581909,492.603379921318,9879731.0,521.7326962975461,516.7448120117188,-0.00019284410213538106,501.9606994628906,474.9039337158203,71.7098825573212,23.617099975525775,516.844482421875,489.7104797363281,493.2019653320313,489.95989990234375,472.5022888183594,0.0022200838212749208
2021-01-11,516.7448120117188,525.3239486284381,512.8542379138696,3702267.0,519.3384664831817,517.8920288085938,0.0022200838212749208,506.8787536621094,478.3630310058594,87.49482911731056,24.090568377163436,516.7448120117188,516.844482421875,489.7104797363281,493.3017578125,489.6606140136719,0.012039042830509716
2021-01-12,517.8920288085938,523.3287737504739,509.2629649881716,4148831.0,517.7424362993506,524.126953125,0.012039042830509716,513.0637512207031,481.8670257568359,84.47210928904988,24.68435589105718,517.8920288085938,516.7448120117188,516.844482421875,493.2019653320313,488.0146179199219,0.020270059399373208
2021-01-13,524.126953125,535.2997662389892,515.8470157421926,4878024.0,527.817866580662,534.7510375976562,0.020270059399373208,522.0718627929688,485.5381057739258,85.35875349326638,25.71577613990263,524.126953125,517.8920288085938,516.7448120117188,489.7104797363281,482.976806640625,-0.0073686040330948055
2021-01-14,534.7510375976562,538.8910057200558,520.036779628842,4948731.0,533.6537997755584,530.8106689453125,-0.0073686040330948055,524.8651000976563,488.9722640991211,80.33220099830483,25.916480247531013,534.7510375976562,524.126953125,517.8920288085938,516.844482421875,478.3879699707031,-0.009020902166106626
2021-01-15,530.8106689453125,539.6891281251986,527.1196829526045,3161306.0,533.4043711155724,526.0222778320312,-0.009020902166106626,526.7205932617187,492.36402587890626,71.70939738014818,25.396402633970126,530.8106689453125,534.7510375976562,524.126953125,516.7448120117188,489.95989990234375,-0.036886067157410274
2021-01-18,526.0222778320312,536.1975742084153,517.5428743329214,3376852.0,526.720551228518,506.619384765625,-0.036886067157410274,524.466064453125,494.9926422119141,59.16461493918178,23.151707593327217,526.0222778320312,530.8106689453125,534.7510375976562,517.8920288085938,493.3017578125,0.043812192396269545
2021-01-19,506.619384765625,527.8178613553417,500.8334210503471,5204588.0,511.0586340670949,528.8154907226562,0.043812192396269545,525.4037719726563,500.0254180908203,69.31488346327009,22.8998357964644,506.619384765625,526.0222778320312,530.8106689453125,524.126953125,493.2019653320313,0.03140910096625005
2021-01-20,528.8154907226562,530.7109111889501,511.0586340670949,4181185.0,530.8605130860317,545.4251098632812,0.03140910096625005,527.5385864257812,504.4122619628906,75.64888974099522,23.766517414547025,528.8154907226562,506.619384765625,526.0222778320312,534.7510375976562,489.7104797363281,-0.01801550875115887
2021-01-21,545.4251098632812,550.8120488834996,529.7132754227752,6681731.0,550.0638623735842,535.5989990234375,-0.01801550875115887,528.4962524414062,508.0683822631836,67.69828203225,23.390848674176027,545.4251098632812,528.8154907226562,506.619384765625,530.8106689453125,516.844482421875,-0.018811763169476303
2021-01-22,535.5989990234375,551.6100942094248,530.2619267032719,4208383.0,532.7558691821594,525.5234375,-0.018811763169476303,528.396484375,510.7194396972656,61.87500028117424,22.02621043874956,535.5989990234375,545.4251098632812,528.8154907226562,526.0222778320312,516.7448120117188,-0.024487420466201892
2021-01-25,525.5234375,545.4251065131859,520.3360260470693,4179558.0,528.9650798813454,512.6547241210938,-0.024487420466201892,529.6035522460937,511.86914520263673,56.55243547871794,19.679474453796104,525.5234375,535.5989990234375,545.4251098632812,506.619384765625,517.8920288085938,-0.0021405266012131108
2021-01-27,512.6547241210938,533.105047812876,507.76657361547353,3728411.0,511.8566339107017,511.557373046875,-0.0021405266012131108,526.1519287109375,513.0462829589844,57.479506762261735,17.529058146876935,512.6547241210938,525.5234375,535.5989990234375,528.8154907226562,524.126953125,-0.0018525641912835455
2021-01-28,511.557373046875,520.2861700841465,505.82130642238224,2792007.0,506.0706875673247,510.6096801757813,-0.0018525641912835455,519.1888427734375,514.4279266357422,47.399103253189686,15.568898268360499,511.557373046875,512.6547241210938,525.5234375,545.4251098632812,534.7510375976562,-0.010159184463368942
2021-01-29,510.6096801757813,518.2411364427576,500.13512400128855,4197516.0,513.951602533909,505.42230224609375,-0.010159184463368942,513.1535034179688,515.7796432495118,45.46905362748287,13.441929204052997,510.6096801757813,511.557373046875,512.6547241210938,535.5989990234375,530.8106689453125,0.060297996374522045
2021-02-01,505.42230224609375,523.9273709802687,501.2823644295802,3822560.0,509.26294238983536,535.8982543945312,0.060297996374522045,515.228466796875,518.0765609741211,55.83575060411989,14.053446155508823,505.42230224609375,510.6096801757813,511.557373046875,525.5234375,526.0222778320312,0.050260718572572305
2021-02-02,535.8982543945312,538.1926687939592,495.6958921943484,4004036.0,540.7365335789549,562.8328857421875,0.050260718572572305,525.2640991210938,521.5531173706055,61.06042720982507,16.521033204473326,535.8982543945312,505.42230224609375,510.6096801757813,512.6547241210938,506.619384765625,0.004253667588647092
2021-02-03,562.8328857421875,565.5263554854404,539.4895624836768,5144708.0,566.6236216190712,565.2269897460938,0.004253667588647092,535.9980224609375,525.1543685913086,59.13849751166567,18.457036673693665,562.8328857421875,535.8982543945312,505.42230224609375,511.557373046875,528.8154907226562,0.04076958071864922
2021-02-04,565.2269897460938,575.2027577323449,556.9969811574365,6087209.0,560.5883006469614,588.2710571289062,0.04076958071864922,551.5302978515625,530.0823974609375,65.45892648893593,21.6017850885969,565.2269897460938,562.8328857421875,535.8982543945312,510.6096801757813,545.4251098632812,0.009581009299111098
2021-02-05,588.2710571289062,610.2177469524302,554.6527064490571,11184167.0,593.5581600936785,593.9072875976562,0.009581009299111098,569.227294921875,533.9355377197265,68.18058776644958,24.269058954008642,588.2710571289062,565.2269897460938,562.8328857421875,505.42230224609375,535.5989990234375,0.05534563880435872
2021-02-08,593.9072875976562,606.3769968433218,587.1736446049969,4754950.0,603.9329945599719,626.7774658203125,0.05534563880435872,587.4031372070312,539.4371704101562,80.01495358108384,28.70435544085592,593.9072875976562,588.2710571289062,565.2269897460938,535.8982543945312,525.5234375,0.0024671047826678727
2021-02-09,626.7774658203125,636.4539725649736,602.0874410225333,7085276.0,629.9199510899656,628.3237915039062,0.0024671047826678727,600.501318359375,544.9587585449219,77.71604090364468,31.97554128478839,626.7774658203125,593.9072875976562,588.2710571289062,562.8328857421875,512.6547241210938,0.033103154445154326
2021-02-10,628.3237915039062,640.3446419619081,619.495260218023,4510798.0,631.5160346467453,649.123291015625,0.033103154445154326,617.2805786132812,551.2085754394532,78.2242890979908,35.83326187732041,628.3237915039062,626.7774658203125,593.9072875976562,565.2269897460938,511.557373046875,0.012140586254973496
2021-02-11,649.123291015625,653.3131261085841,620.5925555824359,5991927.0,652.4151995894167,657.0040283203125,0.012140586254973496,631.0271728515625,557.3212249755859,83.39735991107918,39.07599908488464,649.123291015625,628.3237915039062,626.7774658203125,588.2710571289062,510.6096801757813,0.09163392433953765
2021-02-12,657.0040283203125,659.3982368938906,643.7861362797013,3688016.0,655.4079879435724,717.2078857421875,0.09163392433953765,655.6872924804687,566.6410858154297,91.33148488957768,45.97388154315422,657.0040283203125,649.123291015625,628.3237915039062,593.9072875976562,505.42230224609375,0.0618958781638661
2021-02-15,717.2078857421875,722.6945583962053,653.612361797891,16810897.0,723.2432536146811,761.60009765625,0.0618958781638661,682.6518188476563,578.4199768066406,97.25431232336348,54.39554559716191,717.2078857421875,657.0040283203125,649.123291015625,626.7774658203125,535.8982543945312,0.021939795750235414
2021-02-16,761.60009765625,786.0407317439185,705.9353187279104,21579566.0,758.1583842722372,778.3094482421875,0.021939795750235414,712.6489501953125,592.0044799804688,97.80122498085967,61.70676282987915,761.60009765625,717.2078857421875,657.0040283203125,628.3237915039062,562.8328857421875,0.006729077617300572
2021-02-17,778.3094482421875,801.0043209292841,754.4174711919466,19426061.0,785.2426457606231,783.5467529296875,0.006729077617300572,739.533642578125,604.7410430908203,98.16902176125929,67.14950419414959,778.3094482421875,761.60009765625,717.2078857421875,649.123291015625,565.2269897460938,0.028964302601025338
2021-02-18,783.5467529296875,800.0566377023273,780.3544948162662,8908279.0,785.3423905881405,806.2416381835938,0.028964302601025338,769.3811645507812,617.781869506836,100.0,72.45894193004222,783.5467529296875,778.3094482421875,761.60009765625,657.0040283203125,588.2710571289062,-0.03254144396331626
2021-02-19,806.2416381835938,822.5021289805294,784.0954195011475,9694238.0,811.0299870810614,780.00537109375,-0.03254144396331626,781.9406616210938,630.0021881103515,91.15371974709214,73.70009330132314,806.2416381835938,783.5467529296875,778.3094482421875,717.2078857421875,593.9072875976562,0.030694446965822353
2021-02-22,780.00537109375,828.9863705588709,727.732319281223,20210882.0,784.0954009984652,803.9472045898438,0.030694446965822353,790.4100830078125,643.9233764648437,91.06354156553455,75.74250809221303,780.00537109375,806.2416381835938,783.5467529296875,761.60009765625,626.7774658203125,-0.007755314336133412
2021-02-23,803.9472045898438,811.0299758419238,778.658595010019,10890564.0,812.8255938425159,797.7123413085938,-0.007755314336133412,794.2906616210937,658.1762573242188,89.08267792640919,75.98216012434648,803.9472045898438,780.00537109375,806.2416381835938,778.3094482421875,628.3237915039062,0.006940470564057222
2021-02-24,797.7123413085938,825.2953042932395,787.088123649674,9753081.0,804.0468895834472,803.2488403320312,0.006940470564057222,798.2310791015625,672.7608306884765,88.39985521814309,75.74568616694035,797.7123413085938,803.9472045898438,780.00537109375,783.5467529296875,649.123291015625,0.04756592661227077
2021-02-25,803.2488403320312,810.0822169618025,793.5224666677153,4626257.0,812.0275971526285,841.4561157226562,0.04756592661227077,805.273974609375,689.3031524658203,89.60894197373597,77.7450896648196,803.2488403320312,797.7123413085938,803.9472045898438,806.2416381835938,657.0040283203125,-0.011677580911704566
2021-02-26,841.4561157226562,860.3103435003923,807.039712649234,12118095.0,831.8793380537057,831.6299438476562,-0.011677580911704566,815.5988891601562,705.6135345458985,85.38686177870194,77.64173579245028,841.4561157226562,803.2488403320312,797.7123413085938,780.00537109375,717.2078857421875,0.021411809172924956
2021-03-01,831.6299438476562,858.9136456345716,817.8633349639165,11355426.0,838.7126949039265,849.4366455078125,0.021411809172924956,824.69677734375,721.2904541015625,86.16412486166601,78.09643205546263,831.6299438476562,841.4561157226562,803.2488403320312,803.9472045898438,761.60009765625,0.024721046017257775
2021-03-02,849.4366455078125,858.8637584486798,834.4231268398232,5996840.0,855.3223562133792,870.4356079101562,0.024721046017257775,839.2414306640625,736.6705902099609,86.17314637591258,79.23781864027376,849.4366455078125,831.6299438476562,841.4561157226562,797.7123413085938,778.3094482421875,0.04905163423289882
2021-03-03,870.4356079101562,874.3760483717698,850.184811437354,5116413.0,878.3165032823279,913.1318969726562,0.04905163423289882,861.2180419921875,754.0658355712891,87.58599576490171,82.63504408137044,870.4356079101562,849.4366455078125,831.6299438476562,803.2488403320312,783.5467529296875,0.0033321852182173206
2021-03-04,913.1318969726562,942.610340040061,870.734883091167,11670544.0,907.7949515207816,916.1746215820312,0.0033321852182173206,876.1617431640625,770.4610137939453,85.08354411198422,84.59770251162001,913.1318969726562,870.4356079101562,849.4366455078125,841.4561157226562,806.2416381835938,-0.009255323153197326
2021-03-05,916.1746215820312,936.4254198615812,903.2061222745916,8141787.0,915.7754768945816,907.6951293945312,-0.009255323153197326,891.3747802734375,786.1504058837891,79.49643559110038,84.49489475391238,916.1746215820312,913.1318969726562,870.4356079101562,831.6299438476562,780.00537109375,0.0003297543377254186
2021-03-08,907.6951293945312,931.7367052500427,886.1474345823062,7109101.0,915.8752662510944,907.9944458007812,0.0003297543377254186,903.0863403320312,800.2112548828125,78.04138348255681,83.47531967408975,907.6951293945312,916.1746215820312,913.1318969726562,849.4366455078125,803.9472045898438,-0.005493264883913884
2021-03-09,907.9944458007812,924.1552026768684,902.906767418856,3904469.0,915.7755635115226,903.006591796875,-0.005493264883913884,909.600537109375,813.9453948974609,75.85832413359032,81.32733010785842,907.9944458007812,907.6951293945312,916.1746215820312,870.4356079101562,797.7123413085938,-0.007788312968152411
2021-03-10,903.006591796875,926.1503872787576,891.4346636123037,5561849.0,908.7925323252208,895.9736938476562,-0.007788312968152411,906.168896484375,826.2879150390625,70.83621510691853,78.15659622265105,903.006591796875,907.9944458007812,907.6951293945312,913.1318969726562,803.2488403320312,-0.004509308918009047
2021-03-12,895.9736938476562,911.8849962800952,886.5465802097505,5465016.0,902.807084119568,891.9334716796875,-0.004509308918009047,901.3206665039063,838.0343872070313,78.97723322356569,74.45943262145795,895.9736938476562,903.006591796875,907.9944458007812,916.1746215820312,841.4561157226562,0.0023487970455686735
2021-03-15,891.9334716796875,921.561517446478,887.1451147921962,6049852.0,896.5722513357143,894.0284423828125,0.0023487970455686735,898.5873291015625,846.8754150390625,76.29583358425498,70.88137409970682,891.9334716796875,895.9736938476562,903.006591796875,907.6951293945312,831.6299438476562,0.0017852556588509039
2021-03-16,894.0284423828125,901.809530133503,872.3810111745004,5234540.0,898.5175090289885,895.62451171875,0.0017852556588509039,896.1133422851562,853.5766357421875,79.3773914330157,67.39760871942065,894.0284423828125,891.9334716796875,895.9736938476562,907.9944458007812,849.4366455078125,-0.026620576707833576
2021-03-17,895.62451171875,902.2085556666946,885.8981371275404,2555026.0,895.8240494572627,871.782470703125,-0.026620576707833576,889.8685180664063,858.2502868652343,68.52751121446937,61.998169793932675,895.62451171875,894.0284423828125,891.9334716796875,903.006591796875,870.4356079101562,-0.0032613648233837944
2021-03-18,871.782470703125,903.2061428166036,862.9040120050471,3886557.0,873.8772874169757,868.9392700195312,-0.0032613648233837944,884.4616333007813,862.5199127197266,59.186349778360984,56.83450027022468,871.782470703125,895.62451171875,894.0284423828125,895.9736938476562,913.1318969726562,0.021353612750594442
2021-03-19,868.9392700195312,888.8409395987733,855.6715105957887,4465851.0,863.9015460043773,887.4942626953125,0.021353612750594442,883.5737915039062,866.5825439453125,67.64332487099267,53.6213739875659,868.9392700195312,871.782470703125,895.62451171875,891.9334716796875,916.1746215820312,0.11397740934999989
2021-03-22,887.4942626953125,893.2303295423393,838.1640756334307,4794995.0,890.736424852941,988.6485595703124,0.11397740934999989,902.4978149414062,877.0147033691406,78.80286264728196,58.562186205939156,887.4942626953125,868.9392700195312,871.782470703125,894.0284423828125,907.6951293945312,0.0679581909342244
2021-03-23,988.6485595703124,1000.5696155219292,881.3093111134925,22596465.0,996.5792398816528,1055.8353271484375,0.0679581909342244,934.5399780273438,889.6091094970703,82.20409728013489,67.12544577092467,988.6485595703124,887.4942626953125,868.9392700195312,895.62451171875,907.9944458007812,-0.03113191742828958
2021-03-24,1055.8353271484375,1084.0666779962926,988.6484920114494,31098225.0,1060.4242089683858,1022.9651489257812,-0.03113191742828958,964.776513671875,900.8717498779297,69.75240397597275,70.44746744356291,1055.8353271484375,988.6485595703124,887.4942626953125,871.782470703125,903.006591796875,-0.04281037150913103
2021-03-25,1022.9651489257812,1090.3515149599675,1015.9323050824712,22877032.0,1030.4470489162811,979.171630859375,-0.04281037150913103,986.8229858398438,909.6678894042968,59.88108346769554,68.75387081791314,1022.9651489257812,1055.8353271484375,988.6485595703124,868.9392700195312,895.9736938476562,0.0068767520377432945
2021-03-26,979.171630859375,1038.9264528853232,974.6326679710468,13139164.0,997.5768122479398,985.9051513671876,0.0068767520377432945,1006.5051635742187,916.8903411865234,62.33480426404982,67.18060591444726,979.171630859375,1022.9651489257812,1055.8353271484375,887.4942626953125,891.9334716796875,0.04376208361630307
2021-03-30,985.9051513671876,1015.9821166113657,975.630122378485,9396506.0,1001.5671250007988,1029.0504150390625,0.04376208361630307,1014.5855346679688,926.7613647460937,66.81913196708732,68.62418742627415,985.9051513671876,979.171630859375,1022.9651489257812,988.6485595703124,894.0284423828125,-0.0003877826059157652
2021-03-31,1029.0504150390625,1039.923904932707,985.6058959171208,10470011.0,1035.484744082079,1028.6513671875,-0.0003877826059157652,1009.1487426757812,935.7221008300781,67.68215272163548,68.94132368326018,1029.0504150390625,985.9051513671876,979.171630859375,1055.8353271484375,895.62451171875,0.07375260955874596
2021-04-01,1028.6513671875,1050.5980573318216,1014.1365756776996,6440569.0,1040.871756983864,1104.51708984375,0.07375260955874596,1025.459130859375,947.4261749267578,74.58543436192171,74.45610262980699,1028.6513671875,1029.0504150390625,985.9051513671876,1022.9651489257812,871.782470703125,0.028043686901842557
2021-04-05,1104.51708984375,1113.3457427873925,1032.4920867078522,12713083.0,1124.2690820055116,1135.4918212890625,0.028043686901842557,1056.7231689453124,958.5441711425781,76.99878242085262,80.39921453926536,1104.51708984375,1028.6513671875,1029.0504150390625,979.171630859375,868.9392700195312,0.07656492203945642
2021-04-06,1135.4918212890625,1147.2133489852158,1096.1872700211009,15795720.0,1150.6051327592954,1222.4306640625,0.07656492203945642,1104.028271484375,973.8569732666016,80.6403553649844,91.07456073449544,1135.4918212890625,1104.51708984375,1028.6513671875,985.9051513671876,887.4942626953125,-0.04884108010343757
2021-04-07,1222.4306640625,1237.9928381566249,1139.7315210265465,21496457.0,1230.4113998769153,1162.725830078125,-0.04884108010343757,1130.7633544921875,986.6085083007813,72.48301259426174,93.63777044740436,1222.4306640625,1135.4918212890625,1104.51708984375,1029.0504150390625,988.6485595703124,-0.0026169941365137284
2021-04-08,1162.725830078125,1248.5672511464306,1105.3152295106106,23007694.0,1159.6829833984375,1159.6829833984375,-0.0026169941365137284,1156.969677734375,999.1929351806641,75.11310304409251,94.33615187825762,1162.725830078125,1222.4306640625,1135.4918212890625,1028.6513671875,1055.8353271484375,0.03346240885512741
2021-04-09,1159.6829833984375,1188.1139210559477,1134.9929585905998,12404773.0,1160.5808518379745,1198.48876953125,0.03346240885512741,1175.764013671875,1013.9670440673829,77.04904301294295,96.90387922202763,1159.6829833984375,1162.725830078125,1222.4306640625,1104.51708984375,1022.9651489257812,-0.10571001077610354
2021-04-12,1198.48876953125,1225.0242875616411,1148.4103420401646,12923020.0,1174.54691636233,1071.7965087890625,-0.10571001077610354,1163.024951171875,1022.7581848144531,62.8468067031257,87.70480857229325,1198.48876953125,1159.6829833984375,1162.725830078125,1135.4918212890625,979.171630859375,0.029737509249549765
2021-04-13,1071.7965087890625,1174.54691636233,1058.8280107458347,13690016.0,1074.3902126827124,1103.6690673828125,0.029737509249549765,1139.2726318359375,1033.3449645996093,58.87468475847244,82.04061477639686,1071.7965087890625,1198.48876953125,1159.6829833984375,1222.4306640625,985.9051513671876,0.02133143654693148
2021-04-15,1103.6690673828125,1113.595029599045,1048.5031434546188,12137329.0,1092.3466518303255,1127.2119140625,0.02133143654693148,1132.1698486328125,1045.0041381835938,55.904923696708025,78.54598216682757,1103.6690673828125,1071.7965087890625,1198.48876953125,1162.725830078125,1029.0504150390625,0.025709217554027886
2021-04-16,1127.2119140625,1142.1257610494604,1078.7297034594549,9350889.0,1127.261919707857,1156.191650390625,0.025709217554027886,1131.47158203125,1058.0324951171874,61.09312104250536,77.22468507530039,1127.2119140625,1103.6690673828125,1071.7965087890625,1159.6829833984375,1028.6513671875,-0.01954289922992314
2021-04-19,1156.191650390625,1189.1116887537748,1109.305535146139,10661068.0,1097.3344230339333,1133.5963134765625,-0.01954289922992314,1118.4930908203125,1071.1231872558594,63.32871218236962,73.50695039138145,1156.191650390625,1127.2119140625,1103.6690673828125,1198.48876953125,1104.51708984375,0.005632202115325224
2021-04-20,1133.5963134765625,1150.2059906892046,1086.3610788035935,8565063.0,1154.0467664056314,1139.98095703125,0.005632202115325224,1132.12998046875,1084.6752716064452,63.30661374618282,70.26582554774859,1133.5963134765625,1156.191650390625,1127.2119140625,1071.7965087890625,1135.4918212890625,0.013169893445828418
2021-04-22,1139.98095703125,1174.8462195865854,1122.3238953149337,8261172.0,1131.2520099216654,1154.994384765625,0.013169893445828418,1142.3950439453124,1098.050277709961,61.4325602464576,68.12338492770937,1139.98095703125,1133.5963134765625,1156.191650390625,1103.6690673828125,1222.4306640625,-0.0001725902938939372
2021-04-23,1154.994384765625,1166.167195413075,1120.2786659100796,7124786.0,1158.1868299037262,1154.7950439453125,-0.0001725902938939372,1147.911669921875,1106.357601928711,61.45484180559617,65.65259788158164,1154.994384765625,1139.98095703125,1133.5963134765625,1127.2119140625,1162.725830078125,0.013605591749161539
2021-04-26,1154.7950439453125,1180.0337892929915,1142.874048195736,6167151.0,1157.1890879427488,1170.5067138671875,0.013605591749161539,1150.7746826171874,1112.0911712646484,56.72733526654502,64.2219708975233,1154.7950439453125,1154.994384765625,1139.98095703125,1156.191650390625,1159.6829833984375,0.01517031709211314
2021-04-27,1170.5067138671875,1194.9972730157804,1157.1890879427488,6939823.0,1181.8292282217794,1188.263671875,0.01517031709211314,1161.708154296875,1120.3560974121094,55.52884609235978,63.785744458796216,1170.5067138671875,1154.7950439453125,1154.994384765625,1133.5963134765625,1198.48876953125,-0.004995245656165159
2021-04-28,1188.263671875,1210.5594897919132,1178.1382426405023,7109421.0,1205.0228756725144,1182.3280029296875,-0.004995245656165159,1170.1775634765625,1130.513916015625,44.939572967309424,62.24356788058367,1188.263671875,1170.5067138671875,1154.7950439453125,1139.98095703125,1071.7965087890625,-0.002446717204072746
2021-04-29,1182.3280029296875,1211.0083366156775,1177.888834773314,5020151.0,1193.6506510441252,1179.4351806640625,-0.002446717204072746,1175.06572265625,1140.1904174804688,52.461413584302825,60.09521502027633,1182.3280029296875,1188.263671875,1170.5067138671875,1154.994384765625,1103.6690673828125,-0.019961119581350828
2021-04-30,1179.4351806640625,1209.71161427652,1175.1455514185163,4070698.0,1168.162578868466,1155.892333984375,-0.019961119581350828,1175.2851806640624,1146.5325134277343,49.47341253031613,55.84912498126937,1179.4351806640625,1182.3280029296875,1188.263671875,1154.7950439453125,1127.2119140625,0.08358508280116217
2021-05-03,1155.892333984375,1198.039959054565,1140.2304249757956,4232500.0,1142.325251845513,1252.5076904296875,0.08358508280116217,1191.6853759765625,1157.7253295898438,56.465685141444304,59.593166918007,1155.892333984375,1179.4351806640625,1182.3280029296875,1170.5067138671875,1156.191650390625,0.005535379560321463
2021-05-04,1252.5076904296875,1261.3362213925493,1119.929699777486,11276228.0,1281.886275429301,1259.4407958984375,0.005535379560321463,1205.92080078125,1165.4715148925782,81.48644297347586,62.400476940952785,1252.5076904296875,1155.892333984375,1179.4351806640625,1188.263671875,1133.5963134765625,0.0039604204146048705
2021-05-05,1259.4407958984375,1295.802424028628,1238.8408092185412,10271516.0,1271.3120158489874,1264.4287109375,0.0039604204146048705,1222.3409423828125,1171.918359375,79.65042059489829,64.28671617069267,1259.4407958984375,1252.5076904296875,1155.892333984375,1182.3280029296875,1139.98095703125,0.015187291228205613
2021-05-06,1264.4287109375,1285.1284314518614,1237.2447406234592,7805805.0,1269.266827614198,1283.6319580078125,0.015187291228205613,1243.1802978515625,1174.9784240722656,79.31936777451192,66.56380973610794,1264.4287109375,1259.4407958984375,1252.5076904296875,1179.4351806640625,1154.994384765625,0.00944243043587134
2021-05-07,1283.6319580078125,1308.6711115398314,1259.9395088120204,6240535.0,1301.8377577594624,1295.7525634765625,0.00944243043587134,1271.15234375,1181.6297607421875,77.92414036674884,68.55618137333681,1283.6319580078125,1264.4287109375,1259.4407958984375,1155.892333984375,1154.7950439453125,0.0040033707637587845
2021-05-10,1295.7525634765625,1319.1956188844915,1287.3229662332578,4584524.0,1291.7622831265603,1300.93994140625,0.0040033707637587845,1280.8387939453125,1188.692608642578,85.99020119011801,69.74969720460422,1295.7525634765625,1283.6319580078125,1264.4287109375,1252.5076904296875,1170.5067138671875,-0.0004600602403985743
2021-05-11,1300.93994140625,1310.8159765433293,1283.1831465999778,3892338.0,1288.8692968300488,1300.3414306640625,-0.0004600602403985743,1289.0189208984375,1193.7852416992187,85.36861167067019,69.84217516471449,1300.93994140625,1295.7525634765625,1283.6319580078125,1259.4407958984375,1188.263671875,-0.01357882174312508
2021-05-12,1300.3414306640625,1322.7869099045238,1280.8886819889958,4744734.0,1307.8232133712652,1282.684326171875,-0.01357882174312508,1292.6700439453125,1204.3296325683593,77.83826048263388,67.71016323477784,1300.3414306640625,1300.93994140625,1295.7525634765625,1264.4287109375,1182.3280029296875,-0.050902238823725354
2021-05-14,1282.684326171875,1325.2808077526513,1275.5016999902532,4143731.0,1296.8498386583235,1217.392822265625,-0.050902238823725354,1279.422216796875,1210.0158203125,60.630163486122974,60.059718667715515,1282.684326171875,1300.3414306640625,1300.93994140625,1283.6319580078125,1179.4351806640625,0.05633627270431951
2021-05-17,1217.392822265625,1298.8449922562595,1210.4097846728494,6377643.0,1227.0194332418555,1285.9761962890625,0.05633627270431951,1277.466943359375,1217.954034423828,66.62357555039587,58.85237776183385,1217.392822265625,1282.684326171875,1300.3414306640625,1295.7525634765625,1155.892333984375,0.029167655856346286
2021-05-18,1285.9761962890625,1295.8522307163987,1224.475563755819,7782732.0,1311.7635798839635,1323.485107421875,0.029167655856346286,1281.9759765625,1226.3187072753906,68.41961035497192,60.227936883058646,1285.9761962890625,1217.392822265625,1282.684326171875,1300.93994140625,1252.5076904296875,-0.024119926323488583
2021-05-19,1323.485107421875,1341.690884236078,1298.8450088817726,6531595.0,1346.7287945841397,1291.562744140625,-0.024119926323488583,1280.2202392578124,1234.2170288085938,63.89595707841264,58.07278257802295,1323.485107421875,1285.9761962890625,1217.392822265625,1300.3414306640625,1259.4407958984375,0.005638400972658886
2021-05-20,1291.562744140625,1348.275087465508,1280.788986848665,9925284.0,1298.1468376699268,1298.8450927734375,0.005638400972658886,1283.452392578125,1242.1602355957032,65.02258749351923,56.30340137437952,1291.562744140625,1323.485107421875,1285.9761962890625,1282.684326171875,1264.4287109375,0.010061334725044446
2021-05-21,1298.8450927734375,1316.8014765444989,1280.8387814487592,5837747.0,1316.801358618191,1311.9132080078125,0.010061334725044446,1302.3564697265624,1250.0061767578125,70.159827758894,55.317970576834796,1298.8450927734375,1291.562744140625,1323.485107421875,1217.392822265625,1283.6319580078125,-0.006311136312523669
2021-05-24,1311.9132080078125,1332.7625872075023,1296.8997504306974,8314215.0,1318.4973433497914,1303.633544921875,-0.006311136312523669,1305.887939453125,1257.4481018066406,58.56023453918096,53.25501924339369,1311.9132080078125,1298.8450927734375,1291.562744140625,1285.9761962890625,1295.7525634765625,-0.018403901505014475
2021-05-25,1303.633544921875,1325.430575887014,1299.8427039824924,7913411.0,1311.16500313578,1279.6416015625,-0.018403901505014475,1297.11923828125,1262.9048461914062,53.19953984319868,49.11796480541443,1303.633544921875,1311.9132080078125,1298.8450927734375,1323.485107421875,1300.93994140625,0.03122212106203448
2021-05-26,1279.6416015625,1318.7964897802574,1269.8154947340918,3697062.0,1285.8266522413771,1319.5947265625,0.03122212106203448,1302.725634765625,1269.4713989257812,57.866291153033416,48.50407782630123,1279.6416015625,1303.633544921875,1311.9132080078125,1291.562744140625,1300.3414306640625,0.0022677824112959932
2021-05-27,1319.5947265625,1323.6348398035814,1251.210783713894,5630730.0,1326.278265472812,1322.5872802734375,0.0022677824112959932,1307.474072265625,1276.4843627929688,55.82400631891235,47.70908145406429,1319.5947265625,1279.6416015625,1303.633544921875,1298.8450927734375,1282.684326171875,-0.01749878976079955
2021-05-28,1322.5872802734375,1338.7479746254337,1301.0894529845168,36690935.0,1308.421795324956,1299.443603515625,-0.01749878976079955,1304.9801513671875,1282.4847839355468,50.53422016082611,44.69630858398182,1322.5872802734375,1319.5947265625,1279.6416015625,1311.9132080078125,1217.392822265625,0.01051738452511497
2021-05-31,1299.443603515625,1327.2260949262625,1294.8547742790931,2979585.0,1303.8827664364744,1313.1103515625,0.01051738452511497,1306.8755126953124,1290.345684814453,51.719276172660166,42.91673927259467,1299.443603515625,1322.5872802734375,1319.5947265625,1303.633544921875,1285.9761962890625,0.0759325090638654
2021-06-01,1313.1103515625,1318.2977020586786,1288.869187332435,2709718.0,1316.7016167982215,1412.818115234375,0.0759325090638654,1333.5108154296875,1298.3612060546875,62.41329705211998,48.987305839790906,1313.1103515625,1299.443603515625,1322.5872802734375,1279.6416015625,1323.485107421875,0.09214479662092145
2021-06-02,1412.818115234375,1426.534795964806,1305.877933085838,10018645.0,1422.0956907187565,1543.001953125,0.09214479662092145,1378.1922607421875,1312.5392639160157,73.0134995309935,63.570223342785994,1412.818115234375,1313.1103515625,1299.443603515625,1319.5947265625,1291.562744140625,0.023500839222447167
2021-06-03,1543.001953125,1553.227115574996,1409.5760528628578,24541949.0,1560.2101015864669,1579.2637939453125,0.023500839222447167,1429.5275634765626,1328.2810180664062,83.72225244330022,77.16382152774236,1543.001953125,1412.818115234375,1313.1103515625,1322.5872802734375,1298.8450927734375,0.07444256847761999
2021-06-04,1579.2637939453125,1619.8652424157535,1549.2367568822142,19107244.0,1601.1107996866986,1696.8282470703125,0.07444256847761999,1509.0044921875,1348.9408325195313,85.08393375362753,96.313077659501,1579.2637939453125,1543.001953125,1412.818115234375,1299.443603515625,1311.9132080078125,-0.04506303659811073
2021-06-07,1696.8282470703125,1709.3978124500811,1581.957373409598,21102075.0,1710.8441789755293,1620.364013671875,-0.04506303659811073,1570.455224609375,1365.171405029297,73.76998773594237,104.11876025335255,1696.8282470703125,1579.2637939453125,1543.001953125,1313.1103515625,1303.633544921875,0.007480174433943221
2021-06-08,1620.364013671875,1713.0387991833618,1609.091347339667,15350263.0,1629.04302765117,1632.484619140625,0.007480174433943221,1614.388525390625,1381.7486389160156,78.19022978690417,110.01467086708544,1620.364013671875,1696.8282470703125,1579.2637939453125,1412.818115234375,1279.6416015625,-0.025543107714363078
2021-06-09,1632.484619140625,1663.9582180784762,1598.5670055826704,12410257.0,1636.0259727713508,1590.785888671875,-0.025543107714363078,1623.9453125,1396.2708618164063,72.84009026861885,110.05385115820945,1632.484619140625,1620.364013671875,1696.8282470703125,1543.001953125,1319.5947265625,0.010880223160139035
2021-06-10,1590.785888671875,1645.4530249412342,1568.0410886332972,11614666.0,1608.093994140625,1608.093994140625,0.010880223160139035,1629.7113525390625,1412.5413452148437,73.01909085751464,110.21107659567588,1590.785888671875,1632.484619140625,1620.364013671875,1579.2637939453125,1322.5872802734375,-0.006451661387636642
2021-06-11,1608.093994140625,1626.0503786905824,1587.1448788323414,5362307.0,1611.1864041715012,1597.7191162109375,-0.006451661387636642,1609.8895263671875,1431.5576599121093,72.78205494097931,108.25066664379392,1608.093994140625,1590.785888671875,1632.484619140625,1696.8282470703125,1299.443603515625,-0.06253131084771646
2021-06-14,1597.7191162109375,1616.1742886013396,1571.4329896205936,5355387.0,1437.9570371938112,1497.8116455078125,-0.06253131084771646,1585.379052734375,1442.149432373047,65.12238456002191,97.51128036736145,1597.7191162109375,1608.093994140625,1590.785888671875,1620.364013671875,1313.1103515625,0.024909387254664184
2021-06-15,1497.8116455078125,1526.242584456963,1198.2892097364984,43530006.0,1547.1918721725067,1535.1212158203125,0.024909387254664184,1565.9063720703125,1452.7312377929688,64.9940969426222,90.9622536473064,1497.8116455078125,1597.7191162109375,1608.093994140625,1632.484619140625,1412.818115234375,-0.0588427073677652
2021-06-16,1535.1212158203125,1568.7894368008588,1473.620574474276,22320542.0,1506.340967159606,1444.79052734375,-0.0588427073677652,1536.7072998046874,1460.392626953125,57.58044591473006,77.58877604062195,1535.1212158203125,1497.8116455078125,1597.7191162109375,1590.785888671875,1543.001953125,-0.05565151738921925
2021-06-17,1444.79052734375,1534.4725841941065,1405.8850321654554,12626149.0,1376.65598555113,1364.3857421875,-0.05565151738921925,1487.9656494140625,1463.669659423828,53.761256777255795,59.8127206834306,1444.79052734375,1535.1212158203125,1497.8116455078125,1608.093994140625,1579.2637939453125,0.08759244838171942
2021-06-18,1364.3857421875,1432.5202864140745,1300.3413602651435,27926070.0,1346.7288069524684,1483.8956298828125,0.08759244838171942,1465.2009521484374,1472.268780517578,58.81111454972264,54.73753763358809,1364.3857421875,1444.79052734375,1535.1212158203125,1597.7191162109375,1696.8282470703125,0.035294128292911786
2021-06-21,1483.8956298828125,1500.3556486344537,1329.3211388612997,30526777.0,1486.3895874023438,1536.2684326171875,0.035294128292911786,1472.8923095703126,1483.9005249023437,56.69606883839903,54.31535241227925,1483.8956298828125,1364.3857421875,1444.79052734375,1497.8116455078125,1620.364013671875,0.001038846618039324
2021-06-22,1536.2684326171875,1578.166662597656,1441.3489658184349,21101083.0,1550.2842841830932,1537.8643798828125,0.001038846618039324,1473.4409423828124,1496.8116638183594,49.67615873646583,53.4929141727589,1536.2684326171875,1483.8956298828125,1364.3857421875,1535.1212158203125,1632.484619140625,-0.023903681363624973
2021-06-23,1537.8643798828125,1578.1665072029482,1528.0882002480328,12069983.0,1556.3196138643034,1501.103759765625,-0.023903681363624973,1484.7035888671876,1505.8871154785156,45.07636442379222,49.30647674871352,1537.8643798828125,1536.2684326171875,1483.8956298828125,1444.79052734375,1590.785888671875,0.002492144045698197
2021-06-24,1501.103759765625,1566.1457214473903,1477.7106314250886,12679703.0,1506.2911643316545,1504.8447265625,0.002492144045698197,1512.7953857421876,1514.9999877929688,35.88147371463813,45.76303193875674,1501.103759765625,1537.8643798828125,1536.2684326171875,1364.3857421875,1608.093994140625,0.0072587820197915764
2021-06-25,1504.8447265625,1515.319283823956,1484.4443280345208,7261764.0,1521.304666525378,1515.76806640625,0.0072587820197915764,1519.169873046875,1525.8162109375,41.48738362398527,43.33669024397523,1504.8447265625,1501.103759765625,1537.8643798828125,1483.8956298828125,1597.7191162109375,0.004146274208008061
2021-06-28,1515.76806640625,1530.282857999954,1497.3628225931752,4962963.0,1521.2049404902182,1522.0528564453125,0.004146274208008061,1516.3267578125,1536.2633361816406,40.92623956949395,41.443195640137446,1515.76806640625,1504.8447265625,1501.103759765625,1536.2684326171875,1497.8116455078125,-0.001441855365818423
2021-06-29,1522.0528564453125,1561.207747230486,1514.5211026290583,6178022.0,1522.3022909685678,1519.8582763671875,-0.001441855365818423,1512.725537109375,1541.6153442382813,43.7675470389898,39.312335125028085,1522.0528564453125,1515.76806640625,1504.8447265625,1537.8643798828125,1535.1212158203125,-0.010501836887771288
2021-06-30,1519.8582763671875,1544.947237019564,1509.3337917663457,5551918.0,1535.2707147050369,1503.89697265625,-0.010501836887771288,1513.2841796875,1539.6600952148438,40.82242128899102,35.92158730149163,1519.8582763671875,1522.0528564453125,1515.76806640625,1501.103759765625,1444.79052734375,-0.010839433749753602
2021-07-01,1503.89697265625,1535.2707147050369,1499.0586276951713,3256147.0,1506.8612528217457,1487.5955810546875,-0.010839433749753602,1509.8343505859375,1535.0766845703124,40.40063708310597,31.55525976439162,1503.89697265625,1519.8582763671875,1522.0528564453125,1504.8447265625,1364.3857421875,-0.045764112288281145
2021-07-02,1487.5955810546875,1519.8380973469668,1480.258697174466,3759914.0,1487.5955630977437,1419.51708984375,-0.045764112288281145,1490.5841552734375,1521.2111267089845,42.774177572618285,22.343980944830946,1487.5955810546875,1503.89697265625,1519.8582763671875,1515.76806640625,1483.8956298828125,-0.019478988336083414
2021-07-05,1419.51708984375,1505.014432374411,1409.035792469131,6653653.0,1424.45820058017,1391.8663330078125,-0.019478988336083414,1464.5468505859376,1509.7862426757813,36.53898741193031,12.666776413308071,1419.51708984375,1487.5955810546875,1503.89697265625,1522.0528564453125,1536.2684326171875,0.014666332344311028
2021-07-06,1391.8663330078125,1441.3779601780752,1348.1942613362062,12239845.0,1398.404642516048,1412.2799072265625,0.014666332344311028,1443.0311767578125,1498.7760070800782,46.483005646428815,6.569003553772063,1391.8663330078125,1419.51708984375,1487.5955810546875,1519.8582763671875,1537.8643798828125,0.00766902544704795
2021-07-07,1412.2799072265625,1441.577602566581,1376.2940732872237,9485434.0,1417.470756940386,1423.1107177734375,0.00766902544704795,1426.87392578125,1490.3922485351563,57.4786162022201,2.580682028771662,1412.2799072265625,1391.8663330078125,1419.51708984375,1503.89697265625,1501.103759765625,0.00017532839548861645
2021-07-08,1423.1107177734375,1434.5402747836686,1382.5330974383344,5549751.0,1417.4707141262977,1423.3602294921875,0.00017532839548861645,1414.02685546875,1481.1555603027343,38.927486295167,-0.5535767158582985,1423.1107177734375,1412.2799072265625,1391.8663330078125,1487.5955810546875,1504.8447265625,0.003821986426094881
2021-07-09,1423.3602294921875,1442.4261844454225,1409.2853686027777,3898830.0,1423.360049866882,1428.80029296875,0.003821986426094881,1415.88349609375,1472.709619140625,26.268611012123145,-2.5689187972429863,1423.3602294921875,1423.1107177734375,1412.2799072265625,1419.51708984375,1515.76806640625,-0.007440495006634906
2021-07-12,1428.80029296875,1454.0053148102409,1413.92681016498,4502324.0,1439.4314193718126,1418.1693115234375,-0.007440495006634906,1421.144091796875,1468.7275024414062,24.58284471236945,-4.9666705854497195,1428.80029296875,1423.3602294921875,1423.1107177734375,1391.8663330078125,1522.0528564453125,-0.0021117020035820167
2021-07-13,1418.1693115234375,1444.4225130589548,1411.631051905005,2557189.0,1430.4473549479678,1415.174560546875,-0.0021117020035820167,1421.7230224609375,1462.7301696777345,28.698265677654263,-7.027548325503176,1418.1693115234375,1428.80029296875,1423.3602294921875,1412.2799072265625,1519.8582763671875,-0.01103888430283162
2021-07-14,1415.174560546875,1430.4473549479678,1382.7324537528702,4157955.0,1446.4189327082256,1399.5526123046875,-0.01103888430283162,1417.0114013671875,1460.4682739257812,25.350233794024632,-9.808305408107117,1415.174560546875,1418.1693115234375,1428.80029296875,1423.1107177734375,1503.89697265625,0.00420806209434077
2021-07-15,1399.5526123046875,1446.4189327082256,1395.3101827229002,3859529.0,1396.5080076809925,1405.4420166015625,0.00420806209434077,1413.4277587890624,1462.5210876464844,23.54828758723913,-11.405375652469274,1399.5526123046875,1415.174560546875,1418.1693115234375,1423.3602294921875,1487.5955810546875,-0.008842580645945786
2021-07-16,1405.4420166015625,1426.4545696755813,1390.9180071459105,2728305.0,1406.490235512165,1393.0142822265625,-0.008842580645945786,1406.270556640625,1457.9770202636719,19.94704048781432,-13.518051940473924,1405.4420166015625,1399.5526123046875,1415.174560546875,1428.80029296875,1419.51708984375,-0.010677230912863656
2021-07-19,1393.0142822265625,1412.4795480835442,1385.777196202813,2134914.0,1387.5240274538844,1378.1407470703125,-0.010677230912863656,1398.26484375,1450.0706359863282,18.834694894360908,-16.20572360946062,1393.0142822265625,1405.4420166015625,1399.5526123046875,1418.1693115234375,1391.8663330078125,-0.010792375972886514
2021-07-20,1378.1407470703125,1410.1337059408836,1330.3760054598306,6190302.0,1337.6131601758843,1363.267333984375,-0.010792375972886514,1387.8833984375,1441.3407836914062,18.925248266129202,-19.31325176028622,1378.1407470703125,1393.0142822265625,1405.4420166015625,1415.174560546875,1412.2799072265625,0.03738012726849105
2021-07-22,1363.267333984375,1380.4367700476132,1333.7200825779312,4529933.0,1372.5508068401766,1414.2264404296875,0.03738012726849105,1390.8181640625,1436.9969177246094,35.94105835967163,-17.46271687130411,1363.267333984375,1378.1407470703125,1393.0142822265625,1399.5526123046875,1423.1107177734375,-0.010658208393139468
2021-07-23,1414.2264404296875,1422.361947764443,1338.1122593230957,5009804.0,1427.4527972011224,1399.1533203125,-0.010658208393139468,1389.5604248046875,1431.7123474121095,45.103184779188325,-17.01627641924074,1414.2264404296875,1363.267333984375,1378.1407470703125,1405.4420166015625,1423.3602294921875,0.001605236286174705
2021-07-26,1399.1533203125,1432.29413371616,1383.730767678568,4694140.0,1397.306619591447,1401.3992919921875,0.001605236286174705,1391.2374267578125,1425.9939086914062,52.61142722620375,-16.293417624296353,1399.1533203125,1414.2264404296875,1363.267333984375,1393.0142822265625,1428.80029296875,-0.0050930017892447665
2021-07-27,1401.3992919921875,1414.2763379115322,1389.5204647975536,2054318.0,1401.399250933773,1394.261962890625,-0.0050930017892447665,1394.461669921875,1419.6043640136718,44.67704837512631,-16.110754877107865,1401.3992919921875,1399.1533203125,1414.2264404296875,1378.1407470703125,1418.1693115234375,0.002255337471503971
2021-07-28,1394.261962890625,1422.0623291887491,1375.6951195255513,2978042.0,1404.3440659187263,1397.406494140625,0.002255337471503971,1401.289501953125,1413.4817749023437,42.045060449063136,-15.533198894243696,1394.261962890625,1401.3992919921875,1399.1533203125,1363.267333984375,1415.174560546875,0.00024992238516619025
2021-07-29,1397.406494140625,1422.2621661269409,1376.1443853908288,3188606.0,1411.4312847792687,1397.7557373046875,0.00024992238516619025,1397.995361328125,1408.1747131347656,42.08081381651676,-14.875821402909196,1397.406494140625,1394.261962890625,1401.3992919921875,1414.2264404296875,1399.5526123046875,0.014283237769111334
2021-07-30,1397.7557373046875,1422.4616501761684,1394.511526523584,2538248.0,1406.9893630151491,1417.72021484375,0.014283237769111334,1401.708740234375,1404.6809448242188,46.85556553260833,-12.598649132759874,1397.7557373046875,1397.406494140625,1394.261962890625,1399.1533203125,1405.4420166015625,0.012638578869367922
2021-08-02,1417.72021484375,1446.9181140052915,1397.7558393486786,4403219.0,1432.4439322768617,1435.63818359375,0.012638578869367922,1408.5565185546875,1405.4869995117188,54.760623204017016,-9.241611822725645,1417.72021484375,1397.7557373046875,1397.406494140625,1401.3992919921875,1393.0142822265625,0.003198606075055732
2021-08-03,1435.63818359375,1442.4261199582336,1421.5633233335911,2483790.0,1464.3870723583852,1440.230224609375,0.003198606075055732,1417.7501708984375,1407.9051940917968,56.76924619350277,-6.139820210224798,1435.63818359375,1417.72021484375,1397.7557373046875,1394.261962890625,1378.1407470703125,-0.009183729340147662
2021-08-04,1440.230224609375,1464.3870723583852,1419.6668185445264,4442122.0,1457.399249620481,1427.0035400390625,-0.009183729340147662,1423.669580078125,1408.641375732422,57.51361537484881,-4.694792272020095,1440.230224609375,1435.63818359375,1417.72021484375,1397.406494140625,1363.267333984375,0.001958680456557227
2021-08-05,1427.0035400390625,1457.399249620481,1420.5151187222589,3341801.0,1425.4563568477454,1429.798583984375,0.001958680456557227,1430.0781494140624,1408.9757690429688,56.78152918760592,-3.286179501184961,1427.0035400390625,1440.230224609375,1435.63818359375,1397.7557373046875,1414.2264404296875,0.07281751503255807
2021-08-06,1429.798583984375,1435.4385442206287,1404.8930752301803,2104359.0,1419.4671525488438,1533.9129638671875,0.07281751503255807,1453.31669921875,1414.5034057617188,75.97049434393925,6.160304449535943,1429.798583984375,1427.0035400390625,1440.230224609375,1417.72021484375,1399.1533203125,-0.028145727117580566
2021-08-09,1533.9129638671875,1552.2302547211336,1419.4671525488438,14250256.0,1543.9448530905026,1490.7398681640625,-0.028145727117580566,1464.3370361328125,1417.6003845214843,68.7936829271473,10.047185329771537,1533.9129638671875,1429.798583984375,1427.0035400390625,1435.63818359375,1401.3992919921875,-0.0314048126368669
2021-08-10,1490.7398681640625,1562.2123044976622,1479.859259691875,6031426.0,1485.349541187781,1443.9234619140625,-0.0314048126368669,1465.07568359375,1418.8880920410156,62.16498356792385,9.243322440158181,1490.7398681640625,1533.9129638671875,1429.798583984375,1440.230224609375,1394.261962890625,-0.006532967790581878
2021-08-11,1443.9234619140625,1495.980595540648,1423.5099366516586,3581449.0,1452.4083349288849,1434.4903564453125,-0.006532967790581878,1466.573046875,1419.8538818359375,53.493978642365704,7.755679883094672,1443.9234619140625,1490.7398681640625,1533.9129638671875,1427.0035400390625,1397.406494140625,0.004070768069527331
2021-08-12,1434.4903564453125,1454.0054606173371,1404.4938331580352,3197412.0,1441.0285383562134,1440.329833984375,0.004070768069527331,1468.679296875,1421.8927429199218,57.333312462878844,6.967591416909045,1434.4903564453125,1443.9234619140625,1490.7398681640625,1429.798583984375,1397.7557373046875,-0.004089012272206705
2021-08-13,1440.329833984375,1455.4029124796737,1427.7023426433834,2455443.0,1442.4260574160303,1434.4403076171875,-0.004089012272206705,1448.784765625,1423.3426574707032,55.80903530421719,5.800920670043524,1440.329833984375,1434.4903564453125,1443.9234619140625,1533.9129638671875,1417.72021484375,-0.004801660463614188
2021-08-16,1434.4403076171875,1451.410025939729,1425.456339093489,2095991.0,1428.9501429275144,1427.5526123046875,-0.004801660463614188,1436.147314453125,1425.0695739746093,55.85806620684322,4.2713092546068765,1434.4403076171875,1440.329833984375,1434.4903564453125,1490.7398681640625,1435.63818359375,0.008076438595850721
2021-08-17,1427.5526123046875,1447.1176754656385,1411.0321650772926,1909352.0,1428.451098759805,1439.0821533203125,0.008076438595850721,1435.179052734375,1428.1166442871095,57.12334569217513,3.943955329176788,1427.5526123046875,1434.4403076171875,1440.329833984375,1443.9234619140625,1440.230224609375,0.01272851780576767
2021-08-18,1439.0821533203125,1448.4154747033383,1413.6774118204382,3062815.0,1439.3317991307847,1457.3995361328125,0.01272851780576767,1439.760888671875,1432.8232543945312,59.60457463663562,5.103751819034187,1439.0821533203125,1427.5526123046875,1434.4403076171875,1434.4903564453125,1427.0035400390625,-0.020479575496039626
2021-08-20,1457.3995361328125,1494.1340389353977,1430.0483149882357,4738820.0,1435.4385648129694,1427.5526123046875,-0.020479575496039626,1437.2054443359375,1433.4895629882812,51.534493381143484,3.5733106801374106,1457.3995361328125,1439.0821533203125,1427.5526123046875,1440.329833984375,1429.798583984375,-0.02335505948046912
2021-08-23,1427.5526123046875,1480.0090564428622,1408.486658519541,4933377.0,1412.5294471093723,1394.2120361328125,-0.02335505948046912,1429.1597900390625,1433.242498779297,43.831757660887085,-0.3261214814858704,1427.5526123046875,1457.3995361328125,1439.0821533203125,1434.4403076171875,1533.9129638671875,0.029426728894963228
2021-08-24,1394.2120361328125,1425.2067760999482,1359.124745641085,4866080.0,1404.4939458968229,1435.2391357421875,0.029426728894963228,1430.6970947265625,1434.9344909667968,49.32958173259023,-0.1046986024484795,1394.2120361328125,1427.5526123046875,1457.3995361328125,1427.5526123046875,1490.7398681640625,0.026116142754752047
2021-08-25,1435.2391357421875,1445.8202313620193,1387.5242251574866,3362312.0,1441.6774663544393,1472.7220458984375,0.026116142754752047,1437.4250732421874,1438.8574951171875,55.76535864968511,3.0600637067254866,1435.2391357421875,1394.2120361328125,1427.5526123046875,1439.0821533203125,1443.9234619140625,0.00023730703676294596
2021-08-26,1472.7220458984375,1479.1606301114182,1422.461754928216,5361140.0,1479.3603608060066,1473.071533203125,0.00023730703676294596,1440.55947265625,1442.6407470703125,55.490827555313786,5.532585144694622,1472.7220458984375,1435.2391357421875,1394.2120361328125,1457.3995361328125,1434.4903564453125,0.02056648150115503
2021-08-27,1473.071533203125,1491.9878538433834,1457.7988576506668,4678919.0,1472.3726900014767,1503.367431640625,0.02056648150115503,1455.7224365234374,1447.9213317871095,45.23067551500639,9.82346323903289,1473.071533203125,1472.7220458984375,1435.2391357421875,1427.5526123046875,1440.329833984375,0.006971897236558666
2021-08-30,1503.367431640625,1512.301440916771,1471.474268735307,5164477.0,1511.053693529352,1513.8487548828125,0.006971897236558666,1479.6497802734375,1452.7277587890626,54.01841472702681,13.909430970566063,1503.367431640625,1473.071533203125,1472.7220458984375,1394.2120361328125,1434.4403076171875,0.046849686677742364
2021-08-31,1513.8487548828125,1524.2800924983126,1490.64016801275,3149863.0,1514.5973883141462,1584.7720947265625,0.046849686677742364,1509.5563720703126,1460.1844543457032,72.59765999866823,22.609878030151094,1513.8487548828125,1503.367431640625,1473.071533203125,1435.2391357421875,1427.5526123046875,-0.014109352061586478
2021-09-01,1584.7720947265625,1594.0056183481602,1510.1054038495852,7234384.0,1592.059158212582,1562.4119873046875,-0.014109352061586478,1527.4943603515626,1466.2935424804687,69.70624561846907,27.385092906084765,1584.7720947265625,1513.8487548828125,1503.367431640625,1472.7220458984375,1439.0821533203125,0.0034181612886163837
2021-09-02,1562.4119873046875,1597.9985112184745,1558.7186265560806,3056760.0,1568.2017131892208,1567.7525634765625,0.0034181612886163837,1546.43056640625,1473.3309936523438,69.65960913831206,31.240306159844977,1562.4119873046875,1584.7720947265625,1513.8487548828125,1473.071533203125,1457.3995361328125,-0.0031835947734759618
2021-09-03,1567.7525634765625,1591.460259649856,1562.711509864879,2171898.0,1575.6883591919711,1562.761474609375,-0.0031835947734759618,1558.309375,1479.9791381835937,69.8532658518169,33.5066079600258,1567.7525634765625,1562.4119873046875,1584.7720947265625,1503.367431640625,1427.5526123046875,0.010507460392175094
2021-09-06,1562.761474609375,1578.583218052035,1548.7864115566747,1687999.0,1569.1999409864886,1579.18212890625,0.010507460392175094,1571.3760498046875,1482.2425964355468,72.78725094339276,36.21026859684139,1562.761474609375,1567.7525634765625,1562.4119873046875,1513.8487548828125,1394.2120361328125,-0.015107454319739366
2021-09-07,1579.18212890625,1625.5493430523898,1563.2605879153823,5562312.0,1582.2766149626084,1555.32470703125,-0.015107454319739366,1565.486572265625,1485.4718383789063,66.84504824829074,36.01271243797214,1579.18212890625,1562.761474609375,1567.7525634765625,1584.7720947265625,1435.2391357421875,-0.0013799306502830788
2021-09-08,1555.32470703125,1589.513701351584,1550.233815459237,1651169.0,1557.1215041017804,1553.178466796875,-0.0013799306502830788,1563.6398681640626,1490.934588623047,64.56210368697549,35.27632064309023,1555.32470703125,1579.18212890625,1562.761474609375,1562.4119873046875,1472.7220458984375,-0.00703745265308553
2021-09-09,1553.178466796875,1576.1874584880902,1535.510043077457,2084219.0,1558.8184545938252,1542.248046875,-0.00703745265308553,1558.53896484375,1496.3224731445312,68.5024183889721,33.42542382264196,1553.178466796875,1555.32470703125,1579.18212890625,1567.7525634765625,1473.071533203125,-0.008123018853109842
2021-09-13,1542.248046875,1562.71153228661,1532.3158185505172,1243149.0,1545.242687849047,1529.7203369140625,-0.008123018853109842,1551.9307373046875,1500.7919982910157,73.43345486847016,30.59501299694375,1542.248046875,1553.178466796875,1555.32470703125,1562.761474609375,1503.367431640625,-0.01256157598123575
2021-09-14,1529.7203369140625,1554.2266569644482,1522.5332103628932,1759456.0,1537.1571537304235,1510.504638671875,-0.01256157598123575,1538.1952392578125,1504.59521484375,64.07763975580721,26.495917327895086,1529.7203369140625,1542.248046875,1553.178466796875,1579.18212890625,1513.8487548828125,0.00237909095919564
2021-09-15,1510.504638671875,1544.4940375362191,1494.383502542152,7143757.0,1521.2853929451924,1514.0982666015625,0.00237909095919564,1529.949951171875,1508.9224975585937,58.86252489164812,23.269098535107105,1510.504638671875,1529.7203369140625,1542.248046875,1555.32470703125,1584.7720947265625,-0.008966264583694317
2021-09-16,1514.0982666015625,1542.8468938289584,1494.2336888716636,12834337.0,1520.2872420440312,1500.5224609375,-0.008966264583694317,1519.41875,1511.9945129394532,55.564529618862956,19.392818988807903,1514.0982666015625,1510.504638671875,1529.7203369140625,1553.178466796875,1562.4119873046875,-0.015267468687664154
2021-09-17,1500.5224609375,1532.2658677200184,1497.0786547968062,7616906.0,1500.5223524579726,1477.61328125,-0.015267468687664154,1506.491796875,1513.0052001953125,44.6182541326425,14.307334138558645,1500.5224609375,1514.0982666015625,1510.504638671875,1542.248046875,1567.7525634765625,-0.041479492768373816
2021-09-20,1477.61328125,1522.2835696039522,1463.1391096045854,3329954.0,1462.29065345534,1416.3226318359375,-0.041479492768373816,1483.812255859375,1512.443701171875,33.189934504762746,5.270650793924688,1477.61328125,1500.5224609375,1514.0982666015625,1529.7203369140625,1562.761474609375,0.01592835691227279
2021-09-21,1416.3226318359375,1485.8485912981594,1407.4384606984474,2273312.0,1417.4705814305426,1438.88232421875,0.01592835691227279,1469.48779296875,1514.6772155761719,19.8224285803023,-0.06980258565135955,1416.3226318359375,1477.61328125,1500.5224609375,1510.504638671875,1579.18212890625,-0.0025667403390285948
2021-09-22,1438.88232421875,1444.372527174995,1378.8894035583555,2682157.0,1432.443985200264,1435.1890869140625,-0.0025667403390285948,1453.70595703125,1514.6747131347656,21.481336352820264,-4.547740231155785,1438.88232421875,1416.3226318359375,1477.61328125,1514.0982666015625,1555.32470703125,0.02545634460425461
2021-09-23,1435.1890869140625,1460.044759529577,1421.8129305562502,1663858.0,1450.411809444956,1471.7237548828125,0.02545634460425461,1447.9462158203125,1514.6247985839843,31.114988400141357,-5.089823389173034,1435.1890869140625,1438.88232421875,1416.3226318359375,1500.5224609375,1553.178466796875,-0.008580035053694868
2021-09-24,1471.7237548828125,1477.3637150574914,1438.5329822303383,1622616.0,1480.358421816288,1459.0963134765625,-0.008580035053694868,1444.242822265625,1513.9260375976562,30.207691924034464,-6.463845993939913,1471.7237548828125,1435.1890869140625,1438.88232421875,1477.61328125,1542.248046875,0.04758160706712844
2021-09-27,1459.0963134765625,1513.299640912672,1452.4082965223863,2760295.0,1459.3958125,1528.5224609375,0.04758160706712844,1466.6827880859375,1515.1837890625,41.95592119902526,-1.9284291945921268,1459.0963134765625,1471.7237548828125,1435.1890869140625,1416.3226318359375,1529.7203369140625,-0.028701954437975297
2021-09-28,1528.5224609375,1541.2497500000002,1459.3958125,4737676.0,1554.226680943358,1484.65087890625,-0.028701954437975297,1475.8364990234375,1513.723895263672,39.44858389848363,-1.8527909047795674,1528.5224609375,1459.0963134765625,1471.7237548828125,1438.88232421875,1510.504638671875,-0.0011094155198129174
2021-09-29,1484.65087890625,1555.125102239335,1472.3727388512866,3547971.0,1463.6882747756154,1483.0037841796875,-0.0011094155198129174,1485.3994384765624,1508.635479736328,39.50746670200249,-1.9038078820624378,1484.65087890625,1528.5224609375,1459.0963134765625,1435.1890869140625,1514.0982666015625,-0.011813050657733415
2021-09-30,1483.0037841796875,1495.3317619856955,1461.6918371761683,1764350.0,1482.0553929416074,1465.4849853515625,-0.011813050657733415,1484.1516845703125,1503.789129638672,38.74413304785099,-3.3195936496181275,1483.0037841796875,1484.65087890625,1528.5224609375,1471.7237548828125,1500.5224609375,-0.006402863813032567
2021-10-01,1465.4849853515625,1516.2943462760904,1460.743446085722,2072145.0,1462.390511620823,1456.1016845703125,-0.006402863813032567,1483.5527587890624,1498.2065856933593,39.10473247623789,-5.139522804473927,1465.4849853515625,1483.0037841796875,1484.65087890625,1459.0963134765625,1477.61328125,0.0465826681482866
2021-10-04,1456.1016845703125,1466.1338320430607,1420.115970689595,2311858.0,1468.3798844216087,1523.9307861328125,0.0465826681482866,1482.634423828125,1496.2650512695313,51.737066720406276,-1.095954663782777,1456.1016845703125,1465.4849853515625,1483.0037841796875,1528.5224609375,1416.3226318359375,0.000654916144540163
2021-10-05,1523.9307861328125,1528.273013629832,1457.499274911538,3209302.0,1512.3013419863296,1524.9288330078125,0.000654916144540163,1490.6900146484375,1493.5523864746094,51.41072689227952,2.164188840049519,1523.9307861328125,1456.1016845703125,1465.4849853515625,1484.65087890625,1438.88232421875,-0.03148624459533489
2021-10-06,1524.9288330078125,1555.074989235633,1509.656038040664,2544835.0,1527.0750412868194,1476.91455078125,-0.03148624459533489,1489.47216796875,1489.6318786621093,47.17813432008264,0.8635700532972805,1524.9288330078125,1523.9307861328125,1456.1016845703125,1483.0037841796875,1435.1890869140625,0.0278462873104659
2021-10-07,1476.91455078125,1538.255042170793,1469.3779507303095,1777998.0,1500.1729980100931,1518.0411376953125,0.0278462873104659,1499.9833984375,1487.8750122070312,54.630692535214855,3.1154788482365348,1476.91455078125,1524.9288330078125,1523.9307861328125,1465.4849853515625,1471.7237548828125,0.01785314374402991
2021-10-08,1518.0411376953125,1533.0144186852383,1487.3459116659646,1919106.0,1519.2890523853473,1545.1429443359375,0.01785314374402991,1517.791650390625,1488.019757080078,66.00921386618899,7.006258304512585,1518.0411376953125,1476.91455078125,1524.9288330078125,1456.1016845703125,1459.0963134765625,-0.005265207388544524
2021-10-11,1545.1429443359375,1566.6544869133688,1508.7577950353464,2646112.0,1550.2338458106276,1537.0074462890625,-0.005265207388544524,1520.406982421875,1488.3841125488282,62.648002243104294,9.325760788687376,1545.1429443359375,1518.0411376953125,1476.91455078125,1523.9307861328125,1528.5224609375,0.009546932313252876
2021-10-12,1537.0074462890625,1560.9147385699075,1529.421007537836,1910095.0,1536.2587207498884,1551.68115234375,0.009546932313252876,1525.7574462890625,1490.442938232422,64.60209977014351,12.207310388472706,1537.0074462890625,1545.1429443359375,1518.0411376953125,1524.9288330078125,1484.65087890625,0.00981050668645378
2021-10-13,1551.68115234375,1564.1090494147606,1511.802360348087,1900749.0,1565.656157220566,1566.9039306640625,0.00981050668645378,1543.755322265625,1493.0832214355469,62.60410254553355,15.540172757007667,1551.68115234375,1537.0074462890625,1545.1429443359375,1476.91455078125,1483.0037841796875,0.04883104082345402
2021-10-14,1566.9039306640625,1605.435272081536,1548.5368030580937,3923958.0,1577.1856881259362,1643.41748046875,0.04883104082345402,1568.8305908203124,1500.2279724121095,70.87620791497982,24.07793872524212,1566.9039306640625,1551.68115234375,1537.0074462890625,1518.0411376953125,1465.4849853515625,-0.018738418150772485
2021-10-18,1643.41748046875,1653.0503161623735,1571.994999159332,5256882.0,1669.970056602015,1612.6224365234375,-0.018738418150772485,1582.3264892578125,1506.9784301757813,60.43861305160345,28.036094440042007,1643.41748046875,1566.9039306640625,1551.68115234375,1545.1429443359375,1456.1016845703125,-0.02850520903549969
2021-10-19,1612.6224365234375,1669.970056602015,1605.6848647546303,3791222.0,1622.3049896451423,1566.654296875,-0.02850520903549969,1588.255859375,1514.4950134277344,60.12568552451972,27.15073983506636,1612.6224365234375,1643.41748046875,1566.9039306640625,1537.0074462890625,1523.9307861328125,0.012902648209074163
2021-10-20,1566.654296875,1634.084019098177,1559.267575944756,1822638.0,1571.1963006174851,1586.8682861328125,0.012902648209074163,1595.2932861328125,1521.8943115234374,62.2627885767257,27.76018776529486,1566.654296875,1612.6224365234375,1643.41748046875,1551.68115234375,1524.9288330078125,0.003365558621883258
2021-10-21,1586.8682861328125,1604.4868713076432,1536.3584421353792,2768997.0,1599.096596780078,1592.208984375,0.003365558621883258,1600.354296875,1529.7453063964845,65.40468110301067,28.347358650004253,1586.8682861328125,1566.654296875,1612.6224365234375,1566.9039306640625,1476.91455078125,-0.03263227250368306
2021-10-22,1592.208984375,1623.9522698746966,1578.8826655888392,3129269.0,1592.2089234704292,1540.2515869140625,-0.03263227250368306,1579.7211181640625,1533.171697998047,59.269843626286615,24.339596341710376,1592.208984375,1586.8682861328125,1566.654296875,1643.41748046875,1518.0411376953125,-0.00699935115168393
2021-10-25,1540.2515869140625,1605.9344317789637,1534.2622741976113,2580699.0,1542.2480748151936,1529.4708251953125,-0.00699935115168393,1563.0907958984376,1536.6904235839843,50.698015215329015,20.06223352611846,1540.2515869140625,1592.208984375,1586.8682861328125,1612.6224365234375,1545.1429443359375,0.007603461451742621
2021-10-26,1529.4708251953125,1548.636699625134,1491.388874746098,2276050.0,1529.27122903462,1541.10009765625,0.007603461451742621,1557.9799560546876,1537.3193054199219,51.98433324156244,17.41008515151475,1529.4708251953125,1540.2515869140625,1592.208984375,1566.654296875,1537.0074462890625,0.014703487419732708
2021-10-27,1541.10009765625,1554.47625418679,1518.1910245264212,1661783.0,1545.2426368589292,1563.7596435546875,0.014703487419732708,1553.3582275390625,1541.2747436523437,61.36362547307509,16.941384700044864,1541.10009765625,1529.4708251953125,1540.2515869140625,1586.8682861328125,1551.68115234375,-0.1072420600923365
2021-10-28,1563.7596435546875,1578.3336130459602,1537.256886797643,2121282.0,1547.239014108676,1396.058837890625,-0.1072420600923365,1514.1281982421874,1536.9274963378907,38.01022409941608,3.003262986232585,1563.7596435546875,1541.10009765625,1529.4708251953125,1592.208984375,1566.9039306640625,0.017911314584146965
2021-10-29,1396.058837890625,1564.108934826629,1365.2636929339717,7093354.0,1397.5061504625528,1421.0640869140625,0.017911314584146965,1490.2906982421875,1534.7064514160156,37.75367840005321,-5.956422343075246,1396.058837890625,1563.7596435546875,1541.10009765625,1540.2515869140625,1643.41748046875,0.01524315421303557
2021-11-01,1421.0640869140625,1452.208582807519,1375.2957848569872,3165141.0,1433.4421029640623,1442.7255859375,0.01524315421303557,1472.941650390625,1534.037646484375,40.93657053310812,-11.180256541169683,1421.0640869140625,1396.058837890625,1563.7596435546875,1529.4708251953125,1612.6224365234375,0.01902721492725834
2021-11-02,1442.7255859375,1454.40469639181,1408.6862296034783,1543436.0,1452.4082931059947,1470.1766357421875,0.01902721492725834,1458.7569580078125,1531.3499389648437,42.352735015227296,-12.955766466468958,1442.7255859375,1421.0640869140625,1396.058837890625,1541.10009765625,1566.654296875,0.00889461840049477
2021-11-03,1470.1766357421875,1486.3477308830422,1450.2122605792183,1667692.0,1471.3744681553728,1483.2532958984375,0.00889461840049477,1442.6556884765625,1529.266162109375,42.11963659061982,-13.156039056829059,1470.1766357421875,1442.7255859375,1421.0640869140625,1563.7596435546875,1586.8682861328125,0.002389058639789665
2021-11-04,1483.2532958984375,1498.326374966903,1461.8414301531068,1710819.0,1492.3370378280704,1486.796875,0.002389058639789665,1460.8032958984375,1529.7602783203124,32.893601453163114,-12.880342735683826,1483.2532958984375,1470.1766357421875,1442.7255859375,1396.058837890625,1592.208984375,0.05290553898901784
2021-11-08,1486.796875,1508.8076472756711,1480.3584127752697,272261.0,1492.3371364472491,1565.4566650390625,0.05290553898901784,1489.6818115234375,1532.1310546875,45.33611023129336,-6.242701766021582,1486.796875,1483.2532958984375,1470.1766357421875,1421.0640869140625,1540.2515869140625,0.04285032205854833
2021-11-09,1565.4566650390625,1572.344399270165,1483.0038148474032,2565017.0,1552.2303286870804,1632.5369873046875,0.04285032205854833,1527.644091796875,1536.5007568359374,56.25357020946542,4.380007912493056,1565.4566650390625,1486.796875,1483.2532958984375,1442.7255859375,1529.4708251953125,0.012473546111959832
2021-11-10,1632.5369873046875,1656.0450902198495,1552.1803690028803,4713708.0,1622.6545573182884,1652.9005126953125,0.012473546111959832,1564.1888671875,1542.29541015625,56.265985365745166,14.27716985231973,1632.5369873046875,1565.4566650390625,1486.796875,1470.1766357421875,1541.10009765625,0.005465504715794323
2021-11-11,1652.9005126953125,1682.996832740337,1617.5137063233876,3728328.0,1647.0609642550064,1661.9344482421875,0.005465504715794323,1599.92509765625,1547.8080749511719,56.57039369839624,22.589309594073256,1652.9005126953125,1632.5369873046875,1565.4566650390625,1483.2532958984375,1563.7596435546875,0.02420554395890817
2021-11-12,1661.9344482421875,1700.964777630625,1637.9272381735625,4470709.0,1675.3104900841845,1702.1624755859375,0.02420554395890817,1642.9982177734375,1554.5710021972657,65.60213860767475,32.05331516738124,1661.9344482421875,1652.9005126953125,1632.5369873046875,1486.796875,1396.058837890625,0.026008821642678592
2021-11-15,1702.1624755859375,1716.437051712657,1667.125023646471,5349189.0,1710.697434744313,1746.4337158203125,0.026008821642678592,1679.1936279296874,1559.7218139648437,69.63946722298712,42.634463311405625,1702.1624755859375,1661.9344482421875,1652.9005126953125,1565.4566650390625,1421.0640869140625,-0.021691386289791836
2021-11-16,1746.4337158203125,1760.85792845454,1688.7865812578127,3997553.0,1756.3158891409228,1708.5511474609375,-0.021691386289791836,1694.3964599609376,1564.5182495117188,64.46991869472748,47.41670254872338,1746.4337158203125,1702.1624755859375,1661.9344482421875,1632.5369873046875,1442.7255859375,-0.003008977061399354
2021-11-17,1708.5511474609375,1763.403339579521,1703.8595681887607,2172117.0,1710.9467557530677,1703.41015625,-0.003008977061399354,1704.498388671875,1571.3560424804687,62.44436829996573,50.21300233835677,1708.5511474609375,1746.4337158203125,1702.1624755859375,1652.9005126953125,1470.1766357421875,-0.010372259919784077
2021-11-18,1703.41015625,1726.6187397221463,1679.502868468224,1476385.0,1704.957654630829,1685.741943359375,-0.010372259919784077,1709.2598876953125,1576.2997253417968,85.23553968601836,50.422177471856,1703.41015625,1708.5511474609375,1746.4337158203125,1661.9344482421875,1483.2532958984375,-0.00769797933292482
2021-11-22,1685.741943359375,1710.9469672349185,1637.0787784511472,2255988.0,1688.3872851470007,1672.76513671875,-0.00769797933292482,1703.380419921875,1580.3275329589844,81.53846483289135,48.97626255985415,1685.741943359375,1703.41015625,1708.5511474609375,1702.1624755859375,1486.796875,0.01921523674749115
2021-11-23,1672.76513671875,1698.3694730432785,1607.1822109813568,2552170.0,1657.192930319505,1704.90771484375,0.01921523674749115,1695.0752197265624,1588.5603393554688,82.01096226222748,49.84936950133579,1672.76513671875,1685.741943359375,1703.41015625,1746.4337158203125,1565.4566650390625,0.02763556552473312
2021-11-24,1704.90771484375,1717.2856520738665,1647.0609853421277,2472589.0,1718.533513225848,1752.0238037109375,0.02763556552473312,1703.7697509765626,1599.68798828125,82.835212143311,53.723892063111634,1704.90771484375,1672.76513671875,1685.741943359375,1708.5511474609375,1632.5369873046875,0.004501002920799024
2021-11-25,1752.0238037109375,1785.713689220858,1709.39978656147,4562858.0,1759.8097486084955,1759.90966796875,0.004501002920799024,1715.0696533203125,1610.628466796875,82.62506999716413,56.77632036925047,1752.0238037109375,1704.90771484375,1672.76513671875,1703.41015625,1652.9005126953125,-0.053033048071814304
2021-11-26,1759.90966796875,1770.5406004883043,1732.4586515320302,2341862.0,1736.9007616754432,1666.5762939453125,-0.053033048071814304,1711.2365234375,1615.7692993164062,67.49564555028816,51.07540307595946,1759.90966796875,1752.0238037109375,1704.90771484375,1685.741943359375,1661.9344482421875,-0.00269545865756049
2021-11-29,1666.5762939453125,1765.3999579716738,1657.8917170252046,3510810.0,1652.0519597011455,1662.0841064453125,-0.00269545865756049,1709.1003173828126,1629.0705627441407,60.98998925952953,45.668465417956895,1666.5762939453125,1759.90966796875,1752.0238037109375,1672.76513671875,1702.1624755859375,-0.001321333248823664
2021-11-30,1662.0841064453125,1693.9771453854044,1606.9823607199935,2119826.0,1665.028790124142,1659.887939453125,-0.001321333248823664,1700.0963623046875,1641.0117553710938,53.649405938691146,40.73662953931398,1662.0841064453125,1666.5762939453125,1759.90966796875,1704.90771484375,1746.4337158203125,0.018312150743186262
2021-12-01,1659.887939453125,1715.5885916049,1645.2141733172791,2952368.0,1690.9827620835044,1690.2840576171875,0.018312150743186262,1687.7484130859375,1653.3896789550781,54.8579816928237,38.83318202880014,1659.887939453125,1662.0841064453125,1666.5762939453125,1752.0238037109375,1708.5511474609375,0.023002270487340493
2021-12-02,1690.2840576171875,1701.9631696295012,1649.4069218683114,2476360.0,1689.4852334208467,1729.1644287109375,0.023002270487340493,1681.599365234375,1666.3390686035157,58.1076052041961,40.000901678710534,1690.2840576171875,1659.887939453125,1662.0841064453125,1759.90966796875,1703.41015625,-0.01394137723022748
2021-12-03,1729.1644287109375,1731.9095302718872,1684.6438968566558,2159661.0,1730.9113862137942,1705.0574951171875,-0.01394137723022748,1689.29560546875,1677.4292785644532,50.36324915927027,38.53687078522148,1729.1644287109375,1690.2840576171875,1659.887939453125,1666.5762939453125,1685.741943359375,-0.03659036252657988
2021-12-06,1705.0574951171875,1741.8917929314134,1698.0699635696117,1544077.0,1706.9541379544396,1642.6688232421875,-0.03659036252657988,1685.412548828125,1685.2228759765626,37.546427554262664,31.97379730559078,1705.0574951171875,1729.1644287109375,1690.2840576171875,1662.0841064453125,1672.76513671875,0.019962259812794203
2021-12-07,1642.6688232421875,1724.8721165678385,1637.0788223656614,1574680.0,1655.94510171026,1675.460205078125,0.019962259812794203,1688.527001953125,1690.7230529785156,45.97938321699771,29.083251138313017,1642.6688232421875,1705.0574951171875,1729.1644287109375,1659.887939453125,1704.90771484375,0.02207408616306883
2021-12-08,1675.460205078125,1683.6955097306372,1651.053805485466,1476012.0,1676.8080933704316,1712.4444580078125,0.02207408616306883,1692.95908203125,1694.7184265136718,51.01884720719758,29.437455928844656,1675.460205078125,1642.6688232421875,1705.0574951171875,1690.2840576171875,1752.0238037109375,0.003934605258139934
2021-12-09,1712.4444580078125,1723.3250679757584,1676.0594292238236,1406394.0,1721.9273525530964,1719.1822509765625,0.003934605258139934,1690.962646484375,1698.0325134277343,53.86656993525676,29.9169849795735,1712.4444580078125,1675.460205078125,1642.6688232421875,1729.1644287109375,1759.90966796875,0.010538613832984156
2021-12-10,1719.1822509765625,1736.1519698133177,1703.5601030886216,1306393.0,1707.5530794199788,1737.300048828125,0.010538613832984156,1697.4111572265624,1701.8007934570312,57.37424572542871,31.397044492040322,1719.1822509765625,1712.4444580078125,1675.460205078125,1705.0574951171875,1666.5762939453125,-0.011980006691979628
2021-12-13,1737.300048828125,1784.815240019591,1707.5530794199788,2708578.0,1751.8739902604996,1716.4871826171875,-0.011980006691979628,1712.1748291015624,1702.5170288085938,51.35832762703704,30.538548577664415,1737.300048828125,1719.1822509765625,1712.4444580078125,1642.6688232421875,1662.0841064453125,0.0003197391338298772
2021-12-14,1716.4871826171875,1759.0611168640055,1708.0521606634643,1104594.0,1708.9504634108764,1717.0360107421875,0.0003197391338298772,1720.489990234375,1701.0471435546874,45.39237328624644,29.561701331897893,1716.4871826171875,1737.300048828125,1719.1822509765625,1675.460205078125,1659.887939453125,-0.01441764475497187
2021-12-15,1717.0360107421875,1724.8221655666337,1680.0021202806688,1198653.0,1716.9363513470505,1692.2803955078125,-0.01441764475497187,1716.457177734375,1700.2336059570312,41.47262946459493,26.48467277213763,1717.0360107421875,1716.4871826171875,1737.300048828125,1712.4444580078125,1690.2840576171875,0.003981559472619578
2021-12-16,1692.2803955078125,1723.9238830095094,1684.0450903342005,866378.0,1704.2589591027224,1699.018310546875,0.003981559472619578,1712.4243896484375,1700.014013671875,55.233479777163815,24.3095732737645,1692.2803955078125,1717.0360107421875,1716.4871826171875,1719.1822509765625,1729.1644287109375,-0.03334207957576607
2021-12-17,1699.018310546875,1716.7865315864026,1683.9950692789616,751885.0,1695.923850140589,1642.3695068359375,-0.03334207957576607,1693.43828125,1697.845391845703,47.277767439602584,17.80941042745735,1699.018310546875,1692.2803955078125,1717.0360107421875,1737.300048828125,1705.0574951171875,-0.033641460557081726
2021-12-20,1642.3695068359375,1698.9684663449348,1637.0788982407123,1215873.0,1626.098287430124,1587.1177978515625,-0.033641460557081726,1667.564404296875,1693.5630249023438,41.23587209933128,8.10619026789368,1642.3695068359375,1699.018310546875,1692.2803955078125,1716.4871826171875,1642.6688232421875,0.01921445623634943
2021-12-21,1587.1177978515625,1626.098287430124,1552.429697490484,1945211.0,1618.2123101697275,1617.6134033203125,0.01921445623634943,1647.6798828125,1689.198309326172,41.24995076133268,2.8442718866213,1587.1177978515625,1642.3695068359375,1699.018310546875,1717.0360107421875,1675.460205078125,0.02320275102669589
2021-12-22,1617.6134033203125,1642.968182670421,1600.0447785712086,1563851.0,1628.3443353182674,1655.146484375,0.02320275102669589,1640.2531005859375,1684.354443359375,41.058718087178654,1.6833648414215077,1617.6134033203125,1587.1177978515625,1642.3695068359375,1692.2803955078125,1712.4444580078125,0.010916028957973278
2021-12-23,1655.146484375,1660.4869303148942,1624.1019056323807,993006.0,1671.7167833003814,1673.214111328125,0.010916028957973278,1635.0922607421876,1680.0196655273437,46.09639938143596,2.1959308183211306,1655.146484375,1617.6134033203125,1587.1177978515625,1699.018310546875,1719.1822509765625,0.013125001367917166
2021-12-24,1673.214111328125,1681.1998608094243,1655.2461749952013,979023.0,1677.007516144378,1695.175048828125,0.013125001367917166,1645.653369140625,1681.4496032714844,57.144788733143024,4.324358654145044,1673.214111328125,1655.146484375,1617.6134033203125,1642.3695068359375,1737.300048828125,0.018843477660991148
2021-12-27,1695.175048828125,1700.9148066958812,1655.2462984437352,1234386.0,1691.731235851534,1727.1180419921875,0.018843477660991148,1673.65341796875,1684.7013000488282,57.04561172873976,8.490808878728558,1695.175048828125,1673.214111328125,1655.146484375,1587.1177978515625,1716.4871826171875,0.012021796436963772
2021-12-28,1727.1180419921875,1734.90419702609,1683.0467814199988,1672655.0,1736.9006968116432,1747.881103515625,0.012021796436963772,1699.7069580078125,1689.1009582519532,55.05696504404291,13.314672978163571,1727.1180419921875,1695.175048828125,1673.214111328125,1617.6134033203125,1717.0360107421875,-0.01881784599405445
2021-12-29,1747.881103515625,1756.8650726370645,1725.0218688249415,1552918.0,1747.881004664826,1714.98974609375,-0.01881784599405445,1711.6756103515625,1690.3362426757812,49.44326814002443,14.318507529786302,1747.881103515625,1727.1180419921875,1695.175048828125,1655.146484375,1692.2803955078125,-0.012601504029127408
2021-12-30,1714.98974609375,1751.8738796040946,1706.355129667007,1100579.0,1710.9469213621533,1693.3782958984375,-0.012601504029127408,1715.708447265625,1688.5469360351562,44.221154275475655,13.217823387644785,1714.98974609375,1747.881103515625,1727.1180419921875,1673.214111328125,1699.018310546875,0.007692748531140214
2021-12-31,1693.3782958984375,1721.9273275085848,1681.9985778851974,1359574.0,1691.9308571177814,1706.405029296875,0.007692748531140214,1717.954443359375,1688.6143127441405,48.645729998639055,13.2440031668948,1693.3782958984375,1714.98974609375,1747.881103515625,1695.175048828125,1642.3695068359375,0.0045043698095768026
2022-01-03,1706.405029296875,1721.92737992664,1688.0379013932927,1310960.0,1709.9486765130011,1714.09130859375,0.0045043698095768026,1715.3490966796876,1692.1854370117187,49.611898996886886,13.726736064156057,1706.405029296875,1693.3782958984375,1714.98974609375,1727.1180419921875,1587.1177978515625,0.0010773519930014075
2022-01-04,1714.09130859375,1729.9130510198663,1708.1518340662344,1094708.0,1722.6759646750245,1715.93798828125,0.0010773519930014075,1708.9604736328124,1694.209326171875,53.318368374281505,14.09582903777482,1714.09130859375,1706.405029296875,1693.3782958984375,1747.881103515625,1617.6134033203125,-0.0020650974136378064
2022-01-05,1715.93798828125,1724.9219568062829,1696.971832506181,1191189.0,1718.93279112751,1712.3944091796875,-0.0020650974136378064,1708.44140625,1694.2068237304688,51.89318403987302,13.941689541336928,1715.93798828125,1714.09130859375,1706.405029296875,1714.98974609375,1655.146484375,-0.0013699806849689633
2022-01-06,1712.3944091796875,1741.5424715486313,1699.5174840106897,1583598.0,1706.95400825797,1710.0484619140625,-0.0013699806849689633,1711.775439453125,1693.7501342773437,61.318798695704366,13.474904233293273,1712.3944091796875,1715.93798828125,1714.09130859375,1693.3782958984375,1673.214111328125,-0.00817226873810073
2022-01-07,1710.0484619140625,1720.7793131355672,1672.6152599785808,1615375.0,1716.8364854680358,1696.073486328125,-0.00817226873810073,1709.709130859375,1691.6888061523437,71.14082005723357,11.840816218901637,1710.0484619140625,1712.3944091796875,1715.93798828125,1706.405029296875,1695.175048828125,0.03148730617319395
2022-01-10,1696.073486328125,1727.7170944225768,1686.4906105146574,1295933.0,1704.5085869627223,1749.478271484375,0.03148730617319395,1716.7865234375,1693.338360595703,73.49699021739083,14.685820536684332,1696.073486328125,1710.0484619140625,1712.3944091796875,1714.09130859375,1727.1180419921875,0.052094004588142395
2022-01-11,1749.478271484375,1762.854427981196,1696.0735648609354,1670551.0,1754.8685845146736,1840.6156005859373,0.052094004588142395,1741.7220458984375,1699.5173400878907,77.74791191604051,24.0176670326598,1749.478271484375,1696.073486328125,1710.0484619140625,1715.93798828125,1747.881103515625,-0.007484187730956382
2022-01-12,1840.6156005859373,1846.7047106667496,1733.9059905016998,5126019.0,1869.6636961178224,1826.840087890625,-0.007484187730956382,1764.611181640625,1706.2453247070312,73.28289862193802,29.95633587252837,1840.6156005859373,1749.478271484375,1696.073486328125,1712.3944091796875,1714.98974609375,0.012704308597241809
2022-01-13,1826.840087890625,1869.6636961178224,1805.078992515767,2518912.0,1830.733318303012,1850.048828125,0.012704308597241809,1792.6112548828125,1713.7968505859376,73.38356817791424,36.11916582704748,1826.840087890625,1840.6156005859373,1749.478271484375,1710.0484619140625,1693.3782958984375,0.00911867560505697
2022-01-14,1850.048828125,1859.6816641213256,1804.7796289486616,1881069.0,1846.704891323645,1866.9188232421875,0.00911867560505697,1826.780322265625,1725.02431640625,72.1143285265199,41.881734024955904,1850.048828125,1826.840087890625,1840.6156005859373,1696.073486328125,1706.405029296875,0.004036799489780085
2022-01-17,1866.9188232421875,1887.0827954765664,1827.8385304957608,2357616.0,1872.6583577207423,1874.4552001953125,0.004036799489780085,1851.7757080078125,1739.3911865234375,70.89648762387515,46.520474403908565,1866.9188232421875,1850.048828125,1826.840087890625,1749.478271484375,1714.09130859375,-0.01962406134021888
2022-01-18,1874.4552001953125,1898.0131381073652,1852.3446307162544,1700525.0,1881.6423614596904,1837.6707763671875,-0.01962406134021888,1851.1867431640626,1750.3940551757812,69.99672492428131,46.69029730820762,1874.4552001953125,1866.9188232421875,1850.048828125,1840.6156005859373,1715.93798828125,0.004535877332297655
2022-01-19,1837.6707763671875,1905.1005023054745,1826.790289372082,2294146.0,1836.523146215351,1846.0062255859373,0.004535877332297655,1855.019970703125,1759.9370422363281,76.00340576051033,46.95620240101198,1837.6707763671875,1874.4552001953125,1866.9188232421875,1826.840087890625,1712.3944091796875,0.008949191743181428
2022-01-20,1846.0062255859373,1853.6924622293616,1808.02394841838,1544606.0,1851.6958398481445,1862.5264892578125,0.008949191743181428,1857.5155029296875,1769.4026611328125,76.28569937039137,47.94727497574013,1846.0062255859373,1837.6707763671875,1874.4552001953125,1850.048828125,1710.0484619140625,-0.020098025818503396
2022-01-21,1862.5264892578125,1877.000661590857,1840.4159188750336,1252017.0,1857.535495947669,1825.0933837890625,-0.020098025818503396,1849.1504150390624,1775.8985778808594,66.98748760959879,45.191231970105946,1862.5264892578125,1846.0062255859373,1837.6707763671875,1866.9188232421875,1696.073486328125,-0.061558279906616
2022-01-24,1825.0933837890625,1869.6638791713867,1807.5247566522091,1929667.0,1818.7545565777173,1712.7437744140625,-0.061558279906616,1816.8081298828124,1775.179864501953,49.634713280567055,33.55457722101801,1825.0933837890625,1862.5264892578125,1846.0062255859373,1874.4552001953125,1749.478271484375,0.014920250075601604
2022-01-25,1712.7437744140625,1824.1948000063528,1693.5280635391332,2381112.0,1665.0290514581668,1738.29833984375,0.014920250075601604,1796.933642578125,1774.7007263183593,52.82035905700686,26.093692512037933,1712.7437744140625,1825.0933837890625,1862.5264892578125,1837.6707763671875,1840.6156005859373,-0.03181366194433477
2022-01-27,1738.29833984375,1747.4320667448085,1665.0290514581668,1817963.0,1714.939702044178,1682.9967041015625,-0.03181366194433477,1764.33173828125,1773.10107421875,47.359190091886376,15.539379504063845,1738.29833984375,1712.7437744140625,1825.0933837890625,1846.0062255859373,1826.840087890625,0.004567019815394202
2022-01-28,1682.9967041015625,1722.4763018624108,1651.5528155018003,3549583.0,1699.467356803238,1690.6829833984375,0.004567019815394202,1729.963037109375,1772.96630859375,49.46723428733854,7.706394390398373,1682.9967041015625,1738.29833984375,1712.7437744140625,1862.5264892578125,1850.048828125,0.012546574657537946
2022-01-31,1690.6829833984375,1740.993230842658,1680.9503509585952,1624750.0,1705.9059509371143,1711.895263671875,0.012546574657537946,1707.3234130859375,1773.2408203125,46.033083577883396,3.1737657973403657,1690.6829833984375,1682.9967041015625,1738.29833984375,1825.0933837890625,1866.9188232421875,0.0186302673318004
2022-02-01,1711.895263671875,1730.911380345893,1701.9630354612152,1024738.0,1724.8720119648797,1743.788330078125,0.0186302673318004,1713.53232421875,1774.7256713867187,38.31890098775739,2.1305690255305763,1711.895263671875,1690.6829833984375,1682.9967041015625,1712.7437744140625,1874.4552001953125,0.018575770553878712
2022-02-02,1743.788330078125,1761.9558622883053,1696.1233855492248,1574361.0,1751.8739393411352,1776.1805419921875,0.018575770553878712,1721.1087646484375,1777.7377990722657,44.15122154026115,3.8729637413250657,1743.788330078125,1711.895263671875,1690.6829833984375,1738.29833984375,1837.6707763671875,-0.01545510107542225
2022-02-03,1776.1805419921875,1782.8187211756508,1743.8881891902925,1405276.0,1768.7936646847031,1748.7294921875,-0.01545510107542225,1734.255322265625,1779.5545532226563,38.415889561784304,3.0041241326268846,1776.1805419921875,1743.788330078125,1711.895263671875,1682.9967041015625,1846.0062255859373,0.0031110756190739774
2022-02-04,1748.7294921875,1783.8169056079455,1743.289248743108,588866.0,1754.868626284246,1754.169921875,0.0031110756190739774,1746.9527099609375,1781.7606262207032,36.76316612384946,2.7231686976624587,1748.7294921875,1776.1805419921875,1743.788330078125,1690.6829833984375,1862.5264892578125,-0.014510972737951433
2022-02-07,1754.169921875,1766.8472517196333,1730.611861036435,855996.0,1761.856022377254,1728.7152099609375,-0.014510972737951433,1750.31669921875,1783.3927124023437,33.58077874754791,0.44143834723604414,1754.169921875,1748.7294921875,1776.1805419921875,1711.895263671875,1825.0933837890625,-0.00912338158694248
2022-02-08,1728.7152099609375,1762.3551317320353,1719.0324153664624,854871.0,1736.301826017416,1712.9434814453125,-0.00912338158694248,1744.1477294921874,1781.5659729003905,35.24972080652556,-2.6094163484724504,1728.7152099609375,1754.169921875,1748.7294921875,1743.788330078125,1712.7437744140625,0.03913170296270074
2022-02-09,1712.9434814453125,1743.8882646182756,1674.062907457855,1480201.0,1721.5281174929034,1779.973876953125,0.03913170296270074,1744.906396484375,1778.53388671875,43.14293486652014,0.37720387458398363,1712.9434814453125,1728.7152099609375,1754.169921875,1776.1805419921875,1738.29833984375,0.001654351328727488
2022-02-10,1779.973876953125,1788.708291449997,1715.0396952952271,1674022.0,1795.7956260267497,1782.9185791015625,0.001654351328727488,1751.7442138671875,1776.3378112792968,41.49335040538291,2.9477548888246474,1779.973876953125,1712.9434814453125,1728.7152099609375,1748.7294921875,1682.9967041015625,-0.012205397780820637
2022-02-11,1782.9185791015625,1805.77781405358,1762.85440553821,1747943.0,1760.85783427359,1761.1573486328125,-0.012205397780820637,1753.14169921875,1771.8932373046875,42.93124399762253,3.192188097473945,1782.9185791015625,1779.973876953125,1712.9434814453125,1754.169921875,1690.6829833984375,-0.056878089130537046
2022-02-14,1761.1573486328125,1771.7384427675102,1740.2445931922732,1196002.0,1733.2073099276838,1660.986083984375,-0.056878089130537046,1739.5958740234375,1761.5966003417968,44.119320380458674,-4.643552729214434,1761.1573486328125,1782.9185791015625,1779.973876953125,1728.7152099609375,1711.895263671875,0.048258745371247525
2022-02-15,1660.986083984375,1734.8044355990933,1650.0556371256916,1919476.0,1633.0860004859717,1741.1431884765625,0.048258745371247525,1745.2358154296876,1754.9309997558594,50.28755125766197,-4.335448998847369,1660.986083984375,1761.1573486328125,1782.9185791015625,1712.9434814453125,1743.788330078125,-0.0035259364059664344
2022-02-16,1741.1431884765625,1748.2804774580652,1624.950492677766,2261554.0,1741.1430981566546,1735.0040283203125,-0.0035259364059664344,1736.241845703125,1749.7976623535155,55.83688762165092,-4.534383934826565,1741.1431884765625,1660.986083984375,1761.1573486328125,1779.973876953125,1776.1805419921875,-0.004113724801245722
2022-02-17,1735.0040283203125,1772.836544260409,1726.9184806140247,1663614.0,1746.882815176536,1727.86669921875,-0.004113724801245722,1725.2314697265624,1743.8906860351562,54.178352493837586,-5.207930335108131,1735.0040283203125,1741.1431884765625,1660.986083984375,1782.9185791015625,1748.7294921875,0.003090849643835103
2022-02-18,1727.86669921875,1758.8614401948894,1720.9291276367703,1075487.0,1735.9024172916183,1733.207275390625,0.003090849643835103,1719.641455078125,1737.4247253417968,52.48342562183789,-5.25025912691558,1727.86669921875,1735.0040283203125,1741.1431884765625,1761.1573486328125,1754.169921875,-0.02943042873601409
2022-02-21,1733.207275390625,1751.474605520094,1721.9273547027267,945100.0,1735.7028663691713,1682.1982421875,-0.02943042873601409,1723.88388671875,1730.2799682617188,43.12918781739713,-9.292687363174537,1733.207275390625,1727.86669921875,1735.0040283203125,1660.986083984375,1728.7152099609375,-0.010384550186900876
2022-02-22,1682.1982421875,1735.7028663691713,1668.3230986041085,1449291.0,1633.1856818080698,1664.7293701171875,-0.010384550186900876,1708.601123046875,1727.879248046875,37.13859486506208,-13.747460677952859,1682.1982421875,1733.207275390625,1727.86669921875,1741.1431884765625,1712.9434814453125,0.01259215148741366
2022-02-23,1664.7293701171875,1675.9094932926014,1627.0965717689576,1717579.0,1679.0038778848664,1685.69189453125,0.01259215148741366,1698.7386962890625,1725.24892578125,42.614900053085364,-15.408777302621047,1664.7293701171875,1682.1982421875,1733.207275390625,1735.0040283203125,1779.973876953125,-0.08571677060229754
2022-02-24,1685.69189453125,1714.4406422516397,1667.0252533101825,1285012.0,1623.1037283411072,1541.1998291015625,-0.08571677060229754,1661.405322265625,1718.15908203125,31.181090947059857,-28.061212614884425,1685.69189453125,1664.7293701171875,1682.1982421875,1727.86669921875,1782.9185791015625,0.04841476094151931
2022-02-25,1541.1998291015625,1645.663448288188,1526.076912140834,2798065.0,1591.160695876969,1615.816650390625,0.04841476094151931,1637.927197265625,1714.4157653808593,40.82129722238707,-31.70196436508172,1541.1998291015625,1685.69189453125,1664.7293701171875,1733.207275390625,1761.1573486328125,0.01590788387197173
2022-02-28,1615.816650390625,1635.182118613153,1575.9878195382382,1741584.0,1600.8934171812532,1641.5208740234375,0.01590788387197173,1629.7917236328126,1710.8970458984375,44.28559987654972,-32.142649869711704,1615.816650390625,1541.1998291015625,1685.69189453125,1682.1982421875,1660.986083984375,-0.0016114712360564276
2022-03-02,1641.5208740234375,1648.1590534831832,1589.4139008616369,1869037.0,1635.0823303190737,1638.8756103515625,-0.0016114712360564276,1624.6209716796875,1705.6514099121093,37.414305273030834,-32.332636471155865,1641.5208740234375,1615.816650390625,1541.1998291015625,1664.7293701171875,1741.1431884765625,0.001218263313358836
2022-03-03,1638.8756103515625,1661.2855727921358,1612.6224081993062,1249817.0,1667.0254774799662,1640.8721923828125,0.001218263313358836,1615.65703125,1698.8859924316407,37.308267855662635,-31.95375177781534,1638.8756103515625,1641.5208740234375,1615.816650390625,1685.69189453125,1735.0040283203125,-0.017520425679910634
2022-03-04,1640.8721923828125,1675.2108232988928,1632.037858088708,1333325.0,1618.91134988219,1612.1234130859375,-0.017520425679910634,1629.841748046875,1692.0556884765624,36.8481582039607,-33.586109391868376,1640.8721923828125,1638.8756103515625,1641.5208740234375,1541.1998291015625,1727.86669921875,-0.03154798976111417
2022-03-07,1612.1234130859375,1652.55127576704,1598.3479444682598,1433490.0,1587.1678892298874,1561.26416015625,-0.03154798976111417,1618.93125,1682.410400390625,40.36088879910929,-38.539422748929155,1612.1234130859375,1640.8721923828125,1638.8756103515625,1615.816650390625,1733.207275390625,0.024008129554969893
2022-03-08,1561.26416015625,1589.1643268264029,1536.5582448993696,1508821.0,1572.09479938613,1598.7471923828125,0.024008129554969893,1610.376513671875,1675.9119995117187,34.99842590649267,-38.99092867443437,1561.26416015625,1612.1234130859375,1640.8721923828125,1641.5208740234375,1682.1982421875,0.03430947251254235
2022-03-09,1598.7471923828125,1604.5369101157037,1550.6330953650274,1396347.0,1606.7329205012925,1653.599365234375,0.03430947251254235,1613.3212646484376,1672.9447937011719,42.222234662908335,-34.524659657261736,1598.7471923828125,1561.26416015625,1612.1234130859375,1638.8756103515625,1664.7293701171875,0.05209619817564759
2022-03-10,1653.599365234375,1666.975399375633,1605.1357948272637,1498176.0,1679.0040160597564,1739.74560546875,0.05209619817564759,1633.095947265625,1670.9333801269531,50.986087044636974,-23.75993787688003,1653.599365234375,1598.7471923828125,1561.26416015625,1640.8721923828125,1685.69189453125,-0.0050205599271849755
2022-03-11,1739.74560546875,1746.4835823465166,1675.2606955721085,2294474.0,1746.882810879287,1731.0111083984375,-0.0050205599271849755,1656.873486328125,1668.3380065917968,49.81871414916366,-15.752039520345079,1739.74560546875,1653.599365234375,1598.7471923828125,1612.1234130859375,1541.1998291015625,0.0011533490173756267
2022-03-14,1731.0111083984375,1753.8703421228042,1718.1340621648094,1354129.0,1728.914895805699,1733.007568359375,0.0011533490173756267,1691.22216796875,1666.930517578125,54.56338303648996,-9.139272896314424,1731.0111083984375,1739.74560546875,1653.599365234375,1561.26416015625,1615.816650390625,-0.0199873239021926
2022-03-15,1733.007568359375,1749.3284207477045,1719.3818578873288,659190.0,1736.90060367191,1698.369384765625,-0.0199873239021926,1711.1466064453125,1668.7996826171875,52.93094752757438,-6.617339071332481,1733.007568359375,1731.0111083984375,1739.74560546875,1598.7471923828125,1641.5208740234375,0.033266772284594515
2022-03-16,1698.369384765625,1751.0752610067038,1683.645658383923,1085901.0,1720.9292131061577,1754.86865234375,0.033266772284594515,1731.4004638671875,1669.4859558105468,55.67568921000499,-0.05898964015614183,1698.369384765625,1733.007568359375,1731.0111083984375,1653.599365234375,1638.8756103515625,0.03506824345549808
2022-03-17,1754.86865234375,1760.857965150384,1715.5887668908183,1269866.0,1772.4372278134108,1816.4088134765625,0.03506824345549808,1746.73310546875,1673.5561950683593,76.13764524314779,9.989177208427236,1754.86865234375,1698.369384765625,1733.007568359375,1739.74560546875,1640.8721923828125,-0.009177608015472516
2022-03-21,1816.4088134765625,1820.3517288861924,1756.865039335332,2392329.0,1832.7796649449565,1799.738525390625,-0.009177608015472516,1760.4785888671875,1677.1497863769532,69.62819854770757,16.41801227429778,1816.4088134765625,1754.86865234375,1698.369384765625,1731.0111083984375,1612.1234130859375,0.015862900006226477
2022-03-22,1799.738525390625,1838.619220517624,1792.9507107050786,1081052.0,1799.73844396529,1828.28759765625,0.015862900006226477,1779.5345947265625,1681.9038024902343,69.81150496908484,23.545167879582095,1799.738525390625,1816.4088134765625,1754.86865234375,1733.007568359375,1561.26416015625,-0.011220022364463844
2022-03-23,1828.28759765625,1833.7278410947224,1786.8115599126584,964066.0,1844.7582236302287,1807.774169921875,-0.011220022364463844,1801.4155517578124,1688.182598876953,67.26176351774349,27.2244019062839,1828.28759765625,1799.738525390625,1816.4088134765625,1698.369384765625,1598.7471923828125,0.01203758236555097
2022-03-24,1807.774169921875,1844.7582236302287,1797.642225162174,1553366.0,1811.767057640657,1829.535400390625,0.01203758236555097,1816.3489013671874,1696.422900390625,68.53302053427339,31.532681686462865,1807.774169921875,1828.28759765625,1799.738525390625,1754.86865234375,1653.599365234375,0.018660016170750637
2022-03-25,1829.535400390625,1836.273377051272,1796.9435333578087,1030145.0,1832.2806270013664,1863.674560546875,0.018660016170750637,1825.80205078125,1705.3220336914062,74.45176242654826,37.27211957016175,1829.535400390625,1807.774169921875,1828.28759765625,1816.4088134765625,1739.74560546875,0.022870761950012808
2022-03-28,1863.674560546875,1874.654967705962,1818.7547130778823,1366115.0,1873.5567172653875,1906.2982177734373,0.022870761950012808,1847.1139892578126,1723.576953125,84.0843825480452,44.74425444788358,1863.674560546875,1829.535400390625,1807.774169921875,1799.738525390625,1731.0111083984375,0.003953537292057607
2022-03-29,1906.2982177734373,1920.9721058915811,1847.7527880362325,1895438.0,1915.831276305046,1913.8348388671875,0.003953537292057607,1864.2234375,1738.4778625488282,83.08351067947626,50.68979708095185,1906.2982177734373,1863.674560546875,1829.535400390625,1828.28759765625,1733.007568359375,0.04068328280117495
2022-03-30,1913.8348388671875,1927.4605487511465,1882.1413945411823,1715098.0,1924.2661988373284,1991.6959228515625,0.04068328280117495,1901.0077880859376,1755.9866149902343,83.86320360589731,60.98146485112966,1913.8348388671875,1906.2982177734373,1863.674560546875,1807.774169921875,1698.369384765625,0.009773244905467715
2022-03-31,1991.6959228515625,2011.4107427870688,1913.8848215181447,3215951.0,2001.4286219332616,2011.1612548828125,0.009773244905467715,1937.332958984375,1774.600897216797,81.37546838756144,69.90258187184008,1991.6959228515625,1913.8348388671875,1906.2982177734373,1829.535400390625,1754.86865234375,0.014344266399553884
2022-04-01,2011.1612548828125,2038.362716203352,1987.453559236471,2786973.0,2014.4055509452785,2040.0098876953125,0.014344266399553884,1972.6000244140625,1794.5577819824218,84.13275664176948,78.39676583753271,2011.1612548828125,1991.6959228515625,1913.8348388671875,1863.674560546875,1816.4088134765625,0.01086282887841672
2022-04-04,2040.0098876953125,2045.350333937996,2009.4644165956583,1267111.0,2046.348302390459,2062.170166015625,0.01086282887841672,2003.7744140625,1817.0601196289062,84.80944844483803,85.92611432808553,2040.0098876953125,2011.1612548828125,1991.6959228515625,1906.2982177734373,1799.738525390625,0.035820714226434625
2022-04-05,2062.170166015625,2071.802878834828,2028.380366076787,1334265.0,2074.2986446051523,2136.03857421875,0.035820714226434625,2048.2151611328127,1845.7988403320312,92.73807491720315,96.73859810950216,2062.170166015625,2040.0098876953125,2011.1612548828125,1913.8348388671875,1828.28759765625,0.009416388717889301
2022-04-06,2136.03857421875,2185.899554013704,2063.9172666765357,4970260.0,2149.9134770146125,2156.15234375,0.009416388717889301,2081.1064453125,1873.6690979003906,92.18256532600512,105.71200037254061,2136.03857421875,2062.170166015625,2040.0098876953125,1991.6959228515625,1807.774169921875,-0.028217423796367602
2022-04-07,2156.15234375,2178.96173801687,2120.4160663485527,2259018.0,2162.092021396368,2095.311279296875,-0.028217423796367602,2097.9364501953123,1895.7546936035155,79.36111968545343,106.68433033310453,2156.15234375,2136.03857421875,2062.170166015625,2011.1612548828125,1829.535400390625,0.03425349217788276
2022-04-08,2095.311279296875,2211.004743960018,2077.5429354203543,3499044.0,2111.2327159128367,2167.0830078125,0.03425349217788276,2123.35107421875,1917.121563720703,84.65164416730882,111.95573151903068,2095.311279296875,2156.15234375,2136.03857421875,2040.0098876953125,1863.674560546875,0.004260749774795292
2022-04-11,2167.0830078125,2172.1240613836085,2101.500082825295,1924054.0,2177.963613362692,2176.31640625,0.004260749774795292,2146.180322265625,1939.3868286132813,84.0711822568263,115.54646529767342,2167.0830078125,2095.311279296875,2156.15234375,2062.170166015625,1906.2982177734373,0.0076828051269257625
2022-04-12,2176.31640625,2196.081185662107,2154.655108750754,1615715.0,2184.102612075268,2193.03662109375,0.0076828051269257625,2157.579931640625,1962.38828125,87.99847816821539,118.37675573516958,2176.31640625,2167.0830078125,2095.311279296875,2136.03857421875,1913.8348388671875,0.0011379679868297465
2022-04-13,2193.03662109375,2215.047393142148,2151.161393520202,2632324.0,2206.063483334956,2195.5322265625,0.0011379679868297465,2165.455908203125,1987.2464233398437,87.52436129966314,119.44427653430262,2193.03662109375,2176.31640625,2167.0830078125,2156.15234375,1991.6959228515625,0.015640338489252725
2022-04-18,2195.5322265625,2213.2006500634434,2169.5785385232653,992512.0,2175.917320565279,2229.87109375,0.015640338489252725,2192.36787109375,2010.9965454101562,87.52946804640426,121.65874774477084,2195.5322265625,2193.03662109375,2176.31640625,2095.311279296875,2011.1612548828125,-0.029344005486584
2022-04-19,2229.87109375,2236.0100416946725,2152.9083292075825,1747434.0,2241.0010728090315,2164.437744140625,-0.029344005486584,2191.838818359375,2028.3979919433593,75.2736844394928,116.78755345085983,2229.87109375,2195.5322265625,2193.03662109375,2167.0830078125,2040.0098876953125,0.007217724092742461
2022-04-20,2164.437744140625,2250.983260215753,2136.28802439482,1639219.0,2174.1207050415187,2180.06005859375,0.007217724092742461,2192.587548828125,2047.4140686035157,75.6590726568822,112.88640290971603,2164.437744140625,2229.87109375,2195.5322265625,2176.31640625,2062.170166015625,0.04688748316539981
2022-04-21,2180.06005859375,2204.017311541866,2158.0492837065126,1119025.0,2212.052799765934,2282.277587890625,0.04688748316539981,2210.4357421875,2070.1135681152346,76.75063071364758,116.69759610019764,2180.06005859375,2164.437744140625,2229.87109375,2193.03662109375,2136.03857421875,-0.0057078313075799025
2022-04-22,2282.277587890625,2289.4647143111683,2199.974255136896,2243636.0,2292.908468048487,2269.250732421875,-0.0057078313075799025,2225.179443359375,2093.187396240234,74.04446773526975,117.31450718241058,2282.277587890625,2180.06005859375,2164.437744140625,2195.5322265625,2156.15234375,0.00479480520989517
2022-04-25,2269.250732421875,2301.8924367957384,2260.96546805826,1786042.0,2255.924541613593,2280.13134765625,0.00479480520989517,2235.231494140625,2115.7171936035156,73.145397206703,117.32889392155948,2269.250732421875,2282.277587890625,2180.06005859375,2229.87109375,2095.311279296875,0.048638576836372405
2022-04-26,2280.13134765625,2290.9121595009365,2238.605591554985,1683622.0,2292.908728427221,2391.03369140625,0.048638576836372405,2280.55068359375,2142.0851501464845,77.06846889354111,124.84999478361033,2280.13134765625,2269.250732421875,2282.277587890625,2164.437744140625,2167.0830078125,-0.02555006425576345
2022-04-27,2391.03369140625,2409.6004160355246,2291.0122100697354,3199358.0,2400.6662835714496,2329.942626953125,-0.02555006425576345,2310.527197265625,2163.267370605469,66.30298725904152,124.44644194384364,2391.03369140625,2280.13134765625,2269.250732421875,2180.06005859375,2176.31640625,0.0190437520203659
2022-04-28,2329.942626953125,2416.637784566066,2320.858738280131,2559876.0,2355.6468329489594,2374.3134765625,0.0190437520203659,2328.934375,2186.2913024902346,67.62360553518025,126.25162995054279,2329.942626953125,2391.03369140625,2280.13134765625,2282.277587890625,2193.03662109375,-0.019570932716159284
2022-04-29,2374.3134765625,2385.643114201378,2332.138730467,1679893.0,2384.744411671345,2327.845947265625,-0.019570932716159284,2340.65341796875,2203.0988037109373,69.23133769032212,122.52037457084953,2374.3134765625,2329.942626953125,2391.03369140625,2269.250732421875,2195.5322265625,0.0032161992571047016
2022-05-02,2327.845947265625,2389.885140359044,2297.4002777151954,1916180.0,2320.85859180898,2335.332763671875,0.0032161992571047016,2351.693701171875,2219.3073791503907,65.57039552791505,118.798021669641,2327.845947265625,2374.3134765625,2329.942626953125,2280.13134765625,2229.87109375,-0.036631765978713315
2022-05-04,2335.332763671875,2358.0921998939903,2306.8835293206685,1006544.0,2354.4984466602277,2249.785400390625,-0.036631765978713315,2323.44404296875,2229.7961547851564,55.95757679663319,107.70353361725984,2335.332763671875,2327.845947265625,2374.3134765625,2391.03369140625,2164.437744140625,0.0007099201410376565
2022-05-05,2249.785400390625,2358.690916544036,2229.0723619458977,1744686.0,2265.956660220188,2251.382568359375,0.0007099201410376565,2307.73203125,2239.2567749023438,54.850212387692274,97.91128961227696,2249.785400390625,2335.332763671875,2327.845947265625,2329.942626953125,2180.06005859375,-0.003414134739037844
2022-05-06,2251.382568359375,2299.6965041663807,2232.0172212565376,1636796.0,2206.063249986776,2243.696044921875,-0.003414134739037844,2281.608544921875,2244.6396484375,53.969528962134355,88.510335435441,2251.382568359375,2249.785400390625,2335.332763671875,2374.3134765625,2282.277587890625,-0.022267139736886543
2022-05-09,2243.696044921875,2257.9706205747,2196.081063335252,1161579.0,2225.5287164222614,2193.7353515625,-0.022267139736886543,2254.78642578125,2246.518798828125,47.09655600995565,76.15078228890525,2243.696044921875,2251.382568359375,2249.785400390625,2327.845947265625,2269.250732421875,-0.040111000563127
2022-05-10,2193.7353515625,2240.2024833937853,2176.116888002032,1450886.0,2186.099040195766,2105.742431640625,-0.040111000563127,2208.868359375,2247.0403564453127,45.448921519186705,58.580178293846984,2193.7353515625,2243.696044921875,2251.382568359375,2335.332763671875,2280.13134765625,0.004645731926543384
2022-05-11,2105.742431640625,2216.045602390229,2093.76380676284,1471866.0,2105.842472888855,2115.525146484375,0.004645731926543384,2182.01630859375,2244.4624633789062,44.95040668391286,44.926842692162154,2105.742431640625,2193.7353515625,2243.696044921875,2249.785400390625,2391.03369140625,-0.034964434136535605
2022-05-12,2115.525146484375,2153.906610510753,2073.3004426049515,1397917.0,2099.2541012510355,2041.5570068359373,-0.034964434136535605,2140.0511962890623,2237.724493408203,30.293408887909095,27.817205736640517,2115.525146484375,2105.742431640625,2193.7353515625,2251.382568359375,2329.942626953125,0.004376171751093727
2022-05-13,2041.5570068359373,2109.835317836173,2007.4679328690145,1553685.0,2080.7872513697143,2050.4912109375,0.004376171751093727,2101.4102294921877,2230.5972229003905,31.970436827643283,14.807914366636851,2041.5570068359373,2115.525146484375,2105.742431640625,2243.696044921875,2374.3134765625,0.02519284870288807
2022-05-16,2050.4912109375,2131.197304713044,2031.674931309052,1547617.0,2078.940338103356,2102.14892578125,0.02519284870288807,2083.0929443359373,2225.928057861328,36.255038294621414,8.567541806543431,2050.4912109375,2041.5570068359373,2115.525146484375,2193.7353515625,2327.845947265625,0.03749000337034203
2022-05-17,2102.14892578125,2138.1347631584504,2053.984867481964,1742552.0,2129.250712245805,2180.95849609375,0.03749000337034203,2098.1361572265623,2223.4824279785157,32.93052096678143,9.867528551552368,2102.14892578125,2050.4912109375,2041.5570068359373,2105.742431640625,2335.332763671875,-0.0017164050621915061
2022-05-18,2180.95849609375,2188.3452179124133,2115.624879068528,1061085.0,2195.781811054908,2177.215087890625,-0.0017164050621915061,2110.4741455078124,2224.1212951660154,36.31487435853572,10.474966759483777,2180.95849609375,2102.14892578125,2050.4912109375,2115.525146484375,2249.785400390625,-0.03042037041792367
2022-05-19,2177.215087890625,2212.9511254034924,2168.1311994713105,1296983.0,2141.1795198715868,2110.9833984375,-0.03042037041792367,2124.359423828125,2220.6674621582033,27.293903120372647,5.5480674302975785,2177.215087890625,2180.95849609375,2102.14892578125,2041.5570068359373,2251.382568359375,0.04955654184055036
2022-05-20,2110.9833984375,2150.912154052821,2093.8640419497447,986930.0,2155.154242577803,2215.596435546875,0.04955654184055036,2157.38046875,2217.3334045410156,41.20318126871918,9.96993482008429,2110.9833984375,2177.215087890625,2180.95849609375,2050.4912109375,2243.696044921875,-0.022031534036658362
2022-05-23,2215.596435546875,2228.423400030758,2147.1684927210995,1444803.0,2227.77471079685,2166.783447265625,-0.022031534036658362,2170.307373046875,2212.210040283203,37.594593341620644,9.426829751811056,2215.596435546875,2110.9833984375,2177.215087890625,2102.14892578125,2193.7353515625,-0.00481411852989444
2022-05-24,2166.783447265625,2241.001109326281,2151.810165911552,1455450.0,2157.1509187370643,2156.352294921875,-0.00481411852989444,2165.3861328125,2206.0210876464844,42.26831220582062,8.06177710677548,2166.783447265625,2215.596435546875,2110.9833984375,2180.95849609375,2105.742431640625,-0.03983438738583389
2022-05-25,2156.352294921875,2175.0189385362887,2138.7338298332866,1008943.0,2164.138249409879,2070.455322265625,-0.03983438738583389,2144.0341796875,2189.9921691894533,36.86118109272974,0.048239157525131304,2156.352294921875,2166.783447265625,2215.596435546875,2177.215087890625,2115.525146484375,-0.013378911950060024
2022-05-26,2070.455322265625,2177.564242852568,2062.5195319464387,1382448.0,2073.300352318158,2042.7548828125,-0.013378911950060024,2130.3884765625,2175.632781982422,35.81996801005596,-8.440445165441815,2070.455322265625,2156.352294921875,2166.783447265625,2110.9833984375,2041.5570068359373,0.01649228576031625
2022-05-27,2042.7548828125,2084.2807586135355,1902.8045403724136,4967514.0,2076.2949447519063,2076.444580078125,0.01649228576031625,2102.55810546875,2160.739337158203,41.528473124468356,-12.307439138993686,2042.7548828125,2070.455322265625,2156.352294921875,2215.596435546875,2050.4912109375,0.041102903111150724
2022-05-30,2076.444580078125,2090.5695212382243,2044.052431243697,1354005.0,2116.223889020035,2161.79248046875,0.041102903111150724,2101.559912109375,2152.436663818359,54.06383798247024,-8.388500037094218,2076.444580078125,2042.7548828125,2070.455322265625,2166.783447265625,2102.14892578125,0.000877386952152559
2022-05-31,2161.79248046875,2171.125923876687,2098.2559503396765,1384584.0,2156.1526083021663,2163.689208984375,0.000877386952152559,2103.027294921875,2143.8544860839843,53.53246924398927,-5.071204733367267,2161.79248046875,2076.444580078125,2042.7548828125,2156.352294921875,2180.95849609375,-0.007681491990213618
2022-06-01,2163.689208984375,2221.8354540925234,2146.5696103385185,2861556.0,2166.084965673006,2147.06884765625,-0.007681491990213618,2118.35,2138.7186584472656,58.44924964354624,-3.740233479034032,2163.689208984375,2161.79248046875,2076.444580078125,2070.455322265625,2177.215087890625,0.02719778076806656
2022-06-02,2147.06884765625,2185.4005980888005,2122.213295534232,1448212.0,2151.161354263378,2205.46435546875,0.02719778076806656,2150.89189453125,2136.422747802734,61.499131546282385,2.0035051181389463,2147.06884765625,2163.689208984375,2161.79248046875,2042.7548828125,2110.9833984375,-0.00878057009943567
2022-06-03,2205.46435546875,2214.0491339935834,2138.4840251858977,1855167.0,2231.0189660477317,2186.09912109375,-0.00878057009943567,2172.822802734375,2133.542901611328,56.54271544953056,4.935948227113386,2205.46435546875,2147.06884765625,2163.689208984375,2076.444580078125,2215.596435546875,0.01600455738284179
2022-06-06,2186.09912109375,2238.256052179206,2172.174017899167,1651685.0,2184.6017260079625,2221.086669921875,0.01600455738284179,2184.681640625,2134.910467529297,53.35669908218434,9.968225803315818,2186.09912109375,2205.46435546875,2147.06884765625,2161.79248046875,2166.783447265625,0.0011234866977130054
2022-06-07,2221.086669921875,2226.0278039743007,2164.337836719424,1664487.0,2206.0632449752275,2223.58203125,0.0011234866977130054,2196.660205078125,2140.8024475097654,53.88668390361661,13.99635556807334,2221.086669921875,2186.09912109375,2205.46435546875,2163.689208984375,2156.352294921875,-0.0226032829910916
2022-06-08,2223.58203125,2250.683570465029,2203.118548660864,2046676.0,2240.9510965230866,2173.32177734375,-0.0226032829910916,2201.910791015625,2143.692279052734,55.36924747516804,12.983430079927984,2223.58203125,2221.086669921875,2186.09912109375,2147.06884765625,2070.455322265625,0.01929088154630798
2022-06-09,2173.32177734375,2240.9510965230866,2154.7050954504816,1530739.0,2156.4520815870437,2215.2470703125,0.01929088154630798,2203.867333984375,2152.3767822265627,49.96626611906669,15.386335987521761,2173.32177734375,2223.58203125,2221.086669921875,2205.46435546875,2042.7548828125,-0.007254741530753006
2022-06-10,2215.2470703125,2220.0385692030104,2151.1614733059746,1440385.0,2186.0992610953717,2199.176025390625,-0.007254741530753006,2206.48271484375,2159.8110229492186,53.33886623497284,15.811591038307142,2215.2470703125,2173.32177734375,2223.58203125,2186.09912109375,2076.444580078125,-0.05598932039643312
2022-06-13,2199.176025390625,2211.054732112442,2167.1331031223976,1305761.0,2168.6304526793897,2076.045654296875,-0.05598932039643312,2177.47451171875,2158.505859375,43.28295728273184,6.142213215479842,2199.176025390625,2215.2470703125,2173.32177734375,2221.086669921875,2161.79248046875,0.0561124188758888
2022-06-14,2076.045654296875,2168.6304526793897,2063.0688092405658,1764172.0,2269.9495130358946,2192.53759765625,0.0561124188758888,2171.265625,2159.084814453125,59.71408423616899,7.789297716685269,2076.045654296875,2199.176025390625,2215.2470703125,2223.58203125,2163.689208984375,-0.005395053400461536
2022-06-15,2192.53759765625,2269.9495130358946,2049.44308130552,6515102.0,2214.448338424141,2180.708740234375,-0.005395053400461536,2172.743017578125,2159.2594970703126,61.26142716211773,8.047369053301281,2192.53759765625,2076.045654296875,2199.176025390625,2173.32177734375,2147.06884765625,-0.04650755587967692
2022-06-16,2180.708740234375,2215.746071517381,2170.327119194201,1313510.0,2201.071973664224,2079.289306640625,-0.04650755587967692,2145.55146484375,2157.6747924804686,50.20909855052282,0.06741463942989867,2180.708740234375,2192.53759765625,2076.045654296875,2215.2470703125,2205.46435546875,0.006145170780139653
2022-06-17,2079.289306640625,2213.350110965941,2072.35173623575,2131789.0,2058.3270522087923,2092.06689453125,0.006145170780139653,2124.129638671875,2151.4983154296874,44.262831870495674,-5.166159894572047,2079.289306640625,2180.708740234375,2192.53759765625,2199.176025390625,2186.09912109375,-0.007610362154465089
2022-06-20,2092.06689453125,2133.59264810018,2056.480250048226,2280135.0,2103.5465656480537,2076.1455078125,-0.007610362154465089,2124.149609375,2146.966418457031,42.959218015090066,-10.477747317356716,2092.06689453125,2079.289306640625,2180.708740234375,2076.045654296875,2221.086669921875,0.03940172335208403
2022-06-21,2076.1455078125,2119.518066749231,2021.3931081177209,2603594.0,2096.2592547962768,2157.94921875,0.03940172335208403,2117.23193359375,2147.0462646484375,50.79202142293012,-7.994190752531267,2076.1455078125,2092.06689453125,2079.289306640625,2192.53759765625,2223.58203125,-0.033583023342112606
2022-06-22,2157.94921875,2173.122094138807,2087.9240312294355,1331500.0,2146.120554527633,2085.478759765625,-0.033583023342112606,2098.1859375,2147.7974365234377,41.44119731739047,-11.738401673401313,2157.94921875,2076.1455078125,2092.06689453125,2180.708740234375,2173.32177734375,0.010123481041769411
2022-06-23,2085.478759765625,2146.120554527633,2073.400457978878,1774137.0,2101.250496587573,2106.591064453125,0.010123481041769411,2103.6462890625,2150.9892456054686,44.34263843785145,-12.853956845184257,2085.478759765625,2157.94921875,2076.1455078125,2079.289306640625,2215.2470703125,0.02421390175019189
2022-06-24,2106.591064453125,2124.2095281417364,2076.2950275069607,1026783.0,2117.2219540986925,2157.599853515625,0.02421390175019189,2116.752880859375,2155.047009277344,45.58332178388675,-9.512406278544404,2106.591064453125,2085.478759765625,2157.94921875,2092.06689453125,2199.176025390625,0.009322515377318652
2022-06-27,2157.599853515625,2164.1382350240287,2104.8441391666474,1156536.0,2185.1008325579905,2177.714111328125,0.009322515377318652,2137.0666015625,2155.8430908203127,46.885393419364725,-5.18142266119321,2157.599853515625,2106.591064453125,2085.478759765625,2076.1455078125,2076.045654296875,0.010542811104632399
2022-06-28,2177.714111328125,2207.061644945508,2165.4859317032574,1202504.0,2166.134870690524,2200.67333984375,0.010542811104632399,2145.61142578125,2157.6922973632813,51.92878879803981,0.10235108198003218,2177.714111328125,2157.599853515625,2106.591064453125,2157.94921875,2192.53759765625,0.007030651795803866
2022-06-29,2200.67333984375,2206.3131787759125,2156.152682346328,1282047.0,2181.107932782979,2216.1455078125,0.007030651795803866,2171.744775390625,2161.146130371094,50.06581173408911,5.4751404784751685,2200.67333984375,2177.714111328125,2157.599853515625,2085.478759765625,2180.708740234375,-0.013152653224537736
2022-06-30,2216.1455078125,2243.7961179903846,2173.3217779202246,1692493.0,2216.0455769303203,2186.997314453125,-0.013152653224537736,2187.826025390625,2160.2227783203125,49.124663352305625,7.296984091180548,2216.1455078125,2200.67333984375,2177.714111328125,2106.591064453125,2079.289306640625,0.018850872092146975
2022-07-01,2186.997314453125,2244.4948106882093,2176.615937160614,1568415.0,2185.9994139958085,2228.22412109375,0.018850872092146975,2201.95087890625,2162.3290283203123,62.39732754269093,11.929946037239915,2186.997314453125,2216.1455078125,2200.67333984375,2157.599853515625,2092.06689453125,0.013282740972033302
2022-07-04,2228.22412109375,2238.006714796998,2134.4415066524,2141743.0,2228.223714494537,2257.821044921875,0.013282740972033302,2217.972265625,2164.1657470703126,56.195520057979095,17.78481389537319,2228.22412109375,2186.997314453125,2216.1455078125,2177.714111328125,2076.1455078125,-0.00680847336758561
2022-07-05,2257.821044921875,2272.943960616277,2224.3807187555835,1581159.0,2259.9675203682373,2242.44873046875,-0.00680847336758561,2226.32734375,2165.10908203125,55.820095713160626,20.943003641007635,2257.821044921875,2228.22412109375,2186.997314453125,2200.67333984375,2157.94921875,0.011751788500250937
2022-07-06,2242.44873046875,2286.6199154406117,2234.0138297633016,1356776.0,2241.0010248567232,2268.801513671875,0.011751788500250937,2236.858544921875,2169.8830688476564,70.81010798580206,25.280918442069833,2242.44873046875,2257.821044921875,2228.22412109375,2216.1455078125,2085.478759765625,0.0006381139546698389
2022-07-07,2268.801513671875,2272.9440238747256,2232.5161657425665,1045463.0,2275.9390665032265,2270.249267578125,0.0006381139546698389,2253.508935546875,2172.6331787109375,70.06526258720052,28.5069583449158,2268.801513671875,2242.44873046875,2257.821044921875,2186.997314453125,2106.591064453125,0.008244164577450253
2022-07-08,2270.249267578125,2290.862390149887,2251.9818131716133,946131.0,2281.9280851733,2288.965576171875,0.008244164577450253,2265.6572265625,2177.12265625,73.81592600626959,32.20265572533708,2270.249267578125,2268.801513671875,2242.44873046875,2228.22412109375,2157.599853515625,0.03497524372565697
2022-07-11,2288.965576171875,2299.496832830164,2259.8673530968044,898576.0,2288.965608155201,2369.022705078125,0.03497524372565697,2287.89755859375,2191.7715087890624,73.71316884144191,41.117486967757486,2288.965576171875,2270.249267578125,2268.801513671875,2257.821044921875,2177.714111328125,-0.0032023440573144546
2022-07-12,2369.022705078125,2380.352585643809,2286.9691706074686,1967308.0,2360.188505758535,2361.436279296875,-0.0032023440573144546,2311.695068359375,2200.216442871094,86.29383077893272,47.02828104730088,2369.022705078125,2288.965576171875,2270.249267578125,2242.44873046875,2200.67333984375,-0.005136034402063672
2022-07-13,2361.436279296875,2385.543410281065,2345.9638874214597,1273008.0,2369.2722366102844,2349.307861328125,-0.005136034402063672,2327.796337890625,2208.6463989257813,82.69463503956895,50.15580111727286,2361.436279296875,2369.022705078125,2288.965576171875,2268.801513671875,2216.1455078125,0.01299429010268871
2022-07-14,2349.307861328125,2380.402278347787,2329.5430810576363,982185.0,2361.760147187153,2379.83544921875,0.01299429010268871,2349.71357421875,2223.6737060546875,81.68400402925737,54.46981044978202,2349.307861328125,2361.436279296875,2369.022705078125,2270.249267578125,2186.997314453125,0.009294604344813662
2022-07-15,2379.83544921875,2400.706720438865,2333.2991898109017,933554.0,2411.192406665757,2401.955078125,0.009294604344813662,2372.311474609375,2239.168115234375,81.78814112480939,58.99352251250548,2379.83544921875,2349.307861328125,2361.436279296875,2288.965576171875,2228.22412109375,0.0076291814691971105
2022-07-18,2401.955078125,2419.630782355267,2373.7437774464715,1169788.0,2420.679383817938,2420.280029296875,0.0076291814691971105,2382.562939453125,2256.3748413085937,81.54566974697084,63.327269976925436,2401.955078125,2379.83544921875,2349.307861328125,2369.022705078125,2257.821044921875,0.011429301171830275
2022-07-19,2420.280029296875,2438.505028783128,2402.7540221255717,937204.0,2403.6527939387206,2447.942138671875,0.011429301171830275,2399.864111328125,2270.8744873046876,82.17008718162444,68.2076418723891,2420.280029296875,2401.955078125,2379.83544921875,2361.436279296875,2242.44873046875,-8.168133090902252e-05
2022-07-20,2447.942138671875,2455.9311798823696,2401.7055139049003,843301.0,2458.6271574087928,2447.7421875,-8.168133090902252e-05,2419.5509765625,2288.987658691406,89.34950920466913,71.23804948193447,2447.942138671875,2420.280029296875,2401.955078125,2349.307861328125,2268.801513671875,0.01811428979512364
2022-07-21,2447.7421875,2469.412410597326,2440.6518166966243,693601.0,2450.4384743530795,2492.081298828125,0.01811428979512364,2442.000146484375,2308.262170410156,89.44862541437594,76.33749396023904,2447.7421875,2447.942138671875,2420.280029296875,2379.83544921875,2270.249267578125,0.0015628604863158202
2022-07-22,2492.081298828125,2495.526523751908,2447.891918955096,1314165.0,2502.067815594798,2495.97607421875,0.0015628604863158202,2460.804345703125,2325.1809814453127,88.57020849231549,79.77353660021117,2492.081298828125,2447.7421875,2447.942138671875,2401.955078125,2288.965576171875,0.020484925052217884
2022-07-25,2495.97607421875,2510.6061520524377,2479.698597982839,833522.0,2501.568328263741,2547.10595703125,0.020484925052217884,2486.16953125,2343.6505737304688,94.21899649756418,85.63522975787873,2495.97607421875,2492.081298828125,2447.7421875,2420.280029296875,2369.022705078125,0.003567736284650458
2022-07-26,2547.10595703125,2558.639939308249,2496.575177907925,1220351.0,2551.499846774262,2556.193359375,0.003567736284650458,2507.819775390625,2361.4265747070312,93.91396994252776,89.97674532754309,2547.10595703125,2495.97607421875,2492.081298828125,2447.942138671875,2361.436279296875,-0.0042973522487891325
2022-07-27,2556.193359375,2565.08131334414,2529.529985079924,865142.0,2556.4930650248216,2545.20849609375,-0.0042973522487891325,2527.313037109375,2377.8797241210937,90.82438777899654,91.47655623487253,2556.193359375,2547.10595703125,2495.97607421875,2447.7421875,2349.307861328125,0.0006670392263956604
2022-07-28,2545.20849609375,2568.975941318888,2524.5369017120115,953588.0,2556.393236473284,2546.90625,0.0006670392263956604,2538.27802734375,2395.8751708984373,90.33600452027443,91.74458724327997,2545.20849609375,2556.193359375,2547.10595703125,2492.081298828125,2379.83544921875,0.00737136277468986
2022-07-29,2546.90625,2562.1353598650085,2528.132198129401,759442.0,2561.4862222373417,2565.680419921875,0.00737136277468986,2552.218896484375,2412.7479858398438,88.04456661376861,92.4067152665034,2546.90625,2545.20849609375,2556.193359375,2495.97607421875,2401.955078125,0.035400137424711264
2022-08-01,2565.680419921875,2618.4081382870604,2556.4930717066645,1107195.0,2572.3215339355934,2656.505859375,0.035400137424711264,2574.098876953125,2432.6822265625,93.17720156017454,99.11774275940388,2565.680419921875,2546.90625,2545.20849609375,2547.10595703125,2420.280029296875,0.00883407554125304
2022-08-02,2656.505859375,2665.743188135146,2565.6804972459395,1267039.0,2656.3561279194487,2679.9736328125,0.00883407554125304,2598.854931640625,2454.5584716796875,96.83181504156545,105.11819645102696,2656.505859375,2565.680419921875,2546.90625,2556.193359375,2447.942138671875,0.010340459273116887
2022-08-03,2679.9736328125,2693.305442480734,2636.383525453889,1096480.0,2681.322051606111,2707.685791015625,0.010340459273116887,2631.350390625,2476.502685546875,96.80634590007257,110.83213493843368,2679.9736328125,2656.505859375,2565.680419921875,2545.20849609375,2447.7421875,0.004499453189574121
2022-08-04,2707.685791015625,2713.2782175842844,2667.540906266784,815831.0,2721.266881029227,2719.868896484375,0.004499453189574121,2665.942919921875,2498.9836669921874,96.71308888428119,115.0176947601094,2707.685791015625,2679.9736328125,2656.505859375,2546.90625,2492.081298828125,-0.009252567841377735
2022-08-05,2719.868896484375,2740.140891415552,2680.5727065697997,1223799.0,2756.2188312192397,2694.703125,-0.009252567841377735,2691.7474609375,2519.270544433594,89.52807702235373,114.97871063007506,2719.868896484375,2707.685791015625,2679.9736328125,2565.680419921875,2495.97607421875,0.03465031586851519
2022-08-08,2694.703125,2763.858253283309,2681.3215803708904,1639981.0,2696.3014254930777,2788.075439453125,0.03465031586851519,2718.061376953125,2540.223181152344,91.19487631359516,121.08637252867265,2694.703125,2719.868896484375,2707.685791015625,2656.505859375,2547.10595703125,0.012643655313238078
2022-08-10,2788.075439453125,2803.803864435168,2691.9572867850848,1581696.0,2797.911817604187,2823.326904296875,0.012643655313238078,2746.73203125,2563.3177124023437,91.92860775529138,127.30375870424223,2788.075439453125,2694.703125,2719.868896484375,2679.9736328125,2556.193359375,0.0024229643057234185
2022-08-11,2823.326904296875,2831.016307126808,2777.739538814568,1304663.0,2837.1081551435445,2830.167724609375,0.0024229643057234185,2771.22841796875,2587.360705566406,91.19110168785708,131.26988158804443,2823.326904296875,2788.075439453125,2694.703125,2707.685791015625,2545.20849609375,0.0107619953716096
2022-08-12,2830.167724609375,2844.4979204679794,2811.243732701843,978616.0,2836.1095582048097,2860.6259765625,0.0107619953716096,2799.379833984375,2611.4002319335937,91.72661910700477,135.31100785978424,2830.167724609375,2823.326904296875,2788.075439453125,2719.868896484375,2546.90625,0.0388543297826327
2022-08-16,2860.6259765625,2867.2167891112376,2830.167757715582,843025.0,2875.0562523904587,2971.773681640625,0.0388543297826327,2854.7939453125,2639.891162109375,92.7257766194976,145.8016102400602,2860.6259765625,2830.167724609375,2823.326904296875,2694.703125,2565.680419921875,0.01102199774325241
2022-08-17,2971.773681640625,2981.909680318829,2867.06721105002,1969492.0,2981.909688617536,3004.528564453125,0.01102199774325241,2898.0845703125,2669.1035888671877,93.05645368147742,154.97211147187136,2971.773681640625,2860.6259765625,2830.167724609375,2788.075439453125,2656.505859375,0.04819433945292051
2022-08-18,3004.528564453125,3024.401451126489,2975.917907595532,1510171.0,3000.8835616438355,3149.329833984375,0.04819433945292051,2963.28515625,2704.1729736328125,96.15468550595585,171.9420115850785,3004.528564453125,2971.773681640625,2860.6259765625,2823.326904296875,2679.9736328125,-0.007435780259239522
2022-08-19,3149.329833984375,3181.635616438356,2999.884931506849,3502295.0,3173.646680262273,3125.912109375,-0.007435780259239522,3022.434033203125,2738.0814697265623,92.81492949894643,181.4099836526825,3149.329833984375,3004.528564453125,2971.773681640625,2830.167724609375,2707.685791015625,-0.02511017096884849
2022-08-22,3125.912109375,3254.4357634928533,3071.0374302947,6109949.0,3129.7069502951917,3047.419921875,-0.02511017096884849,3059.792822265625,2765.8484008789064,82.73172165566488,180.49907520248416,3125.912109375,3149.329833984375,3004.528564453125,2860.6259765625,2719.868896484375,-0.006865358695464119
2022-08-23,3047.419921875,3187.427822836603,3025.050459801044,3473580.0,3028.4955512657616,3026.498291015625,-0.006865358695464119,3070.737744140625,2792.37451171875,77.77774926563933,176.0594689669374,3047.419921875,3125.912109375,3149.329833984375,2971.773681640625,2694.703125,0.03431603519595838
2022-08-24,3026.498291015625,3069.789004459807,2923.389730602328,4169136.0,3033.8382122517605,3130.355712890625,0.03431603519595838,3095.903173828125,2821.536999511719,80.17123087153792,178.85969182122972,3026.498291015625,3047.419921875,3125.912109375,3004.528564453125,2788.075439453125,-0.021788595592070026
2022-08-25,3130.355712890625,3148.6806725575384,2981.909447591757,3475387.0,3162.661685285638,3062.149658203125,-0.021788595592070026,3078.467138671875,2846.834814453125,72.52364395899252,173.57437269415095,3130.355712890625,3026.498291015625,3047.419921875,3149.329833984375,2823.326904296875,0.023871991095920198
2022-08-26,3062.149658203125,3173.4469396676795,3051.5141008211194,3119494.0,3075.780794685868,3135.249267578125,0.023871991095920198,3080.3345703125,2876.3368530273438,74.4979173722029,173.28670549123672,3062.149658203125,3130.355712890625,3026.498291015625,3125.912109375,2830.167724609375,0.000971501203747227
2022-08-29,3135.249267578125,3168.6034163356867,3073.783534429578,2897602.0,3050.81506849315,3138.295166015625,0.000971501203747227,3098.509619140625,2905.906298828125,76.86264038938678,171.32952558663146,3135.249267578125,3062.149658203125,3130.355712890625,3047.419921875,2860.6259765625,0.016467284460168097
2022-08-30,3138.295166015625,3162.1123484990367,3033.6886591663097,1924984.0,3160.664472367824,3189.974365234375,0.016467284460168097,3131.204833984375,2937.12099609375,75.63215512908428,171.96620650404475,3138.295166015625,3135.249267578125,3062.149658203125,3026.498291015625,2971.773681640625,0.012177740395304282
2022-09-01,3189.974365234375,3258.6301890812274,3156.669951707643,4392183.0,3195.6165912781257,3228.821044921875,0.012177740395304282,3150.897900390625,2965.7367553710938,75.74339312882918,173.60418216650214,3189.974365234375,3138.295166015625,3135.249267578125,3130.355712890625,3004.528564453125,0.03790302354185937
2022-09-02,3228.821044921875,3240.5549495929745,3180.037862873166,1880363.0,3256.532937485727,3351.203125,0.03790302354185937,3208.70859375,2999.298229980469,78.84671062822423,182.6717742482606,3228.821044921875,3189.974365234375,3138.295166015625,3062.149658203125,3149.329833984375,-0.002756487292343679
2022-09-05,3351.203125,3364.784348832755,3220.582251883309,4835905.0,3369.477883910314,3341.965576171875,-0.002756487292343679,3250.05185546875,3031.0122192382814,77.29023224215794,186.95738495567684,3351.203125,3228.821044921875,3189.974365234375,3135.249267578125,3125.912109375,0.026669314107535813
2022-09-06,3341.965576171875,3427.0987913372715,3308.461487893936,3686950.0,3365.3835934631597,3431.093505859375,0.026669314107535813,3308.6115234375,3066.573449707031,76.70867466130309,195.29440898977055,3341.965576171875,3351.203125,3228.821044921875,3138.295166015625,3047.419921875,0.011045443429049895
2022-09-07,3431.093505859375,3442.8773903484657,3350.404141266736,2580772.0,3431.0934899580484,3468.991455078125,0.011045443429049895,3364.41494140625,3105.2878662109374,76.84715675056884,202.62388634458966,3431.093505859375,3341.965576171875,3351.203125,3189.974365234375,3026.498291015625,-0.0031522299017896493
2022-09-08,3468.991455078125,3483.1719543304494,3401.4342235078225,2188110.0,3494.206757734569,3458.056396484375,-0.0031522299017896493,3410.26201171875,3138.7869140625,71.11248312896649,205.18493787328498,3468.991455078125,3431.093505859375,3341.965576171875,3228.821044921875,3130.355712890625,-0.0033498540934082666
2022-09-09,3458.056396484375,3496.703333011601,3445.273882304733,1560414.0,3474.2343797429494,3446.472412109375,-0.0033498540934082666,3429.315869140625,3169.944189453125,72.28238605141962,203.92909131031638,3458.056396484375,3468.991455078125,3431.093505859375,3351.203125,3062.149658203125,0.0036509108930233847
2022-09-12,3446.472412109375,3503.1446745555986,3410.471745529874,1614634.0,3460.253483204672,3459.05517578125,0.0036509108930233847,3452.7337890625,3201.388562011719,81.49930016417932,201.6249409193042,3446.472412109375,3458.056396484375,3468.991455078125,3341.965576171875,3135.249267578125,0.026560438839126066
2022-09-13,3459.05517578125,3490.711702898104,3453.163111589626,1647756.0,3473.2357234071724,3550.92919921875,0.026560438839126066,3476.700927734375,3235.9037231445313,86.19979420033212,204.85095668866143,3459.05517578125,3446.472412109375,3458.056396484375,3431.093505859375,3138.295166015625,0.004584036171210171
2022-09-14,3550.92919921875,3564.011108132456,3416.613441657432,3479669.0,3513.180799520372,3567.206787109375,0.004584036171210171,3496.343994140625,3265.6753784179687,84.30176563777204,206.34247512386446,3550.92919921875,3459.05517578125,3446.472412109375,3468.991455078125,3189.974365234375,0.04943865626000288
2022-09-15,3567.206787109375,3603.057511276152,3506.190388606033,2740337.0,3585.0821453401,3743.564697265625,0.04943865626000288,3553.445654296875,3302.6271850585936,95.73695950414685,219.22799977788281,3567.206787109375,3550.92919921875,3459.05517578125,3458.056396484375,3228.821044921875,-0.012404359799476183
2022-09-16,3743.564697265625,3762.788327153591,3570.102693479348,4716688.0,3749.8558899635455,3697.128173828125,-0.012404359799476183,3603.576806640625,3330.0171020507814,89.11361400727529,223.12083346589816,3743.564697265625,3567.206787109375,3550.92919921875,3446.472412109375,3351.203125,0.02064993567840645
2022-09-19,3697.128173828125,3861.6524768564855,3609.648326513741,5687429.0,3713.855462976884,3773.4736328125,0.02064993567840645,3666.460498046875,3362.3951782226563,90.12170255893363,229.7183228730296,3697.128173828125,3743.564697265625,3567.206787109375,3459.05517578125,3341.965576171875,0.014793724801289487
2022-09-20,3773.4736328125,3796.741763538672,3675.7078408771526,3092486.0,3813.768615392138,3829.29736328125,0.014793724801289487,3722.134130859375,3401.489050292969,90.1731546610007,236.72259851004947,3773.4736328125,3697.128173828125,3743.564697265625,3550.92919921875,3431.093505859375,-0.05070998027262319
2022-09-21,3829.29736328125,3879.678206545813,3806.7782042091726,3338704.0,3832.392964037498,3635.11376953125,-0.05070998027262319,3735.71552734375,3431.91982421875,71.3603055845421,224.0221562910756,3829.29736328125,3773.4736328125,3697.128173828125,3567.206787109375,3468.991455078125,0.02093351348802841
2022-09-22,3635.11376953125,3857.508659028948,3566.3579849897887,6089846.0,3634.0153091929983,3711.20947265625,0.02093351348802841,3729.244482421875,3460.962512207031,69.89513467188502,217.58902082702434,3635.11376953125,3829.29736328125,3773.4736328125,3743.564697265625,3458.056396484375,-0.011301605921776536
2022-09-23,3711.20947265625,3730.8324586252897,3603.107753167341,3490772.0,3726.887757174733,3669.266845703125,-0.011301605921776536,3723.672216796875,3491.3183715820314,67.4567223354209,206.72331743497352,3711.20947265625,3635.11376953125,3829.29736328125,3697.128173828125,3446.472412109375,-0.02397740363051759
2022-09-26,3669.266845703125,3732.779577596343,3649.993234853604,3001474.0,3641.305122355048,3581.287353515625,-0.02397740363051759,3685.2349609375,3513.6202758789063,58.02046437794382,188.83617360647258,3669.266845703125,3711.20947265625,3635.11376953125,3773.4736328125,3459.05517578125,-0.007556708375846544
2022-09-27,3581.287353515625,3652.989046212917,3527.1616487763863,3123908.0,3591.073963817168,3554.224609375,-0.007556708375846544,3630.22041015625,3534.416748046875,54.60480203103802,170.5111990104583,3581.287353515625,3669.266845703125,3711.20947265625,3829.29736328125,3550.92919921875,-0.002908002305794799
2022-09-28,3554.224609375,3624.578053592328,3481.074952019714,3546332.0,3523.167339402078,3543.888916015625,-0.002908002305794799,3611.975439453125,3552.1124755859373,54.64018841089286,153.38637785943683,3554.224609375,3581.287353515625,3669.266845703125,3635.11376953125,3567.206787109375,-0.02199373660465387
2022-09-29,3543.888916015625,3592.022842809708,3498.201584445997,2259832.0,3578.591084495224,3465.945556640625,-0.02199373660465387,3562.92265625,3563.968701171875,50.98226064031542,132.00379839941252,3543.888916015625,3554.224609375,3581.287353515625,3711.20947265625,3743.564697265625,-0.004307466206666333
2022-09-30,3465.945556640625,3659.7297828669934,3438.882826298183,15060223.0,3443.2267494122666,3451.01611328125,-0.004307466206666333,3519.272509765625,3568.9593505859375,49.595452874584495,112.5557956667435,3465.945556640625,3543.888916015625,3554.224609375,3669.266845703125,3697.128173828125,-0.08636333473454727
2022-10-03,3451.01611328125,3518.9729432068625,3366.4821692818387,4307707.0,3435.2875331311884,3152.974853515625,-0.08636333473454727,3433.610009765625,3559.509814453125,33.41518461714091,72.26069820922703,3451.01611328125,3465.945556640625,3543.888916015625,3581.287353515625,3773.4736328125,0.025464852335556953
2022-10-04,3152.974853515625,3455.310115334075,3105.939278431969,7578847.0,3225.5754889354007,3233.264892578125,0.025464852335556953,3369.41806640625,3549.6183837890626,36.7878437336276,46.27188481918665,3152.974853515625,3451.01611328125,3465.945556640625,3554.224609375,3829.29736328125,0.014609105344354001
2022-10-06,3233.264892578125,3286.6916073329376,3120.719319790442,5642467.0,3265.520547945205,3280.5,0.014609105344354001,3316.740283203125,3540.193811035156,29.594287687694788,29.15100671740538,3233.264892578125,3152.974853515625,3451.01611328125,3543.888916015625,3635.11376953125,-0.0022525982129248945
2022-10-07,3280.5,3314.253747391374,3203.655459720141,2845165.0,3275.5069664545013,3273.1103515625,-0.0022525982129248945,3278.1732421875,3530.9465087890626,30.649021775486915,14.815520503417702,3280.5,3233.264892578125,3152.974853515625,3465.945556640625,3711.20947265625,-0.009564947570834148
2022-10-10,3273.1103515625,3306.414521538313,3223.727894477552,1930275.0,3229.570002948113,3241.80322265625,-0.009564947570834148,3236.3306640625,3520.7130493164063,24.695846614480928,0.9177415853691855,3273.1103515625,3280.5,3233.264892578125,3451.01611328125,3669.266845703125,0.008532863759605158
2022-10-11,3241.80322265625,3274.258703514572,3209.94701742856,1590792.0,3253.0876511681995,3269.465087890625,0.008532863759605158,3259.6287109375,3511.233544921875,22.621599568836757,-7.774645714466715,3241.80322265625,3273.1103515625,3280.5,3152.974853515625,3581.287353515625,-0.015363736825916963
2022-10-12,3269.465087890625,3333.4273969192923,3244.549314736603,2544394.0,3292.483503495513,3219.23388671875,-0.015363736825916963,3256.822509765625,3494.648779296875,26.328641242962973,-18.50336810024919,3269.465087890625,3241.80322265625,3273.1103515625,3233.264892578125,3554.224609375,0.00310208219607766
2022-10-13,3219.23388671875,3292.483503495513,3140.6917253543797,2972601.0,3213.5917508680614,3229.22021484375,0.00310208219607766,3246.566552734375,3477.7494506835938,20.333132170919143,-25.90156751959148,3219.23388671875,3269.465087890625,3241.80322265625,3280.5,3543.888916015625,-0.007468273333572251
2022-10-14,3229.22021484375,3258.330429349276,3184.631477165397,1840193.0,3267.517900958093,3205.103515625,-0.007468273333572251,3232.965185546875,3450.8263916015626,20.789334031483747,-33.32654230126036,3229.22021484375,3219.23388671875,3269.465087890625,3273.1103515625,3465.945556640625,0.0009659429876545111
2022-10-17,3205.103515625,3300.4726964139663,3190.4736812254,1344415.0,3206.601557055691,3208.199462890625,0.0009659429876545111,3226.24443359375,3426.3799560546877,23.71237481206758,-38.517070427517865,3205.103515625,3229.22021484375,3219.23388671875,3241.80322265625,3451.01611328125,0.022318225281061865
2022-10-18,3208.199462890625,3230.568681742498,3131.804252951428,1985298.0,3244.5490910866856,3279.80078125,0.022318225281061865,3228.311572265625,3401.6963134765624,31.806115776320297,-36.43299646440755,3208.199462890625,3205.103515625,3229.22021484375,3269.465087890625,3152.974853515625,-0.00214655818224474
2022-10-19,3279.80078125,3293.4819644210183,3221.680560050863,1635079.0,3295.479332841464,3272.760498046875,-0.00214655818224474,3239.01689453125,3373.8694702148437,31.945706183130113,-34.946602173736665,3279.80078125,3208.199462890625,3205.103515625,3219.23388671875,3233.264892578125,0.024365048051778526
2022-10-20,3272.760498046875,3305.4656338500745,3255.184510749249,1396513.0,3255.5343771312578,3352.50146484375,0.024365048051778526,3263.67314453125,3359.7388549804687,42.463861430297534,-27.02269360125274,3272.760498046875,3279.80078125,3208.199462890625,3229.22021484375,3280.5,-0.01346410380658214
2022-10-21,3352.50146484375,3360.390545719841,3240.554924475746,2211287.0,3370.2767354341454,3307.363037109375,-0.01346410380658214,3284.125048828125,3339.546533203125,40.82530083473121,-24.10733845801724,3352.50146484375,3272.760498046875,3279.80078125,3205.103515625,3273.1103515625,-0.0006340168299026061
2022-10-24,3307.363037109375,3377.3671068948074,3282.4972443415827,1120790.0,3320.4452427726874,3305.26611328125,-0.0006340168299026061,3303.53837890625,3321.3464965820312,65.63784017131343,-21.715776774159167,3307.363037109375,3352.50146484375,3272.760498046875,3208.199462890625,3241.80322265625,-0.002809939453567889
2022-10-25,3305.26611328125,3335.5246555330177,3282.896651677805,248249.0,3317.3990816676314,3295.978515625,-0.002809939453567889,3306.77392578125,3307.0810546875,57.53897374280001,-20.335463851701206,3305.26611328125,3307.363037109375,3352.50146484375,3279.80078125,3269.465087890625,0.007423227050483483
2022-10-27,3295.978515625,3340.417553329988,3289.4874202298893,879424.0,3315.3024646512367,3320.4453125,0.007423227050483483,3316.310888671875,3295.39208984375,55.080017983243785,-17.070511653460017,3295.978515625,3305.26611328125,3307.363037109375,3272.760498046875,3219.23388671875,-0.0005113030772886384
2022-10-28,3320.4453125,3350.404217575188,3292.483667763158,1106870.0,3317.449290663981,3318.74755859375,-0.0005113030772886384,3309.560107421875,3284.1350219726564,55.889139384805,-14.453398286636002,3320.4453125,3295.978515625,3305.26611328125,3352.50146484375,3229.22021484375,0.007266807370238437
2022-10-31,3318.74755859375,3383.3088989525004,3293.1325494847742,1323334.0,3335.3745321110546,3342.8642578125,0.007266807370238437,3316.6603515625,3277.98095703125,63.28775530905445,-10.314402995615183,3318.74755859375,3320.4453125,3295.978515625,3307.363037109375,3205.103515625,0.068186286495868
2022-11-01,3342.8642578125,3355.3971142474866,3321.5436515994243,575722.0,3357.294584223826,3570.8017578125,0.068186286495868,3369.76748046875,3283.9702392578124,75.95249019008382,11.228991069948734,3342.8642578125,3318.74755859375,3320.4453125,3305.26611328125,3208.199462890625,0.0013983313555774313
2022-11-02,3570.8017578125,3602.5082648904754,3347.408243318838,4393335.0,3575.095929532698,3575.794921875,0.0013983313555774313,3425.73076171875,3305.1112426757813,83.30376493166278,28.37806798590418,3570.8017578125,3342.8642578125,3318.74755859375,3295.978515625,3279.80078125,0.002708914702642007
2022-11-03,3575.794921875,3620.183983188547,3521.169901545333,2534755.0,3545.1368864372075,3585.4814453125,0.002708914702642007,3478.73798828125,3322.7220703125,83.29440894247952,42.263271792724936,3575.794921875,3570.8017578125,3342.8642578125,3320.4453125,3272.760498046875,0.06763877650017047
2022-11-04,3585.4814453125,3609.748205718926,3537.597180354112,1275216.0,3637.0110072026014,3827.9990234375,0.06763877650017047,3580.58828125,3350.097021484375,91.33800475567385,72.00649158533088,3585.4814453125,3575.794921875,3570.8017578125,3318.74755859375,3352.50146484375,0.03322245808599322
2022-11-07,3827.9990234375,3844.52640118534,3561.864088396453,6112097.0,3847.172566518862,3955.174560546875,0.03322245808599322,3703.050341796875,3384.200231933594,92.56282573058805,104.63405430808871,3827.9990234375,3585.4814453125,3575.794921875,3342.8642578125,3307.363037109375,0.009241009246996779
2022-11-09,3955.174560546875,4008.201673765917,3814.767067806195,5985652.0,3971.55208507469,3991.724365234375,0.009241009246996779,3787.23486328125,3421.6962890625,92.25338826779944,131.92020263508584,3955.174560546875,3827.9990234375,3585.4814453125,3570.8017578125,3305.26611328125,-0.0012383408226847026
2022-11-10,3991.724365234375,4042.4548253412986,3937.6486404267534,3732472.0,3989.527482935688,3986.78125,-0.0012383408226847026,3869.43212890625,3457.5620971679687,92.48361522306219,151.4005523582241,3991.724365234375,3955.174560546875,3827.9990234375,3575.794921875,3295.978515625,0.004158089330365211
2022-11-11,3986.78125,4024.4795384808062,3956.7223847087216,2313795.0,4034.4658747583017,4003.358642578125,0.004158089330365211,3953.007568359375,3496.7683349609374,91.87274156870642,166.2599852830599,3986.78125,3991.724365234375,3955.174560546875,3585.4814453125,3320.4453125,0.00341741861402145
2022-11-14,4003.358642578125,4043.4035659918864,3969.704610904617,1476875.0,3993.522005915747,4017.039794921875,0.00341741861402145,3990.81572265625,3536.159313964844,97.58284498281225,177.0986644250047,4003.358642578125,3986.78125,3991.724365234375,3827.9990234375,3318.74755859375,0.008763084747318128
2022-11-15,4017.039794921875,4072.413788478224,3984.534334484578,1803092.0,4019.536317797609,4052.241455078125,0.008763084747318128,4010.2291015625,3578.5162109375,97.95482707892582,186.380398301671,4017.039794921875,4003.358642578125,3986.78125,3955.174560546875,3342.8642578125,-0.02493965982971058
2022-11-16,4052.241455078125,4059.431543367871,4016.4904470911633,1065546.0,4051.741933452028,3951.179931640625,-0.02493965982971058,4002.12021484375,3615.665234375,87.62903452408761,183.46653097012268,4052.241455078125,4017.039794921875,4003.358642578125,3991.724365234375,3570.8017578125,0.01555625844312103
2022-11-17,3951.179931640625,4090.3888693696513,3858.257352533969,3059841.0,3964.561565192897,4012.6455078125,0.01555625844312103,4007.29306640625,3652.307470703125,88.13334050651639,183.9960366474911,3951.179931640625,4052.241455078125,4017.039794921875,3986.78125,3575.794921875,0.0004106889620678622
2022-11-18,4012.6455078125,4027.475262575052,3894.657456990504,2266112.0,4022.831793428864,4014.29345703125,0.0004106889620678622,4009.480029296875,3689.3841186523437,88.31975823611792,182.4455309290047,4012.6455078125,3951.179931640625,4052.241455078125,4003.358642578125,3585.4814453125,-0.004465366859852438
2022-11-21,4014.29345703125,4037.461627353516,3978.5424495118496,1440776.0,4014.443223497236,3996.3681640625,-0.004465366859852438,4005.345703125,3721.5774536132812,86.2508416879154,177.7216579961705,4014.29345703125,4012.6455078125,3951.179931640625,4017.039794921875,3827.9990234375,0.008033722513190122
2022-11-22,3996.3681640625,4014.443223497236,3916.5774687785615,1492003.0,3996.368016333792,4028.473876953125,0.008033722513190122,4000.5921875,3757.6329956054688,82.43454092396895,174.55643939908623,3996.3681640625,4014.29345703125,4012.6455078125,4052.241455078125,3955.174560546875,-0.03239955276856421
2022-11-23,4028.473876953125,4050.4437394451847,3982.536891742455,1705043.0,4044.452119685135,3897.953125,-0.03239955276856421,3989.946826171875,3787.2673461914064,69.38237730683133,159.6754082695079,4028.473876953125,3996.3681640625,4014.29345703125,3951.179931640625,3991.724365234375,0.004560248467745387
2022-11-24,3897.953125,4056.285984520763,3867.694582602599,2861156.0,3904.643867631715,3915.728759765625,0.004560248467745387,3970.5634765625,3818.2548583984376,69.6775209017463,147.61481732855464,3897.953125,4028.473876953125,3996.3681640625,4012.6455078125,3986.78125,-0.005100623019454353
2022-11-25,3915.728759765625,3929.609621261073,3815.765784711197,2797181.0,3923.617786661991,3895.756103515625,-0.005100623019454353,3946.856005859375,3847.020397949219,55.49437779165343,134.89015592377882,3915.728759765625,3897.953125,4028.473876953125,4014.29345703125,4003.358642578125,-0.0038322952215943396
2022-11-28,3895.756103515625,3944.4890588878575,3840.032493416709,2506346.0,3894.0582653534993,3880.826416015625,-0.0038322952215943396,3923.74765625,3875.1243408203127,42.62942614420214,122.1925098838683,3895.756103515625,3915.728759765625,3897.953125,3996.3681640625,4017.039794921875,-0.0019942922263116447
2022-11-29,3880.826416015625,3919.623294426885,3866.0966214696896,1119166.0,3879.677970298993,3873.0869140625,-0.0019942922263116447,3892.670263671875,3901.6354736328126,37.52622772985298,110.23430830210646,3880.826416015625,3895.756103515625,3915.728759765625,4028.473876953125,4052.241455078125,0.010184589619724127
2022-11-30,3873.0869140625,3909.636873544545,3858.756718293752,1513444.0,3892.460396406925,3912.53271484375,0.010184589619724127,3895.586181640625,3918.722021484375,42.72144961195041,102.75578908182797,3873.0869140625,3880.826416015625,3895.756103515625,3897.953125,3951.179931640625,-0.0007145382545348244
2022-12-01,3912.53271484375,3934.502576726916,3861.702541009258,1968428.0,3932.106278743472,3909.737060546875,-0.0007145382545348244,3894.387841796875,3935.4191284179688,40.56744769067593,95.5025290755134,3912.53271484375,3873.0869140625,3880.826416015625,3915.728759765625,4012.6455078125,0.0018900627645959123
2022-12-02,3909.737060546875,3939.546024719157,3897.1042426628783,945838.0,3899.650681602036,3917.126708984375,0.0018900627645959123,3898.661962890625,3952.0013916015623,39.804309632645825,89.3209152242639,3909.737060546875,3912.53271484375,3873.0869140625,3895.756103515625,4014.29345703125,0.0020139547688184933
2022-12-05,3917.126708984375,3958.3701823679335,3879.678078879362,1297832.0,3923.5176798585935,3925.015625,0.0020139547688184933,3907.4998046875,3956.8522216796873,36.25074073663653,84.08918353892705,3917.126708984375,3909.737060546875,3912.53271484375,3880.826416015625,3996.3681640625,0.025798936907098335
2022-12-06,3925.015625,3933.6039413332,3804.8306394381984,2392866.0,3914.629962372503,4026.27685546875,0.025798936907098335,3938.13779296875,3960.407336425781,58.11220159808766,87.10978611870405,3925.015625,3917.126708984375,3909.737060546875,3873.0869140625,4028.473876953125,-0.00806087694181834
2022-12-07,4026.27685546875,4051.442285037053,3903.6450313556415,2962621.0,4025.478059606744,3993.821533203125,-0.00806087694181834,3954.395556640625,3960.5121948242186,47.83060833452913,85.8946224193487,4026.27685546875,3925.015625,3917.126708984375,3912.53271484375,3897.953125,0.006426124629883345
2022-12-08,3993.821533203125,4052.341112618485,3979.091738765219,1257261.0,4004.506875970497,4019.486328125,0.006426124629883345,3976.34541015625,3962.1474487304686,50.567067533024286,86.01104905983993,3993.821533203125,4026.27685546875,3925.015625,3909.737060546875,3915.728759765625,-0.007006212897423092
2022-12-09,4019.486328125,4039.458930997671,3997.866083037809,895075.0,4038.460244532781,3991.324951171875,-0.007006212897423092,3991.18505859375,3961.545764160156,49.46131800674363,82.8755920091512,4019.486328125,3993.821533203125,4026.27685546875,3917.126708984375,3895.756103515625,0.0049789377805271595
2022-12-12,3991.324951171875,4088.391751018103,3936.100656237873,2129800.0,3991.524545381,4011.197509765625,0.0049789377805271595,4008.421435546875,3961.2536499023436,48.105135980137725,81.0598614782366,3991.324951171875,4019.486328125,3993.821533203125,3925.015625,3880.826416015625,0.01082985161472716
2022-12-13,4011.197509765625,4026.376638660079,3963.3132448038136,802499.0,4022.282663479584,4054.63818359375,0.01082985161472716,4014.093701171875,3961.373486328125,71.24292820364126,82.17887437075251,4011.197509765625,3991.324951171875,4019.486328125,4026.27685546875,3873.0869140625,-0.0010836475732665107
2022-12-14,4054.63818359375,4066.422068407841,4006.104903422501,1215308.0,4070.416665899175,4050.244384765625,-0.0010836475732665107,4025.378271484375,3966.326708984375,68.9239204652396,81.76858001397522,4054.63818359375,4011.197509765625,3991.324951171875,3993.821533203125,3912.53271484375,-0.002971102546679094
2022-12-15,4050.244384765625,4086.4447292550376,4034.4659789579655,1114492.0,4050.244235500516,4038.210693359375,-0.002971102546679094,4029.12314453125,3967.6049682617186,70.49867626724225,79.55533606085737,4050.244384765625,4054.63818359375,4011.197509765625,4019.486328125,3909.737060546875,-0.01556723368461832
2022-12-16,4038.210693359375,4067.470605691662,4019.486377934216,866138.0,4013.39458601006,3975.346923828125,-0.01556723368461832,4025.9275390625,3965.6576416015623,61.952313739437116,71.89992586648123,4038.210693359375,4050.244384765625,4054.63818359375,3991.324951171875,3917.126708984375,0.023738899556783766
2022-12-19,3975.346923828125,4042.354860170264,3938.647266056142,1598960.0,3982.536828882124,4069.71728515625,0.023738899556783766,4037.631494140625,3969.32509765625,70.39575046114668,72.61084498405398,3975.346923828125,4038.210693359375,4050.244384765625,4011.197509765625,3925.015625,0.02208420353216245
2022-12-20,4069.71728515625,4098.37792019364,3966.009452007048,1643404.0,4089.390249191903,4159.59375,0.02208420353216245,4058.622607421875,3975.8810913085936,73.19960201559843,79.50999140291833,4069.71728515625,3975.346923828125,4038.210693359375,4054.63818359375,4026.27685546875,-0.06322462849436916
2022-12-21,4159.59375,4166.284766698076,4060.829330881426,3778426.0,4169.280999765554,3896.60498046875,-0.06322462849436916,4027.8947265625,3975.813684082031,49.171646275449746,63.03004767842003,4159.59375,4069.71728515625,3975.346923828125,4050.244384765625,3993.821533203125,-0.008559822772402859
2022-12-22,3896.60498046875,4184.260452459323,3877.930644871758,3585883.0,3942.5918494247694,3863.250732421875,-0.008559822772402859,3992.902734375,3973.1897827148437,46.70936556467881,46.73938197966436,3896.60498046875,4159.59375,4069.71728515625,4038.210693359375,4019.486328125,-0.05851038383455376
2022-12-23,3863.250732421875,3942.5918494247694,3811.821279472185,2879658.0,3816.764187381116,3637.21044921875,-0.05851038383455376,3925.275439453125,3960.2625,36.12020326658252,15.411693874923458,3863.250732421875,3896.60498046875,4159.59375,3975.346923828125,3991.324951171875,0.02046850002960121
2022-12-26,3637.21044921875,3842.728569608199,3611.845342565531,3036157.0,3647.996017947678,3711.65869140625,0.02046850002960121,3853.663720703125,3951.8041137695313,34.42429367140993,-3.369531831781387,3637.21044921875,3863.250732421875,3896.60498046875,4069.71728515625,4011.197509765625,0.014232760291190694
2022-12-27,3711.65869140625,3739.770033222734,3615.041222275005,2162662.0,3727.3368490734574,3764.48583984375,0.014232760291190694,3774.642138671875,3946.374060058594,38.87083180005388,-13.831636634535244,3711.65869140625,3637.21044921875,3863.250732421875,4159.59375,4054.63818359375,0.0074410477132151875
2022-12-28,3764.48583984375,3792.6971400256234,3689.988181045413,1804911.0,3750.9047116113024,3792.49755859375,0.0074410477132151875,3753.820654296875,3940.3723022460936,39.009756801036445,-19.63626384028794,3764.48583984375,3711.65869140625,3637.21044921875,3896.60498046875,4050.244384765625,0.003396856071847143
2022-12-29,3792.49755859375,3819.760209635522,3739.8698000222303,1377950.0,3784.808248449631,3805.380126953125,0.003396856071847143,3742.246533203125,3935.1544555664063,40.861802687983165,-22.932604330766935,3792.49755859375,3764.48583984375,3711.65869140625,3863.250732421875,4038.210693359375,0.012530765542746014
2022-12-30,3805.380126953125,3819.760303514469,3742.965742908771,1531692.0,3824.453555150027,3853.064453125,0.012530765542746014,3785.417333984375,3931.9513427734373,42.43538910190005,-21.449989187594383,3805.380126953125,3792.49755859375,3764.48583984375,3637.21044921875,3975.346923828125,-0.0044448944605273155
2023-01-02,3853.064453125,3892.6600381351273,3816.814132587392,1528747.0,3864.698584649178,3835.93798828125,-0.0044448944605273155,3810.273193359375,3927.4974609375,39.26784782368043,-21.41016552520705,3853.064453125,3805.380126953125,3792.49755859375,3711.65869140625,4069.71728515625,-0.002668469619593994
2023-01-03,3835.93798828125,3868.6931051501074,3817.31363396814,923051.0,3836.636855049073,3825.701904296875,-0.002668469619593994,3822.51640625,3917.468713378906,39.043973438491705,-21.951527867956884,3835.93798828125,3853.064453125,3805.380126953125,3764.48583984375,4159.59375,-0.0010179274827976093
2023-01-04,3825.701904296875,3847.572049607446,3785.806680860699,799905.0,3833.741198883845,3821.8076171875,-0.0010179274827976093,3828.37841796875,3908.868017578125,39.356577417025356,-22.436167673788532,3825.701904296875,3835.93798828125,3853.064453125,3792.49755859375,3896.60498046875,0.0007185327010312825
2023-01-05,3821.8076171875,3869.641904511737,3798.389788607288,1028377.0,3821.8074780869633,3824.5537109375,0.0007185327010312825,3832.213134765625,3899.12138671875,42.11734172313798,-22.34112679318605,3821.8076171875,3825.701904296875,3835.93798828125,3805.380126953125,3863.250732421875,-0.0014491197527898292
2023-01-06,3824.5537109375,3837.1363042598846,3751.753428361386,997006.0,3823.754967975236,3819.011474609375,-0.0014491197527898292,3825.4025390625,3890.505712890625,35.552744271062096,-22.454180547742,3824.5537109375,3821.8076171875,3825.701904296875,3853.064453125,3637.21044921875,0.00811920163762303
2023-01-09,3819.011474609375,3862.951202629984,3791.84878241242,912159.0,3837.735599436373,3850.018798828125,0.00811920163762303,3828.218701171875,3882.44677734375,30.861841165925057,-19.813348588160352,3819.011474609375,3824.5537109375,3821.8076171875,3835.93798828125,3711.65869140625,-0.05405551426322808
2023-01-10,3850.018798828125,3874.684914341173,3806.029092727525,753981.0,3853.713596709855,3641.904052734375,-0.05405551426322808,3791.459130859375,3861.8100708007814,33.10813108254138,-34.12027368043255,3850.018798828125,3819.011474609375,3824.5537109375,3825.701904296875,3764.48583984375,-0.0030435927184648826
2023-01-11,3641.904052734375,3856.759467308346,3550.1300430949823,3595798.0,3654.986381159526,3630.819580078125,-0.0030435927184648826,3753.2615234375,3840.838830566406,34.11587341523787,-45.82479943549788,3641.904052734375,3850.018798828125,3819.011474609375,3821.8076171875,3792.49755859375,0.0031353893940606614
2023-01-12,3630.819580078125,3659.480216874066,3555.223325819205,2226506.0,3637.510100622327,3642.20361328125,0.0031353893940606614,3716.79150390625,3821.0384765625,50.48290745611757,-53.56466398026578,3630.819580078125,3641.904052734375,3850.018798828125,3824.5537109375,3805.380126953125,0.0202758782303758
2023-01-13,3642.20361328125,3673.960098885255,3607.051882895771,1199785.0,3646.1983599075375,3716.052490234375,0.0202758782303758,3696.19970703125,3808.0737548828124,50.42543383755646,-53.12715839394832,3642.20361328125,3630.819580078125,3641.904052734375,3819.011474609375,3853.064453125,-0.027236208828213204
2023-01-16,3716.052490234375,3730.932225773447,3637.21068854524,1364712.0,3714.9039965127777,3614.84130859375,-0.027236208828213204,3649.164208984375,3785.3299560546875,36.751831569919545,-60.25277211510047,3716.052490234375,3642.20361328125,3630.819580078125,3850.018798828125,3835.93798828125,0.005400911363269589
2023-01-17,3614.84130859375,3734.826618378002,3595.068383722043,1863848.0,3615.041155104074,3634.36474609375,0.005400911363269589,3647.65634765625,3759.068505859375,35.78673786990663,-63.59145141668614,3614.84130859375,3716.052490234375,3642.20361328125,3641.904052734375,3825.701904296875,-0.011719186116577296
2023-01-18,3634.36474609375,3644.6007051655215,3555.323023172885,1668381.0,3643.002723783188,3591.77294921875,-0.011719186116577296,3639.847021484375,3743.826904296875,31.773987318752276,-68.88017311118574,3634.36474609375,3614.84130859375,3716.052490234375,3630.819580078125,3821.8076171875,-0.037020026370485626
2023-01-19,3591.77294921875,3643.002723783188,3522.268438272387,3652240.0,3465.2465354700857,3458.805419921875,-0.037020026370485626,3603.1673828125,3723.604638671875,20.63372390534184,-82.84589560080121,3591.77294921875,3634.36474609375,3614.84130859375,3642.20361328125,3824.5537109375,-0.002136544754891667
2023-01-20,3458.805419921875,3532.853746204908,3422.0058022748854,3696319.0,3445.2740493868846,3451.41552734375,-0.002136544754891667,3550.239990234375,3714.314892578125,20.937410967215257,-93.43309530002762,3458.805419921875,3591.77294921875,3634.36474609375,3716.052490234375,3819.011474609375,-0.005728868321265956
2023-01-23,3451.41552734375,3472.5866817646456,3436.2363976845013,1510258.0,3438.3335955265266,3431.642822265625,-0.005728868321265956,3513.60029296875,3700.314099121094,20.6398718248156,-102.24045506719222,3451.41552734375,3458.805419921875,3591.77294921875,3614.84130859375,3850.018798828125,0.0016441366820412195
2023-01-24,3431.642822265625,3455.260327851149,3407.875375873504,974857.0,3442.727397564,3437.284912109375,0.0016441366820412195,3474.184326171875,3683.954052734375,21.424821029232945,-107.52559352894832,3431.642822265625,3451.41552734375,3458.805419921875,3634.36474609375,3641.904052734375,-0.015412541083003828
2023-01-25,3437.284912109375,3503.194500778526,3425.301350533165,1518123.0,3417.3123925925674,3384.3076171875,-0.015412541083003828,3432.691259765625,3663.5445556640625,19.55663813746689,-114.66711763344892,3437.284912109375,3431.642822265625,3451.41552734375,3591.77294921875,3630.819580078125,-0.185160585780361
2023-01-27,3384.3076171875,3423.3041735263946,3310.4589659393223,3686439.0,3330.4316195379342,2757.667236328125,-0.185160585780361,3292.463623046875,3611.1589111328126,10.520042821371888,-168.9439874974555,3384.3076171875,3437.284912109375,3431.642822265625,3458.805419921875,3642.20361328125,0.04758368557833914
2023-01-30,2757.667236328125,3341.915866501858,2708.285023144491,14764368.0,2846.0958093575605,2888.88720703125,0.04758368557833914,3179.957958984375,3562.950048828125,16.728308846335935,-199.07562306134287,2757.667236328125,3384.3076171875,3437.284912109375,3451.41552734375,3716.052490234375,0.028017350295557852
2023-01-31,2888.88720703125,3033.3889349766946,2661.349239276456,20947906.0,2975.9179134484966,2969.826171875,0.028017350295557852,3087.59462890625,3519.6444580078123,24.48824617193624,-213.9576922129063,2888.88720703125,2757.667236328125,3384.3076171875,3431.642822265625,3614.84130859375,-0.28196982541197235
2023-02-01,2969.826171875,3069.3897950980813,2902.019280698433,11568020.0,2990.897041683693,2132.4248046875,-0.28196982541197235,2826.622607421875,3434.980603027344,15.048096115920444,-289.98041736697587,2969.826171875,2888.88720703125,2757.667236328125,3437.284912109375,3634.36474609375,-0.26698196741807
2023-02-02,2132.4248046875,3006.6254651917125,1938.54063147796,13525314.0,2345.632514355568,1563.1058349609375,-0.26698196741807,2462.3822509765623,3322.045513916016,11.518776146640661,-391.65351964687534,2132.4248046875,2969.826171875,2888.88720703125,3384.3076171875,3591.77294921875,0.013767786755807032
2023-02-03,1563.1058349609375,2345.632514355568,1492.7024097159313,34474080.0,1487.9588972007682,1584.6263427734375,0.013767786755807032,2227.774072265625,3210.0491455078127,9.770993871914925,-465.13190947489466,1563.1058349609375,2132.4248046875,2969.826171875,2757.667236328125,3458.805419921875,-0.008885886954416389
2023-02-06,1584.6263427734375,1677.5987837145583,1016.056240349317,43885579.0,1572.8424302510225,1570.5455322265625,-0.008885886954416389,1964.1057373046874,3097.625848388672,10.103294835229661,-518.5230555151174,1584.6263427734375,1563.1058349609375,2132.4248046875,2888.88720703125,3451.41552734375,0.14640426883168534
2023-02-07,1570.5455322265625,1612.787634828826,1433.233891490362,19308603.0,1568.8478979964882,1800.4801025390625,0.14640426883168534,1730.2365234375,2995.1489135742186,16.926007667929994,-536.1022719545786,1570.5455322265625,1584.6263427734375,1563.1058349609375,2969.826171875,3431.642822265625,0.2003939378962032
2023-02-08,1800.4801025390625,1960.011262122092,1523.510066760975,19188072.0,1867.2886464847647,2161.285400390625,0.2003939378962032,1736.008642578125,2921.1179809570312,26.857523496856814,-514.9835457243498,1800.4801025390625,1570.5455322265625,1584.6263427734375,2132.4248046875,3437.284912109375,-0.11022301294813686
2023-02-09,2161.285400390625,2219.1059911817024,1838.3283708182164,19173006.0,2165.030143387138,1923.06201171875,-0.11022301294813686,1807.9998779296875,2835.7301025390625,25.972970912436637,-511.5723519539861,2161.285400390625,1800.4801025390625,1570.5455322265625,1563.1058349609375,3384.3076171875,-0.04089420380857245
2023-02-10,1923.06201171875,2165.030143387138,1729.0282486705132,18279862.0,1766.5767498067112,1844.419921875,-0.04089420380857245,1859.95859375,2745.84091796875,25.40652947511967,-509.3433229538691,1923.06201171875,2161.285400390625,1800.4801025390625,1584.6263427734375,2757.667236328125,-0.07000733578794993
2023-02-13,1844.419921875,1987.2740147627785,1730.775883016855,11334878.0,1847.4656649934127,1715.2969970703125,-0.07000733578794993,1888.90888671875,2645.803143310547,24.58371431326306,-512.0928546566711,1844.419921875,1923.06201171875,2161.285400390625,1570.5455322265625,2888.88720703125,0.018659219697982676
2023-02-14,1715.2969970703125,1919.067393626788,1659.9728657488113,12210940.0,1732.623286344715,1747.3031005859375,0.018659219697982676,1878.273486328125,2552.426232910156,25.16801457023702,-505.85803671139047,1715.2969970703125,1844.419921875,1923.06201171875,1800.4801025390625,2969.826171875,0.016802889665274545
2023-02-15,1747.3031005859375,1886.412327322863,1609.1426456202787,14579030.0,1777.5616332954517,1776.662841796875,0.016802889665274545,1801.348974609375,2459.5411376953125,26.212748617991195,-492.86635626778934,1747.3031005859375,1715.2969970703125,1844.419921875,2161.285400390625,2132.4248046875,0.00983639199138242
2023-02-16,1776.662841796875,1821.90083549535,1747.602729363506,7636578.0,1817.5067624141116,1794.1387939453125,0.00983639199138242,1775.5643310546875,2369.6594299316407,32.608107920521775,-475.6768855919554,1776.662841796875,1747.3031005859375,1715.2969970703125,1923.06201171875,1563.1058349609375,-0.041133288223881626
2023-02-17,1794.1387939453125,1872.3814370565333,1787.5478597369556,5578515.0,1797.5341186781118,1720.3399658203125,-0.041133288223881626,1750.74833984375,2282.7361572265627,28.460987133345853,-462.67561838192114,1794.1387939453125,1776.662841796875,1747.3031005859375,1844.419921875,1584.6263427734375,-0.05877396797351886
2023-02-20,1720.3399658203125,1813.3623808425216,1700.866679534633,5392513.0,1647.7396984608354,1619.228759765625,-0.05877396797351886,1731.5346923828124,2191.126818847656,25.28914403965996,-455.2826349438701,1720.3399658203125,1794.1387939453125,1776.662841796875,1715.2969970703125,1570.5455322265625,-0.031052441204572512
2023-02-21,1619.228759765625,1682.6917526706106,1558.3623026958385,6762330.0,1623.7725717614712,1568.94775390625,-0.031052441204572512,1695.863623046875,2097.9920654296875,35.519801654078904,-448.31302576672715,1619.228759765625,1720.3399658203125,1794.1387939453125,1747.3031005859375,1800.4801025390625,-0.10581755599160336
2023-02-22,1568.94775390625,1642.1972486761265,1559.1612518923464,5571915.0,1532.8972750735954,1402.925537109375,-0.10581755599160336,1621.116162109375,1996.2740966796875,44.807381591844695,-450.98746292778515,1568.94775390625,1619.228759765625,1720.3399658203125,1776.662841796875,2161.285400390625,-0.015802375163646465
2023-02-23,1402.925537109375,1557.8630287392891,1379.3079097610098,10606476.0,1378.1095872052058,1380.7559814453125,-0.015802375163646465,1538.439599609375,1896.0965148925782,43.39384608179466,-449.7118729738636,1402.925537109375,1568.94775390625,1619.228759765625,1794.1387939453125,1923.06201171875,-0.04845765944462077
2023-02-24,1380.7559814453125,1436.030135073251,1348.1506831355273,8907540.0,1408.0685083836645,1313.8477783203125,-0.04845765944462077,1457.141162109375,1823.9055419921874,41.95739038684512,-448.9249640230835,1380.7559814453125,1402.925537109375,1568.94775390625,1720.3399658203125,1844.419921875,-0.09284392765947835
2023-02-27,1313.8477783203125,1425.0452208960917,1259.8717700710345,8736727.0,1298.2190928401235,1191.864990234375,-0.09284392765947835,1371.668408203125,1739.0544311523438,29.547976762237084,-452.92330661239794,1313.8477783203125,1380.7559814453125,1402.925537109375,1619.228759765625,1715.2969970703125,0.1427315179257822
2023-02-28,1191.864990234375,1312.000236586891,1129.5005910357122,10271008.0,1143.4315081127957,1361.981689453125,0.1427315179257822,1330.2751953125,1658.66220703125,19.19168384331286,-437.3238291408504,1191.864990234375,1313.8477783203125,1380.7559814453125,1568.94775390625,1747.3031005859375,0.14697364626057396
2023-03-01,1361.981689453125,1396.0849330495096,1102.2380149165924,33948366.0,1422.0492535708472,1562.1571044921875,0.14697364626057396,1362.1215087890625,1630.1488220214844,35.66896745881273,-404.14985978947516,1361.981689453125,1191.864990234375,1313.8477783203125,1402.925537109375,1776.662841796875,0.027456416021297114
2023-03-02,1562.1571044921875,1577.8355482036086,1409.0670623514504,20114340.0,1497.84541553423,1605.04833984375,0.027456416021297114,1406.97998046875,1632.245947265625,40.21712841160168,-370.13163870505946,1562.1571044921875,1361.981689453125,1191.864990234375,1380.7559814453125,1794.1387939453125,0.16938863856989306
2023-03-03,1605.04833984375,1643.7452589098227,1405.9714399451025,26970925.0,1686.536437992499,1876.92529296875,0.16938863856989306,1519.5954833984374,1646.8608947753905,55.91535451275421,-317.5729719229098,1605.04833984375,1562.1571044921875,1361.981689453125,1313.8477783203125,1720.3399658203125,0.0550146685317654
2023-03-06,1876.92529296875,1903.339010634236,1683.1910515024358,22888891.0,1964.005834518024,1980.1837158203125,0.0550146685317654,1677.259228515625,1667.3428039550781,58.10059979217713,-264.5383249353697,1876.92529296875,1605.04833984375,1562.1571044921875,1191.864990234375,1619.228759765625,0.028619688546151156
2023-03-08,1980.1837158203125,2132.075334723761,1852.4588973829404,27180456.0,2037.205453194072,2036.85595703125,0.028619688546151156,1812.23408203125,1679.1615966796876,58.881883025772815,-215.45141902305863,1980.1837158203125,1876.92529296875,1605.04833984375,1361.981689453125,1568.94775390625,-0.042409218692354145
2023-03-09,2036.85595703125,2085.1396991515794,1938.3410709067125,13568243.0,2046.9921149628888,1950.4744873046875,-0.042409218692354145,1889.89755859375,1668.6210510253907,55.0968629289465,-181.42855962239196,2036.85595703125,1980.1837158203125,1876.92529296875,1562.1571044921875,1402.925537109375,-0.02915806932244991
2023-03-10,1950.4744873046875,2066.016067939729,1902.739917729498,12627794.0,1867.4383561643835,1893.6024169921875,-0.02915806932244991,1947.6083740234376,1667.1480712890625,55.711750036177165,-157.2417145941215,1950.4744873046875,2036.85595703125,1980.1837158203125,1605.04833984375,1380.7559814453125,-0.01149661583439987
2023-03-13,1893.6024169921875,1937.3424657534244,1818.1060030166416,9419942.0,1914.3740179230529,1871.8323974609373,-0.01149661583439987,1946.589794921875,1668.5186950683594,58.78695742158197,-138.2366185990336,1893.6024169921875,1950.4744873046875,2036.85595703125,1876.92529296875,1313.8477783203125,-0.0726632512178288
2023-03-14,1871.8323974609373,1982.280868845728,1854.8556847302689,7572604.0,1871.433000026546,1735.8189697265625,-0.0726632512178288,1897.716845703125,1669.5447937011718,55.477973921168825,-132.62131405064974,1871.8323974609373,1893.6024169921875,1950.4744873046875,1980.1837158203125,1191.864990234375,0.057990922394355104
2023-03-15,1735.8189697265625,1872.2818113182968,1649.0879609949598,12679663.0,1758.4877282028583,1836.480712890625,0.057990922394355104,1857.641796875,1674.0036743164062,64.87069467228386,-118.6805083081938,1735.8189697265625,1871.8323974609373,1893.6024169921875,2036.85595703125,1361.981689453125,0.0026101984452737703
2023-03-16,1836.480712890625,1888.858811704765,1725.7326128930583,12296703.0,1858.4506815559164,1841.2742919921875,0.0026101984452737703,1835.8017578125,1677.2342468261718,65.98606420958907,-106.02334640719141,1836.480712890625,1735.8189697265625,1871.8323974609373,1950.4744873046875,1562.1571044921875,0.017762264067634703
2023-03-17,1841.2742919921875,1872.431503448331,1792.5410926345353,6509495.0,1898.3959510555665,1873.9794921875,0.017762264067634703,1831.8771728515626,1681.2262817382812,69.9169094102925,-92.28956146738187,1841.2742919921875,1836.480712890625,1735.8189697265625,1893.6024169921875,1605.04833984375,-0.03815520687040608
2023-03-20,1873.9794921875,1916.2214751895929,1842.4726615978536,5969594.0,1834.483561643836,1802.4774169921875,-0.03815520687040608,1818.0061767578125,1685.333154296875,72.52034676962532,-86.18160990371075,1873.9794921875,1841.2742919921875,1836.480712890625,1871.8323974609373,1876.92529296875,0.010692816114431292
2023-03-21,1802.4774169921875,1847.415773156571,1774.9652298600706,5168139.0,1834.4335301870904,1821.7509765625,0.010692816114431292,1835.192578125,1695.4592651367188,69.07997985838051,-78.87655922680756,1802.4774169921875,1873.9794921875,1841.2742919921875,1735.8189697265625,1980.1837158203125,-0.004851249522239143
2023-03-22,1821.7509765625,1858.4506330726667,1802.4773666952449,4094018.0,1831.4877045126543,1812.9132080078125,-0.004851249522239143,1830.4790771484375,1707.657537841797,62.3706801858486,-72.9593579347154,1821.7509765625,1802.4774169921875,1873.9794921875,1836.480712890625,2036.85595703125,-0.011788058824143355
2023-03-23,1812.9132080078125,1847.4657869947712,1803.6758790728384,3248124.0,1791.54248046875,1791.54248046875,-0.011788058824143355,1820.53271484375,1727.0883850097657,59.400008072479054,-69.19671572397328,1812.9132080078125,1821.7509765625,1802.4774169921875,1841.2742919921875,1950.4744873046875,-0.029737980566785338
2023-03-24,1791.54248046875,1831.487686276303,1777.5616584361064,4108804.0,1793.5397803765304,1738.265625,-0.029737980566785338,1793.38994140625,1744.9638671875,41.03558240066772,-69.71021567347475,1791.54248046875,1812.9132080078125,1821.7509765625,1873.9794921875,1893.6024169921875,-0.01011118639268671
2023-03-27,1738.265625,1820.5027948922132,1692.9277910263438,6187968.0,1738.2655632037304,1720.689697265625,-0.01011118639268671,1777.0323974609375,1765.3059631347655,31.133379117392437,-70.72018034578696,1738.265625,1791.54248046875,1812.9132080078125,1802.4774169921875,1871.8323974609373,-0.07092081450692367
2023-03-28,1720.689697265625,1754.9926179104705,1679.695881596228,5053055.0,1725.5828446418736,1598.656982421875,-0.07092081450692367,1732.4135986328124,1785.6455627441405,20.905716628254964,-80.44033869088003,1720.689697265625,1738.265625,1791.54248046875,1821.7509765625,1735.8189697265625,0.08717255191163109
2023-03-29,1598.656982421875,1730.6259754434957,1570.845158322342,8144878.0,1600.754199705009,1738.0159912109375,0.08717255191163109,1717.4341552734375,1804.4472778320312,36.82092308512433,-76.022190383311,1598.656982421875,1720.689697265625,1738.265625,1812.9132080078125,1836.480712890625,0.005774406445590241
2023-03-31,1738.0159912109375,1753.5945976522858,1588.920456442018,9332702.0,1785.55061080138,1748.052001953125,0.005774406445590241,1708.7360595703126,1813.7420227050782,40.41433332309661,-70.89373497904899,1738.0159912109375,1598.656982421875,1720.689697265625,1791.54248046875,1841.2742919921875,-0.01885224917636419
2023-04-03,1748.052001953125,1822.499924335861,1737.6163662161082,4893249.0,1748.0520847523933,1715.0972900390625,-0.01885224917636419,1704.102392578125,1819.2444702148437,39.82759161611787,-68.69667445912137,1748.052001953125,1738.0159912109375,1598.656982421875,1738.265625,1873.9794921875,-0.011324920141007055
2023-04-05,1715.0972900390625,1752.5459203951202,1693.177407165221,3445796.0,1715.0972573417905,1695.6739501953125,-0.011324920141007055,1699.0992431640625,1810.181903076172,46.92988515962416,-67.74190287737929,1715.0972900390625,1748.052001953125,1738.0159912109375,1720.689697265625,1802.4774169921875,0.033009451253948496
2023-04-06,1695.6739501953125,1735.569174879484,1669.2602321823051,3690559.0,1702.6643604804672,1751.647216796875,0.033009451253948496,1729.6972900390624,1798.755078125,43.03632881671419,-61.75677107871138,1695.6739501953125,1715.0972900390625,1748.052001953125,1598.656982421875,1821.7509765625,0.024628743006547937
2023-04-10,1751.647216796875,1791.1929453048351,1685.8374672809707,6012473.0,1771.5699343180552,1794.7880859375,0.024628743006547937,1741.051708984375,1786.6516845703125,46.41012109896496,-52.92234753202797,1751.647216796875,1695.6739501953125,1715.0972900390625,1738.0159912109375,1812.9132080078125,0.003282752849369075
2023-04-11,1794.7880859375,1810.2168734136983,1758.1882655632182,4197975.0,1807.5205236062516,1800.679931640625,0.003282752849369075,1751.577294921875,1779.1619567871094,44.09492336686234,-44.927682161219764,1794.7880859375,1751.647216796875,1695.6739501953125,1748.052001953125,1791.54248046875,0.02445724644214664
2023-04-12,1800.679931640625,1826.4944959534996,1790.3939926069331,2883672.0,1811.5151509264197,1844.7196044921875,0.02445724644214664,1777.5017578125,1776.7178161621093,53.56061737891773,-34.638922772442584,1800.679931640625,1794.7880859375,1751.647216796875,1715.0972900390625,1738.265625,0.012721527602373772
2023-04-13,1844.7196044921875,1856.2038515901224,1794.5884180954852,4809035.0,1852.4588318156573,1868.187255859375,0.012721527602373772,1812.0044189453124,1776.5355590820313,53.88665928308411,-24.3111200337396,1844.7196044921875,1800.679931640625,1794.7880859375,1695.6739501953125,1720.689697265625,0.004276410577756851
2023-04-17,1868.187255859375,1882.417734756072,1823.548539239392,3402280.0,1868.187350413106,1876.1763916015625,0.004276410577756851,1836.91025390625,1783.5534301757812,55.30258321007582,-15.305176916760729,1868.187255859375,1844.7196044921875,1800.679931640625,1751.647216796875,1598.656982421875,-0.014797096379049246
2023-04-18,1876.1763916015625,1902.290594366948,1844.469884384876,2983032.0,1889.4082451591648,1848.4144287109373,-0.014797096379049246,1847.6355224609374,1784.1501159667969,54.716352729065434,-10.289450125026406,1876.1763916015625,1868.187255859375,1844.7196044921875,1794.7880859375,1738.0159912109375,0.0015668121385972178
2023-04-19,1848.4144287109373,1900.1435192793872,1827.4931758146251,2542401.0,1844.469954478048,1851.310546875,0.0015668121385972178,1857.7616455078125,1784.6519287109375,60.229527667082145,-6.011461587075473,1848.4144287109373,1876.1763916015625,1868.187255859375,1800.679931640625,1748.052001953125,-0.005906592247257314
2023-04-20,1851.310546875,1875.1278524425672,1832.4863922399663,2455884.0,1852.459011327852,1840.3756103515625,-0.005906592247257314,1856.8928466796874,1782.9717346191405,60.962231187093614,-3.46355710950138,1851.310546875,1848.4144287109373,1876.1763916015625,1844.7196044921875,1715.0972900390625,-0.0216507873884918
2023-04-21,1840.3756103515625,1876.326297363855,1834.333848911868,2016823.0,1843.4711226189856,1800.530029296875,-0.0216507873884918,1843.3614013671875,1782.874365234375,71.76697257463383,-4.6064297868813355,1840.3756103515625,1851.310546875,1848.4144287109373,1868.187255859375,1695.6739501953125,-0.0005823073744968266
2023-04-24,1800.530029296875,1850.711190679109,1793.5895990211634,2090833.0,1801.528807971291,1799.4815673828125,-0.0005823073744968266,1828.0224365234376,1781.7608947753906,59.444514886487845,-5.532985914305073,1800.530029296875,1840.3756103515625,1851.310546875,1876.1763916015625,1751.647216796875,0.023668790781958826
2023-04-25,1799.4815673828125,1814.910476490943,1773.3674862309824,1963582.0,1803.526021339606,1842.0731201171875,0.023668790781958826,1826.7541748046874,1783.2188903808594,63.132941231434565,-2.798249489295813,1799.4815673828125,1800.530029296875,1840.3756103515625,1848.4144287109373,1794.7880859375,0.0017890344257087687
2023-04-26,1842.0731201171875,1911.128418238467,1799.3318235395884,5364841.0,1851.460271791572,1845.36865234375,0.0017890344257087687,1825.5657958984375,1785.9101989746093,69.84029719275398,-0.3608693833743928,1842.0731201171875,1799.4815673828125,1800.530029296875,1851.310546875,1800.679931640625,0.0027869468408958653
2023-04-27,1845.36865234375,1871.43287450777,1823.898104423837,2422711.0,1845.468465801407,1850.5115966796875,0.0027869468408958653,1827.5929931640626,1791.5224975585938,74.65414266877306,1.9631347421759529,1845.36865234375,1842.0731201171875,1799.4815673828125,1840.3756103515625,1844.7196044921875,0.03880083309415272
2023-04-28,1850.5115966796875,1862.3951976112387,1830.039679174856,1782360.0,1865.491032343779,1922.31298828125,0.03880083309415272,1851.9495849609375,1801.603662109375,75.870393233145,9.489310127934914,1850.5115966796875,1845.36865234375,1842.0731201171875,1800.530029296875,1868.187255859375,-0.0026494216130115156
2023-05-02,1922.31298828125,1941.3369407052608,1854.6059397256677,6159130.0,1932.3492410797935,1917.219970703125,-0.0026494216130115156,1875.497265625,1817.5318115234375,70.97874686666462,14.871465393987592,1922.31298828125,1850.5115966796875,1845.36865234375,1799.4815673828125,1876.1763916015625,-0.0421126730611352
2023-05-03,1917.219970703125,1963.3067741410205,1905.386228413564,3813963.0,1916.3711191066395,1836.480712890625,-0.0421126730611352,1874.3787841796875,1822.4550476074219,54.88218369182846,12.478039803783759,1917.219970703125,1922.31298828125,1850.5115966796875,1842.0731201171875,1848.4144287109373,0.0392877107504761
2023-05-04,1836.480712890625,1937.342350738343,1782.9041848413935,5849432.0,1836.5307893136808,1908.6318359375,0.0392877107504761,1887.0314208984375,1830.4840393066406,58.09510174054992,16.216294073844438,1836.480712890625,1917.219970703125,1922.31298828125,1845.36865234375,1851.310546875,0.004735118363888624
2023-05-05,1908.6318359375,1932.3493015246893,1836.5307893136808,4842127.0,1952.1221721120655,1917.66943359375,0.004735118363888624,1900.46298828125,1840.612646484375,56.505187357252986,19.681272656027886,1908.6318359375,1836.480712890625,1917.219970703125,1850.5115966796875,1840.3756103515625,-0.0170806951288478
2023-05-08,1917.66943359375,1952.3218493712263,1900.5429029641723,6137744.0,1917.669422558317,1884.914306640625,-0.0170806951288478,1892.983251953125,1850.0746643066407,51.07850301413123,19.55876685770545,1917.66943359375,1908.6318359375,1836.480712890625,1922.31298828125,1800.530029296875,0.004556311555215409
2023-05-09,1884.914306640625,1924.26035681284,1873.4300605339404,2835197.0,1897.397245360816,1893.5025634765625,0.004556311555215409,1888.2397705078124,1857.167431640625,55.84162906805205,19.924997710801563,1884.914306640625,1917.66943359375,1908.6318359375,1917.219970703125,1799.4815673828125,-0.0020831543003407837
2023-05-10,1893.5025634765625,1927.3561492349345,1886.5121525726013,2700563.0,1896.3986977704517,1889.55810546875,-0.0020831543003407837,1898.8552490234374,1861.9059326171875,54.94193786095623,19.67020759552952,1893.5025634765625,1884.914306640625,1917.66943359375,1836.480712890625,1842.0731201171875,0.04888612246321844
2023-05-11,1889.55810546875,1912.2769418954365,1881.3692649115585,1970906.0,1922.3629639051624,1981.9312744140625,0.04888612246321844,1913.51513671875,1870.9684997558593,65.11031237930635,26.61522360232948,1889.55810546875,1893.5025634765625,1884.914306640625,1908.6318359375,1845.36865234375,-0.010052179785132731
2023-05-12,1981.9312744140625,2010.991386267024,1907.383512238369,8835941.0,2006.247907929644,1962.008544921875,-0.010052179785132731,1922.382958984375,1876.8329467773438,68.00268155621714,30.16389050170119,1981.9312744140625,1889.55810546875,1893.5025634765625,1917.66943359375,1850.5115966796875,-0.024761998146679565
2023-05-15,1962.008544921875,2007.2465380480755,1943.883505794809,3816201.0,1957.2151994137885,1913.42529296875,-0.024761998146679565,1928.08515625,1879.0948486328125,61.48581320379949,28.72484999068365,1962.008544921875,1981.9312744140625,1889.55810546875,1884.914306640625,1922.31298828125,-0.01403924010416735
2023-05-16,1913.42529296875,1962.0085508549016,1877.42462832918,4836782.0,1924.3603843313451,1886.562255859375,-0.01403924010416735,1926.6970947265625,1879.6141418457032,54.631478166587584,25.12712754180893,1913.42529296875,1962.008544921875,1981.9312744140625,1893.5025634765625,1917.219970703125,0.005478585892023435
2023-05-17,1886.562255859375,1932.3494258853932,1878.4233953955688,3058799.0,1897.3972642882995,1896.89794921875,0.005478585892023435,1928.1650634765624,1882.0383178710938,55.28688828460184,22.84654985079669,1886.562255859375,1913.42529296875,1962.008544921875,1889.55810546875,1836.480712890625,-0.005001355265728646
2023-05-18,1896.89794921875,1917.3198868020893,1855.2051409113624,3632797.0,1907.4334709346292,1887.410888671875,-0.005001355265728646,1909.260986328125,1883.8433349609375,53.75240546769541,20.0426103643465,1896.89794921875,1886.562255859375,1913.42529296875,1981.9312744140625,1908.6318359375,0.03494713054928722
2023-05-19,1887.410888671875,1921.364312065972,1874.6283746328616,2437396.0,1885.41365537437,1953.3704833984373,0.03494713054928722,1907.5333740234375,1889.4930786132813,53.19631140816696,22.87911991452461,1887.410888671875,1896.89794921875,1886.562255859375,1962.008544921875,1917.66943359375,0.18918228465159803
2023-05-22,1953.3704833984373,1980.2835162115337,1869.535412179953,7541150.0,2007.2465019386616,2322.91357421875,0.18918228465159803,1989.4310302734375,1915.612255859375,73.85637429614033,54.319946665549196,1953.3704833984373,1887.410888671875,1896.89794921875,1913.42529296875,1884.914306640625,0.1322385448803498
2023-05-23,2322.91357421875,2343.7848457960395,1980.6829656468572,26311368.0,2407.5974298502947,2630.09228515625,0.1322385448803498,2138.1370361328127,1957.1427917480469,86.85310175801546,102.83832693939394,2322.91357421875,1953.3704833984373,1887.410888671875,1886.562255859375,1893.5025634765625,-0.06002956689858907
2023-05-24,2630.09228515625,2755.670031668808,2396.712458291368,28432888.0,2705.289172113217,2472.208984375,-0.06002956689858907,2253.1992431640624,1988.6495849609375,74.24081407715688,127.08467692707131,2630.09228515625,2322.91357421875,1953.3704833984373,1896.89794921875,1889.55810546875,0.024983685832587366
2023-05-25,2472.208984375,2746.233009712568,2422.0278175611616,23465761.0,2436.657423296237,2533.973876953125,0.024983685832587366,2382.5118408203125,2023.0798461914062,75.35851642639,149.5599604914321,2472.208984375,2630.09228515625,2322.91357421875,1887.410888671875,1981.9312744140625,0.0027193923360055994
2023-05-26,2533.973876953125,2555.294726929437,2383.3804103914504,8434009.0,2561.4863613831885,2540.86474609375,0.0027193923360055994,2500.010693359375,2057.5975036621094,77.57674465102463,166.0141128394971,2533.973876953125,2472.208984375,2630.09228515625,1953.3704833984373,1962.008544921875,-0.004048280345623878
2023-05-29,2540.86474609375,2596.388436727347,2531.6771535732705,3963515.0,2566.4793160420827,2530.57861328125,-0.004048280345623878,2541.543701171875,2088.0107849121096,76.74506700606746,176.19309781274433,2540.86474609375,2533.973876953125,2472.208984375,2322.91357421875,1913.42529296875,-0.014837847615831734
2023-05-30,2530.57861328125,2579.960822176934,2519.5437020911186,2779432.0,2525.835372495851,2493.0302734375,-0.014837847615831734,2514.131298828125,2116.801300048828,74.63916278229672,179.16487832775056,2530.57861328125,2540.86474609375,2533.973876953125,2630.09228515625,1886.562255859375,-0.0012416451646641846
2023-05-31,2493.0302734375,2550.651186278082,2471.7594017625897,1736953.0,2478.6002636701023,2489.934814453125,-0.0012416451646641846,2517.67646484375,2149.474005126953,72.3722661130753,179.2045001988422,2493.0302734375,2530.57861328125,2540.86474609375,2472.208984375,1896.89794921875,-0.0004815285132828695
2023-06-01,2489.934814453125,2569.475615803051,2424.674230536264,4268439.0,2496.475222912421,2488.73583984375,-0.0004815285132828695,2508.628857421875,2178.4792053222654,73.58582354779062,177.0976817506721,2489.934814453125,2493.0302734375,2530.57861328125,2533.973876953125,1887.410888671875,-0.018899216018423592
2023-06-02,2488.73583984375,2556.49298784484,2481.8953701248206,1704946.0,2531.527416331126,2441.70068359375,-0.018899216018423592,2488.796044921875,2204.680767822266,73.68798562310393,169.67674108044594,2488.73583984375,2489.934814453125,2493.0302734375,2540.86474609375,1953.3704833984373,-0.004539852493789298
2023-06-05,2441.70068359375,2535.421976372237,2421.6781004351005,5543791.0,2459.825653556212,2430.61572265625,-0.004539852493789298,2468.803466796875,2231.9658386230467,74.74562490380774,161.04470531154539,2441.70068359375,2488.73583984375,2489.934814453125,2530.57861328125,2322.91357421875,-0.00012324471700020379
2023-06-06,2430.61572265625,2510.556112222338,2424.67392222587,2956768.0,2471.609616250829,2430.316162109375,-0.00012324471700020379,2456.26064453125,2258.8065185546875,74.48543603148023,152.42255045967522,2430.61572265625,2441.70068359375,2488.73583984375,2493.0302734375,2630.09228515625,0.002424412895578154
2023-06-07,2430.316162109375,2503.5158007175564,2422.5767784625286,6473608.0,2449.63977882384,2436.208251953125,0.002424412895578154,2445.51533203125,2286.139025878906,75.2748001514774,144.40031607084939,2430.316162109375,2430.61572265625,2441.70068359375,2489.934814453125,2472.208984375,-0.004263176729574991
2023-06-08,2436.208251953125,2463.5706207738094,2431.6644359706684,2522516.0,2446.643801210839,2425.822265625,-0.004263176729574991,2432.9326171875,2308.333575439453,72.93260383360646,135.6409903204276,2436.208251953125,2430.316162109375,2430.61572265625,2488.73583984375,2533.973876953125,0.009056610153934663
2023-06-09,2425.822265625,2472.5082238725945,2365.804741519823,3781621.0,2444.5964247330503,2447.7919921875,0.009056610153934663,2434.15087890625,2332.6227478027345,59.148412242477235,128.98507522385307,2425.822265625,2436.208251953125,2430.316162109375,2441.70068359375,2540.86474609375,0.013728392017838154
2023-06-12,2447.7919921875,2455.5313752098577,2424.6738036496345,1948506.0,2456.6301638055047,2481.396240234375,0.013728392017838154,2444.306982421875,2361.0212951660155,31.819318848704214,124.98109229752572,2447.7919921875,2425.822265625,2436.208251953125,2430.61572265625,2530.57861328125,-0.008954427375039598
2023-06-13,2481.396240234375,2501.568520460484,2429.267795275837,2804898.0,2495.5767785097164,2459.1767578125,-0.008954427375039598,2450.0791015625,2389.652020263672,47.61555490834761,118.64728836093718,2481.396240234375,2447.7919921875,2425.822265625,2430.316162109375,2493.0302734375,-0.00219303731995546
2023-06-14,2459.1767578125,2501.568559490532,2438.8545364634238,2210990.0,2466.5162243443456,2453.78369140625,-0.00219303731995546,2453.594189453125,2417.496307373047,31.514825441026346,111.90258438549381,2459.1767578125,2481.396240234375,2447.7919921875,2436.208251953125,2489.934814453125,0.011598895917477536
2023-06-15,2453.78369140625,2481.395958140012,2448.9904622862487,1364403.0,2465.617778985666,2482.244873046875,0.011598895917477536,2464.8787109375,2447.238006591797,37.709397404357745,107.61343667936444,2453.78369140625,2459.1767578125,2481.396240234375,2425.822265625,2488.73583984375,0.009635423454170455
2023-06-16,2482.244873046875,2523.5383262441383,2459.5260376998017,3744029.0,2495.7764535411507,2506.162353515625,0.009635423454170455,2476.552783203125,2474.8776000976563,45.15753540733567,104.93457652899997,2482.244873046875,2453.78369140625,2459.1767578125,2447.7919921875,2441.70068359375,-0.04311452600089949
2023-06-19,2506.162353515625,2523.438460283184,2483.9925688615517,7999982.0,2500.5699027687097,2398.1103515625,-0.04311452600089949,2459.89560546875,2478.6374389648436,35.28872233254225,93.02038592457302,2506.162353515625,2482.244873046875,2453.78369140625,2481.396240234375,2430.61572265625,0.0055800567259784994
2023-06-20,2398.1103515625,2518.145890981573,2346.7808592278225,11475674.0,2431.6642220252083,2411.491943359375,0.0055800567259784994,2450.358642578125,2467.707421875,38.21809407864822,83.69332213652979,2398.1103515625,2506.162353515625,2482.244873046875,2459.1767578125,2430.316162109375,-0.0036649057233374416
2023-06-21,2411.491943359375,2431.6642220252083,2386.725868846098,2479711.0,2423.375627416324,2402.654052734375,-0.0036649057233374416,2440.13271484375,2464.2296752929688,37.360780425414156,74.72700655887184,2411.491943359375,2398.1103515625,2506.162353515625,2453.78369140625,2436.208251953125,-0.003615996348439121
2023-06-22,2402.654052734375,2436.6574565761093,2389.821802166851,7418013.0,2421.7780109254445,2393.966064453125,-0.003615996348439121,2422.476953125,2457.229284667969,42.10181465050951,66.15746672420937,2402.654052734375,2411.491943359375,2398.1103515625,2482.244873046875,2425.822265625,-0.0682866112872278
2023-06-23,2393.966064453125,2446.593823219964,2356.767092338878,8459191.0,2389.02275747329,2230.490234375,-0.0682866112872278,2367.342529296875,2441.710559082031,27.98777841748874,45.648701585701474,2393.966064453125,2402.654052734375,2411.491943359375,2506.162353515625,2447.7919921875,0.027781037135369058
2023-06-26,2230.490234375,2389.02275747329,2160.336472185048,15213238.0,2207.0227047146186,2292.45556640625,0.027781037135369058,2346.211572265625,2429.804406738281,36.6477263322669,34.00347103710419,2230.490234375,2393.966064453125,2402.654052734375,2398.1103515625,2481.396240234375,-0.004857134763338267
2023-06-27,2292.45556640625,2333.2494634680183,2170.0733876085465,7847341.0,2325.759846417898,2281.32080078125,-0.004857134763338267,2320.17734375,2419.2189331054688,35.149430550152175,23.603967554161954,2292.45556640625,2230.490234375,2393.966064453125,2411.491943359375,2459.1767578125,0.05145655796213511
2023-06-28,2281.32080078125,2340.639583263109,2267.889272827595,3361053.0,2296.8494373991725,2398.709716796875,0.05145655796213511,2319.3884765625,2414.657678222656,47.843038846005484,24.55157530462293,2281.32080078125,2292.45556640625,2230.490234375,2402.654052734375,2453.78369140625,-0.005807769171149668
2023-06-30,2398.709716796875,2415.2870754762357,2290.7079592520845,28353193.0,2434.61010694365,2384.778564453125,-0.005807769171149668,2317.5509765625,2409.459814453125,44.9219652258017,23.902896001298814,2398.709716796875,2281.32080078125,2292.45556640625,2393.966064453125,2482.244873046875,-0.001067766524198821
2023-07-03,2384.778564453125,2434.61010694365,2346.7806418944097,5125497.0,2401.705465290787,2382.232177734375,-0.001067766524198821,2347.899365234375,2406.4863891601562,41.587612057888606,22.91914323621495,2384.778564453125,2398.709716796875,2281.32080078125,2230.490234375,2506.162353515625,0.0009222532987798182
2023-07-04,2382.232177734375,2414.53795999787,2369.9489783606323,2662358.0,2393.7165085262104,2384.42919921875,0.0009222532987798182,2366.294091796875,2404.1770629882812,43.43594858289075,22.062470923450746,2382.232177734375,2384.778564453125,2398.709716796875,2292.45556640625,2398.1103515625,0.004795312033167631
2023-07-05,2384.42919921875,2410.693221352637,2369.799364805512,2308684.0,2387.7245435445784,2395.86328125,0.004795312033167631,2389.202587890625,2402.4544189453127,44.967045499867204,22.05198524587513,2384.42919921875,2382.232177734375,2384.778564453125,2281.32080078125,2411.491943359375,0.001563057907428389
2023-07-06,2395.86328125,2408.745755685827,2370.747832026277,2198481.0,2395.8632914460186,2399.608154296875,0.001563057907428389,2389.382275390625,2400.6244140625,42.49705627828455,22.09120160768589,2395.86328125,2384.42919921875,2382.232177734375,2398.709716796875,2402.654052734375,-0.009216694416762206
2023-07-07,2399.608154296875,2424.2745126527884,2386.7259236124,2476366.0,2392.8779567782058,2377.49169921875,-0.009216694416762206,2387.92490234375,2398.2078857421875,38.2791042538911,20.10589947344033,2399.608154296875,2395.86328125,2384.42919921875,2384.778564453125,2393.966064453125,0.012880195797870808
2023-07-10,2377.49169921875,2407.8146618362807,2366.001888570337,1823645.0,2390.6797691847128,2408.1142578125,0.012880195797870808,2393.101318359375,2396.2239990234375,51.060938729856254,20.76416145581561,2377.49169921875,2399.608154296875,2395.86328125,2382.232177734375,2230.490234375,0.005248368857082797
2023-07-11,2408.1142578125,2460.517732654762,2352.913215288222,3771285.0,2421.602274057813,2420.7529296875,0.005248368857082797,2400.366064453125,2393.1918334960938,50.98370033976859,22.051478298636084,2408.1142578125,2377.49169921875,2399.608154296875,2384.42919921875,2292.45556640625,-0.014445503178690422
2023-07-12,2420.7529296875,2442.7834395937502,2385.883952738549,2247776.0,2427.7467184904226,2385.783935546875,-0.014445503178690422,2398.3501953125,2389.5221923828126,48.30230306961294,20.019211582521166,2420.7529296875,2408.1142578125,2377.49169921875,2395.86328125,2281.32080078125,-0.010825332467063853
2023-07-13,2385.783935546875,2429.844955207315,2378.340585928651,1445282.0,2394.8760131957174,2359.95703125,-0.010825332467063853,2390.419970703125,2384.830859375,46.691676431653086,16.138574791711562,2385.783935546875,2420.7529296875,2408.1142578125,2399.608154296875,2398.709716796875,0.005948242900344125
2023-07-14,2359.95703125,2403.568255322333,2353.462790913841,1247741.0,2372.895506049521,2373.99462890625,0.005948242900344125,2389.720556640625,2379.418347167969,69.68220185747235,14.034082819447576,2359.95703125,2385.783935546875,2420.7529296875,2377.49169921875,2384.778564453125,0.013656788513064955
2023-07-17,2373.99462890625,2382.8866450223613,2337.926519644581,1353535.0,2397.7732901143995,2406.415771484375,0.013656788513064955,2389.380859375,2374.431018066406,67.00850241109345,14.81163372696119,2373.99462890625,2359.95703125,2385.783935546875,2408.1142578125,2382.232177734375,0.003466786328336413
2023-07-18,2406.415771484375,2457.320574611058,2389.181057147298,3090373.0,2412.860081930401,2414.75830078125,0.003466786328336413,2388.18193359375,2375.2634155273436,70.08286533574571,15.91753339924253,2406.415771484375,2373.99462890625,2359.95703125,2420.7529296875,2384.42919921875,0.0028342356824742065
2023-07-19,2414.75830078125,2507.775902958719,2403.0687168710424,5978272.0,2426.4978554213158,2421.602294921875,0.0028342356824742065,2395.34560546875,2375.768933105469,55.1636067270945,17.14854226596026,2414.75830078125,2406.415771484375,2373.99462890625,2385.783935546875,2395.86328125,-0.001650387447860835
2023-07-20,2421.602294921875,2440.835237336417,2414.7582671942573,1637260.0,2426.797511428259,2417.605712890625,-0.001650387447860835,2406.875341796875,2376.5165161132813,57.75183966386787,17.59876725857748,2421.602294921875,2414.75830078125,2406.415771484375,2359.95703125,2399.608154296875,-0.0014256987090044415
2023-07-21,2417.605712890625,2431.7430761484384,2397.873214562455,1564275.0,2407.8644692697358,2414.158935546875,-0.0014256987090044415,2414.908203125,2377.526159667969,57.507296496074474,17.47599528795172,2417.605712890625,2421.602294921875,2414.75830078125,2373.99462890625,2377.49169921875,0.0007862752246445837
2023-07-24,2414.158935546875,2455.672166364164,2393.177543905936,2280563.0,2427.8467214413163,2416.05712890625,0.0007862752246445837,2416.836474609375,2386.8045043945312,57.44749592407864,17.332072612705815,2414.158935546875,2417.605712890625,2421.602294921875,2406.415771484375,2408.1142578125,0.020035528896532595
2023-07-25,2416.05712890625,2437.238294316684,2409.912676131576,1113193.0,2425.848458112805,2464.464111328125,0.020035528896532595,2426.77763671875,2395.404931640625,63.758013989657094,20.883321848230025,2416.05712890625,2414.158935546875,2417.605712890625,2414.75830078125,2420.7529296875,0.0016623004038360811
2023-07-26,2464.464111328125,2476.803265099524,2413.859091762989,3017555.0,2470.259235945113,2468.560791015625,0.0016623004038360811,2436.1693359375,2404.7669311523437,63.80908329943362,23.75445371041269,2464.464111328125,2416.05712890625,2414.158935546875,2421.602294921875,2385.783935546875,-0.017140751986035374
2023-07-27,2468.560791015625,2503.779557739616,2443.83272076261,4021773.0,2468.5603688339256,2426.247802734375,-0.017140751986035374,2437.89775390625,2406.143835449219,59.03357220208278,22.357814893841805,2468.560791015625,2464.464111328125,2416.05712890625,2417.605712890625,2359.95703125,0.014330577120282184
2023-07-28,2426.247802734375,2482.7977401810404,2412.8597756688987,2243944.0,2434.8405983308794,2461.017333984375,0.014330577120282184,2447.26943359375,2409.955773925781,59.65357936801401,23.782430109989036,2426.247802734375,2468.560791015625,2464.464111328125,2414.158935546875,2373.99462890625,0.011773229181950118
2023-07-31,2461.017333984375,2479.4509368364484,2428.9459238324184,2339800.0,2474.8049735449013,2489.991455078125,0.011773229181950118,2462.056298828125,2415.3437377929686,61.923573359568465,26.938882687269142,2461.017333984375,2426.247802734375,2468.560791015625,2416.05712890625,2406.415771484375,-0.004453767794015184
2023-08-01,2489.991455078125,2515.768640850247,2464.8138351777434,3359974.0,2502.6305666107664,2478.901611328125,-0.004453767794015184,2464.943798828125,2420.0673583984376,67.47285227901591,28.22023112887382,2489.991455078125,2461.017333984375,2426.247802734375,2464.464111328125,2414.75830078125,-0.0030430643139597313
2023-08-02,2478.901611328125,2511.7723612867826,2453.074419271827,1575727.0,2490.79087022355,2471.358154296875,-0.0030430643139597313,2465.503271484375,2423.8421020507812,72.44357614552008,28.300781271468168,2478.901611328125,2489.991455078125,2461.017333984375,2468.560791015625,2421.602294921875,0.023872623493198297
2023-08-03,2471.358154296875,2511.7722614288023,2448.828087813045,2506971.0,2467.711320452885,2530.35595703125,0.023872623493198297,2486.32490234375,2430.3794921875,76.67002025478386,32.74775175776449,2471.358154296875,2478.901611328125,2489.991455078125,2426.247802734375,2417.605712890625,0.0036325523154494554
2023-08-04,2530.35595703125,2547.740441296261,2459.818418224076,4720470.0,2543.044505862047,2539.547607421875,0.0036325523154494554,2502.03095703125,2438.482287597656,74.6621609398348,36.59188875958307,2530.35595703125,2471.358154296875,2478.901611328125,2461.017333984375,2414.158935546875,0.003422807584743115
2023-08-07,2539.547607421875,2555.6331938921007,2499.782827803062,3294056.0,2548.6895427024497,2548.239990234375,0.003422807584743115,2513.6806640625,2445.48857421875,74.69496083520252,39.8800848826927,2539.547607421875,2530.35595703125,2471.358154296875,2489.991455078125,2416.05712890625,-0.029778423009677257
2023-08-08,2548.239990234375,2566.723597299396,2514.170108831296,4684333.0,2560.978778595422,2472.357421875,-0.029778423009677257,2512.371826171875,2448.068798828125,57.47939768494234,35.94852271819673,2548.239990234375,2539.547607421875,2530.35595703125,2478.901611328125,2464.464111328125,0.013153939615135224
2023-08-09,2472.357421875,2560.978778595422,2459.1191623153045,6127920.0,2486.145275692751,2504.878662109375,0.013153939615135224,2519.075927734375,2454.02353515625,61.86340441574716,35.05285616678157,2472.357421875,2548.239990234375,2539.547607421875,2471.358154296875,2468.560791015625,0.018068548456659173
2023-08-10,2504.878662109375,2514.6697836036888,2469.809665167734,5781400.0,2507.7758524213677,2550.13818359375,0.018068548456659173,2523.032373046875,2463.5325927734375,66.59753151758208,37.562106523636885,2504.878662109375,2472.357421875,2548.239990234375,2530.35595703125,2426.247802734375,-0.005054011510941758
2023-08-11,2550.13818359375,2575.216039687679,2507.7758524213677,8140756.0,2547.790456317522,2537.249755859375,-0.005054011510941758,2522.572802734375,2471.695349121094,64.40618054906614,38.07184853354647,2550.13818359375,2504.878662109375,2472.357421875,2539.547607421875,2461.017333984375,-0.03288059022908185
2023-08-14,2537.249755859375,2565.8742716014794,2515.968580947403,7157372.0,2477.802217464882,2453.823486328125,-0.03288059022908185,2503.689501953125,2474.0657348632812,48.83235958523904,31.382264806241437,2537.249755859375,2550.13818359375,2504.878662109375,2548.239990234375,2489.991455078125,-0.004437928253111845
2023-08-16,2453.823486328125,2482.7477819769847,2397.9231181504138,9786919.0,2447.8291544892577,2442.93359375,-0.004437928253111845,2497.804736328125,2475.474499511719,47.22913090969948,24.914795927547857,2453.823486328125,2537.249755859375,2550.13818359375,2472.357421875,2478.901611328125,0.01415054741753563
2023-08-17,2442.93359375,2462.8158635983755,2417.855736271022,7084828.0,2452.7743748529456,2477.50244140625,0.01415054741753563,2492.3294921875,2478.2695068359376,55.63614905878493,22.321390255251572,2442.93359375,2453.823486328125,2537.249755859375,2504.878662109375,2471.358154296875,0.039399971422518165
2023-08-18,2477.50244140625,2484.995794907252,2439.88590440093,7769452.0,2475.304589690472,2575.115966796875,0.039399971422518165,2497.325048828125,2486.14501953125,61.023180029455034,27.82197883085064,2477.50244140625,2442.93359375,2453.823486328125,2550.13818359375,2530.35595703125,0.024191113207413073
2023-08-21,2575.115966796875,2663.5875479397905,2459.1189939332558,14679923.0,2585.706744912516,2637.410888671875,0.024191113207413073,2517.357275390625,2497.3076171875,63.38083537647962,36.783892664087944,2575.115966796875,2477.50244140625,2442.93359375,2537.249755859375,2539.547607421875,0.02208540628455391
2023-08-22,2637.410888671875,2652.6473754801887,2578.213390744492,10479200.0,2666.4851039667474,2695.6591796875,0.02208540628455391,2565.7244140625,2511.2877197265625,68.12297278815751,48.03273278352208,2637.410888671875,2575.115966796875,2477.50244140625,2453.823486328125,2548.239990234375,-0.06217452103080945
2023-08-23,2695.6591796875,2718.5887938274286,2651.748174636004,10291468.0,2717.589712728803,2528.057861328125,-0.06217452103080945,2582.749267578125,2514.4674072265625,53.739708001270174,42.92863930103704,2695.6591796875,2637.410888671875,2575.115966796875,2442.93359375,2472.357421875,0.0036557483516297395
2023-08-24,2528.057861328125,2719.9874884350265,2486.644640409817,5251316.0,2577.7139139724804,2537.2998046875,0.0036557483516297395,2594.708740234375,2517.9043579101562,50.490162624660414,39.177739441136964,2528.057861328125,2695.6591796875,2637.410888671875,2477.50244140625,2504.878662109375,-0.017247165820887145
2023-08-25,2537.2998046875,2610.684673337245,2528.8573408471398,4558367.0,2546.7413906375214,2493.53857421875,-0.017247165820887145,2578.39326171875,2521.268896484375,46.90337670344434,32.30160590164405,2537.2998046875,2528.057861328125,2695.6591796875,2575.115966796875,2550.13818359375,-0.009335945814641589
2023-08-28,2493.53857421875,2546.7413906375214,2483.797213466017,2808721.0,2547.740362421628,2470.259033203125,-0.009335945814641589,2544.962890625,2521.7309814453124,44.852589482206696,24.689154917584347,2493.53857421875,2537.2998046875,2528.057861328125,2637.410888671875,2537.249755859375,0.013751582423757736
2023-08-29,2470.259033203125,2579.71200618535,2453.473871442314,4457038.0,2469.909587548648,2504.22900390625,0.013751582423757736,2506.67685546875,2522.4428588867186,52.22702232788368,21.15348124066395,2470.259033203125,2493.53857421875,2537.2998046875,2695.6591796875,2453.823486328125,0.0026532266414176497
2023-08-30,2504.22900390625,2534.402195118707,2442.833503093922,4802150.0,2514.769737735604,2510.873291015625,0.0026532266414176497,2503.23994140625,2524.0414428710938,50.43458991660773,18.672329824557437,2504.22900390625,2470.259033203125,2493.53857421875,2528.057861328125,2442.93359375,-0.037344413268190824
2023-08-31,2510.873291015625,2540.746699666921,2490.191437723177,6484593.0,2447.7789478302248,2417.106201171875,-0.037344413268190824,2479.201220703125,2521.3288452148436,40.9893807118485,9.035621920419544,2510.873291015625,2504.22900390625,2470.259033203125,2537.2998046875,2477.50244140625,0.012731318633757427
2023-09-01,2417.106201171875,2487.7435021536207,2381.6376592098613,6230369.0,2378.8902842486177,2447.879150390625,0.012731318633757427,2470.0693359375,2517.2050048828123,44.08987169121161,3.837346754623013,2417.106201171875,2510.873291015625,2504.22900390625,2493.53857421875,2575.115966796875,0.008387562056719089
2023-09-04,2447.879150390625,2463.365416415763,2377.891170311512,6764397.0,2451.8255004309467,2468.410888671875,0.008387562056719089,2469.69970703125,2513.6481689453126,51.05220041080721,1.3587530630625224,2447.879150390625,2417.106201171875,2510.873291015625,2470.259033203125,2637.410888671875,0.009491513420900155
2023-09-05,2468.410888671875,2477.8024617232063,2447.879049327173,5998454.0,2479.80047356849,2491.83984375,0.009491513420900155,2467.221875,2510.828161621094,53.4649670246948,1.2703270367273944,2468.410888671875,2447.879150390625,2417.106201171875,2504.22900390625,2695.6591796875,0.0009824058528540291
2023-09-06,2491.83984375,2499.183183890494,2461.81642500917,6489319.0,2491.8400615361084,2494.287841796875,0.0009824058528540291,2463.90478515625,2511.9246826171875,51.245940224299325,1.3818526205545822,2491.83984375,2468.410888671875,2447.879150390625,2510.873291015625,2528.057861328125,0.005207308143420963
2023-09-07,2494.287841796875,2501.7811960181757,2468.8104374444533,7416248.0,2495.786557176479,2507.2763671875,0.005207308143420963,2481.938818359375,2512.044567871094,44.24091289502776,2.4896042900918474,2494.287841796875,2491.83984375,2468.410888671875,2417.106201171875,2537.2998046875,0.0039051378195726905
2023-09-08,2507.2763671875,2517.767063284519,2482.798076294456,4298988.0,2511.5725006561674,2517.067626953125,0.0039051378195726905,2495.776513671875,2510.3910400390623,38.78389115874109,4.110198493510325,2507.2763671875,2494.287841796875,2491.83984375,2447.879150390625,2493.53857421875,0.03796687245251151
2023-09-11,2517.067626953125,2536.3505734709424,2503.8793726252834,5640973.0,2562.7271225819463,2612.6328125,0.03796687245251151,2524.6208984375,2514.160192871094,42.765116251363686,12.956488542737134,2517.067626953125,2507.2763671875,2494.287841796875,2468.410888671875,2470.259033203125,-0.0303064736541504
2023-09-12,2612.6328125,2627.9193037704345,2543.743958710969,9148241.0,2620.126257794036,2533.453125,-0.0303064736541504,2532.9435546875,2518.1416748046877,50.555788332142065,13.423361931245836,2612.6328125,2517.067626953125,2507.2763671875,2491.83984375,2504.22900390625,-0.006625406282186441
2023-09-13,2533.453125,2624.2727269278103,2527.758224425482,5658774.0,2543.44427073164,2516.66796875,-0.006625406282186441,2537.419580078125,2521.8283935546874,47.907154822201775,12.297186316188345,2533.453125,2612.6328125,2517.067626953125,2494.287841796875,2510.873291015625,0.0003572858768181586
2023-09-14,2516.66796875,2564.675441643265,2493.7883574314264,1780068.0,2539.597647942488,2517.567138671875,0.0003572858768181586,2539.477734375,2523.8316284179687,52.66953490024742,11.346444773188523,2516.66796875,2533.453125,2612.6328125,2507.2763671875,2417.106201171875,0.008036400469164207
2023-09-15,2517.567138671875,2542.7447590135976,2503.8293231762223,1218481.0,2517.5672598840038,2537.79931640625,0.008036400469164207,2543.624072265625,2521.9657958984376,57.55477137562408,12.086220480154225,2517.567138671875,2516.66796875,2533.453125,2517.067626953125,2447.879150390625,-0.01480294138641669
2023-09-18,2537.79931640625,2555.733362168272,2511.9721244612206,1547001.0,2549.738562258568,2500.232421875,-0.01480294138641669,2521.143994140625,2515.1068725585938,49.55652768491739,9.531292818101974,2537.79931640625,2517.567138671875,2516.66796875,2612.6328125,2468.410888671875,-0.012847438402211031
2023-09-20,2500.232421875,2552.735903828621,2488.79261700082,861677.0,2500.1822460913004,2468.11083984375,-0.012847438402211031,2508.075537109375,2503.729455566406,45.50888530715373,4.8585447405757805,2500.232421875,2537.79931640625,2517.567138671875,2533.453125,2491.83984375,0.0036230701342574445
2023-09-21,2468.11083984375,2531.4045519734163,2456.720796303395,1203019.0,2477.602539910416,2477.052978515625,0.0036230701342574445,2500.1525390625,2501.1792114257814,57.66086308650957,1.8555247477847843,2468.11083984375,2500.232421875,2537.79931640625,2516.66796875,2494.287841796875,-0.005788088695762084
2023-09-22,2477.052978515625,2501.581271980346,2458.819151004116,1279908.0,2487.743426339028,2462.715576171875,-0.005788088695762084,2489.1822265625,2497.45,51.97915133261336,-1.6621386785213872,2477.052978515625,2468.11083984375,2500.232421875,2517.567138671875,2507.2763671875,0.006978093109908823
2023-09-25,2462.715576171875,2495.786341436358,2457.820015986165,865589.0,2477.752393590148,2479.900634765625,0.006978093109908823,2477.602490234375,2496.768103027344,51.5465191325139,-3.0283131711007627,2462.715576171875,2477.052978515625,2468.11083984375,2537.79931640625,2517.067626953125,-0.00972978752121667
2023-09-26,2479.900634765625,2486.7944229002146,2421.852021337935,1216898.0,2488.792488559772,2455.771728515625,-0.00972978752121667,2468.7103515625,2496.043737792969,45.1543643356492,-5.98898014481847,2479.900634765625,2462.715576171875,2477.052978515625,2500.232421875,2612.6328125,0.010313613665828836
2023-09-27,2455.771728515625,2496.785399000751,2450.426616012782,698863.0,2457.820206600792,2481.099609375,0.010313613665828836,2471.30810546875,2494.8872680664062,48.330819112691266,-6.219882803310611,2455.771728515625,2479.900634765625,2462.715576171875,2468.11083984375,2533.453125,-0.003241695222396146
2023-09-28,2481.099609375,2495.7865349954386,2442.933506984188,1077373.0,2487.743565930512,2473.056640625,-0.003241695222396146,2470.508837890625,2492.996435546875,45.61404167542832,-6.971511933999409,2481.099609375,2455.771728515625,2479.900634765625,2477.052978515625,2516.66796875,-0.02478538230381333
2023-09-29,2473.056640625,2508.7749619672254,2444.531890460547,2225560.0,2459.8684677793017,2411.760986328125,-0.02478538230381333,2460.317919921875,2492.7291748046873,38.07696007483273,-12.370629550854574,2473.056640625,2481.099609375,2455.771728515625,2462.715576171875,2517.567138671875,-0.011040258547464266
2023-10-03,2411.760986328125,2477.352961324276,2402.91897451853,1689201.0,2415.857272153825,2385.134521484375,-0.011040258547464266,2441.364697265625,2489.591943359375,19.477340069611998,-18.583780098024363,2411.760986328125,2473.056640625,2481.099609375,2479.900634765625,2537.79931640625,0.03254789313405748
2023-10-04,2385.134521484375,2422.751060100185,2369.8980353800134,2019899.0,2400.0712311867383,2462.765625,0.03254789313405748,2442.7634765625,2489.309680175781,40.476528795790855,-17.047057538600257,2385.134521484375,2411.760986328125,2473.056640625,2455.771728515625,2500.232421875,0.0005680304155009086
2023-10-05,2462.765625,2500.5321771496574,2390.1300972075787,2857377.0,2475.754125130253,2464.16455078125,0.0005680304155009086,2439.37646484375,2487.925915527344,42.620458775537095,-15.537208946374903,2462.765625,2385.134521484375,2411.760986328125,2481.099609375,2468.11083984375,0.004764189181289957
2023-10-06,2464.16455078125,2484.2965973647247,2444.23203425939,1132455.0,2464.1647083427224,2475.904296875,0.004764189181289957,2439.94599609375,2487.00673828125,44.31731223264218,-13.240712965541206,2464.16455078125,2462.765625,2385.134521484375,2473.056640625,2477.052978515625,-0.014325475303767599
2023-10-09,2475.904296875,2512.72149838548,2463.864925382571,1510035.0,2437.83799721936,2440.435791015625,-0.014325475303767599,2445.68095703125,2483.6647094726563,37.249849255742184,-14.119969140672765,2475.904296875,2464.16455078125,2462.765625,2411.760986328125,2462.715576171875,0.022803564416855604
2023-10-10,2440.435791015625,2457.520492920246,2409.1634761188934,1408224.0,2440.835375656318,2496.08642578125,0.022803564416855604,2467.871337890625,2482.6156494140623,49.481616969214485,-10.208566856230846,2440.435791015625,2475.904296875,2464.16455078125,2385.134521484375,2479.900634765625,-0.0038827383100693558
2023-10-11,2496.08642578125,2515.718917295297,2440.835375656318,1771910.0,2531.6544367589954,2486.394775390625,-0.0038827383100693558,2472.59716796875,2476.303747558594,52.42192477225026,-7.80086405079237,2496.08642578125,2440.435791015625,2475.904296875,2462.765625,2455.771728515625,0.00713256606534407
2023-10-12,2486.394775390625,2535.750901032501,2480.3000834567315,1627836.0,2497.684670777482,2504.129150390625,0.00713256606534407,2480.590087890625,2474.837548828125,53.50492188319708,-4.410880496095615,2486.394775390625,2496.08642578125,2440.435791015625,2464.16455078125,2481.099609375,-0.020667524429621276
2023-10-13,2504.129150390625,2519.515406448075,2488.442867462465,1804818.0,2486.694415102413,2452.375,-0.020667524429621276,2475.884228515625,2471.622900390625,48.779659981663926,-5.83318024370692,2504.129150390625,2486.394775390625,2496.08642578125,2475.904296875,2473.056640625,-0.010266574334828471
2023-10-16,2452.375,2492.78910728312,2420.20358214978,2278682.0,2452.375131875176,2427.197509765625,-0.010266574334828471,2473.236572265625,2467.1044189453123,43.89541624578506,-8.889503423708447,2452.375,2504.129150390625,2486.394775390625,2440.435791015625,2411.760986328125,-0.0003912771941422255
2023-10-17,2427.197509765625,2462.516040637928,2419.7041553327645,803856.0,2457.7698912386286,2426.247802734375,-0.0003912771941422255,2459.26884765625,2461.5268432617186,46.38620536322625,-11.25851384445059,2427.197509765625,2452.375,2504.129150390625,2496.08642578125,2385.134521484375,-0.00907987604235938
2023-10-18,2426.247802734375,2459.818123269908,2421.35224278823,707543.0,2437.837857800152,2404.2177734375,-0.00907987604235938,2442.833447265625,2456.726110839844,40.512898996423374,-14.74365524228233,2426.247802734375,2427.197509765625,2452.375,2486.394775390625,2462.765625,-0.001724670876661616
2023-10-19,2404.2177734375,2439.5863070834107,2398.9224211090605,776977.0,2397.8732873339677,2400.0712890625,-0.001724670876661616,2422.021875,2453.3241333007813,40.90627022870298,-17.63693394864913,2404.2177734375,2426.247802734375,2427.197509765625,2504.129150390625,2464.16455078125,-0.0035175550205417405
2023-10-20,2400.0712890625,2412.5602124340307,2380.438799092167,1168822.0,2395.925144819454,2391.62890625,-0.0035175550205417405,2409.87265625,2449.0529296875,47.11112605861617,-20.376223484849106,2400.0712890625,2404.2177734375,2426.247802734375,2452.375,2475.904296875,-0.035550941026399
2023-10-23,2391.62890625,2441.7843754155333,2379.939322365146,1240350.0,2395.675400145814,2306.604248046875,-0.035550941026399,2385.75400390625,2441.24736328125,40.348748451767136,-29.07277664212279,2391.62890625,2400.0712890625,2404.2177734375,2427.197509765625,2440.435791015625,-0.022372389234334822
2023-10-25,2306.604248046875,2410.212556430173,2299.7604640666364,1483549.0,2317.9441736818785,2255.0,-0.022372389234334822,2351.504443359375,2430.002331542969,22.720780095011563,-39.67157993840283,2306.604248046875,2391.62890625,2400.0712890625,2426.247802734375,2496.08642578125,-0.02383689457455651
2023-10-26,2255.0,2345.969366463191,2233.3192778499874,1540819.0,2247.0072703643614,2201.247802734375,-0.02383689457455651,2310.91044921875,2417.2761352539064,19.651751247992806,-51.81131244598373,2255.0,2306.604248046875,2391.62890625,2404.2177734375,2486.394775390625,0.026552211874679044
2023-10-27,2201.247802734375,2247.0072703643614,2165.129931062802,2226073.0,2220.0310287553125,2259.69580078125,0.026552211874679044,2282.8353515625,2406.205944824219,27.472392176095852,-56.069538213756914,2201.247802734375,2255.0,2306.604248046875,2400.0712890625,2504.129150390625,0.01653627153993731
2023-10-30,2259.69580078125,2272.9840640946604,2210.0398900120395,1244293.0,2258.0472996145686,2297.062744140625,0.01653627153993731,2263.922119140625,2397.40625,35.120268052876796,-55.78594710042398,2259.69580078125,2201.247802734375,2255.0,2391.62890625,2452.375,-0.0019356411024651354
2023-10-31,2297.062744140625,2302.9574182706083,2248.0061566632835,996448.0,2317.944088267482,2292.616455078125,-0.0019356411024651354,2261.124560546875,2391.4490234375,26.37194525543927,-55.2827127676087,2297.062744140625,2259.69580078125,2201.247802734375,2306.604248046875,2427.197509765625,-0.033708756573225584
2023-11-01,2292.616455078125,2317.944088267482,2273.983079696892,1155280.0,2296.962758453175,2215.335205078125,-0.033708756573225584,2253.1916015625,2382.9590576171877,22.793826478002956,-60.42332446961791,2292.616455078125,2297.062744140625,2259.69580078125,2255.0,2426.247802734375,-0.0009020264793537791
2023-11-02,2215.335205078125,2310.2010170654,2205.044283560747,1666579.0,2245.0087736554274,2213.3369140625,-0.0009020264793537791,2255.609423828125,2370.4876220703127,19.86122476658666,-63.92169218645995,2215.335205078125,2292.616455078125,2297.062744140625,2201.247802734375,2404.2177734375,0.006567960477520618
2023-11-03,2213.3369140625,2295.9135744556834,2202.246652991422,2340997.0,2213.336868739075,2227.8740234375,0.006567960477520618,2249.245068359375,2358.673095703125,24.786790673188705,-64.7744707929719,2213.3369140625,2215.335205078125,2292.616455078125,2259.69580078125,2400.0712890625,0.007242663641547908
2023-11-06,2227.8740234375,2276.980369555216,2213.037085811673,1853300.0,2251.952672154799,2244.009765625,0.007242663641547908,2238.63447265625,2347.078369140625,29.00009795552819,-63.417249859549884,2227.8740234375,2213.3369140625,2215.335205078125,2297.062744140625,2391.62890625,-0.005632182207317538
2023-11-07,2244.009765625,2257.997359889804,2231.0212852362533,770061.0,2255.000039572348,2231.37109375,-0.005632182207317538,2226.385400390625,2336.625134277344,28.24319410729268,-62.63940956430997,2244.009765625,2227.8740234375,2213.3369140625,2292.616455078125,2306.604248046875,0.011910242966505669
2023-11-08,2231.37109375,2257.9973812288463,2224.6768355777226,641554.0,2243.3103454925026,2257.947265625,0.011910242966505669,2234.9078125,2324.7181762695313,33.83388450446405,-59.19611460149463,2231.37109375,2244.009765625,2227.8740234375,2215.335205078125,2255.0,-0.020044759439099225
2023-11-09,2257.947265625,2295.9635958821423,2233.019424193468,1169180.0,2266.989187876452,2212.687255859375,-0.020044759439099225,2234.777880859375,2311.0328002929687,31.015249143549724,-59.434261895674354,2257.947265625,2231.37109375,2244.009765625,2213.3369140625,2201.247802734375,-0.00431195850192323
2023-11-10,2212.687255859375,2270.5860950875663,2208.141483257563,1267890.0,2218.282718811482,2203.146240234375,-0.00431195850192323,2229.83232421875,2295.9836547851564,30.946357836543797,-59.704637667231964,2212.687255859375,2257.947265625,2231.37109375,2227.8740234375,2259.69580078125,0.003877178932339742
2023-11-13,2203.146240234375,2235.0178772576446,2196.5519906798977,1072597.0,2213.536690577262,2211.688232421875,0.003877178932339742,2223.368017578125,2283.94931640625,38.6498833388219,-58.55466332324204,2203.146240234375,2212.687255859375,2257.947265625,2244.009765625,2297.062744140625,0.005307937068629975
2023-11-15,2211.688232421875,2239.9131981220817,2193.604418451706,853633.0,2238.014893302841,2223.427734375,0.005307937068629975,2221.779345703125,2273.7608276367187,45.826680074301365,-56.04991217629731,2211.688232421875,2203.146240234375,2212.687255859375,2231.37109375,2292.616455078125,-0.00876244625108158
2023-11-16,2223.427734375,2248.0060312193714,2218.5321743656064,696475.0,2224.027353623528,2203.945068359375,-0.00876244625108158,2210.97890625,2262.6456909179688,50.39205165656729,-55.002927658697445,2223.427734375,2211.688232421875,2203.146240234375,2257.947265625,2215.335205078125,0.0013147809896560947
2023-11-17,2203.945068359375,2230.821376354761,2194.153948105481,1307584.0,2203.945196848642,2206.8427734375,0.0013147809896560947,2209.810009765625,2252.7769409179687,40.838231211446136,-53.3246706924233,2203.945068359375,2223.427734375,2211.688232421875,2212.687255859375,2213.3369140625,-0.026688672970744842
2023-11-20,2206.8427734375,2235.966845291737,2199.0496364362853,916518.0,2209.0407844342344,2147.945068359375,-0.026688672970744842,2198.769775390625,2240.1706298828126,25.946753997545784,-56.10050087388299,2206.8427734375,2203.945068359375,2223.427734375,2203.146240234375,2227.8740234375,0.02176885315645638
2023-11-21,2147.945068359375,2216.5341385198326,2140.101926846735,1577213.0,2158.085943638873,2194.703369140625,0.02176885315645638,2195.372802734375,2230.324353027344,36.103187605511984,-53.9059677528885,2147.945068359375,2206.8427734375,2203.945068359375,2211.688232421875,2244.009765625,-0.010925629386712599
2023-11-22,2194.703369140625,2230.571703169563,2156.437503334973,1839502.0,2203.196057303752,2170.724853515625,-0.010925629386712599,2184.8322265625,2223.530383300781,42.53966076450472,-53.48510723498248,2194.703369140625,2147.945068359375,2206.8427734375,2223.427734375,2231.37109375,0.0011966768822833096
2023-11-23,2170.724853515625,2223.0285670333,2151.591918699421,1247205.0,2188.0594397824243,2173.322509765625,0.0011966768822833096,2178.70771484375,2219.4465087890626,43.32164444201775,-52.33863587781934,2170.724853515625,2194.703369140625,2147.945068359375,2203.945068359375,2257.947265625,0.02307769473335508
2023-11-24,2173.322509765625,2188.0594397824243,2158.685588708486,729114.0,2177.0689954399363,2223.477783203125,0.02307769473335508,2182.034716796875,2220.5580078125,49.34423805684411,-46.8429611684719,2173.322509765625,2170.724853515625,2194.703369140625,2206.8427734375,2212.687255859375,0.08899324887055693
2023-11-28,2223.477783203125,2249.954299210081,2158.984937880571,1946259.0,2298.960854390441,2421.352294921875,0.08899324887055693,2236.716162109375,2228.640832519531,67.15311575363006,-26.218548866849233,2223.477783203125,2173.322509765625,2170.724853515625,2147.945068359375,2203.146240234375,-0.011099573002600671
2023-11-29,2421.352294921875,2510.17341419498,2272.983895583769,11972275.0,2466.512279623492,2394.476318359375,-0.011099573002600671,2276.670751953125,2233.511511230469,65.3531896156687,-11.904986944730808,2421.352294921875,2223.477783203125,2173.322509765625,2194.703369140625,2211.688232421875,-0.015876689667126298
2023-11-30,2394.476318359375,2475.4542996761843,2387.882069468121,4561574.0,2397.9231846785,2356.4599609375,-0.015876689667126298,2313.8177734375,2236.7036865234377,59.07755021236772,-3.587632333480542,2394.476318359375,2421.352294921875,2223.477783203125,2170.724853515625,2223.427734375,0.001759624370341717
2023-12-01,2356.4599609375,2406.865204628149,2340.973696648693,2983879.0,2367.900025822468,2360.6064453125,0.001759624370341717,2351.274560546875,2243.967248535156,64.74756822621812,3.300471968308102,2356.4599609375,2394.476318359375,2421.352294921875,2173.322509765625,2203.945068359375,0.07131666791463553
2023-12-04,2360.6064453125,2401.2205731226427,2352.014211826543,1792983.0,2547.690416699847,2528.95703125,0.07131666791463553,2412.37041015625,2259.748254394531,74.67092699480116,22.08919903773449,2360.6064453125,2356.4599609375,2394.476318359375,2223.477783203125,2206.8427734375,0.16914907871791263
2023-12-05,2528.95703125,2592.700546258872,2485.2457985336896,5681516.0,2528.9570255305443,2956.727783203125,0.16914907871791263,2519.4455078125,2296.1909423828124,84.50720565633392,70.68214548397054,2528.95703125,2360.6064453125,2356.4599609375,2421.352294921875,2147.945068359375,-0.025478588993239626
2023-12-06,2956.727783203125,2997.241656238271,2528.9570255305443,22879079.0,3077.270863401712,2881.39453125,-0.025478588993239626,2616.829150390625,2328.0601806640625,78.77903177167383,101.93855755260711,2956.727783203125,2528.95703125,2360.6064453125,2394.476318359375,2194.703369140625,0.0011094549215941996
2023-12-07,2881.39453125,3151.7548546757257,2842.329323462043,19355777.0,2897.430018486752,2884.59130859375,0.0011094549215941996,2722.455419921875,2360.72119140625,80.2012836098282,125.52052010044054,2881.39453125,2956.727783203125,2528.95703125,2356.4599609375,2170.724853515625,-0.02251354728103916
2023-12-08,2884.59130859375,2943.2892443130936,2850.521674386104,6325887.0,2900.1275915180445,2819.64892578125,-0.02251354728103916,2814.263916015625,2388.8062744140625,75.77209904815726,137.38539446369623,2884.59130859375,2881.39453125,2956.727783203125,2360.6064453125,2173.322509765625,0.011923684952882763
2023-12-11,2819.64892578125,2924.406105752087,2757.5541004016945,6959428.0,2834.5361455800576,2853.26953125,0.011923684952882763,2879.126416015625,2420.8353881835938,80.30740360670617,147.79757630177437,2819.64892578125,2884.59130859375,2881.39453125,2528.95703125,2223.477783203125,0.0006477286884427613
2023-12-12,2853.26953125,2917.312586039068,2808.559184117737,5064123.0,2866.5577248233158,2855.11767578125,0.0006477286884427613,2858.80439453125,2453.4339599609375,79.51685043837873,154.41839609419458,2853.26953125,2819.64892578125,2884.59130859375,2956.727783203125,2421.352294921875,0.006088983922612812
2023-12-13,2855.11767578125,2893.383786091956,2838.0329748227146,2017772.0,2857.465728560262,2872.50244140625,0.006088983922612812,2857.0259765625,2486.4746704101562,81.55152652442243,159.2327131769257,2855.11767578125,2853.26953125,2819.64892578125,2881.39453125,2394.476318359375,0.0066084922618749875
2023-12-14,2872.50244140625,2896.5311792721827,2802.514464549488,2805832.0,2898.379139236367,2891.4853515625,0.0066084922618749875,2858.40478515625,2519.877551269531,81.81938939465823,162.70430243452847,2872.50244140625,2855.11767578125,2853.26953125,2884.59130859375,2356.4599609375,0.03377626456449945
2023-12-15,2891.4853515625,2930.350780945696,2884.4415504635595,3224681.0,2909.4695946292804,2989.14892578125,0.03377626456449945,2892.30478515625,2559.137744140625,82.55384918801933,171.3608548967145,2891.4853515625,2872.50244140625,2855.11767578125,2819.64892578125,2360.6064453125,-0.0037435208763729744
2023-12-18,2989.14892578125,2997.341610732395,2891.3355315297786,4921484.0,2991.297008569593,2977.958984375,-0.0037435208763729744,2917.24267578125,2597.6935546875,78.1306997444639,175.2975789654879,2989.14892578125,2891.4853515625,2872.50244140625,2853.26953125,2528.95703125,-0.0132020574336843
2023-12-19,2977.958984375,3025.067107134368,2958.476263348125,2315922.0,2986.1517142119733,2938.643798828125,-0.0132020574336843,2933.947900390625,2637.2284912109376,77.16052481760647,173.24795961431528,2977.958984375,2989.14892578125,2891.4853515625,2855.11767578125,2956.727783203125,-0.053514651251569734
2023-12-20,2938.643798828125,2991.696845218165,2912.4170585920897,1741493.0,2943.389520506198,2781.38330078125,-0.053514651251569734,2915.724072265625,2666.5624877929686,68.95277068759745,157.12279977003482,2938.643798828125,2977.958984375,2989.14892578125,2872.50244140625,2881.39453125,0.0057114537874149995
2023-12-21,2781.38330078125,2965.3700260904266,2763.748794264784,3417739.0,2747.56312819504,2797.26904296875,0.0057114537874149995,2896.880810546875,2697.889697265625,69.27453012291248,143.96579300363192,2781.38330078125,2938.643798828125,2977.958984375,2891.4853515625,2884.59130859375,0.003071756475650167
2023-12-22,2797.26904296875,2819.449321982413,2722.585281575085,2678577.0,2813.4546914255675,2805.861572265625,0.003071756475650167,2860.22333984375,2729.516650390625,64.22961066203638,132.70240493393794,2797.26904296875,2781.38330078125,2938.643798828125,2989.14892578125,2819.64892578125,0.020332105058041172
2023-12-26,2805.861572265625,2845.076792192562,2788.9263968010587,1513956.0,2814.503628774352,2862.91064453125,0.020332105058041172,2837.213671875,2761.4882934570314,42.21131235054496,126.91645816623395,2805.861572265625,2797.26904296875,2781.38330078125,2977.958984375,2853.26953125,-0.007712458007439915
2023-12-27,2862.91064453125,2891.185614400348,2797.618702799053,2048484.0,2878.147323707943,2840.83056640625,-0.007712458007439915,2817.651025390625,2782.46220703125,46.30573197423996,119.17559383209255,2862.91064453125,2805.861572265625,2797.26904296875,2938.643798828125,2855.11767578125,-0.011764395487743995
2023-12-28,2840.83056640625,2892.2349270756063,2831.0892060140523,1698325.0,2852.470044355241,2807.409912109375,-0.011764395487743995,2822.85634765625,2803.10888671875,43.33765638757607,109.08665255707956,2840.83056640625,2862.91064453125,2805.861572265625,2781.38330078125,2872.50244140625,0.013897373814814706
2023-12-29,2807.409912109375,2864.809197983723,2797.618791509856,4102912.0,2821.3976847735057,2846.425537109375,0.013897373814814706,2832.687646484375,2827.6071655273436,52.419678294000725,103.05141620136146,2807.409912109375,2840.83056640625,2862.91064453125,2797.26904296875,2891.4853515625,0.023956083900801062
2024-01-01,2846.425537109375,2860.762919348035,2800.36653201878,1507086.0,2849.772357653715,2914.61474609375,0.023956083900801062,2854.43828125,2855.307580566406,55.21751300277249,102.58817457439409,2846.425537109375,2807.409912109375,2840.83056640625,2805.861572265625,2989.14892578125,0.005210557449652153
2024-01-02,2914.61474609375,2944.3883862975613,2839.531441142161,2898619.0,2919.410826643,2929.801513671875,0.005210557449652153,2867.816455078125,2875.3498046875,56.21105968814046,102.26762000594408,2914.61474609375,2846.425537109375,2807.409912109375,2862.91064453125,2977.958984375,0.02407581304960882
2024-01-03,2929.801513671875,2945.5875621353644,2838.482600442424,2671368.0,3044.29987623054,3000.3388671875,0.02407581304960882,2899.718115234375,2877.5303588867187,59.76791369311449,106.47794169281042,2929.801513671875,2914.61474609375,2846.425537109375,2840.83056640625,2938.643798828125,-0.0015650087701681858
2024-01-04,3000.3388671875,3196.1651801974067,2952.980968651754,19725411.0,3036.706746241598,2995.643310546875,-0.0015650087701681858,2937.364794921875,2883.2427978515625,58.13630078858788,108.18862861924754,3000.3388671875,2929.801513671875,2914.61474609375,2807.409912109375,2781.38330078125,0.0027681801900627523
2024-01-05,2995.643310546875,3041.752320314753,2987.350616238677,2975620.0,3007.282676049684,3003.935791015625,0.0027681801900627523,2968.866845703125,2889.2100219726562,51.34252570475562,108.9574999680176,2995.643310546875,3000.3388671875,2929.801513671875,2846.425537109375,2797.26904296875,-0.014335197126231103
2024-01-08,3003.935791015625,3064.182160871475,2978.458387908171,3219949.0,3017.32370962597,2960.873779296875,-0.014335197126231103,2978.11865234375,2896.2712646484374,48.5336671333665,104.88306490509603,3003.935791015625,2995.643310546875,3000.3388671875,2914.61474609375,2805.861572265625,0.017243280054097365
2024-01-09,2960.873779296875,3024.317506303911,2950.3330798045527,1849061.0,2988.0499857637988,3011.928955078125,0.017243280054097365,2994.544140625,2904.204235839844,56.165434165890964,104.56837265424474,2960.873779296875,3003.935791015625,2995.643310546875,2929.801513671875,2862.91064453125,0.027731608550991993
2024-01-10,3011.928955078125,3066.080881373526,2977.359515482998,2885706.0,3021.3203883586957,3095.45458984375,0.027731608550991993,3013.56728515625,2916.221081542969,80.1650590340698,109.79317012956199,3011.928955078125,2960.873779296875,3003.935791015625,3000.3388671875,2840.83056640625,-0.005583965652762979
2024-01-11,3095.45458984375,3109.242410242149,3017.373937297648,3590297.0,3117.235125758298,3078.169677734375,-0.005583965652762979,3030.07255859375,2926.504443359375,76.90685804273876,111.25661481939596,3095.45458984375,3011.928955078125,2960.873779296875,2995.643310546875,2807.409912109375,0.007530347552855199
2024-01-12,3078.169677734375,3126.2271501595246,3062.283865528585,2008103.0,3093.6062329820634,3101.349365234375,0.007530347552855199,3049.5552734375,2936.9976440429687,77.53466180849283,112.98439852431557,3078.169677734375,3095.45458984375,3011.928955078125,3003.935791015625,2846.425537109375,-0.00470340885358389
2024-01-15,3101.349365234375,3122.230746899931,3065.4810320594224,1795933.0,3124.2292231152137,3086.762451171875,-0.00470340885358389,3074.7330078125,2941.8783203125,72.65192701356749,111.8868752508265,3101.349365234375,3078.169677734375,3095.45458984375,2960.873779296875,2914.61474609375,-0.010681400913474137
2024-01-16,3086.762451171875,3127.2265648706807,3064.7319404843324,1407007.0,3092.2573874005707,3053.79150390625,-0.010681400913474137,3083.105517578125,2945.6699462890624,71.08511901423839,107.12176720338994,3086.762451171875,3101.349365234375,3078.169677734375,3011.928955078125,2929.801513671875,-0.027956809582094455
2024-01-17,3053.79150390625,3101.748969042026,3032.3105559808505,2515564.0,3030.3122902067403,2968.417236328125,-0.027956809582094455,3057.698046875,2947.1586181640623,64.45420888320402,95.35717667904191,3053.79150390625,3086.762451171875,3101.349365234375,3095.45458984375,3000.3388671875,-0.01755270759378702
2024-01-18,2968.417236328125,3042.3016563401,2943.68916867807,2897218.0,2972.913425573758,2916.3134765625,-0.01755270759378702,3025.326806640625,2953.905126953125,56.13004051988455,80.8967881481326,2968.417236328125,3053.79150390625,3086.762451171875,3078.169677734375,2995.643310546875,-0.001113416077728191
2024-01-19,2916.3134765625,2982.355003180879,2882.5436217496685,2552342.0,2942.740284843709,2913.06640625,-0.001113416077728191,2987.67021484375,2959.6949951171873,49.84673014645464,68.38649764288266,2916.3134765625,2968.417236328125,3053.79150390625,3101.349365234375,3003.935791015625,-0.006550915527425594
2024-01-23,2913.06640625,2946.8365055653094,2900.477717199736,2014096.0,3012.2781317966887,2893.983154296875,-0.006550915527425594,2949.11435546875,2964.10107421875,46.48149036386137,56.28334398418565,2913.06640625,2916.3134765625,2968.417236328125,3086.762451171875,2960.873779296875,0.0023821143595426086
2024-01-24,2893.983154296875,3012.2781317966887,2882.9428979147388,1827002.0,2898.429173066692,2900.876953125,0.0023821143595426086,2918.5314453125,2965.9993896484375,38.83342396786275,46.70934322951052,2893.983154296875,2913.06640625,2916.3134765625,3053.79150390625,3011.928955078125,-0.00339244463386279
2024-01-25,2900.876953125,2926.50436879675,2868.7055371140086,5807940.0,2900.877013585749,2891.035888671875,-0.00339244463386279,2903.05517578125,2968.509655761719,38.38987845562558,37.89100310090316,2900.876953125,2893.983154296875,2913.06640625,2968.417236328125,3095.45458984375,0.0591131345096807
2024-01-29,2891.035888671875,2923.7568667471432,2801.914739507602,2601969.0,2926.404389424962,3061.93408203125,0.0591131345096807,2932.179296875,2981.2358642578124,54.72986936966533,44.18314517011049,2891.035888671875,2900.876953125,2893.983154296875,2916.3134765625,3078.169677734375,0.008630740278696258
2024-01-30,3061.93408203125,3089.959273569048,2920.4597109591923,4402976.0,3078.2696926486747,3088.36083984375,0.008630740278696258,2967.23818359375,2993.332629394531,60.6867699733172,50.717491913990216,3061.93408203125,2891.035888671875,2900.876953125,2913.06640625,3101.349365234375,0.016466657591514666
2024-01-31,3088.36083984375,3127.126261086924,3018.2228542389184,3115506.0,3090.009461575902,3139.2158203125,0.016466657591514666,3016.284716796875,3004.5626831054688,60.6735707380707,59.31582479158487,3088.36083984375,3061.93408203125,2891.035888671875,2893.983154296875,3086.762451171875,0.003660068867965327
2024-02-01,3139.2158203125,3148.907176192516,3069.6773964876134,2671051.0,3154.1024559701286,3150.70556640625,0.003660068867965327,3066.250439453125,3015.6078857421876,55.26967290529174,66.29300750610719,3139.2158203125,3088.36083984375,3061.93408203125,2900.876953125,3053.79150390625,0.0012525871173758585
2024-02-02,3150.70556640625,3234.081569473812,3080.3180435553622,4686595.0,3182.12773155314,3154.652099609375,0.0012525871173758585,3118.973681640625,3023.3235473632812,57.48511206450817,71.31880849230856,3150.70556640625,3139.2158203125,3088.36083984375,2891.035888671875,2968.417236328125,0.005067308596439002
2024-02-05,3154.652099609375,3205.656912420749,3137.2176110335527,2708695.0,3167.190801427032,3170.6376953125,0.005067308596439002,3140.714404296875,3032.0732666015624,56.87789694193442,75.71885611887183,3154.652099609375,3150.70556640625,3139.2158203125,3061.93408203125,2916.3134765625,0.009548059541699239
2024-02-06,3170.6376953125,3226.538064615924,3148.657191327833,2191195.0,3181.078624478421,3200.9111328125,0.009548059541699239,3163.224462890625,3041.9220336914063,60.98873799660528,80.71826900442557,3170.6376953125,3154.652099609375,3150.70556640625,3088.36083984375,2913.06640625,0.00814671298729941
2024-02-07,3200.9111328125,3225.339418697097,3157.1999000195083,2078891.0,3217.1966723787345,3226.988037109375,0.00814671298729941,3180.77890625,3055.227746582031,66.89737569080512,85.79553050819231,3200.9111328125,3170.6376953125,3154.652099609375,3139.2158203125,2893.983154296875,-0.01896375198095468
2024-02-08,3226.988037109375,3275.0452679989044,3207.155529180089,2095911.0,3242.724002623775,3165.792236328125,-0.01896375198095468,3183.796240234375,3062.9209106445314,70.20972469009763,83.91399879773098,3226.988037109375,3200.9111328125,3170.6376953125,3150.70556640625,2900.876953125,0.014706852002589699
2024-02-09,3165.792236328125,3242.724002623775,3143.312174748227,1679004.0,3181.628320725232,3212.35107421875,0.014706852002589699,3195.33603515625,3068.765734863281,80.66018891148832,85.19767471046498,3165.792236328125,3226.988037109375,3200.9111328125,3154.652099609375,2891.035888671875,-0.01413603652285067
2024-02-12,3212.35107421875,3222.0924350825485,3118.4343643523844,1572789.0,3226.1386583961425,3166.941162109375,-0.01413603652285067,3194.596728515625,3073.204309082031,74.18155062965872,81.610046898777,3212.35107421875,3165.792236328125,3226.988037109375,3170.6376953125,3061.93408203125,0.002744647982688031
2024-02-13,3166.941162109375,3239.077134116157,3157.19980196092,1083138.0,3177.181976000948,3175.63330078125,0.002744647982688031,3189.541162109375,3076.918505859375,77.36892375156044,78.56258834323035,3166.941162109375,3212.35107421875,3165.792236328125,3200.9111328125,3088.36083984375,0.00904531684055998
2024-02-14,3175.63330078125,3191.169569605984,3089.3099635313115,1225207.0,3181.178517482066,3204.35791015625,0.00904531684055998,3185.01513671875,3082.7982788085938,78.29002407839818,77.57110004223796,3175.63330078125,3166.941162109375,3212.35107421875,3226.988037109375,3139.2158203125,-0.004178041226509666
2024-02-15,3204.35791015625,3252.365379721575,3167.041153989476,1741264.0,3216.99693615965,3190.969970703125,-0.004178041226509666,3190.05068359375,3089.6572021484376,77.77571785533738,74.84230805469042,3204.35791015625,3175.63330078125,3166.941162109375,3165.792236328125,3150.70556640625,0.009330605400233338
2024-02-16,3190.969970703125,3249.867685365284,3181.22861033657,2035204.0,3211.15206137354,3220.74365234375,0.009330605400233338,3191.72919921875,3102.2735229492187,69.91108509971399,74.22657032575353,3190.969970703125,3204.35791015625,3175.63330078125,3212.35107421875,3154.652099609375,0.010919435064719485
2024-02-19,3220.74365234375,3249.4181723707834,3189.8208821266844,2193673.0,3237.1289638295348,3255.912353515625,0.010919435064719485,3209.5234375,3119.253466796875,70.55650972665444,75.70374832020298,3220.74365234375,3190.969970703125,3204.35791015625,3166.941162109375,3170.6376953125,-0.009267245726430562
2024-02-20,3255.912353515625,3305.6682734111955,3232.9327343279465,1779444.0,3264.1048872284496,3225.739013671875,-0.009267245726430562,3219.544580078125,3134.887097167969,61.18283417488816,73.59137065515415,3255.912353515625,3220.74365234375,3190.969970703125,3175.63330078125,3200.9111328125,-0.0016725667045622838
2024-02-21,3225.739013671875,3266.9024547412628,3207.3051683428725,1467630.0,3235.1306839368845,3220.34375,-0.0016725667045622838,3222.741748046875,3151.205126953125,59.14456490237265,70.66733440637472,3225.739013671875,3255.912353515625,3220.74365234375,3204.35791015625,3226.988037109375,0.01236356876692124
2024-02-22,3220.34375,3297.0757433575413,3202.159926503309,1657021.0,3236.12995309624,3260.15869140625,0.01236356876692124,3236.5794921875,3169.1692138671874,62.661871726161,70.74721774921,3220.34375,3225.739013671875,3255.912353515625,3190.969970703125,3165.792236328125,0.0031412479471844
2024-02-23,3260.15869140625,3271.0989399311798,3207.655206673504,1138722.0,3260.1587404758966,3270.399658203125,0.0031412479471844,3246.510693359375,3188.13740234375,62.13984507344365,70.82051153438215,3260.15869140625,3220.34375,3225.739013671875,3220.74365234375,3212.35107421875,0.016634470668147605
2024-02-26,3270.399658203125,3317.0082252163534,3222.2424158218955,1975035.0,3269.1004297432573,3324.801025390625,0.016634470668147605,3260.288427734375,3201.2807495117186,64.23974601236154,74.41057428661816,3270.399658203125,3260.15869140625,3220.34375,3255.912353515625,3166.941162109375,-0.007647749714815633
2024-02-27,3324.801025390625,3341.0366250187817,3260.108405333817,1695378.0,3336.0412095144684,3299.373779296875,-0.007647749714815633,3275.015380859375,3211.831396484375,58.33236845743886,74.34693345782443,3324.801025390625,3270.399658203125,3260.15869140625,3225.739013671875,3175.63330078125,-0.025224883243483598
2024-02-28,3299.373779296875,3337.0403233837446,3270.0996941422145,1125570.0,3306.2674808002253,3216.1474609375,-0.025224883243483598,3274.176123046875,3215.677978515625,55.516624362427414,66.81067740137951,3299.373779296875,3324.801025390625,3270.399658203125,3220.34375,3204.35791015625,0.020627494621713316
2024-02-29,3216.1474609375,3315.8590712636924,3204.657651741855,1358879.0,3217.1965820421246,3282.488525390625,0.020627494621713316,3278.64208984375,3222.267126464844,57.36463321033438,65.43699272775984,3216.1474609375,3299.373779296875,3324.801025390625,3260.15869140625,3190.969970703125,0.010151004758397475
2024-03-01,3282.488525390625,3301.821475841046,3202.509657320705,1352988.0,3306.9170663564937,3315.80908203125,0.010151004758397475,3287.723974609375,3230.3249755859374,66.03875522448519,66.27307343938719,3282.488525390625,3216.1474609375,3299.373779296875,3270.399658203125,3220.74365234375,-0.0004821245050455891
2024-03-04,3315.80908203125,3343.0349343808853,3278.8918741438483,1161067.0,3332.044729222231,3314.21044921875,-0.0004821245050455891,3285.605859375,3237.50361328125,65.1617918102412,66.04534746556965,3315.80908203125,3282.488525390625,3216.1474609375,3324.801025390625,3255.912353515625,-0.0020951003631232146
2024-03-05,3314.21044921875,3347.0314371497675,3307.116887154285,1061244.0,3322.353563448896,3307.266845703125,-0.0020951003631232146,3287.18447265625,3242.821398925781,61.82280724881986,64.56037045388939,3314.21044921875,3315.80908203125,3282.488525390625,3299.373779296875,3225.739013671875,-0.023034843150274598
2024-03-06,3307.266845703125,3331.045805758848,3292.130367400844,1190416.0,3320.0556176653345,3231.08447265625,-0.023034843150274598,3290.171875,3243.026220703125,54.027495280269385,56.583969868875556,3307.266845703125,3314.21044921875,3315.80908203125,3216.1474609375,3220.34375,-0.0022882579363274758
2024-03-07,3231.08447265625,3320.0556176653345,3180.3294357951336,1935203.0,3237.128950785146,3223.69091796875,-0.0022882579363274758,3278.412353515625,3245.9211547851564,50.30982890627727,49.1000223714268,3231.08447265625,3307.266845703125,3314.21044921875,3282.488525390625,3260.15869140625,-0.005950589500128722
2024-03-11,3223.69091796875,3259.1094560065267,3217.146673311164,856328.0,3238.327915715626,3204.508056640625,-0.005950589500128722,3256.1521484375,3245.52900390625,44.4082256596133,41.146729583758315,3223.69091796875,3231.08447265625,3307.266845703125,3315.80908203125,3270.399658203125,-0.02645488819042696
2024-03-12,3204.508056640625,3256.112191875564,3197.164471924457,738851.0,3204.5080663236263,3119.733154296875,-0.02645488819042696,3217.256689453125,3243.168603515625,39.69303180585109,27.683938414046224,3204.508056640625,3223.69091796875,3231.08447265625,3314.21044921875,3324.801025390625,-0.06927143693038273
2024-03-13,3119.733154296875,3219.8443183416557,3108.2433444411777,1199487.0,3122.2309250957364,2903.624755859375,-0.06927143693038273,3136.528271484375,3229.5681762695312,28.156008759951007,-0.41873532263934976,3119.733154296875,3204.508056640625,3223.69091796875,3307.266845703125,3299.373779296875,0.06236665226914062
2024-03-14,2903.624755859375,3135.2694102237942,2847.624373202,3407040.0,2924.8558899421664,3084.714111328125,0.06236665226914062,3107.25419921875,3223.585986328125,39.873108943618284,-7.985853223417962,2903.624755859375,3119.733154296875,3204.508056640625,3231.08447265625,3216.1474609375,0.014494116298795268
2024-03-15,3084.714111328125,3098.4519272284806,2877.447984947251,3759100.0,3108.243151813272,3129.42431640625,0.014494116298795268,3088.40087890625,3220.5087036132813,42.174127178039875,-10.256873928924506,3084.714111328125,2903.624755859375,3119.733154296875,3223.69091796875,3282.488525390625,-0.006528881531943642
2024-03-18,3129.42431640625,3140.6143426134577,3058.537238344062,2199094.0,3047.397401466364,3108.99267578125,-0.006528881531943642,3069.297802734375,3214.9211547851564,37.55043830801641,-13.549150669091887,3129.42431640625,3084.714111328125,2903.624755859375,3204.508056640625,3315.80908203125,-0.018976501036481075
2024-03-19,3108.99267578125,3121.231821046236,2973.4129684470386,3042515.0,3123.2299687640434,3049.994873046875,-0.018976501036481075,3055.350146484375,3204.625280761719,36.15025243828428,-20.680540918186125,3108.99267578125,3129.42431640625,3084.714111328125,3119.733154296875,3314.21044921875,-0.0004094365232907293
2024-03-20,3049.994873046875,3161.9956358432205,3039.154633873267,1460452.0,3072.2752751297558,3048.74609375,-0.0004094365232907293,3084.3744140625,3195.775634765625,39.771690533060216,-26.131754522575193,3049.994873046875,3108.99267578125,3129.42431640625,2903.624755859375,3307.266845703125,0.004931987279606531
2024-03-21,3048.74609375,3080.4679604119087,3018.423132917524,966481.0,3086.812092600552,3063.782470703125,0.004931987279606531,3080.1880859375,3187.9475708007812,35.74311441858097,-28.905367538043265,3048.74609375,3049.994873046875,3108.99267578125,3084.714111328125,3231.08447265625,0.013435620430953144
2024-03-22,3063.782470703125,3104.346588592593,3056.8886830460747,1175751.0,3063.832848709505,3104.9462890625,0.013435620430953144,3075.29248046875,3180.1869506835938,36.39353136078864,-27.46529686863869,3063.782470703125,3048.74609375,3049.994873046875,3129.42431640625,3223.69091796875,0.0007239425500831231
2024-03-26,3104.9462890625,3126.177459921739,3045.3492411379325,951557.0,3097.7525146300286,3107.194091796875,0.0007239425500831231,3074.932763671875,3172.0266723632812,36.65291461185993,-25.844729637517958,3104.9462890625,3063.782470703125,3048.74609375,3108.99267578125,3204.508056640625,0.0039069488673235675
2024-03-27,3107.194091796875,3169.1391509509026,3086.362714226259,937103.0,3112.23993366657,3119.333740234375,0.0039069488673235675,3088.800537109375,3161.753308105469,37.96392369951885,-23.312122619403453,3107.194091796875,3104.9462890625,3063.782470703125,3049.994873046875,3119.733154296875,0.02402222905579343
2024-03-28,3119.333740234375,3135.6691068542555,3103.497686661888,900231.0,3131.2229063172326,3194.26708984375,0.02402222905579343,3117.904736328125,3156.4979736328123,47.63827176193408,-15.084631993985568,3119.333740234375,3107.194091796875,3104.9462890625,3048.74609375,2903.624755859375,0.017203137517944
2024-04-01,3194.26708984375,3234.13163616748,3094.005914211197,2327053.0,3227.337764461118,3249.218505859375,0.017203137517944,3154.991943359375,3158.1515258789063,51.54335447307259,-4.083098950101885,3194.26708984375,3119.333740234375,3107.194091796875,3063.782470703125,3084.714111328125,0.0051196956239252245
2024-04-02,3249.218505859375,3288.8832800532364,3205.007714503999,1292646.0,3256.0621507550563,3265.853515625,0.0051196956239252245,3187.173388671875,3157.319775390625,53.720303355943976,5.909876139089192,3249.218505859375,3194.26708984375,3119.333740234375,3104.9462890625,3129.42431640625,-0.01079925926236025
2024-04-03,3265.853515625,3282.0891162762905,3237.128991395793,868829.0,3247.120100246062,3230.584716796875,-0.01079925926236025,3211.851513671875,3153.058557128906,57.15206067834692,10.858315676934126,3265.853515625,3249.218505859375,3194.26708984375,3107.194091796875,3108.99267578125,-0.007004812024961282
2024-04-04,3230.584716796875,3257.261008527885,3219.1449116900963,1153109.0,3247.1202956756742,3207.955078125,-0.007004812024961282,3229.57578125,3147.7457885742188,76.16843363953585,12.80634339028802,3230.584716796875,3265.853515625,3249.218505859375,3119.333740234375,3049.994873046875,0.004360193440013926
2024-04-05,3207.955078125,3270.099916229686,3198.863043727388,1403826.0,3208.254571892513,3221.9423828125,0.004360193440013926,3235.11083984375,3143.4795654296877,66.55820072620922,15.302431079350754,3207.955078125,3230.584716796875,3265.853515625,3194.26708984375,3048.74609375,-7.744139686705065e-05
2024-04-08,3221.9423828125,3231.1341814206776,3176.132915354681,755607.0,3238.078241972609,3221.69287109375,-7.744139686705065e-05,3229.605712890625,3143.0099853515626,62.4713898399943,17.063764589464427,3221.9423828125,3207.955078125,3230.584716796875,3249.218505859375,3063.782470703125,-0.008094237868380927
2024-04-09,3221.69287109375,3240.626031278437,3194.367007544235,577440.0,3237.828283847886,3195.61572265625,-0.008094237868380927,3215.558154296875,3141.6062255859374,61.53232097352957,16.169039520158094,3221.69287109375,3221.9423828125,3207.955078125,3265.853515625,3104.9462890625,0.013615990903063757
2024-04-10,3195.61572265625,3248.1192055386327,3182.177689830989,833679.0,3197.164414327576,3239.127197265625,0.013615990903063757,3217.266650390625,3143.3371826171874,76.26253654514784,18.754782360393165,3195.61572265625,3221.69287109375,3221.9423828125,3230.584716796875,3107.194091796875,-0.009901363975710509
2024-04-12,3239.127197265625,3251.716129716755,3189.671060231496,1441138.0,3207.155428875664,3207.055419921875,-0.009901363975710509,3217.08671875,3147.7032958984373,70.2491788657949,18.008487163806876,3239.127197265625,3195.61572265625,3221.69287109375,3207.955078125,3119.333740234375,-0.019455395395543196
2024-04-15,3207.055419921875,3244.6221979045845,3202.459642608894,705173.0,3147.208677814963,3144.660888671875,-0.019455395395543196,3201.630419921875,3159.7551025390626,59.22719286420168,12.241216500797236,3207.055419921875,3239.127197265625,3195.61572265625,3221.9423828125,3194.26708984375,-0.013042319450960571
2024-04-16,3144.660888671875,3177.481876738802,3100.4501001025696,1035378.0,3098.252099488408,3103.647216796875,-0.013042319450960571,3178.0212890625,3160.7017578125,49.85174168000833,4.311452652275875,3144.660888671875,3207.055419921875,3239.127197265625,3221.69287109375,3249.218505859375,-0.0280388520342002
2024-04-18,3103.647216796875,3146.409339060643,3097.252985622078,1134184.0,3122.380566934596,3016.62451171875,-0.0280388520342002,3142.223046875,3155.061767578125,41.33945234274359,-8.892440826755319,3103.647216796875,3144.660888671875,3207.055419921875,3195.61572265625,3265.853515625,0.002533729510312943
2024-04-19,3016.62451171875,3142.2130745295585,3005.63425931181,1703646.0,2997.341750987447,3024.267822265625,0.002533729510312943,3099.251171875,3150.8255249023437,40.830650433000336,-18.526310479501717,3016.62451171875,3103.647216796875,3144.660888671875,3239.127197265625,3230.584716796875,0.012025363512491394
2024-04-22,3024.267822265625,3054.3412487369174,2959.874979100104,1727317.0,3050.294815485689,3060.6357421875,0.012025363512491394,3069.967236328125,3151.357568359375,36.07496845361664,-22.961943399087886,3024.267822265625,3016.62451171875,3103.647216796875,3207.055419921875,3207.955078125,0.0005712182575425828
2024-04-23,3060.6357421875,3074.7731066679357,3022.319625563121,993929.0,3056.289341001143,3062.384033203125,0.0005712182575425828,3053.511865234375,3152.0394653320313,28.102996383280683,-26.03601499695742,3060.6357421875,3024.267822265625,3016.62451171875,3144.660888671875,3221.9423828125,-0.0070307987587221454
2024-04-24,3062.384033203125,3088.260984973695,3040.403527971996,1654272.0,3069.2277633043136,3040.85302734375,-0.0070307987587221454,3040.95302734375,3150.8929931640623,23.92913356424407,-29.86534204393456,3062.384033203125,3060.6357421875,3024.267822265625,3103.647216796875,3221.69287109375,0.023557939112672566
2024-04-25,3040.85302734375,3085.1138199804104,3037.3061243676093,605917.0,3047.29708252247,3112.4892578125,0.023557939112672566,3060.1259765625,3151.2701416015625,37.37984977471425,-26.810610182447363,3040.85302734375,3062.384033203125,3060.6357421875,3016.62451171875,3195.61572265625,-0.01118689541159934
2024-04-26,3112.4892578125,3118.134153198941,3022.968563982461,1515529.0,3117.135162578286,3077.670166015625,-0.01118689541159934,3070.8064453125,3149.7939453125,36.43074619746,-26.88935909319889,3112.4892578125,3040.85302734375,3062.384033203125,3024.267822265625,3239.127197265625,0.00025979409869969494
2024-04-29,3077.670166015625,3127.12630094858,3063.333028808819,662764.0,3107.244255916619,3078.4697265625,0.00025979409869969494,3074.3732421875,3147.7507446289064,34.63515875099222,-26.580842907361784,3077.670166015625,3112.4892578125,3040.85302734375,3060.6357421875,3207.055419921875,-0.008600638951284933
2024-04-30,3078.4697265625,3107.7438128709464,3048.7960922603097,648544.0,3091.2581416108355,3051.992919921875,-0.008600638951284933,3072.29501953125,3140.6370361328127,32.79301393756687,-28.14832228970681,3078.4697265625,3077.670166015625,3112.4892578125,3062.384033203125,3144.660888671875,-0.004943059186720222
2024-05-02,3051.992919921875,3105.6952874433946,3042.3015647074967,804552.0,3069.2279269138485,3036.90673828125,-0.004943059186720222,3071.50576171875,3130.021447753906,33.54059755698627,-30.259081910571695,3051.992919921875,3078.4697265625,3077.670166015625,3040.85302734375,3103.647216796875,-0.015248766597771413
2024-05-03,3036.90673828125,3117.085629555464,3012.3784430068963,2219085.0,3027.31509176898,2990.59765625,-0.015248766597771413,3047.12744140625,3116.258654785156,24.374179665729045,-35.26214990194012,3036.90673828125,3051.992919921875,3078.4697265625,3112.4892578125,3016.62451171875,-0.03962255402021697
2024-05-06,2990.59765625,3042.301800144074,2972.463836685852,1472168.0,2990.597539561118,2872.1025390625,-0.03962255402021697,3006.013916015625,3098.3345458984377,20.687259291101753,-48.23268659501309,2990.59765625,3036.90673828125,3051.992919921875,3077.670166015625,3024.267822265625,-0.013462531702296388
2024-05-07,2872.1025390625,2997.5413320524503,2847.47448016343,2377944.0,2887.3889134493857,2833.436767578125,-0.013462531702296388,2957.00732421875,3079.6086303710936,21.583661386606508,-60.92957675392381,2872.1025390625,2990.59765625,3036.90673828125,3078.4697265625,3060.6357421875,0.008674401850736757
2024-05-08,2833.436767578125,2902.775412515381,2819.4991786795704,1262311.0,2847.4744369479995,2858.01513671875,0.008674401850736757,2918.211767578125,3061.4122680664063,26.87861577203958,-68.22226094408688,2833.436767578125,2872.1025390625,2990.59765625,3051.992919921875,3062.384033203125,-0.0328258914118138
2024-05-09,2858.01513671875,2888.338095333086,2817.501021822231,951411.0,2862.261413155652,2764.1982421875,-0.0328258914118138,2863.670068359375,3038.5375366210938,26.53915971573015,-80.64240953495118,2858.01513671875,2833.436767578125,2872.1025390625,3036.90673828125,3040.85302734375,0.01106034928329902
2024-05-10,2764.1982421875,2881.094562918924,2753.557777229096,1485510.0,2792.4732295753424,2794.771240234375,0.01106034928329902,2824.50478515625,3018.4953125,29.54223359710288,-87.01542172593508,2764.1982421875,2858.01513671875,2833.436767578125,2990.59765625,3112.4892578125,0.02943974181697251
2024-05-13,2794.771240234375,2806.51082806984,2758.003801462701,2354794.0,2800.5163590152374,2877.048583984375,0.02943974181697251,2825.493994140625,3000.3913818359374,34.872832683901265,-84.45345887869007,2794.771240234375,2764.1982421875,2858.01513671875,2872.1025390625,3077.670166015625,0.05485128590862276
2024-05-14,2877.048583984375,2887.4392713357247,2788.02743483126,3784373.0,2892.384662356332,3034.8583984375,0.05485128590862276,2865.7783203125,2991.781530761719,48.19592585990547,-68.89497334252292,2877.048583984375,2794.771240234375,2764.1982421875,2833.436767578125,3078.4697265625,0.004016320777940008
2024-05-15,3034.8583984375,3043.3008618926274,2872.0028368851367,5725807.0,3044.0500218303628,3047.04736328125,0.004016320777940008,2903.584765625,2986.9008544921876,50.41101997493575,-54.94780972018407,3034.8583984375,2877.048583984375,2794.771240234375,2858.01513671875,3051.992919921875,-0.0026559394957303972
2024-05-16,3047.04736328125,3116.0862256030646,3034.908227974865,1688836.0,3062.283996160724,3038.95458984375,-0.0026559394957303972,2958.53603515625,2983.666223144531,44.671314141916646,-44.03993627638374,3047.04736328125,3034.8583984375,2877.048583984375,2764.1982421875,3036.90673828125,0.006197360156907861
2024-05-17,3038.95458984375,3074.2233580623665,2972.3137438345057,1835312.0,3038.355369399214,3057.7880859375,0.006197360156907861,3011.139404296875,2985.724401855469,48.52507518880059,-33.4896148154844,3038.95458984375,3047.04736328125,3034.8583984375,2794.771240234375,2990.59765625,0.01862439818917827
2024-05-21,3057.7880859375,3088.2610598375472,3012.8279605112016,825436.0,3065.181402366068,3114.737548828125,0.01862439818917827,3058.677197265625,2990.2478881835937,52.483576625861375,-20.299068314211127,3057.7880859375,3038.95458984375,3047.04736328125,2877.048583984375,2872.1025390625,0.0075219676492293
2024-05-22,3114.737548828125,3172.186597443239,3031.811096044569,3091659.0,3127.176251887083,3138.16650390625,0.0075219676492293,3079.338818359375,2994.1244262695313,55.925798706141215,-7.864289672346786,3114.737548828125,3057.7880859375,3038.95458984375,3034.8583984375,2833.436767578125,0.07843173255183444
2024-05-23,3138.16650390625,3142.2129636617974,3070.776325537213,3371077.0,3153.902592075303,3384.29833984375,0.07843173255183444,3146.789013671875,3010.2201416015623,68.12823059553288,21.602128252018247,3138.16650390625,3114.737548828125,3057.7880859375,3047.04736328125,2858.01513671875,-0.0006937628290576425
2024-05-24,3384.29833984375,3402.9817197610478,3132.7714320487285,6979082.0,3402.9818351640542,3381.950439453125,-0.0006937628290576425,3215.38818359375,3027.275012207031,71.40435318696304,44.25487812453912,3384.29833984375,3138.16650390625,3114.737548828125,3038.95458984375,2764.1982421875,-0.028331267155335293
2024-05-27,3381.950439453125,3454.785986801078,3352.626593775381,3473668.0,3355.0243500773345,3286.135498046875,-0.028331267155335293,3261.057666015625,3035.95732421875,73.22089383268755,53.85507283414063,3381.950439453125,3384.29833984375,3138.16650390625,3057.7880859375,2794.771240234375,-0.01368178673851006
2024-05-28,3286.135498046875,3355.0243500773345,3264.15499307317,2582485.0,3306.717014346945,3241.17529296875,-0.01368178673851006,3286.34521484375,3044.1325805664064,72.70754784963853,57.17629081595305,3286.135498046875,3381.950439453125,3384.29833984375,3114.737548828125,2877.048583984375,0.004546826140148896
2024-05-29,3241.17529296875,3326.5495215888404,3226.188585407905,1621168.0,3247.1201026067865,3255.912353515625,0.004546826140148896,3309.894384765625,3053.0047119140627,72.40506503129558,60.30240898417878,3241.17529296875,3286.135498046875,3381.950439453125,3138.16650390625,3034.8583984375,-0.019807941037552124
2024-05-30,3255.912353515625,3319.955406723236,3209.15377525323,1910729.0,3251.1164864722746,3191.41943359375,-0.019807941037552124,3271.318603515625,3059.976037597656,74.87782145156191,56.919705572534895,3255.912353515625,3241.17529296875,3286.135498046875,3384.29833984375,3047.04736328125,0.06796598300466017
2024-05-31,3191.41943359375,3271.3985465279934,3171.6869349435265,1990208.0,3222.392193186234,3408.327392578125,0.06796598300466017,3276.593994140625,3078.5470703125,79.3574944418641,70.92398076076915,3191.41943359375,3255.912353515625,3241.17529296875,3381.950439453125,3038.95458984375,0.06856512180179108
2024-06-03,3408.327392578125,3431.406777938173,3222.392193186234,6384589.0,3721.699105227372,3642.019775390625,0.06856512180179108,3347.770849609375,3111.1181762695314,81.97001147659542,99.72986814672731,3408.327392578125,3191.41943359375,3255.912353515625,3286.135498046875,3057.7880859375,-0.19312799488768817
2024-06-04,3642.019775390625,3740.5822594935785,3582.872284033344,8511359.0,3516.8809764130897,2938.643798828125,-0.19312799488768817,3287.26455078125,3114.4452392578123,47.238315318735815,65.05229610912556,3642.019775390625,3408.327392578125,3191.41943359375,3241.17529296875,3114.737548828125,0.0591924603825722
2024-06-05,2938.643798828125,3516.8809764130897,2731.52743572212,20306909.0,3027.314892848024,3112.58935546875,0.0591924603825722,3258.599951171875,3128.402868652344,51.721426664248824,51.01792030046545,2938.643798828125,3642.019775390625,3408.327392578125,3255.912353515625,3138.16650390625,0.022565711357119378
2024-06-06,3112.58935546875,3147.2085519707184,2747.563021561738,8778345.0,3181.1787080460763,3182.8271484375,0.022565711357119378,3256.881494140625,3144.6434692382813,53.65928445428474,45.043940740754806,3112.58935546875,2938.643798828125,3642.019775390625,3191.41943359375,3384.29833984375,0.010641519506997765
2024-06-07,3182.8271484375,3219.544584844753,3134.3701235190847,5873271.0,3167.5906701680037,3216.697265625,0.010641519506997765,3218.55546875,3167.268420410156,54.01104891481583,42.55204085291052,3182.8271484375,3112.58935546875,2938.643798828125,3408.327392578125,3381.950439453125,0.00017084621320995197
2024-06-10,3216.697265625,3230.8846344851936,3148.8075236365253,4740455.0,3264.105171374568,3217.246826171875,0.00017084621320995197,3133.60087890625,3188.392199707031,52.66327985097538,40.15861368124024,3216.697265625,3182.8271484375,3112.58935546875,3642.019775390625,3286.135498046875,0.00035703870504444346
2024-06-11,3217.246826171875,3281.4896559848057,3202.659665393688,4935698.0,3221.143070915793,3218.3955078125,0.00035703870504444346,3189.551220703125,3205.4595458984377,52.10883346185005,37.91740615703293,3217.246826171875,3216.697265625,3182.8271484375,2938.643798828125,3241.17529296875,-0.0006829483951054094
2024-06-12,3218.3955078125,3262.1067390012613,3192.218773576886,4173692.0,3222.042179473788,3216.197509765625,-0.0006829483951054094,3210.2728515625,3214.526501464844,44.931467360667085,35.55402826786576,3218.3955078125,3217.246826171875,3216.697265625,3112.58935546875,3255.912353515625,0.0017862314206236185
2024-06-13,3216.197509765625,3242.1244655667338,3205.157252862275,3022477.0,3227.1377260324025,3221.9423828125,0.0017862314206236185,3218.0958984375,3223.2712524414064,45.18534136029884,33.755485284162205,3216.197509765625,3218.3955078125,3217.246826171875,3182.8271484375,3191.41943359375,0.011853534828472512
2024-06-14,3221.9423828125,3251.116458362055,3204.407886011586,3202978.0,3223.401998843125,3260.1337890625,0.011853534828472512,3226.783203125,3234.330212402344,49.189499435253026,35.008300421897275,3221.9423828125,3216.197509765625,3218.3955078125,3216.697265625,3408.327392578125,0.014501432881906418
2024-06-18,3260.1337890625,3273.3772236313907,3219.5040289175013,4224855.0,3308.3598808576357,3307.410400390625,0.014501432881906418,3244.81591796875,3246.811328125,52.0616406221147,39.36224936314238,3260.1337890625,3221.9423828125,3216.197509765625,3217.246826171875,3642.019775390625,-0.014248824088721856
2024-06-19,3307.410400390625,3343.3425382080936,3285.5711295511205,1755612.0,3312.357974429863,3260.28369140625,-0.014248824088721856,3253.1935546875,3254.0886352539064,50.13337345834659,38.565494690285504,3307.410400390625,3260.1337890625,3221.9423828125,3218.3955078125,2938.643798828125,-0.0007510789552469532
2024-06-20,3260.28369140625,3312.357974429863,3224.7014769581465,1419264.0,3262.282707250336,3257.8349609375,-0.0007510789552469532,3261.521044921875,3260.072058105469,52.10613695224475,37.30642355945429,3260.28369140625,3307.410400390625,3260.1337890625,3216.197509765625,3112.58935546875,-0.021522033870869595
2024-06-21,3257.8349609375,3313.3574858619845,3238.394646815333,1366545.0,3263.432191865297,3187.7197265625,-0.021522033870869595,3254.676513671875,3250.243127441406,42.28602249051087,30.301589320946277,3257.8349609375,3260.28369140625,3307.410400390625,3221.9423828125,3182.8271484375,0.0016618033376989416
2024-06-24,3187.7197265625,3275.476269803204,3174.825972198153,4697655.0,3184.171377642112,3193.01708984375,0.0016618033376989416,3241.253173828125,3240.7964599609377,31.315324966021223,24.89073575684779,3187.7197265625,3257.8349609375,3260.28369140625,3260.1337890625,3216.697265625,-0.007356140161200786
2024-06-25,3193.01708984375,3213.207031412063,3133.446525593038,3261647.0,3203.1620373157666,3169.52880859375,-0.007356140161200786,3213.67685546875,3234.9661254882812,72.13073092103323,18.49409886751846,3193.01708984375,3187.7197265625,3257.8349609375,3307.410400390625,3217.246826171875,-0.00018925636958988523
2024-06-26,3169.52880859375,3206.860155151377,3154.7861172604457,1694962.0,3167.4797223854885,3168.928955078125,-0.00018925636958988523,3195.405908203125,3231.35380859375,58.087955424366456,13.22387824508769,3169.52880859375,3193.01708984375,3187.7197265625,3260.28369140625,3218.3955078125,0.0014666485566605658
2024-06-27,3168.928955078125,3186.1203833369123,3162.332127899688,2142889.0,3175.4258411150927,3173.57666015625,0.0014666485566605658,3178.554248046875,3227.237023925781,48.363921820593596,9.314845646907543,3168.928955078125,3169.52880859375,3193.01708984375,3257.8349609375,3216.197509765625,0.0006298960609956161
2024-06-28,3173.57666015625,3200.663330094682,3148.439219235928,5114980.0,3188.4194142653464,3175.57568359375,0.0006298960609956161,3176.125439453125,3226.4448364257814,41.80296435301263,6.3055274393941545,3173.57666015625,3168.928955078125,3169.52880859375,3187.7197265625,3221.9423828125,0.002093078288124106
2024-07-01,3175.57568359375,3210.358489644213,3155.435765152257,960905.0,3178.374222253659,3182.222412109375,0.002093078288124106,3173.96650390625,3215.1395874023438,43.18403393444586,4.406164993849416,3175.57568359375,3173.57666015625,3168.928955078125,3193.01708984375,3260.1337890625,-0.009611195251819749
2024-07-02,3182.222412109375,3191.567632585238,3155.9854195103526,832170.0,3178.2743917528737,3151.637451171875,-0.009611195251819749,3170.388232421875,3190.620471191406,38.34390636282954,0.4280218635071833,3182.222412109375,3175.57568359375,3173.57666015625,3169.52880859375,3307.410400390625,0.01197201324615249
2024-07-03,3151.637451171875,3206.2104929312877,3129.498524732904,1490844.0,3156.435271383278,3189.368896484375,0.01197201324615249,3174.476220703125,3203.1567260742186,45.832758183933535,0.31628118103344605,3151.637451171875,3182.222412109375,3175.57568359375,3168.928955078125,3260.28369140625,-0.014635107862232988
2024-07-04,3189.368896484375,3192.967210361073,3146.1903500622907,1152522.0,3190.418480286436,3142.692138671875,-0.014635107862232988,3168.29931640625,3204.661865234375,39.078898230669076,-3.4983713293777328,3189.368896484375,3151.637451171875,3182.222412109375,3173.57666015625,3257.8349609375,0.0011607720571356062
2024-07-05,3142.692138671875,3192.867217596758,3136.495259349938,1055391.0,3142.342069928811,3146.340087890625,0.0011607720571356062,3162.452197265625,3202.837512207031,32.66858288123808,-6.156187218040486,3142.692138671875,3189.368896484375,3151.637451171875,3175.57568359375,3187.7197265625,-0.010896061419327974
2024-07-08,3146.340087890625,3156.984957125745,3122.4020041481945,663988.0,3146.3401828888173,3112.057373046875,-0.010896061419327974,3148.419189453125,3197.605517578125,19.02044381396918,-10.903169087371225,3146.340087890625,3142.692138671875,3189.368896484375,3182.222412109375,3193.01708984375,-0.0009153535655131995
2024-07-09,3112.057373046875,3156.635128255256,3073.4764009426262,1155112.0,3114.406115025787,3109.208740234375,-0.0009153535655131995,3139.933447265625,3192.20361328125,22.127974675676242,-14.72530315137783,3112.057373046875,3146.340087890625,3142.692138671875,3151.637451171875,3169.52880859375,-0.004741616601829923
2024-07-10,3109.208740234375,3156.4353296343825,3098.9638187243204,922403.0,3118.5542215420373,3094.466064453125,-0.004741616601829923,3120.952880859375,3186.0071411132812,21.167751748266824,-18.72809681767785,3109.208740234375,3112.057373046875,3146.340087890625,3189.368896484375,3168.928955078125,-0.005717111088476723
2024-07-11,3094.466064453125,3125.700581415063,3061.882118750566,586710.0,3117.1545411753686,3076.774658203125,-0.005717111088476723,3107.769384765625,3179.035998535156,25.974006748390366,-23.062043387369158,3094.466064453125,3109.208740234375,3112.057373046875,3142.692138671875,3173.57666015625,-0.004174340758148265
2024-07-12,3076.774658203125,3128.249138398057,3072.5767882338755,899781.0,3088.469037676798,3063.93115234375,-0.004174340758148265,3091.28759765625,3171.1354370117188,22.930199791934598,-27.219323436310333,3076.774658203125,3094.466064453125,3109.208740234375,3146.340087890625,3175.57568359375,0.008139053640589866
2024-07-15,3063.93115234375,3097.2647264585803,3056.8348165006923,756036.0,3064.580887870172,3088.86865234375,0.008139053640589866,3086.649853515625,3162.5721801757813,33.187454709776176,-28.17694372039432,3063.93115234375,3076.774658203125,3094.466064453125,3112.057373046875,3182.222412109375,0.0061157890693381844
2024-07-16,3088.86865234375,3101.9622590845297,3056.8347278869574,724171.0,3108.459125859896,3107.759521484375,0.0061157890693381844,3086.360009765625,3152.589636230469,38.15335063245173,-27.099147330947744,3088.86865234375,3063.93115234375,3076.774658203125,3109.208740234375,3151.637451171875,-0.005499716679119526
2024-07-18,3107.759521484375,3136.1953769025367,3094.5661103328894,988357.0,3104.4609353281567,3090.667724609375,-0.005499716679119526,3085.600341796875,3144.108837890625,34.68144054317632,-27.309345952252897,3107.759521484375,3088.86865234375,3063.93115234375,3094.466064453125,3189.368896484375,-0.0279735768945939
2024-07-19,3090.667724609375,3109.458457761073,3055.635043550696,1021653.0,3090.4679824230443,3004.210693359375,-0.0279735768945939,3071.087548828125,3131.427624511719,25.869114256698538,-34.05967105780883,3090.667724609375,3107.759521484375,3088.86865234375,3076.774658203125,3142.692138671875,-0.0016135393300109602
2024-07-22,3004.210693359375,3092.966743728367,2998.513566387171,1026941.0,3004.2107318326093,2999.36328125,-0.0016135393300109602,3058.173974609375,3122.009802246094,24.11941012278396,-39.3469310545579,3004.210693359375,3090.667724609375,3107.759521484375,3063.93115234375,3146.340087890625,-0.0018328271495121617
2024-07-23,2999.36328125,3025.400179169175,2970.677305881804,662085.0,3018.503655649862,2993.865966796875,-0.0018328271495121617,3039.1734375,3112.05224609375,25.963173626412853,-43.47950535534255,2999.36328125,3004.210693359375,3090.667724609375,3088.86865234375,3112.057373046875,-0.008229473104798046
2024-07-24,2993.865966796875,3036.494737041153,2884.919973927393,1443331.0,2993.865960161793,2969.22802734375,-0.008229473104798046,3011.467138671875,3102.03720703125,15.067374438546338,-48.18720397637344,2993.865966796875,2999.36328125,3004.210693359375,3107.759521484375,3109.208740234375,0.0009425291552560555
2024-07-25,2969.22802734375,3006.009842466137,2957.8337734290485,693702.0,2959.2329050078,2972.026611328125,0.0009425291552560555,2987.738916015625,3092.19208984375,18.536895376533224,-51.10318105134638,2969.22802734375,2993.865966796875,2999.36328125,3090.667724609375,3094.466064453125,0.03598454370386106
2024-07-26,2972.026611328125,3016.154637106892,2943.6407813214846,1105721.0,2993.515997491783,3078.9736328125,0.03598454370386106,3002.69150390625,3087.4619384765624,41.006159668998464,-44.27401971188692,2972.026611328125,2969.22802734375,2993.865966796875,3004.210693359375,3076.774658203125,0.002872938901045341
2024-07-29,3078.9736328125,3107.459511252739,2986.619514003587,1942427.0,3092.766834426602,3087.8193359375,0.002872938901045341,3020.38271484375,3083.07412109375,46.52827172072588,-37.713349812459455,3078.9736328125,2972.026611328125,2969.22802734375,2999.36328125,3063.93115234375,0.012753456989993861
2024-07-30,3087.8193359375,3118.803975550434,3072.4768441987176,1037474.0,3090.46791662505,3127.19970703125,0.012753456989993861,3047.049462890625,3080.3229858398436,52.332798338667445,-29.0019879542906,3087.8193359375,3078.9736328125,2972.026611328125,2993.865966796875,3088.86865234375,0.012992417056431282
2024-07-31,3127.19970703125,3153.436700178536,3065.130379920667,1647048.0,3139.4437585301707,3167.82958984375,0.012992417056431282,3086.769775390625,3081.1325927734374,58.9142379451898,-18.605209659237516,3127.19970703125,3087.8193359375,3078.9736328125,2969.22802734375,3107.759521484375,0.015097457271165515
2024-08-01,3167.82958984375,3195.9157650112134,3133.446731293246,2414005.0,3178.4242201462816,3215.65576171875,0.015097457271165515,3135.49560546875,3082.4469360351563,65.72365515133055,-6.432367259589228,3167.82958984375,3127.19970703125,3087.8193359375,2972.026611328125,3090.667724609375,-0.0175149411684139
2024-08-02,3215.65576171875,3256.3855689423226,3150.138194791994,6149883.0,3198.4144645813417,3159.333740234375,-0.0175149411684139,3151.567626953125,3083.279016113281,59.8330958742512,-1.314861483579989,3215.65576171875,3167.82958984375,3127.19970703125,3078.9736328125,3004.210693359375,-0.03881804527151733
2024-08-05,3159.333740234375,3213.4070323840665,3109.458562285173,3360209.0,3083.4714403598,3036.694580078125,-0.03881804527151733,3141.34267578125,3077.796740722656,45.52393080582022,-7.073616326993488,3159.333740234375,3215.65576171875,3167.82958984375,3087.8193359375,2999.36328125,0.01135540939232782
2024-08-06,3036.694580078125,3131.497681289919,2994.815438350145,2238921.0,3082.471940115904,3071.177490234375,0.01135540939232782,3130.138232421875,3075.7527465820312,46.94336327956068,-8.754076817750502,3036.694580078125,3159.333740234375,3215.65576171875,3127.19970703125,2993.865966796875,0.03685682381307487
2024-08-07,3071.177490234375,3141.2428547041463,3055.735194202123,2125201.0,3116.4550553880717,3184.371337890625,0.03685682381307487,3133.44658203125,3079.510876464844,56.74606829416451,-0.9412067132270749,3071.177490234375,3036.694580078125,3159.333740234375,3167.82958984375,2969.22802734375,-0.00577535318252409
2024-08-08,3184.371337890625,3188.419379951234,3110.458028341141,1868169.0,3188.9690718213837,3165.98046875,-0.00577535318252409,3123.5115234375,3083.0865966796873,62.91184947162686,3.723635935375114,3184.371337890625,3071.177490234375,3036.694580078125,3215.65576171875,2972.026611328125,0.006314073814514876
2024-08-09,3165.98046875,3241.0431088886835,3154.985919454991,2139376.0,3207.410026420388,3185.970703125,0.006314073814514876,3128.838916015625,3088.5463989257814,64.54275624828762,8.930655157950696,3165.98046875,3184.371337890625,3071.177490234375,3159.333740234375,3078.9736328125,-0.011231261689891636
2024-08-12,3185.970703125,3217.7049718501007,3169.4788784332154,760165.0,3098.463875785774,3150.188232421875,-0.011231261689891636,3151.537646484375,3092.8592529296875,61.633420156048324,10.054012667606003,3185.970703125,3165.98046875,3184.371337890625,3036.694580078125,3087.8193359375,-0.018894270253412948
2024-08-13,3150.188232421875,3168.2793610464187,3012.50649084462,10307245.0,3168.479246497756,3090.667724609375,-0.018894270253412948,3155.435693359375,3092.9492065429686,58.59142123918811,6.0714857323773685,3150.188232421875,3185.970703125,3165.98046875,3071.177490234375,3127.19970703125,-0.016848778079486593
2024-08-14,3090.667724609375,3176.5253064186822,3080.222951528508,2192588.0,3084.171009117328,3038.59375,-0.016848778079486593,3126.28017578125,3089.49091796875,54.40244210006914,-1.2719676555993829,3090.667724609375,3150.188232421875,3185.970703125,3184.371337890625,3167.82958984375,0.022597958554018582
2024-08-16,3038.59375,3084.171009117328,3026.2497717280007,1232383.0,3068.4789406332598,3107.259765625,0.022597958554018582,3114.53603515625,3090.320520019531,51.97048859137108,-1.5332593181956327,3038.59375,3090.667724609375,3150.188232421875,3165.98046875,3215.65576171875,-0.002010475719349314
2024-08-19,3107.259765625,3120.053472552745,3037.8442240618383,970067.0,3120.503032811305,3101.0126953125,-0.002010475719349314,3097.54443359375,3095.1606201171876,50.92242482340106,-2.2188437589111345,3107.259765625,3038.59375,3090.667724609375,3185.970703125,3159.333740234375,-0.01028189190968043
2024-08-20,3101.0126953125,3132.7469627785026,3091.417354628305,557265.0,3117.404534478981,3069.12841796875,-0.01028189190968043,3081.332470703125,3098.648876953125,45.89688849389967,-5.274171712718271,3101.0126953125,3107.259765625,3038.59375,3150.188232421875,3036.694580078125,0.014671211464345024
2024-08-21,3069.12841796875,3124.451090059919,3057.3344599974275,662263.0,3069.128521618086,3114.15625,0.014671211464345024,3086.03017578125,3104.6633911132812,46.231055501953335,-4.015878845399129,3069.12841796875,3101.0126953125,3107.259765625,3090.667724609375,3071.177490234375,-0.005343934076244561
2024-08-22,3114.15625,3151.737718354416,3066.87963640054,1379240.0,3129.1986474756904,3097.514404296875,-0.005343934076244561,3097.814306640625,3111.0777099609377,41.32414663575749,-4.311826497231323,3114.15625,3069.12841796875,3101.0126953125,3038.59375,3184.371337890625,-0.00732481523625883
2024-08-23,3097.514404296875,3148.439108695496,3089.46834443739,1378912.0,3099.463371249126,3074.82568359375,-0.00732481523625883,3091.327490234375,3116.217663574219,43.47155639664692,-6.304483129574692,3097.514404296875,3114.15625,3069.12841796875,3107.259765625,3165.98046875,-0.002389220171430617
2024-08-26,3074.82568359375,3121.452469658504,3066.0800194536564,1375224.0,3086.4698331602312,3067.479248046875,-0.002389220171430617,3084.62080078125,3115.6429443359375,52.89363846569739,-8.379875826693024,3074.82568359375,3097.514404296875,3114.15625,3101.0126953125,3185.970703125,-0.0006190508973969999
2024-08-27,3067.479248046875,3088.468842119532,3053.4861853317702,1632446.0,3070.6776487584525,3065.580322265625,-0.0006190508973969999,3083.911181640625,3114.5309936523436,49.439558021854445,-10.061879844573014,3067.479248046875,3074.82568359375,3097.514404296875,3069.12841796875,3150.188232421875,-0.012748178908379537
2024-08-28,3065.580322265625,3094.216028327826,3062.48176073535,1310440.0,3076.4749830036844,3026.499755859375,-0.012748178908379537,3066.3798828125,3109.49599609375,31.437344053388998,-14.382562023813534,3065.580322265625,3067.479248046875,3074.82568359375,3114.15625,3090.667724609375,-0.0025925776242619047
2024-08-29,3026.499755859375,3076.4749830036844,3020.602776664212,1569652.0,3028.4985369265387,3018.6533203125,-0.0025925776242619047,3050.607666015625,3102.0371826171877,32.23669957235168,-18.22973452098904,3026.499755859375,3065.580322265625,3067.479248046875,3097.514404296875,3038.59375,-0.00026479238303767083
2024-08-30,3018.6533203125,3040.4425665108183,2979.822718156764,1853966.0,3028.498629203013,3017.85400390625,-0.00026479238303767083,3039.213330078125,3092.1470947265625,28.74654472322601,-21.099917877154894,3018.6533203125,3026.499755859375,3065.580322265625,3074.82568359375,3107.259765625,0.00755125138235746
2024-09-02,3017.85400390625,3037.0444414655863,3001.811907908026,3509174.0,3019.60320319324,3040.642578125,0.00755125138235746,3033.84599609375,3086.212536621094,35.68069963357573,-21.290290165792612,3017.85400390625,3018.6533203125,3026.499755859375,3067.479248046875,3101.0126953125,-0.0019886832617231898
2024-09-03,3040.642578125,3057.6341549662006,2996.11484697158,1842658.0,3035.495159565084,3034.595703125,-0.0019886832617231898,3027.649072265625,3086.1075927734373,41.4793709445848,-21.67918964930368,3040.642578125,3017.85400390625,3018.6533203125,3065.580322265625,3069.12841796875,-0.007822551526568966
2024-09-04,3034.595703125,3051.5372555573645,3022.301748999156,1371577.0,3008.508488736068,3010.857421875,-0.007822551526568966,3024.52060546875,3083.091589355469,45.38805785956002,-23.630478750068505,3034.595703125,3040.642578125,3017.85400390625,3026.499755859375,3114.15625,0.000995907389856665
2024-09-05,3010.857421875,3023.5010559556827,2953.735594356478,1212270.0,3023.5010777374946,3013.85595703125,0.000995907389856665,3023.5611328125,3074.5658203125,30.129697994594366,-24.650773916264825,3010.857421875,3034.595703125,3040.642578125,3018.6533203125,3097.514404296875,-0.013232341446415163
2024-09-06,3013.85595703125,3036.394588031391,3000.5124745018047,734273.0,3017.504055280505,2973.9755859375,-0.013232341446415163,3014.78544921875,3064.965576171875,26.357886701924656,-28.35057011473782,3013.85595703125,3010.857421875,3034.595703125,3017.85400390625,3074.82568359375,-0.003797755989375262
2024-09-09,2973.9755859375,3023.5010822204463,2966.529326291003,1251165.0,2970.627408297665,2962.68115234375,-0.003797755989375262,2999.1931640625,3053.8010986328127,28.545531844538658,-31.827167877547254,2973.9755859375,3013.85595703125,3010.857421875,3040.642578125,3067.479248046875,0.007506381054296796
2024-09-10,2962.68115234375,2971.0271124879523,2925.8495581011493,1523581.0,2970.127694508329,2984.920166015625,0.007506381054296796,2989.258056640625,3045.5376953125,21.317625742185854,-32.41424289307406,2962.68115234375,2973.9755859375,3013.85595703125,3034.595703125,3065.580322265625,-0.01625692885126595
2024-09-11,2984.920166015625,3005.909760690181,2946.139586308837,803782.0,2983.5210730370068,2936.39453125,-0.01625692885126595,2974.365478515625,3037.8240356445312,18.674700510833247,-36.37579967693455,2984.920166015625,2962.68115234375,2973.9755859375,3010.857421875,3026.499755859375,0.018091416051519316
2024-09-12,2936.39453125,2991.467085382368,2926.5493138533857,888628.0,2948.5383804408016,2989.51806640625,0.018091416051519316,2969.497900390625,3035.370251464844,35.16940879666021,-34.82726957003706,2936.39453125,2984.920166015625,2962.68115234375,3013.85595703125,3018.6533203125,-0.007572682744217185
2024-09-13,2989.51806640625,2998.513607227934,2915.704558833791,1314173.0,2970.527488488992,2966.87939453125,-0.007572682744217185,2968.078662109375,3028.3512329101563,33.39383803171661,-35.023075709133536,2989.51806640625,2936.39453125,2984.920166015625,2973.9755859375,3017.85400390625,0.005575388044670948
2024-09-16,2966.87939453125,3000.4626006138096,2954.58543990349,815948.0,2970.5273879348774,2983.4208984375,0.005575388044670948,2972.226611328125,3022.471643066406,37.063209116050345,-33.45781153830785,2966.87939453125,2989.51806640625,2936.39453125,2962.68115234375,3040.642578125,-0.003249648202321209
2024-09-17,2983.4208984375,3024.900335382082,2970.5273879348774,695162.0,2988.5685699626088,2973.725830078125,-0.003249648202321209,2969.987744140625,3017.701513671875,40.842828191085566,-32.62357513070765,2983.4208984375,2966.87939453125,2989.51806640625,2984.920166015625,3034.595703125,-0.006352510648065968
2024-09-18,2973.725830078125,2994.415525053723,2951.0371260417023,698700.0,2974.52539494368,2954.835205078125,-0.006352510648065968,2973.67587890625,3009.735461425781,39.3352236796475,-33.10513691813503,2973.725830078125,2983.4208984375,2966.87939453125,2936.39453125,3010.857421875,-0.0044481515127854365
2024-09-19,2954.835205078125,2983.2710593273355,2933.5457104031257,831891.0,2973.5759912067674,2941.691650390625,-0.0044481515127854365,2964.110595703125,3001.9443237304686,37.77665629381068,-34.153651092266045,2954.835205078125,2973.725830078125,2983.4208984375,2989.51806640625,3013.85595703125,0.02220410386807581
2024-09-20,2941.691650390625,2973.775843308192,2888.9180065922624,1655401.0,2946.6890833796665,3007.00927734375,0.02220410386807581,2972.136572265625,2998.553503417969,45.250523000290976,-29.37539821143855,2941.691650390625,2954.835205078125,2973.725830078125,2966.87939453125,2973.9755859375,0.011783260302467236
2024-09-23,3007.00927734375,3023.501101533935,2940.592252363572,1787210.0,3018.503566605088,3042.441650390625,0.011783260302467236,2983.94072265625,2997.301623535156,51.02304843411864,-22.470476329997382,3007.00927734375,2941.691650390625,2954.835205078125,2983.4208984375,2962.68115234375,0.016409613956718028
2024-09-24,3042.441650390625,3068.478791217755,3013.7559202668845,897314.0,3053.48631505702,3092.366943359375,0.016409613956718028,3007.6689453125,2998.6409545898437,59.94876963080878,-12.821918991417988,3042.441650390625,3007.00927734375,2941.691650390625,2973.725830078125,2984.920166015625,0.0036200684728455723
2024-09-25,3092.366943359375,3099.463523074245,3038.743623355844,1021918.0,3106.459988882328,3103.5615234375,0.0036200684728455723,3037.414208984375,3002.49404296875,60.73438108025676,-4.2233743012116065,3092.366943359375,3042.441650390625,3007.00927734375,2954.835205078125,2936.39453125,0.005651898791930954
2024-09-26,3103.5615234375,3122.352012839212,3078.673714952616,913008.0,3083.471293333565,3121.1025390625,0.005651898791930954,3073.29638671875,3007.61650390625,68.599982715836,3.9607901560866594,3103.5615234375,3092.366943359375,3042.441650390625,2941.691650390625,2989.51806640625,0.0024499305227239088
2024-09-27,3121.1025390625,3146.440075012662,3083.471293333565,1548019.0,3120.45308718206,3128.7490234375,0.0024499305227239088,3097.6443359375,3013.1612548828125,71.18996559583013,10.93772356814543,3121.1025390625,3103.5615234375,3092.366943359375,3007.00927734375,2966.87939453125,0.0017730291690687405
2024-09-30,3128.7490234375,3177.42484437917,3114.45606010868,2297441.0,3127.4496830613584,3134.29638671875,0.0017730291690687405,3116.015283203125,3017.8439453125,69.90815849086563,16.72186022318465,3128.7490234375,3121.1025390625,3103.5615234375,3042.441650390625,2983.4208984375,0.01602436127900142
2024-10-01,3134.29638671875,3208.309502155208,3118.8538464716057,1607429.0,3134.7461099187017,3184.521484375,0.01602436127900142,3134.44619140625,3025.340234375,82.9200650414931,25.069589207851095,3134.29638671875,3128.7490234375,3121.1025390625,3092.366943359375,2973.725830078125,-0.02200187062052472
2024-10-03,3184.521484375,3190.4184635010506,3105.46057835143,1367116.0,3148.439208044167,3114.4560546875,-0.02200187062052472,3136.62509765625,3030.520166015625,65.86293818318885,25.7348743437542,3184.521484375,3134.29638671875,3128.7490234375,3103.5615234375,2954.835205078125,-0.001716965022295569
2024-10-04,3114.4560546875,3194.766339713251,3082.5719584107246,1309703.0,3118.354059403136,3109.108642578125,-0.001716965022295569,3134.226318359375,3035.2828002929687,68.8876727322479,25.536260030180983,3114.4560546875,3184.521484375,3134.29638671875,3121.1025390625,2941.691650390625,-0.02978474365227113
2024-10-07,3109.108642578125,3147.9394908510344,3068.4788813820214,987583.0,3109.1086347594887,3016.504638671875,-0.02978474365227113,3111.77744140625,3037.4092529296877,53.65504860145727,17.70242502810561,3109.108642578125,3114.4560546875,3184.521484375,3128.7490234375,3007.00927734375,0.047282920954970775
2024-10-08,3016.504638671875,3126.9498880334527,2978.973195175389,1743454.0,3017.0042995538392,3159.1337890625,0.047282920954970775,3116.744921875,3047.231884765625,65.83303068196838,22.74089193766258,3016.504638671875,3109.108642578125,3114.4560546875,3134.29638671875,3042.441650390625,-0.002198872750237779
2024-10-09,3159.1337890625,3168.4292296126123,2993.3661160007096,1776511.0,3173.4267260732518,3152.187255859375,-0.002198872750237779,3110.278076171875,3055.5952392578124,67.2039555174548,25.875113882647838,3159.1337890625,3016.504638671875,3109.108642578125,3184.521484375,3092.366943359375,0.006484367757104481
2024-10-10,3152.187255859375,3178.374224448554,3132.84674655088,897335.0,3138.4441914997187,3172.627197265625,0.006484367757104481,3121.9123046875,3067.406872558594,69.87868252177611,29.666364420299033,3152.187255859375,3159.1337890625,3016.504638671875,3114.4560546875,3103.5615234375,-0.011656487558638573
2024-10-11,3172.627197265625,3209.409012390317,3054.5858599143253,2905725.0,3172.627174775017,3135.6455078125,-0.011656487558638573,3127.219677734375,3074.713244628906,61.64073228971327,29.348532897464793,3172.627197265625,3152.187255859375,3159.1337890625,3109.108642578125,3121.1025390625,-0.011507050513235972
2024-10-14,3135.6455078125,3188.4193948764555,3114.456060951421,1035260.0,3143.4416261366423,3099.5634765625,-0.011507050513235972,3143.8314453125,3081.347448730469,55.16307861783584,25.88672470552956,3135.6455078125,3172.627197265625,3152.187255859375,3016.504638671875,3128.7490234375,0.0011608552489592583
2024-10-15,3099.5634765625,3148.539196651752,3091.3175645066567,437728.0,3122.452107050716,3103.16162109375,0.0011608552489592583,3132.63701171875,3087.3344848632814,51.06488129156625,23.166507882939186,3099.5634765625,3135.6455078125,3172.627197265625,3159.1337890625,3134.29638671875,-0.0060553634579149085
2024-10-16,3103.16162109375,3126.4501251135207,3089.968210290425,371613.0,3096.464951709064,3084.370849609375,-0.0060553634579149085,3119.07373046875,3092.866735839844,48.13481798072957,19.272299166965695,3103.16162109375,3099.5634765625,3135.6455078125,3152.187255859375,3184.521484375,-0.023380540579818088
2024-10-17,3084.370849609375,3113.856232461349,3059.483285081163,543476.0,3088.41878348898,3012.256591796875,-0.023380540579818088,3086.999609375,3095.7378051757814,40.43563754907863,10.248949274342976,3084.370849609375,3103.16162109375,3099.5634765625,3172.627197265625,3114.4560546875,-0.003898784936509747
2024-10-18,3012.256591796875,3098.4638522008504,2991.5168740764984,2655289.0,2988.5183974030333,3000.512451171875,-0.003898784936509747,3059.972998046875,3098.678845214844,38.8123364471649,2.1257214821248454,3012.256591796875,3084.370849609375,3103.16162109375,3135.6455078125,3109.108642578125,-0.021435710159861232
2024-10-21,3000.512451171875,3030.197685445828,2966.6293468827566,796339.0,3003.66089058639,2936.1943359375,-0.021435710159861232,3027.299169921875,3095.1380981445313,34.32455969535678,-9.39364534223705,3000.512451171875,3012.256591796875,3084.370849609375,3099.5634765625,3016.504638671875,-0.0387554242028455
2024-10-22,2936.1943359375,3013.456083620827,2915.504641315772,1051690.0,2936.544244932578,2822.40087890625,-0.0387554242028455,2971.147021484375,3084.1360595703127,23.965205168603077,-27.38928093256618,2936.1943359375,3000.512451171875,3012.256591796875,3103.16162109375,3159.1337890625,0.004161046261277779
2024-10-23,2822.40087890625,2953.5358215710576,2816.603703955073,1209732.0,2839.44244215855,2834.14501953125,0.004161046261277779,2921.10185546875,3071.224963378906,28.002184159098746,-40.239442545416296,2822.40087890625,2936.1943359375,3000.512451171875,3084.370849609375,3152.187255859375,-0.0018867814005718575
2024-10-24,2834.14501953125,2877.5734410339983,2818.7027238878118,1270530.0,2839.642328932659,2828.797607421875,-0.0018867814005718575,2884.41005859375,3057.486767578125,28.002184159098746,-50.27523802238056,2834.14501953125,2822.40087890625,2936.1943359375,3012.256591796875,3172.627197265625,-0.04831810114220936
2024-10-25,2828.797607421875,2873.725286215764,2806.508608107791,942066.0,2843.5904417101274,2692.115478515625,-0.04831810114220936,2822.7306640625,3036.0374145507812,26.19029016817167,-68.46852125158466,2828.797607421875,2834.14501953125,2822.40087890625,3000.512451171875,3135.6455078125,0.0390576503561062
2024-10-28,2692.115478515625,2845.5894508079905,2653.384677244529,1954174.0,2699.761714406559,2797.26318359375,0.0390576503561062,2794.94443359375,3019.4631225585936,21.89269243605692,-73.5543989177877,2692.115478515625,2828.797607421875,2834.14501953125,2936.1943359375,3099.5634765625,0.017847994211697138
2024-10-29,2797.26318359375,2821.0014155729323,2670.776083779347,1385033.0,2801.6112162241147,2847.188720703125,0.017847994211697138,2799.902001953125,3005.1077392578127,27.79275317285999,-72.7181702097314,2797.26318359375,2692.115478515625,2828.797607421875,2822.40087890625,3103.16162109375,0.0423716685309703
2024-10-30,2847.188720703125,2861.631512453755,2731.496070586129,1529844.0,2862.5809813362703,2967.828857421875,0.0423716685309703,2826.63876953125,2994.2731079101563,36.98717602667178,-61.61059356107171,2847.188720703125,2797.26318359375,2692.115478515625,2834.14501953125,3084.370849609375,-0.007426070605624613
2024-10-31,2967.828857421875,2995.664912242695,2813.655283269948,2884272.0,2966.4292204899184,2945.78955078125,-0.007426070605624613,2850.037158203125,2985.8397827148438,37.703108623779165,-53.964082544865505,2967.828857421875,2847.188720703125,2797.26318359375,2828.797607421875,3012.256591796875,0.0007634705055232782
2024-11-01,2945.78955078125,2975.025056544369,2932.3962884839534,1156390.0,2958.533371651975,2948.03857421875,0.0007634705055232782,2901.22177734375,2977.786279296875,39.73595272603872,-47.17884175886593,2945.78955078125,2967.828857421875,2847.188720703125,2692.115478515625,3000.512451171875,-0.01766402217576135
2024-11-04,2948.03857421875,2974.125739732058,2926.948931292692,304673.0,2933.5458237660887,2895.96435546875,-0.01766402217576135,2920.96201171875,2971.7592651367186,36.82973945019734,-45.47918803184166,2948.03857421875,2945.78955078125,2967.828857421875,2797.26318359375,2936.1943359375,0.006264273676916066
2024-11-05,2895.96435546875,2941.541860082998,2856.334098080933,1059384.0,2895.9643151964915,2914.10546875,0.006264273676916066,2934.345361328125,2959.507849121094,39.16832722692391,-42.182114815505884,2895.96435546875,2948.03857421875,2945.78955078125,2847.188720703125,2822.40087890625,0.04482859502071679
2024-11-06,2914.10546875,2922.5512331883533,2868.577988799786,752303.0,2916.5542646568524,3044.74072265625,0.04482859502071679,2949.727734375,2954.1355224609374,51.923317655378135,-28.697184037358966,2914.10546875,2895.96435546875,2948.03857421875,2967.828857421875,2834.14501953125,-0.024997959307713757
2024-11-07,3044.74072265625,3068.4789556191013,2916.5542646568524,1676755.0,3043.4912075347315,2968.62841796875,-0.024997959307713757,2954.2955078125,2943.935583496094,48.24591305814757,-23.876670735679,3044.74072265625,2914.10546875,2895.96435546875,2945.78955078125,2828.797607421875,-0.013804265997077847
2024-11-08,2968.62841796875,3043.4912075347315,2941.591772395094,1285585.0,2963.6308430639906,2927.648681640625,-0.013804265997077847,2950.217529296875,2933.5357421875,49.51747354258483,-23.09685528349337,2968.62841796875,3044.74072265625,2914.10546875,2948.03857421875,2692.115478515625,-0.008688713287055005
2024-11-11,2927.648681640625,2993.5159295272038,2909.80742899368,835641.0,2926.5492141406758,2902.211181640625,-0.008688713287055005,2951.46689453125,2923.6681274414063,55.00594306722297,-24.25187901430445,2927.648681640625,2968.62841796875,3044.74072265625,2895.96435546875,2797.26318359375,-0.011588853696799961
2024-11-12,2902.211181640625,2945.339947789499,2886.569033619628,584144.0,2908.5580603835474,2868.577880859375,-0.011588853696799961,2942.361376953125,2911.9389404296876,52.102013618071034,-27.563435800033403,2902.211181640625,2927.648681640625,2968.62841796875,2914.10546875,2847.188720703125,-0.01857146079110994
2024-11-13,2868.577880859375,2928.9978783613506,2853.58531353781,597231.0,2858.582791687032,2815.30419921875,-0.01857146079110994,2896.474072265625,2898.4856079101564,49.22180736011499,-34.093599500355595,2868.577880859375,2902.211181640625,2927.648681640625,3044.74072265625,2967.828857421875,0.0035858344709431833
2024-11-14,2815.30419921875,2887.5684213929494,2806.608559110904,890146.0,2822.600752614333,2825.3994140625,0.0035858344709431833,2867.828271484375,2889.1427490234373,59.00100012761273,-38.015977289421244,2815.30419921875,2868.577880859375,2902.211181640625,2968.62841796875,2945.78955078125,-0.0028655033217441783
2024-11-18,2825.3994140625,2843.390495346869,2799.612148750973,646797.0,2825.39930653396,2817.30322265625,-0.0028655033217441783,2845.7591796875,2879.982287597656,51.55751795953838,-41.301684817086425,2825.3994140625,2815.30419921875,2868.577880859375,2927.648681640625,2948.03857421875,0.0009934422757522654
2024-11-19,2817.30322265625,2857.233377738805,2791.9159065290223,489692.0,2829.597343881524,2820.10205078125,0.0009934422757522654,2829.337353515625,2874.1776733398438,47.72841278609567,-43.18201428529028,2817.30322265625,2825.3994140625,2815.30419921875,2902.211181640625,2895.96435546875,-0.22606776925355754
2024-11-21,2820.10205078125,2893.36578213782,2808.407896503793,536296.0,2538.0918116290777,2182.56787109375,-0.22606776925355754,2692.1353515625,2842.1860229492186,14.726390725506377,-95.02053160114428,2820.10205078125,2817.30322265625,2825.3994140625,2868.577880859375,2914.10546875,0.020310078594617087
2024-11-22,2182.56787109375,2538.0918116290777,2153.982189234129,21796668.0,2099.95892629846,2226.89599609375,0.020310078594617087,2574.4537109375,2811.8235717773437,18.34152160861764,-131.01575278477821,2182.56787109375,2820.10205078125,2817.30322265625,2815.30419921875,3044.74072265625,0.013240560679179003
2024-11-25,2226.89599609375,2288.565374111626,2023.996585318601,20939196.0,2313.852854850152,2256.38134765625,0.013240560679179003,2460.65009765625,2783.2027587890625,20.254500524137185,-155.37197207426607,2226.89599609375,2182.56787109375,2820.10205078125,2825.3994140625,2968.62841796875,-0.04739758268054428
2024-11-26,2256.38134765625,2332.493515662577,2236.89101043397,7466733.0,2264.4773863197843,2149.434326171875,-0.04739758268054428,2327.076318359375,2756.068701171875,19.34162724481945,-181.21524562946433,2256.38134765625,2226.89599609375,2182.56787109375,2817.30322265625,2927.648681640625,0.11499664417066491
2024-11-27,2149.434326171875,2291.713882663976,2134.941511603406,7723187.0,2178.9199205937166,2396.612060546875,0.11499664417066491,2242.3783203125,2736.0361450195314,32.11264800620421,-179.67981167693324,2149.434326171875,2256.38134765625,2226.89599609375,2820.10205078125,2902.211181640625,0.01639001915443994
2024-11-28,2396.612060546875,2416.8020036677094,2141.0885757406795,17502156.0,2438.791043642777,2435.892578125,0.01639001915443994,2293.04326171875,2715.471337890625,27.53625773219649,-173.29571459476392,2396.612060546875,2149.434326171875,2256.38134765625,2182.56787109375,2868.577880859375,0.010688839675523143
2024-11-29,2435.892578125,2525.048333047681,2398.810862599453,14445549.0,2462.829143832785,2461.929443359375,0.010688839675523143,2340.049951171875,2690.1763671875,30.587796899455952,-164.24203430263287,2435.892578125,2396.612060546875,2149.434326171875,2226.89599609375,2815.30419921875,-0.0024764819497855584
2024-12-02,2461.929443359375,2518.7513725260087,2398.8108309771515,8191680.0,2490.115571833662,2455.83251953125,-0.0024764819497855584,2379.940185546875,2665.678515625,31.42779877170622,-155.76335524178148,2461.929443359375,2435.892578125,2396.612060546875,2256.38134765625,2825.3994140625,0.023259559264307228
2024-12-03,2455.83251953125,2506.757223737457,2425.3976570661184,3807565.0,2462.779025734978,2512.9541015625,0.023259559264307228,2452.644140625,2643.9242919921876,35.05048658207386,-142.78872715182024,2455.83251953125,2461.929443359375,2435.892578125,2149.434326171875,2817.30322265625,-0.007735989103337615
2024-12-04,2512.9541015625,2556.732446359608,2460.830040813184,4070042.0,2526.7474415021547,2493.513916015625,-0.007735989103337615,2472.02451171875,2623.8017700195314,35.43681166069767,-132.54698231411567,2512.9541015625,2455.83251953125,2461.929443359375,2396.612060546875,2820.10205078125,0.011143363842500253
2024-12-05,2493.513916015625,2528.796474584203,2468.8762270597917,2344949.0,2503.758696581083,2521.300048828125,0.011143363842500253,2489.106005859375,2604.1614990234375,38.3537331097646,-120.79575872900159,2493.513916015625,2512.9541015625,2455.83251953125,2435.892578125,2182.56787109375,-0.00640228831600298
2024-12-06,2521.300048828125,2536.892172143549,2469.0259162592497,3333144.0,2518.751317671733,2505.157958984375,-0.00640228831600298,2497.751708984375,2577.1823608398436,37.37488789358519,-111.50005785949315,2521.300048828125,2493.513916015625,2512.9541015625,2461.929443359375,2226.89599609375,-0.004209089313483738
2024-12-09,2505.157958984375,2533.743885038827,2501.259989076791,1240437.0,2506.6573599862927,2494.613525390625,-0.004209089313483738,2505.50791015625,2553.4816162109373,37.30287928476202,-103.78759680556777,2505.157958984375,2521.300048828125,2493.513916015625,2455.83251953125,2256.38134765625,-0.011479127342437168
2024-12-10,2494.613525390625,2524.748489924975,2481.919622406861,958369.0,2499.7608411373003,2465.9775390625,-0.011479127342437168,2496.11259765625,2530.398059082031,36.34365953401983,-98.84665788857592,2494.613525390625,2505.157958984375,2521.300048828125,2512.9541015625,2149.434326171875,-0.00403291116883242
2024-12-11,2465.9775390625,2499.7608411373003,2453.783632543812,1119816.0,2467.7766487602057,2456.032470703125,-0.00403291116883242,2488.61630859375,2508.0891235351564,70.43928800956756,-94.64243304622596,2465.9775390625,2494.613525390625,2505.157958984375,2493.513916015625,2396.612060546875,0.01906607703906671
2024-12-12,2456.032470703125,2478.7711984306643,2449.7855674812736,712674.0,2455.7826143334846,2502.859375,0.01906607703906671,2484.928173828125,2489.8031982421876,70.5492944841488,-86.53449890336742,2456.032470703125,2465.9775390625,2494.613525390625,2521.300048828125,2435.892578125,0.00936458222782699
2024-12-13,2502.859375,2533.5441150686925,2445.0379407054484,2579624.0,2502.759228018965,2526.297607421875,0.00936458222782699,2489.156103515625,2475.3528686523437,70.28165598323133,-77.32626416629546,2502.859375,2456.032470703125,2465.9775390625,2505.157958984375,2461.929443359375,-0.005993980313528158
2024-12-16,2526.297607421875,2543.738911864323,2477.821639946268,1940935.0,2528.746406252581,2511.155029296875,-0.005993980313528158,2492.464404296875,2459.6406494140624,81.52990728350545,-70.43857920373193,2526.297607421875,2502.859375,2456.032470703125,2494.613525390625,2455.83251953125,-0.009870994569057157
2024-12-17,2511.155029296875,2536.242690065583,2501.759784525775,654321.0,2510.755243242607,2486.367431640625,-0.009870994569057157,2496.5423828125,2443.093859863281,62.77747115634588,-66.21688419762086,2511.155029296875,2526.297607421875,2502.859375,2465.9775390625,2512.9541015625,-0.012140224413184408
2024-12-18,2486.367431640625,2523.7488014281776,2479.520728373446,1061891.0,2487.7668142995235,2456.182373046875,-0.012140224413184408,2496.57236328125,2424.8978759765623,52.965220289104245,-64.5626049302532,2486.367431640625,2511.155029296875,2526.297607421875,2456.032470703125,2493.513916015625,-0.01548378747307666
2024-12-19,2456.182373046875,2495.363146454869,2450.785146107847,990217.0,2427.7964882340034,2418.1513671875,-0.01548378747307666,2479.63076171875,2436.67705078125,43.8188172143088,-65.56457343684951,2456.182373046875,2486.367431640625,2511.155029296875,2502.859375,2521.300048828125,-0.030752120094322488
2024-12-20,2418.1513671875,2432.794010852847,2395.912391533648,1181898.0,2427.7964900262,2343.7880859375,-0.030752120094322488,2443.128857421875,2442.5216552734373,36.73685488205952,-71.53453047550147,2418.1513671875,2456.182373046875,2486.367431640625,2526.297607421875,2505.157958984375,-0.002558708420988154
2024-12-23,2343.7880859375,2452.6342750680496,2331.8440556735795,1337016.0,2372.773673336799,2337.791015625,-0.002558708420988154,2408.4560546875,2446.592138671875,26.410004839863632,-75.87503769053592,2343.7880859375,2418.1513671875,2456.182373046875,2511.155029296875,2494.613525390625,0.014322665376720334
2024-12-24,2337.791015625,2378.320972149316,2331.5941364914124,758920.0,2354.0329613514014,2371.2744140625,0.014322665376720334,2385.437451171875,2457.6841430664062,34.13746455670136,-75.74000685612691,2337.791015625,2343.7880859375,2418.1513671875,2486.367431640625,2465.9775390625,0.011717908643698927
2024-12-26,2371.2744140625,2411.704322485464,2338.840541679466,1156186.0,2376.8718388569305,2399.060791015625,0.011717908643698927,2374.013134765625,2457.8065795898438,34.13750628870643,-72.55450240719665,2371.2744140625,2337.791015625,2343.7880859375,2456.182373046875,2456.032470703125,0.004041193285173383
2024-12-27,2399.060791015625,2408.8059603573192,2366.826769346943,895785.0,2413.8034059844063,2408.755859375,0.004041193285173383,2372.134033203125,2456.449743652344,37.277414440730524,-68.45850911048137,2399.060791015625,2371.2744140625,2337.791015625,2418.1513671875,2502.859375,0.07568629827865947
2024-12-30,2408.755859375,2444.9378740479365,2389.3155453439845,1982291.0,2423.7984926164027,2591.065673828125,0.07568629827865947,2421.58955078125,2462.9065551757812,58.75838554206183,-49.92601054146144,2408.755859375,2399.060791015625,2371.2744140625,2343.7880859375,2526.297607421875,-0.024572399617261986
2024-12-31,2591.065673828125,2608.7068312283754,2420.749954986705,7825097.0,2573.724104138607,2527.39697265625,-0.024572399617261986,2459.5107421875,2466.4847778320313,55.24360697396769,-39.91627402911354,2591.065673828125,2408.755859375,2399.060791015625,2337.791015625,2511.155029296875,0.010361354445974857
2025-01-01,2527.39697265625,2576.4727415313764,2506.207525923195,2745674.0,2534.7434706468416,2553.584228515625,0.010361354445974857,2495.972705078125,2468.5162841796873,58.10362003283859,-29.52998969556711,2527.39697265625,2591.065673828125,2408.755859375,2371.2744140625,2486.367431640625,0.01677196029133765
2025-01-02,2553.584228515625,2642.8898112451134,2517.00226536136,2875721.0,2564.428697169233,2596.412841796875,0.01677196029133765,2535.443115234375,2473.66123046875,57.82345146926418,-17.63953578564633,2553.584228515625,2527.39697265625,2591.065673828125,2399.060791015625,2456.182373046875,-0.012742001411013781
2025-01-03,2596.412841796875,2600.710760035146,2535.742966260248,1167236.0,2578.721617439671,2563.329345703125,-0.012742001411013781,2566.3578125,2475.7626953125,53.04763228936694,-10.76177203138468,2596.412841796875,2553.584228515625,2527.39697265625,2408.755859375,2418.1513671875,-0.03515173299952368
2025-01-06,2563.329345703125,2617.7022930521307,2555.333309680056,932795.0,2556.382603078163,2473.223876953125,-0.03515173299952368,2542.789453125,2474.1659912109376,47.22121070121656,-12.438470049767602,2563.329345703125,2596.412841796875,2553.584228515625,2591.065673828125,2343.7880859375,0.018630399320850977
2025-01-07,2473.223876953125,2567.5772487650943,2462.2793514124382,1121398.0,2473.4236240839427,2519.301025390625,0.018630399320850977,2541.170263671875,2475.4003662109376,52.339692490422415,-9.93470343611034,2473.223876953125,2563.329345703125,2596.412841796875,2527.39697265625,2337.791015625,-0.00210271151714736
2025-01-08,2519.301025390625,2523.748771451234,2473.4236240839427,1019130.0,2519.3010846968973,2514.003662109375,-0.00210271151714736,2533.254150390625,2477.8016723632813,54.25836584158985,-8.282428619514121,2519.301025390625,2473.223876953125,2563.329345703125,2553.584228515625,2371.2744140625,-0.014849438579348395
2025-01-09,2514.003662109375,2528.7463532995603,2488.766173800753,879641.0,2515.7528429540907,2476.672119140625,-0.014849438579348395,2509.306005859375,2478.8336547851563,54.31432410824175,-9.87153948584728,2514.003662109375,2519.301025390625,2473.223876953125,2596.412841796875,2399.060791015625,-0.04176924739825694
2025-01-10,2476.672119140625,2516.3026192366174,2468.2763788935745,705838.0,2478.771161545547,2373.223388671875,-0.04176924739825694,2471.284814453125,2472.35185546875,52.080821483268956,-19.2563935696744,2476.672119140625,2514.003662109375,2519.301025390625,2563.329345703125,2408.755859375,-0.06285797877380106
2025-01-13,2373.223388671875,2483.368979856275,2367.076533600904,1418808.0,2363.8281666416874,2224.04736328125,-0.06285797877380106,2421.44951171875,2457.2393432617187,43.31296529242195,-38.28983519278381,2373.223388671875,2476.672119140625,2514.003662109375,2473.223876953125,2591.065673828125,0.06983810001165791
2025-01-14,2224.04736328125,2363.8281666416874,2215.801451072035,1559903.0,2240.389448977836,2379.37060546875,0.06983810001165791,2393.463427734375,2450.6501220703126,50.416334180179966,-40.37526631624223,2224.04736328125,2373.223388671875,2476.672119140625,2519.301025390625,2527.39697265625,0.0031924187212224453
2025-01-15,2379.37060546875,2421.6994767523383,2240.389448977836,4120705.0,2397.811274070315,2386.966552734375,0.0031924187212224453,2368.056005859375,2445.680078125,49.364884082178136,-40.943089593303284,2379.37060546875,2224.04736328125,2373.223388671875,2514.003662109375,2553.584228515625,0.016623887761244127
2025-01-16,2386.966552734375,2420.749853336378,2371.4742331228326,1421437.0,2498.761372396368,2426.647216796875,0.016623887761244127,2358.051025390625,2444.2033203125,50.91085949150567,-37.755968365578155,2386.966552734375,2379.37060546875,2224.04736328125,2476.672119140625,2596.412841796875,-0.011553444035226179
2025-01-17,2426.647216796875,2568.7266908234665,2417.651675856248,2841803.0,2448.786163927028,2398.611083984375,-0.011553444035226179,2363.128564453125,2443.2263061523436,38.37610452177842,-37.06516924211155,2426.647216796875,2386.966552734375,2379.37060546875,2373.223388671875,2563.329345703125,0.017918084308026883
2025-01-20,2398.611083984375,2448.786163927028,2378.870868989453,1122205.0,2412.5539455774697,2441.589599609375,0.017918084308026883,2406.63701171875,2448.1163818359373,44.68454701887761,-32.67306418962835,2398.611083984375,2426.647216796875,2386.966552734375,2224.04736328125,2473.223876953125,-0.023947901512596403
2025-01-21,2441.589599609375,2452.784001013821,2388.8157141088154,1039435.0,2440.5401376476752,2383.11865234375,-0.023947901512596403,2407.38662109375,2450.382763671875,39.84639595895788,-33.52396270030067,2441.589599609375,2398.611083984375,2426.647216796875,2379.37060546875,2519.301025390625,-0.0032504020487531537
2025-01-22,2383.11865234375,2440.5401376476752,2372.4737828989078,1206512.0,2397.811386667973,2375.37255859375,-0.0032504020487531537,2405.067822265625,2450.5876708984374,36.25971772794641,-34.426503625183614,2383.11865234375,2441.589599609375,2398.611083984375,2386.966552734375,2514.003662109375,0.0035555688941064645
2025-01-23,2375.37255859375,2397.811386667973,2323.9978789286247,1147334.0,2381.819350268606,2383.818359375,0.0035555688941064645,2396.50205078125,2449.825549316406,38.48865910366857,-34.06755866212643,2375.37255859375,2383.11865234375,2441.589599609375,2426.647216796875,2476.672119140625,-0.029308222348762625
2025-01-24,2383.818359375,2403.958278514054,2353.833222779088,826721.0,2386.5667825186,2313.952880859375,-0.029308222348762625,2379.57041015625,2445.085400390625,39.51438277692841,-38.971414214685865,2383.818359375,2375.37255859375,2383.11865234375,2398.611083984375,2373.223388671875,-0.02392985572514561
2025-01-27,2313.952880859375,2404.807738975919,2298.2604655680475,1388583.0,2308.9054726164863,2258.580322265625,-0.02392985572514561,2342.9685546875,2428.4611328125,33.04297594254207,-46.786531766594635,2313.952880859375,2383.818359375,2375.37255859375,2441.589599609375,2224.04736328125,0.011660826849000827
2025-01-28,2258.580322265625,2316.9515328321586,2248.935201224632,1032995.0,2273.073010782487,2284.917236328125,0.011660826849000827,2323.328271484375,2416.3371459960936,35.49734533188915,-50.27535685479597,2258.580322265625,2313.952880859375,2383.818359375,2383.11865234375,2379.37060546875,0.014238561917961245
2025-01-29,2284.917236328125,2314.702518258285,2240.889015738609,966497.0,2295.861777620816,2317.451171875,0.014238561917961245,2311.743994140625,2404.5304931640626,39.85868032176351,-49.84052858278346,2284.917236328125,2258.580322265625,2313.952880859375,2375.37255859375,2386.966552734375,-0.028465447711192637
2025-01-30,2317.451171875,2325.097283496048,2281.469010797791,785220.0,2323.847913381346,2251.48388671875,-0.028465447711192637,2285.277099609375,2387.284045410156,41.85721130246407,-54.19421546381045,2317.451171875,2284.917236328125,2258.580322265625,2383.818359375,2426.647216796875,0.015626413049206533
2025-01-31,2251.48388671875,2350.3347820714994,2200.2092581486,2601625.0,2237.7408061513665,2286.66650390625,0.015626413049206533,2279.81982421875,2373.4509033203126,54.942033877926626,-54.18103526203595,2251.48388671875,2317.451171875,2284.917236328125,2313.952880859375,2398.611083984375,-0.007780434853632001
2025-02-01,2286.66650390625,2313.802954185452,2212.653144935203,2013345.0,2295.861865987232,2268.875244140625,-0.007780434853632001,2281.87880859375,2363.2334716796877,38.861447909145014,-54.97250699110009,2286.66650390625,2251.48388671875,2317.451171875,2258.580322265625,2441.589599609375,-0.0035903234938928774
2025-02-03,2268.875244140625,2350.2848379072902,2236.4413715029864,987362.0,2265.626722266129,2260.729248046875,-0.0035903234938928774,2277.0412109375,2350.3048828125,37.28866809644199,-55.61596165820265,2268.875244140625,2286.66650390625,2251.48388671875,2284.917236328125,2383.11865234375,0.017529905948705737
2025-02-04,2260.729248046875,2277.870651833907,2212.8028142372887,824942.0,2277.7707197110917,2300.359619140625,0.017529905948705737,2273.622900390625,2339.6226806640625,37.282315801896075,-52.32489555049733,2260.729248046875,2268.875244140625,2286.66650390625,2317.451171875,2375.37255859375,0.010036962418728423
2025-02-05,2300.359619140625,2310.854416447154,2266.426489986779,691187.0,2313.8028774176287,2323.4482421875,0.010036962418728423,2288.015771484375,2331.9614868164062,42.35460647705516,-47.308302367780925,2300.359619140625,2260.729248046875,2268.875244140625,2251.48388671875,2383.818359375,-0.005226732727782402
2025-02-06,2323.4482421875,2348.2357583997987,2307.905898516404,560940.0,2338.8405977958773,2311.30419921875,-0.005226732727782402,2292.943310546875,2328.86552734375,35.860733595214285,-43.80755270512236,2323.4482421875,2300.359619140625,2260.729248046875,2286.66650390625,2313.952880859375,0.011394828111073396
2025-02-07,2311.30419921875,2338.8405977958773,2297.0612596808905,680544.0,2311.304072775761,2337.64111328125,0.011394828111073396,2306.696484375,2334.54521484375,44.69449090171667,-38.464618341015466,2311.30419921875,2323.4482421875,2300.359619140625,2268.875244140625,2258.580322265625,-0.020523284753239168
2025-02-10,2337.64111328125,2373.7230783914524,2306.206746368653,892884.0,2348.835658768829,2289.6650390625,-0.020523284753239168,2312.483642578125,2330.0599365234375,40.85918809672349,-37.667366644809135,2337.64111328125,2311.30419921875,2323.4482421875,2260.729248046875,2284.917236328125,0.013510522187632379
2025-02-11,2289.6650390625,2349.7851392737607,2278.970389335017,739708.0,2310.8544403467213,2320.599609375,0.013510522187632379,2316.531640625,2326.741589355469,43.566263431776704,-34.14576649727087,2289.6650390625,2337.64111328125,2311.30419921875,2300.359619140625,2317.451171875,0.01365350836218071
2025-02-12,2320.599609375,2395.8123241829976,2304.857413252396,4895456.0,2323.848079889366,2352.283935546875,0.01365350836218071,2322.298779296875,2323.0234252929686,54.22962906289971,-28.47002792355397,2320.599609375,2289.6650390625,2337.64111328125,2323.4482421875,2251.48388671875,-0.04620883024362854
2025-02-13,2352.283935546875,2377.271549309126,2279.869879667804,1933098.0,2352.83353441826,2243.587646484375,-0.04620883024362854,2308.75546875,2315.272253417969,48.51982437466738,-32.36970847706834,2352.283935546875,2320.599609375,2289.6650390625,2311.30419921875,2286.66650390625,-0.04100771132138192
2025-02-14,2243.587646484375,2371.574243326647,2232.2931971116577,2551665.0,2244.587193947611,2151.583251953125,-0.04100771132138192,2271.543896484375,2300.771936035156,38.347308813300394,-42.395510087277216,2243.587646484375,2352.283935546875,2320.599609375,2337.64111328125,2268.875244140625,0.03300587719004611
2025-02-17,2151.583251953125,2248.185507734795,2123.497322076312,2549876.0,2151.583299830181,2222.59814453125,0.03300587719004611,2258.130517578125,2292.7459106445312,42.23277174643184,-44.102337466965764,2151.583251953125,2243.587646484375,2352.283935546875,2289.6650390625,2260.729248046875,-0.0015289283704912338
2025-02-18,2222.59814453125,2239.2898211528245,2109.604110137292,1400160.0,2238.8901415593355,2219.199951171875,-0.0015289283704912338,2237.8505859375,2284.9372802734374,47.05453897470738,-45.20808559690613,2222.59814453125,2151.583251953125,2243.587646484375,2320.599609375,2300.359619140625,-0.017790406280944526
2025-02-19,2219.199951171875,2238.8901415593355,2164.9768305559846,1138085.0,2164.926766882092,2179.719482421875,-0.017790406280944526,2203.3376953125,2274.7323364257813,40.31849479010348,-48.70865972324782,2219.199951171875,2222.59814453125,2151.583251953125,2352.283935546875,2323.4482421875,-0.0008253687137879107
2025-02-20,2179.719482421875,2218.3002100643976,2125.946091024104,1203163.0,2179.719567146636,2177.92041015625,-0.0008253687137879107,2190.204248046875,2267.930712890625,41.5206946388538,-51.039706074496735,2179.719482421875,2219.199951171875,2222.59814453125,2243.587646484375,2311.30419921875,-0.021064680349055398
2025-02-21,2177.92041015625,2215.252002633017,2155.7314579939284,1086670.0,2189.3646513372346,2132.043212890625,-0.021064680349055398,2186.296240234375,2261.603857421875,38.79169267984819,-55.94409480877903,2177.92041015625,2179.719482421875,2219.199951171875,2151.583251953125,2337.64111328125,-0.008415123174579153
2025-02-24,2132.043212890625,2198.510264208568,2115.8012642603007,1540308.0,2127.895017290584,2114.101806640625,-0.008415123174579153,2164.59697265625,2253.0630859375,33.140319659284685,-60.580248363458395,2132.043212890625,2177.92041015625,2179.719482421875,2222.59814453125,2289.6650390625,0.0069499354513571365
2025-02-25,2114.101806640625,2137.440333893758,2095.6609977591024,1032294.0,2114.1017669152798,2128.794677734375,0.0069499354513571365,2146.51591796875,2243.630261230469,32.10841305211285,-62.350108316330534,2114.101806640625,2132.043212890625,2177.92041015625,2219.199951171875,2320.599609375,-0.008873859558924169
2025-02-27,2128.794677734375,2157.230530897533,2100.9583808371194,802131.0,2142.687850338827,2109.904052734375,-0.008873859558924169,2132.55283203125,2236.55126953125,31.71507492533621,-64.5331526290779,2128.794677734375,2114.101806640625,2132.043212890625,2179.719482421875,2352.283935546875,-0.007082135765254294
2025-02-28,2109.904052734375,2148.0352972175083,2101.458288204027,941950.0,2105.9559752486134,2094.96142578125,-0.007082135765254294,2115.96103515625,2226.966015625,27.50186953286122,-66.70009886889784,2109.904052734375,2128.794677734375,2114.101806640625,2177.92041015625,2243.587646484375,0.01006682001388648
2025-03-03,2094.96142578125,2110.3039174185683,2070.973317852457,2373922.0,2107.9549415208794,2116.051025390625,0.01006682001388648,2112.76259765625,2219.3248046875,33.06028020263166,-65.95537246266485,2094.96142578125,2109.904052734375,2128.794677734375,2132.043212890625,2151.583251953125,0.01308393746874037
2025-03-04,2116.051025390625,2126.1958982220435,2025.545846214616,1592611.0,2084.0669347221988,2143.7373046875,0.01308393746874037,2118.689697265625,2213.475207519531,32.63325655566828,-62.4116771011918,2116.051025390625,2094.96142578125,2109.904052734375,2114.101806640625,2222.59814453125,0.04711398163345537
2025-03-05,2143.7373046875,2152.932697301944,2078.969364154152,852978.0,2152.8826936718287,2244.7373046875,0.04711398163345537,2141.87822265625,2210.694091796875,40.704922744116814,-50.867053360992486,2143.7373046875,2116.051025390625,2094.96142578125,2128.794677734375,2219.199951171875,0.003116882325891579
2025-03-06,2244.7373046875,2257.2808910906942,2146.985714662032,1370106.0,2258.880246527998,2251.73388671875,0.003116882325891579,2170.244189453125,2207.1083740234376,50.85423631268525,-40.684306811494935,2244.7373046875,2143.7373046875,2116.051025390625,2109.904052734375,2179.719482421875,-0.002374797546422003
2025-03-07,2251.73388671875,2267.775739271505,2225.046920448907,890270.0,2248.8352119512897,2246.386474609375,-0.002374797546422003,2200.52919921875,2203.8624877929688,62.14936136022887,-32.66930684199224,2251.73388671875,2244.7373046875,2143.7373046875,2094.96142578125,2177.92041015625,-0.008542799693822545
2025-03-10,2246.386474609375,2266.5263936704205,2225.896631348199,818806.0,2243.8877221580483,2227.196044921875,-0.008542799693822545,2222.758203125,2198.340234375,50.679493812648346,-27.548309156148207,2246.386474609375,2251.73388671875,2244.7373046875,2116.051025390625,2132.043212890625,0.010007569118216875
2025-03-11,2227.196044921875,2286.86641794994,2218.900108325553,940113.0,2222.048270297056,2249.48486328125,0.010007569118216875,2243.90771484375,2196.3312255859373,54.23893186585173,-21.44416524078042,2227.196044921875,2246.386474609375,2251.73388671875,2143.7373046875,2114.101806640625,-0.003910074897790161
2025-03-12,2249.48486328125,2266.72631543084,2207.20577529311,947079.0,2268.87518672924,2240.689208984375,-0.003910074897790161,2243.098095703125,2192.3357055664064,59.33576174091702,-17.118985988995064,2249.48486328125,2227.196044921875,2246.386474609375,2244.7373046875,2128.794677734375,-0.009233630966162809
2025-03-13,2240.689208984375,2278.8702316046997,2179.8692633093456,1049076.0,2247.885589273509,2219.99951171875,-0.009233630966162809,2236.751220703125,2185.721484375,56.09084316810353,-15.185684807343932,2240.689208984375,2249.48486328125,2227.196044921875,2251.73388671875,2109.904052734375,0.014227133091201605
2025-03-17,2219.99951171875,2271.8736969402785,2214.502237045115,750310.0,2198.90990184413,2251.583740234375,0.014227133091201605,2237.790673828125,2186.1212890625,68.05005256817273,-10.978394315546666,2219.99951171875,2240.689208984375,2249.48486328125,2246.386474609375,2094.96142578125,0.0
2025-03-18,2251.583740234375,2285.766745359112,2196.910892842454,927737.0,2251.583740234375,2251.583740234375,0.0,2242.668212890625,2191.1213134765626,71.94830868241395,-7.556974194445502,2251.583740234375,2219.99951171875,2240.689208984375,2227.196044921875,2116.051025390625,0.02927594259552757
2025-03-19,2251.583740234375,2251.583740234375,2251.583740234375,0.0,2318.8003811969443,2317.5009765625,0.02927594259552757,2256.271435546875,2195.866455078125,75.89137788151496,0.4681000142954872,2251.583740234375,2251.583740234375,2219.99951171875,2249.48486328125,2143.7373046875,0.00890609876192583
2025-03-20,2317.5009765625,2340.8395038953627,2309.904888888208,1030345.0,2346.836509276519,2338.140869140625,0.00890609876192583,2275.761767578125,2201.8135009765624,81.16554853696363,8.396704001572289,2317.5009765625,2251.583740234375,2251.583740234375,2240.689208984375,2244.7373046875,0.010045812765446582
2025-03-21,2338.140869140625,2346.836509276519,2297.860789960272,2587050.0,2342.6388081215587,2361.62939453125,0.010045812765446582,2304.087744140625,2210.9089965820312,85.5828332779526,16.38661280907172,2338.140869140625,2317.5009765625,2251.583740234375,2219.99951171875,2251.73388671875,0.002496993249620605
2025-03-24,2361.62939453125,2388.366141187,2336.84163293993,1101418.0,2368.82577190007,2367.5263671875,0.002496993249620605,2327.27626953125,2220.389294433594,84.9735943408975,22.93018461876136,2361.62939453125,2338.140869140625,2317.5009765625,2251.583740234375,2246.386474609375,-0.02041199135272298
2025-03-25,2367.5263671875,2393.813385527708,2359.9302790564966,1010184.0,2383.818309867453,2319.200439453125,-0.02041199135272298,2340.799609375,2229.7471557617187,73.07745412907373,23.940542261573682,2367.5263671875,2361.62939453125,2338.140869140625,2251.583740234375,2227.196044921875,-0.003340089868408058
2025-03-26,2319.200439453125,2386.466899270553,2313.953040657819,763065.0,2323.747811150316,2311.4541015625,-0.003340089868408058,2339.590234375,2239.6147705078124,61.626873977810945,23.841364830774637,2319.200439453125,2367.5263671875,2361.62939453125,2317.5009765625,2249.48486328125,0.021944997082717688
2025-03-27,2311.4541015625,2358.6806870882533,2306.9063074857213,1078870.0,2308.855294711456,2362.178955078125,0.021944997082717688,2344.3978515625,2251.283984375,66.70191281746457,27.53839231124357,2311.4541015625,2319.200439453125,2367.5263671875,2338.140869140625,2240.689208984375,-0.020119714929019095
2025-03-28,2362.178955078125,2372.723531879383,2290.464510318148,1696042.0,2374.8227104542643,2314.652587890625,-0.020119714929019095,2335.002490234375,2261.5214111328123,59.155495890769785,26.32981882587046,2362.178955078125,2311.4541015625,2319.200439453125,2361.62939453125,2219.99951171875,0.008398854233764963
2025-04-01,2314.652587890625,2385.767236010381,2292.5634406611134,1838836.0,2310.854536619473,2334.093017578125,0.008398854233764963,2328.3158203125,2273.477990722656,64.32685851601428,26.6336793599703,2314.652587890625,2362.178955078125,2311.4541015625,2367.5263671875,2251.583740234375,0.01462358708198197
2025-04-02,2334.093017578125,2357.781226783656,2299.859986488498,501942.0,2338.590619694135,2368.225830078125,0.01462358708198197,2338.1208984375,2286.0867309570312,65.42455316452565,29.291074458082676,2334.093017578125,2314.652587890625,2362.178955078125,2319.200439453125,2251.583740234375,0.01747284323408893
2025-04-03,2368.225830078125,2377.671342680792,2313.403155466206,573928.0,2338.5906260655456,2409.60546875,0.01747284323408893,2357.751171875,2299.3801391601564,70.22983525052761,34.34021758332847,2368.225830078125,2334.093017578125,2314.652587890625,2311.4541015625,2317.5009765625,-0.03158704015018021
2025-04-04,2409.60546875,2428.6958580611936,2338.5406020372097,1023200.0,2393.7633363019463,2333.4931640625,-0.03158704015018021,2352.014013671875,2303.8179321289062,61.99935779030304,31.833120597171728,2409.60546875,2368.225830078125,2334.093017578125,2362.178955078125,2338.140869140625,-0.05223484273049939
2025-04-07,2333.4931640625,2408.8559523820545,2314.35274983305,1219733.0,2148.9846575174565,2211.603515625,-0.05223484273049939,2331.40419921875,2301.811413574219,46.45075127234928,19.782709458049794,2333.4931640625,2409.60546875,2368.225830078125,2314.652587890625,2361.62939453125,0.03299138687020964
2025-04-08,2211.603515625,2237.89053227115,2143.937111086028,1567177.0,2268.875210994136,2284.5673828125,0.03299138687020964,2321.499072265625,2303.720458984375,52.59230036844547,15.936539600953893,2211.603515625,2333.4931640625,2409.60546875,2334.093017578125,2367.5263671875,-0.02135015989163014
2025-04-09,2284.5673828125,2299.8598504394304,2223.8975085735474,1224337.0,2264.577282123031,2235.79150390625,-0.02135015989163014,2295.01220703125,2304.1502319335937,43.40034437581292,8.85059236881716,2284.5673828125,2211.603515625,2333.4931640625,2368.225830078125,2319.200439453125,0.037775549198377556
2025-04-11,2235.79150390625,2278.420516965892,2214.102305201192,1001633.0,2301.9089938490474,2320.249755859375,0.037775549198377556,2277.141064453125,2307.6884765625,48.68999021094729,9.935473270169041,2235.79150390625,2284.5673828125,2211.603515625,2409.60546875,2311.4541015625,0.04169893903907118
2025-04-15,2320.249755859375,2342.3389039374856,2279.869869802178,981463.0,2373.823163819049,2417.001708984375,0.04169893903907118,2293.8427734375,2316.5041015625,53.66158350631835,18.390330940514104,2320.249755859375,2235.79150390625,2284.5673828125,2333.4931640625,2362.178955078125,-0.001075147279722799
2025-04-16,2417.001708984375,2438.790955670939,2357.831091978584,1145125.0,2398.810708955805,2414.403076171875,-0.001075147279722799,2334.402685546875,2326.2242797851563,53.11337896645425,24.59763241297196,2417.001708984375,2320.249755859375,2235.79150390625,2211.603515625,2314.652587890625,0.0010349470316435294
2025-04-17,2414.403076171875,2426.7968338936225,2381.719085046637,889949.0,2416.801807413935,2416.90185546875,0.0010349470316435294,2360.869580078125,2334.490185546875,56.90957919050952,29.37992071948611,2414.403076171875,2417.001708984375,2320.249755859375,2284.5673828125,2334.093017578125,0.010173208493650776
2025-04-21,2416.90185546875,2447.386741790556,2390.814691205183,1054797.0,2424.897874285996,2441.489501953125,0.010173208493650776,2402.0091796875,2343.9854736328125,58.98231716715803,34.75332158266565,2416.90185546875,2414.403076171875,2417.001708984375,2235.79150390625,2368.225830078125,0.001146360909092925
2025-04-22,2441.489501953125,2463.678452218589,2394.3129401230285,782559.0,2457.6815931830174,2444.288330078125,0.001146360909092925,2426.81689453125,2350.324841308594,56.073942008590784,38.79047012552519,2441.489501953125,2416.90185546875,2414.403076171875,2320.249755859375,2409.60546875,0.003312189959752576
2025-04-23,2444.288330078125,2482.169454187685,2439.7905596895125,766567.0,2458.781008375568,2452.38427734375,0.003312189959752576,2433.893408203125,2356.03701171875,60.819718600513,42.15725215464727,2444.288330078125,2441.489501953125,2416.90185546875,2417.001708984375,2333.4931640625,-0.00452395757238
2025-04-24,2452.38427734375,2472.574218933799,2420.0001859436006,672262.0,2448.786078836681,2441.289794921875,-0.00452395757238,2439.270751953125,2360.0200317382814,58.53289107513207,43.42958987993961,2452.38427734375,2444.288330078125,2441.489501953125,2414.403076171875,2211.603515625,-0.036110522471921924
2025-04-25,2441.289794921875,2460.180332779323,2423.898513847388,596626.0,2448.886126932322,2353.133544921875,-0.036110522471921924,2426.51708984375,2359.300390625,48.893790423945006,36.8991041675049,2441.289794921875,2452.38427734375,2444.288330078125,2416.90185546875,2284.5673828125,0.006583641431414877
2025-04-28,2353.133544921875,2458.281371831152,2322.348756840692,1414809.0,2344.8374773262303,2368.625732421875,0.006583641431414877,2411.9443359375,2361.7716552734373,46.8778516878644,32.597968162976485,2353.133544921875,2441.289794921875,2452.38427734375,2441.489501953125,2235.79150390625,-0.016541414452089787
2025-04-29,2368.625732421875,2400.809727424384,2336.4417374193654,681421.0,2390.8147919085186,2329.4453125,-0.016541414452089787,2388.975732421875,2362.6712158203127,49.67321395065018,25.731141861808737,2368.625732421875,2353.133544921875,2441.289794921875,2444.288330078125,2320.249755859375,-0.012571939068112381
2025-04-30,2329.4453125,2398.8108280018578,2324.447789941663,670730.0,2330.24460587316,2300.15966796875,-0.012571939068112381,2358.530810546875,2359.5702514648438,58.40607882561568,17.721740587896875,2329.4453125,2368.625732421875,2353.133544921875,2452.38427734375,2417.001708984375,-0.0009559034093887808
2025-05-02,2300.15966796875,2338.8404418570726,2283.8676964288084,837464.0,2348.7355718552017,2297.9609375,-0.0009559034093887808,2329.8650390625,2358.7356689453127,51.46867644570663,11.069214189599279,2300.15966796875,2329.4453125,2368.625732421875,2441.289794921875,2414.403076171875,0.06802651127528136
2025-05-05,2297.9609375,2371.2244235352387,2288.8653487682104,1695797.0,2311.454113306035,2454.283203125,0.06802651127528136,2350.094970703125,2364.7451782226562,69.38632982378309,18.201128210139814,2297.9609375,2300.15966796875,2329.4453125,2353.133544921875,2416.90185546875,-0.04133577856951298
2025-05-06,2454.283203125,2495.7626382419567,2296.661398484493,4227194.0,2452.7839419770867,2352.83349609375,-0.04133577856951298,2346.9365234375,2363.9755615234376,52.806468231855405,15.488535748410868,2454.283203125,2297.9609375,2300.15966796875,2368.625732421875,2441.489501953125,-0.0003822684707580626
2025-05-07,2352.83349609375,2461.979334194425,2342.338699276,1524692.0,2313.8528638562534,2351.93408203125,-0.0003822684707580626,2351.43427734375,2361.0919921875,43.28727666191643,13.115029583968862,2352.83349609375,2454.283203125,2297.9609375,2329.4453125,2444.288330078125,-0.0288130343191203
2025-05-08,2351.93408203125,2378.320902611644,2313.8528638562534,1012640.0,2360.829672363566,2284.167724609375,-0.0288130343191203,2348.235888671875,2358.6257202148436,38.156690007948164,5.700122685479073,2351.93408203125,2352.83349609375,2454.283203125,2300.15966796875,2452.38427734375,-0.015008949918613346
2025-05-09,2284.167724609375,2366.6268473739788,2258.880211490965,1380069.0,2238.890215459796,2249.884765625,-0.015008949918613346,2338.620654296875,2360.5397827148436,35.64185204245683,-2.9090589082220504,2284.167724609375,2351.93408203125,2352.83349609375,2297.9609375,2441.289794921875,0.0774322426235372
2025-05-12,2249.884765625,2271.9739140193237,2231.893683536484,1006000.0,2348.83564865776,2424.098388671875,0.0774322426235372,2332.58369140625,2367.5163330078126,48.81084261000966,4.276390501115657,2249.884765625,2284.167724609375,2351.93408203125,2454.283203125,2353.133544921875,0.006555775861817104
2025-05-13,2424.098388671875,2432.094424922625,2313.8529900607296,2147039.0,2423.798310957276,2439.990234375,0.006555775861817104,2350.0150390625,2377.72626953125,49.711277480299465,11.12500789499336,2424.098388671875,2249.884765625,2284.167724609375,2352.83349609375,2368.625732421875,0.008479418062476318
2025-05-14,2439.990234375,2453.683396647408,2403.8082217947417,1815174.0,2443.6883558263253,2460.679931640625,0.008479418062476318,2371.764208984375,2384.7477783203126,50.54798492690684,18.014413237368444,2439.990234375,2424.098388671875,2249.884765625,2351.93408203125,2329.4453125,0.0235997914464261
2025-05-15,2460.679931640625,2480.6700208339184,2428.8958850390027,774441.0,2462.1794097318534,2518.75146484375,0.0235997914464261,2418.68095703125,2389.8352661132812,54.81786346296758,27.839290006289502,2460.679931640625,2439.990234375,2424.098388671875,2284.167724609375,2300.15966796875,0.013888891581367302
2025-05-16,2518.75146484375,2525.548144584563,2449.485750756614,1554800.0,2527.7470125022933,2553.734130859375,0.013888891581367302,2479.450830078125,2396.8018188476562,63.36042079000241,38.01022618824254,2518.75146484375,2460.679931640625,2439.990234375,2249.884765625,2297.9609375,-0.005635990877711938
2025-05-19,2553.734130859375,2582.919614979549,2514.9533054302583,1641135.0,2570.0260488858057,2539.34130859375,-0.005635990877711938,2502.4994140625,2402.923791503906,61.386690984293956,44.39759804535561,2553.734130859375,2518.75146484375,2460.679931640625,2424.098388671875,2454.283203125,-0.015350718219210968
2025-05-20,2539.34130859375,2577.5223328669103,2534.7434901441416,680957.0,2543.73899410475,2500.360595703125,-0.015350718219210968,2514.573486328125,2405.8673461914063,61.40304926576488,45.786421143894586,2539.34130859375,2553.734130859375,2518.75146484375,2439.990234375,2352.83349609375,-0.0004798136050102597
2025-05-21,2500.360595703125,2563.5292323323647,2491.2650069964984,628023.0,2508.456329082108,2499.160888671875,-0.0004798136050102597,2522.269677734375,2408.610974121094,63.79381828507722,46.25704470699338,2500.360595703125,2539.34130859375,2553.734130859375,2460.679931640625,2351.93408203125,-0.005119101010759186
2025-05-22,2499.160888671875,2523.249044098219,2482.46921276341,529234.0,2499.1608937153155,2486.367431640625,-0.005119101010759186,2515.79287109375,2410.3101318359377,62.870407833455026,45.07806038832996,2499.160888671875,2500.360595703125,2539.34130859375,2518.75146484375,2284.167724609375,0.02106447453059701
2025-05-23,2486.367431640625,2520.650239945298,2464.0784330260626,906909.0,2497.7617701733207,2538.741455078125,0.02106447453059701,2512.7943359375,2415.18271484375,56.72450598524789,47.818629411304755,2486.367431640625,2499.160888671875,2500.360595703125,2553.734130859375,2249.884765625,0.003031440994702761
2025-05-26,2538.741455078125,2546.837539215961,2489.2659818393977,968415.0,2547.836952675605,2546.4375,0.003031440994702761,2514.21357421875,2424.8479125976564,68.11974631505154,50.03478673747395,2538.741455078125,2486.367431640625,2499.160888671875,2539.34130859375,2424.098388671875,-0.002904544185504232
2025-05-27,2546.4375,2567.6269460481503,2540.0407689732688,552912.0,2544.638338398669,2539.041259765625,-0.002904544185504232,2521.94970703125,2433.368688964844,67.30129576126821,50.61088186905272,2546.4375,2538.741455078125,2486.367431640625,2500.360595703125,2439.990234375,-0.009959410237374122
2025-05-28,2539.041259765625,2567.827037371545,2524.8483450630174,514936.0,2557.732105802684,2513.75390625,-0.009959410237374122,2524.868310546875,2442.584118652344,73.03913137855288,48.46825148520793,2539.041259765625,2546.4375,2538.741455078125,2499.160888671875,2460.679931640625,0.010258406485569305
2025-05-29,2513.75390625,2557.732105802684,2508.7563835735587,575989.0,2535.4429496749003,2539.541015625,0.010258406485569305,2535.50302734375,2454.553186035156,79.57143512305812,48.29429906640917,2513.75390625,2539.041259765625,2546.4375,2486.367431640625,2518.75146484375,-0.008225757453403038
2025-05-30,2539.541015625,2557.7319482427265,2509.7557335042934,802317.0,2548.736551144164,2518.6513671875,-0.008225757453403038,2531.485009765625,2465.5877075195312,64.05228046724706,45.94123847471337,2539.541015625,2513.75390625,2539.041259765625,2538.741455078125,2553.734130859375,-0.00043648964231302045
2025-06-02,2518.6513671875,2562.7296145622104,2512.554535967148,684592.0,2525.747890109581,2517.552001953125,-0.00043648964231302045,2525.70791015625,2468.7511474609373,62.05721858848873,43.48642695568924,2518.6513671875,2539.541015625,2513.75390625,2546.4375,2539.34130859375,-0.019017070871468533
2025-06-03,2517.552001953125,2562.7295568820605,2513.653787962611,1008716.0,2509.755764610052,2469.675537109375,-0.019017070871468533,2511.834765625,2474.5932495117186,51.28940730517163,37.2483645876564,2517.552001953125,2518.6513671875,2539.541015625,2539.041259765625,2500.360595703125,0.00748720490567667
2025-06-04,2469.675537109375,2511.2550213392096,2450.784999929848,962656.0,2478.7712588394816,2488.16650390625,0.00748720490567667,2506.71728515625,2481.4048706054687,45.05492336623314,33.411573877550836,2469.675537109375,2517.552001953125,2518.6513671875,2513.75390625,2499.160888671875,0.006025493718803787
2025-06-05,2488.16650390625,2501.759863256138,2439.890629847002,552667.0,2493.763690992279,2503.158935546875,0.006025493718803787,2499.440869140625,2492.3544311523438,41.25772075145552,31.220760046064242,2488.16650390625,2469.675537109375,2517.552001953125,2539.541015625,2486.367431640625,0.011899124729016775
2025-06-06,2503.158935546875,2528.8463960365434,2486.2674073520216,673209.0,2513.653849667894,2532.9443359375,0.011899124729016775,2502.299462890625,2506.5074096679687,48.95010746552849,31.5245616617176,2503.158935546875,2488.16650390625,2469.675537109375,2518.6513671875,2538.741455078125,0.018901506900280918
2025-06-09,2532.9443359375,2552.034970104657,2502.759347878047,640680.0,2543.7390843020257,2580.82080078125,0.018901506900280918,2514.95322265625,2514.3435302734374,62.830740049475224,35.22253377933248,2532.9443359375,2503.158935546875,2488.16650390625,2517.552001953125,2546.4375,0.012005722803863694
2025-06-10,2580.82080078125,2602.8099009205994,2523.24924099036,1711167.0,2598.7118127956924,2611.805419921875,0.012005722803863694,2543.37919921875,2522.934289550781,66.40472225264136,40.190116494900394,2580.82080078125,2532.9443359375,2503.158935546875,2469.675537109375,2539.041259765625,-0.012207847200703337
2025-06-11,2611.805419921875,2661.880451133563,2576.42281267432,2084054.0,2628.696765552828,2579.9208984375,-0.012207847200703337,2561.730078125,2528.896337890625,62.90675154515906,41.08059563803181,2611.805419921875,2580.82080078125,2532.9443359375,2488.16650390625,2513.75390625,-0.014528137407313624
2025-06-12,2579.9208984375,2629.596221971204,2561.8300138772324,745432.0,2590.215815248976,2542.439453125,-0.014528137407313624,2569.586181640625,2530.0807373046873,50.5320430636295,38.32013670087781,2579.9208984375,2611.805419921875,2580.82080078125,2503.158935546875,2539.541015625,-0.013585200913554196
2025-06-13,2542.439453125,2600.510760019358,2528.7462907890827,955097.0,2498.0,2507.89990234375,-0.013585200913554196,2564.577294921875,2527.789025878906,44.85302844741122,32.965395457585146,2542.439453125,2579.9208984375,2611.805419921875,2532.9443359375,2518.6513671875,0.014394552837819763
2025-06-16,2507.89990234375,2516.0,2460.0,695869.0,2500.0,2544.0,0.014394552837819763,2557.213134765625,2528.0219604492186,50.61511317101121,31.274191214390612,2507.89990234375,2542.439453125,2579.9208984375,2580.82080078125,2517.552001953125,-0.02181603773584906
2025-06-17,2544.0,2563.300048828125,2462.0,956459.0,2535.0,2488.5,-0.02181603773584906,2532.55205078125,2527.4289306640626,47.0857834464386,25.165422178106837,2544.0,2507.89990234375,2542.439453125,2611.805419921875,2469.675537109375,-0.011814306748543335
2025-06-18,2488.5,2539.60009765625,2479.0,703343.0,2491.89990234375,2459.10009765625,-0.011814306748543335,2508.387890625,2525.425891113281,40.794145554235534,17.747272778346996,2488.5,2544.0,2507.89990234375,2579.9208984375,2488.16650390625,-0.0156561337363591
2025-06-19,2459.10009765625,2495.89990234375,2445.39990234375,667044.0,2466.300048828125,2420.60009765625,-0.0156561337363591,2484.02001953125,2522.1375244140627,39.21354820758478,8.661859171374545,2459.10009765625,2488.5,2544.0,2542.439453125,2503.158935546875,0.011484674694683061
2025-06-20,2420.60009765625,2468.89990234375,2405.10009765625,688209.0,2428.0,2448.39990234375,0.011484674694683061,2472.12001953125,2517.6204467773437,42.8147939948545,3.6625952188019255,2420.60009765625,2459.10009765625,2488.5,2507.89990234375,2532.9443359375,0.009638988154532457
2025-06-23,2448.39990234375,2461.300048828125,2415.0,3002549.0,2438.0,2472.0,0.009638988154532457,2457.72001953125,2513.898571777344,50.254353611628936,1.5866828727689608,2448.39990234375,2420.60009765625,2459.10009765625,2544.0,2580.82080078125,0.013592272514664216
2025-06-24,2472.0,2492.60009765625,2421.0,790533.0,2504.0,2505.60009765625,0.013592272514664216,2461.1400390625,2512.226513671875,51.846605161433125,2.622523635518064,2472.0,2448.39990234375,2420.60009765625,2488.5,2611.805419921875,0.008620630856388312
2025-06-25,2505.60009765625,2544.60009765625,2500.199951171875,996372.0,2519.89990234375,2527.199951171875,0.008620630856388312,2474.760009765625,2512.898815917969,52.511325857230446,5.127258717145651,2505.60009765625,2472.0,2448.39990234375,2459.10009765625,2579.9208984375,0.023345996019286552
2025-06-26,2527.199951171875,2541.60009765625,2512.10009765625,921346.0,2535.0,2586.199951171875,0.023345996019286552,2507.87998046875,2515.2317626953127,55.24307273121461,11.73778040540492,2527.199951171875,2505.60009765625,2472.0,2420.60009765625,2542.439453125,0.023238766835880886
2025-06-27,2586.199951171875,2593.60009765625,2522.199951171875,1339627.0,2587.699951171875,2646.300048828125,0.023238766835880886,2547.460009765625,2521.6141967773438,56.294990961320266,21.577509969577477,2586.199951171875,2527.199951171875,2505.60009765625,2448.39990234375,2507.89990234375,-0.010165191394788109
2025-06-30,2646.300048828125,2681.60009765625,2582.0,4049316.0,2650.0,2619.39990234375,-0.010165191394788109,2576.939990234375,2526.706591796875,50.735891451338716,26.89492161831504,2646.300048828125,2586.199951171875,2527.199951171875,2472.0,2544.0,0.0009162963174227379
2025-07-01,2619.39990234375,2653.89990234375,2605.89990234375,694814.0,2624.89990234375,2621.800048828125,0.0009162963174227379,2600.17998046875,2534.3128173828127,54.303938546490826,30.945954719432393,2619.39990234375,2646.300048828125,2586.199951171875,2505.60009765625,2488.5,0.0032038684061754807
2025-07-02,2621.800048828125,2645.0,2603.0,729197.0,2634.0,2630.199951171875,0.0032038684061754807,2620.77998046875,2541.4144897460938,59.592575652208254,34.437258279416255,2621.800048828125,2619.39990234375,2646.300048828125,2527.199951171875,2459.10009765625,-0.007223785397583393
2025-07-03,2630.199951171875,2646.0,2613.60009765625,621409.0,2634.0,2611.199951171875,-0.007223785397583393,2625.77998046875,2546.816540527344,61.688166393465714,35.26449316795697,2630.199951171875,2621.800048828125,2619.39990234375,2586.199951171875,2420.60009765625,-0.004633828792082628
2025-07-04,2611.199951171875,2644.0,2605.10009765625,502724.0,2617.0,2599.10009765625,-0.004633828792082628,2616.339990234375,2550.1243286132812,56.59249946544933,34.54550662448037,2611.199951171875,2630.199951171875,2621.800048828125,2646.300048828125,2448.39990234375,-0.008849216704174045
2025-07-07,2599.10009765625,2617.0,2582.199951171875,370305.0,2602.0,2576.10009765625,-0.008849216704174045,2607.680029296875,2549.888293457031,61.364831325011174,31.75375925708977,2599.10009765625,2611.199951171875,2630.199951171875,2619.39990234375,2472.0,0.005900372887569061
2025-07-08,2576.10009765625,2605.39990234375,2572.0,412159.0,2586.0,2591.300048828125,0.005900372887569061,2601.580029296875,2548.8630249023436,67.80710783427111,30.4171583162115,2576.10009765625,2599.10009765625,2611.199951171875,2621.800048828125,2505.60009765625,-0.003203044291176793
2025-07-09,2591.300048828125,2600.0,2573.0,357686.0,2599.0,2583.0,-0.003203044291176793,2592.1400390625,2549.016979980469,73.81230239644428,28.36121740682711,2591.300048828125,2576.10009765625,2599.10009765625,2630.199951171875,2527.199951171875,-0.0007742934572202431
2025-07-10,2583.0,2609.89990234375,2570.0,396880.0,2591.0,2581.0,-0.0007742934572202431,2586.100048828125,2550.9450073242188,71.03426641674284,26.267688575750526,2583.0,2591.300048828125,2576.10009765625,2611.199951171875,2586.199951171875,-0.008640080909773307
2025-07-11,2581.0,2604.0,2575.0,306565.0,2575.0,2558.699951171875,-0.008640080909773307,2578.02001953125,2553.485009765625,63.81011639256923,22.549191282198535,2581.0,2583.0,2591.300048828125,2599.10009765625,2646.300048828125,0.00883264864483202
2025-07-14,2558.699951171875,2591.89990234375,2551.89990234375,390645.0,2555.0,2581.300048828125,0.00883264864483202,2579.060009765625,2555.3500122070313,62.495859122303195,21.181724654048594,2558.699951171875,2581.0,2583.0,2576.10009765625,2619.39990234375,0.006547050720206782
2025-07-15,2581.300048828125,2604.800048828125,2543.5,536585.0,2588.0,2598.199951171875,0.006547050720206782,2580.439990234375,2560.835009765625,61.90475410748731,21.217100848543396,2581.300048828125,2558.699951171875,2581.0,2591.300048828125,2621.800048828125,0.003964301832689809
2025-07-16,2598.199951171875,2606.89990234375,2576.0,379425.0,2602.5,2608.5,0.003964301832689809,2585.539990234375,2568.3050048828127,54.46894328799857,21.824683233955056,2598.199951171875,2581.300048828125,2558.699951171875,2583.0,2630.199951171875,0.0031052703301706064
2025-07-17,2608.5,2619.5,2595.5,686644.0,2612.0,2616.60009765625,0.0031052703301706064,2592.660009765625,2578.1050048828124,42.48103431438599,22.69815661693883,2608.5,2598.199951171875,2581.300048828125,2581.0,2611.199951171875,-0.007834594219560898
2025-07-18,2616.60009765625,2654.5,2605.300048828125,785771.0,2612.0,2596.10009765625,-0.007834594219560898,2600.1400390625,2585.4900146484374,43.90376954976455,21.488505773214456,2616.60009765625,2608.5,2598.199951171875,2558.699951171875,2599.10009765625,0.00901348232484378
2025-07-21,2596.10009765625,2626.699951171875,2584.199951171875,479942.0,2596.300048828125,2619.5,0.00901348232484378,2607.780029296875,2592.8650146484374,49.457791038041535,22.162549250444954,2596.10009765625,2616.60009765625,2608.5,2581.300048828125,2576.10009765625,-0.01210152745633708
2025-07-22,2619.5,2624.89990234375,2585.0,369782.0,2626.0,2587.800048828125,-0.01210152745633708,2605.700048828125,2596.9750122070313,40.994069682783,19.909310294388433,2619.5,2596.10009765625,2616.60009765625,2598.199951171875,2591.300048828125,0.010317625267827868
2025-07-23,2587.800048828125,2630.0,2581.60009765625,387055.0,2600.699951171875,2614.5,0.010317625267827868,2606.900048828125,2601.3400146484373,50.678743483470036,20.04697604572584,2587.800048828125,2619.5,2596.10009765625,2608.5,2583.0,-0.002333179443966382
2025-07-24,2614.5,2625.89990234375,2593.5,316424.0,2615.39990234375,2608.39990234375,-0.002333179443966382,2605.260009765625,2602.4500122070312,51.96115581128586,19.439760783787733,2614.5,2587.800048828125,2619.5,2616.60009765625,2581.0,-0.02235079239004545
2025-07-25,2608.39990234375,2624.199951171875,2595.0,253782.0,2605.0,2550.10009765625,-0.02235079239004545,2596.060009765625,2597.6400146484375,45.227604750168055,14.091789925046669,2608.39990234375,2614.5,2587.800048828125,2596.10009765625,2558.699951171875,-0.010901552003262704
2025-07-28,2550.10009765625,2617.0,2544.10009765625,424612.0,2549.0,2522.300048828125,-0.010901552003262704,2576.62001953125,2592.785021972656,37.89473684210527,7.5235263551280696,2550.10009765625,2608.39990234375,2614.5,2619.5,2581.300048828125,0.010149408484338984
2025-07-29,2522.300048828125,2585.0,2512.60009765625,428409.0,2529.0,2547.89990234375,0.010149408484338984,2568.639990234375,2589.0900146484373,44.194488863045336,4.333866273331296,2522.300048828125,2550.10009765625,2608.39990234375,2587.800048828125,2598.199951171875,-0.005887201450183288
2025-07-30,2547.89990234375,2557.39990234375,2507.5,424781.0,2547.89990234375,2532.89990234375,-0.005887201450183288,2552.319970703125,2584.2250122070313,42.372323588350625,0.5888748557035797,2547.89990234375,2522.300048828125,2550.10009765625,2614.5,2608.5,-0.040348989345100894
2025-07-31,2532.89990234375,2552.60009765625,2525.0,262063.0,2509.89990234375,2430.699951171875,-0.040348989345100894,2516.77998046875,2575.2000122070312,33.80565601104071,-10.50464871148506,2532.89990234375,2547.89990234375,2522.300048828125,2608.39990234375,2616.60009765625,-0.032830069704675946
2025-08-01,2430.699951171875,2520.0,2422.60009765625,1457616.0,2425.0,2350.89990234375,-0.032830069704675946,2476.93994140625,2562.790002441406,24.53577359015968,-25.442260544300098,2430.699951171875,2532.89990234375,2547.89990234375,2550.10009765625,2596.10009765625,0.005402269700993445
2025-08-04,2350.89990234375,2444.89990234375,2333.0,976341.0,2360.0,2363.60009765625,0.005402269700993445,2445.199951171875,2552.165002441406,23.82866141526408,-35.84245639358005,2350.89990234375,2430.699951171875,2532.89990234375,2522.300048828125,2619.5,-0.014977214850971587
2025-08-05,2363.60009765625,2374.699951171875,2338.199951171875,576426.0,2370.0,2328.199951171875,-0.014977214850971587,2401.2599609375,2539.0099975585936,20.388757668403116,-46.40624025266834,2363.60009765625,2350.89990234375,2430.699951171875,2547.89990234375,2587.800048828125,-0.011983464877965866
2025-08-06,2328.199951171875,2370.0,2316.0,576742.0,2333.89990234375,2300.300048828125,-0.011983464877965866,2354.739990234375,2524.875,17.927383614797378,-56.37949628076967,2328.199951171875,2363.60009765625,2350.89990234375,2532.89990234375,2614.5,-0.021953657752486255
2025-08-07,2300.300048828125,2347.89990234375,2296.0,631582.0,2290.0,2249.800048828125,-0.021953657752486255,2318.560009765625,2508.3150024414062,16.89924050821962,-67.57928950756423,2300.300048828125,2328.199951171875,2363.60009765625,2430.699951171875,2608.39990234375,-0.03186947711607613
2025-08-08,2249.800048828125,2295.0,2202.800048828125,1529410.0,2247.0,2178.10009765625,-0.03186947711607613,2284.000048828125,2489.285009765625,11.375570722603385,-81.30357615186813,2249.800048828125,2300.300048828125,2328.199951171875,2350.89990234375,2550.10009765625,0.04834479590759311
2025-08-11,2178.10009765625,2260.89990234375,2164.800048828125,2552736.0,2196.0,2283.39990234375,0.04834479590759311,2267.960009765625,2474.390002441406,26.403080488084612,-82.72970148328113,2178.10009765625,2249.800048828125,2300.300048828125,2363.60009765625,2522.300048828125,0.002102149878870474
2025-08-12,2283.39990234375,2302.0,2183.0,2376286.0,2280.10009765625,2288.199951171875,0.002102149878870474,2259.960009765625,2458.890002441406,23.81639178800235,-82.52133764572591,2283.39990234375,2178.10009765625,2249.800048828125,2328.199951171875,2547.89990234375,-0.003539836416601938
2025-08-13,2288.199951171875,2314.699951171875,2267.0,1075526.0,2299.0,2280.10009765625,-0.003539836416601938,2255.92001953125,2442.470007324219,23.7402007805006,-82.06381768141546,2288.199951171875,2283.39990234375,2178.10009765625,2300.300048828125,2532.89990234375,0.0006578658548990202
2025-08-14,2280.10009765625,2314.89990234375,2245.39990234375,833679.0,2288.0,2281.60009765625,0.0006578658548990202,2262.280029296875,2425.720007324219,26.376905483220753,-80.65050354776531,2280.10009765625,2288.199951171875,2283.39990234375,2249.800048828125,2430.699951171875,0.022791022867423738
2025-08-18,2281.60009765625,2304.0,2267.699951171875,998109.0,2309.60009765625,2333.60009765625,0.022791022867423738,2293.380029296875,2412.595007324219,34.07594692607253,-74.47596394393395,2281.60009765625,2280.10009765625,2288.199951171875,2178.10009765625,2350.89990234375,0.023482945832294932
2025-08-19,2333.60009765625,2360.0,2300.0,988629.0,2339.89990234375,2388.39990234375,0.023482945832294932,2314.380029296875,2401.040002441406,37.172263538481715,-64.41813836536039,2333.60009765625,2281.60009765625,2280.10009765625,2283.39990234375,2363.60009765625,-0.0005442156844105428
2025-08-20,2388.39990234375,2395.60009765625,2314.10009765625,1069432.0,2380.0,2387.10009765625,-0.0005442156844105428,2334.16005859375,2391.0050048828125,38.00987485373636,-55.90765387442252,2388.39990234375,2333.60009765625,2281.60009765625,2288.199951171875,2328.199951171875,-0.004147352888173916
2025-08-21,2387.10009765625,2406.0,2372.10009765625,780025.0,2387.10009765625,2377.199951171875,-0.004147352888173916,2353.580029296875,2379.140002441406,44.8128727561253,-49.39252638455582,2387.10009765625,2388.39990234375,2333.60009765625,2280.10009765625,2300.300048828125,-0.022000694052825898
2025-08-22,2377.199951171875,2397.0,2371.39990234375,441867.0,2369.89990234375,2324.89990234375,-0.022000694052825898,2362.239990234375,2364.9650024414063,47.337155304935926,-47.89728764363235,2377.199951171875,2387.10009765625,2388.39990234375,2281.60009765625,2249.800048828125,-0.009462772989848545
2025-08-25,2324.89990234375,2376.300048828125,2321.0,584211.0,2335.699951171875,2302.89990234375,-0.009462772989848545,2356.099951171875,2352.6049926757814,43.89947187055578,-47.934952018765216,2324.89990234375,2377.199951171875,2387.10009765625,2333.60009765625,2178.10009765625,-0.013417822595025553
2025-08-26,2302.89990234375,2348.39990234375,2300.0,542455.0,2304.0,2272.0,-0.013417822595025553,2332.819970703125,2340.089990234375,44.300199324031546,-49.88314335982386,2302.89990234375,2324.89990234375,2377.199951171875,2388.39990234375,2283.39990234375,0.001408429212973239
2025-08-28,2272.0,2309.300048828125,2249.39990234375,1071550.0,2271.89990234375,2275.199951171875,0.001408429212973239,2310.43994140625,2326.4549926757813,47.32007961821627,-50.585768466773516,2272.0,2302.89990234375,2324.89990234375,2387.10009765625,2288.199951171875,-0.013405415196273474
2025-08-29,2275.199951171875,2327.89990234375,2255.0,907868.0,2283.0,2244.699951171875,-0.013405415196273474,2283.93994140625,2312.0449951171877,49.43117271546001,-52.992830662055894,2275.199951171875,2272.0,2302.89990234375,2377.199951171875,2280.10009765625,0.01759700666424413
2025-09-01,2244.699951171875,2289.699951171875,2240.0,795699.0,2259.0,2284.199951171875,0.01759700666424413,2275.799951171875,2304.7199951171874,62.74934094838891,-51.12380154825087,2244.699951171875,2275.199951171875,2272.0,2324.89990234375,2281.60009765625,-0.0043779004525719145
2025-09-02,2284.199951171875,2288.0,2252.10009765625,425639.0,2291.0,2274.199951171875,-0.0043779004525719145,2270.0599609375,2300.8849975585936,48.56609043413407,-49.874575871642264,2284.199951171875,2244.699951171875,2275.199951171875,2302.89990234375,2333.60009765625,0.006375868574145516
2025-09-03,2274.199951171875,2302.0,2264.0,481894.0,2285.0,2288.699951171875,0.006375868574145516,2273.399951171875,2297.139990234375,50.075643076959444,-47.170771414223964,2274.199951171875,2284.199951171875,2244.699951171875,2272.0,2388.39990234375,-0.004325557108821099
2025-09-04,2288.699951171875,2293.0,2263.10009765625,443629.0,2309.89990234375,2278.800048828125,-0.004325557108821099,2274.119970703125,2294.6699951171877,49.80438601453678,-45.30458324948904,2288.699951171875,2274.199951171875,2284.199951171875,2275.199951171875,2387.10009765625,0.001140887072107022
2025-09-05,2278.800048828125,2317.300048828125,2275.0,392697.0,2275.0,2281.39990234375,0.001140887072107022,2281.4599609375,2293.724987792969,49.969976655018584,-43.11878274596347,2278.800048828125,2288.699951171875,2274.199951171875,2244.699951171875,2377.199951171875,0.01293065716786157
2025-09-08,2281.39990234375,2293.5,2248.0,443010.0,2290.0,2310.89990234375,0.01293065716786157,2286.799951171875,2296.77998046875,46.34927016814245,-38.561602491110534,2281.39990234375,2278.800048828125,2288.699951171875,2284.199951171875,2324.89990234375,0.0003029968159979912
2025-09-09,2310.89990234375,2333.89990234375,2286.0,542811.0,2320.0,2311.60009765625,0.0003029968159979912,2294.27998046875,2303.45498046875,35.04675562721752,-34.49585762273682,2310.89990234375,2281.39990234375,2278.800048828125,2274.199951171875,2302.89990234375,0.01237231887324386
2025-09-10,2311.60009765625,2325.0,2297.0,369431.0,2330.0,2340.199951171875,0.01237231887324386,2304.57998046875,2306.2949829101562,41.745834096004636,-28.635859993873055,2311.60009765625,2310.89990234375,2281.39990234375,2288.699951171875,2272.0,0.025040637073300287
2025-09-11,2340.199951171875,2345.89990234375,2325.10009765625,390490.0,2348.0,2398.800048828125,0.025040637073300287,2328.57998046875,2311.824987792969,53.245208884141704,-19.043707508722036,2340.199951171875,2311.60009765625,2310.89990234375,2278.800048828125,2275.199951171875,-0.0028347710062149867
2025-09-12,2398.800048828125,2418.699951171875,2340.199951171875,2111888.0,2416.89990234375,2392.0,-0.0028347710062149867,2350.7,2317.4199829101562,61.677713761280785,-11.853920054978971,2398.800048828125,2340.199951171875,2311.60009765625,2281.39990234375,2244.699951171875,-0.003595358551943928
2025-09-15,2392.0,2421.60009765625,2387.10009765625,533971.0,2392.0,2383.39990234375,-0.003595358551943928,2365.2,2322.509973144531,64.69514945262208,-6.77185596488107,2392.0,2398.800048828125,2340.199951171875,2310.89990234375,2284.199951171875,0.0067130992093547
2025-09-16,2383.39990234375,2402.800048828125,2378.10009765625,298129.0,2410.0,2399.39990234375,0.0067130992093547,2382.7599609375,2325.7999633789063,74.59457574203668,-1.436656396116632,2383.39990234375,2392.0,2398.800048828125,2311.60009765625,2274.199951171875,0.0010836449787758884
2025-09-17,2399.39990234375,2415.800048828125,2388.0,752979.0,2417.0,2402.0,0.0010836449787758884,2395.119970703125,2326.4799682617186,74.53559925435111,2.9671306163327245,2399.39990234375,2383.39990234375,2392.0,2340.199951171875,2288.699951171875,0.0
2025-09-18,2402.0,2417.0,2391.0,514354.0,2414.5,2402.0,0.0,2395.7599609375,2327.224963378906,84.51073885968512,6.383577641854572,2402.0,2399.39990234375,2383.39990234375,2398.800048828125,2278.800048828125,0.0507910074937552
2025-09-19,2402.0,2438.0,2388.39990234375,703730.0,2495.0,2524.0,0.0507910074937552,2422.1599609375,2334.5649658203124,88.62756695577076,18.719727560519004,2402.0,2402.0,2399.39990234375,2392.0,2281.39990234375,0.041798732171156816
2025-09-22,2524.0,2579.0,2466.10009765625,7965135.0,2535.0,2629.5,0.041798732171156816,2471.37998046875,2349.794970703125,93.7669278892219,36.587426470463924,2524.0,2402.0,2402.0,2383.39990234375,2310.89990234375,0.017836053372789484
2025-09-23,2629.5,2659.0,2522.10009765625,7022985.0,2642.60009765625,2676.39990234375,0.017836053372789484,2526.77998046875,2368.469970703125,94.22768742650855,53.91068789490191,2629.5,2524.0,2402.0,2399.39990234375,2311.60009765625,-0.021147756531473494
2025-09-24,2676.39990234375,2695.0,2593.0,5610022.0,2655.0,2619.800048828125,-0.021147756531473494,2570.339990234375,2385.859973144531,85.15463917525773,62.35358886841641,2676.39990234375,2629.5,2524.0,2402.0,2340.199951171875,-0.0165662056933652
2025-09-25,2619.800048828125,2676.0,2614.39990234375,1720785.0,2625.0,2576.39990234375,-0.0165662056933652,2605.219970703125,2400.919970703125,78.05247581114725,64.7956951666506,2619.800048828125,2676.39990234375,2629.5,2402.0,2398.800048828125,-0.012692110080476215
2025-09-26,2576.39990234375,2647.89990234375,2567.0,1489682.0,2572.800048828125,2543.699951171875,-0.012692110080476215,2609.1599609375,2415.869970703125,72.00377517843256,63.362070718033465,2576.39990234375,2619.800048828125,2676.39990234375,2524.0,2392.0,-0.013444962781918979
2025-09-29,2543.699951171875,2605.0,2535.0,1037808.0,2543.699951171875,2509.5,-0.013444962781918979,2585.1599609375,2427.134973144531,67.59110243055555,58.78858456688158,2543.699951171875,2576.39990234375,2619.800048828125,2629.5,2383.39990234375,-0.0014345876295078774
2025-09-30,2509.5,2555.0,2505.0,1012402.0,2522.0,2505.89990234375,-0.0014345876295078774,2551.0599609375,2438.719970703125,65.4139419449755,54.24822626429068,2509.5,2543.699951171875,2576.39990234375,2676.39990234375,2399.39990234375,0.03463827455635471
2025-10-01,2505.89990234375,2535.0,2490.60009765625,712592.0,2518.39990234375,2592.699951171875,0.03463827455635471,2545.63994140625,2453.919970703125,67.13804449339435,56.99697250052395,2505.89990234375,2509.5,2543.699951171875,2619.800048828125,2402.0,-0.0010799741122605733
2025-10-03,2592.699951171875,2603.39990234375,2472.10009765625,1573485.0,2595.0,2589.89990234375,-0.0010799741122605733,2548.33994140625,2469.474963378906,67.6161503943976,58.2776447448955,2592.699951171875,2505.89990234375,2509.5,2576.39990234375,2402.0,-0.006332253354235373
2025-10-06,2589.89990234375,2612.89990234375,2564.39990234375,917651.0,2589.10009765625,2573.5,-0.006332253354235373,2554.299951171875,2484.079968261719,66.69008759053995,57.30863341326494,2589.89990234375,2592.699951171875,2505.89990234375,2543.699951171875,2524.0,-0.012162443686856372
2025-10-07,2573.5,2599.800048828125,2562.60009765625,654955.0,2580.699951171875,2542.199951171875,-0.012162443686856372,2560.83994140625,2495.644970703125,62.20930548093152,53.39947666956459,2573.5,2589.89990234375,2592.699951171875,2509.5,2629.5,-0.007119759996565778
2025-10-08,2542.199951171875,2617.300048828125,2533.10009765625,1120230.0,2562.0,2524.10009765625,-0.007119759996565778,2564.47998046875,2506.269970703125,60.169926485301126,48.28434302388541,2542.199951171875,2573.5,2589.89990234375,2505.89990234375,2676.39990234375,0.007250031290158443
2025-10-09,2524.10009765625,2565.0,2500.0,1063357.0,2535.0,2542.39990234375,0.007250031290158443,2554.419970703125,2516.3799682617187,61.34820489828652,45.18632423924919,2524.10009765625,2542.199951171875,2573.5,2592.699951171875,2619.800048828125,0.003343297799911049
2025-10-10,2542.39990234375,2559.0,2522.199951171875,651703.0,2552.0,2550.89990234375,0.003343297799911049,2546.619970703125,2523.9849609375,52.662831434084396,42.922220356821526,2542.39990234375,2524.10009765625,2542.199951171875,2589.89990234375,2576.39990234375,-0.009212435179604017
2025-10-13,2550.89990234375,2565.0,2538.800048828125,690142.0,2529.10009765625,2527.39990234375,-0.009212435179604017,2537.399951171875,2530.7549560546877,37.934271812839576,38.78456380669468,2550.89990234375,2542.39990234375,2524.10009765625,2573.5,2543.699951171875,-0.004114862208432379
2025-10-14,2527.39990234375,2542.10009765625,2504.0,645483.0,2538.89990234375,2517.0,-0.004114862208432379,2532.3599609375,2537.4349609375,29.384368416532368,34.27119892881183,2527.39990234375,2550.89990234375,2542.39990234375,2542.199951171875,2509.5,0.006277333662346063
2025-10-15,2517.0,2538.89990234375,2485.199951171875,673048.0,2535.0,2532.800048828125,0.006277333662346063,2534.099951171875,2544.1049682617186,37.42046715748985,31.60493462697241,2517.0,2527.39990234375,2550.89990234375,2524.10009765625,2505.89990234375,0.00979155414956634
2025-10-16,2532.800048828125,2561.39990234375,2527.300048828125,759772.0,2544.800048828125,2557.60009765625,0.00979155414956634,2537.139990234375,2551.884973144531,47.12716663806418,31.134162392425424,2532.800048828125,2517.0,2527.39990234375,2542.39990234375,2592.699951171875,-0.003206206990691962
2025-10-17,2557.60009765625,2579.699951171875,2540.89990234375,1020102.0,2560.0,2549.39990234375,-0.003206206990691962,2536.839990234375,2559.2549682617187,50.94151835007046,29.75637184308016,2557.60009765625,2532.800048828125,2517.0,2550.89990234375,2589.89990234375,-0.0005098473120301872
2025-10-20,2549.39990234375,2577.199951171875,2543.10009765625,682968.0,2561.300048828125,2548.10009765625,-0.0005098473120301872,2540.980029296875,2560.4599731445314,57.153470274183334,28.234114237118774,2549.39990234375,2557.60009765625,2532.800048828125,2527.39990234375,2573.5,0.0007063320193565481
2025-10-21,2548.10009765625,2579.0,2537.10009765625,747349.0,2554.89990234375,2549.89990234375,0.0007063320193565481,2547.560009765625,2556.4799682617186,58.208970180172464,26.863280142139956,2548.10009765625,2549.39990234375,2557.60009765625,2517.0,2542.199951171875,-0.0016078488068714814
2025-10-23,2549.89990234375,2562.0,2542.300048828125,101019.0,2559.89990234375,2545.800048828125,-0.0016078488068714814,2550.160009765625,2549.9499755859374,37.34482585976553,25.156076737223884,2549.89990234375,2548.10009765625,2549.39990234375,2532.800048828125,2524.10009765625,-0.016340677530978565
2025-10-24,2545.800048828125,2577.800048828125,2540.89990234375,852445.0,2554.800048828125,2504.199951171875,-0.016340677530978565,2539.47998046875,2544.169970703125,30.87902857684459,20.213318966068528,2545.800048828125,2549.89990234375,2548.10009765625,2557.60009765625,2542.39990234375,-0.00455231314033655
2025-10-27,2504.199951171875,2554.800048828125,2497.699951171875,473765.0,2504.199951171875,2492.800048828125,-0.00455231314033655,2528.160009765625,2539.9899780273436,31.58370949967184,15.201042816333484,2504.199951171875,2545.800048828125,2549.89990234375,2549.39990234375,2550.89990234375,0.0006417897481898471
2025-10-28,2492.800048828125,2514.60009765625,2487.10009765625,478055.0,2495.0,2494.39990234375,0.0006417897481898471,2517.419970703125,2537.5249755859377,37.38113560691898,11.228438218028714,2492.800048828125,2504.199951171875,2545.800048828125,2548.10009765625,2527.39990234375,0.017238615171367266
2025-10-29,2494.39990234375,2516.0,2479.10009765625,626988.0,2500.0,2537.39990234375,0.017238615171367266,2514.919970703125,2538.919970703125,53.103090786880394,11.41823873823887,2494.39990234375,2492.800048828125,2504.199951171875,2549.89990234375,2517.0,-0.004138094271345039
2025-10-30,2537.39990234375,2600.0,2495.5,1526734.0,2550.0,2526.89990234375,-0.004138094271345039,2511.13994140625,2539.969970703125,46.24696449134688,10.5992136331256,2537.39990234375,2494.39990234375,2492.800048828125,2545.800048828125,2532.800048828125,-0.018164511503276026
2025-10-31,2526.89990234375,2559.39990234375,2511.800048828125,783328.0,2535.0,2481.0,-0.018164511503276026,2506.499951171875,2534.384973144531,35.670342298190604,6.175207866561777,2526.89990234375,2537.39990234375,2494.39990234375,2504.199951171875,2557.60009765625,-0.005642885933091479
2025-11-03,2481.0,2543.5,2464.89990234375,848642.0,2484.0,2467.0,-0.005642885933091479,2501.33994140625,2528.2399780273436,37.11602958025206,1.5219246264732647,2481.0,2526.89990234375,2537.39990234375,2492.800048828125,2549.39990234375,-0.019132529862940784
2025-11-04,2467.0,2501.89990234375,2457.5,731108.0,2479.800048828125,2419.800048828125,-0.019132529862940784,2486.419970703125,2520.55498046875,32.07961952876805,-5.90639224629831,2467.0,2481.0,2526.89990234375,2494.39990234375,2548.10009765625,-0.04359864363631705
2025-11-06,2419.800048828125,2488.89990234375,2390.60009765625,2072668.0,2425.10009765625,2314.300048828125,-0.04359864363631705,2441.8,2509.1599853515627,19.728407488885466,-20.07494373070631,2419.800048828125,2467.0,2481.0,2537.39990234375,2549.89990234375,0.023808431211642445
2025-11-07,2314.300048828125,2427.10009765625,2307.60009765625,1978147.0,2315.0,2369.39990234375,0.023808431211642445,2410.3,2501.4249755859373,25.94573476988826,-26.55145650806162,2314.300048828125,2419.800048828125,2467.0,2526.89990234375,2545.800048828125,-0.029983012988479607
2025-11-10,2369.39990234375,2402.5,2291.39990234375,2232889.0,2308.2470703125,2298.358154296875,-0.029983012988479607,2373.771630859375,2489.2228881835936,22.354713077180776,-36.99021472188815,2369.39990234375,2314.300048828125,2419.800048828125,2481.0,2504.199951171875,-0.0016450899318307677
2025-11-11,2298.358154296875,2315.13037109375,2291.86279296875,577428.0,2295.74072265625,2294.5771484375,-0.0016450899318307677,2339.287060546875,2476.4067504882814,22.233215003470747,-45.04880678450127,2298.358154296875,2369.39990234375,2314.300048828125,2467.0,2492.800048828125,0.049729597679991855
2025-11-12,2294.5771484375,2306.30810546875,2267.140869140625,654132.0,2311.25244140625,2408.685546875,0.049729597679991855,2337.06416015625,2470.4710327148437,37.587309489984676,-41.74647753615545,2294.5771484375,2298.358154296875,2369.39990234375,2419.800048828125,2494.39990234375,0.0014892596535811542
2025-11-13,2408.685546875,2440.6787109375,2288.954345703125,6895852.0,2425.651611328125,2412.272705078125,0.0014892596535811542,2356.65869140625,2465.23466796875,38.252406747915444,-38.397284136932285,2408.685546875,2294.5771484375,2298.358154296875,2314.300048828125,2537.39990234375,0.011494262180020476
2025-11-14,2412.272705078125,2447.94970703125,2392.7861328125,2791508.0,2423.712646484375,2440.0,0.011494262180020476,2370.7787109375,2460.5946655273438,44.210431760007786,-33.12383234449226,2412.272705078125,2408.685546875,2294.5771484375,2369.39990234375,2526.89990234375,0.00901639344262306
2025-11-17,2440.0,2475.77392578125,2405.29248046875,4637753.0,2460.0,2462.0,0.00901639344262306,2403.507080078125,2455.814660644531,47.27454983419208,-26.859745243925317,2440.0,2412.272705078125,2408.685546875,2298.358154296875,2481.0,-0.010235560995887516
2025-11-18,2462.0,2474.89990234375,2421.0,2672697.0,2462.0,2436.800048828125,-0.010235560995887516,2431.95166015625,2450.18466796875,45.10742232458252,-23.656143247289492,2462.0,2440.0,2412.272705078125,2294.5771484375,2467.0,-0.001518364698676944
2025-11-19,2436.800048828125,2478.60009765625,2434.300048828125,1245215.0,2446.5,2433.10009765625,-0.001518364698676944,2436.8345703125,2444.43466796875,40.50689786046777,-21.171765785034495,2436.800048828125,2462.0,2440.0,2408.685546875,2419.800048828125,0.005342977879341015
2025-11-20,2433.10009765625,2449.89990234375,2413.89990234375,774785.0,2450.10009765625,2446.10009765625,0.005342977879341015,2443.600048828125,2439.244677734375,42.679124280313125,-17.9470054851472,2433.10009765625,2436.800048828125,2462.0,2412.272705078125,2314.300048828125,-0.009729793499018813
2025-11-21,2446.10009765625,2478.89990234375,2440.39990234375,1526556.0,2450.0,2422.300048828125,-0.009729793499018813,2440.06005859375,2433.069677734375,44.459606873696046,-17.114538997335785,2446.10009765625,2433.10009765625,2436.800048828125,2440.0,2369.39990234375,-0.00953643115658831
2025-11-24,2422.300048828125,2456.199951171875,2418.0,547541.0,2426.199951171875,2399.199951171875,-0.00953643115658831,2427.500048828125,2427.819677734375,43.708766799676134,-18.11002701510597,2422.300048828125,2446.10009765625,2433.10009765625,2462.0,2298.358154296875,-0.027634232318044627
2025-11-25,2399.199951171875,2432.300048828125,2393.10009765625,691419.0,2400.89990234375,2332.89990234375,-0.027634232318044627,2406.72001953125,2419.824670410156,42.21248870520643,-23.972478479533038,2399.199951171875,2422.300048828125,2446.10009765625,2436.800048828125,2294.5771484375,-0.007672811990676043
2025-11-26,2332.89990234375,2407.699951171875,2325.300048828125,2223715.0,2321.199951171875,2315.0,-0.007672811990676043,2383.1,2410.8546752929688,50.07440819917624,-29.720289033448807,2332.89990234375,2399.199951171875,2422.300048828125,2433.10009765625,2408.685546875,-0.02591792656587477
2025-11-27,2315.0,2357.0,2310.0,1026965.0,2310.0,2255.0,-0.02591792656587477,2344.87998046875,2396.7346801757812,37.96412833413644,-38.67119144425487,2315.0,2332.89990234375,2399.199951171875,2446.10009765625,2412.272705078125,0.011175144643847057
2025-11-28,2255.0,2320.5,2243.0,1474038.0,2267.10009765625,2280.199951171875,0.011175144643847057,2316.4599609375,2384.3996826171874,47.88564950268302,-43.23305686984486,2255.0,2315.0,2332.89990234375,2422.300048828125,2440.0,-0.007981734743271685
2025-12-01,2280.199951171875,2331.0,2247.800048828125,3037620.0,2300.0,2262.0,-0.007981734743271685,2289.019970703125,2373.4496826171876,46.329937103181805,-47.7663315062282,2280.199951171875,2255.0,2315.0,2399.199951171875,2462.0,-0.00990269776469943
2025-12-02,2262.0,2304.0,2257.0,1313265.0,2255.0,2239.60009765625,-0.00990269776469943,2270.360009765625,2362.0796875,25.98997406847586,-52.56058354214065,2262.0,2280.199951171875,2255.0,2332.89990234375,2436.800048828125,-0.022236134424284515
2025-12-03,2239.60009765625,2267.199951171875,2232.199951171875,1035354.0,2240.0,2189.800048828125,-0.022236134424284515,2245.32001953125,2350.5796875,22.074128373789804,-59.69043637090135,2239.60009765625,2262.0,2280.199951171875,2315.0,2433.10009765625,0.012832154940658924
2025-12-04,2189.800048828125,2245.0,2172.199951171875,1643852.0,2188.0,2217.89990234375,0.012832154940658924,2237.9,2345.7596801757813,22.146944963914677,-62.354686752633825,2189.800048828125,2239.60009765625,2262.0,2255.0,2446.10009765625,0.021416656337738482
2025-12-05,2217.89990234375,2231.699951171875,2183.39990234375,2522821.0,2217.89990234375,2265.39990234375,0.021416656337738482,2234.939990234375,2340.559680175781,26.826940896287923,-59.9422938978355,2217.89990234375,2189.800048828125,2239.60009765625,2280.199951171875,2422.300048828125,-0.021717998275259665
2025-12-08,2265.39990234375,2268.60009765625,2202.89990234375,2400781.0,2265.39990234375,2216.199951171875,-0.021717998275259665,2225.77998046875,2336.451770019531,25.390423711179594,-61.293921881173446,2265.39990234375,2217.89990234375,2189.800048828125,2262.0,2399.199951171875,0.0130854618892422
2025-12-09,2216.199951171875,2270.39990234375,2205.0,939764.0,2216.199951171875,2245.199951171875,0.0130854618892422,2226.899951171875,2333.98291015625,30.158369232593685,-59.34099312873286,2216.199951171875,2265.39990234375,2217.89990234375,2239.60009765625,2332.89990234375,-0.014965194301776008
2025-12-10,2245.199951171875,2257.0,2178.39990234375,1227728.0,2255.800048828125,2211.60009765625,-0.014965194301776008,2231.2599609375,2324.1286376953126,26.269967072365688,-59.815000305374724,2245.199951171875,2216.199951171875,2265.39990234375,2189.800048828125,2315.0,0.029887796435564606
2025-12-11,2211.60009765625,2267.5,2204.10009765625,935149.0,2225.0,2277.699951171875,0.029887796435564606,2243.219970703125,2317.4,36.521228969929346,-54.23179823676355,2211.60009765625,2245.199951171875,2216.199951171875,2217.89990234375,2255.0,0.002063463701378554
2025-12-12,2277.699951171875,2293.89990234375,2192.39990234375,1519832.0,2277.699951171875,2282.39990234375,0.002063463701378554,2246.619970703125,2309.5199951171876,38.725848071734084,-48.86454355121532,2277.699951171875,2211.60009765625,2245.199951171875,2265.39990234375,2280.199951171875,-0.0015334736022403206
2025-12-15,2282.39990234375,2296.800048828125,2270.199951171875,929199.0,2282.39990234375,2278.89990234375,-0.0015334736022403206,2259.1599609375,2300.364990234375,44.06853112047438,-44.381770865372346,2282.39990234375,2277.699951171875,2211.60009765625,2216.199951171875,2262.0,-0.013603054687973737
2025-12-16,2278.89990234375,2300.0,2273.0,573027.0,2270.0,2247.89990234375,-0.013603054687973737,2259.699951171875,2290.9199829101562,42.83576813957586,-42.83678632956526,2278.89990234375,2282.39990234375,2277.699951171875,2245.199951171875,2239.60009765625,-0.006850795414730659
2025-12-17,2247.89990234375,2276.800048828125,2232.10009765625,654714.0,2247.60009765625,2232.5,-0.006850795414730659,2263.879931640625,2280.8899780273437,47.34481455189136,-42.366642092983966,2247.89990234375,2278.89990234375,2282.39990234375,2211.60009765625,2189.800048828125,-0.0014333487891937668
2025-12-18,2232.5,2255.0,2221.0,651509.0,2236.39990234375,2229.300048828125,-0.0014333487891937668,2254.199951171875,2270.0499755859373,43.664426022268685,-41.770751492928866,2232.5,2247.89990234375,2278.89990234375,2277.699951171875,2217.89990234375,0.004351119615761956
2025-12-19,2229.300048828125,2245.0,2211.10009765625,508238.0,2249.0,2239.0,0.004351119615761956,2245.519970703125,2260.884973144531,47.0752739447044,-40.054080399483155,2229.300048828125,2232.5,2247.89990234375,2282.39990234375,2265.39990234375,0.01094238499330058
2025-12-22,2239.0,2250.0,2210.0,880005.0,2260.0,2263.5,0.01094238499330058,2242.439990234375,2254.0999755859375,53.02301336630545,-36.298237458470794,2239.0,2229.300048828125,2232.5,2278.89990234375,2216.199951171875,-0.006494345558592851
2025-12-23,2263.5,2274.0,2245.89990234375,599195.0,2272.5,2248.800048828125,-0.006494345558592851,2242.62001953125,2249.894982910156,58.18991226643242,-34.11461601744577,2263.5,2239.0,2229.300048828125,2247.89990234375,2245.199951171875,-0.011606233141915445
2025-12-24,2248.800048828125,2273.60009765625,2245.0,450112.0,2250.0,2222.699951171875,-0.011606233141915445,2240.660009765625,2245.27998046875,50.67002457086188,-34.09709001751207,2248.800048828125,2263.5,2239.0,2232.5,2211.60009765625,0.0032392816529640545
2025-12-26,2222.699951171875,2258.800048828125,2217.39990234375,825693.0,2229.300048828125,2229.89990234375,0.0032392816529640545,2240.77998046875,2244.0249755859377,44.41647287952839,-33.12043291533473,2222.699951171875,2248.800048828125,2263.5,2229.300048828125,2277.699951171875,-0.011973609731904089
2025-12-29,2229.89990234375,2250.89990234375,2218.0,566237.0,2232.0,2203.199951171875,-0.011973609731904089,2233.619970703125,2240.1749755859373,47.79958940655693,-34.10771553086852,2229.89990234375,2222.699951171875,2248.800048828125,2239.0,2282.39990234375,0.005219680580458963
2025-12-30,2203.199951171875,2238.199951171875,2196.0,690691.0,2204.800048828125,2214.699951171875,0.005219680580458963,2223.8599609375,2237.8099731445313,44.51240296729439,-33.57515671932515,2203.199951171875,2229.89990234375,2222.699951171875,2263.5,2278.89990234375,0.01128821084173115
2025-12-31,2214.699951171875,2219.0,2195.0,935026.0,2216.300048828125,2239.699951171875,0.01128821084173115,2222.03994140625,2237.8149658203124,55.21721117155961,-30.780984924305812,2214.699951171875,2203.199951171875,2229.89990234375,2248.800048828125,2247.89990234375,0.0090637358890433
2026-01-01,2239.699951171875,2246.39990234375,2216.300048828125,779141.0,2249.0,2260.0,0.0090637358890433,2229.499951171875,2241.3249633789064,46.04027505448111,-26.621661418565054,2239.699951171875,2214.699951171875,2203.199951171875,2222.699951171875,2232.5,0.00876108355226779
2026-01-02,2260.0,2287.39990234375,2241.0,1046220.0,2260.0,2279.800048828125,0.00876108355226779,2239.47998046875,2244.419970703125,49.45518543341127,-21.480060344660615,2260.0,2239.699951171875,2214.699951171875,2229.89990234375,2229.300048828125,-0.0001316119052980902
2026-01-05,2279.800048828125,2283.699951171875,2259.0,715242.0,2287.0,2279.5,-0.0001316119052980902,2254.739990234375,2245.1249755859376,50.1274634463046,-17.23088892154101,2279.800048828125,2260.0,2239.699951171875,2203.199951171875,2239.0,-0.008949288152555357
2026-01-06,2279.5,2303.89990234375,2274.300048828125,696380.0,2288.89990234375,2259.10009765625,-0.008949288152555357,2263.62001953125,2247.269982910156,52.49114880861878,-15.332745242284545,2279.5,2279.800048828125,2260.0,2214.699951171875,2263.5,0.006639812027613212
2026-01-07,2259.10009765625,2290.39990234375,2248.10009765625,698294.0,2265.0,2274.10009765625,0.006639812027613212,2270.500048828125,2248.714990234375,59.269188003594664,-12.474282299935567,2259.10009765625,2279.5,2279.800048828125,2239.699951171875,2248.800048828125,-0.026428079273287386
2026-01-08,2274.10009765625,2284.0,2243.0,529451.0,2275.0,2214.0,-0.026428079273287386,2261.300048828125,2248.8349853515624,47.28047526264857,-14.886898527939138,2274.10009765625,2259.10009765625,2279.5,2260.0,2222.699951171875,-0.02723579441198054
2026-01-09,2214.0,2275.89990234375,2205.0,792800.0,2214.10009765625,2153.699951171875,-0.02723579441198054,2236.080029296875,2242.6349853515626,37.149742214389065,-21.41773395750215,2214.0,2274.10009765625,2259.10009765625,2279.800048828125,2229.89990234375,0.008311346468961478
2026-01-12,2153.699951171875,2216.0,2145.0,1570376.0,2156.60009765625,2171.60009765625,0.008311346468961478,2214.500048828125,2237.0949951171874,35.87460504491793,-24.86247670889088,2153.699951171875,2214.0,2274.10009765625,2279.5,2203.199951171875,-0.00603246319172146
2026-01-13,2171.60009765625,2180.0,2119.0,1257197.0,2187.800048828125,2158.5,-0.00603246319172146,2194.380029296875,2231.075,36.05191130097286,-28.323038202256157,2171.60009765625,2153.699951171875,2214.0,2259.10009765625,2214.699951171875,-0.0024090577585708095
2026-01-14,2158.5,2187.800048828125,2141.10009765625,791556.0,2156.0,2153.300048828125,-0.0024090577585708095,2170.22001953125,2226.345007324219,38.54031783402001,-31.126345583108105,2158.5,2171.60009765625,2153.699951171875,2274.10009765625,2239.699951171875,0.0
2026-01-15,2153.300048828125,2169.0,2142.0,618139.0,2153.300048828125,2153.300048828125,0.0,2158.080029296875,2222.385009765625,37.04334151814658,-32.9679528406632,2153.300048828125,2158.5,2171.60009765625,2214.0,2260.0,0.0018576138528287878
2026-01-16,2153.300048828125,2153.300048828125,2153.300048828125,0.0,2162.800048828125,2157.300048828125,0.0018576138528287878,2158.800048828125,2218.785009765625,41.59035605653963,-33.71601604426678,2153.300048828125,2153.300048828125,2158.5,2153.699951171875,2279.800048828125,-0.010522389402533916
2026-01-19,2157.300048828125,2193.89990234375,2152.10009765625,758469.0,2155.0,2134.60009765625,-0.010522389402533916,2151.400048828125,2213.5650146484377,35.90289384922765,-35.72869966143617,2157.300048828125,2153.300048828125,2153.300048828125,2171.60009765625,2279.5,-0.03724350996108805
2026-01-20,2134.60009765625,2156.800048828125,2123.0,749495.0,2134.0,2055.10009765625,-0.03724350996108805,2130.720068359375,2203.14501953125,22.740746135104942,-43.240304208660746,2134.60009765625,2157.300048828125,2153.300048828125,2158.5,2259.10009765625,-0.011143080821460538
2026-01-21,2055.10009765625,2139.89990234375,2040.0,1160975.0,2056.5,2032.199951171875,-0.011143080821460538,2106.500048828125,2192.3150146484377,16.617855300356254,-50.45948977907301,2055.10009765625,2134.60009765625,2157.300048828125,2153.300048828125,2274.10009765625,0.026670579900673896
2026-01-22,2032.199951171875,2068.199951171875,2004.0999755859373,1354644.0,2055.89990234375,2086.39990234375,0.026670579900673896,2093.12001953125,2185.5000122070314,24.25453001997454,-51.21686710082349,2032.199951171875,2055.10009765625,2134.60009765625,2153.300048828125,2214.0,-0.10649921471059665
2026-01-23,2086.39990234375,2102.89990234375,2051.0,942721.0,2080.5,1864.199951171875,-0.10649921471059665,2034.5,2167.2150146484373,15.246872038902296,-68.951938120455,2086.39990234375,2032.199951171875,2055.10009765625,2157.300048828125,2153.699951171875,0.05112115187440991
2026-01-27,1864.199951171875,2082.5,1848.0,7492631.0,1909.0,1959.5,0.05112115187440991,1999.47998046875,2155.0300170898436,27.72159996979107,-74.4588766125612,1864.199951171875,2086.39990234375,2032.199951171875,2134.60009765625,2171.60009765625,0.017963741348239415
2026-01-28,1959.5,1973.9000244140625,1893.0,5449633.0,1985.0,1994.699951171875,0.017963741348239415,1987.399951171875,2144.0300170898436,29.82962686969644,-75.11692204295014,1959.5,1864.199951171875,2086.39990234375,2055.10009765625,2158.5,0.012282549054862368
2026-01-29,1994.699951171875,2004.0,1952.0,2073198.0,1999.800048828125,2019.199951171875,0.012282549054862368,1984.799951171875,2133.005017089844,35.175039844701345,-72.82203544803633,1994.699951171875,1959.5,1864.199951171875,2032.199951171875,2153.300048828125,0.0005943310574523242
2026-01-30,2019.199951171875,2029.0999755859373,1972.0,1391239.0,2005.0,2020.4000244140625,0.0005943310574523242,1971.5999755859375,2121.025018310547,38.852662076901204,-70.09843429084322,2019.199951171875,1994.699951171875,1959.5,2086.39990234375,2153.300048828125,-0.012373787219315813
2026-02-02,2020.4000244140625,2038.800048828125,1992.199951171875,1230915.0,1956.5999755859373,1995.4000244140625,-0.012373787219315813,1997.839990234375,2106.8050170898437,35.438013414011365,-69.16001817861661,2020.4000244140625,2019.199951171875,1994.699951171875,1864.199951171875,2157.300048828125,0.10383886474243709
2026-02-03,1995.4000244140625,2002.199951171875,1934.0,1229270.0,2150.0,2202.60009765625,0.10383886474243709,2046.460009765625,2102.9600219726562,52.759360046732255,-51.107862753095105,1995.4000244140625,2020.4000244140625,2019.199951171875,1959.5,2134.60009765625,0.011622560782988067
2026-02-04,2202.60009765625,2233.39990234375,2131.10009765625,6918581.0,2220.0,2228.199951171875,0.011622560782988067,2093.160009765625,2101.4150146484376,54.569853712248324,-34.33985679449643,2202.60009765625,1995.4000244140625,2020.4000244140625,1994.699951171875,2055.10009765625,0.003769924902815358
2026-02-05,2228.199951171875,2246.0,2189.199951171875,2051918.0,2232.0,2236.60009765625,0.003769924902815358,2136.6400390625,2099.5400146484376,55.030802880145224,-20.141095633940495,2228.199951171875,2202.60009765625,1995.4000244140625,2019.199951171875,2032.199951171875,-0.004560580732867248
2026-02-06,2236.60009765625,2243.699951171875,2210.0,992382.0,2226.10009765625,2226.39990234375,-0.004560580732867248,2177.8400146484373,2100.160009765625,54.142178707586034,-9.600872748074835,2236.60009765625,2228.199951171875,2202.60009765625,2020.4000244140625,2086.39990234375,0.010645075616267485
2026-02-09,2226.39990234375,2238.0,2200.39990234375,933650.0,2250.0,2250.10009765625,0.010645075616267485,2228.780029296875,2104.980017089844,56.915334628243464,0.6571621617690653,2226.39990234375,2236.60009765625,2228.199951171875,1995.4000244140625,1864.199951171875,-0.009644102204654503
2026-02-10,2250.10009765625,2288.0,2240.0,1650899.0,2259.0,2228.39990234375,-0.009644102204654503,2233.939990234375,2107.8200073242188,61.14753830613753,6.9555253606577025,2250.10009765625,2226.39990234375,2236.60009765625,2202.60009765625,1959.5,0.002692514926826872
2026-02-11,2228.39990234375,2268.300048828125,2171.0,1670672.0,2232.89990234375,2234.39990234375,0.002692514926826872,2235.17998046875,2111.6150024414064,63.29561956732179,12.289507634879556,2228.39990234375,2250.10009765625,2226.39990234375,2228.199951171875,1994.699951171875,-0.010114507028002984
2026-02-12,2234.39990234375,2237.699951171875,2215.10009765625,682320.0,2229.0,2211.800048828125,-0.010114507028002984,2230.219970703125,2114.540002441406,58.60318702437753,14.525664889677046,2234.39990234375,2228.39990234375,2250.10009765625,2236.60009765625,2019.199951171875,-0.03399943462869448
2026-02-13,2211.800048828125,2229.5,2201.0,649585.0,2210.0,2136.60009765625,-0.03399943462869448,2212.260009765625,2113.7050048828123,73.4100975428599,10.11324880049824,2211.800048828125,2234.39990234375,2228.39990234375,2226.39990234375,2020.4000244140625,0.02246559852386687
2026-02-16,2136.60009765625,2210.0,2124.199951171875,1489548.0,2124.199951171875,2184.60009765625,0.02246559852386687,2199.160009765625,2115.0700073242188,71.05705257445939,10.370036778486337,2136.60009765625,2211.800048828125,2234.39990234375,2250.10009765625,1995.4000244140625,0.02668671705638337
2026-02-17,2184.60009765625,2190.89990234375,2103.199951171875,1824808.0,2170.0,2242.89990234375,0.02668671705638337,2202.060009765625,2120.484997558594,72.25607954005616,15.10374355365093,2184.60009765625,2136.60009765625,2211.800048828125,2228.39990234375,2202.60009765625,-0.014133466740423706
2026-02-18,2242.89990234375,2252.0,2170.0,1931699.0,2254.0,2211.199951171875,-0.014133466740423706,2197.42001953125,2128.289990234375,66.99715832217382,16.111594710753707,2242.89990234375,2184.60009765625,2136.60009765625,2234.39990234375,2228.199951171875,-0.02464725090605968
2026-02-19,2211.199951171875,2254.0,2188.10009765625,1149398.0,2218.89990234375,2156.699951171875,-0.02464725090605968,2186.4,2134.514990234375,61.02571414859789,12.37003542118191,2211.199951171875,2242.89990234375,2184.60009765625,2211.800048828125,2236.60009765625,0.0019010978574103277
2026-02-20,2156.699951171875,2218.89990234375,2151.0,1101633.0,2160.0,2160.800048828125,0.0019010978574103277,2191.239990234375,2138.234997558594,63.84795181781853,9.62471857804212,2156.699951171875,2211.199951171875,2242.89990234375,2136.60009765625,2226.39990234375,0.013976282159126052
2026-02-23,2160.800048828125,2174.39990234375,2152.10009765625,738454.0,2180.0,2191.0,0.013976282159126052,2192.519970703125,2154.575,48.6196939237947,9.773258824870936,2160.800048828125,2156.699951171875,2211.199951171875,2184.60009765625,2250.10009765625,-0.003651300775901367
2026-02-24,2191.0,2203.0,2155.300048828125,1103960.0,2168.60009765625,2183.0,-0.003651300775901367,2180.539990234375,2165.75,44.386498658925646,9.140083704011886,2191.0,2160.800048828125,2156.699951171875,2242.89990234375,2228.39990234375,0.022308727059951794
2026-02-25,2183.0,2204.699951171875,2162.199951171875,1152423.0,2193.199951171875,2231.699951171875,0.022308727059951794,2184.639990234375,2177.6,49.44681137235209,12.424742221847282,2183.0,2191.0,2160.800048828125,2211.199951171875,2234.39990234375,-0.006855782212161099
2026-02-26,2231.699951171875,2237.300048828125,2180.10009765625,1474187.0,2230.0,2216.39990234375,-0.006855782212161099,2196.57998046875,2187.459997558594,48.88392857142857,13.636083407972365,2231.699951171875,2183.0,2191.0,2156.699951171875,2211.800048828125,-0.02463447749563963
2026-02-27,2216.39990234375,2232.39990234375,2200.10009765625,915342.0,2210.0,2161.800048828125,-0.02463447749563963,2196.77998046875,2194.529998779297,40.780944680621104,10.07419906072164,2216.39990234375,2231.699951171875,2183.0,2160.800048828125,2136.60009765625,-0.01720785934482727
2026-03-02,2161.800048828125,2216.39990234375,2153.0,1433096.0,2093.0,2124.60009765625,-0.01720785934482727,2183.5,2200.9900024414064,39.50243449576803,4.20122577140728,2161.800048828125,2216.39990234375,2231.699951171875,2191.0,2184.60009765625,-0.022639600604985155
2026-03-04,2124.60009765625,2147.89990234375,2073.699951171875,2134522.0,2104.60009765625,2076.5,-0.022639600604985155,2162.2,2194.6849975585938,35.28424547508945,-4.285028621818128,2124.60009765625,2161.800048828125,2216.39990234375,2183.0,2242.89990234375,0.006116037164399124
2026-03-05,2076.5,2104.60009765625,2037.5,1585848.0,2094.0,2089.199951171875,0.006116037164399124,2133.7,2187.734997558594,38.359268078288245,-9.871869678334406,2076.5,2124.60009765625,2161.800048828125,2231.699951171875,2211.199951171875,-0.023597514795153596
2026-03-06,2089.199951171875,2100.0,2040.0,1231524.0,2079.10009765625,2039.9000244140625,-0.023597514795153596,2098.4000244140625,2177.8999938964844,40.34350375487813,-18.069282102970647,2089.199951171875,2076.5,2124.60009765625,2216.39990234375,2156.699951171875,-0.01995199409533721
2026-03-09,2039.9000244140625,2090.0,2030.199951171875,1696027.0,1985.0,1999.199951171875,-0.01995199409533721,2065.8800048828125,2166.5399963378904,31.211970519034224,-27.532567969478805,2039.9000244140625,2089.199951171875,2076.5,2161.800048828125,2160.800048828125,-0.0013505158252391514
2026-03-10,1999.199951171875,2006.0,1940.4000244140625,1305447.0,2030.0,1996.5,-0.0013505158252391514,2040.2599853515626,2153.859991455078,21.85929508127242,-34.848442539918324,1999.199951171875,2039.9000244140625,2089.199951171875,2124.60009765625,2191.0,-0.0109191328966316
2026-03-11,1996.5,2030.0,1982.199951171875,1680405.0,2006.5999755859373,1974.699951171875,-0.0109191328966316,2019.8999755859375,2141.1749938964845,22.365032253500075,-41.92215508663867,1996.5,1999.199951171875,2039.9000244140625,2076.5,2183.0,0.013824909861330559
2026-03-12,1974.699951171875,2027.4000244140625,1970.0,1088294.0,1960.0,2002.0,0.013824909861330559,2002.4599853515624,2129.554998779297,30.696285247921267,-44.808710536251056,1974.699951171875,1996.5,1999.199951171875,2089.199951171875,2231.699951171875,-0.020429582624406972
2026-03-13,2002.0,2026.0,1947.0999755859373,1473773.0,1999.9000244140625,1961.0999755859373,-0.020429582624406972,1986.6999755859374,2117.0199951171876,27.177128118618313,-49.822296263008866,2002.0,1974.699951171875,1996.5,2039.9000244140625,2216.39990234375,0.008617625120826977
2026-03-16,1961.0999755859373,2008.5999755859373,1945.0,1195448.0,1961.0,1978.0,0.008617625120826977,1982.4599853515624,2109.089990234375,24.89391507335445,-51.83439371660643,1961.0999755859373,2002.0,1974.699951171875,1999.199951171875,2161.800048828125,-0.0013144467067429666
2026-03-17,1978.0,1994.800048828125,1946.5999755859373,1465828.0,1989.9000244140625,1975.4000244140625,-0.0013144467067429666,1978.239990234375,2098.629986572266,25.214898293667787,-53.027523463840225,1978.0,1961.0999755859373,2002.0,1996.5,2124.60009765625,0.01609796819114906
2026-03-18,1975.4000244140625,1990.0,1945.0,1268988.0,1988.9000244140625,2007.199951171875,0.01609796819114906,1984.739990234375,2086.8449890136717,22.070159921563985,-50.82126317157599,1975.4000244140625,1978.0,1961.0999755859373,1974.699951171875,2076.5,-0.0350736867558451
2026-03-19,2007.199951171875,2027.0,1982.199951171875,1041095.0,1984.0,1936.800048828125,-0.0350736867558451,1971.7,2073.1249938964843,19.409190056366086,-54.12949859199193,2007.199951171875,1975.4000244140625,1978.0,2002.0,2089.199951171875,-0.005008298738972461
2026-03-20,1936.800048828125,1988.5999755859373,1930.0,1510588.0,1951.0,1927.0999755859373,-0.005008298738972461,1964.9,2061.6449951171876,21.523891392072656,-56.878355563580726,1936.800048828125,2007.199951171875,1975.4000244140625,1961.0999755859373,2039.9000244140625,-0.04882983590787815
2026-03-23,1927.0999755859373,1974.4000244140625,1919.9000244140625,1175662.0,1910.0,1833.0,-0.04882983590787815,1935.9,2045.2549926757813,18.91256954624204,-65.8903828038624,1927.0999755859373,1936.800048828125,2007.199951171875,1978.0,1999.199951171875,-0.008237848110167811
2026-03-24,1833.0,1910.0999755859373,1820.5,2370668.0,1892.699951171875,1817.9000244140625,-0.008237848110167811,1904.4,2026.5999938964844,20.344031194013212,-73.40475681032467,1833.0,1927.0999755859373,1936.800048828125,1975.4000244140625,1996.5,0.03779083021576923
2026-03-25,1817.9000244140625,1893.0,1813.699951171875,11211381.0,1847.9000244140625,1886.5999755859373,0.03779083021576923,1880.2800048828126,2011.7799926757812,29.410566478342545,-72.97522744201501,1817.9000244140625,1833.0,1927.0999755859373,2007.199951171875,1974.699951171875,-0.03371142606221256
