Date,Close,High,Low,Open,Volume
,ADANIPORTS.NS,ADANIPORTS.NS,ADANIPORTS.NS,ADANIPORTS.NS,ADANIPORTS.NS
2020-01-01,362.58428955078125,364.1204661314676,351.39905235100105,353.3192657518262,11377167
2020-01-02,367.8648681640625,369.3530510964502,361.4801646093419,362.8723310138126,5919760
2020-01-03,367.24078369140625,369.0169868058872,364.0724435521594,367.43281673626376,3684824
2020-01-06,365.0325622558594,372.52138245106073,359.79996926168815,372.52138245106073,12482680
2020-01-07,369.44903564453125,374.201575390713,367.1447854918884,368.7289556405722,8091465
2020-01-08,370.2651062011719,372.1373258001791,363.16032318721113,363.8804031406557,4620991
2020-01-09,376.1697692871094,378.28201561210176,370.64915611510537,373.62549255482037,4186783
2020-01-10,376.4098205566406,378.57006063474944,374.4416135388606,376.16979388129516,2405154
2020-01-13,374.77764892578125,378.1860159245286,373.7695193302833,376.2658025618246,1516112
2020-01-14,373.6734924316406,376.9378489416547,370.6011396574347,375.40167255455174,1963128
2020-01-15,375.2096252441406,375.7856950299042,370.6011255582851,373.769465429795,1536571
2020-01-16,375.35369873046875,378.8580820700542,374.24955266583044,376.3617989719491,1340762
2020-01-17,372.1373596191406,376.74586001994413,370.60118305216247,375.30569998217663,1644832
2020-01-20,364.8885192871094,373.67351854280446,363.6883859789684,372.185335660632,1760945
2020-01-21,364.79254150390625,366.76074846014546,360.3280220419703,363.6883953917361,2005178
2020-01-22,368.29693603515625,369.6410795553312,363.88043935446893,364.7925524396579,1817459
2020-01-23,370.4571533203125,371.32124343725764,365.5606035907843,369.11300988282795,1202104
2020-01-24,369.4010314941406,371.9453082421965,365.1285452058005,367.7208448661621,1572385
2020-01-27,366.0406494140625,370.84118252113217,364.64848309296076,368.3929223565782,1076027
2020-01-28,358.07177734375,366.28067726354993,355.4314841262539,365.5126036839663,2220618
2020-01-29,368.0568542480469,372.2813172360906,358.8398254467798,362.44022503320235,3588224
2020-01-30,362.9203186035156,368.39293830250955,361.81620180112355,365.8006385924324,1526892
2020-01-31,354.66339111328125,366.32868106599403,353.5592743243648,364.8885210891127,2912256
2020-02-03,352.6951904296875,355.23946724043753,341.3179205512853,349.47882723113315,2857926
2020-02-04,357.63970947265625,361.0000825817953,351.7350597266233,355.3354594864151,3061868
2020-02-05,351.9750671386719,357.63968992442943,346.69448111294207,357.1596366493631,3441871
2020-02-06,355.4314880371094,358.311807942434,352.98319853750587,355.23945499003605,4172547
2020-02-07,354.8074035644531,358.79186963324247,352.55117635939786,355.4314963319415,2197903
2020-02-10,353.55926513671875,358.55183131355494,351.543035361453,355.2874453440157,1537598
2020-02-11,359.27191162109375,363.30434187528783,354.327339050872,355.71950538037447,2836917
2020-02-12,359.1759033203125,363.7844035163509,356.7756366973488,361.91221313051705,1873710
2020-02-13,354.3753662109375,359.75196924778567,352.3591364096033,359.07988288063115,1602247
2020-02-14,352.2151184082031,357.15966162715546,351.39902192349166,355.5274686577326,1012713
2020-02-17,348.3266906738281,352.21514029551395,345.06233383225776,352.21514029551395,1979626
2020-02-18,351.9750671386719,353.7512701164427,344.0541881000771,348.0386244231025,1693616
2020-02-19,356.487548828125,359.5119078882821,352.6951455513055,356.1995285843608,2057811
2020-02-20,356.0555725097656,359.55995607476723,355.2394759617193,356.1995826535077,1799254
2020-02-24,347.79864501953125,356.58361528629246,347.07856500913886,352.98321523433043,2070656
2020-02-25,344.10223388671875,350.15092364984565,341.41394685874974,347.8466441400081,2530137
2020-02-26,344.10223388671875,348.0386771992049,338.82164706024804,342.66207384313583,4164401
2020-02-27,339.5897216796875,346.35846160005286,337.4774754051797,344.3902547579973,1977795
2020-02-28,328.5484924316406,334.741162462872,325.6681726124274,333.15699242233046,4299292
2020-03-02,327.0603332519531,337.04543682026866,324.80407670379213,332.29292635512667,2510491
2020-03-03,333.4450378417969,335.1252245297705,328.3564841639862,330.2766975216703,3671071
2020-03-04,332.14892578125,335.8453131494571,326.340262645252,333.9250997425417,3490806
2020-03-05,335.22119140625,337.8614843819975,332.67691494419125,333.4449884534491,2709900
2020-03-06,327.7804260253906,329.508635689224,318.03534874646857,326.2442494242493,3966036
2020-03-09,309.0583190917969,321.34770156588905,304.2097923185068,321.34770156588905,3230309
2020-03-11,307.4261779785156,313.33082834113003,303.58575116704196,309.9224319658684,5634335
2020-03-12,276.1746520996094,289.85617087563855,272.67026893980983,276.7027282991116,9895066
2020-03-13,281.0711975097656,288.70405643802366,222.74472356025834,249.62770743822054,21079070
2020-03-16,253.74551391601562,268.7431090920673,244.62077658715634,265.0058413027527,7727458
2020-03-17,259.3271789550781,275.0528145929928,257.2401422166009,257.2401422166009,9691217
2020-03-18,252.77479553222656,265.0058402371933,248.50364505758787,262.0936881466747,5581367
2020-03-19,250.7848663330078,256.41501585508655,233.94291216714018,240.73793451224384,8727962
2020-03-20,248.89193725585938,256.75475417816483,239.96134007292633,250.05680999395807,7028900
2020-03-23,201.715087890625,228.89517633138755,197.05564119552832,228.11859941354263,5716748
2020-03-24,224.96376037597656,231.75878226435557,206.37452784898574,209.6749611271238,9694177
2020-03-25,248.1153564453125,258.69616945899713,215.79046626721623,215.79046626721623,11745146
2020-03-26,240.93203735351562,252.48358242022812,234.42823423163668,250.1053131219246,8701776
2020-03-27,243.9412841796875,251.99824151575294,236.85504423804028,251.41580515431323,4871435
2020-03-30,244.28102111816406,247.38732856296272,230.06001752108006,240.7379086296534,8946439
2020-03-31,243.9412841796875,251.99824151575294,239.81573525341017,247.53293557664045,6401278
2020-04-01,237.6316375732422,240.54378995817905,228.1671423221974,238.8450344002992,4034211
2020-04-03,237.6316375732422,245.39737726640715,231.90439566234923,238.79649556482232,7210403
2020-04-07,240.83499145507812,248.35805126104242,238.4081979692832,246.7563586732346,7360798
2020-04-08,243.50445556640625,248.35804236412636,235.6416390293111,240.73790516691722,6897792
2020-04-09,244.523681640625,247.1446301969367,240.20399262339987,246.56219389287398,5290625
2020-04-13,255.15310668945312,257.72550219904196,240.25258679571706,244.6208156465483,6979344
2020-04-15,261.0259094238281,271.21844237719546,257.2401173945092,257.2401173945092,7606664
2020-04-16,259.76397705078125,263.3556135857058,252.67772239592284,259.18154069745896,3267284
2020-04-17,260.2978515625,267.82091102745056,255.88109946813833,266.9472713369545,3470146
2020-04-20,262.57904052734375,265.4911925479797,258.7446951839295,265.4911925479797,2234365
2020-04-21,257.43426513671875,261.70541575213895,253.26016256169362,258.25935122374034,2562044
2020-04-22,263.93804931640625,265.8309600542526,250.9304423679621,252.3865184358613,3229099
2020-04-23,269.4711608886719,271.5096733891962,260.63762646902944,265.4912135541138,3594086
2020-04-24,262.7246398925781,268.84017685648485,261.65684490294916,265.9280248614651,2515755
2020-04-27,263.2099609375,268.98574008499367,261.60828349395723,265.2969969775066,1845577
2020-04-28,264.9573059082031,266.6560612282346,262.0936779477162,263.2099969475199,1808291
2020-04-29,279.2268371582031,284.6143361740446,264.7146306875112,265.97655138098276,4058322
2020-04-30,281.6051330566406,287.33235998286136,276.75154589476796,286.4101665725275,4675412
2020-05-04,258.5505676269531,271.8008533005674,254.32794130267376,266.9472666344858,6359013
2020-05-05,255.39576721191406,263.7439432129832,253.4543323104536,263.7439432129832,4866839
2020-05-06,262.23931884765625,265.4912283000698,253.4543375852946,253.4543375852946,10547916
2020-05-07,274.1305847167969,276.1690971583963,260.5890949152066,263.25856773483963,6505707
2020-05-08,276.7029724121094,278.450281439487,272.3347442795797,276.7515260546144,2594066
2020-05-11,281.2168273925781,284.6628621262861,276.8485993292592,276.8485993292592,3204070
2020-05-12,282.9640808105469,284.22600139683277,276.8970979458267,280.53728766465883,4602740
2020-05-13,300.2914733886719,302.7667912369524,254.66774954576752,288.3031059860127,9559902
2020-05-14,299.3692321777344,302.3299379424139,292.28300719803667,292.28300719803667,5684066
2020-05-15,300.1943359375,302.8638086095392,296.4085442546692,299.95165660367826,3712050
2020-05-18,284.71142578125,298.3500241853934,282.8185444646527,297.0395496591666,3625908
2020-05-19,309.85296630859375,311.50316790321557,288.64278790595625,291.0210274574837,10540236
2020-05-20,314.269775390625,315.28901686663795,302.42701061512975,308.68815003619693,6985180
2020-05-21,307.8630065917969,312.71659342005773,306.1642512019056,310.04712066451424,4602568
2020-05-22,301.50482177734375,305.77597229090424,297.5733986449519,305.77597229090424,3428549
2020-05-26,306.3584289550781,311.16346249249784,300.5341243347304,303.25212130798127,4031218
2020-05-27,317.0848388671875,318.88067201642207,303.83455202782375,303.83455202782375,6352246
2020-05-28,322.0840148925781,324.3652066607787,317.86141798797047,319.85137676775236,5654879
2020-05-29,314.31829833984375,320.3367583771132,312.6195428029954,320.3367583771132,12299517
2020-06-01,319.70574951171875,326.50077062940056,316.4538406234685,316.4538406234685,2865749
2020-06-02,329.9953918457031,331.6455936506672,316.25971694212024,320.5308971995427,4668305
2020-06-03,329.6070251464844,334.84892191227885,326.98610638752615,333.9267286898679,5177337
2020-06-04,329.2673645019531,332.85900122290974,327.71421068729444,331.01464402847853,4625229
2020-06-05,331.1602478027344,336.9845524264047,327.3259316998519,330.14100634317015,2348630
2020-06-08,333.24725341796875,337.4698798027451,330.96609135138215,333.0531277229095,2771175
2020-06-09,335.916748046875,341.06156809678333,331.30584034709705,334.41214791020946,3387618
2020-06-10,336.402099609375,339.50840710653193,330.43219358647207,335.9167409144407,2324983
2020-06-11,328.7334289550781,337.80964222115347,326.9375959092863,337.80964222115347,4260956
2020-06-12,335.1886901855469,337.61548356836704,318.1040884696469,320.9676868870091,3022904
2020-06-15,329.80126953125,336.69336968318254,326.98619471537535,336.3536126345199,2474091
2020-06-16,330.8204650878906,336.8389245812832,326.0639559393412,336.8389245812832,2686016
2020-06-17,331.30584716796875,336.3050656340171,327.66565680372673,331.0146437884074,2457982
2020-06-18,333.73260498046875,335.38283628499335,325.3359060315518,330.3836479786161,2502231
2020-06-19,338.6833190917969,344.50762390721536,331.50001574423663,334.315090480233,6917609
2020-06-22,339.36279296875,343.53686574242533,336.5477185662288,339.7510739856594,2515837
2020-06-23,345.2356262207031,346.7402559164117,336.59624756487915,339.75107901285566,2715717
2020-06-24,341.54693603515625,349.45827721964525,339.36282180253346,344.94444706368057,2841354
2020-06-25,333.9267578125,341.2071377066679,332.17947848747633,339.55690641441316,5056963
2020-06-26,333.15020751953125,338.78035631938815,329.65561912268026,337.8096389660374,3979419
2020-06-29,332.6163024902344,333.97530088991977,329.1702676598954,331.35438175280007,3263757
2020-06-30,333.8297119140625,339.5569387175354,332.3736357967078,333.92678958000835,2828818
2020-07-01,333.73260498046875,336.8874362913985,331.30581166436895,335.771117290781,1202080
2020-07-02,336.644775390625,339.3628018278301,334.8004182942015,335.8682133365341,1204040
2020-07-03,349.8465576171875,356.0591432758298,338.44062775698154,339.9452575554609,9300920
2020-07-06,348.92437744140625,355.2825644918885,345.67246826238846,354.4089247662874,3360559
2020-07-07,335.8197021484375,350.42898741982464,334.16947069051145,350.42898741982464,4348413
2020-07-08,330.6263427734375,339.41132313901073,329.3643924156798,338.7803627721035,3988463
2020-07-09,333.1016540527344,336.35356311295845,330.04390031285965,331.014617666721,3635224
2020-07-10,325.14178466796875,332.6648440480032,322.52083600212177,331.0146127215155,3368457
2020-07-13,322.4722900390625,329.70411595076604,321.792776098178,326.40368314634196,2187702
2020-07-14,311.017822265625,323.7342250359015,310.3383379184753,322.9576630323185,3146768
2020-07-15,305.92156982421875,314.9977830574421,303.73745576603926,311.163437639061,3905249
2020-07-16,302.0872802734375,308.15426429544624,300.5341264390142,307.71742959628347,3122788
2020-07-17,303.83453369140625,309.5617601908327,301.5048179521074,302.86381633136983,3264266
2020-07-20,308.00860595703125,309.367633957885,301.26213809081725,306.74668524074457,4328735
2020-07-21,305.4847717285156,315.82290591402466,304.4169766843535,311.50320171789093,4264584
2020-07-22,302.86383056640625,309.31909538926675,300.0487560147766,306.9408555197625,3068805
2020-07-23,304.70819091796875,306.6981793948766,302.47555271103704,304.22283221003187,2831414
2020-07-24,300.3399963378906,304.75677885141647,296.40860221085745,304.7082252007932,2457668
2020-07-27,300.00018310546875,301.6018904211113,289.27376831128817,299.95165908787936,5465737
2020-07-28,309.27056884765625,310.6295672797162,299.0294825270367,300.82531563766133,4973488
2020-07-29,305.92156982421875,313.54170701865576,302.91234008593847,307.7659268818929,4000041
2020-07-30,303.34918212890625,312.32831791992186,301.019466334945,308.54252605174185,2498353
2020-07-31,305.9701232910156,308.8337217246202,303.59185391278515,305.7759679697117,1944926
2020-08-03,302.23284912109375,310.1927135185919,299.6119004588301,301.89309212799407,2408531
2020-08-04,305.72747802734375,308.44547508488625,302.2328892219704,303.8345671174489,3182644
2020-08-05,317.52166748046875,319.1718692861838,304.2228272502344,307.1349794503782,8387003
2020-08-06,314.31829833984375,321.2103981569889,311.98858238552657,320.43383604686505,3281920
2020-08-07,317.0848388671875,318.7350703284181,312.13417410744046,314.41536596598456,2634656
2020-08-10,321.5986633300781,324.17108814371,316.16266957977354,319.36602515577044,3187734
2020-08-11,325.1903076171875,326.8890629554862,321.0162349212303,323.73423161293147,3504782
2020-08-12,331.2087707519531,337.5669575272605,322.03547997029096,326.16102869636103,10674205
2020-08-13,337.4698791503906,338.7318294735774,331.7426527382208,333.4899321100888,2707033
2020-08-14,337.9067077636719,343.39125474146806,333.5870038049798,343.39125474146806,3376980
2020-08-17,346.9829406738281,347.51682338531754,336.64477683765193,340.57620001623746,4507708
2020-08-18,346.9829406738281,348.97289946095435,344.119312542165,346.4490283383952,2151389
2020-08-19,346.2063293457031,355.4766976088757,345.0900103425199,349.45823832153917,3269069
2020-08-20,343.24566650390625,346.64317728452534,337.76111931140974,344.5561408726479,3533915
2020-08-21,343.97369384765625,348.8272805264042,342.6632195196059,347.41972853999044,1341709
2020-08-24,338.78033447265625,352.6615798808421,337.4213361903908,347.9050710809425,3488987
2020-08-25,335.9653015136719,341.69252830767647,331.01463679806153,341.5954506418911,3532971
2020-08-26,343.87664794921875,356.1562174557851,336.20798621331943,336.20798621331943,11568355
2020-08-27,340.28497314453125,346.98294691203444,339.3142557433214,345.5753948307025,2996658
2020-08-28,349.5068054199219,352.37043374205956,338.2950307413437,344.60469415545765,5406394
2020-08-31,345.33270263671875,367.2709210129194,341.69251251756856,354.311838263956,19379155
2020-09-01,338.58624267578125,354.6516346255926,331.40293930158066,346.54613780261883,6726316
2020-09-02,349.36114501953125,352.85573317104775,334.02382376291064,342.6146776617394,5694675
2020-09-03,355.2825927734375,357.2240277066257,349.02145326432714,352.85579910695225,4285869
2020-09-04,342.6632385253906,352.75869345234145,340.8188814099577,352.75869345234145,7628188
2020-09-07,341.7410583496094,347.4683148684648,337.0331025274869,344.6046866090371,3344349
2020-09-08,335.4799499511719,345.526881283001,333.48996144400945,342.3720496334473,2339457
2020-09-09,333.7811584472656,336.1593981214393,325.53006117682486,334.31504112695274,3413201
2020-09-10,331.5970458984375,338.7318241997081,326.74345924776935,335.8681962262371,3892385
2020-09-11,332.4706726074219,333.82967089183194,323.685692961824,331.01459666899524,4656343
2020-09-14,341.352783203125,343.2456940681999,333.39291793796747,334.89751812634825,4221864
2020-09-15,342.3234558105469,346.3519267500763,340.72177816277514,344.701725086046,2042309
2020-09-16,343.1971130371094,345.67246009576616,338.73183685087633,341.93519231038147,1998091
2020-09-17,335.9653015136719,345.0900392425539,334.8975064379215,341.69252830767647,2433176
2020-09-18,347.3712158203125,349.26409691222096,336.9360041216206,338.4891578341215,4963124
2020-09-21,337.6640319824219,348.48752437743394,333.87824028862536,347.5168070393353,3086172
2020-09-22,322.5693664550781,338.1493978369964,317.5701779824277,337.66403915763334,4670128
2020-09-23,315.0948791503906,325.53009137212575,310.77517479972244,322.812064833028,4281260
2020-09-24,304.56256103515625,313.4931722840109,302.96088337203065,312.1341443284456,6847625
2020-09-25,316.5994567871094,320.0455211431926,306.35840062622947,309.6588336811143,6282538
2020-09-28,329.6070251464844,333.15016675179265,318.20109764036243,318.20109764036243,4249775
2020-09-29,331.0146179199219,336.25648570999425,327.0346708412574,333.34433364618263,3490634
2020-09-30,331.74267578125,336.4021075125062,320.33674618233357,330.5778030364637,2757175
2020-10-01,342.9544372558594,344.50759098299363,334.41213619253597,335.38285356900195,3004005
2020-10-05,340.0908508300781,347.51683309859726,338.2464936741761,345.4783206109395,11896461
2020-10-06,352.2733459472656,353.8264997447338,344.4590825624262,345.57540167112546,7483578
2020-10-07,350.0892333984375,357.95205046565854,348.4875555719903,351.9335905811326,4024700
2020-10-08,349.2156066894531,352.1762830967277,345.9151732459473,349.2641307129379,3036028
2020-10-09,346.74029541015625,351.8365621758142,344.7503068034838,350.42900998143483,1988867
2020-10-12,347.1770935058594,352.2248361454262,344.65322218607594,348.58464567187684,3626399
2020-10-13,339.6540222167969,348.1477997139071,338.1979460744351,347.17708228566596,2413110
2020-10-14,338.7318420410156,340.9159561488555,334.6062931706513,338.87744372341626,2363379
2020-10-15,332.7619323730469,343.4883780460725,331.2573321644424,340.33354631117305,2855273
2020-10-16,339.70257568359375,344.36200748711843,331.93683626175596,334.2665521635183,2634960
2020-10-19,337.372802734375,342.2749431203042,334.7033300251076,342.2749431203042,2181974
2020-10-20,338.7318420410156,341.9837215690891,335.5284569084843,336.54772793317574,1999765
2020-10-21,344.9444274902344,349.60385907252453,339.3142489023616,339.9937629190864,4398526
2020-10-22,347.8565979003906,353.3896694918975,339.896703103415,340.28498415166973,4506437
2020-10-23,353.680908203125,358.1947384128062,347.1770894501164,349.4582813783475,6357073
2020-10-26,353.0499267578125,362.9512263660803,349.7980175750018,355.2825649062799,7541562
2020-10-27,353.72943115234375,355.4767403282995,340.721823309752,349.6524356563379,5869559
2020-10-28,343.294189453125,359.165424260789,341.692511729183,352.37040272072,3863941
2020-10-29,332.6648864746094,340.2849948612608,331.16025663234336,340.2849948612608,3346474
2020-10-30,349.3126525878906,352.0792030256426,333.15021425273585,335.091648998675,12044256
2020-11-02,346.44903564453125,352.0792143634258,340.91596421479267,349.45826552242994,9364431
2020-11-03,343.294189453125,352.030645718928,337.0330802369986,351.399685357853,7971473
2020-11-04,350.5260314941406,358.68005108799684,339.36278227218673,356.8842181144594,17940352
2020-11-05,357.8549499511719,363.6792541292697,353.63232349726235,355.33107888254085,16920686
2020-11-06,360.2331848144531,364.8926158607822,355.0883655091938,357.8549156534255,7290106
2020-11-09,356.3017883300781,364.9897203856431,355.28254697113135,364.01900304419195,7038841
2020-11-10,356.0105895996094,363.53364909353434,353.4867185542783,359.84493499770304,6850175
2020-11-11,360.7185974121094,361.54371313981596,354.55453590081754,356.0106120236135,4370366
2020-11-12,357.27252197265625,364.60145600937227,355.3796408448261,362.0775848816551,4759659
2020-11-13,354.7971496582031,359.5536581884774,352.07915324774325,356.738584129657,4156320
2020-11-14,355.379638671875,358.19471314852456,352.3704088696868,358.19471314852456,444529
2020-11-17,368.5328063964844,375.42490495259347,355.52520087624396,357.70931473828233,11192618
2020-11-18,379.6476135253906,383.6275611304726,370.8140785053175,370.8140785053175,15514329
2020-11-19,370.71697998046875,381.2007459815359,368.48434174473095,378.57979707528284,6894431
2020-11-20,364.8441162109375,371.44498223802907,362.0775658819572,369.8433045603906,5562369
2020-11-23,364.16461181640625,368.24163657951937,359.456626693844,364.8441258182394,4065424
2020-11-24,380.7638854980469,390.22837978384916,364.989728355043,366.9311630803358,19485370
2020-11-25,387.2676696777344,392.8492940229203,373.14371551685633,384.6952451934095,18238080
2020-11-26,398.1397399902344,400.90629053493745,384.06433753803924,389.06352627730587,12856261
2020-11-27,399.49871826171875,403.81842236981925,396.2468387999623,398.96483556248967,10593353
2020-12-01,411.3900146484375,413.52560473844824,399.93556139023633,402.84771353628173,9170159
2020-12-02,425.36834716796875,429.0570611837728,408.0410368492203,412.4577888647706,13049398
2020-12-03,423.03863525390625,431.48388856700006,420.36916237750745,429.0570950430012,10810399
2020-12-04,440.41448974609375,444.8797660212037,426.1449323265829,426.8244463461572,10271034
2020-12-07,457.6932373046875,460.9936704187874,445.5592702499503,447.50070497870826,16140936
2020-12-08,449.78192138671875,460.7995700016834,444.15174259005954,458.85813516641014,9218366
2020-12-09,450.3157958984375,456.14010029796185,444.7341708488933,453.9559861481402,5811412
2020-12-10,457.2079162597656,460.21714626184826,443.6178720397301,450.3158164805299,4785102
2020-12-11,452.6455078125,461.09076096823253,449.1509489022116,457.9359294458183,4922448
2020-12-14,453.32501220703125,458.6154337279754,449.5392203853372,454.8781659252487,5943652
2020-12-15,461.81878662109375,465.6045784216278,447.9375401444878,455.7518030869228,10973876
2020-12-16,461.6246643066406,466.3812034366988,459.2949483877225,465.94436874142565,5452263
2020-12-17,454.0530700683594,464.7794856356824,451.91747990953434,464.00292355462483,6757703
2020-12-18,449.73333740234375,459.1007835497626,445.07390596159223,454.05304146899624,5980780
2020-12-21,431.2412109375,453.3250320941193,414.6904908872818,445.55929278629714,8223842
2020-12-22,454.9266662597656,456.7224992272114,422.2620343545951,431.2411695678824,9462053
2020-12-23,456.9651794433594,462.7409593602499,448.95676153489904,453.4705911585156,7943560
2020-12-24,464.53680419921875,468.75943085290174,452.35431256658484,460.9936915813724,7679078
2020-12-28,469.390380859375,478.5151480007059,465.9443459834499,465.9443459834499,8372924
2020-12-29,469.2447509765625,475.5058895990266,464.19703863945267,470.7979046279586,5866837
2020-12-30,471.18621826171875,473.3218083832583,464.1485171382079,469.8272198316227,3736356
2020-12-31,469.58453369140625,476.42807938709893,466.1870228533289,471.1862114474255,4386328
2021-01-01,489.095947265625,493.12441838075796,468.4196497441921,470.79791912336145,7815730
2021-01-04,484.2908630371094,495.9394708293378,480.69922674220385,492.1536792216519,9998803
2021-01-05,484.8247985839844,489.72690941537377,477.5929423832783,484.2908862602064,5135408
2021-01-06,482.25238037109375,490.16375068175904,475.16615537845917,487.1059672493211,5203982
2021-01-07,498.8031005859375,505.6467054936561,484.8733299219686,485.45576627309,10295126
2021-01-08,501.8609313964844,511.90783349994564,499.43413772435434,504.7730838030404,7272250
2021-01-11,493.4642028808594,507.19984835162154,489.24157620902827,505.2098895043174,7156036
2021-01-12,496.2792663574219,505.40403353581365,487.8340132025934,492.1537174439372,6751375
2021-01-13,520.9354858398438,524.1873652398631,499.5311210275749,500.7931009718305,11045555
2021-01-14,521.2266845703125,526.5656299096626,514.577235280755,522.1974019047398,6066782
2021-01-15,512.4901733398438,525.1580213395872,508.6558284324283,521.0809971247136,5427713
2021-01-18,500.4048156738281,516.7128560130387,489.0474103356302,515.4509352527696,6258367
2021-01-19,517.1982421875,519.3338324133574,500.890200981855,500.890200981855,6694907
2021-01-20,542.24267578125,546.0284970600196,513.5094665684452,513.5094665684452,14440729
2021-01-21,531.6134033203125,545.3975428856113,526.7598163612953,545.3975428856113,8870257
2021-01-22,520.1103515625,541.1749302020027,516.1304340709312,533.4091912932744,6843849
2021-01-25,508.31622314453125,531.4192869118724,506.7145156315964,527.0995823524078,5816153
2021-01-27,503.65667724609375,520.3045036265837,497.492645725045,512.7814441058634,8920054
2021-01-28,503.89935302734375,512.490237129397,492.2022208014935,500.59894958383813,5707393
2021-01-29,494.774658203125,517.4894092439025,492.25078710172414,512.1019396587885,6781488
2021-02-01,526.8568115234375,529.4777600678334,485.45572484302147,499.23989264881874,10259084
2021-02-02,534.6710815429688,538.6024747918668,524.1873464632797,532.6325988947646,7160471
2021-02-03,543.6987915039062,545.8343816313749,526.128830280413,533.4577347935976,7462289
2021-02-04,551.7557373046875,556.6093238071992,537.8259084937495,541.5632056494128,6850462
2021-02-05,550.3482055664062,557.1432269192907,545.2034155345135,554.279598928141,5586868
2021-02-08,565.0061645507812,576.6062516653459,554.3767950316128,555.396095905099,8887710
2021-02-09,564.9090576171875,572.5291662477416,556.415279542668,572.3835941723434,10917915
2021-02-10,559.958251953125,569.8110562674649,534.3798747448712,567.6269423379899,19987392
2021-02-11,574.51904296875,576.3149056245787,559.4243999451567,559.9582826409329,10595917
2021-02-12,598.5443115234375,603.4464816802194,568.9374314970199,574.9558910896724,24953701
2021-02-15,609.3678588867188,621.1620992094884,592.9141868091363,599.8548400439989,15146033
2021-02-16,617.91015625,624.6566541074202,609.6590582547972,611.3578137243977,15120148
2021-02-17,636.5479736328125,650.3806974212496,627.9571478212557,638.7320879151973,34868085
2021-02-18,644.6048583984375,650.3806386057826,630.0440978326365,641.450026942514,13189027
2021-02-19,634.3638305664062,656.8359624179908,610.2415265079869,645.4785568153495,17553743
2021-02-22,654.0693969726562,658.6317807745414,629.9956163930397,639.5086354227401,16739107
2021-02-23,642.6148681640625,662.70872861031,639.9453955244081,660.0877799872545,11247164
2021-02-24,645.7212524414062,651.351401739502,634.266798507786,647.1773286002874,3919187
2021-02-25,683.6762084960938,690.5197538713315,647.61409498073,649.7982089886495,18596690
2021-02-26,656.10791015625,682.8511625053601,648.4392190462189,676.6870715061132,19909990
2021-03-01,672.6101684570312,684.01609889563,653.5840702192286,664.5531659403873,11600468
2021-03-02,699.40185546875,703.4788802162712,675.6192802307426,677.1724043022336,11486477
2021-03-03,708.4780883789062,732.8431312759436,702.2170083909009,710.5651545401678,19961472
2021-03-04,730.4163208007812,743.2783263740465,694.8880283477835,711.778534837491,30607959
2021-03-05,727.0187377929688,738.715869474493,709.1089916571841,730.4162483621682,17665200
2021-03-08,726.4849243164062,745.3168062876823,722.4078993954864,740.3661712573506,15286852
2021-03-09,728.76611328125,737.1628427811158,717.0204560337486,733.4255451129907,8548163
2021-03-10,723.524169921875,736.8715337942695,721.2430077955659,735.3184096973636,5235249
2021-03-12,706.827880859375,730.0765146105366,701.8286626750523,727.0673144448328,10961076
2021-03-15,697.9943237304688,706.4881008479507,685.3749977273527,706.4881008479507,13403522
2021-03-16,696.3440551757812,714.1567537862738,693.3348551424301,709.9826811036666,14979009
2021-03-17,668.09619140625,695.9557901695345,663.7764875090777,694.0628795575282,8151544
2021-03-18,659.7481079101562,684.8411291265521,655.6225589395144,674.6485963755545,10925357
2021-03-19,666.15478515625,671.2510512721994,637.8583505466336,657.5639602599465,10373422
2021-03-22,700.7608642578125,704.9834609443496,661.0585017598652,665.9120884100845,22864950
2021-03-23,716.9232177734375,732.8915284887619,705.8084933394956,708.8662763959184,30612174
2021-03-24,686.1515502929688,728.523387254847,677.2209978741632,719.3015722263046,21213413
2021-03-25,668.09619140625,691.4904549760988,663.1455568036642,690.1800103012623,16860086
2021-03-26,682.4628295898438,689.8888411092265,672.3188213060984,677.560718760708,12350673
2021-03-30,689.7432250976562,696.9750814553709,676.8812197643921,682.462844720337,9109273
2021-03-31,681.8319091796875,698.8194632740915,678.1431357494504,684.3557506602729,7752226
2021-04-01,714.690673828125,720.272298785017,684.3557555841469,692.606853346509,15017049
2021-04-05,720.5150146484375,723.1844875892031,694.0629645990338,710.3224816018783,15622924
2021-04-06,811.0829467773438,827.7307746060575,721.2430593738292,733.8623861192663,64555516
2021-04-07,790.8920288085938,859.0849285002829,771.7203595002542,831.9048403669407,97717880
2021-04-08,798.900390625,813.461151085966,782.3981954359052,794.046803804678,34025873
2021-04-09,799.4827880859375,812.4904243129209,793.1246012745233,800.5991367408382,21804785
2021-04-12,722.8446655273438,786.1839697364211,713.4772198263886,786.1839697364211,28112240
2021-04-13,709.6429443359375,733.6196759964477,680.8126256691656,728.0380509392468,52812517
2021-04-15,728.377685546875,732.4061859480611,703.7700262589055,714.3508682838814,26108614
2021-04-16,733.3770141601562,771.5747211124923,721.2430463547267,728.9117377069141,41791181
2021-04-19,699.838623046875,709.4972716693383,686.7339399881836,694.0628434788388,22935238
2021-04-20,699.3533325195312,724.0581011337003,689.2093242774203,722.8932284543586,21315167
2021-04-22,716.1953125,723.0874418449961,669.3096721862755,669.3096721862755,26840536
2021-04-23,704.10986328125,725.0288712702117,699.0135967800477,714.884862289669,18435449
2021-04-26,709.3516845703125,717.9910924537639,707.5558812199208,711.535798549489,9390549
2021-04-27,727.2129516601562,735.3184181144744,706.0512652982881,713.4772769823613,20573107
2021-04-28,724.3978271484375,737.7451907977387,719.3986090642724,732.8916040161746,11156977
2021-04-29,724.8832397460938,743.4239189316387,721.6313600597132,731.1443790096152,13851910
2021-04-30,708.6722412109375,737.2113570818337,703.2847713750338,717.3601739767425,12600934
2021-05-03,739.104248046875,741.6280895740189,692.8495404888167,706.3425359747243,25953577
2021-05-04,746.239013671875,759.1010194359756,737.7937603017178,757.0139532920791,31400296
2021-05-05,716.4864501953125,752.1117886834573,711.2446120697039,749.3937919611545,29426971
2021-05-06,719.107421875,731.629699752134,714.0596796591054,723.1844467127567,11926793
2021-05-07,745.268310546875,755.218164253297,723.4271682644853,725.8054378292569,20782117
2021-05-10,743.0357055664062,756.6742742860633,740.123553131694,751.7236388462097,9201326
2021-05-11,740.3176879882812,766.5755831983251,728.3778159380882,729.0088059806368,12978165
2021-05-12,729.5911254882812,750.1703448455398,725.8053634294665,740.6573268094902,10615003
2021-05-14,712.0697631835938,736.4348063709792,706.1969345465646,735.7067682941271,10876267
2021-05-17,732.114990234375,737.7451386534699,715.4186410363254,718.3307928994312,12271212
2021-05-18,753.1796875,757.1596053159661,734.9301521786872,742.5988436752745,9877934
2021-05-19,749.7821655273438,768.7111553844769,746.7729059500399,761.0424639996106,15666729
2021-05-20,743.2783203125,756.6742084979079,738.7644607319911,753.7620563163892,6964023
2021-05-21,746.67578125,752.5486092403512,744.2004639108468,749.3937779213816,5274817
2021-05-24,744.1033935546875,757.0625060875001,724.7375700322707,747.161176991659,8354397
2021-05-25,741.6280517578125,753.9561738918453,736.7744650316488,750.3645078649072,4730725
2021-05-26,736.0950317382812,747.3553897261814,734.8331109007116,745.3653715519814,7375242
2021-05-27,729.3970336914062,742.5987658292163,727.5041230269705,736.0949477952528,7909776
2021-05-28,753.4223022460938,761.916079141392,731.9208890348416,732.8916063943043,13623565
2021-05-31,747.0155639648438,757.111048632708,739.3954560674255,757.111048632708,7820165
2021-06-01,774.8265991210938,778.3211578751814,741.9192573205812,750.4615581344837,17847137
2021-06-02,787.7371826171875,799.8711503099969,779.4375605648837,779.4375605648837,27748928
2021-06-03,801.133056640625,824.1390708205283,786.9606063303813,794.8719175745664,24105079
2021-06-04,809.4327392578125,817.2955863193517,798.9004783996952,806.4720628217057,14457348
2021-06-07,852.872314453125,872.4808184842146,811.180048029857,812.8788035406315,33684310
2021-06-08,848.6011962890625,861.8029297488825,833.9919106943324,857.5318085697128,16422574
2021-06-09,827.6336059570312,874.6163503638558,806.9573378257537,853.503247566504,31225441
2021-06-10,821.9549560546875,838.6513071356093,818.6059691848694,833.4094094917298,11744190
2021-06-11,815.159912109375,831.3223800319545,796.6677580456643,827.0511999013844,17460610
2021-06-14,745.9478149414062,760.7512556300006,661.155612563248,733.6682158513836,89771631
2021-06-15,739.541015625,779.3890116539543,732.891625240844,779.3890116539543,45408426
2021-06-16,686.0060424804688,732.8916840615851,677.3666333665462,732.8916840615851,29440056
2021-06-17,627.9570922851562,684.0160205752189,619.6574113477988,662.999965750872,70812142
2021-06-18,674.017578125,683.9674311079301,619.4147263894074,624.3654204954994,76266975
2021-06-21,709.6429443359375,722.8447365417021,665.0384678988154,671.7364416666118,51759617
2021-06-22,721.1458740234375,739.3468225946858,716.3893357643328,718.3307702785993,35597113
2021-06-23,697.6546020507812,734.8330663452222,694.5482945442621,727.0673272028685,31168761
2021-06-24,693.9400024414062,708.7004993206948,685.9243434820147,707.7229813905973,21503302
2021-06-25,696.1883544921875,702.8354651788097,690.6164897758401,698.9253930498595,12085421
2021-06-28,700.147216796875,713.539224359648,696.9702835269416,702.8353911022033,14139292
2021-06-29,695.0152587890625,706.7454741272745,693.0602228993605,701.369125430594,9303151
2021-06-30,687.8794555664062,701.4669205026182,686.3153909071598,701.4669205026182,9100756
2021-07-01,687.2928466796875,695.8461287409415,684.2625649003134,690.1276725994588,8035542
2021-07-02,694.4287109375,708.0161733805844,689.1500906334236,689.1500906334236,17676086
2021-07-05,694.0866088867188,704.7904423783159,687.1951192676229,700.8803705759397,11105134
2021-07-06,696.6770629882812,715.4942837443105,691.2029266069321,695.9927884827424,14580124
2021-07-07,703.9107055664062,706.7455317025987,690.127725286355,700.7826956184268,8719991
2021-07-08,695.6995239257812,711.633054279952,693.157941505577,707.7229825531391,7804439
2021-07-09,712.1218872070312,720.4307904894744,692.4248749722888,696.4815986753738,14924156
2021-07-12,701.9067993164062,719.1111521923585,698.9742452689903,717.8892546726019,8664504
2021-07-13,688.172607421875,704.6926839368165,686.2175716053356,703.8128939541904,12287372
2021-07-14,681.5744018554688,695.5040328722353,679.7170938547152,693.4512690086333,13812481
2021-07-15,683.3828125,690.518741657157,679.8637715519762,683.96935909998,7490612
2021-07-16,672.1412963867188,687.0973682588167,669.8441531451659,683.9692989893923,6941246
2021-07-19,658.553955078125,677.4200424519119,646.5304943957716,670.5774157604784,13618862
2021-07-20,657.478515625,665.543038299389,645.1618139511163,646.1393318510422,11533588
2021-07-22,676.2469482421875,679.3750178107435,651.7112700252875,662.7572116196894,9740403
2021-07-23,664.7610473632812,684.2625417353299,661.9751451656851,684.2625417353299,8682097
2021-07-26,667.4492797851562,675.4160753660707,659.287028334227,664.7122413123453,5339116
2021-07-27,648.2899169921875,670.8705577935843,645.5039550342484,667.4492449653145,7133113
2021-07-28,650.4404907226562,661.5352959810543,639.4922773641489,653.3730446760262,11132158
2021-07-29,644.8197631835938,655.914568456988,643.1579706751787,655.914568456988,4572153
2021-07-30,659.3358764648438,672.3368536456426,644.6731067880867,646.3837632503751,13440904
2021-08-02,676.4424438476562,679.3749977949727,662.7571920935129,666.6672640232681,8925708
2021-08-03,689.1990356445312,698.8764874524344,679.6193714318066,682.3075458603395,18429941
2021-08-04,679.081787109375,701.8579452669201,676.4424764968088,701.8579452669201,14045587
2021-08-05,677.9575805664062,684.7513424346458,668.6222958248362,679.3749935647093,5851411
2021-08-06,694.7220458984375,703.7152233192611,675.9048246323019,677.3711016140787,17504802
2021-08-09,684.1648559570312,700.8803894982908,678.4952039601479,697.9478355673357,7521213
2021-08-10,677.4199829101562,690.860855586945,667.8891822847969,685.9244015546083,5937282
2021-08-11,683.4317626953125,689.1502193738665,669.1599634892228,677.8110339557385,6297975
2021-08-12,688.2215576171875,694.4288329102317,684.2626215252418,685.2401395559921,5068665
2021-08-13,688.3192749023438,693.5489719674288,683.3338976570219,688.6125183490192,3390071
2021-08-16,691.0074462890625,700.3427305569912,686.217584582774,688.172620436286,6385995
2021-08-17,677.0778198242188,698.8275938227584,670.6261656718199,689.932144839063,7262774
2021-08-18,689.5411987304688,692.3759650408704,673.2166367266399,680.7924009812556,7354758
2021-08-20,671.7503662109375,690.5187233154512,665.4942272884455,674.4874046159168,6274741
2021-08-23,653.2752685546875,676.2469415929205,650.0494710819114,676.2469415929205,6636881
2021-08-24,679.7659912109375,686.2175856725901,653.4707350742542,657.8695657516425,7640710
2021-08-25,704.5460205078125,708.700471547921,679.765965816113,682.7962474154797,21275432
2021-08-26,705.4747314453125,716.5206725825465,701.564659562188,708.7005288162977,14969643
2021-08-27,710.6555786132812,715.4943045955791,706.0123681615438,707.7230246437629,6751256
2021-08-30,713.588134765625,718.8667557920903,710.7533087212337,714.1746216961374,4757858
2021-08-31,731.4766845703125,737.0485489284916,711.7308096558162,715.8363970598936,15419587
2021-09-01,728.006591796875,734.9469463160551,721.0173136432045,733.1874257004994,5320381
2021-09-02,736.9019165039062,743.5490865988188,727.2733881204539,728.2509061152394,5788915
2021-09-03,737.9283447265625,744.868698498304,728.5441363492789,738.9547266698536,4491254
2021-09-06,734.3114624023438,747.8011975630463,730.450254743773,741.3496032531758,5260360
2021-09-07,728.7396240234375,738.17269600643,724.9762038208949,736.9507985818434,3515903
2021-09-08,730.0592651367188,736.0710244606456,721.6526345392717,731.9654370928147,4036193
2021-09-09,732.8452758789062,734.1160373798601,725.3183751476115,728.3486571624221,2829060
2021-09-13,728.3486328125,735.7289413909671,723.8520739093088,731.1834588577489,2514604
2021-09-14,738.4171142578125,745.6018476263919,728.6907983148855,730.9879417285227,5615411
2021-09-15,748.7299194335938,752.4933398452918,736.6575364099688,741.4962624128402,7039338
2021-09-16,752.3466796875,755.3769613287797,742.9136080360694,751.7112691838649,4625316
2021-09-17,749.8540649414062,768.3291797705409,742.9137107196069,755.9146887246068,9701785
2021-09-20,732.0631713867188,758.5538823296994,729.3260735654727,742.7180805855859,5570433
2021-09-21,732.7474975585938,741.7406754424927,717.547103997404,737.048600791796,7766479
2021-09-22,728.5441284179688,742.5226234047551,725.3183310614737,733.1384747925947,4343365
2021-09-23,737.5372924804688,742.9136411996769,733.6760846495362,737.4395645507583,3526253
2021-09-24,728.055419921875,747.7035682065972,726.295899392951,739.0036338372422,4445517
2021-09-27,733.3828125,736.8529891503807,719.8442133020378,732.8451895817087,3803939
2021-09-28,722.0924682617188,739.8833055702273,716.5206044256809,737.0484798594316,3748173
2021-09-29,725.318359375,731.0368158364232,719.4532513477089,721.0661799203997,2734053
2021-09-30,721.310546875,739.4923575781609,719.4532388334784,729.0329031788315,4356469
2021-10-01,718.4268188476562,721.6526161031991,705.7679496464744,719.3065491920988,4008108
2021-10-04,727.4688720703125,730.6946693804703,719.5020768934883,722.2391152274718,3414151
2021-10-05,727.2244873046875,736.8530152002603,725.3183153788491,727.4200028263306,3270764
2021-10-06,707.7230224609375,732.16097213155,705.6213349240796,730.8902106812708,3615568
2021-10-07,719.5999145507812,722.1903015069475,710.2157057575778,713.5881548604015,3237419
2021-10-08,723.2655029296875,730.2058560091704,717.0093646355107,723.0699874211901,2878232
2021-10-11,720.8706665039062,729.2284335347479,719.9420124642651,727.1756695843532,2118247
2021-10-12,720.3329467773438,724.2918822430348,712.46388014422,721.0660851844331,2152513
2021-10-13,741.9361572265625,747.410234126158,722.4835252865305,723.9498022770968,9083125
2021-10-14,794.5265502929688,799.3164119471596,747.0680673977419,748.8764516773876,19754735
2021-10-18,792.3271484375,811.2421562335009,788.8569717089189,802.4444948389777,8883845
2021-10-19,774.4386596679688,801.5647850144959,767.351653946804,796.6771948619685,5543852
2021-10-20,777.0289916992188,784.8491347897614,760.0201566121059,774.1941659637143,5467049
2021-10-21,761.82861328125,784.8492094234999,757.8696773977867,781.03686543915,4607499
2021-10-22,744.6731567382812,769.5998642745208,736.9508007895362,762.7572386763374,3860760
2021-10-25,735.142333984375,748.3388257999179,721.9458421688321,747.8012028807652,2973109
2021-10-26,733.0407104492188,741.4962046407112,723.4121231607744,735.0934742114875,3093933
2021-10-27,729.081787109375,739.5412417951057,726.9312952082605,736.7064753513799,3246881
2021-10-28,672.6300659179688,717.986921880142,665.8363640131195,708.0650909937416,18160551
2021-10-29,677.4199829101562,693.6467580584027,671.554874833012,681.3300549615857,7612968
2021-11-01,688.5636596679688,691.1051824426019,674.487377489951,689.1501465658195,3233662
2021-11-02,686.5597534179688,698.9253801629609,684.8980205241768,691.1052360492494,3028354
2021-11-03,693.2557983398438,703.6174655856513,686.2176565960095,686.2176565960095,3036191
2021-11-04,697.6546020507812,700.3427765258058,696.970327524546,696.970327524546,453287
2021-11-08,714.028076171875,718.5734993359847,693.1580298716527,700.8804463817713,3227351
2021-11-09,720.7728881835938,727.762165891797,711.4376030251636,714.5656726217644,3456614
2021-11-10,721.310546875,728.2997646881724,713.6858588417748,719.8442698936818,2751881
2021-11-11,718.5734252929688,724.8784280391511,712.1218306512238,718.4268333974062,2325810
2021-11-12,733.4317016601562,738.5148069030006,717.7425505870658,721.1149994274215,4585484
2021-11-15,732.9429931640625,739.4923757743662,723.9009515567751,736.9508528093957,2434426
2021-11-16,729.6683349609375,744.5754847046339,726.7357809129971,735.7778225608131,3378779
2021-11-17,719.0132446289062,728.2508002696152,716.5205860370845,727.6643134231706,2444025
2021-11-18,709.7268676757812,724.6340158253959,700.0494761502,722.8256315543965,2202581
2021-11-22,698.9253540039062,716.9117086574435,688.1726562499999,708.7005337801846,3557560
2021-11-23,712.85498046875,717.1071597781131,689.3456851949338,697.9478314085533,3487221
2021-11-24,745.8951416015625,754.9860476007791,715.5432178585967,719.1111826325048,11647665
2021-11-25,745.3086547851562,756.8922198999718,738.5148923537428,747.6057983548221,6140941
2021-11-26,701.0270385742188,748.778767715429,697.2146946123104,733.1384801391276,7219931
2021-11-29,686.8041381835938,698.9253855179014,667.3027013809839,691.1052413442745,5930351
2021-11-30,668.4756469726562,696.6282125360743,664.4189831521301,688.1726581411717,6190734
2021-12-01,692.0338745117188,695.0641564223583,667.4004091756457,679.3750045801153,5582125
2021-12-02,722.4835205078125,725.61158999959,686.5108705097782,694.0377709441597,8478638
2021-12-03,720.8706665039062,729.7171925384574,717.498217445717,722.3858074828132,5578503
2021-12-06,707.1853637695312,727.762104419934,705.2791918589421,722.3857557640446,3537411
2021-12-07,727.9576416015625,733.0896109258033,709.4825281691111,712.610597594574,3993342
2021-12-08,744.2822265625,747.2147805526391,731.378977073295,734.3115310634342,4621331
2021-12-09,752.4443969726562,758.3583682835654,742.9135975306513,749.4629793362102,4687479
2021-12-10,750.4405517578125,777.0779162364333,745.8462054013846,751.5646616169315,10049545
2021-12-13,741.3984985351562,761.2909648833838,733.2361878832281,757.5764086188769,4985928
2021-12-14,746.530517578125,748.7787970727741,733.6272678891867,738.905889018332,2919015
2021-12-15,728.7396240234375,749.4141523126266,726.2469652098729,746.5304624580102,4673906
2021-12-16,728.3975830078125,739.4435248003911,722.7279307105377,735.0935576397436,3303620
2021-12-17,707.6741333007812,727.7621152822941,704.9859589327137,727.7621152822941,4973404
2021-12-20,685.9243774414062,700.8803905797627,670.0885742572208,700.8803905797627,4559002
2021-12-21,709.2870483398438,711.633115442753,685.9244035619608,694.0377911598279,6943546
2021-12-22,706.598876953125,713.4904267250951,701.1247999058361,710.6556006016631,3626585
2021-12-23,714.8588256835938,730.6946275373971,712.4638949048931,716.3251025281504,6641505
2021-12-24,706.158935546875,718.3779089632941,697.3612746870533,716.0318422021592,3946754
2021-12-27,706.9410400390625,710.0691096181442,696.9703443582864,700.8804164163975,2663285
2021-12-28,712.85498046875,722.2880527556331,708.8960446181427,710.7532929655703,3604123
2021-12-29,706.5011596679688,717.6937530992797,703.9107130105027,712.6106473856095,2396416
2021-12-30,707.9673461914062,709.6780025336016,700.342718427356,706.6477208783247,3654532
2021-12-31,713.8814086914062,718.4757553863338,708.7005750409415,708.7005750409415,2538092
2022-01-03,720.0396728515625,722.0436323091482,714.0768374308756,715.5431143044502,2377227
2022-01-04,722.6301879882812,730.2059525563018,716.1785929955399,726.2958805211945,4068551
2022-01-05,737.9283447265625,741.7406290392095,717.5470591076701,722.3857850265704,5409002
2022-01-06,723.1677856445312,732.0632350107755,713.6858493587378,732.0632350107755,5440633
2022-01-07,719.5509643554688,730.8902087707708,714.0768875087457,727.9576548179627,2590751
2022-01-10,722.2391357421875,726.2958592248465,717.5959253366451,720.5284792769877,2173107
2022-01-11,747.8989868164062,751.6136028915552,712.1218524134615,722.0436838311472,8959781
2022-01-12,746.3838500976562,757.478715093317,737.0485652161714,752.200094076716,5775798
2022-01-13,754.83935546875,758.5539116602677,742.9136248219116,745.8461786041034,4049411
2022-01-14,762.5617065429688,777.126747435561,746.4815844679083,751.7112814816936,9627761
2022-01-17,761.5353393554688,771.6526858339861,756.5011577613785,765.8853061218094,3187871
2022-01-18,745.79736328125,772.2392130092919,742.9136732747619,762.4640330977819,4300929
2022-01-19,727.4688720703125,744.6243002014357,719.453212928463,744.6243002014357,5843870
2022-01-20,721.4083251953125,734.8003344926428,718.4757710278519,727.2734335302338,4741333
2022-01-21,707.625244140625,717.1560438335184,698.3876878903058,715.5431154049222,9244367
2022-01-24,686.657470703125,708.9448672123699,673.5098428256779,707.6252418934973,5349759
2022-01-25,695.1129760742188,696.823632451513,674.4873716188831,680.3524791981778,4482325
2022-01-27,693.1580200195312,696.2860896878897,675.464967316796,684.067114157557,4749083
2022-01-28,694.1843872070312,716.3251326944666,691.5939408073745,696.9702894638275,3543413
2022-01-31,700.196044921875,707.6252166013938,698.4853886333153,703.5196295762593,2152066
2022-02-01,722.1414184570312,727.566631394065,704.4483666212728,704.7904740541719,6052108
2022-02-02,728.4463500976562,730.0592188328558,705.2791639641629,707.6252307863992,6167378
2022-02-03,716.0319213867188,728.2508961544102,713.0016395095163,727.322242139473,2689612
2022-02-04,710.606689453125,724.4874563493207,707.722999552742,718.4756970597587,2453595
2022-02-07,699.072021484375,713.4904119827082,697.3124413542073,712.4151063850543,2610637
2022-02-08,701.6624145507812,706.7455201274443,687.1951599579437,702.8354480935442,3207780
2022-02-09,716.9606323242188,718.8668044719103,702.8843484090769,705.7680386157931,3186942
2022-02-10,714.614501953125,724.8784406656619,711.6819480352574,720.3330178907443,4752601
2022-02-11,707.4297485351562,717.400443504015,703.2752972700451,711.5353358356228,3621116
2022-02-14,680.108154296875,698.7298604230036,675.4649437572988,698.7298604230036,6219506
2022-02-15,704.3994140625,706.2078580758835,674.4873885235946,683.9693246136924,3319096
2022-02-16,724.096435546875,733.9693431687283,705.8657015595853,708.6027996031931,9382605
2022-02-17,717.6936645507812,728.2508460917342,714.9077026974874,724.438502361104,3407347
2022-02-18,711.144287109375,722.5812587109424,709.1892512685245,713.4903539835792,2151557
2022-02-21,695.1129760742188,710.4111555420628,693.597835215493,706.4522198586309,2805791
2022-02-22,689.6878051757812,695.1130180818981,669.5998224353144,682.3075562917511,6112926
2022-02-23,690.81201171875,703.2265027758433,689.1502191159481,695.0153273637433,2978284
2022-02-24,640.1276245117188,672.532369372085,637.2928581711546,666.6672614996539,9547717
2022-02-25,679.5216064453125,687.1950982576863,655.181386354501,659.3358375175097,5738223
2022-02-28,691.5939331054688,693.6956205129518,669.1110207924995,674.487369389079,4288186
2022-03-02,694.3309936523438,701.7601659311082,681.916503652838,687.1462605260468,4448558
2022-03-03,690.81201171875,708.3095488602261,687.1951830333496,702.639956153284,7533817
2022-03-04,684.4091796875,694.7219815718412,673.5586952292559,684.1648002131651,7941457
2022-03-07,662.5616455078125,676.1491686920016,648.6320149109907,674.4873762671571,4890958
2022-03-08,673.3632202148438,676.4424256418372,655.5235175154745,664.3701027488183,3831397
2022-03-09,698.0455322265625,701.8578760311916,677.1266842540493,681.329999434179,5351552
2022-03-10,713.9791259765625,721.0661310290097,704.3994024511622,711.535331130891,5850213
2022-03-11,713.0504760742188,715.2987554124825,706.0611989105047,713.0993400388192,2864685
2022-03-14,714.1257934570312,717.0094836127432,707.7230622162592,709.629234330236,1905433
2022-03-15,705.083740234375,719.4532671494364,700.1472861355759,716.5207130713817,4228582
2022-03-16,707.5275268554688,713.0993914698687,704.7904883478758,709.6780784196363,2693057
2022-03-17,723.4609985351562,727.0778268207833,713.148196271932,714.076850241114,4957379
2022-03-21,718.6223754882812,733.5783888292156,709.0915750688769,724.3408318747386,6662688
2022-03-22,722.532470703125,727.1756813132586,706.794394732051,718.4757470417169,5010054
2022-03-23,717.2537841796875,734.1159685437075,715.3476122755106,731.1345507771539,4698808
2022-03-24,716.9606323242188,725.6116432813999,714.5657011470149,716.5207372650642,2914647
2022-03-25,726.5402221679688,730.108186579286,713.6369731918284,720.4307349314403,4003497
2022-03-28,720.4306640625,732.8451528385018,710.2155904752914,730.2058426793589,5691095
2022-03-29,744.8197631835938,749.6584886389786,721.4570619053276,724.3407515939272,11423551
2022-03-30,750.1473388671875,758.5051058546718,744.9664457243709,751.5158282726966,6913983
2022-03-31,756.7943725585938,763.4414823674861,748.2899548685155,750.1472627497014,5468951
2022-04-01,768.0847778320312,772.9235039234133,757.0877001984196,757.0877001984196,6816743
2022-04-04,800.1472778320312,803.6663781257477,766.0319383774879,773.2166711915177,13743062
2022-04-05,828.9840698242188,841.5452110409852,807.4298113685817,821.1150624087271,21090646
2022-04-06,830.7435913085938,843.255868578556,821.1150635358865,833.7739326979901,8785541
2022-04-07,799.0232543945312,846.5306063596928,795.3086381835969,830.8903180204837,11662093
2022-04-08,820.4308471679688,825.8071961791127,799.023238721374,804.497315667535,5777924
2022-04-11,835.3379516601562,840.665436416551,820.4308029330023,821.1150774301195,6030153
2022-04-12,825.9049072265625,839.6878859124448,816.2274560382904,834.7025684293704,5597246
2022-04-13,821.6038818359375,835.6801649497103,817.693809822441,830.7925749328398,2955807
2022-04-18,823.7544555664062,827.7133916541252,802.9333334662473,812.6595901314562,3969878
2022-04-19,800.8804931640625,831.1346874874054,788.857033581107,829.9127899756627,4472320
2022-04-20,809.0427856445312,817.156173002422,801.564749180286,807.0388260412101,3071216
2022-04-21,831.3790283203125,839.590203082488,813.5881894442402,814.2724639515818,5539106
2022-04-22,854.4973754882812,866.0809398136053,821.7993867647574,828.3976332023892,17864000
2022-04-25,840.2255859375,861.1444950268377,829.5706755229766,854.3018690189375,10145325
2022-04-26,889.0526733398438,892.4739865412615,845.9441508671669,848.4856739516046,21010788
2022-04-27,867.3516845703125,903.8620166200716,860.2158153077385,893.5002903197238,20793885
2022-04-28,867.1561889648438,880.0105744563564,857.0877655551421,878.7886769633594,8778304
2022-04-29,837.1464233398438,878.6909375594525,832.9430482884308,872.6303141407053,11543840
2022-05-02,837.2930297851562,843.4513812438679,819.2089468106908,830.8902988267896,5760499
2022-05-04,794.5265502929688,844.7709950469241,787.6839248801009,841.1541668246737,7969164
2022-05-05,793.1091918945312,816.7162750566871,787.8794945490004,802.4445363655256,6597383
2022-05-06,793.1581420898438,802.4934272105481,772.4347482169467,779.9616488731407,6150326
2022-05-09,774.7807006835938,789.2968779897594,765.3965522605263,789.2968779897594,4768026
2022-05-10,751.8090209960938,785.8755568763239,747.850085286392,777.3222749330965,5344522
2022-05-11,742.81591796875,767.3027308121734,732.2098123578088,753.6663434055126,8985117
2022-05-12,697.2634887695312,741.9360676193901,689.4433457643203,741.9360676193901,10570456
2022-05-13,690.0299682617188,719.3555077600839,686.0221087324978,710.6555738437172,7247809
2022-05-16,696.4815673828125,711.7797477806869,688.1726644736842,698.9253623560855,5606071
2022-05-17,728.006591796875,730.4992509741597,699.2675363119115,703.8130192598187,4430294
2022-05-18,742.7182006835938,749.9518581015045,725.3183913677426,735.728982440566,9020504
2022-05-19,716.3251342773438,730.5480083673425,713.5880959787843,727.2733471345418,4445667
2022-05-20,750.2938842773438,755.4258534716662,728.3485945518873,733.0895923672757,5434279
2022-05-23,736.6087036132812,762.366339642809,734.3604240645454,757.4298258338658,4787481
2022-05-24,735.2401733398438,747.6057400028178,730.6946908626037,739.5900806253111,4653281
2022-05-25,691.9850463867188,727.2245598982577,689.5412512796361,718.4757614823084,7699306
2022-05-26,685.7288208007812,703.1286278421794,653.128622037731,695.9927589595956,13569693
2022-05-27,687.2928466796875,698.045544128121,681.3300110507405,698.045544128121,5815428
2022-05-30,718.1824951171875,720.4307746114689,694.0377882959876,697.9478603427257,5546106
2022-05-31,723.2166748046875,732.1609884486519,711.6331102678486,714.6633922293528,6346866
2022-06-01,720.3329467773438,726.9800564023623,712.6593956520351,723.1677128203153,3196984
2022-06-02,731.6233520507812,734.995801051191,713.8325126879647,720.4307591249983,3536560
2022-06-03,723.2655029296875,741.4473116237693,722.141333503045,740.9585526840042,2960614
2022-06-06,724.585205078125,728.2508975152825,708.9937813128228,721.8970306242095,2753267
2022-06-07,718.0358276367188,725.8071075899717,697.3613579455703,722.3857946249011,2488075
2022-06-08,712.2196044921875,723.3633337694982,709.0426709317134,719.0133666541021,2839931
2022-06-09,718.9644775390625,720.4307545156887,706.8432306671004,709.6780566870963,2604731
2022-06-10,710.069091796875,715.6898202393409,702.0534323463311,709.678060735692,3377686
2022-06-13,679.6194458007812,698.6321844084202,673.3144422458718,695.0153555762034,4535069
2022-06-14,688.85693359375,705.5724672145956,677.9575842332877,679.7660282970978,6144330
2022-06-15,687.92822265625,697.2635066758676,685.8265353044438,694.9174995118306,2447673
2022-06-16,666.3739624023438,700.9780601627755,661.7796163532672,695.943878790359,4301251
2022-06-17,653.9105834960938,673.9496995990189,648.094340304361,661.7795903258709,6103963
2022-06-20,648.2410278320312,658.7493453961474,638.4169250766071,655.914519583435,3507676
2022-06-21,673.6076049804688,676.0025359243393,652.1022097771537,655.4257947192143,3313116
2022-06-22,653.2752685546875,672.3857335539013,650.5870940502134,669.502103179473,2964156
2022-06-23,660.117919921875,667.9380642352702,651.2225296305745,657.576396885208,2762533
2022-06-24,670.9683227539062,672.4834635941547,661.8773583864979,667.6447379676539,2740927
2022-06-27,672.2879638671875,682.9917972528449,669.5020616007519,682.3075227616094,2711512
2022-06-28,662.8060913085938,668.4268200065317,655.1814625726798,665.6897814427377,4596840
2022-06-29,662.5616455078125,669.0132996872743,652.0044637249185,659.8246072178711,3332554
2022-06-30,656.9409790039062,670.4796394940009,651.6134938169363,665.2498822446773,3502799
2022-07-01,662.659423828125,664.7121876011213,641.2517574504934,654.937008371693,3151179
2022-07-04,666.667236328125,668.9155156617421,657.9673027806531,664.5655488880062,1874921
2022-07-05,663.4903564453125,678.5930217953347,661.7308359409235,671.0172571361065,2472875
2022-07-06,678.7395629882812,680.6457349185176,661.9263020214803,662.7571684116795,2634839
2022-07-07,687.7816162109375,691.1052011566492,679.3749855783185,685.2400933674838,2896584
2022-07-08,699.609619140625,701.6135190353017,690.6653059000687,693.9400268789927,3880791
2022-07-11,712.8060913085938,715.5431295985097,697.0191527671585,698.92532467614,3814715
2022-07-12,715.4454345703125,726.198132367493,710.020162042274,712.6106085585981,5846548
2022-07-13,710.4111328125,722.3857270704334,708.0650659906606,720.4795552355587,2373553
2022-07-14,713.0687866210938,719.3190030747364,705.2928728543856,717.5472933779489,2859869
2022-07-15,719.4174194335938,726.8487952077662,714.6927804600853,726.1105778776905,4127381
2022-07-18,728.12841796875,730.8352150615706,721.0907214969023,725.3724183985896,2403691
2022-07-19,737.2330322265625,739.989031546733,722.5178882596549,725.3723526018583,2864129
2022-07-20,731.8687133789062,745.0582215332612,730.2446711556971,745.0582215332612,2176017
2022-07-21,742.400634765625,745.0090269527572,729.5556639718781,735.9535481296195,2639283
2022-07-22,742.400634765625,752.9325483943952,739.743040100229,745.7472443555735,2854708
2022-07-25,738.1681518554688,745.3534554223626,734.3293975824373,745.107382970919,1592179
2022-07-26,737.3314819335938,741.6623811826921,733.2959176922436,738.1189618525448,1803260
2022-07-27,748.7000732421875,750.2257104430988,735.3136956868159,736.9377979151851,2539587
2022-07-28,752.4895629882812,756.5251271961619,745.7472017912341,751.6529406766882,2696358
2022-07-29,751.7021484375,763.4644238156554,746.9283067590892,756.9188724744077,3182798
2022-08-01,788.6622314453125,791.3690284955148,753.0309273510288,757.9031740566497,6459641
2022-08-02,789.6956787109375,797.66846197705,782.5103753300809,788.2684465142618,4393310
2022-08-03,794.5187377929688,797.1763322656084,782.854867628684,790.1878386467203,3326267
2022-08-04,794.5679931640625,807.6098338694497,783.986877120069,798.308282634124,4641779
2022-08-05,797.5208129882812,805.8380738400091,792.8454364234009,798.3574352904312,2807602
2022-08-08,789.0559692382812,810.070533157853,782.8548952247701,800.1292298677173,7519923
2022-08-10,778.1302490234375,795.3061171580091,766.0726995987028,790.3846684132195,5541103
2022-08-11,780.2957763671875,787.3334728051758,775.9156745318941,782.2151535844829,2140171
2022-08-12,775.9649047851562,787.1366309965373,773.1597026507383,781.0340217101984,2281608
2022-08-16,811.2024536132812,813.0233656923704,778.7208905771454,779.8527877886967,6820860
2022-08-17,811.7930297851562,818.8799285108744,808.2496104604387,814.3521592889763,3694850
2022-08-18,819.9625854492188,823.3091947163664,807.5605583086699,811.7929923279822,3836669
2022-08-19,858.1038208007812,870.013763220803,820.8484765448895,824.0966208135206,24506694
2022-08-22,827.0494995117188,877.8880914086761,824.1950350782499,862.4347296256913,14693558
2022-08-23,819.4212646484375,843.7332349061161,793.4359897029472,822.6694089975533,13515300
2022-08-24,823.1614990234375,824.982471091471,804.2631239662795,817.2065581010104,6558722
2022-08-25,803.1805419921875,829.1165562968372,799.5386574213283,827.2956440495509,6287921
2022-08-26,824.53955078125,831.7248540733734,804.8045529454158,808.1018996381534,8513113
2022-08-29,823.260009765625,831.3311380353362,802.1961840914832,802.2945890406138,6652807
2022-08-30,828.919677734375,847.0797764534201,825.5238659147153,830.7405898308613,9490984
2022-09-01,824.637939453125,833.2504747543286,818.2892585586964,828.575098447961,3888408
2022-09-02,838.565673828125,847.3750792035842,824.8840221208729,828.7719786917493,8840020
2022-09-05,837.5322265625,851.3122839551993,834.8746320500801,841.5185882929886,5434684
2022-09-06,836.9908447265625,845.0620334617677,830.7898307252738,841.2725415932813,3380947
2022-09-07,861.1551513671875,864.9446429844593,831.8232679025366,833.6934425124746,8930248
2022-09-08,871.1456909179688,874.4430978521925,853.3792717282711,866.7655892150642,7943521
2022-09-09,892.6031494140625,910.4680326804116,873.0650216081352,874.8367311699872,18369177
2022-09-12,923.7559814453125,927.2009957607719,896.6880118238462,900.3298961154453,12571292
2022-09-13,933.8941650390625,938.9140791444622,918.3423979676219,931.1381655706006,9651873
2022-09-14,932.9590454101562,943.7370305333675,924.248104873965,926.2166844370619,8500355
2022-09-15,953.3338623046875,957.4186889560535,935.4690386953976,939.9967476904096,8703534
2022-09-16,923.4607543945312,961.1098413653341,911.600073651666,955.0072322463129,10712402
2022-09-19,944.5245361328125,957.3203044551585,920.6063042839921,928.0869433489814,7922869
2022-09-20,955.0072021484375,972.3306790278057,951.8082602190559,958.8951589701732,7539047
2022-09-21,918.2440185546875,960.7652917107727,902.6921909744383,958.69830707101,13178269
2022-09-22,931.7780151367188,938.5203766120173,913.470187790493,919.2283194872135,8855564
2022-09-23,899.4440307617188,935.9119567907683,895.8514089434748,935.0753344693879,6646619
2022-09-26,849.8358764648438,895.6053542714182,841.8138901951131,894.719469380132,9880236
2022-09-27,830.9375,861.2536152412346,820.7008615711904,847.4735573973749,11598728
2022-09-28,814.1060791015625,833.6934703818981,810.4149923082542,822.7678775042186,7040943
2022-09-29,803.5742797851562,834.1856709358879,800.2768726507293,825.8192069795987,7476709
2022-09-30,807.7575073242188,817.403536052614,788.4161873128096,809.5784195565367,10406215
2022-10-03,772.0769653320312,821.2914567459475,761.0037047639001,808.1019490165046,12903551
2022-10-04,810.1196899414062,813.3186317205924,777.6873297340939,791.3689816817406,10445528
2022-10-06,811.1531982421875,821.8819810674731,809.3814886216097,819.814996522846,6175752
2022-10-07,804.0663452148438,813.0233581812436,793.6820399760807,808.1019092818414,6086925
2022-10-10,795.404541015625,801.1626722297136,786.4475281176383,794.8139911827195,4642360
2022-10-11,784.823486328125,807.7082252957532,782.7565016776919,801.211936329005,6193388
2022-10-12,791.2705688476562,793.8296982149856,773.9962353512041,788.4161044887829,5628537
2022-10-13,772.4214477539062,798.99727328988,764.793201535247,794.321896575218,7491563
2022-10-14,767.8444213867188,793.9281001504114,766.0235093525955,791.3689707927873,4562526
2022-10-17,773.8486938476562,777.5397807935625,759.527288512797,769.8130694076945,4602870
2022-10-18,797.2255859375,802.1962377265609,778.081136101652,779.0162234860383,7372253
2022-10-19,792.4024658203125,810.5134215844739,788.5637717703612,801.2118712603599,5222275
2022-10-20,807.1668090820312,809.3322585784334,782.5595649780959,788.4161010900884,4481441
2022-10-21,789.0559692382812,811.251692973583,786.8413171123941,811.251692973583,5266210
2022-10-24,792.845458984375,797.2747632245112,789.4004445753802,795.3061835622284,665021
2022-10-25,787.7763671875,799.981585509391,784.5774251353247,794.0266438582909,4485050
2022-10-27,808.3480224609375,811.0548194920092,782.510414437072,792.3533127318778,7110289
2022-10-28,807.4129638671875,821.6851669030225,804.4600942735665,811.0548483812439,6898541
2022-10-31,810.6118774414062,817.9448486898026,806.6255156453589,811.0548198801412,4487537
2022-11-01,828.5751342773438,831.6264686760551,810.6118455866334,814.6966722509238,7769108
2022-11-02,820.3071899414062,836.6463775189085,815.976290544912,836.6463775189085,11859603
2022-11-03,820.7500610351562,824.6380179278004,810.5626851970728,812.0391199606377,6632872
2022-11-04,849.3436889648438,853.3792530977693,818.9291102391512,823.8505592189538,11128361
2022-11-07,839.5992431640625,855.3478807849593,832.2662717565754,853.5761710678654,7995787
2022-11-09,876.8053588867188,886.8451270573414,845.5049546528926,845.9970995624694,20088415
2022-11-10,879.4137573242188,883.8922640186333,862.5331627726368,879.9551047134278,9906420
2022-11-11,880.447265625,893.5383085374262,876.8053811862524,890.7823089889604,8777095
2022-11-14,880.9885864257812,893.2430066311846,871.096485805618,880.9393839503143,7653024
2022-11-15,892.6524658203125,901.1173342800322,880.9393928788954,884.7781472247469,10675723
2022-11-16,873.4096069335938,901.6095362180914,860.6631009618458,900.6252463313905,11504802
2022-11-17,876.8545532226562,883.5969744670385,866.6671777194988,872.0807716745893,5190475
2022-11-18,874.935302734375,880.8410420438847,865.7813587436054,878.0357798260954,5384458
2022-11-21,857.906982421875,874.0493594879769,855.3478529223557,871.0964900302472,6108453
2022-11-22,868.5865478515625,871.8346921831358,856.8242727015746,857.9069674533383,5466001
2022-11-23,859.8755493164062,873.5572016316286,853.0347832350772,871.5394195473415,5319949
2022-11-24,862.8777465820312,868.6358183445086,854.6588900454076,860.1709494143855,5111180
2022-11-25,865.7813110351562,867.159340828621,858.3991373050601,863.222181505903,5079099
2022-11-28,864.7969970703125,871.3425482921757,859.7771431044513,862.2378676124778,4168244
2022-11-29,864.4033813476562,877.7896996342911,860.909164302187,864.2065113571467,3663099
2022-11-30,867.1593627929688,870.2598998686562,859.5803188895098,865.0923781267004,3797377
2022-12-01,876.559326171875,882.4158628766088,868.1436598518337,870.8504569772222,4491806
2022-12-02,874.2461547851562,889.4041806608673,870.3581983160152,879.9550232338339,6279538
2022-12-05,879.1185302734375,882.4158773406263,864.7478619809582,877.5928328985455,3966501
2022-12-06,882.3666381835938,888.1247097112091,872.0807973508244,879.7582460797396,4836193
2022-12-07,872.8189697265625,888.3215338914267,870.8995926242279,883.6953598714174,2867882
2022-12-08,878.8724365234375,884.3844356869657,873.409579761171,874.0493921981364,2822061
2022-12-09,876.7561645507812,897.6723234019786,868.3404985341443,881.9728886254702,6979639
2022-12-12,867.45458984375,880.7917046356984,864.7477928902583,878.0357052073996,3412185
2022-12-13,880.7425537109375,883.8922932746118,867.4546406160518,871.0473226314796,3821073
2022-12-14,886.4021606445312,894.2272765103736,877.6420175368137,883.1048138700799,4930906
2022-12-15,870.0629272460938,892.7015912545888,866.5194481381277,886.1068379846847,3679459
2022-12-16,846.9321899414062,876.9530295331869,840.9772485294409,869.0787109517362,7791763
2022-12-19,878.8231201171875,881.923657004356,846.0954844080414,846.9321667802095,5205837
2022-12-20,870.3582763671875,881.2346669008225,857.6117111385239,880.0535070974508,4023275
2022-12-21,844.1761474609375,878.9707668901883,838.1719438025938,873.0650282548679,4660583
2022-12-22,843.43798828125,860.5645954586827,832.2662625467809,851.1154370212222,5517570
2022-12-23,781.62451171875,840.5342927142655,777.7858175171674,839.5992053823463,9112806
2022-12-26,793.3868408203125,799.2433775851158,772.9628259374416,785.4633193508897,7205540
2022-12-27,804.3123779296875,808.2987393260353,785.5616104881609,797.3730872632818,4872234
2022-12-28,797.6192016601562,804.164752747919,796.0935645116923,802.9343905191125,3624974
2022-12-29,806.6746826171875,809.5783495030016,786.9888868845917,794.3218578102399,5308353
2022-12-30,805.2474365234375,813.7615670614566,802.7867120993025,809.5291330672004,3252956
2023-01-02,809.3815307617188,813.7616326047241,803.4757916681253,810.0705456712283,2042294
2023-01-03,807.5606079101562,813.4171444492409,804.9522158144083,809.3323175995869,2166531
2023-01-04,797.2747192382812,809.0861965603299,793.8297050193504,807.905036812869,3260112
2023-01-05,806.7239379882812,808.6925176906209,784.4790113823569,801.2611413295456,3119740
2023-01-06,793.4359741210938,811.4485253035357,790.8768447026616,807.0192212572856,2892006
2023-01-09,803.8202514648438,807.3636705479838,796.3888157626901,797.7176429760768,2040072
2023-01-10,783.888427734375,807.7574555970302,768.828745599179,804.1647737645094,4545808
2023-01-11,783.9375610351562,790.4830516401307,776.653793062468,787.4317775327023,3618663
2023-01-12,780.4926147460938,786.8904984938085,773.7501935200404,784.1837015236215,2670641
2023-01-13,782.1659545898438,787.6779537281868,773.6518233431489,783.1009818878184,4059998
2023-01-16,774.685302734375,784.9711435268806,772.0769707170153,784.4789986093089,3601251
2023-01-17,772.4214477539062,779.0162016614231,765.8758963228657,775.9648671281892,2948618
2023-01-18,774.1439208984375,783.3470064170673,764.3994279335391,771.6831964200572,5585785
2023-01-19,763.8580932617188,771.6340067731776,759.625659103802,771.6340067731776,5086667
2023-01-20,762.2833251953125,774.2424114365017,760.3147453949896,763.8089625253052,3328697
2023-01-23,756.9680786132812,766.1219619791382,750.4225873166421,766.1219619791382,4283589
2023-01-24,749.241455078125,761.8403532982918,746.0917155040119,757.066571497415,3011438
2023-01-25,701.9462890625,745.0089674543523,694.9085930205191,741.1702132357661,17085455
2023-01-27,587.5718383789062,688.8552279681459,528.5636498153608,688.0186056255815,64194046
2023-01-30,587.6210327148438,646.2846829721102,558.0431351269497,610.2596989668393,58256575
2023-01-31,603.025146484375,617.0512755873989,578.8607847756858,590.5738569694246,33272489
2023-02-01,487.3710632324219,619.118252149836,452.28113968656544,617.1496726517444,46557720
2023-02-02,455.1848449707031,525.6107704577973,417.3880913791795,501.98781448216596,115517458
2023-02-03,491.0129699707031,499.0349257878702,388.89290379616364,451.7890156541073,89662866
2023-02-06,536.880859375,540.0798010816993,469.2109386563596,490.17629844193345,38363919
2023-02-07,544.4599609375,589.0482796496883,534.4693948124257,541.3594238431568,46650736
2023-02-08,589.835693359375,595.4953600040415,554.1551862516948,555.1394761029412,31111885
2023-02-09,573.1519165039062,579.7466699257883,537.6190801196117,578.024162841968,22494005
2023-02-10,574.7760009765625,590.475434216123,551.2022498815513,564.5885662053066,12527188
2023-02-13,545.0012817382812,586.7351337839985,528.9573697938388,578.6640053745011,19528545
2023-02-14,556.2221069335938,572.1184102333852,529.8431539694864,542.3436456577983,17976429
2023-02-15,560.110107421875,569.7561355972588,553.0724712877386,558.8797451526607,9259895
2023-02-16,568.1320190429688,581.5183347483855,564.2932652352446,570.8880181498164,9909820
2023-02-17,569.5592651367188,576.7937704799758,560.1592503383534,569.903742504959,8880620
2023-02-20,570.5927734375,572.512150442877,551.2022535733256,558.3875566492937,9507162
2023-02-21,574.037841796875,584.4712899811851,570.1006824705264,575.8095514784751,7702230
2023-02-22,538.5049438476562,574.3823202920106,531.516510060705,574.3331178155951,10994235
2023-02-23,543.1802978515625,549.3813716040926,525.266271692684,531.0243429471404,10711597
2023-02-24,550.1195678710938,557.0095961532267,534.6662067087684,548.2493933068604,8631548
2023-02-27,553.1708374023438,562.9645323929612,544.4106346300515,550.2179681635412,8484384
2023-02-28,583.1425170898438,604.7968931749833,543.278779296746,554.1551698151617,25360275
2023-03-01,592.640869140625,606.3225214971283,585.258695583436,588.6053049598745,18661166
2023-03-02,613.1141357421875,615.1811202758016,576.4000784231026,594.4618321601689,21080489
2023-03-03,673.89404296875,692.9400267764827,640.3297243759946,652.5841445352387,42832968
2023-03-06,679.898193359375,711.3954676083797,670.3997725631463,679.1599759941639,37435406
2023-03-08,700.863525390625,703.7671922550453,671.2856295355816,689.00284556438,20232587
2023-03-09,686.2960815429688,705.3420656556701,675.2228209945881,702.6845311850855,17041388
2023-03-10,686.83740234375,690.7253590232626,669.9568685181272,674.0416350942987,12138642
2023-03-13,670.4982299804688,699.3871118473119,666.5118682688328,692.6447506854265,9693337
2023-03-14,644.2177124023438,673.7956106356588,628.5674796213373,670.4982636401257,18147337
2023-03-15,668.67724609375,677.0437093248624,646.9244657233702,651.1568998132649,15514873
2023-03-16,668.9234008789062,681.4730972703059,664.5433588268605,676.1087653052091,12992236
2023-03-17,669.6614990234375,680.8824260638921,660.7536889123784,677.6834844163205,7625895
2023-03-20,656.2752685546875,667.1024570872733,648.9422970332699,660.4585004877321,5250369
2023-03-21,654.3558959960938,663.805114829033,650.8124764814204,660.950650164895,5011027
2023-03-22,646.8260498046875,661.344323988921,643.8731804790807,659.3757444385164,4457720
2023-03-23,644.66064453125,656.8658025357097,641.8061799567308,644.7098470081312,4491324
2023-03-24,627.9769287109375,650.2711180005468,623.9905668056941,647.8595958358512,6072701
2023-03-27,619.2167358398438,634.7193013587727,615.6733163231745,627.9769397508959,5621870
2023-03-28,584.0775756835938,617.9371078495985,562.5708080847083,612.8187890116327,19860622
2023-03-29,626.6481323242188,632.4554061644665,580.829393552328,584.0283354386935,17057169
2023-03-31,621.9727172851562,645.1035264186966,617.4941508599798,633.7841942895172,9466910
2023-04-03,617.9371337890625,628.9611917313791,612.3759323805562,628.5182492994104,6072184
2023-04-05,626.7465209960938,629.7485928269908,615.2303184890366,617.0512906382095,6622367
2023-04-06,631.5203247070312,641.1171504554587,621.6282240277549,626.9926155639274,7094042
2023-04-10,641.7569580078125,646.6784070722896,632.8983496917538,635.85121913044,4254629
2023-04-11,643.67626953125,649.8772827050012,637.2291839293637,644.7097617141625,3798770
2023-04-12,647.4166259765625,651.5998576913483,639.7883799084236,645.6941187998859,4271203
2023-04-13,651.25537109375,654.4543129481375,643.1349802326124,649.3359939658611,3306659
2023-04-17,654.2575073242188,656.2260871205448,647.6627529912689,652.584202482084,2731225
2023-04-18,648.2040405273438,660.8522005958484,640.821866973218,657.5055912207986,2964854
2023-04-19,648.056396484375,654.5526848144277,644.6113823537728,648.6469463048239,2683546
2023-04-20,655.6353759765625,667.8405928611314,650.8123922654843,652.5841017935595,5009410
2023-04-21,651.2060546875,660.0646621670377,648.3024480746731,657.5055329256819,1982614
2023-04-24,660.7537231445312,662.1809553534143,645.6941013925526,654.6511144392845,3357178
2023-04-25,660.9013671875,671.7777569514583,658.3421777819176,664.3955837981456,4814190
2023-04-26,654.2575073242188,661.049071575771,651.6983175432223,660.4585216673883,3373385
2023-04-27,649.3851928710938,657.7024536620389,646.8752659067043,657.4071787385134,3197568
2023-04-28,670.5966186523438,672.269923302467,651.7475053112275,655.7338669260959,6162262
2023-05-02,670.7935180664062,675.1244173419559,662.0333145629787,673.0573726565094,5563089
2023-05-03,659.1296997070312,674.0908568581054,646.4323370425644,664.3956261952509,5645727
2023-05-04,669.0709838867188,671.285635911353,657.2103039478227,659.474158446637,5124811
2023-05-05,673.15576171875,682.7033239159183,666.8562834972688,672.0730069839109,5193692
2023-05-08,674.3369140625,679.7997704820366,667.9390303993785,673.9432341905383,3671007
2023-05-09,679.652099609375,684.9672885028717,673.7463608727259,674.3369107158783,4029312
2023-05-10,680.144287109375,681.5223169314276,674.7798954056287,681.128576960474,1794579
2023-05-11,697.6646118164062,702.7829308913759,681.3746273243067,683.097134507864,5979387
2023-05-12,689.0028686523438,700.8143464006696,684.1306220659028,700.8143464006696,4025355
2023-05-15,683.1463012695312,690.6761420230871,676.6992153062332,688.8059674339106,2616737
2023-05-16,676.2070922851562,687.8216999044921,674.533787610679,683.146323356669,1403759
2023-05-17,673.8447875976562,681.0793538296181,671.827005479349,676.4531796544836,2295396
2023-05-18,654.5035400390625,678.8647135387079,650.9108580985002,678.8647135387079,4405410
2023-05-19,677.289794921875,683.2447963394799,649.1391303576513,653.5684345071728,6340270
2023-05-22,718.2362670898438,741.5639469758245,682.2604875154382,687.9201537709937,30204070
2023-05-23,722.5178833007812,773.3072707508229,718.5315218046551,732.6068532987233,39497528
2023-05-24,706.9661254882812,727.3901381633691,697.6153726972772,727.3901381633691,12809164
2023-05-25,713.1179809570312,715.5787055290017,694.5148791624214,705.7358072411199,7458008
2023-05-26,715.4309692382812,718.8759833078152,709.2791583998277,717.6456211401245,4507617
2023-05-29,725.9137573242188,728.3744819253178,716.6122063168075,719.5158733613613,4302323
2023-05-30,722.5178833007812,730.6874762594688,716.2184649088092,728.374419363623,4785799
2023-05-31,727.2424926757812,737.233058148493,709.9682187491069,724.4372907841,13649365
2023-06-01,720.54931640625,733.2466785101687,717.5472446134524,719.023679273151,3771760
2023-06-02,725.02783203125,732.3116004750899,722.4687026192419,726.405861761581,5554473
2023-06-05,727.193359375,732.3116788228906,723.4530698048717,726.4059394775447,5166097
2023-06-06,733.6896362304688,735.2644758698247,728.3744473141502,731.2289117462993,5492469
2023-06-07,732.0655517578125,739.2016529346114,730.293842101588,738.2173631171219,2129238
2023-06-08,724.8310546875,737.2330825123342,721.4844452357023,733.2467207169435,2141709
2023-06-09,723.40380859375,730.3430397458905,721.4844314470859,726.4058805019773,1335172
2023-06-12,730.4414672851562,734.8215690947194,722.0258011562964,723.6499034251484,4571836
2023-06-13,726.2582397460938,730.7368066120052,723.5022401891144,729.3587767953733,3636359
2023-06-14,727.7346801757812,731.0812897128908,724.2404632062106,724.7818106111382,3900945
2023-06-15,727.88232421875,736.9378026069783,725.4215996608773,725.7168745925653,6448934
2023-06-16,735.658203125,737.9220575961198,729.1618545531097,729.3587245237029,6800269
2023-06-19,724.0927734375,738.1189022746503,719.5158021022345,738.1189022746503,5256363
2023-06-20,726.2090454101562,730.3430748301121,718.7284665178821,726.4059153970657,6753358
2023-06-21,737.676025390625,741.4163147307975,721.7797205995375,728.2760695257899,9312613
2023-06-22,733.8864135742188,746.0916305048089,729.3587047547011,743.1387612547899,10061086
2023-06-23,703.0782470703125,729.3587987993941,691.9557834763482,729.3587987993941,15398550
2023-06-26,713.0195922851562,714.8897069567843,694.0227500947598,698.8457943964605,5696079
2023-06-27,708.9347534179688,718.9745217468156,704.7515216206396,712.9703177095845,6935089
2023-06-28,744.615234375,747.0759588772307,710.460366268782,711.5923235703208,17910387
2023-06-30,727.6362915039062,747.9619014925618,726.4059291577718,740.9734073207462,6629272
2023-07-03,725.8153076171875,735.7074078884056,721.1891336371126,732.8037410228909,2808490
2023-07-04,730.0477905273438,739.2016740765501,723.4530365462907,728.423688251522,3263045
2023-07-05,731.0812377929688,735.1660644311429,722.5179046483975,729.3587306692559,2212779
2023-07-06,728.4236450195312,734.1817763205576,726.60273294368,730.7367620652751,1949877
2023-07-07,707.4091186523438,728.3744801884574,704.9483940571125,728.3252777118096,4248724
2023-07-10,708.787109375,718.5316030912727,696.8772260118097,710.6572841532861,5135483
2023-07-11,718.4331665039062,720.9430935396254,707.7535858686908,712.576630036373,2716491
2023-07-12,712.8226928710938,720.9430838087638,710.6572432724586,720.3524738766184,1349350
2023-07-13,705.9326782226562,717.7933586611072,703.7672285809964,713.5609244065761,1378288
2023-07-14,714.6928100585938,716.0216373535304,703.4719422225071,707.3598990038454,2043145
2023-07-17,719.5650634765625,731.1304689030434,718.6299761289521,718.7284411570749,2683898
2023-07-18,716.7106323242188,735.7566156692241,714.2006453067305,719.5158341862245,4464508
2023-07-19,719.9096069335938,723.8959687367093,717.5472873070078,720.4017518494421,1039827
2023-07-20,720.9430541992188,724.3880683949234,716.661357653075,721.9273439694201,1423489
2023-07-21,717.0059814453125,723.7975456316321,714.8897341540733,717.3504588758458,1491198
2023-07-24,723.748291015625,728.6205376290087,717.0059297941845,718.5315669965232,1919024
2023-07-25,737.4791870117188,740.1859841612446,721.6321440941002,726.0614485205971,3210148
2023-07-26,740.8257446289062,753.3754396234316,733.2959036016782,741.1210195546975,5868377
2023-07-27,736.9869995117188,746.9283026198613,730.2446383046288,742.0561160931304,2243079
2023-07-28,748.828369140625,753.8819702243687,736.3429057005359,743.1801876186913,3257195
2023-07-31,770.7769165039062,772.9073905545494,747.5401978258479,751.7515521974592,5854918
2023-08-01,758.3905639648438,773.8982809832677,754.6746631278562,771.8669339550793,2590545
2023-08-02,754.5260620117188,766.8628648641363,744.7160596278309,760.0255831444379,3017482
2023-08-03,766.3178100585938,772.4119115515439,746.5492662227657,754.5260544961892,4135776
2023-08-04,768.2005615234375,772.8083027243152,761.7596667799323,769.3896618798082,2758619
2023-08-07,784.2037353515625,787.4241827375473,764.1874041180256,769.9841852207355,4175164
2023-08-08,777.0692138671875,797.6800655773789,757.3501420912859,786.5323627975707,11993737
2023-08-09,783.9064331054688,799.5132169538268,776.8710182293833,785.4919204511746,7007648
2023-08-10,795.5000610351562,812.3454786276204,784.7982784253873,785.789185342591,8064730
2023-08-11,793.7659912109375,803.0805406275011,787.0278361232888,799.5628330908763,9040236
2023-08-14,779.9923706054688,786.9782519760126,764.0882668825457,773.8982691340537,17841454
2023-08-16,769.0428466796875,778.8528495106256,765.4260726615315,778.8528495106256,11481440
2023-08-17,802.2877807617188,806.2018145593391,769.7859866658853,770.9255537716206,14011644
2023-08-18,828.299072265625,841.8744479257738,796.9863790578947,799.6618396881986,22502392
2023-08-21,850.3468017578125,856.2426495765825,830.8754564923154,832.4608833800224,17432300
2023-08-22,846.72998046875,861.0981311028014,845.5904132953648,856.0445298994404,8037324
2023-08-23,818.1918334960938,854.607661807166,812.6427186082171,850.7431007331118,4748732
2023-08-24,814.8722534179688,836.7217986359254,812.7418399014034,826.4163428306271,4692796
2023-08-25,799.2654418945312,822.8490733345201,796.1936548482241,815.5163384444162,4442243
2023-08-28,800.1077880859375,816.507285176398,791.2391592395071,808.5800299805106,5067265
2023-08-29,816.0614013671875,823.2454767088284,792.7750881908344,802.1391709045914,5935085
2023-08-30,811.2554321289062,825.4253876723897,809.1744915021445,820.4708535326994,8592012
2023-08-31,784.9964599609375,803.5264311267415,780.5373789013667,796.5900828118534,9998925
2023-09-01,792.2301025390625,800.6528115716854,772.5606238725895,772.9074171112806,11900199
2023-09-04,793.7659912109375,804.3687075518787,788.3160030476663,800.2068863129851,12522148
2023-09-05,797.6304931640625,803.5264011074813,790.2482249229828,797.6800264112868,10483413
2023-09-06,799.71142578125,801.1482529258192,793.1714642351437,798.6709856007548,6729598
2023-09-07,802.5355224609375,805.5577764097511,797.7295877080893,802.3373289849162,9787939
2023-09-08,817.4982299804688,821.263664277074,802.7832860328845,803.5264662419576,11683222
2023-09-11,874.42578125,879.1325888917715,827.4072380798503,832.3617724396099,20638175
2023-09-12,850.9412841796875,881.411670774768,845.2931028611536,881.411670774768,8036897
2023-09-13,841.9735717773438,859.3144418425702,835.4831439346757,851.1889934874044,7180448
2023-09-14,842.0726318359375,850.0494199089492,833.3526636229531,846.2839859624506,6234825
2023-09-15,837.96044921875,846.8290176429828,833.848161366945,838.3072424437735,4013431
2023-09-18,823.6913452148438,840.3385687273651,820.6195580743757,840.3385687273651,2801202
2023-09-20,810.6113891601562,829.9836072390019,807.5891351675241,824.4345527108958,3016411
2023-09-21,823.542724609375,834.7400212926917,812.5436818880758,813.683249048641,6437320
2023-09-22,819.529541015625,831.0736306133476,814.6245397558154,826.317289580867,3156509
2023-09-25,818.1422729492188,824.1372473547087,811.5031848928257,821.1645267754421,2395763
2023-09-26,813.88134765625,823.4436233103401,811.5527406632593,818.5881553707194,1569635
2023-09-27,823.1464233398438,825.425497250626,814.0300672165537,818.290955046305,2463842
2023-09-28,815.6154174804688,833.6994677909094,811.7013837426073,825.6731463657349,5057959
2023-09-29,817.6468505859375,824.9299920898026,814.8227296402384,818.9845507053716,1468496
2023-10-03,823.8400268554688,829.1413546170371,816.7550182767766,818.489105364413,2453090
2023-10-04,817.1017456054688,837.7621892429161,811.8994847621059,823.3940402469614,4096647
2023-10-05,817.6964111328125,824.4345661640833,812.7914097308766,823.2949990019611,2083505
2023-10-06,823.1959228515625,828.8936376350672,818.8855019465399,822.4527426624097,1877058
2023-10-09,782.865966796875,811.3545395367914,777.86189915946,807.5891054967642,5994282
2023-10-10,812.0482177734375,816.2100389172402,793.2705196166289,793.2705196166289,7591327
2023-10-11,807.4404907226562,819.8764211245536,804.9632233884391,819.8764211245536,3281387
2023-10-12,807.5396118164062,815.7641272100108,805.1614110008334,811.1068525596065,2563606
2023-10-13,806.3504638671875,817.2999726629935,798.5222754176128,804.6163768481183,3801000
2023-10-16,798.3241577148438,811.0572870209102,795.9459569939476,811.0572870209102,2664794
2023-10-17,797.7791137695312,806.9945962401589,796.6891403814701,804.616395509644,2162192
2023-10-18,791.3382568359375,801.6932464385342,788.1674030170981,801.5941799367554,2271927
2023-10-19,785.6405029296875,790.0500506827685,780.2896420159686,789.5050639897263,2862500
2023-10-20,786.4332885742188,795.6982439348214,781.4787540540767,784.6000745136715,2434862
2023-10-23,764.4351806640625,788.5637407673272,762.8992869835952,786.433327107376,2002377
2023-10-25,762.1064453125,776.2268681319513,754.1296571491217,765.47555284394,2581498
2023-10-26,763.3450927734375,764.7819198491533,747.6392428772244,757.0528582613643,3855358
2023-10-27,775.2855834960938,779.2492110998976,766.0205676841077,767.8537817389616,2995404
2023-10-30,777.8619384765625,787.176487791785,772.7092103549534,778.7537789038222,3522068
2023-10-31,777.6141967773438,783.9064314569417,775.3846562322669,782.6182645713734,2825760
2023-11-01,762.1064453125,783.3118764053522,760.2237585579996,777.6141619343455,2693768
2023-11-02,767.2592163085938,776.3755720715795,765.0296757378712,769.8356105895238,1741799
2023-11-03,788.1673583984375,791.5364055102702,770.2319075401457,772.9073682184718,4310765
2023-11-06,795.2028198242188,798.9187208514347,792.0319055182957,794.2119128836277,2270316
2023-11-07,790.2977905273438,801.0491667420432,788.7618969195746,795.6982452593196,2394891
2023-11-08,811.2554321289062,816.3090327593289,792.7749955958005,794.7072760063103,5123208
2023-11-09,798.869140625,820.1736385949489,790.8427585900881,817.498177916645,4982049
2023-11-10,801.247314453125,811.35457717268,798.8691741239207,800.6527944908637,3903183
2023-11-13,802.4859008789062,820.4708846808197,800.1572939369105,802.6345611008019,1050882
2023-11-15,803.3777465820312,810.5618214049973,801.6931928033736,810.5618214049973,1694698
2023-11-16,806.2018432617188,810.9582448461628,800.7518552196884,806.9946171792317,1689762
2023-11-17,802.6841430664062,814.4759596742874,801.6932361407073,804.3191636858731,3218979
2023-11-20,796.292724609375,808.5799938053416,793.815457471491,802.6840859211467,3227659
2023-11-21,794.063232421875,807.490069508964,792.0318853414437,797.6800668549577,3643664
2023-11-22,784.6991577148438,797.6304799949618,781.3795834834485,796.6891063926212,3212329
2023-11-23,785.8882446289062,797.3828010510614,784.2532845186217,787.7709919463758,3776615
2023-11-24,788.3159790039062,795.6487143192671,777.8619232146957,788.6628327099949,4421350
2023-11-28,830.0827026367188,846.6308595722265,798.6709425519806,798.6709425519806,15929818
2023-11-29,827.9522705078125,842.2708876946534,825.7227299227384,842.2708876946534,8057644
2023-11-30,817.99365234375,831.3708955983117,815.5163850743868,831.3708955983117,5998210
2023-12-01,820.2727661132812,831.5691296041933,817.9936922104231,831.5691296041933,2932775
2023-12-04,870.660400390625,875.3176145890197,850.6936015096622,857.1344965705974,11064795
2023-12-05,1003.8877563476562,1014.9859862055004,871.9980721300493,875.9616997306404,46564412
2023-12-06,1008.6936645507812,1072.6566911756638,998.9331955531447,1035.497683398216,41008947
2023-12-07,1030.1964111328125,1049.1227092516883,1012.3600864418747,1019.6432281652773,14840081
2023-12-08,1013.648193359375,1045.4067464028817,983.2768736438546,1038.4703983224833,12202462
2023-12-11,1022.516845703125,1038.4704224668992,1006.4146087135381,1017.4632447476866,7889666
2023-12-12,1032.4754638671875,1038.9163591401214,1013.9455520045681,1027.6201165066186,4902289
2023-12-13,1053.8294677734375,1065.2248969030986,1019.4450473924114,1035.4976904778957,8151639
2023-12-14,1064.9276123046875,1079.9894699766903,1053.3340497926952,1070.1794673340646,8004131
2023-12-15,1068.74267578125,1076.6203371813783,1057.347246533587,1069.18853549812,11672787
2023-12-18,1084.3494873046875,1092.3758091377147,1062.9953948661532,1069.1885630953898,5448342
2023-12-19,1064.2340087890625,1089.0066812469086,1058.883087346105,1085.0430536536533,5993252
2023-12-20,1002.9464111328125,1073.9943852193217,995.8614028310567,1068.1976042307256,8467564
2023-12-21,1009.6846313476562,1018.652326994131,980.2546833452765,987.0919653741686,5352057
2023-12-22,1018.1567993164062,1041.3935168144912,1009.7340910008934,1024.597693910622,5252106
2023-12-26,1019.3954467773438,1031.5340559856281,1016.7695193687954,1024.6967743619607,2176775
2023-12-27,1015.0850219726562,1027.6200180721028,1008.7431938116407,1027.570424344471,2803997
2023-12-28,1007.7027587890625,1021.8231212799235,1005.4236850722278,1020.1882217041606,4865603
2023-12-29,1015.0354614257812,1025.4895776317146,1008.3468398336297,1012.5086609203333,2429250
2024-01-01,1038.32177734375,1048.3299129030938,1013.6977649197279,1017.2155328204377,3989711
2024-01-02,1068.593994140625,1073.053075061219,1021.7240507467017,1038.3217408400235,6344621
2024-01-03,1084.2998046875,1133.5974197509709,1053.0862393709303,1094.9520531685514,33060778
2024-01-04,1112.986572265625,1120.7156944042629,1093.5153486138552,1106.8429979218051,9771995
2024-01-05,1143.7542724609375,1149.4519870519277,1115.1666330095104,1118.8329401013266,10622789
2024-01-08,1158.221435546875,1171.251884682742,1141.5246794877485,1149.4519342064134,8760094
2024-01-09,1186.214599609375,1218.716393595945,1167.7837558683434,1171.2519299417752,14701104
2024-01-10,1203.3077392578125,1208.9063872926647,1186.1155291715734,1208.9063872926647,7036728
2024-01-11,1192.011474609375,1212.473727447531,1189.0883474726336,1209.8973935534045,3721202
2024-01-12,1196.1236572265625,1207.6677464410147,1190.1287432460574,1199.3936982779733,3912779
2024-01-15,1192.1600341796875,1204.2986433684946,1178.287337963908,1202.9609432826069,2825654
2024-01-16,1182.498779296875,1200.9792180237098,1176.0084113796224,1192.6555754889073,3173587
2024-01-17,1156.23974609375,1193.7455498190002,1148.9070104990935,1169.2701966296102,5268593
2024-01-18,1143.55615234375,1173.531085964285,1133.052442472104,1160.4015695850424,5918594
2024-01-19,1141.9705810546875,1156.1901914959356,1139.542907592203,1151.6815168252501,2732559
2024-01-23,1126.76025390625,1196.2228060000816,1119.9725655796494,1188.2460777331712,7201014
2024-01-24,1110.4102783203125,1136.3225186561372,1108.180737734329,1127.65208304398,18373913
2024-01-25,1135.876708984375,1145.2407314740765,1101.4921645222623,1111.946281448076,4305042
2024-01-29,1185.768798828125,1193.943780978919,1140.5338734016684,1144.4975011111444,6768033
2024-01-30,1176.5533447265625,1206.1318930381585,1170.261109776307,1189.0883418556887,4683729
2024-01-31,1196.668701171875,1203.2086622968059,1180.8141913124978,1184.9264789993358,5510242
2024-02-01,1207.766845703125,1228.2290972925998,1189.3855953629943,1202.5645845003933,7433628
2024-02-02,1249.9794921875,1275.7926659685045,1220.5000111680336,1221.8378322850706,10450227
2024-02-05,1247.10595703125,1279.5085650475528,1237.4940872965221,1257.956339460111,5611298
2024-02-06,1261.5235595703125,1272.9189890049738,1237.4940670667875,1254.4881447201064,4408002
2024-02-07,1244.2322998046875,1274.6530939015922,1240.7641255804656,1268.360859143996,3359763
2024-02-08,1233.877197265625,1253.0017484131938,1225.50408252275,1252.555888701798,3354609
2024-02-09,1259.9381103515625,1263.9017379106708,1220.8963547022827,1241.209945942713,3538164
2024-02-12,1237.989501953125,1268.1130956771954,1232.5891077731242,1266.37900861532,2204823
2024-02-13,1253.299072265625,1259.4426465475858,1215.4959505395022,1238.5840083052178,2245009
2024-02-14,1256.3212890625,1269.8967861696567,1237.2959249652697,1250.4749141600203,3382943
2024-02-15,1255.5286865234375,1265.9332093918822,1250.6236245949788,1263.406348311132,3382824
2024-02-16,1294.9666748046875,1299.0789626848837,1254.0422918821087,1258.253646261522,5476230
2024-02-19,1295.1153564453125,1314.9334950290204,1290.309482030827,1301.4571849841627,2700240
2024-02-20,1288.6744384765625,1300.9617083719008,1281.9362230938657,1299.0789610478841,1856718
2024-02-21,1279.2608642578125,1303.0426309055179,1269.797654561785,1292.9354284643712,2770510
2024-02-22,1299.029296875,1305.0243317489349,1269.351684867415,1284.215287734715,2556009
2024-02-23,1308.6907958984375,1319.8880931206024,1286.1972559088151,1300.1195473172274,2924829
2024-02-26,1325.9820556640625,1330.7879298037562,1304.7766243999224,1307.9970717356352,2802425
2024-02-27,1317.3612060546875,1327.0225488887756,1302.2994686872123,1324.6939417310855,2197456
2024-02-28,1287.6834716796875,1322.7615989094263,1283.3730510069504,1322.3652119711758,2121625
2024-02-29,1308.4925537109375,1317.8071027079097,1281.2922078509396,1288.1789623810819,2672239
2024-03-01,1310.0780029296875,1336.7334230294546,1300.4662542764636,1322.8607262745156,3301090
2024-03-04,1330.3916015625,1344.2148256203498,1324.2480270658891,1333.0175290826207,2170214
2024-03-05,1326.130859375,1342.6293638194713,1321.8699109779725,1331.8285745085257,1815438
2024-03-06,1312.7535400390625,1332.3734245392363,1292.1426276555221,1330.4906771933802,2758443
2024-03-07,1313.3974609375,1323.20746313121,1303.0425325421074,1317.7080025852608,1640786
2024-03-11,1314.8839111328125,1330.143902148465,1310.0285639117444,1318.8971326101569,2217673
2024-03-12,1289.4671630859375,1334.7019651005496,1281.6884473594084,1322.8606763443634,3139768
2024-03-13,1198.551513671875,1296.1062515781691,1177.2964876581068,1295.1153446580022,8670336
2024-03-14,1256.3212890625,1264.3972044901386,1184.8273320303401,1198.9973490854763,7195603
2024-03-15,1271.3336181640625,1277.1303996354898,1245.2232441966387,1262.217322598768,4024586
2024-03-18,1255.0826416015625,1258.501342945308,1216.0904797056896,1238.6336114337846,4858444
2024-03-19,1229.91357421875,1261.2758012430563,1225.9995404168606,1259.4922414306805,2311324
2024-03-20,1234.075439453125,1241.556713741577,1219.013582460712,1236.651773121733,2772098
2024-03-21,1250.9703369140625,1257.1635048875376,1239.9218220176324,1248.542663452585,3155563
2024-03-22,1269.9461669921875,1277.3779682046422,1243.637663276282,1250.970277037659,3076926
2024-03-26,1292.3406982421875,1302.0516340032007,1269.3517071218419,1269.946227054895,3610644
2024-03-27,1310.7716064453125,1330.7878760781507,1300.1688307611341,1303.0424847675117,4938400
2024-03-28,1329.6484375,1346.3451950491976,1302.0517037398902,1321.8698423051853,4188741
2024-04-01,1363.3887939453125,1369.185574973874,1337.9720084012833,1344.4624968187563,3251462
2024-04-02,1391.3819580078125,1411.9927491024328,1375.576920260978,1385.0897233388353,5769001
2024-04-03,1384.4949951171875,1389.2513963561678,1376.5677403590923,1387.1209224478682,2727582
2024-04-04,1354.4210205078125,1395.791382007772,1349.862873133412,1395.791382007772,4197697
2024-04-05,1363.0419921875,1369.3342266142822,1345.007414593523,1354.5696900724906,1853120
2024-04-08,1336.3865966796875,1369.3837234241817,1324.8425072598186,1369.3837234241817,14038860
2024-04-09,1344.165283203125,1352.4889258094217,1333.8598266886777,1343.818489961263,1935801
2024-04-10,1340.00341796875,1347.534286040862,1335.9406030053535,1346.642445659621,3984001
2024-04-12,1331.97705078125,1346.0480018042115,1328.80619698019,1337.7243593760302,2183230
2024-04-15,1303.587646484375,1322.8607376867706,1296.7007708168564,1307.9971338925372,3372368
2024-04-16,1292.4893798828125,1309.9789107118374,1282.629904695393,1290.1607728795857,2696593
2024-04-18,1283.7694091796875,1324.3469960273796,1279.260734658696,1303.9838120141037,6219274
2024-04-19,1298.0880126953125,1304.033453974833,1258.4517374985091,1268.3608062977098,3899281
2024-04-22,1309.087158203125,1318.8971612807486,1303.0426499505518,1309.087158203125,8903130
2024-04-23,1310.0780029296875,1326.3784941929302,1306.9071491983993,1309.0870960186205,3847872
2024-04-24,1308.4925537109375,1320.7798233903275,1306.0648802044218,1318.8970760994,2553035
2024-04-25,1318.451171875,1324.7928790151668,1304.8262025405147,1308.492509540943,6097087
2024-04-26,1312.5552978515625,1329.40071569449,1309.0871235897835,1327.8152887954548,2565490
2024-04-29,1305.2720947265625,1323.6038721055272,1295.1152991517306,1322.167105505896,2191564
2024-04-30,1312.8525390625,1322.5138810656601,1304.2811704266085,1311.5148389772019,2321071
2024-05-02,1326.626220703125,1336.436102352827,1294.6694728264536,1321.820225416985,7991511
2024-05-03,1308.2943115234375,1341.6878226847184,1298.5337826625469,1340.696915873282,3528822
2024-05-06,1278.22021484375,1310.474280490609,1245.5698832337964,1310.474280490609,4000668
2024-05-07,1275.9412841796875,1289.3185272269698,1253.4972188749623,1279.3598645743118,3474340
2024-05-08,1265.6358642578125,1281.936234716544,1257.5104758935238,1281.589441486419,1627418
2024-05-09,1233.2332763671875,1274.1081875031814,1228.7246014213924,1267.3699719499687,2591646
2024-05-10,1255.231201171875,1267.0724891635214,1234.4221581684337,1238.6335121096063,2022402
2024-05-13,1294.5208740234375,1301.0608357536687,1250.177787656357,1255.4791156891838,2495810
2024-05-14,1319.144775390625,1327.7161440387467,1273.5630592081134,1294.5207637753958,2989543
2024-05-15,1325.6846923828125,1341.6382683229447,1320.8788183984057,1325.6846923828125,2189768
2024-05-16,1332.8193359375,1354.3219666656078,1298.583455141964,1339.9042233007008,4822618
2024-05-17,1323.5543212890625,1331.0853106301365,1309.1366982159714,1317.906200243574,1945123
2024-05-21,1372.9014892578125,1386.0805992133048,1320.8788777918903,1331.7788535276075,4200578
2024-05-22,1365.6678466796875,1381.671017371011,1351.795150023982,1381.671017371011,1878562
2024-05-23,1430.2254638671875,1435.6259791010298,1357.4433997367112,1371.4151629708686,7821034
2024-05-24,1403.2232666015625,1431.8109070796468,1369.5820250185661,1421.951431600066,19100263
2024-05-27,1418.6318359375,1443.800894473385,1410.654987298739,1431.860418378904,5517078
2024-05-28,1387.76513671875,1424.9241460917976,1385.2878694272135,1424.9241460917976,4070886
2024-05-29,1397.1787109375,1414.8663746817738,1370.3251584867214,1393.215083388741,3214475
2024-05-30,1370.919677734375,1400.7955445601142,1361.15926909255,1397.1787102316364,3477661
2024-05-31,1424.32958984375,1437.8058993742857,1378.3514858922338,1378.3514858922338,8238969
2024-06-03,1569.546875,1606.6564095419903,1521.0420325102627,1534.9147285722456,23398347
2024-06-04,1237.593017578125,1543.8328169816089,1177.1972956188392,1543.8328169816089,52109624
2024-06-05,1342.282470703125,1355.560647435861,1150.046530935174,1269.351746612089,20879925
2024-06-06,1340.6473388671875,1391.233180605964,1332.5715450215157,1371.4150441300956,12153840
2024-06-07,1366.3118896484375,1372.4059909845823,1342.7283791304474,1345.3541855218457,5884018
2024-06-10,1371.4647216796875,1402.4800345839021,1368.6901340193601,1391.2332656385024,4843234
2024-06-11,1390.688232421875,1405.8987500176386,1371.464735440697,1378.3514899719598,4122878
2024-06-12,1381.2745361328125,1401.5881262777941,1377.955022423133,1398.9127262037975,3258265
2024-06-13,1391.67919921875,1398.1696880399163,1375.4284222209853,1390.8369525144044,2839159
2024-06-14,1423.7730712890625,1435.0184097770925,1388.693737762958,1402.1781826462716,5651491
2024-06-18,1438.00390625,1451.538036365905,1427.1069702234236,1439.9942230752595,5651898
2024-06-19,1441.387451171875,1444.969997116801,1413.5727009981988,1438.999046715492,4484742
2024-06-20,1462.2857666015625,1469.6499630037658,1437.1082106732888,1452.2346911306545,4905603
2024-06-21,1478.3077392578125,1491.6428855368783,1462.882784724998,1472.7845617849914,25891893
2024-06-24,1453.1800537109375,1472.4861509682707,1443.1786631984553,1467.7093420561873,3009931
2024-06-25,1449.099853515625,1461.788122459451,1430.0425468453147,1459.0514370009787,3343186
2024-06-26,1460.6934814453125,1467.3609938292868,1444.0245790060853,1451.8365477936857,3217949
2024-06-27,1478.3077392578125,1486.7665852919367,1451.9360427984843,1468.455647228092,7803408
2024-06-28,1470.943603515625,1486.766646336755,1438.0038848437825,1472.8344287673342,11534763
2024-07-01,1467.3609619140625,1484.179162036538,1464.4749784526905,1475.8198077440181,3372730
2024-07-02,1467.7093505859375,1482.3879370723641,1448.005287037499,1472.3368614690432,5368562
2024-07-03,1503.3360595703125,1506.6698159107152,1463.6790216706354,1472.6354472605935,4435563
2024-07-04,1496.369873046875,1512.6406877275601,1487.1148518262994,1507.3166148659561,2980840
2024-07-05,1493.185302734375,1502.191534424163,1486.6670884073235,1500.6987968940957,2111633
2024-07-08,1468.1572265625,1493.7825551958272,1461.8876800915598,1488.7569567167961,2177821
2024-07-09,1470.8441162109375,1496.6684281169682,1467.8586410088856,1472.8344330123055,2256634
2024-07-10,1480.5966796875,1487.2143857012602,1452.93122825638,1484.7762962729585,2082079
2024-07-11,1476.665771484375,1491.2448663791363,1470.744627580294,1487.7618119698423,1765496
2024-07-12,1479.501953125,1489.7521332951694,1473.9788968610833,1482.7860244554458,2018935
2024-07-15,1487.8115234375,1497.7133003196584,1478.1087296314424,1486.7665585897473,1913095
2024-07-16,1491.792236328125,1503.2862428697563,1486.0202690619988,1488.7569546403818,2170314
2024-07-18,1486.6671142578125,1496.9669790985133,1465.0721047264356,1482.7859723162937,3263419
2024-07-19,1462.186279296875,1494.9268933297992,1458.4046288017469,1485.3237119953674,2568243
2024-07-22,1460.24560546875,1467.8585912718831,1435.5657508556187,1462.882799437063,1721261
2024-07-23,1500.052001953125,1509.6553048858657,1412.1297809051043,1460.8925428954851,5987213
2024-07-24,1477.6112060546875,1506.222009379755,1472.8343972556543,1500.6988317983287,2201442
2024-07-25,1479.800537109375,1492.1902105667564,1459.7480711035266,1463.878002749086,2211808
2024-07-26,1535.2806396484375,1540.4057297645463,1482.7860334313218,1488.657492356205,4500728
2024-07-29,1541.2017822265625,1551.4519624496038,1532.5439526442526,1540.405728385495,1928637
2024-07-30,1538.763671875,1549.3621331024478,1528.5632983023443,1547.073220196865,2800881
2024-07-31,1562.2991943359375,1570.2604615251346,1539.5100427110012,1549.4616266974976,2622023
2024-08-01,1582.451171875,1597.1794434732692,1560.9059679765317,1573.2956416043264,7160588
2024-08-02,1580.3115234375,1591.9548280096474,1542.6944877009848,1572.300449805686,4313297
2024-08-05,1486.6173095703125,1555.8803079588502,1464.4253507644685,1532.54389272946,7147230
2024-08-06,1486.8660888671875,1532.2950925258015,1480.8951386771212,1517.5170151012455,3159971
2024-08-07,1536.3255615234375,1540.3558800903063,1506.8687761791136,1512.6407433969514,2258441
2024-08-08,1511.6456298828125,1548.4664911768639,1506.4708547250975,1530.5536397365145,2468123
2024-08-09,1526.3740234375,1536.0270114581187,1511.6456303238629,1534.0366946308325,1503033
2024-08-12,1494.130859375,1516.870204721846,1450.2940828725068,1492.7376133067207,9230512
2024-08-13,1476.2677001953125,1510.1030862607404,1472.33687305296,1498.559272957807,2485446
2024-08-14,1454.8717041015625,1480.7956277626452,1444.9699270909682,1480.7956277626452,2648057
2024-08-16,1486.21923828125,1489.9510822169516,1449.9955703288085,1464.0769642627536,1985315
2024-08-19,1489.2047119140625,1499.7036814342016,1482.7859889429067,1493.6829246323464,1343387
2024-08-20,1485.32373046875,1502.6891960968253,1479.1039904186803,1497.6635975446497,990643
2024-08-21,1496.2205810546875,1509.6552187961163,1485.3236457005783,1491.8418600134746,1551436
2024-08-22,1485.074951171875,1502.1916273167224,1483.1841258876736,1499.7037312794307,1442064
2024-08-23,1484.0797119140625,1495.7230161426176,1478.9048155508108,1485.7714325355475,1181075
2024-08-26,1475.3720703125,1489.7520599750515,1472.8343679112065,1488.2593224400064,1087057
2024-08-27,1471.1923828125,1489.6526195544263,1468.4556972376713,1477.7107188642647,910064
2024-08-28,1462.683837890625,1479.2034427295885,1459.8973458303828,1472.2373340582778,1225101
2024-08-29,1468.903564453125,1475.8198665509078,1445.5670277283143,1464.9229309627651,3359850
2024-08-30,1474.7252197265625,1479.8005031415455,1458.9021772733731,1473.779746383045,1996592
2024-09-02,1487.26416015625,1492.2399519265955,1471.640222589082,1482.785947562939,2054244
2024-09-03,1472.3865966796875,1490.8467113268573,1469.4508066369913,1487.2641655351101,882478
2024-09-04,1464.97265625,1468.0079379615238,1453.9762288182849,1464.8731647058657,1122071
2024-09-05,1458.454345703125,1469.6498769661343,1455.9166433584608,1469.6000704576943,959956
2024-09-06,1435.41650390625,1461.638903513423,1420.6384259265865,1458.5041302500283,3340767
2024-09-09,1428.9478759765625,1434.6202298882108,1404.1684091660104,1424.0715758444799,1621371
2024-09-10,1446.3631591796875,1456.911813313559,1428.0522213831673,1432.0328547528766,1542798
2024-09-11,1423.673583984375,1450.791650407999,1418.200212779607,1447.9056667496254,1637596
2024-09-12,1465.47021484375,1467.858619265872,1433.227058843339,1437.0087093016402,4003674
2024-09-13,1445.0694580078125,1468.505486427539,1442.979649707543,1465.818485916369,1683544
2024-09-16,1433.724609375,1454.0756708482766,1431.833905662941,1448.0549141419633,1673805
2024-09-17,1419.69287109375,1438.0038089429297,1413.2243418493701,1435.8145091750096,1321316
2024-09-18,1421.88232421875,1432.281680568454,1408.1988966642487,1423.076465668153,1421406
2024-09-19,1401.3819580078125,1431.0377258131823,1387.6985305182914,1426.0619339988111,2072872
2024-09-20,1431.7342529296875,1446.0148722698104,1402.377081945548,1412.0798757453908,4407151
2024-09-23,1449.099853515625,1451.8862240039496,1436.8593572369239,1440.9892886792038,1139915
2024-09-24,1449.597412109375,1458.7528201942011,1439.9941098864927,1449.0998329421716,1537307
2024-09-25,1445.517333984375,1456.9118486901318,1431.236714240351,1451.9360568571738,1227806
2024-09-26,1465.47021484375,1468.6049880553294,1440.989342845412,1449.7964702651482,2066994
2024-09-27,1449.6470947265625,1477.8101241351292,1445.417671812371,1477.8101241351292,2694100
2024-09-30,1441.1883544921875,1461.6389083203203,1437.008737780114,1449.6472009403392,2042408
2024-10-01,1460.3948974609375,1465.7189704062484,1440.9893093856474,1441.1882924664976,1687795
2024-10-03,1418.2996826171875,1461.887668499777,1407.3529403751877,1445.7163447331866,3967953
2024-10-04,1406.8553466796875,1439.3970984421135,1397.4013421135996,1417.9017018298148,2611371
2024-10-07,1348.6385498046875,1417.0060014628,1330.5267163931464,1403.1732760765417,4531821
2024-10-08,1411.6820068359375,1417.453852708936,1335.5025821886725,1335.5025821886725,3031170
2024-10-09,1401.332275390625,1426.012129944835,1397.550625013473,1417.8518799469293,1507508
2024-10-10,1410.33837890625,1423.1262610130175,1400.0385141782556,1410.1393958260082,1628495
2024-10-11,1401.4317626953125,1419.9416839248458,1398.396481100776,1408.3480647165782,1158809
2024-10-14,1403.471923828125,1419.0958619351316,1400.3371506086364,1411.1345948275011,762384
2024-10-15,1413.4234619140625,1417.8020614979448,1400.1878071847782,1409.094425881124,1018477
2024-10-16,1397.00341796875,1411.5327063904463,1385.260500194349,1411.1346187324618,1450465
2024-10-17,1387.9473876953125,1401.1830431577691,1380.8321022377156,1397.0034264218873,1418861
2024-10-18,1398.7945556640625,1403.7206623954062,1369.3378927325348,1382.27495131213,1290065
2024-10-21,1368.84033203125,1406.059279204585,1364.6607154869937,1403.073804107461,1644382
2024-10-22,1356.2515869140625,1380.3841778608582,1347.3449679192313,1368.0441895344725,2467299
2024-10-23,1333.9599609375,1364.163114026943,1328.7353796028524,1356.2018472312895,1916219
2024-10-24,1347.842529296875,1352.4202335324728,1329.7305739587534,1338.4880162628226,1115993
2024-10-25,1312.3153076171875,1361.3766643617064,1297.8358260702153,1353.4153973186556,2078274
2024-10-28,1345.653076171875,1357.4954848669988,1296.8406318507127,1320.4258362222392,2126411
2024-10-29,1366.0538330078125,1370.780835220676,1315.5993527169649,1358.0925661229896,3790528
2024-10-30,1389.4400634765625,1408.0495978278802,1351.4748689572286,1373.2687400120806,2526884
2024-10-31,1369.2880859375,1401.182959713025,1365.456750577893,1401.1331532037052,1891761
2024-11-01,1387.6488037109375,1391.1815429052085,1371.7262703843157,1379.7870285850604,243881
2024-11-04,1342.7174072265625,1388.2459018573686,1329.531559054799,1387.4497265835835,1700308
2024-11-05,1322.913818359375,1346.499145747973,1289.6258178768721,1343.4638639820716,4852958
2024-11-06,1363.366943359375,1375.3088435931797,1308.8322170332835,1323.5606092466924,3645515
2024-11-07,1346.548828125,1366.3026983827979,1343.4638613318755,1366.3026983827979,1292794
2024-11-08,1355.5052490234375,1360.6801456546918,1332.1190263356734,1346.5488233132298,1400491
2024-11-11,1341.3740234375,1351.375292408646,1332.566895947319,1348.539115281882,1269498
2024-11-12,1319.5799560546875,1348.2405647779076,1313.6090060272907,1341.5232459970864,1038042
2024-11-13,1281.66455078125,1322.814327067866,1278.629269014765,1315.599428537686,1437072
2024-11-14,1258.4276123046875,1290.3721728771102,1254.5464702210927,1283.7045386618838,2963013
2024-11-18,1273.106201171875,1282.6596976020135,1255.1933498106282,1257.8802289230962,1445637
2024-11-19,1283.406005859375,1315.0519688836516,1275.793020094156,1278.7784951801798,2631778
2024-11-21,1109.2532958984375,1155.0802657213978,990.8294504575306,1155.0802657213978,46926687
2024-11-22,1131.246337890625,1150.3036459961224,1048.8969783476743,1067.406900728538,27086168
2024-11-25,1161.15087890625,1185.6317514442414,1134.1819888692603,1179.2627133379492,10532688
2024-11-26,1123.384521484375,1168.7637196605704,1113.930516802697,1166.3754367138986,5802555
2024-11-27,1194.1402587890625,1225.7365376001294,1096.6645433006545,1096.6645433006545,24434211
2024-11-28,1161.9468994140625,1220.9598399002632,1157.5184932177458,1190.8562989254217,15602469
2024-11-29,1184.288330078125,1209.7145549023871,1163.2407051323448,1169.3111472177857,9412850
2024-12-02,1209.91357421875,1214.9888575234,1183.6413694026141,1196.0808488156242,6941125
2024-12-03,1282.410888671875,1303.159916890073,1214.0932406306904,1221.009542876991,16753958
2024-12-04,1263.4033203125,1294.7010015428618,1255.8898262468038,1294.7010015428618,4874025
2024-12-05,1270.8670654296875,1278.5795429211673,1248.127599126211,1267.8317837606774,4369917
2024-12-06,1252.9542236328125,1276.290639363173,1250.0184334851012,1272.8075849867434,2232531
2024-12-09,1260.71630859375,1271.3645756336844,1242.9527566634724,1251.710198576756,2849557
2024-12-10,1242.7039794921875,1266.7370777457922,1238.3750650006252,1266.7370777457922,2406907
2024-12-11,1227.826416015625,1252.2574805249199,1224.7911344682898,1248.028057553975,2595435
2024-12-12,1237.97705078125,1261.8608524040394,1217.5264970500177,1227.8264836832834,5457302
2024-12-13,1253.8497314453125,1255.8898546821154,1224.044787051507,1235.9368809030952,2818291
2024-12-16,1237.131103515625,1255.740515714168,1234.9416822997864,1251.9091804355608,1337624
2024-12-17,1225.9356689453125,1253.4020167513484,1223.0994917741286,1229.120127263958,2684726
2024-12-18,1204.19140625,1232.9017002620146,1201.4049142869824,1230.015716760166,1931870
2024-12-19,1199.1658935546875,1203.1465272262383,1179.2627251969334,1181.7506212416527,1541271
2024-12-20,1176.7249755859375,1210.0130962207697,1170.5052357228478,1199.1658456036826,3045185
2024-12-23,1186.02978515625,1193.1948767753609,1168.56470730064,1184.1886450019783,1540796
2024-12-24,1176.4761962890625,1197.2750308691445,1174.2868964298098,1192.1997473922984,1380778
2024-12-26,1237.92724609375,1242.95284461767,1176.8246173688412,1181.2530236678738,3827047
2024-12-27,1224.7413330078125,1244.8932895995006,1219.815347766005,1242.4053937239835,2595142
2024-12-30,1212.6004638671875,1252.7053944399036,1206.1319345154134,1227.7766288848113,8312636
2024-12-31,1225.139404296875,1230.8118797049412,1202.3005690560806,1216.083487726683,1717204
2025-01-01,1212.7994384765625,1225.836110108666,1200.5092570898958,1217.0786679941784,1937930
2025-01-02,1220.064208984375,1222.4526134609544,1202.25084917398,1217.874909077101,3772207
2025-01-03,1193.7423095703125,1231.6080138743773,1191.2046070537922,1228.5230471244,3040564
2025-01-06,1157.4189453125,1195.0856638401508,1152.4431536581394,1193.7422243893313,2298522
2025-01-07,1168.31591796875,1176.426482921717,1156.423824124584,1157.4189824874195,2010913
2025-01-08,1146.7210693359375,1177.8197692389635,1135.575222403115,1177.8197692389635,2900996
2025-01-09,1126.8675537109375,1151.099635675922,1124.4791493318746,1151.099635675922,1884725
2025-01-10,1106.8150634765625,1131.8931266753402,1100.9437264204669,1129.4052308111336,1902237
2025-01-13,1061.4857177734375,1101.0929486878645,1053.8229253060756,1095.5698925276747,2273302
2025-01-14,1111.69140625,1125.9222197300949,1069.8450690986786,1073.6265980695514,6277854
2025-01-15,1123.434326171875,1136.4210702206803,1113.0846546623472,1119.5531841708903,3135942
2025-01-16,1145.178466796875,1184.2384318820607,1139.8543939409944,1174.2370419118447,3997547
2025-01-17,1157.8668212890625,1167.967703544599,1139.9539697349558,1157.369242079226,2464355
2025-01-20,1143.138427734375,1166.32566749733,1140.9491278034889,1166.32566749733,1312101
2025-01-21,1100.8441162109375,1148.6615234346982,1098.6548164365663,1144.4321004547567,3134022
2025-01-22,1096.913330078125,1112.63688115588,1075.2188286892165,1110.099178681922,1906032
2025-01-23,1098.65478515625,1108.855157935101,1084.3742875617158,1096.913258096446,1968815
2025-01-24,1088.8525390625,1109.601566480652,1082.9810804686724,1098.8041226183802,2400140
2025-01-27,1076.7613525390625,1088.3051652944546,1062.3813627350407,1079.846319179314,2371555
2025-01-28,1075.4676513671875,1091.3405009868336,1056.1118687715277,1081.7371979784696,2404643
2025-01-29,1091.638916015625,1097.5103746441177,1069.2976593924873,1079.7468221878535,4603700
2025-01-30,1071.8353271484375,1113.0845913055975,1005.8562813251075,1098.55530399389,14097862
2025-01-31,1094.02734375,1103.8794360348106,1068.8001030438463,1079.7468452537926,4659891
2025-02-01,1078.8511962890625,1112.0895111185778,1057.8533783615644,1100.5456979835865,4919797
2025-02-03,1079.5975341796875,1088.7032575676337,1049.8920811095554,1078.7516738604343,3961203
2025-02-04,1119.6527099609375,1122.4392021184904,1086.46420107089,1094.6742580059347,4071098
2025-02-05,1138.8094482421875,1149.3084175620702,1118.1102271822895,1120.5483165795777,2979646
2025-02-06,1158.4141845703125,1163.7382577165608,1134.5800679932988,1150.0050231994053,6263278
2025-02-07,1140.551025390625,1169.9580048943376,1127.3154914717904,1154.3837515367961,4079540
2025-02-10,1138.66015625,1153.2392506393135,1121.7922705015083,1144.43212337701,2415627
2025-02-11,1134.580078125,1154.3837547655444,1108.656274450818,1138.660203307191,4901591
2025-02-12,1123.4840087890625,1138.6601741418744,1093.6292572753343,1134.4805575216703,2862155
2025-02-13,1106.1683349609375,1146.0741613091398,1100.6949639249692,1128.3106086973553,3763868
2025-02-14,1057.5548095703125,1114.5774359099241,1037.104376825795,1114.5774359099241,4565339
2025-02-17,1077.656982421875,1084.0260200449159,1034.9646656672435,1053.8228674739842,2518527
2025-02-18,1079.8961181640625,1082.6328036528314,1056.8083713348735,1077.6570118550699,1715308
2025-02-19,1077.607177734375,1086.4143046948939,1049.4442697682239,1056.4600631357303,1792268
2025-02-20,1106.3175048828125,1120.5483180825045,1068.8000831444137,1068.9990662255354,3714173
2025-02-21,1078.0052490234375,1113.6816504626277,1074.7709844867875,1106.3174546063979,2360177
2025-02-24,1065.217529296875,1078.0052898844838,1060.5402121328568,1078.0052898844838,1669749
2025-02-25,1075.119384765625,1086.115934000775,1062.5804128526872,1069.3972237973244,1665355
2025-02-27,1073.72607421875,1082.6824995445706,1063.9237885746827,1077.7565142070866,1819078
2025-02-28,1064.222412109375,1077.6570504444062,1054.0717235908846,1068.8001164313782,2849138
2025-03-03,1047.9515380859375,1075.7661650854695,1035.5617438705985,1069.7454085392976,2274285
2025-03-04,1052.8277587890625,1057.8533571962469,1031.4816601447883,1042.8761749960593,1788886
2025-03-05,1107.3126220703125,1113.2338870046535,1049.8920351832833,1051.6833687639366,3785743
2025-03-06,1130.6988525390625,1143.188138245011,1096.515188000347,1112.7860024947447,4020627
2025-03-07,1138.958740234375,1151.348413194356,1128.6090690198293,1130.6988772748598,2211623
2025-03-10,1137.3665771484375,1162.9919063425523,1131.445311689791,1140.4515439400245,2430740
2025-03-11,1129.5047607421875,1140.3520113746895,1118.9561062152559,1131.793673606775,2399428
2025-03-12,1122.8372802734375,1149.5572592308388,1099.6500407766541,1133.485426646705,2842848
2025-03-13,1113.78125,1133.9332079132257,1109.651439759247,1129.5048015561129,1358839
2025-03-17,1131.6444091796875,1142.9892393390442,1105.8199755765168,1109.4026430326385,1489537
2025-03-18,1131.6444091796875,1131.6444091796875,1131.6444091796875,1131.6444091796875,0
2025-03-19,1167.818359375,1178.7651015591712,1153.1895797751433,1154.3837212398807,2416781
2025-03-20,1171.7491455078125,1181.2031497916,1155.5778223908076,1179.2626396092755,1919013
2025-03-21,1183.0443115234375,1196.7277390262227,1166.3754089291353,1176.2771860576158,3127446
2025-03-24,1194.9862060546875,1204.9874746748596,1180.3076202597351,1190.2093973398676,2135192
2025-03-25,1176.7249755859375,1203.2459706580105,1168.8633215824275,1199.1658456036826,2090037
2025-03-26,1175.879150390625,1196.3793892959686,1167.3706188912965,1177.2723964574402,1676081
2025-03-27,1190.955810546875,1206.131976087581,1169.311115431442,1176.2772242042251,2004036
2025-03-28,1177.2225341796875,1199.1658246244915,1169.5100568843848,1191.90111999978,1670913
2025-04-01,1169.062255859375,1196.180320530299,1162.3947435962214,1173.2916787897027,1584541
2025-04-02,1189.6619873046875,1193.1450414898375,1161.698062285485,1176.6752438733452,1232853
2025-04-03,1194.090576171875,1199.962034967333,1164.584105619558,1164.584105619558,1300511
2025-04-04,1142.7900390625,1194.289482419312,1137.4659663156726,1190.2093575796541,1785093
2025-04-07,1105.272705078125,1113.5822534510019,1036.457477184288,1044.8665171016496,2192949
2025-04-08,1125.8724365234375,1150.0548343421056,1105.6707938016716,1129.5047889953614,2423486
2025-04-09,1126.3203125,1130.1018414880646,1106.616127819411,1128.3603143084927,1537177
2025-04-11,1158.9117431640625,1164.6339038645829,1142.441823338673,1157.3691990791608,3536245
2025-04-15,1204.9378662109375,1219.9647340905403,1173.2917797927466,1194.190106659284,3176522
2025-04-16,1226.9307861328125,1229.518173614694,1195.7822803706053,1204.1416350253176,1909731
2025-04-17,1253.302490234375,1276.2906245562544,1212.69997966847,1226.9307931187877,4280765
2025-04-21,1237.081298828125,1253.8994989431408,1203.544511614774,1253.3024282395018,6049182
2025-04-22,1227.229248046875,1249.5208197354552,1221.0593147709637,1243.5498695409763,2932537
2025-04-23,1233.1007080078125,1236.7828668525535,1210.908749315716,1234.095866374614,2580999
2025-04-24,1230.413818359375,1241.9576310184964,1225.6370096483563,1232.0060474366173,2133285
2025-04-25,1187.2239990234375,1237.3800078547386,1175.4810810365152,1230.3144073450105,3628854
2025-04-28,1204.0421142578125,1208.8188014593507,1178.3669801871156,1182.3476135947096,2646406
2025-04-29,1210.5106201171875,1217.9743076119755,1196.6778949976563,1206.131899157721,2381980
2025-04-30,1210.610107421875,1220.5616907134647,1198.0711367703298,1209.2168614651948,1824334
2025-05-02,1256.9844970703125,1288.7300729706208,1236.683242281326,1248.92373867037,10694521
2025-05-05,1340.577880859375,1370.3331418593707,1279.4751296861257,1283.754359476099,14191797
2025-05-06,1314.4052734375,1349.7333969096571,1308.6333060813158,1343.4638503496399,3604276
2025-05-07,1331.720947265625,1334.8060355469254,1292.4121897283621,1292.511802753668,3269847
2025-05-08,1326.6456298828125,1360.2820321698568,1310.0265333055384,1333.5122470928063,5077662
2025-05-09,1299.9754638671875,1318.4853857736734,1286.3417209273443,1293.7059173682228,2979366
2025-05-12,1355.5052490234375,1368.3428168372611,1338.9856436760253,1353.415440653582,3662785
2025-05-13,1362.57080078125,1385.160968819839,1340.5778249521143,1354.012463037518,3356599
2025-05-14,1365.1583251953125,1375.20940061785,1355.405724401586,1373.3185753848668,1557379
2025-05-15,1399.3916015625,1403.073760288198,1365.2577435723251,1368.939780818734,3706424
2025-05-16,1400.5859375,1418.0012092642976,1394.2168995303407,1404.0689918528594,2777119
2025-05-19,1391.530029296875,1403.770404641203,1385.2604828302783,1400.6854379192648,1317210
2025-05-20,1377.896240234375,1400.4864078820515,1374.7117820757692,1392.2265449066854,2970441
2025-05-21,1377.896240234375,1384.2652780308788,1363.5659355620646,1373.3185360766447,1993690
2025-05-22,1364.76025390625,1401.183027046398,1352.0221777959277,1373.4180833935823,3186493
2025-05-23,1388.64404296875,1391.7290096847053,1368.3427874983695,1376.4035461688645,1715309
2025-05-26,1393.420654296875,1403.7703252932338,1388.0468964627385,1389.0420547993251,1024835
2025-05-27,1397.4013671875,1412.129759999082,1378.6924622822778,1390.2362753479333,2571237
2025-05-28,1404.16845703125,1420.8871662027864,1396.207190088479,1398.1975068241718,2035398
2025-05-29,1431.634765625,1434.0231699401893,1403.6708405278534,1414.120003112428,1662886
2025-05-30,1425.8629150390625,1450.4432773918259,1421.88228168773,1435.018323155412,2575127
2025-06-02,1460.8924560546875,1474.8246729380428,1418.39924315217,1425.8629307682531,3164701
2025-06-03,1425.3653564453125,1464.8730944358679,1419.7923724895693,1462.8827777314712,3677200
2025-06-04,1429.2464599609375,1434.1227604661747,1416.2099090847878,1425.3654393450756,1446972
2025-06-05,1449.6470947265625,1460.5938363868227,1431.0376824958357,1436.8096494175065,2019939
2025-06-06,1464.5745849609375,1471.7397984081272,1446.6617335619108,1449.6472087950817,1269864
2025-06-09,1459.996826171875,1476.815026988015,1456.0161926759506,1474.8247102400528,1493331
2025-06-10,1466.6644287109375,1486.766578842527,1462.683795300382,1464.873095084471,2125187
2025-06-11,1449.3486328125,1468.8537120094504,1441.7854537131873,1466.6644122499329,2192673
2025-06-12,1438.800048828125,1458.5041120621972,1433.1275731176486,1452.732266287877,2192452
2025-06-13,1405.0,1423.800048828125,1397.0999755859375,1405.0,3380550
2025-06-16,1400.5999755859375,1411.199951171875,1375.0,1389.0,2823300
2025-06-17,1392.300048828125,1414.800048828125,1384.0,1400.5,1571621
2025-06-18,1372.5999755859375,1395.199951171875,1365.199951171875,1387.0,1732093
2025-06-19,1338.0,1372.5999755859375,1331.5999755859375,1370.5,2950283
2025-06-20,1349.300048828125,1356.699951171875,1334.5999755859375,1338.0,4541583
2025-06-23,1354.800048828125,1364.9000244140625,1335.699951171875,1341.0,3921155
2025-06-24,1389.5,1418.699951171875,1385.0999755859375,1395.0999755859375,7635176
2025-06-25,1393.0999755859375,1404.0,1385.5,1399.699951171875,1915989
2025-06-26,1429.300048828125,1433.0,1395.199951171875,1399.0,2877806
2025-06-27,1440.199951171875,1456.800048828125,1427.0,1434.9000244140625,2888390
2025-06-30,1450.199951171875,1453.5,1432.699951171875,1440.800048828125,1586196
2025-07-01,1447.0,1459.800048828125,1442.0,1450.300048828125,2134736
2025-07-02,1443.9000244140625,1458.0,1440.0,1458.0,1219600
2025-07-03,1431.0999755859375,1451.0999755859375,1426.699951171875,1444.0,978007
2025-07-04,1424.4000244140625,1439.9000244140625,1416.5999755859375,1432.0,608462
2025-07-07,1435.5999755859375,1437.800048828125,1417.0,1424.4000244140625,764520
2025-07-08,1448.5,1449.9000244140625,1430.0,1438.0,824935
2025-07-09,1443.0,1455.800048828125,1438.300048828125,1448.4000244140625,1008636
2025-07-10,1443.0999755859375,1450.199951171875,1437.199951171875,1444.0,1035509
2025-07-11,1431.699951171875,1453.9000244140625,1428.300048828125,1444.0,819864
2025-07-14,1433.0,1446.5,1426.0999755859375,1432.0,718442
2025-07-15,1445.0999755859375,1449.300048828125,1429.0,1434.4000244140625,735108
2025-07-16,1456.699951171875,1474.0,1442.9000244140625,1447.5,2488981
2025-07-17,1452.5,1464.0,1448.9000244140625,1455.0,1168071
2025-07-18,1443.0999755859375,1456.5,1429.0999755859375,1452.4000244140625,1147990
2025-07-21,1450.5,1453.0999755859375,1430.0,1442.0999755859375,815780
2025-07-22,1420.699951171875,1454.5,1417.0999755859375,1454.5,976668
2025-07-23,1420.800048828125,1438.5,1419.0,1430.0,740816
2025-07-24,1411.5999755859375,1426.0,1405.0,1423.199951171875,598011
2025-07-25,1396.300048828125,1416.699951171875,1390.0,1411.699951171875,744410
2025-07-28,1376.0,1404.0999755859375,1373.5,1396.300048828125,790020
2025-07-29,1395.9000244140625,1398.699951171875,1373.5999755859375,1376.0,782760
2025-07-30,1394.0,1403.0999755859375,1391.5,1398.800048828125,627316
2025-07-31,1373.0999755859375,1395.800048828125,1370.300048828125,1382.0999755859375,1412892
2025-08-01,1347.0999755859375,1375.9000244140625,1342.800048828125,1371.0,1239941
2025-08-04,1388.9000244140625,1397.0,1345.199951171875,1349.800048828125,1368323
2025-08-05,1358.0999755859375,1394.199951171875,1346.0,1392.0,3000067
2025-08-06,1367.0999755859375,1386.9000244140625,1358.0999755859375,1374.0,2293293
2025-08-07,1345.4000244140625,1357.9000244140625,1315.0,1351.0,2857406
2025-08-08,1325.0,1356.9000244140625,1317.699951171875,1345.4000244140625,1561061
2025-08-11,1339.4000244140625,1348.300048828125,1313.699951171875,1325.0,2053173
2025-08-12,1330.5,1349.5999755859375,1328.199951171875,1342.0,1260241
2025-08-13,1319.5999755859375,1339.300048828125,1316.5999755859375,1335.199951171875,1205658
2025-08-14,1300.300048828125,1329.0,1290.5,1324.800048828125,2298528
2025-08-18,1327.199951171875,1332.0,1295.0,1321.9000244140625,10225114
2025-08-19,1369.4000244140625,1371.699951171875,1325.0,1332.0,3150673
2025-08-20,1370.5999755859375,1374.5999755859375,1358.0,1369.4000244140625,1594619
2025-08-21,1361.800048828125,1377.800048828125,1355.300048828125,1371.0999755859375,1227167
2025-08-22,1341.199951171875,1364.0,1338.199951171875,1364.0,1210284
2025-08-25,1340.4000244140625,1348.9000244140625,1332.5,1341.300048828125,1214246
2025-08-26,1315.4000244140625,1339.9000244140625,1310.0,1335.199951171875,1652272
2025-08-28,1315.4000244140625,1338.800048828125,1311.199951171875,1316.9000244140625,1785681
2025-08-29,1312.800048828125,1322.9000244140625,1303.0,1318.0,1592903
2025-09-01,1335.300048828125,1338.5,1316.0999755859375,1318.300048828125,983914
2025-09-02,1336.199951171875,1348.800048828125,1328.199951171875,1340.9000244140625,1495993
2025-09-03,1332.4000244140625,1344.800048828125,1327.5999755859375,1338.0,1774676
2025-09-04,1328.199951171875,1348.0,1326.0,1338.0,1350147
2025-09-05,1321.800048828125,1335.699951171875,1312.800048828125,1330.0,1135666
2025-09-08,1348.300048828125,1363.4000244140625,1321.9000244140625,1321.9000244140625,1445628
2025-09-09,1380.9000244140625,1385.0,1348.300048828125,1354.699951171875,3515252
2025-09-10,1389.0999755859375,1404.9000244140625,1385.0,1400.0,2553605
2025-09-11,1393.0999755859375,1423.0999755859375,1388.0,1404.9000244140625,4041646
2025-09-12,1393.0999755859375,1406.5,1391.0999755859375,1395.5,1466190
2025-09-15,1395.199951171875,1409.0,1392.199951171875,1393.0999755859375,1254831
2025-09-16,1408.199951171875,1412.5999755859375,1396.5999755859375,1400.0,1636246
2025-09-17,1406.0999755859375,1413.0999755859375,1396.199951171875,1410.0,1062568
2025-09-18,1412.800048828125,1415.0,1401.0,1410.0,1416920
2025-09-19,1427.800048828125,1460.0,1425.0,1447.800048828125,8069167
2025-09-22,1444.199951171875,1461.699951171875,1425.0,1433.0,5490489
2025-09-23,1441.5999755859375,1455.0,1423.0999755859375,1453.0,2550337
2025-09-24,1431.5999755859375,1452.4000244140625,1429.0999755859375,1445.0,2603193
2025-09-25,1407.199951171875,1439.9000244140625,1404.0999755859375,1431.699951171875,1970560
2025-09-26,1392.0,1416.699951171875,1390.300048828125,1407.199951171875,1899079
2025-09-29,1383.199951171875,1401.300048828125,1377.5999755859375,1393.5999755859375,1978395
2025-09-30,1403.5,1408.0,1387.199951171875,1389.699951171875,1999250
2025-10-01,1422.699951171875,1426.9000244140625,1392.699951171875,1406.0,1602493
2025-10-03,1419.0999755859375,1431.0,1412.5,1413.0,1576970
2025-10-06,1400.5,1419.0999755859375,1395.0,1419.0999755859375,1338654
2025-10-07,1399.5,1415.0,1397.300048828125,1400.800048828125,1608151
2025-10-08,1394.300048828125,1411.0999755859375,1386.0,1399.4000244140625,1704405
2025-10-09,1395.5999755859375,1399.800048828125,1388.4000244140625,1394.5,1250770
2025-10-10,1409.4000244140625,1418.0,1395.699951171875,1400.5,1359246
2025-10-13,1437.800048828125,1441.9000244140625,1396.0,1400.800048828125,2245061
2025-10-14,1429.0,1442.199951171875,1422.0,1440.0,2640234
2025-10-15,1450.699951171875,1456.300048828125,1430.0,1430.0,2675240
2025-10-16,1479.5,1490.5,1453.0,1454.0,6512312
2025-10-17,1479.4000244140625,1489.0,1462.5,1479.5,3290072
2025-10-20,1467.0,1489.0,1459.0999755859375,1488.0,2660484
2025-10-21,1473.5,1481.5,1470.0,1477.0,394024
2025-10-23,1453.0999755859375,1483.5,1450.300048828125,1478.800048828125,2999137
2025-10-24,1429.0,1463.5,1422.300048828125,1463.0,1907383
2025-10-27,1420.5999755859375,1429.800048828125,1410.0,1429.0,2280976
2025-10-28,1417.9000244140625,1435.0,1410.0,1425.9000244140625,2068057
2025-10-29,1454.800048828125,1464.800048828125,1421.5999755859375,1424.0999755859375,3578596
2025-10-30,1457.9000244140625,1463.0,1449.5999755859375,1458.0,1380931
2025-10-31,1451.5,1461.699951171875,1443.0,1457.9000244140625,1141853
2025-11-03,1444.699951171875,1457.4000244140625,1435.300048828125,1451.5,1059573
2025-11-04,1444.4000244140625,1466.300048828125,1432.0,1449.5999755859375,3554714
2025-11-06,1436.800048828125,1466.300048828125,1434.300048828125,1452.0999755859375,2745063
2025-11-07,1448.300048828125,1464.0,1425.0,1435.0,2184538
2025-11-10,1444.9000244140625,1463.9000244140625,1441.0,1452.199951171875,1161695
2025-11-11,1474.4000244140625,1476.0,1437.800048828125,1453.0,2258827
2025-11-12,1506.9000244140625,1515.0,1475.5,1477.0,4641466
2025-11-13,1499.0,1515.0,1487.800048828125,1515.0,2304918
2025-11-14,1512.699951171875,1523.5999755859375,1497.0,1500.0,2345593
2025-11-17,1507.5999755859375,1519.0,1503.0,1518.9000244140625,1750560
2025-11-18,1495.0,1518.9000244140625,1490.199951171875,1518.9000244140625,1818617
2025-11-19,1484.199951171875,1499.5,1478.0,1499.0,1746304
2025-11-20,1491.0999755859375,1505.0,1487.5999755859375,1500.0,1459401
2025-11-21,1479.800048828125,1492.300048828125,1467.0999755859375,1492.0,1165365
2025-11-24,1485.9000244140625,1490.199951171875,1471.300048828125,1482.0,2485518
2025-11-25,1483.9000244140625,1492.4000244140625,1474.5,1490.0,1355333
2025-11-26,1506.199951171875,1523.0,1484.300048828125,1484.300048828125,3986754
2025-11-27,1509.0999755859375,1513.9000244140625,1501.0,1511.800048828125,861910
2025-11-28,1516.9000244140625,1534.300048828125,1503.0999755859375,1510.0,2612938
2025-12-01,1530.5,1549.0,1523.0,1530.0,4059126
2025-12-02,1518.0999755859375,1530.0,1510.0,1528.0999755859375,1974536
2025-12-03,1497.699951171875,1524.0,1488.5999755859375,1514.0,1958074
2025-12-04,1505.5999755859375,1509.0999755859375,1490.199951171875,1497.699951171875,1591805
2025-12-05,1509.4000244140625,1514.0,1493.300048828125,1504.5999755859375,1141428
2025-12-08,1480.5,1510.9000244140625,1472.5999755859375,1509.4000244140625,1070689
2025-12-09,1497.199951171875,1499.199951171875,1460.9000244140625,1476.9000244140625,1327921
2025-12-10,1498.0999755859375,1521.0,1493.5999755859375,1500.0,1677388
2025-12-11,1504.0,1515.0,1495.0,1496.0,1451645
2025-12-12,1522.800048828125,1527.4000244140625,1509.5,1512.0,1152570
2025-12-15,1512.5999755859375,1522.800048828125,1508.0999755859375,1522.800048828125,850425
2025-12-16,1499.0,1512.5999755859375,1494.199951171875,1512.5999755859375,1122212
2025-12-17,1486.300048828125,1500.0,1479.300048828125,1494.0999755859375,964352
2025-12-18,1495.699951171875,1498.0,1476.0,1486.4000244140625,683681
2025-12-19,1496.4000244140625,1503.699951171875,1490.699951171875,1495.0,1276175
2025-12-22,1508.699951171875,1515.0,1497.5,1497.5,1116833
2025-12-23,1493.5999755859375,1513.800048828125,1491.199951171875,1508.699951171875,928446
2025-12-24,1494.300048828125,1507.199951171875,1492.0,1503.0,1318023
2025-12-26,1487.0999755859375,1501.4000244140625,1485.0,1499.5999755859375,876540
2025-12-29,1454.4000244140625,1487.0999755859375,1451.0,1487.0999755859375,1568472
2025-12-30,1461.199951171875,1470.5,1447.300048828125,1450.0,3463973
2025-12-31,1469.800048828125,1475.0,1461.300048828125,1468.5,707055
2026-01-01,1481.0999755859375,1490.9000244140625,1470.4000244140625,1472.800048828125,981252
2026-01-02,1489.5,1495.0,1478.300048828125,1480.0999755859375,1251176
2026-01-05,1493.0,1496.800048828125,1479.0999755859375,1488.0,790039
2026-01-06,1473.199951171875,1493.0,1470.699951171875,1490.0,1675609
2026-01-07,1465.300048828125,1480.4000244140625,1459.0,1473.199951171875,2124534
2026-01-08,1465.199951171875,1489.0,1460.300048828125,1468.0,1974347
2026-01-09,1435.9000244140625,1463.0,1431.0,1463.0,2280396
2026-01-12,1443.5,1447.0999755859375,1403.9000244140625,1435.9000244140625,1539180
2026-01-13,1428.5999755859375,1449.0,1420.0,1443.5,919873
2026-01-14,1430.0,1438.9000244140625,1423.0,1429.0,1278819
2026-01-15,1430.0,1430.0,1430.0,1430.0,0
2026-01-16,1421.9000244140625,1448.0,1416.0999755859375,1430.0,1556318
2026-01-19,1403.0,1421.0,1395.5999755859375,1421.0,1130162
2026-01-20,1367.5999755859375,1412.9000244140625,1359.5999755859375,1409.0,1799611
2026-01-21,1378.5999755859375,1390.4000244140625,1345.0,1371.699951171875,2141532
2026-01-22,1414.199951171875,1421.699951171875,1388.5,1400.0,1689638
2026-01-23,1308.4000244140625,1417.0,1292.0,1417.0,6380222
2026-01-27,1363.9000244140625,1368.300048828125,1322.0,1334.300048828125,3838632
2026-01-28,1381.9000244140625,1384.300048828125,1363.699951171875,1373.9000244140625,2938285
2026-01-29,1417.800048828125,1429.0,1371.5999755859375,1384.9000244140625,3918681
2026-01-30,1419.800048828125,1428.5,1407.0,1417.800048828125,2227414
2026-02-02,1403.0999755859375,1406.0,1348.0,1348.0,2796673
2026-02-03,1530.800048828125,1537.0,1477.199951171875,1477.199951171875,11977119
2026-02-04,1567.9000244140625,1572.300048828125,1508.5,1529.9000244140625,6632728
2026-02-05,1570.199951171875,1577.699951171875,1548.5999755859375,1568.0,3285127
2026-02-06,1550.699951171875,1575.5,1527.0,1563.0,4429173
2026-02-09,1561.699951171875,1583.9000244140625,1554.5,1575.9000244140625,1761025
2026-02-10,1554.699951171875,1568.0,1525.0,1565.0,1643366
2026-02-11,1553.4000244140625,1559.4000244140625,1539.199951171875,1554.699951171875,1359416
2026-02-12,1543.699951171875,1551.0,1532.5,1542.0999755859375,1107584
2026-02-13,1519.0,1543.0,1507.0,1543.0,1838361
2026-02-16,1540.0999755859375,1545.5,1495.300048828125,1517.5,1644108
2026-02-17,1566.300048828125,1576.5,1535.699951171875,1545.0,3168457
2026-02-18,1550.800048828125,1565.0,1540.0,1565.0,1326139
2026-02-19,1513.300048828125,1550.800048828125,1506.699951171875,1550.0,984392
2026-02-20,1511.5,1529.199951171875,1505.199951171875,1513.300048828125,1126987
2026-02-23,1555.800048828125,1564.5,1510.800048828125,1511.0,3113728
2026-02-24,1555.4000244140625,1564.0,1536.4000244140625,1553.699951171875,1360612
2026-02-25,1528.699951171875,1584.0,1518.5,1567.0,2153982
2026-02-26,1550.5999755859375,1554.5999755859375,1526.0,1537.5999755859375,1353287
2026-02-27,1521.0,1545.0999755859375,1516.199951171875,1545.0,1596106
2026-03-02,1470.300048828125,1497.300048828125,1430.0,1462.0,4207514
2026-03-04,1434.4000244140625,1450.5,1409.0,1435.0,3386838
2026-03-05,1499.300048828125,1505.5,1447.199951171875,1447.199951171875,3236481
2026-03-06,1477.5,1497.800048828125,1470.0,1489.0,2576061
2026-03-09,1421.300048828125,1436.0999755859375,1405.0,1405.0,4874245
2026-03-10,1424.0999755859375,1470.300048828125,1416.5,1450.0,2706284
2026-03-11,1410.800048828125,1454.9000244140625,1405.699951171875,1425.0,2212011
2026-03-12,1391.5,1418.5999755859375,1375.300048828125,1402.5,2699173
2026-03-13,1363.199951171875,1390.0,1354.0,1388.699951171875,2688559
2026-03-16,1373.9000244140625,1383.0999755859375,1347.0,1356.5999755859375,3322087
2026-03-17,1365.5,1379.0,1351.199951171875,1379.0,2605905
2026-03-18,1401.9000244140625,1411.0999755859375,1367.0999755859375,1367.0999755859375,1956685
2026-03-19,1356.0,1379.5999755859375,1350.5,1377.0,2160622
2026-03-20,1365.4000244140625,1393.5,1358.0,1364.9000244140625,4213342
2026-03-23,1303.5999755859375,1350.0,1293.5,1350.0,3361416
2026-03-24,1344.199951171875,1361.0,1313.5999755859375,1343.0,3132212
2026-03-25,1375.9000244140625,1392.699951171875,1354.800048828125,1359.699951171875,1856531
2026-03-27,1337.800048828125,1375.0,1330.0999755859375,1375.0,2667313
