Date,Close,High,Low,Open,Volume
,ASIANPAINT.NS,ASIANPAINT.NS,ASIANPAINT.NS,ASIANPAINT.NS,ASIANPAINT.NS
2020-01-01,1705.41552734375,1714.3078997279497,1695.905067976242,1702.5623895334975,397285
2020-01-02,1702.9903564453125,1711.7875309810086,1696.0952737011182,1703.3231992899314,411266
2020-01-03,1665.6617431640625,1692.671468818974,1661.5247168901146,1692.671468818974,1318628
2020-01-06,1623.577880859375,1652.917620934985,1611.071605215112,1652.8700222066104,1871804
2020-01-07,1639.983642578125,1655.2954589971814,1627.2396037599412,1627.2396037599412,1033650
2020-01-08,1644.1680908203125,1651.0155744146618,1612.022695065007,1612.9737409028032,1006057
2020-01-09,1685.7764892578125,1688.1065053203247,1655.7709440916537,1676.693954298441,1781733
2020-01-10,1704.7972412109375,1709.3147088827861,1673.8406531481683,1685.253203055997,1256612
2020-01-13,1716.5428466796875,1719.4434671507408,1706.5092655377523,1710.9316523940195,823821
2020-01-14,1730.09521484375,1732.4728296523485,1716.4477290612886,1716.6378918081873,775629
2020-01-15,1752.0643310546875,1754.6797073121988,1721.4881817707053,1728.5259447370847,1252925
2020-01-16,1745.3118896484375,1757.532806125819,1739.225172728675,1746.0726567043646,1031569
2020-01-17,1740.46142578125,1748.878157955484,1726.1481399461172,1745.739660354162,862204
2020-01-20,1758.24609375,1771.0852132986815,1743.837725259808,1748.0223504056794,1091453
2020-01-21,1722.1063232421875,1752.3496285942927,1706.0336246883262,1749.876816436416,2101561
2020-01-22,1692.1483154296875,1729.6670274821095,1680.3553237626688,1726.1482043023088,3415306
2020-01-23,1689.1527099609375,1701.4212260901534,1671.082836682171,1691.9107664697501,1885275
2020-01-24,1699.328857421875,1711.78753546999,1693.0994603505826,1696.3330396235094,1195596
2020-01-27,1700.802734375,1717.350954525216,1692.8615251584572,1699.518845763013,969054
2020-01-28,1692.005859375,1706.1764675248435,1686.2045021859237,1706.1764675248435,873291
2020-01-29,1708.98193359375,1715.5441737147387,1693.8127974824963,1699.5190730495347,873805
2020-01-30,1716.6376953125,1720.3467972082444,1698.5678248355264,1711.882466239612,1005975
2020-01-31,1707.7454833984375,1734.7076097053937,1701.1356451631127,1721.3929679642338,1169614
2020-02-03,1776.220703125,1781.2136935512078,1678.5958290013018,1682.2098494618638,2854532
2020-02-04,1798.713134765625,1803.896288418456,1764.2377213188508,1778.455810909457,1830049
2020-02-05,1781.784423828125,1797.4766805632005,1774.794259955939,1796.5256347004686,1344016
2020-02-06,1765.9019775390625,1790.2487280363441,1754.6795900914778,1786.0641030849838,995386
2020-02-07,1767.708984375,1784.6376479906373,1760.0055357320641,1765.902090023728,632858
2020-02-10,1777.9803466796875,1781.0712459183658,1747.2615170390347,1775.6027318807044,747711
2020-02-11,1786.159423828125,1801.756601049242,1781.0713510767841,1787.9664344009368,1093021
2020-02-12,1800.99560546875,1822.8696615461913,1786.2543937643875,1787.9663228517154,1616826
2020-02-13,1782.3076171875,1808.8417049495358,1776.601341781562,1796.5257069695076,638878
2020-02-14,1785.16064453125,1806.6542573459806,1778.4557249059849,1784.6375228802572,771464
2020-02-17,1789.297607421875,1800.805238486419,1779.0262662517687,1787.8710387090525,676579
2020-02-18,1772.4166259765625,1787.8711210774732,1769.8963312489059,1787.8711210774732,683421
2020-02-19,1792.62646484375,1800.0921520427848,1760.7188280210528,1778.5509388919031,723351
2020-02-20,1752.0643310546875,1793.6725896969144,1749.0210305746446,1790.8194519614474,1401879
2020-02-24,1729.90478515625,1762.2879424633702,1725.197154683515,1754.9173371994245,1310832
2020-02-25,1736.70458984375,1753.3004075415693,1731.0933968000588,1748.402498797641,897257
2020-02-26,1737.22802734375,1754.6796964992523,1730.9035488502109,1736.6098242859807,1909619
2020-02-27,1753.5384521484375,1761.3369819807592,1721.8209789547966,1740.2712923737047,1643273
2020-02-28,1709.932861328125,1751.9215593588121,1695.857452225698,1730.9034690252558,2964119
2020-03-02,1699.328857421875,1747.499239292406,1682.637955469888,1726.2433866855251,1219296
2020-03-03,1719.28564453125,1735.9480253226654,1687.2498133911715,1699.7108730685907,1392463
2020-03-04,1764.5460205078125,1773.6172549231135,1722.6274620900251,1722.6274620900251,3050469
2020-03-05,1789.849853515625,1797.059143782675,1768.5086059119967,1770.3228759686924,2062439
2020-03-06,1792.71484375,1799.3512387487813,1752.1807898143506,1756.9551243915016,1393659
2020-03-09,1782.8797607421875,1829.4295222502146,1764.5940362427514,1802.788712351902,3420741
2020-03-11,1797.870849609375,1819.021171583268,1767.9358000978586,1790.327378918979,3194186
2020-03-12,1760.1536865234375,1790.1843172185513,1733.0832361470375,1780.7787860216047,6254349
2020-03-13,1716.56396484375,1760.5356267143113,1594.4842702573917,1704.4372033546013,3878300
2020-03-16,1607.4229736328125,1696.7984927645025,1602.4099223739415,1696.7984927645025,2867336
2020-03-17,1653.447265625,1699.4719135973194,1594.627496260733,1622.3186324233445,2643189
2020-03-18,1545.165771484375,1679.181451540401,1535.4261744647486,1653.8296854309356,3676437
2020-03-19,1528.9324951171875,1579.3017129393622,1366.6051580599421,1470.494700400929,4906644
2020-03-20,1664.285400390625,1678.083298554814,1499.666421913039,1537.335878650641,3128629
2020-03-23,1430.8201904296875,1575.5303087451534,1423.4677622799015,1507.3527920727297,2155326
2020-03-24,1456.02880859375,1525.8773475329886,1387.6603600139647,1486.2981600802273,3910566
2020-03-25,1521.24609375,1532.895422300198,1380.7374182299786,1381.2626416040075,2196415
2020-03-26,1543.9716796875,1575.5300710687122,1502.9602011285776,1532.5610691304746,2622118
2020-03-27,1531.7496337890625,1590.0919732235961,1480.2344988740483,1589.6623297786232,2102479
2020-03-30,1522.9647216796875,1546.4067477152237,1488.685097581699,1519.3362978580728,1844011
2020-03-31,1591.2855224609375,1613.7248922646172,1529.5056871151623,1551.6585502544397,2789174
2020-04-01,1530.8424072265625,1580.3045540938556,1512.7477279898433,1575.5780100579304,1559455
2020-04-03,1452.2569580078125,1543.064768537146,1448.7716708310547,1542.2053650939756,2925847
2020-04-07,1550.512939453125,1561.207402250911,1468.5853117198171,1470.4950455452006,2733586
2020-04-08,1536.3330078125,1611.6243539543136,1527.7869959283846,1550.5128741171784,2382213
2020-04-09,1576.8192138671875,1603.125839947315,1545.8815072748994,1565.9814993636464,1489539
2020-04-13,1604.988037109375,1626.759049481787,1530.50841744499,1571.710948302276,2586159
2020-04-15,1640.6522216796875,1658.3650488750163,1607.8048943547478,1626.7589785538214,2508270
2020-04-16,1664.42822265625,1673.2130667669005,1608.7117706358251,1614.6796878736789,1821296
2020-04-17,1676.9847412109375,1703.1957870541942,1649.1503519449964,1683.4300918177269,1398686
2020-04-20,1652.3489990234375,1679.2763093236058,1628.6683753068282,1678.8943393396062,1431055
2020-04-21,1648.0999755859375,1674.7884540587042,1623.2734406118734,1632.8221079095904,1594930
2020-04-22,1731.1737060546875,1739.7675082358746,1634.9708649708432,1639.6019461674136,3727805
2020-04-23,1739.43310546875,1762.11119165502,1719.762872973047,1725.4442837300946,2573552
2020-04-24,1745.0667724609375,1759.6284903723533,1732.128281397261,1733.130938107318,2744768
2020-04-27,1767.79248046875,1775.8611741970774,1736.043161998058,1756.954766498449,1770889
2020-04-28,1742.0589599609375,1779.8716607724675,1724.7758947216223,1763.8298523986618,1934910
2020-04-29,1687.72705078125,1763.6389605617926,1676.650619332996,1763.543497195001,2931120
2020-04-30,1679.32421875,1715.8956643416832,1662.4231227706568,1713.9859307141464,2926333
2020-05-04,1601.12060546875,1671.9716713600546,1596.0597650932789,1640.4610687587515,2942397
2020-05-05,1546.072509765625,1616.4939320402393,1507.0184366767473,1605.1309944898542,5867890
2020-05-06,1537.956298828125,1564.7402437478409,1505.8250063568419,1542.109946269055,3937921
2020-05-07,1522.3443603515625,1555.191688787728,1475.460301849121,1537.2879342356457,5256213
2020-05-08,1507.161865234375,1564.0719064043062,1499.1409603508919,1539.0544414610251,5644426
2020-05-11,1498.7591552734375,1526.8322671753344,1484.8181209866448,1511.5543958339929,3767646
2020-05-12,1454.5963134765625,1474.0756194686826,1443.758598631027,1469.54000217801,4504073
2020-05-13,1492.743408203125,1508.498711386167,1464.1450758222172,1508.498711386167,2940514
2020-05-14,1453.68896484375,1487.3002232259137,1448.5326617862597,1483.1943666985703,2592264
2020-05-15,1482.8604736328125,1489.5923317564557,1441.8489877899028,1459.991458497193,2860493
2020-05-18,1433.350830078125,1488.2080091528203,1430.486229078744,1487.6827856785685,2871905
2020-05-19,1436.0718994140625,1448.4851680057707,1416.0196963043802,1441.8488902676368,3164137
2020-05-20,1432.3480224609375,1445.668367998789,1425.281984668448,1436.0719098167128,2057402
2020-05-21,1503.246826171875,1512.0315539690646,1433.255044210651,1435.164777780552,3845743
2020-05-22,1544.8790283203125,1551.6585593288946,1485.199852961509,1497.9950914706142,5203736
2020-05-26,1556.2896728515625,1582.1665405207857,1546.8842579288032,1551.6585920582131,3552636
2020-05-27,1546.359130859375,1562.9738379766843,1523.9197590535966,1557.3878900095533,2260057
2020-05-28,1569.4190673828125,1582.1665159985841,1542.3486166008051,1548.7939675756113,3138915
2020-05-29,1607.1363525390625,1622.3187585831256,1559.3930106148975,1565.0267482741276,3532977
2020-06-01,1616.828125,1634.636413205872,1605.6084406835967,1629.4801094419017,2529255
2020-06-02,1632.1539306640625,1654.7842280704435,1604.176285723223,1616.828271310028,2440552
2020-06-03,1639.07666015625,1665.2877073196955,1628.8595154098994,1646.1903712265798,3088817
2020-06-04,1560.013671875,1641.9889653067964,1553.5683208205814,1638.9811115025561,4388930
2020-06-05,1564.596923828125,1584.4580818344969,1547.8389661269514,1575.530101239648,2884206
2020-06-08,1560.4910888671875,1590.8081101745354,1555.4780380998309,1582.2143088590667,2046505
2020-06-09,1567.9390869140625,1618.4992377156925,1562.8782462130735,1565.9815633355372,3671930
2020-06-10,1562.114501953125,1599.4975654418445,1554.4278931305068,1573.6206950430624,2069280
2020-06-11,1537.908447265625,1571.710755352703,1534.4709500922197,1562.1142973727613,1888420
2020-06-12,1563.451171875,1568.7984027803368,1506.3024157374866,1508.6895827988774,2391556
2020-06-15,1545.165771484375,1576.1512763471567,1529.7924357114323,1555.4783819670868,1681166
2020-06-16,1548.5078125,1566.2206424916706,1535.0920006947374,1565.0270587068119,1497691
2020-06-17,1523.394775390625,1549.4149001205594,1518.620440577793,1534.9964322979886,1812788
2020-06-18,1525.68603515625,1539.436022164691,1515.6599349687517,1523.3943318012184,1417273
2020-06-19,1549.271484375,1556.4329858436056,1519.2409681743393,1525.6863194960843,2714342
2020-06-22,1577.583251953125,1597.9696354027321,1550.7037274538613,1559.2975288991106,2034739
2020-06-23,1607.9002685546875,1612.7700660458447,1566.936458485039,1584.9356748087189,2334863
2020-06-24,1668.39111328125,1731.8897591723378,1607.9957846705538,1607.9957846705538,11545923
2020-06-25,1612.7701416015625,1668.1524199987743,1607.1841937305749,1661.468351916352,4054785
2020-06-26,1610.62158203125,1633.1564152988483,1595.295923199038,1632.8222352295463,2129986
2020-06-29,1615.5867919921875,1631.342093766574,1598.4947699826223,1610.8602480842258,2753482
2020-06-30,1611.2899169921875,1640.4611440298793,1605.7517595507377,1631.7718795593607,1960731
2020-07-01,1611.815185546875,1621.363853707698,1604.2240409833773,1621.363853707698,1661296
2020-07-02,1610.3350830078125,1627.0930421258947,1585.1743659091821,1623.2735748908574,2038399
2020-07-03,1619.1199951171875,1642.3709795680797,1613.724974110497,1618.8812784050408,1988941
2020-07-06,1631.7242431640625,1634.7320971456397,1615.7780129062185,1631.8197065398003,1236670
2020-07-07,1666.958740234375,1670.9214608239254,1628.8595310505937,1631.819594861272,2983260
2020-07-08,1610.1444091796875,1682.2846545370533,1604.2242806598467,1671.0171777995274,2725937
2020-07-09,1639.7452392578125,1644.2808571855894,1615.7303126017189,1617.5445830850106,1904661
2020-07-10,1626.6158447265625,1633.7773468313171,1618.690402439605,1630.8649560176875,1156043
2020-07-13,1628.668701171875,1654.6888233960574,1623.2736800407365,1630.9126150056343,1289791
2020-07-14,1612.1973876953125,1640.4614262083742,1606.1816792635498,1628.6688426441451,1347120
2020-07-15,1596.203125,1636.2597410238086,1588.2300104549151,1623.2735757301455,1611341
2020-07-16,1616.7803955078125,1620.5043992855672,1570.8513264112034,1603.985273823513,1442725
2020-07-17,1640.3658447265625,1663.8555467806984,1613.4863186069929,1618.4993697522432,2308792
2020-07-20,1672.5447998046875,1678.035284351914,1642.6097464985103,1649.0550979235154,1848600
2020-07-21,1646.4290771484375,1691.785250072637,1641.4160264568156,1681.5204319897919,2088461
2020-07-22,1619.21533203125,1658.0306897070245,1614.679714854692,1646.4290350905987,1300409
2020-07-23,1651.2794189453125,1662.93905994134,1612.2863184603682,1615.153454770612,2375218
2020-07-24,1636.227294921875,1650.5151471852564,1607.5080935527512,1647.6480102764228,3971563
2020-07-27,1699.4000244140625,1708.8137682047395,1641.1492837376993,1641.1492837376993,6470525
2020-07-28,1681.7191162109375,1713.2576210641628,1673.5000140365523,1700.2121252693278,2534092
2020-07-29,1663.0828857421875,1701.0724520328936,1653.3823819602928,1691.6108763408774,1530981
2020-07-30,1666.1409912109375,1699.2564452684774,1651.566378842915,1674.4079258213567,2113975
2020-07-31,1639.5244140625,1692.4708976337702,1634.65030477409,1676.3193367913873,1678643
2020-08-03,1629.96728515625,1658.1607972712363,1622.3215869555756,1652.4265236207307,1437425
2020-08-04,1638.04296875,1658.16075833375,1632.8822159170084,1642.869362291479,1815396
2020-08-05,1640.2890625,1664.8029895941427,1636.6573091046685,1641.913726739749,1416803
2020-08-06,1651.0406494140625,1674.5033138067854,1643.9205235616696,1655.341354292282,1914507
2020-08-07,1726.25537109375,1736.4337305938495,1649.2726973600948,1651.0408584763022,5166075
2020-08-10,1703.41357421875,1743.5057700158866,1698.300537407992,1729.839039228174,1892614
2020-08-11,1710.2947998046875,1756.4079130672167,1701.167701705744,1720.2819455451345,3039662
2020-08-12,1717.6536865234375,1726.0161679573393,1693.5219543856065,1710.6769410615207,1679096
2020-08-13,1722.7191162109375,1734.6176867353042,1708.8134566846963,1726.3985849408914,1192375
2020-08-14,1722.7191162109375,1748.953370096753,1715.9812983654208,1738.1537752988256,1868376
2020-08-17,1755.356689453125,1760.8998673157412,1722.0501399903114,1739.3963411205693,1634180
2020-08-18,1791.10009765625,1800.561671171976,1749.9089277685182,1749.9089277685182,2586298
2020-08-19,1802.1865234375,1818.1469878362957,1789.6190008188046,1806.2961327331645,1947114
2020-08-20,1791.8648681640625,1796.7389771629098,1774.8054283360516,1785.2225982234372,1538879
2020-08-21,1871.2847900390625,1885.8594034446273,1797.4560106567758,1804.2893773240091,5688228
2020-08-24,1875.2508544921875,1907.6016915088546,1854.0818043723336,1871.284625237644,3996329
2020-08-25,1911.9979248046875,1927.5282490360353,1877.018879407209,1877.2578074723067,3544399
2020-08-26,1884.0911865234375,1920.02594443033,1868.8953381451022,1912.3324140152324,2245810
2020-08-27,1894.699462890625,1920.0258365433874,1882.8008925005286,1893.1703466821439,3116305
2020-08-28,1871.380126953125,1908.557356683024,1866.792778167365,1905.6902199428894,1842536
2020-08-31,1814.9930419921875,1896.0374843924133,1797.9336023077597,1889.4430467840216,2738522
2020-09-01,1891.6412353515625,1899.9558849631803,1823.2599796471366,1839.7460153692766,3068285
2020-09-02,1857.85693359375,1908.5575192664442,1839.7462316414146,1890.351152750014,2569603
2020-09-03,1890.398681640625,1899.8124232290218,1858.8601798741233,1863.8298365171506,1931667
2020-09-04,1869.707763671875,1905.4035952957986,1864.5947261206638,1871.2847123240695,1930422
2020-09-07,1894.3172607421875,1914.912906757917,1861.8230436701174,1877.9746043122889,2855392
2020-09-08,1873.530517578125,1913.2881245163776,1865.5503434887457,1899.478128936415,2401034
2020-09-09,1891.40234375,1905.594647094983,1871.2845545545508,1873.5304549720918,2776804
2020-09-10,1965.4698486328125,1978.0373699454274,1893.2657497736427,1897.1364306071612,5081252
2020-09-11,1945.7822265625,1978.2764416904533,1932.450087903578,1971.634288499051,2599475
2020-09-14,1941.2425537109375,1963.0328383091169,1916.2029409979452,1959.2099895490212,2142458
2020-09-15,1928.197509765625,1958.780305145764,1920.0739547427756,1954.4317672620082,1997383
2020-09-16,1922.9884033203125,1937.228537759501,1905.8334168074632,1937.228537759501,1717740
2020-09-17,1919.0223388671875,1954.4315238998108,1911.4244732516488,1911.4244732516488,2416918
2020-09-18,1938.5667724609375,1953.8103363497237,1925.7602048378815,1936.5598000467787,3021436
2020-09-21,1885.190185546875,1965.900035831137,1875.3941352954073,1946.2123874390538,2518361
2020-09-22,1851.6925048828125,1907.314911783203,1841.0362898444744,1902.0584943499873,1974860
2020-09-23,1860.3416748046875,1901.867324238634,1842.89992673064,1854.0817130768592,2732912
2020-09-24,1833.390625,1858.8603805391788,1823.2600981869502,1855.5632198460203,1906183
2020-09-25,1840.3194580078125,1868.4174210744354,1823.4989459897815,1839.9849820580853,1939316
2020-09-28,1859.43359375,1871.2844481127443,1844.5245070774242,1852.170204516087,1137313
2020-09-29,1873.1483154296875,1901.819685037514,1867.4618737897758,1873.1961477113412,1965383
2020-09-30,1898.427001953125,1915.2475156841974,1871.4281285409102,1879.025994924016,2518982
2020-10-01,1950.0828857421875,1958.588864205325,1903.8265092121317,1918.1143597453984,2014003
2020-10-05,1938.1844482421875,1952.2333716895482,1921.9373399482442,1950.0830191212324,1554873
2020-10-06,1997.4385986328125,2004.9886320619207,1954.5270953580737,1959.2101087068256,3152378
2020-10-07,2011.7742919921875,2024.9631677454697,1982.0993798793495,1987.8814856739905,2429595
2020-10-08,1996.1485595703125,2014.5938550813826,1980.2838741354244,2011.296694051859,1427493
2020-10-09,1959.78369140625,2015.5015305740726,1954.5749894905443,2001.2615109572776,1636939
2020-10-12,1985.826904296875,1994.045890114766,1950.8477406374482,1976.3173802090407,2182836
2020-10-13,1973.2110595703125,2020.3755489956845,1963.0806504568286,1985.014198327359,2619233
2020-10-14,1979.6146240234375,1993.1378587677168,1963.98863570734,1978.3243191796564,1530471
2020-10-15,1997.868896484375,2029.933093473003,1974.5496077625824,1978.3246249948759,4001883
2020-10-16,1969.9139404296875,1997.4384984616843,1964.5142598297089,1997.3906661860383,2017706
2020-10-19,1978.419921875,1987.8335470639104,1965.4221426018942,1987.8335470639104,1338404
2020-10-20,2024.6763916015625,2037.387411129272,1975.7918035873467,1985.8743811123827,2377713
2020-10-21,2020.66259765625,2048.9039432774657,1989.076258926929,2035.6672343612533,2895432
2020-10-22,2006.89990234375,2023.0994103676308,1984.8230911048333,2020.5666331077468,2755686
2020-10-23,2026.3489990234375,2035.0936732153582,2003.1729758062138,2019.8979410145196,3070714
2020-10-26,1988.3114013671875,2022.6216093707146,1978.3720878107447,2022.6216093707146,1278139
2020-10-27,2100.464111328125,2109.5912085977807,1992.6597392034316,1992.6597392034316,4964874
2020-10-28,2067.059326171875,2123.5324328314405,2058.0617757476775,2105.5854709692903,3166047
2020-10-29,2130.13671875,2137.602701262023,2068.542888815682,2069.4042494698283,4795796
2020-10-30,2116.7841796875,2146.791591286147,2101.4694399746354,2115.4442334363775,3006197
2020-11-02,2079.789794921875,2130.5675464707147,2073.3288885156458,2103.8625601320628,1772571
2020-11-03,2062.368896484375,2099.9378672480057,2054.8073372439194,2099.9378672480057,1781465
2020-11-04,2076.535400390625,2119.0339498075086,2063.6614920864313,2067.4901776005063,2189957
2020-11-05,2142.4365234375,2149.519497437979,2090.126972758343,2096.20510386202,2671841
2020-11-06,2114.439208984375,2151.720982654251,2108.1696905231265,2138.2726797757846,2395965
2020-11-09,2129.89794921875,2152.6786773792164,2119.3211575351997,2152.6786773792164,1691773
2020-11-10,2105.537353515625,2142.6756429238976,2095.247763084761,2129.8973138918186,1879561
2020-11-11,2088.260009765625,2127.79122042675,2064.9051298797494,2110.562141718841,2387398
2020-11-12,2078.78466796875,2107.451901555056,2069.4043425284576,2078.9760554911236,1626054
2020-11-13,2086.58544921875,2112.04629830269,2078.975984410479,2087.1119401505757,1560060
2020-11-14,2091.0361328125,2099.45905176366,2086.9681555319044,2098.1191056626185,146991
2020-11-17,2093.955322265625,2126.7384333615832,2088.5473988724434,2111.9022808947993,1699293
2020-11-18,2101.70849609375,2115.348184614454,2073.3284657331856,2091.418906507956,1817170
2020-11-19,2069.1171875,2100.9910390664536,2064.331330918983,2081.847612742386,2669522
2020-11-20,2073.759521484375,2096.2530469772396,2068.0164936989627,2070.696620069035,2196113
2020-11-23,2092.615478515625,2102.85716333741,2047.19775306013,2068.0162260882444,4002609
2020-11-24,2113.338623046875,2135.4493756771394,2097.162519994896,2098.981052166034,2954306
2020-11-25,2062.033935546875,2114.103954662489,2057.9180527045914,2103.1443913047274,1682365
2020-11-26,2062.99169921875,2084.192953632727,2026.4754677251176,2067.4903583542073,2247478
2020-11-27,2120.421630859375,2148.4667967290084,2072.275867659099,2077.061724166395,10036402
2020-12-01,2134.539794921875,2177.5645959152794,2111.71116711292,2177.5645959152794,2235498
2020-12-02,2216.6650390625,2226.332328068121,2140.2348245078233,2145.020680555471,3305952
2020-12-03,2308.12255859375,2318.1251846696027,2217.047811583043,2239.7806277838404,4334658
2020-12-04,2334.30126953125,2340.2835895454255,2273.2816053866604,2297.2108854433623,2789953
2020-12-07,2366.65380859375,2372.6361288750813,2332.626324096661,2335.4978378317,1762501
2020-12-08,2334.445068359375,2377.804976439912,2323.9640890098763,2364.739681230653,2090950
2020-12-09,2414.273193359375,2423.6535187454638,2342.1981484301023,2345.069662302309,2022370
2020-12-10,2417.8623046875,2442.7008500583906,2393.8851199044025,2408.1947823009036,2372909
2020-12-11,2412.980712890625,2428.247546939191,2388.142166750873,2408.2427621423635,2171653
2020-12-14,2439.015625,2444.5193592311966,2413.0285211907917,2421.6430617265783,1280339
2020-12-15,2419.20263671875,2429.8752372829244,2395.3212587183593,2426.429327013403,1283286
2020-12-16,2471.846435546875,2477.062971252433,2428.9174523551237,2431.214569498233,1920875
2020-12-17,2464.763916015625,2491.8519095887154,2447.4869279220816,2458.9729831176483,1750663
2020-12-18,2490.080810546875,2523.103216068254,2465.2422653046247,2466.6301167708234,4402604
2020-12-21,2445.23779296875,2490.84714981925,2430.353964832349,2484.2904323374446,1383048
2020-12-22,2489.41064453125,2501.6624813526205,2389.290453960735,2432.1717659933556,1993090
2020-12-23,2529.372802734375,2536.5036814415525,2492.4738062165293,2492.4738062165293,1339307
2020-12-24,2534.82861328125,2544.1610324182243,2501.0883287091124,2544.1610324182243,1143202
2020-12-28,2568.95166015625,2574.311912287299,2516.9295462553973,2540.571627881972,1226254
2020-12-29,2581.29931640625,2596.278952081984,2558.5185953078612,2570.0046496077844,1562853
2020-12-30,2617.289306640625,2625.377591683158,2565.5543809213273,2578.6196766779444,1614643
2020-12-31,2646.099609375,2653.2783929055886,2608.3392547409753,2617.28866466516,1526325
2021-01-01,2656.67626953125,2672.4216872482607,2632.220501408566,2640.8350412313575,1246698
2021-01-04,2635.76220703125,2671.5605490397893,2627.4348645798377,2661.988837329116,1360486
2021-01-05,2674.192626953125,2684.4822164926145,2614.9914997103187,2635.7620662764175,1299589
2021-01-06,2685.200439453125,2701.5679274943154,2660.936054974478,2681.323849182922,1697884
2021-01-07,2672.661376953125,2710.5654512764954,2662.371786192181,2681.0366252469166,1142806
2021-01-08,2722.865234375,2727.746901629362,2669.5987433604596,2697.30880661345,1660967
2021-01-11,2727.26806640625,2750.3836584254295,2703.6259834671246,2723.152183329016,1517995
2021-01-12,2604.0322265625,2727.9379950756384,2595.9918480505958,2727.555220058854,6674890
2021-01-13,2587.90380859375,2644.6641092867258,2563.3045547122156,2641.792595595861,2862676
2021-01-14,2549.80810546875,2619.442305879076,2534.589177821887,2596.805301899841,2124950
2021-01-15,2479.934814453125,2547.8462992961136,2470.028232560606,2546.9367996917995,2570436
2021-01-18,2477.3505859375,2507.645196252508,2445.955322157226,2480.9878834294054,2395168
2021-01-19,2531.765869140625,2561.9646689055508,2479.073544933255,2503.0028262550045,2558693
2021-01-20,2581.730224609375,2591.206126769553,2531.765930730957,2540.3325669156666,2065439
2021-01-21,2600.012451171875,2696.3037473315176,2579.5767496811573,2610.158327119531,5015712
2021-01-22,2485.4384765625,2650.2635423963484,2479.0733816239713,2632.220771994564,4945564
2021-01-25,2406.281005859375,2518.7965512070878,2393.8856829066794,2500.9453979850523,3520087
2021-01-27,2332.243896484375,2416.857753673882,2326.4529628525493,2416.857753673882,2700415
2021-01-28,2337.124755859375,2348.850102475177,2298.2158419917037,2316.3541885911127,3035457
2021-01-29,2304.246337890625,2377.6134218669913,2297.2110356202816,2350.8126264514212,2768673
2021-02-01,2342.963623046875,2362.059141040529,2275.1000472776395,2322.671641097674,1797359
2021-02-02,2358.135009765625,2412.0717066804345,2321.236242628809,2354.641427949948,2679428
2021-02-03,2348.563232421875,2396.6134179266273,2333.918698693581,2396.6134179266273,2409356
2021-02-04,2298.933837890625,2350.812470261308,2295.296540589013,2350.812470261308,3478562
2021-02-05,2274.956298828125,2320.086820475772,2269.2611778031214,2316.3539468450876,3303319
2021-02-08,2313.33935546875,2330.616109034315,2271.750079031339,2291.4678996280386,3666313
2021-02-09,2399.484619140625,2423.988060658897,2319.8477915742346,2328.3188498253517,7178572
2021-02-10,2403.07421875,2445.5725285114345,2368.998828988572,2420.6860761665043,4473123
2021-02-11,2398.192138671875,2431.2145409006434,2388.237652923028,2416.8090694233983,1446286
2021-02-12,2379.623291015625,2414.9428129995426,2358.661102606557,2410.156957246472,1376085
2021-02-15,2351.530517578125,2409.6786722307643,2343.6817599009846,2388.1423186557126,1634576
2021-02-16,2345.30908203125,2369.0948833668554,2318.2689916048107,2366.127558731252,1615849
2021-02-17,2285.868408203125,2349.9033045062056,2279.9818985383354,2331.669145608474,3178784
2021-02-18,2364.930419921875,2373.4014773605254,2292.664004176008,2320.182672423606,4253843
2021-02-19,2312.956298828125,2365.07422391604,2297.2108793295947,2365.07422391604,2244567
2021-02-22,2284.815673828125,2343.15521464543,2278.0675697941683,2324.729668125036,2002642
2021-02-23,2270.6015625,2297.210969635151,2215.8514144605724,2273.2816887014515,3267268
2021-02-24,2260.216064453125,2306.1602771310468,2246.6719532135025,2271.3670142647557,1708526
2021-02-25,2272.085205078125,2284.0498454418853,2236.143378688512,2273.281669114501,2839515
2021-02-26,2179.670654296875,2258.9244925521134,2163.207353037193,2237.914627165473,3933813
2021-03-01,2261.12548828125,2268.3998489196915,2201.4936780053617,2201.4936780053617,2545806
2021-03-02,2288.02197265625,2299.6517430975828,2257.9668900605225,2283.8105127954245,2033586
2021-03-03,2299.2216796875,2314.15341439667,2274.048023310122,2302.9545549436825,1591567
2021-03-04,2313.57861328125,2330.7118843784956,2249.352331946392,2278.067468098899,2149984
2021-03-05,2284.86328125,2320.0869916298857,2275.2915700197364,2296.2535241402716,1953642
2021-03-08,2280.651611328125,2310.132528954493,2258.9717786444958,2280.9388094048295,1593838
2021-03-09,2318.938720703125,2339.3265148897367,2293.5257774972124,2297.210980251787,1800442
2021-03-10,2327.792724609375,2341.241028274817,2312.0952085722174,2341.241028274817,1056102
2021-03-12,2298.503173828125,2359.0919243476446,2294.3393855995314,2338.1778736632564,1279203
2021-03-15,2254.13818359375,2323.5810011245644,2242.700034452092,2299.651721043951,1524449
2021-03-16,2362.873046875,2373.784705677342,2273.616827599027,2277.3017967097085,4230564
2021-03-17,2319.17822265625,2354.641467098827,2307.8358826290396,2354.641467098827,1623187
2021-03-18,2301.566162109375,2363.1123198518258,2287.639273768593,2363.1123198518258,1851739
2021-03-19,2307.97900390625,2329.7546482147486,2254.473228507687,2290.5106299005315,3738079
2021-03-22,2321.810302734375,2333.6793666921526,2287.6393351347224,2287.6393351347224,1489853
2021-03-23,2307.06982421875,2329.7068299598045,2295.4879590537025,2325.926050400761,1745466
2021-03-24,2338.895751953125,2364.212883666852,2306.782611189115,2307.069809288379,4132092
2021-03-25,2299.316650390625,2363.2557344133706,2289.5535507155864,2345.978747212274,2272545
2021-03-26,2397.857421875,2406.280575465785,2305.9213118545613,2321.1402409918473,3084607
2021-03-30,2467.635498046875,2472.804129554041,2413.5074147041964,2430.3537229306003,2332884
2021-03-31,2428.72607421875,2472.3252684839576,2422.600272101251,2467.635223145657,1616044
2021-04-01,2442.46142578125,2454.7132629560565,2423.557296003968,2423.557296003968,1219588
2021-04-05,2403.1220703125,2448.44422558511,2378.0921338804555,2448.44422558511,1268939
2021-04-06,2499.748291015625,2507.7884352732895,2397.2351664663947,2417.8143463741717,3372846
2021-04-07,2516.0205078125,2553.7808678874844,2488.7411264655266,2493.431172240898,1937977
2021-04-08,2537.125732421875,2544.543809176894,2515.445898347085,2517.360240735477,897483
2021-04-09,2518.1259765625,2541.2894722848705,2498.3602515674406,2522.1460487648337,1185017
2021-04-12,2490.750732421875,2498.216714166602,2445.5723006496814,2467.7786247054005,1427691
2021-04-13,2460.599853515625,2513.53146538416,2454.474051567262,2488.6450152318416,1200230
2021-04-15,2476.871826171875,2482.4713710721862,2428.3432938785395,2479.0733666320134,1209829
2021-04-16,2549.616943359375,2578.1406925795895,2471.128902968981,2476.776353402821,2760777
2021-04-19,2461.748779296875,2536.5039514919645,2456.9152511670236,2536.5039514919645,1552036
2021-04-20,2444.280029296875,2493.14366355257,2420.4944662784487,2488.6450058557803,1489287
2021-04-22,2403.696533203125,2447.487122110658,2381.4422994960178,2446.194847324869,1690758
2021-04-23,2410.109619140625,2455.1445791122974,2389.2911417154037,2418.8678774405066,1614593
2021-04-26,2448.348388671875,2464.7161114683963,2421.6434027242885,2421.6434027242885,1103980
2021-04-27,2464.093994140625,2469.4061078316,2425.4720392681024,2436.0009234164645,866331
2021-04-28,2502.572021484375,2508.027850617558,2464.715853578938,2477.1590792474917,1065561
2021-04-29,2501.5185546875,2528.8458340366856,2459.9295206185775,2517.359781800334,1295346
2021-04-30,2427.76904296875,2494.196867325852,2415.9481183492812,2483.859371182896,1384907
2021-05-03,2471.5595703125,2483.9551245492908,2398.2883004264204,2402.4997603173683,1034774
2021-05-04,2476.34521484375,2505.826132614841,2461.4134853097617,2493.430813121416,1058140
2021-05-05,2457.680908203125,2504.9174075081955,2437.0540526853106,2504.9174075081955,1220186
2021-05-06,2439.877197265625,2471.272458116518,2419.728697568382,2469.3581157924928,1518119
2021-05-07,2442.365966796875,2479.073578312439,2432.650771923191,2445.57258401092,1416102
2021-05-10,2447.438720703125,2478.1161027404346,2433.272540972603,2478.1161027404346,1526814
2021-05-11,2446.768798828125,2452.272533045538,2413.3157132348106,2424.514569166412,1168363
2021-05-12,2446.720947265625,2478.068303714096,2421.6431088437225,2466.6301547392386,2085630
2021-05-14,2655.671875,2713.8200337335556,2490.129138971969,2507.788903406019,10543708
2021-05-17,2663.568115234375,2703.242814118367,2629.8757362570277,2662.850236845578,2134352
2021-05-18,2700.946044921875,2723.152372541041,2669.5507792678254,2677.208149735428,1328605
2021-05-19,2695.251220703125,2726.9813596166096,2678.7876854279575,2685.0092996215367,1219067
2021-05-20,2674.43212890625,2723.1520492485824,2659.5001647933873,2693.4797422093184,1211975
2021-05-21,2711.1875,2731.7666813768756,2675.2935789938215,2686.779633715799,1328308
2021-05-24,2698.457275390625,2726.9810267952826,2687.9283911172843,2724.1095129025534,813091
2021-05-25,2789.57958984375,2797.4762520683485,2701.854944786051,2715.3988234914627,2730112
2021-05-26,2815.614990234375,2821.6449820499884,2785.7510608409443,2813.939940577953,1250531
2021-05-27,2823.033203125,2838.012840156622,2777.950342443358,2823.6552709821367,2415085
2021-05-28,2814.753662109375,2836.864413138939,2805.612629240117,2831.456254954691,711383
2021-05-31,2849.9775390625,2861.8942749826574,2810.3507408092446,2812.1692728012176,2093635
2021-06-01,2805.46875,2854.858876738846,2790.24982159555,2838.012570368475,1194073
2021-06-02,2779.338134765625,2808.101177801759,2753.9251911320666,2793.8394195331216,2067842
2021-06-03,2809.632568359375,2815.997663349689,2779.6730631375085,2794.557121997119,1404434
2021-06-04,2799.630126953125,2861.9420694985724,2783.4540261210195,2826.5267328526033,1509084
2021-06-07,2807.47900390625,2815.040563084101,2779.5773225824287,2804.51167964516,802415
2021-06-08,2800.92236328125,2818.151445737999,2782.9754023888026,2802.597412964545,762931
2021-06-09,2817.481201171875,2838.0124757180215,2794.556998737265,2805.2772689407097,1340352
2021-06-10,2838.211181640625,2846.579750026208,2809.4017949345853,2832.8243927637204,1344559
2021-06-11,2843.645263671875,2858.4106700133875,2826.667653116585,2847.2524246828752,878445
2021-06-14,2837.537353515625,2856.871832581713,2805.409663206925,2842.5394718699026,746823
2021-06-15,2926.321044921875,2933.8239860182903,2848.165897753355,2856.871225729286,2262031
2021-06-16,2903.716552734375,2926.3214290364294,2891.019392588273,2913.6242688903276,859505
2021-06-17,2943.73193359375,2956.861905419591,2886.209693761997,2902.9949689587775,1533864
2021-06-18,2931.130615234375,2960.5651402102967,2901.1672279003033,2944.934110655035,2293860
2021-06-21,2951.667724609375,2961.8638253767735,2905.977019003159,2909.0069402805616,720491
2021-06-22,2896.117431640625,2975.0421602258352,2889.7687344296505,2967.491076031056,1199238
2021-06-23,2873.56103515625,2914.5863899094047,2869.8575888761416,2914.5863899094047,1009007
2021-06-24,2927.33154296875,2933.5358132442902,2862.1140217169986,2873.5608874591035,985596
2021-06-25,2889.480224609375,2937.1910358799523,2871.3002266584763,2914.7784946801703,786964
2021-06-28,2869.328125,2923.0990112450822,2862.8833778040116,2908.8145600938537,891695
2021-06-29,2887.171875,2908.6706500646774,2859.805591852054,2875.148004122939,1242734
2021-06-30,2878.70703125,2914.5863090190414,2871.925521087502,2884.7671091577904,924522
2021-07-01,2906.505859375,2911.6037918875486,2882.842791573755,2893.4237961474328,848235
2021-07-02,2890.53857421875,2923.0511682114866,2885.488548423526,2917.4239026746022,805542
2021-07-05,2899.96533203125,2933.8245055864945,2892.5586745099827,2904.9672153676106,863343
2021-07-06,2888.13330078125,2914.104857524329,2881.880888972731,2888.6142555357515,762630
2021-07-07,2924.301513671875,2952.100607601036,2896.5503273504787,2948.2529691421228,1234865
2021-07-08,2912.950927734375,2942.4815058823756,2903.8127864117587,2933.824319366213,907391
2021-07-09,2895.92529296875,2923.387625667209,2892.462324284198,2906.8909690677906,547082
2021-07-12,2885.1513671875,2926.946524382933,2877.119563469831,2919.2991557018368,765566
2021-07-13,2879.81298828125,2906.0250234102296,2871.6367571401006,2904.966828973131,703484
2021-07-14,2887.604736328125,2893.1838594778933,2870.530839393296,2888.614788467164,470744
2021-07-15,2869.953857421875,2896.31008910527,2857.9299862449184,2895.3481794111135,635535
2021-07-16,2875.43701171875,2891.500858408322,2852.062556613664,2879.9579408098857,1062548
2021-07-19,2868.3662109375,2885.440105898122,2852.061890605316,2875.436340252042,837836
2021-07-20,3038.72021484375,3058.3912169038776,2866.057461758596,2881.8808258669656,6755922
2021-07-22,2988.412841796875,3044.44407959672,2972.300854961726,3010.777241433723,1982572
2021-07-23,2966.288818359375,3010.392468784481,2960.805980442447,2987.6913076041246,815329
2021-07-26,2944.597900390625,3000.196327522645,2934.9788034764774,2962.633707104652,1136884
2021-07-27,2913.28759765625,2964.124617120839,2906.2177025603887,2962.1045128984642,904289
2021-07-28,2889.6728515625,2917.4719462999547,2870.3383738078023,2914.922979683296,996594
2021-07-29,2883.27587890625,2924.1570368403827,2876.3983192138153,2889.6727186406697,762683
2021-07-30,2845.761474609375,2894.049290671839,2839.4609196162087,2893.4241433539437,1067423
2021-08-02,2860.76708984375,2873.031436373453,2847.877361213699,2871.877191903602,832285
2021-08-03,2911.700439453125,2948.2530052605975,2880.149756735274,2904.967072067538,2433031
2021-08-04,2903.62060546875,2936.998823838797,2897.271907750336,2924.78261807516,659295
2021-08-05,2874.5703125,2924.204937614405,2866.5385089214647,2918.4334805006924,693694
2021-08-06,2853.45703125,2886.6910589199083,2848.647482667994,2880.9196006215016,744159
2021-08-09,2878.562744140625,2900.1575686203164,2859.8055061346226,2880.5826134826925,825462
2021-08-10,2863.7490234375,2893.712647877215,2847.7814652513457,2883.8049321959593,724335
2021-08-11,2859.372802734375,2887.1237560396953,2840.086466722397,2873.608878095667,987941
2021-08-12,2862.162109375,2871.5407282848996,2845.3286908187697,2860.719244927323,438552
2021-08-13,2874.859375,2887.652820540259,2859.8537250984646,2867.3564326286187,572250
2021-08-16,2858.21826171875,2870.4826098491276,2847.2525855621966,2866.490778707887,461742
2021-08-17,2900.446044921875,2928.0528032934894,2859.8535070349967,2860.719131732864,2036757
2021-08-18,2887.2197265625,2931.90037927181,2878.5625404032326,2931.90037927181,1375320
2021-08-20,2994.376220703125,3005.053510409259,2887.1714506868398,2887.1714506868398,3931334
2021-08-23,2960.228759765625,3043.3378931484817,2934.7862968837944,3038.720679931453,1578949
2021-08-24,2929.9287109375,2974.994272891485,2918.963034641346,2974.994272891485,763704
2021-08-25,2922.329345703125,2953.0623087559775,2897.8487947046415,2910.7382886956316,797870
2021-08-26,2923.868408203125,2967.0101475004108,2910.930771111104,2947.29100079146,1319516
2021-08-27,2921.127197265625,2941.471491905531,2905.4480234039916,2924.638073461707,634375
2021-08-30,2990.33642578125,2995.6269285047874,2931.9485608733607,2940.268984856623,1051747
2021-08-31,3079.40966796875,3087.7300928182003,2984.8538988434852,2990.336737086785,2283290
2021-09-01,3176.947021484375,3206.044787709461,3092.539451690944,3107.016238549685,2423168
2021-09-02,3175.8408203125,3192.5779533686687,3142.2218920146342,3186.7583533368893,847517
2021-09-03,3211.6240234375,3217.5396739167536,3161.3161011939037,3175.8410310129525,832039
2021-09-06,3189.25927734375,3220.184575651867,3179.976709217868,3214.7017381475034,664394
2021-09-07,3209.1708984375,3265.2984174541875,3197.243313350942,3206.525647041261,1285818
2021-09-08,3209.5078125,3233.5074111524955,3171.416096656446,3217.5877595741013,702598
2021-09-09,3218.88623046875,3231.0542927702977,3179.11117523246,3179.11117523246,591745
2021-09-13,3238.798095703125,3245.483321136151,3203.4960567538565,3219.1270893467617,610920
2021-09-14,3234.4208984375,3259.5268319127817,3228.9862033550444,3255.967578664588,569412
2021-09-15,3224.60986328125,3255.0542106794555,3219.463552563064,3233.7961476822406,587855
2021-09-16,3214.79833984375,3242.5974348324035,3207.9686873823985,3222.397332153234,516746
2021-09-17,3177.2353515625,3253.1780627413423,3159.9209798506895,3224.320776554991,1545695
2021-09-20,3146.935302734375,3188.7302266096303,3140.634748078565,3174.253440603539,689288
2021-09-21,3183.151123046875,3207.968437084616,3146.4062241990346,3146.935321434261,922057
2021-09-22,3191.135009765625,3203.110736986256,3162.999154743577,3201.716015073062,825945
2021-09-23,3194.165283203125,3212.778329437406,3188.7305874505987,3212.778329437406,694716
2021-09-24,3317.2412109375,3371.492813051265,3194.3572717456886,3203.158649774811,2775975
2021-09-27,3299.975341796875,3337.8265815500804,3287.470515987033,3329.7466341940594,902449
2021-09-28,3250.966064453125,3299.061547949018,3222.3973942248103,3294.4443345651666,961271
2021-09-29,3196.473876953125,3252.889783416454,3183.920909179806,3236.8259393927638,973387
2021-09-30,3121.0595703125,3220.1843914168867,3097.3485950354275,3203.062355320814,2077896
2021-10-01,3056.8046875,3129.0439616012036,3049.2536027805995,3124.282555782772,1512332
2021-10-04,3079.64990234375,3107.4489961455733,3056.9487416036627,3080.8041469078935,921241
2021-10-05,3130.775146484375,3135.8251716841733,3070.0785591941303,3086.3349716943917,909337
2021-10-06,3089.894287109375,3155.0636661899757,3078.7360411827012,3137.749292412104,786378
2021-10-07,3165.500244140625,3191.615995374248,3097.3488562703674,3097.3488562703674,1177283
2021-10-08,3180.938720703125,3202.197016521593,3139.76917823451,3181.03500559835,882436
2021-10-11,3180.121337890625,3216.9625232089616,3172.1374410971657,3199.6960577019377,460197
2021-10-12,3196.666015625,3207.968453203754,3155.063426239374,3155.063426239374,564524
2021-10-13,3196.90673828125,3230.9582461305754,3166.029344420335,3215.663976553097,770144
2021-10-14,3172.185302734375,3225.2345195067037,3164.682361413848,3214.701657095769,648597
2021-10-18,3118.030029296875,3158.8630456461246,3108.891887918402,3128.611035103528,1576121
2021-10-19,3062.479736328125,3144.5788158933838,3055.1212217108896,3136.6909691785145,1042069
2021-10-20,3048.868896484375,3097.300906074432,3017.1737858943507,3068.4917592528263,1205540
2021-10-21,2887.65283203125,3073.7342108979296,2809.209051401396,3072.3394888433754,5103543
2021-10-22,2868.799072265625,2888.566361342723,2801.224923450678,2861.6810352237367,2855592
2021-10-25,2806.900146484375,2837.633108950361,2748.416000185905,2837.633108950361,2161537
2021-10-26,2856.67919921875,2908.814652975128,2787.6140424344976,2806.90037703242,1988263
2021-10-27,2976.7734375,3025.2056795979324,2913.816501406339,2913.816501406339,4609951
2021-10-28,3001.138916015625,3031.2822889705494,2948.8454952518205,2988.330363085042,1791065
2021-10-29,2985.537353515625,3028.489040376605,2969.358142607186,3009.517091654519,1118903
2021-11-01,3006.435302734375,3026.129534966,2977.3993416364615,3012.4061374408934,750393
2021-11-02,2988.6669921875,3023.7699494775916,2966.1797883807835,3004.7016038143,881916
2021-11-03,3053.48046875,3065.2777774703786,2980.626162414024,2987.463880291217,879227
2021-11-04,3042.501708984375,3072.115360183637,3028.7783096481317,3061.521858941625,263595
2021-11-08,3022.037109375,3063.448070402127,2980.770511141243,3048.039340717615,787824
2021-11-09,3028.922607421875,3038.408700105119,3004.7021059676613,3023.963016903351,668840
2021-11-10,2993.4345703125,3020.7367709507434,2966.6618566390375,3016.2587031304874,872975
2021-11-11,2950.2900390625,2991.8453604502215,2939.2150152501226,2975.8107461084137,958143
2021-11-12,3007.494873046875,3012.4064994303203,2962.1355684264513,2974.84772274305,682344
2021-11-15,3051.60205078125,3062.4845113200213,3010.4800573542097,3010.4800573542097,696377
2021-11-16,3035.230224609375,3090.4127745884907,3004.7981301937275,3048.038775809465,1400107
2021-11-17,3110.8779296875,3120.1712253224546,3048.08740600751,3052.8544345203545,1616452
2021-11-18,3107.603515625,3139.5283804152446,3095.2282867038634,3129.75356248069,1609821
2021-11-22,3140.732177734375,3186.0917154218923,3096.239522079253,3121.2305061056677,2146970
2021-11-23,3067.82958984375,3166.782513365515,3054.3469530621956,3140.732085988878,1482618
2021-11-24,3040.334716796875,3090.316685404436,3033.593398134354,3068.3112362700435,1056213
2021-11-25,3028.0556640625,3056.0803807780217,2997.9604936714836,3039.8529708557785,728825
2021-11-26,3026.94873046875,3050.3025863540915,2976.7739604779754,2986.4044165131677,1029110
2021-11-29,3028.103759765625,3061.4249902115084,2958.379130317928,3015.295208661693,876651
2021-11-30,3027.477783203125,3071.1519891056423,3000.994032905099,3000.994032905099,2340489
2021-12-01,3022.18115234375,3081.50484939857,3008.6505511162686,3039.2752100285143,1741820
2021-12-02,3063.0625,3075.96721518348,3035.760067020077,3043.2236693737623,939320
2021-12-03,2995.5048828125,3069.6593876582256,2991.2193772834344,3067.299973164114,1216263
2021-12-06,2926.02099609375,2999.886534033241,2916.342342435365,2999.886534033241,1107363
2021-12-07,2918.365234375,2955.586851573365,2904.978759893357,2927.6585300694132,2056459
2021-12-08,2993.626953125,3007.5911129513834,2918.9909264667444,2919.8575733740727,1171484
2021-12-09,3061.23291015625,3065.422252438398,2996.0347720095806,3035.9047646099266,1287243
2021-12-10,3161.82275390625,3170.3458006680953,3061.2326979895606,3066.336886186882,2554394
2021-12-13,3158.644775390625,3217.534911769649,3150.0735296458356,3163.7007641026244,1265832
2021-12-14,3175.642578125,3182.8654194702426,3128.934870759098,3153.011008576573,863179
2021-12-15,3179.927978515625,3191.4845242859947,3145.788063242697,3157.0074490473535,811946
2021-12-16,3176.701904296875,3202.1262108408027,3149.736630942426,3202.1262108408027,502930
2021-12-17,3123.83056640625,3171.597716108044,3108.4218387758037,3153.973936857016,1019403
2021-12-20,3119.73779296875,3153.9741085601872,3063.44782880304,3107.747923152282,948872
2021-12-21,3150.458984375,3174.1979618566434,3120.267413961021,3127.0087324479737,712026
2021-12-22,3158.8857421875,3164.2304567929464,3121.230567855253,3154.648200777419,619865
2021-12-23,3147.135986328125,3185.657802544968,3129.897567618491,3168.4193838353335,1051596
2021-12-24,3163.412109375,3178.05035489505,3140.491577973563,3158.7894436532615,651404
2021-12-27,3151.469970703125,3163.3636765643946,3106.9773160426007,3158.8856090786526,640701
2021-12-28,3243.7294921875,3250.278247977497,3152.0476164830657,3154.8885534094484,1211648
2021-12-29,3243.007568359375,3260.872109663726,3222.5428511915206,3247.5820345498364,598421
2021-12-30,3241.322265625,3264.724318827916,3226.4914586370305,3238.9628511203505,691223
2021-12-31,3257.934814453125,3279.170015320538,3237.181136348608,3264.7243324336637,570671
2022-01-03,3295.926513671875,3313.742853738146,3257.9826186051655,3257.9826186051655,696276
2022-01-04,3331.463134765625,3344.1270882433846,3288.848374082082,3307.0980381307663,790886
2022-01-05,3396.468994140625,3409.1811480077945,3324.481341368427,3341.7679614652675,1024506
2022-01-06,3384.767822265625,3406.8217056108174,3324.5774776311478,3362.1362526830617,1312743
2022-01-07,3444.1396484375,3449.628960731541,3367.336770263759,3384.7677526402244,964364
2022-01-10,3422.182373046875,3457.333535736114,3396.6616658889343,3447.7030802048157,657511
2022-01-11,3407.9775390625,3432.2944399063936,3365.8924943286597,3419.3897232089353,734344
2022-01-12,3412.8408203125,3450.062436262153,3403.402927028216,3425.4565757733712,594543
2022-01-13,3328.52587890625,3428.4418456148283,3322.506844767179,3428.4418456148283,1153984
2022-01-14,3240.0703125,3334.0636510127074,3222.350368656418,3334.0636510127074,1558978
2022-01-17,3253.793701171875,3273.3917718468524,3198.274220153986,3240.070302304909,1103159
2022-01-18,3249.0263671875,3270.935651037073,3227.1652826338272,3254.178754359971,558543
2022-01-19,3159.174560546875,3245.463536758556,3146.9921282619503,3245.463536758556,1495218
2022-01-20,3184.213623046875,3240.5517861396697,3102.9326749569927,3160.7154063342177,3075678
2022-01-21,3153.829345703125,3202.0777795310087,3121.952448678546,3178.0980429399924,1441694
2022-01-24,3038.552734375,3149.1585975124062,3019.14746275272,3147.232506627078,1575665
2022-01-25,3030.80029296875,3040.286149152062,2899.4889577396475,2985.440760273323,2699779
2022-01-27,3001.7646484375,3026.8520309387613,2957.753515755861,3024.059293013625,1834684
2022-01-28,2995.890380859375,3052.8544318092813,2988.33037914959,3014.332609325884,892060
2022-01-31,3035.76025390625,3075.437682482808,3020.4958882990245,3023.9629462338407,944530
2022-02-01,3078.13427734375,3093.639404434649,3025.50393314108,3075.967424899785,1008915
2022-02-02,3079.530517578125,3124.2639335827694,3074.1855680827866,3086.3682346072646,667265
2022-02-03,3084.634765625,3121.8084163234043,3072.3077360849024,3094.1208579369795,899753
2022-02-04,3117.041259765625,3128.742404173171,3058.680840985956,3070.189188190251,705765
2022-02-07,3057.380859375,3131.0538487407675,3026.9487590872036,3114.4895112273393,860393
2022-02-08,3097.491455078125,3104.377136282589,3049.194582694903,3061.5216119877,799206
2022-02-09,3109.0478515625,3138.565100358291,3103.654703031508,3110.6367824968643,472725
2022-02-10,3119.063720703125,3127.9718918853723,3058.632613493825,3101.006616955326,728666
2022-02-11,3097.443359375,3110.5888367026428,3064.892373708295,3110.5888367026428,587840
2022-02-14,3027.28564453125,3065.085184334184,3004.702272233208,3023.963184234703,681236
2022-02-15,3143.958740234375,3149.159092394578,3017.0774832242873,3023.9631651739983,676844
2022-02-16,3132.642333984375,3163.700548238942,3103.8953346501876,3158.788922635003,624320
2022-02-17,3145.162109375,3173.1865911879863,3116.800232485108,3152.0477903661244,636735
2022-02-18,3138.03564453125,3151.08495842128,3110.685245663272,3116.559682295808,423801
2022-02-21,3131.486328125,3157.29599060984,3085.741673856186,3115.451717044487,547472
2022-02-22,3107.892333984375,3117.1858645572293,3004.702097968545,3004.702097968545,1147209
2022-02-23,3117.571044921875,3175.06481792447,3110.637163902211,3117.2820842296924,935896
2022-02-24,2955.634521484375,3079.626616297692,2938.7330277501983,3014.3320913839493,1823450
2022-02-25,3003.931396484375,3025.35915828806,2969.1173966350107,2990.256197772694,1239456
2022-02-28,3057.33251953125,3072.596885837098,2903.5823885907694,2975.8108062174056,1678348
2022-03-02,2917.016845703125,2996.2273442015426,2880.5657117813653,2992.1825998125673,3014206
2022-03-03,2765.770263671875,2938.2518059129993,2756.236207316619,2917.0648050181826,4406840
2022-03-04,2636.962890625,2757.9696964237924,2563.675270567773,2757.9696964237924,6979253
2022-03-07,2608.360595703125,2627.13998337252,2503.2924703777844,2551.974233395157,3233760
2022-03-08,2622.7578125,2635.80712501306,2540.5138273746247,2590.592189400205,2611102
2022-03-09,2768.707275390625,2783.2011554209294,2566.564143651571,2648.3748018711262,4076068
2022-03-10,2805.1591796875,2927.6585290091743,2784.3573013550163,2889.136706259054,3971987
2022-03-11,2823.6494140625,2831.305578785655,2775.834298898383,2809.2037315212524,1265493
2022-03-14,2853.31103515625,2862.5081659981875,2809.492468273561,2840.984006679835,1214217
2022-03-15,2876.76123046875,2919.9539145784443,2856.3929124801007,2887.210368042934,1857685
2022-03-16,2929.58447265625,2937.2888368183967,2899.489300147865,2930.547518176518,1287234
2022-03-17,3020.6884765625,3046.4017432584774,2962.809350509367,2998.442032443008,2867519
2022-03-21,2933.19580078125,3002.101752605382,2918.124232912146,3002.101752605382,1259015
2022-03-22,2938.395751953125,2949.5189728690634,2865.0599419404343,2912.249164513571,1515772
2022-03-23,2905.31591796875,2966.0839522677597,2893.951933237154,2946.919439502726,948403
2022-03-24,2913.54931640625,2926.6465919725956,2841.5134778766296,2859.7631400646587,1243917
2022-03-25,2934.351806640625,2951.301503610477,2880.469451192186,2913.5501623069626,1083275
2022-03-28,2915.57177734375,2945.570782914366,2884.946886304496,2934.3511628249853,680332
2022-03-29,2930.16259765625,2973.595812567752,2901.367393527897,2955.586907110858,1120936
2022-03-30,2967.673095703125,2980.000125908381,2942.970835990851,2964.254236937659,849545
2022-03-31,2966.131591796875,3013.6097763857483,2952.7935542619393,2999.886379625024,1464862
2022-04-01,2999.068115234375,3005.66507110077,2973.5474089273675,2995.0715703695596,637392
2022-04-04,3002.77587890625,3026.852016485678,2979.181264078411,3009.468998129625,873264
2022-04-05,3024.733642578125,3040.33493414585,2966.180423556927,2995.071791318845,805874
2022-04-06,3037.4453125,3048.0388123216553,2997.960449528377,3021.0735400483513,736379
2022-04-07,3038.408447265625,3090.3647031674295,3029.2595153324955,3037.44540179898,1025244
2022-04-08,3087.7646484375,3101.006524122807,3034.7489463973466,3050.928157894737,678898
2022-04-11,3040.767822265625,3102.9324533564163,3033.5931806557146,3066.3367260977125,672652
2022-04-12,3013.032470703125,3045.2465335653274,2999.0683097426845,3038.1198551764546,794265
2022-04-13,2966.805908203125,3006.531533507147,2952.7937848270685,3002.0052668598473,1121350
2022-04-18,2909.89013671875,2944.9930976774986,2901.65605078558,2943.067006704525,1032504
2022-04-19,2880.66162109375,2946.1487143780464,2860.2451037405867,2918.0278331090835,749782
2022-04-20,2969.069580078125,2975.32937646817,2869.875883435878,2880.7583457222822,838182
2022-04-21,3041.53857421875,3057.0916656296204,2972.0067333112956,2975.618154083343,1069035
2022-04-22,3047.4609375,3056.03218310302,2998.2012566252583,3006.1463816127016,681191
2022-04-25,3014.91064453125,3038.5052616930893,2980.7225257865443,3018.1849055185326,1096774
2022-04-26,3010.14306640625,3032.341312156127,2991.026754344418,3014.332408369447,1703441
2022-04-27,3032.00439453125,3047.0759625616156,2971.9102142490556,2981.5888685495456,963536
2022-04-28,3127.6826171875,3147.2324865727164,3052.854033792996,3072.1149425235512,2001838
2022-04-29,3117.571044921875,3156.8633508580333,3102.258714540177,3128.935029572224,1088970
2022-05-02,3081.74560546875,3092.8206287384032,3037.493711688928,3076.930377960205,595522
2022-05-04,2986.260009765625,3076.641697254454,2967.5767842612145,3060.558882936115,1120002
2022-05-05,2962.857666015625,3011.3950649383237,2956.5496709967956,2990.0155019632903,724601
2022-05-06,2904.785888671875,2939.599888242531,2892.892183111794,2908.3973091716744,923941
2022-05-09,2894.1923828125,2926.5026051771442,2865.0602575050953,2889.9550768151953,998324
2022-05-10,2972.29541015625,3022.758897544553,2923.805977839988,2938.2516595486836,2460016
2022-05-11,2940.8037109375,2994.638093882652,2868.912460514481,2976.195632026425,1883969
2022-05-12,2927.610107421875,2964.254035554367,2877.579940947514,2929.584397711626,1254245
2022-05-13,2950.771484375,3001.0906129842015,2923.1321248707823,2960.787063773245,1121729
2022-05-16,2889.0400390625,2975.714132192235,2874.8833175416817,2975.714132192235,733044
2022-05-17,2937.288818359375,2943.6450128006154,2841.9473124519723,2888.0770985355143,1179081
2022-05-18,2985.537353515625,3013.1767114616755,2914.175590190904,2918.0277720682216,1379763
2022-05-19,2934.30322265625,2958.1867979395806,2889.5698064678763,2889.618005766299,772390
2022-05-20,2995.0234375,3009.5173199365227,2956.54981510564,2966.1802705294367,778957
2022-05-23,3056.898681640625,3070.1887552712096,3014.3803210000656,3027.766558100175,813294
2022-05-24,2972.77685546875,3065.999464239868,2956.5494460578034,3057.4284540299714,691307
2022-05-25,2733.171630859375,2926.695598483671,2721.8558449817233,2926.695598483671,3381427
2022-05-26,2735.19384765625,2754.310396729926,2618.087644586697,2744.679940797304,3212196
2022-05-27,2730.089599609375,2762.9775090242074,2678.2295059589824,2762.0144635348297,1879534
2022-05-30,2738.901611328125,2777.4234342722616,2712.8993808408327,2773.571251977848,2525482
2022-05-31,2753.97314453125,2771.6451246234355,2707.1210720349122,2738.9015755486625,2408221
2022-06-01,2747.087646484375,2831.2577400978566,2727.393410468436,2753.973328658638,1770795
2022-06-02,2801.06591796875,2811.1296959958017,2742.7534683782264,2764.1330305532574,1164197
2022-06-03,2780.2158203125,2811.5629967873156,2750.457809904013,2797.6470370347192,1228489
2022-06-06,2713.33251953125,2765.8666990171378,2703.9428258281105,2765.000052107338,1193698
2022-06-07,2643.271240234375,2700.379891963302,2630.077562393644,2696.5277095211286,1403598
2022-06-08,2605.23095703125,2672.451588145985,2600.2231668447425,2669.466052684777,1743575
2022-06-09,2602.42138671875,2612.882261192896,2551.0373688805034,2595.8348926814424,1857501
2022-06-10,2623.682861328125,2650.0770866982,2568.715070878519,2581.306811422041,1592920
2022-06-13,2577.18994140625,2598.741186805588,2559.5130772022985,2586.1009708609467,1674206
2022-06-14,2552.6357421875,2582.6139533546593,2503.818637803835,2534.8136847708456,2296040
2022-06-15,2577.5771484375,2599.3223009238345,2544.596669437064,2566.7774060166585,928842
2022-06-16,2573.993408203125,2639.857885417692,2557.091468330253,2610.3157301964525,1280628
2022-06-17,2499.16943359375,2573.5575965896387,2479.6038567066144,2566.87438390899,2043251
2022-06-20,2577.1416015625,2589.3944746293723,2507.0638698438415,2518.3479110868216,1595360
2022-06-21,2594.2373046875,2624.8932512053666,2557.091580510025,2590.943938798221,1042074
2022-06-22,2582.614013671875,2622.907433785981,2543.870204058246,2603.584006035873,1871760
2022-06-23,2671.579833984375,2681.0236393075825,2590.944265455449,2590.944265455449,1612872
2022-06-24,2674.194580078125,2697.344148860873,2640.390699823834,2687.8518679424574,2215583
2022-06-27,2732.35888671875,2738.8484279874456,2678.1660265326113,2692.598002031955,1295734
2022-06-28,2640.875,2697.344151457537,2619.372232330451,2692.6948468732808,1838358
2022-06-29,2613.076416015625,2633.610588832463,2593.8981820129957,2621.5031477289667,1066354
2022-06-30,2610.55810546875,2641.3110074241667,2595.8355036383314,2629.5911457283896,1291447
2022-07-01,2686.059814453125,2692.694786484021,2600.6782380250347,2619.9531888496954,1477191
2022-07-04,2702.67138671875,2710.129522885897,2658.6003026260737,2687.9970267247004,653147
2022-07-05,2679.715576171875,2723.980329538042,2673.3227532594883,2697.5376332708965,1073043
2022-07-06,2771.538330078125,2778.8997485046025,2717.0548477311804,2741.657308755025,2085735
2022-07-07,2800.59619140625,2839.9212528668413,2786.4548427405725,2810.282143837583,1469087
2022-07-08,2789.36083984375,2797.3032741446195,2751.2949966093465,2789.554511612363,1274148
2022-07-11,2840.938232421875,2848.20269650822,2761.8040509359794,2783.7426378873647,1081885
2022-07-12,2802.33984375,2831.4461794885924,2794.784753198655,2828.2982447983204,1115524
2022-07-13,2848.83251953125,2875.711039771091,2834.1583949626697,2856.387610352818,2153712
2022-07-14,2846.84716796875,2862.054305422442,2820.937240175534,2859.3906679857564,882479
2022-07-15,2884.6220703125,2891.257042872969,2848.1060738831366,2857.307729463469,1668006
2022-07-18,2923.0751953125,2930.0005565841398,2894.5498767481577,2900.7005510182985,823390
2022-07-19,2924.286376953125,2928.0638043077624,2884.622207362035,2889.7558101191294,638171
2022-07-20,2912.033447265625,2949.082219461049,2905.7860545430526,2937.749701143026,867436
2022-07-21,2969.81005859375,2988.0679375901054,2887.3825063425916,2887.3825063425916,1184060
2022-07-22,2971.069091796875,2995.6230769368526,2952.2784377992166,2969.810107101253,1268141
2022-07-25,3007.439697265625,3019.304988774623,2955.8135244664786,2973.103043826111,985844
2022-07-26,3010.87841796875,3050.881450195759,2957.1213801057083,2998.7709770086058,2876310
2022-07-27,3085.9931640625,3092.7248542363136,2998.7711082729807,3021.000323554148,1976407
2022-07-28,3169.631103515625,3176.9925222419097,3082.070184687121,3097.567709185862,1332572
2022-07-29,3229.0546875,3249.007845925158,3172.1497117547806,3182.2230086164614,1836550
2022-08-01,3220.1435546875,3249.63723430325,3210.4091246194102,3235.156781850451,1076122
2022-08-02,3289.49462890625,3297.824642557526,3221.1604239202575,3226.390743625558,1650536
2022-08-03,3331.628662109375,3339.7165272912407,3265.3768395100337,3297.0983349476173,1169005
2022-08-04,3351.82421875,3367.757565010698,3303.781794656203,3346.496944308987,981434
2022-08-05,3364.802978515625,3382.2861702501514,3343.1550163426145,3365.868527890813,792478
2022-08-08,3349.83837890625,3367.7573920146415,3328.6262363565115,3356.1827254366162,724644
2022-08-10,3304.508056640625,3341.5085862344386,3289.3496348034273,3332.936423250469,1089295
2022-08-11,3298.2607421875,3368.726051841802,3283.5381405922226,3341.6538598947395,1410533
2022-08-12,3320.199462890625,3326.931152868478,3276.7578694992776,3292.2553941554966,548472
2022-08-16,3391.05224609375,3399.2368293273316,3346.7874868627414,3361.0257909012603,911189
2022-08-17,3413.039306640625,3434.2999267747364,3394.5392777780007,3407.469883510072,817912
2022-08-18,3424.323486328125,3431.4425198946483,3405.1452521052847,3414.2984303899357,599877
2022-08-19,3373.181640625,3427.374500868413,3355.2141503485045,3409.45548765206,581829
2022-08-22,3244.552001953125,3376.087286762626,3228.52170295836,3353.3737750019245,2336567
2022-08-23,3251.187255859375,3277.6781968748714,3212.6855905848465,3228.328310943473,831446
2022-08-24,3272.738525390625,3278.695292262805,3198.301877415593,3234.7211575261304,1182154
2022-08-25,3256.901611328125,3298.2121052065922,3245.9564374288216,3269.00905226243,615392
2022-08-26,3219.1748046875,3278.2106381417357,3201.8368077516534,3273.2224671715267,1384783
2022-08-29,3238.25634765625,3243.196278444859,3135.0524676111563,3145.029046837611,1031166
2022-08-30,3285.088134765625,3302.6680460522803,3226.3911610529058,3226.3911610529058,1426459
2022-09-01,3338.31201171875,3365.287247591918,3210.893259075237,3210.893259075237,1417762
2022-09-02,3323.298583984375,3379.4286281197656,3317.438535772484,3379.4286281197656,740821
2022-09-05,3317.24560546875,3341.6541624913802,3298.6001438374574,3317.487754321104,518438
2022-09-06,3288.62353515625,3326.6893817092173,3277.726836895295,3312.596271330351,540937
2022-09-07,3293.563232421875,3327.1249660930766,3279.6153177541714,3285.475366808651,682921
2022-09-08,3341.798828125,3375.21536445926,3319.76328604951,3341.653633425971,1143090
2022-09-09,3333.759521484375,3374.295089179623,3325.623179828119,3374.295089179623,702805
2022-09-12,3324.41259765625,3345.1889186484304,3315.501568576152,3333.7596837812675,641280
2022-09-13,3314.72705078125,3350.3714079377883,3307.4141083926165,3324.219332767415,776044
2022-09-14,3330.950927734375,3340.201060610869,3273.8522792126246,3273.8522792126246,816678
2022-09-15,3288.7685546875,3350.129164659964,3282.6665931651996,3331.968001859133,590182
2022-09-16,3218.206298828125,3312.5958616858566,3205.614560172594,3305.2344429593936,1598265
2022-09-19,3212.10400390625,3237.1422857556304,3129.8218845573406,3216.365728424955,1013563
2022-09-20,3286.6376953125,3302.9101444920825,3229.2968978699714,3230.846745019827,708184
2022-09-21,3250.654296875,3317.341941252631,3242.8570574320615,3298.0669894134317,605378
2022-09-22,3328.09326171875,3331.967642698632,3211.522729397167,3250.6541191780457,829396
2022-09-23,3288.62353515625,3329.9825114831333,3276.467615579332,3327.1252023449583,513370
2022-09-26,3330.0791015625,3359.0884833556106,3248.6686197158933,3264.166144437257,1429914
2022-09-27,3361.65478515625,3390.0831484331993,3323.298557703752,3346.3511704077846,1455383
2022-09-28,3458.514892578125,3470.3801856179925,3312.596097660902,3342.622553516893,1843428
2022-09-29,3278.50146484375,3451.5409230330033,3266.4907410707533,3451.5409230330033,2624894
2022-09-30,3237.481201171875,3304.750095134646,3182.077599223559,3295.161096585815,2159720
2022-10-03,3199.17333984375,3247.215761584391,3182.562024944344,3242.8570827097815,934543
2022-10-04,3232.928955078125,3262.5680657787793,3208.036103220542,3225.4223415205324,994382
2022-10-06,3224.405517578125,3261.0184699486535,3207.69724740463,3232.9292041497342,922770
2022-10-07,3238.692138671875,3254.0929462128233,3184.014979908067,3213.799286131254,774544
2022-10-10,3175.006591796875,3195.3955680724434,3157.814026979268,3176.9922592535963,734377
2022-10-11,3195.105224609375,3254.4801629725844,3171.1809683250717,3187.162790553955,1411316
2022-10-12,3146.191162109375,3234.623959055748,3105.3164883164327,3230.265280266782,1812549
2022-10-13,3108.222412109375,3155.8772550221543,3093.5965280457426,3128.659868149529,779890
2022-10-14,3085.46044921875,3144.0604671681253,3080.133174859716,3133.405918450057,845765
2022-10-17,3097.180419921875,3116.9396694145466,3070.5440492230246,3085.460322224996,1067773
2022-10-18,3124.543212890625,3147.9346945701236,3111.1280735259193,3116.939645269741,1015424
2022-10-19,3111.854248046875,3143.7694127895834,3095.969381258002,3140.1856578221054,943543
2022-10-20,3042.2607421875,3140.0406223696755,3004.388809596746,3097.5676258436956,2284352
2022-10-21,2995.2841796875,3065.3621481754585,2976.1544214359906,3041.389413151415,1738731
2022-10-24,3023.615478515625,3059.792608216402,3018.143009560718,3051.0752503582357,178709
2022-10-25,2988.019287109375,3036.5460020180835,2983.1763110296015,3035.5774068021287,1016316
2022-10-27,2947.871337890625,3024.923141807405,2937.7495642337044,3024.923141807405,2005709
2022-10-28,2957.5087890625,2975.137412669272,2944.529706655443,2962.6423914378747,715736
2022-10-31,3014.447265625,3019.588276002014,2969.1971858968195,2989.518492334792,814364
2022-11-01,3064.59619140625,3069.4461570423396,3017.1636222111874,3017.1636222111874,939335
2022-11-02,3037.9208984375,3065.1292487022656,3028.4151567506465,3063.237809767216,787012
2022-11-03,3047.0390625,3054.2654629971094,3011.828269188098,3011.828269188098,563798
2022-11-04,3085.8876953125,3089.4280754611573,3032.1013875610897,3053.5383301575266,609757
2022-11-07,3010.421875,3102.037668084393,3004.5048228709566,3090.3977518814495,1669943
2022-11-09,2993.88330078125,3051.5978824745866,2987.5783464786164,3051.5978824745866,1391333
2022-11-10,2953.774169921875,2993.3984797802987,2942.4738458890265,2993.3984797802987,1375007
2022-11-11,2963.716552734375,3005.0383497518724,2956.538699174857,2997.957353404688,810288
2022-11-14,2961.582763671875,2985.590091908843,2949.7974427177933,2964.29879160304,811702
2022-11-15,2986.899658203125,3002.1285017862388,2950.7188699301255,2976.423685858182,873840
2022-11-16,2990.536865234375,3000.188247896192,2959.448543269086,2986.899391606955,770953
2022-11-17,2979.4306640625,3003.6319426225145,2968.178650270235,2999.218427005087,706271
2022-11-18,3002.61328125,3021.382740211764,2964.0560601452717,3002.128284758117,1258576
2022-11-21,3002.419677734375,3017.018121193688,2974.1927839118534,3011.828563403642,612194
2022-11-22,3010.712890625,3025.8931864643287,2980.1095638798038,3010.858294850225,764079
2022-11-23,3007.754638671875,3021.334542012408,2997.278665874805,3017.6485208856047,488341
2022-11-24,3021.8193359375,3026.620754076579,2999.2184509589883,3024.3897227430025,571872
2022-11-25,3014.8837890625,3026.184350129217,2982.971112597598,3021.81938142531,898769
2022-11-28,3056.64208984375,3064.2080830908676,3003.777467960733,3014.8838411585343,914689
2022-11-29,3040.976318359375,3073.9075302747065,3033.3132322853476,3062.2676153604443,877720
2022-11-30,3079.87353515625,3103.929411699258,3039.2794655037283,3045.681277954749,2547283
2022-12-01,3083.94775390625,3101.068037932158,3066.390783519873,3095.2480791496764,761717
2022-12-02,3049.12451171875,3079.04889111519,3039.9581250416,3077.933257053236,932259
2022-12-05,3062.1708984375,3073.616863542317,3019.1033026770015,3036.078180684021,926122
2022-12-06,3066.826904296875,3073.9079007527457,3031.22820758988,3031.22820758988,958365
2022-12-07,3129.682861328125,3137.636757700772,3081.0861103640364,3084.578180388482,1832282
2022-12-08,3124.7841796875,3143.6504978481967,3106.5482623068474,3133.077667936157,851312
2022-12-09,3130.119140625,3145.0571762340323,3109.7978328419554,3137.927632328049,847879
2022-12-12,3071.337890625,3133.0778596030495,3047.621368768479,3130.1678801668854,1323816
2022-12-13,3083.122802734375,3089.4277573411937,3048.3484583693476,3089.4277573411937,886601
2022-12-14,3051.5498046875,3099.128014526986,3031.228496211841,3083.6081246263816,1103870
2022-12-15,3036.66015625,3066.3417997238985,3023.177111568969,3047.717981635722,799124
2022-12-16,2964.201904296875,3023.4685791269226,2958.7700848704376,3021.5285928714675,1192821
2022-12-19,2988.500244140625,2995.338742973117,2949.749066509472,2970.118921950675,655594
2022-12-20,2989.664306640625,2995.9692621453482,2927.4393405006745,2982.7774973319993,739257
2022-12-21,2977.5390625,3019.0548122815458,2958.527340864418,2992.4285504998456,616324
2022-12-22,2995.8720703125,3000.6734885284222,2946.887421477625,2981.758624126837,663202
2022-12-23,2966.141845703125,2994.2233357780187,2944.8990912529807,2986.5602480960024,1230858
2022-12-26,2964.347412109375,2979.7216604039577,2937.915100566913,2966.1417572261794,536884
2022-12-27,3019.20068359375,3035.1084760545946,2964.590023510487,2968.1789506957684,729041
2022-12-28,3029.96728515625,3049.4642404588985,3011.8284622313577,3016.629880532842,972274
2022-12-29,3021.673828125,3031.228354624663,2999.7521267531833,3007.9485208611454,596265
2022-12-30,2995.241455078125,3036.805752145115,2979.139712479381,3036.805752145115,836220
2023-01-02,2955.8115234375,2995.241648886434,2930.349204136414,2995.241648886434,1015990
2023-01-03,2937.381591796875,2968.130325564934,2934.2291142361255,2955.5689623396606,860367
2023-01-04,2926.32373046875,2958.478906480512,2911.4827889191993,2943.929010219132,836382
2023-01-05,2914.198486328125,2955.18068948195,2905.5168597585794,2948.342191651924,1113920
2023-01-06,2889.02685546875,2932.773631450927,2863.419136776298,2919.678726862011,1045526
2023-01-09,2894.6044921875,2927.0992574176653,2862.4493192303935,2903.480070152616,808263
2023-01-10,2871.519287109375,2895.429523287684,2863.6137009284776,2894.604934392681,864325
2023-01-11,2852.167724609375,2885.6324878276673,2846.929856396752,2885.6324878276673,890426
2023-01-12,2828.451416015625,2851.634393878309,2809.100100462745,2850.8098049930963,1558620
2023-01-13,2821.855224609375,2837.229709384403,2785.5775787776615,2837.229709384403,1507864
2023-01-16,2828.54833984375,2841.691793308479,2809.0999314224437,2837.229730459478,644073
2023-01-17,2852.65283203125,2856.4844945221425,2823.795535091189,2837.230035283298,716489
2023-01-18,2856.871826171875,2871.179222636024,2841.4490325058896,2859.490759856611,893808
2023-01-19,2780.1455078125,2884.371451322064,2758.2723538114697,2866.232391689925,2379947
2023-01-20,2704.146728515625,2762.540263979783,2697.5507282752023,2762.540263979783,3171005
2023-01-23,2700.897216796875,2715.9806567356186,2684.7954735636313,2715.9806567356186,1402260
2023-01-24,2726.262451171875,2742.2673358517864,2700.8969918479224,2711.130465475897,1061471
2023-01-25,2691.73046875,2726.6502153716215,2684.0676190783524,2726.553121349575,857953
2023-01-27,2640.951416015625,2689.645255344979,2605.2558621308267,2683.5827989359163,1801498
2023-01-30,2683.19482421875,2692.700803814179,2615.3438552896177,2642.2611633969104,1171912
2023-01-31,2644.0556640625,2696.532146256415,2636.4896708695137,2677.1808321694366,1961805
2023-02-01,2661.41845703125,2694.6407193194764,2623.637274726268,2667.2869624042296,1176872
2023-02-02,2624.46142578125,2658.750772535264,2613.1611022291136,2658.750772535264,1308570
2023-02-03,2677.56884765625,2680.963823492483,2618.981359379718,2624.4617256466054,1278409
2023-02-06,2671.554931640625,2682.030904416843,2636.4412290072255,2677.568841459375,1120284
2023-02-07,2675.28955078125,2691.2458901158743,2665.686476880504,2679.120976211946,732250
2023-02-08,2682.61279296875,2700.460569825046,2661.951894263398,2684.9406814927183,811956
2023-02-09,2730.142578125,2735.720038254164,2683.146224628361,2698.47216243318,946372
2023-02-10,2720.4423828125,2746.0015555247564,2709.1903696163236,2745.0801095646957,700072
2023-02-13,2707.00830078125,2744.110537636892,2696.5808747368537,2730.0456373909624,467228
2023-02-14,2693.67041015625,2720.5877143988987,2682.0304948080775,2720.5877143988987,524746
2023-02-15,2702.5458984375,2714.331455459805,2671.360718257073,2693.6705572258143,817717
2023-02-16,2721.751953125,2749.299897852454,2706.3777053609297,2713.0705626845715,788964
2023-02-17,2748.572265625,2760.4546799013674,2701.9155074955893,2718.8418380202093,840526
2023-02-20,2740.76416015625,2766.4204313094806,2727.717799804921,2759.630479339226,646218
2023-02-21,2732.56787109375,2753.519581608486,2720.8308589371445,2751.870640572078,631934
2023-02-22,2712.05224609375,2729.5121224442646,2696.5809030238793,2725.632149921928,580270
2023-02-23,2624.75244140625,2721.3638363710115,2619.0781245954913,2720.830292872216,1790570
2023-02-24,2656.325927734375,2679.120764068776,2628.6811262224414,2630.7182063228875,1429040
2023-02-27,2667.3837890625,2675.8712282359784,2643.2796038986467,2658.1688551027232,561317
2023-02-28,2743.91650390625,2753.810386074111,2645.6076093816264,2667.4810009523794,1815923
2023-03-01,2755.653076171875,2767.681131710354,2731.5488917103744,2743.1402609380316,816598
2023-03-02,2748.86328125,2763.510271412294,2726.6505345524597,2746.0503960576357,604523
2023-03-03,2743.96484375,2766.4200873912678,2726.310781370286,2751.9187391348187,679295
2023-03-06,2778.59375,2797.460068214997,2745.322939689839,2757.6903515725508,1050267
2023-03-08,2773.743896484375,2783.8802773088432,2742.1705728056095,2783.8802773088432,580250
2023-03-09,2767.92333984375,2786.2561112768344,2751.724505468349,2776.119732641829,774224
2023-03-10,2745.2744140625,2758.6603661557356,2722.7706215890116,2758.6603661557356,489978
2023-03-13,2700.654296875,2763.9463362261695,2689.0143815920264,2738.7750667896753,813217
2023-03-14,2663.213134765625,2703.3222071310624,2657.8296257286497,2699.4422347533823,1060450
2023-03-15,2742.55859375,2780.3400171680273,2682.225065947354,2689.015018136408,2170346
2023-03-16,2806.43212890625,2812.979581380152,2743.819036033627,2764.479933425322,1755487
2023-03-17,2776.750732421875,2836.211358515772,2769.3789267398274,2836.211358515772,1848073
2023-03-20,2769.4755859375,2827.529765208051,2746.098895319118,2827.529765208051,1074367
2023-03-21,2753.907470703125,2800.370044889678,2749.930404316674,2772.3856495766527,691891
2023-03-22,2754.634765625,2767.5354833066995,2730.384940186164,2740.230274588451,731807
2023-03-23,2713.8466796875,2738.2904578784132,2684.6983403446607,2732.567593446849,1016581
2023-03-24,2714.525390625,2731.160675727322,2689.645165083045,2713.8464428929105,784111
2023-03-27,2719.6181640625,2735.3805519950956,2702.8857830263596,2714.525700268892,791560
2023-03-28,2700.897216796875,2726.262678233434,2682.0308985264232,2707.2507189103967,558581
2023-03-29,2687.36572265625,2709.9180608810316,2672.3308305063956,2700.8970782281776,1087648
2023-03-31,2678.781005859375,2691.7305068071887,2665.0556999829732,2673.349187285804,1967803
2023-04-03,2693.67041015625,2698.180782627793,2627.371297593077,2664.522074775598,1035295
2023-04-05,2724.2255859375,2727.1841122169863,2669.6634747717585,2677.1809211990385,668643
2023-04-06,2725.53466796875,2740.2299658028496,2703.17628407068,2723.206542900148,627554
2023-04-10,2693.040283203125,2725.680454417148,2672.427931012248,2725.680454417148,1215461
2023-04-11,2671.167236328125,2706.2809416852515,2667.5297619441394,2706.2809416852515,1246379
2023-04-12,2703.1279296875,2721.9942457344196,2668.4506807465013,2672.864196156476,2235399
2023-04-13,2725.43798828125,2728.881510991963,2698.5206809852966,2703.0796009841915,602597
2023-04-17,2757.78759765625,2760.2125805120504,2721.8007573502805,2740.2306270543627,754555
2023-04-18,2768.942138671875,2772.6764696683185,2745.177309947473,2762.540090085544,717724
2023-04-19,2725.38916015625,2767.0988572496494,2716.6106765445857,2751.239614513413,799624
2023-04-20,2758.514892578125,2765.4502483171523,2728.7359158154673,2735.3804630846616,761101
2023-04-21,2795.6171875,2800.370058928858,2761.667429251815,2761.667429251815,894930
2023-04-24,2804.3466796875,2811.039536238385,2766.419861059998,2795.6167432395546,782967
2023-04-25,2811.039794921875,2814.6772687765874,2778.205436200788,2804.2983907407483,636120
2023-04-26,2822.6796875,2828.936095114508,2801.3883880792205,2810.0212312291987,569221
2023-04-27,2812.931640625,2832.380051009434,2807.014824388104,2828.015081752741,599461
2023-04-28,2815.259521484375,2832.331257670373,2761.182407062687,2832.331257670373,1080665
2023-05-02,2812.54345703125,2845.668625687673,2806.1899550517883,2823.601283317321,663800
2023-05-03,2841.78857421875,2873.5072994010247,2810.069849036475,2830.4397029645957,1237193
2023-05-04,2893.34375,2896.5445374872093,2834.464984731441,2859.5393988125807,1008540
2023-05-05,2922.54052734375,2934.22899101802,2862.498051972439,2881.8493660543927,1326561
2023-05-08,2928.845458984375,2944.6078460012636,2903.1891902490584,2924.5290372873073,941879
2023-05-09,2943.73486328125,2982.5345840657274,2920.4064837966425,2925.547494163526,1025850
2023-05-10,2950.13671875,2965.2687048056064,2928.3118754859743,2951.640255315574,751851
2023-05-11,3045.535400390625,3061.443190230848,2940.5336623247645,2960.467065043392,3229605
2023-05-12,3037.1455078125,3084.335577676264,2993.398724021999,3044.80835862121,1998170
2023-05-15,3038.018310546875,3072.938061242816,3027.3969337398025,3040.152247948684,810281
2023-05-16,3043.935302734375,3070.7069689821324,3028.65791210752,3038.0182503688834,822404
2023-05-17,2999.655029296875,3053.4896448135755,2983.262241099658,3041.898274961661,835371
2023-05-18,3015.7568359375,3031.228177190942,3000.430898910682,3012.4587175918955,498067
2023-05-19,2991.894775390625,3034.089469676407,2975.9869853742753,3030.2580447996015,633262
2023-05-22,2992.331298828125,3012.410343298381,2954.598666007162,2977.8784979126685,659425
2023-05-23,3026.96044921875,3034.089756147907,2992.4286014261643,2994.368587553507,581204
2023-05-24,3008.433349609375,3039.1335339468947,3005.0383740415427,3021.5282553710153,439465
2023-05-25,3029.822021484375,3035.108436562871,2993.398732896459,3008.4336260785376,500313
2023-05-26,3034.5263671875,3042.8198556862844,3018.376076543598,3029.288499090755,568249
2023-05-29,3043.256103515625,3060.3280759393006,3022.546893965369,3052.7620827784735,535712
2023-05-30,3050.04638671875,3060.3284089040367,3033.7021441197835,3052.471369610116,506026
2023-05-31,3097.139404296875,3122.7473640852704,3042.3347944474317,3057.369687414978,2349066
2023-06-01,3143.456298828125,3152.3801871534492,3110.7675817677496,3138.2669783156175,1104861
2023-06-02,3140.10986328125,3152.428727112587,3122.4074908957737,3142.1952535213304,781973
2023-06-05,3103.7353515625,3142.7290259380716,3099.1278844416556,3142.7290259380716,492565
2023-06-06,3116.344970703125,3141.710192601288,3099.1275951743783,3111.49500576545,577698
2023-06-07,3128.03369140625,3132.35011319364,3110.040272641359,3120.4676981168814,470038
2023-06-08,3115.8603515625,3149.567611961534,3097.1879842910926,3123.3777981263133,561161
2023-06-09,3105.65625,3162.632114072365,3093.9388192324095,3134.2174874960015,1239045
2023-06-12,3119.521728515625,3126.942863120058,3076.9483027376846,3110.1965591509734,1029156
2023-06-13,3186.018310546875,3194.952756057517,3129.6768074788038,3134.412697721464,1598821
2023-06-14,3193.195068359375,3212.431135837882,3176.400132245951,3188.1175627983494,741615
2023-06-15,3216.77685546875,3226.19952810424,3196.271349993511,3198.8588541372546,806994
2023-06-16,3238.74658203125,3243.7752170682693,3209.1600234928305,3214.237528833376,984671
2023-06-19,3231.76513671875,3266.1850910197436,3225.4670650994713,3240.699821082994,516915
2023-06-20,3240.552978515625,3248.5112097067135,3199.9326961161055,3236.940151816378,866290
2023-06-21,3238.014404296875,3254.5163570753657,3222.293422846897,3240.553037898015,742456
2023-06-22,3171.56689453125,3248.511406590384,3166.0986646500282,3246.7048739354054,871640
2023-06-23,3220.04736328125,3226.3454342312493,3176.448854489792,3188.1174141926426,1260659
2023-06-26,3230.251708984375,3237.2823587130183,3194.367074427437,3217.411452111861,592801
2023-06-27,3247.681396484375,3265.7457698562816,3196.2712616772446,3197.882313134795,914141
2023-06-28,3269.4072265625,3276.242394362377,3245.2400261272214,3252.563420198518,713110
2023-06-30,3282.88232421875,3368.370792149952,3265.0131949798406,3274.045381014551,1436363
2023-07-03,3279.611083984375,3300.3607003680454,3258.6173544667795,3285.762782637645,474224
2023-07-04,3268.8701171875,3307.2447496491986,3252.5634074642694,3279.6110951166825,473663
2023-07-05,3294.94140625,3319.9386870148064,3262.083873130798,3272.4343655705393,632406
2023-07-06,3319.3525390625,3329.703030937647,3288.496783042511,3329.703030937647,693995
2023-07-07,3264.96435546875,3333.60901765834,3258.56854356496,3305.2918936067604,620761
2023-07-10,3264.427001953125,3292.646621563318,3216.3855877803276,3266.2335343916134,548838
2023-07-11,3312.664306640625,3319.8899605039287,3266.23393796077,3271.0673306390445,772158
2023-07-12,3326.52978515625,3333.999551942783,3283.0776458917157,3327.750350865928,1025127
2023-07-13,3318.52294921875,3344.3500721707424,3304.6573703205077,3344.3500721707424,750126
2023-07-14,3348.988037109375,3358.0202229372812,3307.2446917966186,3318.522766103323,832843
2023-07-17,3378.916259765625,3391.2196570742717,3344.3499353525426,3348.9880848979224,817694
2023-07-18,3430.716796875,3440.0419654076263,3374.229165939311,3378.5254613427155,962485
2023-07-19,3431.88916015625,3446.877803468545,3400.4963032802293,3437.11327711311,620289
2023-07-20,3442.971923828125,3451.7599973716456,3412.6530224246294,3427.3975522821256,589848
2023-07-21,3434.867431640625,3454.6405977594554,3422.466530691365,3452.6876924637686,857975
2023-07-24,3460.2548828125,3483.9827276550905,3416.1192748602393,3423.442669046734,680246
2023-07-25,3320.3291015625,3464.3558503407558,3271.1159892010633,3464.3558503407558,2555630
2023-07-26,3293.574462890625,3332.632565029856,3285.762842462779,3319.7923093082786,959076
2023-07-27,3290.059326171875,3333.6092079000878,3272.092693518803,3310.174345278646,874078
2023-07-28,3310.857666015625,3318.9622699872634,3285.2746564790077,3295.527408416303,553750
2023-07-31,3297.822265625,3308.2213904004634,3244.8983442859517,3244.9472145940294,933890
2023-08-01,3264.231689453125,3305.2915628980445,3259.3982974752353,3292.5976809725867,698667
2023-08-02,3283.712158203125,3292.549101386755,3252.2215637229724,3262.5231857196327,857218
2023-08-03,3257.787841796875,3300.361033617214,3239.8209702907375,3290.6453775843006,711067
2023-08-04,3261.009765625,3293.8675379990586,3244.7519255138054,3259.5450867540185,519248
2023-08-07,3264.28076171875,3271.1159293322803,3237.916543780848,3237.9654140850043,360358
2023-08-08,3269.212158203125,3280.83184872634,3254.1746452058355,3264.2810249202744,500258
2023-08-09,3252.563720703125,3277.902618852527,3225.223046977611,3254.07726996271,643222
2023-08-10,3161.65576171875,3241.8226151179742,3153.94188157562,3232.0580891688237,1253219
2023-08-11,3110.343017578125,3172.445252571656,3105.118901428154,3161.6554049370916,919023
2023-08-14,3127.18701171875,3134.314924574164,3078.0225307882006,3110.343205340418,815534
2023-08-16,3118.838134765625,3133.2896793488057,3102.091831465866,3119.6679763501265,597686
2023-08-17,3108.29248046875,3148.082920609833,3087.542864444259,3147.9851800012616,873392
2023-08-18,3089.056640625,3110.489727310002,3080.707923297145,3100.139234493098,592652
2023-08-21,3107.365234375,3112.442740343641,3077.9250447136383,3085.492552552905,353330
2023-08-22,3104.826171875,3123.281268380358,3096.331082241616,3123.281268380358,377068
2023-08-23,3094.182861328125,3120.7423227798195,3090.7164071272914,3110.977797364363,370811
2023-08-24,3149.6455078125,3156.773420866136,3096.2333614749346,3110.001438080275,1167742
2023-08-25,3182.5517578125,3188.1174895186123,3140.466558689115,3148.961647965995,1363431
2023-08-28,3182.9423828125,3194.952797056801,3154.967112143622,3188.0687587857724,707315
2023-08-29,3208.330322265625,3211.55266358637,3178.402144852815,3184.2119902569634,533163
2023-08-30,3217.1181640625,3225.076395368306,3199.2490347455036,3223.5628462396903,599080
2023-08-31,3179.42724609375,3224.2463228198635,3144.17721365232,3222.3422880241046,1601967
2023-09-01,3182.796142578125,3187.3365518436226,3141.3457770925424,3164.7806396587234,650131
2023-09-04,3159.361083984375,3189.3381294786245,3140.369129636435,3182.7959450965027,696213
2023-09-05,3147.399658203125,3172.34806937507,3144.1773170011415,3168.588631574132,597022
2023-09-06,3149.3525390625,3153.941818488454,3119.765978350034,3133.436314405402,754106
2023-09-07,3169.906494140625,3177.1321468859633,3125.8683934594515,3149.3521224693673,923108
2023-09-08,3161.802490234375,3186.2138060151383,3155.8949041370793,3174.0081481247566,395918
2023-09-11,3182.649169921875,3188.117399255848,3165.6589918491454,3165.6589918491454,359345
2023-09-12,3180.159423828125,3202.568961051885,3166.635461330078,3183.2351538501557,554905
2023-09-13,3200.5673828125,3207.3048101287986,3149.35249365048,3168.588561429811,880907
2023-09-14,3163.9501953125,3216.629759712578,3147.3505029059534,3204.717086957989,1102554
2023-09-15,3121.376953125,3163.7062665855474,3110.0013762577064,3158.824003828471,1568607
2023-09-18,3130.800048828125,3153.8441873721954,3114.8838236184333,3124.648349711281,673602
2023-09-20,3138.660400390625,3151.988882557756,3119.765947884768,3130.7999095571995,901084
2023-09-21,3167.807861328125,3184.4075575407846,3105.6567411592014,3134.4132260374827,845739
2023-09-22,3197.73583984375,3206.2797999531476,3145.30014537325,3158.775238709849,896521
2023-09-25,3244.995849609375,3256.273923937232,3194.1225777644117,3195.2456412017814,1422084
2023-09-26,3215.262939453125,3246.6069226407453,3183.5771025232075,3244.751758189866,834560
2023-09-27,3224.051025390625,3231.0814359591527,3194.659708751862,3210.575932739104,516326
2023-09-28,3095.6962890625,3211.5522832174397,3080.7076477807914,3204.521872872323,2104381
2023-09-29,3086.615234375,3119.7657491959358,3060.202146472633,3119.7657491959358,1550585
2023-10-03,3092.27880859375,3151.79354297701,3087.5429184380614,3091.5464691918432,1219145
2023-10-04,3095.2568359375,3113.9071749573122,3077.1438318890637,3090.4234435042013,892584
2023-10-05,3130.7509765625,3155.9923702409533,3099.5533653866805,3134.412673611111,1002610
2023-10-06,3120.49853515625,3141.248153828571,3114.8839324566807,3139.0511353809134,814257
2023-10-09,3078.559814453125,3088.519583325493,3058.933021775894,3066.110043764728,700012
2023-10-10,3077.2900390625,3090.3744071433603,3066.109705669207,3075.8253603194908,847367
2023-10-11,3089.398193359375,3110.0014379596973,3077.8273734305817,3094.37819682709,1025317
2023-10-12,3084.71142578125,3113.419036136459,3075.8744822970257,3110.9779046983717,992531
2023-10-13,3074.65380859375,3097.307459865237,3054.587661199063,3075.8255039645323,854688
2023-10-16,3038.769287109375,3054.343658019714,3023.194916199036,3050.437847715341,853011
2023-10-17,3040.234130859375,3063.1318973322645,3018.9962861775207,3063.1318973322645,792640
2023-10-18,3023.536376953125,3041.8448618186453,3017.2383058377322,3036.7673563609537,481985
2023-10-19,3028.760498046875,3037.646073013756,3003.665715763756,3014.992422049846,568124
2023-10-20,3032.71533203125,3041.747518369689,2992.3877929174946,3019.6795947698874,711434
2023-10-23,2999.662353515625,3035.6933586943196,2991.8507328033447,3023.1460859602666,374476
2023-10-25,2988.72607421875,3034.8145878487876,2980.1332439235844,3020.558284968735,669290
2023-10-26,2890.592529296875,2983.0625380348624,2870.770494868247,2979.254468449384,1834111
2023-10-27,2885.563720703125,2904.6045458433605,2861.982486463068,2863.740148769746,1708185
2023-10-30,2897.232666015625,2921.497370603125,2869.8919926381013,2903.970093741242,878885
2023-10-31,2925.15869140625,2941.807254123281,2896.1580999849475,2899.0874574697605,1152306
2023-11-01,2865.44873046875,2938.047830781237,2861.005823917087,2927.3557235886283,1029990
2023-11-02,2885.807861328125,2892.2525437167365,2864.91187146013,2891.3249614435217,900125
2023-11-03,2912.80517578125,2917.744678022149,2877.7381487043745,2892.410505003003,715997
2023-11-06,2963.131103515625,2967.7773493528916,2918.6739147921944,2932.514741079011,620959
2023-11-07,2967.0927734375,2972.5703096148627,2936.6230381449195,2963.131189636381,757998
2023-11-08,3027.640869140625,3031.260002774998,2979.6622139543315,2991.2045158975952,783400
2023-11-09,3012.919189453125,3043.437640555619,3006.9036193347965,3032.286746109202,849702
2023-11-10,3009.2509765625,3017.6142664563895,2973.695113822678,3002.941911838287,364232
2023-11-13,3018.20166015625,3030.3307127409025,2998.0515282604474,3030.3307127409025,405941
2023-11-15,3048.133056640625,3050.725316197309,3011.452165999754,3018.29926558605,700017
2023-11-16,3061.925537109375,3072.293860165582,3029.9398443663176,3050.872312965456,675454
2023-11-17,3099.681884765625,3157.735603164267,3076.9397325860946,3081.194811420256,1430175
2023-11-20,3071.755859375,3102.6165259877116,3063.5881517614184,3099.6820545779783,406431
2023-11-21,3064.810791015625,3087.944111341035,3058.6973090260462,3087.944111341035,409069
2023-11-22,3064.566162109375,3088.041932262782,3053.02386068904,3071.413261737452,489889
2023-11-23,3054.73583984375,3102.127506248096,3047.106166272176,3079.2387243412727,792460
2023-11-24,3067.647216796875,3071.2176334071673,3043.0466618712767,3049.893761399756,756329
2023-11-28,3079.580810546875,3090.9762445328433,3067.6471036197872,3072.5378888168325,647883
2023-11-29,3079.580810546875,3100.7578149269343,3073.3694178234787,3079.580810546875,620725
2023-11-30,3051.752197265625,3085.058493807437,3040.454673967974,3079.580957410248,1793116
2023-12-01,3104.083740234375,3120.9082339135216,3071.6579269041376,3078.211531912325,960196
2023-12-04,3124.77197265625,3134.4556329223124,3097.3346168252097,3120.3213098602305,1018189
2023-12-05,3155.779052734375,3176.711517220068,3110.5392910330297,3127.1679601989294,1005550
2023-12-06,3181.5048828125,3217.1586608914504,3162.332908373727,3193.682890790692,1229158
2023-12-07,3180.771240234375,3227.869408109207,3175.9294104503642,3212.2678504461137,1071725
2023-12-08,3161.40380859375,3198.3781954533615,3157.2955964555467,3183.9014223306485,895852
2023-12-11,3162.382080078125,3174.119965930565,3115.9196152455515,3159.4476086150153,910426
2023-12-12,3154.31201171875,3185.906532843692,3139.8841949351695,3157.491022196488,1019030
2023-12-13,3172.799072265625,3183.852294875292,3120.614536068431,3169.2288944971356,1052079
2023-12-14,3170.549560546875,3187.4227702501344,3147.709497106557,3183.901309223693,923107
2023-12-15,3241.514892578125,3253.69314017469,3171.185488827172,3179.0107460482136,1631687
2023-12-18,3259.2685546875,3262.936643972166,3224.005941935996,3240.6346133598163,911936
2023-12-19,3263.180908203125,3280.6408684416924,3228.064926459788,3263.0829969739616,780448
2023-12-20,3225.130615234375,3286.558929418643,3210.9473371590725,3263.1810700452647,979762
2023-12-21,3230.803955078125,3247.481581443198,3200.3834124643977,3208.3552973294245,1585879
2023-12-22,3268.31640625,3277.608898814463,3215.202427304176,3237.6021296469366,930563
2023-12-26,3309.447998046875,3317.8110504032775,3272.1311605149353,3276.7774068497774,600190
2023-12-27,3330.0869140625,3335.46677814922,3280.738935792259,3307.19813328943,837182
2023-12-28,3323.0439453125,3345.2480619658486,3299.3725931251256,3330.624662238299,779250
2023-12-29,3328.08154296875,3348.182718660907,3309.9856370458424,3335.515632276448,615676
2024-01-01,3321.91943359375,3337.276452351918,3315.1210506804196,3328.668622082458,283951
2024-01-02,3317.273193359375,3324.6580884553578,3271.9355160222794,3321.8215283741883,552394
2024-01-03,3299.910888671875,3324.7559834931535,3291.49864208722,3317.2731771999725,379131
2024-01-04,3306.1220703125,3326.956864480083,3290.324928537205,3298.3457690633854,777127
2024-01-05,3282.255126953125,3306.5621877684384,3274.869993036403,3306.1220648320273,416956
2024-01-08,3226.353271484375,3302.7474362420935,3222.8810048382024,3281.7170586679176,545884
2024-01-09,3196.128173828125,3242.590633891426,3190.9928492948125,3237.699848621605,670704
2024-01-10,3215.0556640625,3221.07123452548,3187.0313206960373,3220.0930774545645,691087
2024-01-11,3216.376220703125,3236.917520392243,3199.258470962193,3215.0558518649887,537469
2024-01-12,3206.203369140625,3222.978667772591,3173.1416116156056,3222.978667772591,673004
2024-01-15,3202.388427734375,3215.3979648998206,3187.4228151807442,3210.507179409645,728116
2024-01-16,3224.88623046875,3247.4817562841276,3202.3886158920827,3203.415728666945,748215
2024-01-17,3171.478759765625,3232.1734545616678,3123.304523400637,3222.147344455249,2239241
2024-01-18,3094.742431640625,3186.786871325584,2982.009826037471,3186.786871325584,1979174
2024-01-19,3096.698974609375,3131.6191378443286,3079.8257634135707,3108.387905038511,936201
2024-01-23,2987.9765625,3041.0905428694305,2955.5507488896355,3020.109120015201,2365225
2024-01-24,2933.93310546875,2988.2697771653607,2911.093281716874,2988.2697771653607,2665932
2024-01-25,2884.781005859375,2950.1219509428993,2878.0318170783207,2944.301963688527,2001961
2024-01-29,2911.04443359375,2923.173485895506,2875.8307786182095,2875.8307786182095,1862723
2024-01-30,2889.573974609375,2939.3620753035084,2886.5905477031474,2924.6897188544062,1273188
2024-01-31,2893.241943359375,2906.9848589486714,2883.6559564498393,2901.213827841927,1771244
2024-02-01,2865.36474609375,2907.9145821665375,2856.1699255886842,2896.32332440286,3006472
2024-02-02,2872.16259765625,2897.6436366056314,2860.180173777147,2885.563301498243,1881911
2024-02-05,2853.626708984375,2900.235799239899,2848.3934729802986,2885.563442751333,923435
2024-02-06,2866.9296875,2882.6291577187862,2839.2477920412903,2866.9786431197026,1471312
2024-02-07,2916.032958984375,2937.3568316418027,2871.918216819435,2892.410560414191,1134012
2024-02-08,2865.609130859375,2934.2267557857144,2856.023143533934,2934.2267557857144,1633654
2024-02-09,2887.17724609375,2894.3667961460246,2846.9751334401203,2866.0002408610517,1144765
2024-02-12,2889.280517578125,2900.186873825047,2856.267715135066,2887.1773365081303,614469
2024-02-13,2906.69189453125,2916.1310155447804,2881.3574809563274,2900.187006172004,717118
2024-02-14,2911.386962890625,2915.6909978085578,2871.9184635846573,2905.028941159779,750339
2024-02-15,2950.659912109375,2958.43621346237,2902.632301928919,2914.908221563188,1068730
2024-02-16,2942.19873046875,2968.70688416684,2934.471384678919,2968.70688416684,1179473
2024-02-19,2932.613037109375,2952.762931047103,2922.2444758309666,2942.1987861009297,560700
2024-02-20,2945.86669921875,2951.1978463958626,2907.180777425901,2932.612861719657,729371
2024-02-21,2936.232177734375,2960.637150841215,2918.331854145458,2946.2582885119823,927130
2024-02-22,2951.490966796875,2961.076953582356,2868.0543620534536,2917.8424600320245,2615821
2024-02-23,2920.728271484375,2939.362212808015,2901.409667922658,2933.4932699538226,1650523
2024-02-26,2805.794921875,2866.0005442086085,2785.5960715831766,2856.2189723853708,3524491
2024-02-27,2797.08935546875,2807.3110500322,2787.84581806559,2792.6386926278506,1296180
2024-02-28,2733.3134765625,2796.94240693498,2724.656690423565,2787.894453466512,2472196
2024-02-29,2760.261474609375,2776.0098997257605,2716.0977762732578,2724.1675724933907,2284424
2024-03-01,2769.896240234375,2783.7860226524867,2753.5610651789943,2771.0210253243686,978174
2024-03-04,2769.896240234375,2798.4583784760994,2766.2281512784716,2797.5291770355125,971299
2024-03-05,2758.794189453125,2772.928750595132,2743.730665635535,2772.0972215369366,736381
2024-03-06,2765.543701171875,2776.988091830309,2717.07596762298,2766.179407783163,1723066
2024-03-07,2807.848876953125,2830.786612907053,2763.2937738294486,2763.2937738294486,1564364
2024-03-11,2814.01123046875,2833.2808767678416,2790.7800003194693,2832.3027197089245,866546
2024-03-12,2813.326416015625,2836.5576468794693,2802.860182924859,2817.0924163314435,663186
2024-03-13,2797.67578125,2824.183932735442,2773.075227051685,2815.722969805682,955841
2024-03-14,2829.07470703125,2834.7480656410503,2778.944158587875,2797.5291424010284,1381741
2024-03-15,2804.914306640625,2833.6720284915555,2787.7476025894207,2831.764669998727,1356226
2024-03-18,2784.32421875,2803.3982824301775,2755.713123229734,2803.3982824301775,940424
2024-03-19,2753.610107421875,2777.9661233321626,2739.817996990629,2777.9661233321626,1199135
2024-03-20,2763.196044921875,2775.080797610985,2736.443590082372,2753.6102958724873,818910
2024-03-21,2759.52783203125,2783.248141920194,2744.7088473557455,2782.85697459982,1167680
2024-03-22,2779.433349609375,2792.7850982608375,2746.6650873493313,2759.527757459599,1652689
2024-03-26,2753.169677734375,2782.0253110497415,2748.6213429213744,2758.4029135367527,1372390
2024-03-27,2768.673828125,2780.7541645163255,2756.1533687753617,2756.3979080641907,1156231
2024-03-28,2784.568603515625,2805.3544409880787,2757.4247451692445,2773.1242137041318,1864623
2024-04-01,2808.2890625,2823.401542086254,2790.0465279236687,2798.4585357840074,558086
2024-04-02,2811.419189453125,2829.221601547265,2793.616777358985,2811.272561406043,562473
2024-04-03,2806.67529296875,2821.543233776419,2782.8570710205126,2782.8570710205126,816676
2024-04-04,2854.555908203125,2878.9608800481737,2788.9704269896733,2807.310872585835,1831347
2024-04-05,2820.467041015625,2863.7994482884924,2817.092446783659,2860.131359165076,1155672
2024-04-08,2828.83056640625,2845.41028285649,2811.0281534802125,2844.4810812964647,570695
2024-04-09,2794.741455078125,2852.746218710642,2782.856941868869,2829.808482540119,1017670
2024-04-10,2833.4765625,2835.775327194423,2795.572975101407,2820.320397345162,740495
2024-04-12,2792.1494140625,2829.808462036368,2782.856921705312,2826.873990765677,1766311
2024-04-15,2782.269775390625,2791.171099934064,2750.9200334588636,2768.379993252405,884519
2024-04-16,2768.1845703125,2779.384421254131,2758.402999392668,2765.885805623186,911249
2024-04-18,2746.371826171875,2796.746920201712,2738.9379749978443,2792.6387078676553,1732434
2024-04-19,2747.203125,2760.457201244808,2705.729121369217,2729.058263337025,1337807
2024-04-22,2779.77587890625,2784.422125179301,2752.5830634834483,2784.422125179301,676040
2024-04-23,2812.10400390625,2815.0874310908584,2781.8790423239943,2789.7042998270153,929062
2024-04-24,2805.110107421875,2820.1249148791007,2797.5293896701464,2819.978048024977,718441
2024-04-25,2798.94775390625,2807.2131341354066,2767.2555574885973,2802.420259581098,1594152
2024-04-26,2782.025634765625,2815.331934348078,2775.0808621053397,2807.3110932717395,625507
2024-04-29,2805.55029296875,2811.1746965874654,2776.9881519187666,2782.025565723674,566219
2024-04-30,2813.08203125,2848.3935996256605,2792.6386424901307,2792.6386424901307,1290649
2024-05-02,2910.40869140625,2922.7335670313487,2812.299720212527,2812.299720212527,2493406
2024-05-03,2865.755859375,2931.536926545567,2845.7036381557195,2917.8916823067084,1594445
2024-05-06,2868.10302734375,2894.366639006582,2847.61068541719,2885.5632257754028,768806
2024-05-07,2849.371826171875,2903.1215147124385,2840.568411672889,2882.629169834712,629534
2024-05-08,2781.194091796875,2841.546336272128,2759.381141006428,2836.655550839646,1652877
2024-05-09,2650.90380859375,2791.6115724435085,2644.741370738688,2766.22844196289,3547959
2024-05-10,2710.7177734375,2731.6015223527634,2611.7772815783496,2640.0459253072845,2478584
2024-05-13,2816.358642578125,2831.764615876937,2693.9423851903925,2710.7176828148404,2748823
2024-05-14,2803.544921875,2824.9177503779893,2779.922523052024,2816.114336335953,999330
2024-05-15,2752.240478515625,2811.4679364012663,2744.85534493346,2803.5447686732446,1230520
2024-05-16,2752.5830078125,2775.6186550514135,2725.683687828349,2759.4301074448294,1534319
2024-05-17,2748.523681640625,2776.205576761091,2725.243732505265,2753.1212112942494,1325150
2024-05-21,2789.50830078125,2804.327284447823,2739.8178752746026,2753.5120738657647,921822
2024-05-22,2822.717041015625,2831.7649947986606,2774.640711842981,2789.508653000551,933846
2024-05-23,2840.32373046875,2857.441480028183,2814.4515224676425,2821.9832845122146,1181894
2024-05-24,2811.95703125,2846.6326515492337,2804.376313972954,2846.6326515492337,755822
2024-05-27,2809.560546875,2834.9926302148147,2793.17641626185,2824.8196535941643,817091
2024-05-28,2847.61083984375,2857.1968269769022,2801.441873489164,2813.0331303952935,1084544
2024-05-29,2836.80224609375,2857.8815795687715,2818.168544200798,2832.7429896117637,1758297
2024-05-30,2820.71142578125,2847.268532864804,2812.2015072426466,2812.446046504146,1344426
2024-05-31,2818.266357421875,2842.52470271523,2793.225677448009,2820.7117503182235,2520363
2024-06-03,2803.83837890625,2885.563452587727,2797.578268972943,2885.563452587727,952701
2024-06-04,2795.230712890625,2833.7212926617103,2715.119737005779,2817.0926209408785,2683847
2024-06-05,2897.056640625,2961.1748829651074,2801.930867585148,2801.930867585148,2410576
2024-06-06,2841.350830078125,2897.056829911193,2819.2933394147162,2895.3450549631575,1689408
2024-06-07,2863.75048828125,2878.8142508763817,2825.7492283056527,2841.350786258419,1600180
2024-06-10,2873.385498046875,2887.4219094460077,2851.3280072106486,2864.0440497813993,876867
2024-06-11,2866.521484375,2884.200050873693,2859.1637536816243,2878.9161803046404,855430
2024-06-12,2869.830322265625,2881.879255163581,2830.177178247428,2872.9906625328504,1701770
2024-06-13,2873.97802734375,2892.7428323332797,2869.0399207675578,2892.7428323332797,726380
2024-06-14,2885.4345703125,2895.063878267109,2869.1388183893164,2873.978066452442,982815
2024-06-18,2882.372802734375,2891.7552052102965,2869.039915005434,2885.434525252859,741098
2024-06-19,2855.904541015625,2883.8542727733934,2846.9665197889826,2881.879030120809,1018294
2024-06-20,2879.41015625,2888.2987487405676,2836.843577986658,2849.2877039208543,1129752
2024-06-21,2855.065185546875,2891.7552210883578,2844.4482563710894,2888.792357132325,1722379
2024-06-24,2860.20068359375,2864.052310175292,2835.855674137223,2847.3121775424684,892125
2024-06-25,2823.066162109375,2859.1143409045812,2820.6465380577783,2840.398964794878,1217792
2024-06-26,2827.905517578125,2838.2755411246258,2808.8443784546707,2824.7943658430872,960622
2024-06-27,2845.18896484375,2867.0646805472766,2809.782644215295,2825.3376799433763,1628022
2024-06-28,2880.94091796875,2895.7058089825305,2826.7697902721397,2829.5351782861358,1206712
2024-07-01,2891.5576171875,2902.618927243877,2852.2502422185494,2853.5341980997528,1104110
2024-07-02,2889.385009765625,2899.6561749734506,2875.9532634614056,2891.5577284305323,1064295
2024-07-03,2889.335205078125,2912.4454443523664,2879.903374540695,2893.433736547185,925189
2024-07-04,2898.569580078125,2931.7043220383803,2886.8169833670927,2903.6065450219817,968666
2024-07-05,2899.55712890625,2910.420962646803,2877.039557320606,2900.7916554676763,817429
2024-07-08,2862.2744140625,2899.557116052303,2854.9166840127095,2899.557116052303,828260
2024-07-09,2869.039794921875,2877.138241127908,2854.2254758431045,2872.9408507222565,685431
2024-07-10,2959.357666015625,2977.184277920348,2858.5216803912463,2864.1510733299824,2299950
2024-07-11,2984.64111328125,2992.492654696111,2936.1982384196494,2961.876393212421,1968980
2024-07-12,2962.024169921875,3014.220049333641,2934.1238696618243,2987.554275633769,1879930
2024-07-15,2919.90234375,2961.876248573059,2896.248862079289,2961.876248573059,2425341
2024-07-16,2937.6298828125,2978.616163347726,2905.087811912441,2922.371183222476,2085611
2024-07-18,2895.26123046875,2921.2849066951944,2806.8196960449063,2839.4111984972224,5384611
2024-07-19,2909.581787109375,2943.111482113108,2881.13824536727,2888.7923104633696,2164746
2024-07-22,2897.977294921875,2936.5439557903474,2881.039444569403,2900.643824269007,1616347
2024-07-23,2861.237548828125,2910.8160861242673,2850.2748567777485,2897.9770101928357,1906312
2024-07-24,2876.743408203125,2890.767582621459,2850.4725848347434,2865.089428488163,1476148
2024-07-25,2865.484375,2872.6940587932722,2849.5343872763465,2856.2502604141687,1239922
2024-07-26,2913.630615234375,2927.753646756221,2864.7927946403242,2866.274226454816,1359780
2024-07-29,2918.124267578125,2928.3956725748944,2899.655799639263,2916.494789069987,854408
2024-07-30,2967.851318359375,2995.257808349979,2933.235144940341,2936.6918193535703,2144591
2024-07-31,3046.268310546875,3059.6506266826245,2967.8512798933584,2967.8512798933584,3549501
2024-08-01,3060.984130859375,3090.217576269626,3024.8865246129462,3049.774532809849,1675122
2024-08-02,3068.242919921875,3090.316351528131,3022.121055308025,3031.997267907071,1348780
2024-08-05,3055.107666015625,3106.0690220941988,3017.4794387497395,3031.9479945038343,2019141
2024-08-06,3063.354248046875,3096.192654993779,3047.8486424640614,3063.3048187601025,885743
2024-08-07,3063.057861328125,3079.8968517749267,3022.1704382425696,3063.3541959252457,1907105
2024-08-08,2968.197021484375,3051.4535470627166,2953.3827016703813,3041.873668473365,1280109
2024-08-09,3002.961181640625,3014.9606830308703,2929.284542091413,3001.3808912393138,1665414
2024-08-12,3015.4052734375,3045.8240573834432,2966.5180195981743,2982.6162948437086,1736881
2024-08-13,2986.12255859375,3021.9238322624224,2975.7031052057896,3017.0843430126656,502260
2024-08-14,2988.39404296875,2997.233205486288,2956.987637027592,2997.233205486288,454671
2024-08-16,3010.417724609375,3016.1954055762885,2965.826720021478,3016.1954055762885,514229
2024-08-19,3038.21923828125,3049.6263117122257,3000.73906082387,3016.145807341849,542858
2024-08-20,3064.786376953125,3067.8975287263365,3039.8983683598403,3057.675551800541,668282
2024-08-21,3112.537841796875,3131.352075093809,3045.8734064979935,3062.613538693796,1186536
2024-08-22,3147.154052734375,3159.0546962085327,3116.982174546277,3127.796579288546,1540888
2024-08-23,3115.599365234375,3159.005513256004,3109.772496147103,3150.5118738258857,779284
2024-08-26,3132.093017578125,3138.117363051259,3102.6124242774163,3115.945312301528,472874
2024-08-27,3127.006591796875,3163.992962203956,3111.0071745514506,3114.9576598524686,1003501
2024-08-28,3086.810302734375,3126.315153833199,3080.193288399017,3113.9204585772477,538366
2024-08-29,3077.280029296875,3105.032044104919,3054.416450748841,3086.8104787204284,849866
2024-08-30,3088.09423828125,3127.5496598326604,3072.1934393713022,3091.3040074118903,1567031
2024-09-02,3111.9453125,3144.586244956045,3100.7359553242773,3109.0318778648334,702358
2024-09-03,3115.797119140625,3135.253210304557,3108.5380062212,3125.7719494855296,577471
2024-09-04,3191.646240234375,3211.744429900857,3116.4389755695433,3116.4389755695433,2379110
2024-09-05,3198.164794921875,3216.6826949928345,3177.1778415081208,3199.8931322618314,1482119
2024-09-06,3233.17578125,3245.2247128105173,3185.4244363664393,3197.917749285465,2131256
2024-09-09,3240.138427734375,3272.976834416435,3217.670044215071,3233.175649672831,1272289
2024-09-10,3254.26171875,3269.02660944206,3230.4105189072975,3249.2741827989057,928920
2024-09-11,3325.765380859375,3341.0735113886444,3273.9646906146745,3273.9646906146745,2561892
2024-09-12,3341.36962890625,3350.9989361941643,3298.9513440001065,3328.2836472072895,1643536
2024-09-13,3316.481689453125,3327.987380924414,3279.791414208738,3314.0126362516917,1029400
2024-09-16,3294.50732421875,3352.8756009192325,3289.371741458824,3318.4077124957653,1019280
2024-09-17,3271.791748046875,3308.432352006389,3260.9279142210917,3294.5070369553314,586834
2024-09-18,3234.11376953125,3283.6925482511106,3211.299863752935,3271.7916641869333,410510
2024-09-19,3253.076416015625,3278.9026157738035,3234.459658632291,3253.2244627587074,963456
2024-09-20,3266.01416015625,3283.643296540617,3225.6205460477695,3263.100725589241,1504277
2024-09-23,3236.87939453125,3283.7419771817767,3232.682003989302,3275.8904360387696,522775
2024-09-24,3208.18896484375,3256.9281729075446,3200.979522180285,3236.8794121040514,1057933
2024-09-25,3204.584228515625,3211.744482974902,3167.0546189359675,3211.744482974902,740636
2024-09-26,3236.484375,3245.175490517643,3187.1527401177077,3209.769171060249,951080
2024-09-27,3269.767333984375,3296.6305860655552,3236.484543227397,3250.2123833328615,1315996
2024-09-30,3287.89013671875,3316.432295584759,3264.2364139016154,3269.7671895792855,1088162
2024-10-01,3236.78076171875,3287.7418760917067,3203.892924228257,3275.9398497887296,968660
2024-10-03,3110.315673828125,3185.9673174659683,3087.7978609380666,3152.7833878918823,1741363
2024-10-04,3034.466552734375,3117.673650234089,3016.7387979892915,3096.192886191136,1551818
2024-10-07,3024.34326171875,3060.1939623713424,3000.3934457022,3036.9354330264205,909812
2024-10-08,3049.82373046875,3060.6381345112404,3007.948446429079,3020.145664838778,817718
2024-10-09,3040.738037109375,3107.747999872523,3033.7258291987055,3057.231265144363,1225598
2024-10-10,3021.232421875,3056.687930175033,3005.331622462884,3051.799252953054,1161933
2024-10-11,2999.603271484375,3026.0715697305172,2988.5419614897337,3021.33093941325,976017
2024-10-14,3001.529052734375,3017.18294613635,2979.8508143238,2999.40576347499,716011
2024-10-15,3029.13330078125,3058.46560434547,3009.9238741398385,3036.935412385191,1242322
2024-10-16,3043.94775390625,3065.1321829066833,3028.1458128532854,3049.7746232221366,764001
2024-10-17,3018.022705078125,3046.8117700887815,2999.4059467616303,3044.737668870824,674481
2024-10-18,2955.11083984375,3031.00962969019,2943.704007250445,3019.1581746376382,899318
2024-10-21,3011.45458984375,3019.158083619366,2963.406913714072,2969.8264516740082,806970
2024-10-22,2969.629150390625,3020.096453266473,2958.1726470636954,3016.195397423429,541838
2024-10-23,2952.691162109375,2989.035671830963,2935.2597437350805,2962.8142797820224,624689
2024-10-24,2935.21044921875,2965.13542227802,2914.470402303005,2952.6912976811823,571259
2024-10-25,2921.383544921875,2978.221193892779,2915.457817650228,2938.6669161308446,1047769
2024-10-28,2964.69091796875,2984.2950549263987,2926.3711656042674,2950.9134087656257,504961
2024-10-29,2955.802490234375,2990.5172823185203,2904.6930882000343,2982.6163119557236,613459
2024-10-30,2959.555419921875,2968.7897759851944,2926.865297931258,2968.7897759851944,812725
2024-10-31,2899.310302734375,2959.407153832425,2882.866504934707,2957.135576673701,1031171
2024-11-01,2903.45849609375,2929.0377906189747,2893.730330106582,2921.3837257526516,112249
2024-11-04,2879.21240234375,2925.482315227811,2849.781239602585,2925.482315227811,1146008
2024-11-05,2851.55908203125,2882.6691535738464,2837.139714329192,2859.16371796241,935417
2024-11-06,2861.435302734375,2871.8547558989094,2824.59697922222,2854.7194295251143,1817087
2024-11-07,2807.6591796875,2868.990314918351,2790.0300438480103,2864.1016379324706,1112489
2024-11-08,2735.16796875,2811.7580546043882,2728.2051898326013,2807.6595223455683,2060410
2024-11-11,2511.619873046875,2566.5809030073137,2474.979025660925,2533.2981127773905,8854840
2024-11-12,2444.214599609375,2503.6199226278895,2439.424539996405,2503.6199226278895,3445898
2024-11-13,2439.91845703125,2467.078043175091,2420.758699980807,2439.424646374089,1803766
2024-11-14,2452.41162109375,2470.7814728705644,2435.6714890575636,2452.0660983258376,1206967
2024-11-18,2452.954833984375,2488.8055333431303,2440.2146163920293,2488.8055333431303,945471
2024-11-19,2457.15966796875,2476.4512951650154,2445.931096545383,2461.4137674004382,941508
2024-11-21,2402.202880859375,2439.599001298191,2399.0866381277056,2428.469217925434,1377572
2024-11-22,2445.782470703125,2467.3000541463966,2397.0587472741076,2404.033460558628,3805843
2024-11-25,2433.416015625,2481.150424327154,2423.869230497281,2478.231995832031,1857124
2024-11-26,2478.23193359375,2491.0930174806635,2431.338539726482,2433.6137690349015,1152258
2024-11-27,2465.271728515625,2490.746566790457,2453.498987245981,2490.5982662869988,864653
2024-11-28,2431.78369140625,2479.2212565278724,2427.0844492001415,2473.2853716359464,1506133
2024-11-29,2453.103515625,2464.876257650071,2428.8158044146467,2431.7837469283736,1030854
2024-12-02,2452.55908203125,2459.434766479135,2435.0482713807705,2453.103253073548,914624
2024-12-03,2443.01220703125,2467.3494311525187,2437.1753502984084,2467.3494311525187,1341985
2024-12-04,2433.16845703125,2452.6086235526477,2426.9852440534055,2452.4105675119513,1005012
2024-12-05,2425.99609375,2440.5389633492928,2397.998455189916,2438.6593630898437,3190834
2024-12-06,2403.736328125,2441.627105005792,2401.065228463962,2441.627105005792,1735948
2024-12-09,2366.291259765625,2412.9373275623257,2361.492989295314,2412.0963138817847,2301281
2024-12-10,2363.37255859375,2378.954256998665,2359.56384390273,2374.25501462258,1657888
2024-12-11,2391.468994140625,2402.0546065799094,2367.08225694307,2374.1064835832526,1337700
2024-12-12,2364.015869140625,2389.1938680147946,2355.260341583008,2387.2152395526705,1089028
2024-12-13,2381.922119140625,2386.2257323103627,2328.8455115499974,2364.015677925852,1150861
2024-12-16,2376.579833984375,2394.090645522552,2360.6517801119544,2394.090645522552,987775
2024-12-17,2330.82421875,2374.2550148381038,2325.382990735091,2362.4822726549237,1258218
2024-12-18,2320.38671875,2347.345528105256,2315.9843192900817,2331.6155304519593,855682
2024-12-19,2267.359619140625,2300.155284978255,2241.142795462378,2300.155284978255,2784409
2024-12-20,2257.961181640625,2293.2301334566187,2251.678940356887,2272.4545369067528,1719502
2024-12-23,2254.8447265625,2277.94530821083,2241.835342309323,2275.4225088620415,855647
2024-12-24,2259.593505859375,2270.4759614480145,2252.816607357376,2257.713905597683,601558
2024-12-26,2238.22412109375,2263.006487581479,2232.387264522019,2259.593402246085,1267334
2024-12-27,2247.128173828125,2266.3210141978234,2235.899602594382,2245.9905591125807,821790
2024-12-30,2263.798095703125,2274.2354082549373,2232.6842141024053,2255.883582531214,1076940
2024-12-31,2256.971923828125,2273.0975511842084,2248.711054095443,2255.6362531181744,685486
2025-01-01,2280.022705078125,2298.3745304314775,2255.636208472045,2255.636208472045,1067328
2025-01-02,2318.21044921875,2322.8601775522434,2269.486725918196,2289.2730094920253,1342922
2025-01-03,2310.98828125,2323.8493648708964,2297.3356980230024,2318.9523082600626,1355319
2025-01-06,2242.923583984375,2314.9952198121823,2232.5852989372975,2310.988449009996,1190987
2025-01-07,2268.1015625,2291.251415421347,2247.7215957846715,2247.7215957846715,740798
2025-01-08,2309.405517578125,2313.016417511147,2248.4141570305087,2262.6109112956046,1439632
2025-01-09,2325.086181640625,2336.166452360481,2296.495097908915,2316.874825484485,1362304
2025-01-10,2295.950927734375,2323.800025828424,2291.251685288296,2310.642340204832,1214334
2025-01-13,2228.578369140625,2277.3020898421773,2222.395155853626,2267.2606480767986,1181928
2025-01-14,2216.01416015625,2261.918481183113,2213.095731748854,2244.7537842369916,1316807
2025-01-15,2205.873779296875,2229.666833637163,2196.2774800552424,2224.967591281189,1308999
2025-01-16,2191.924560546875,2215.915429047689,2184.2078617536595,2215.074415394743,1936087
2025-01-17,2236.83935546875,2244.803382904484,2188.85761785697,2201.867002679204,878848
2025-01-20,2256.180419921875,2262.4624198186484,2226.94613865363,2247.969064218441,555716
2025-01-21,2236.1962890625,2290.2622096229647,2230.903361857359,2256.1803861705666,1410294
2025-01-22,2237.927490234375,2245.7429748999575,2220.911094732193,2245.7429748999575,835523
2025-01-23,2252.025390625,2277.203387756566,2222.1974237038376,2237.927663808089,1142465
2025-01-24,2238.22412109375,2272.0093424956026,2230.9528073847387,2258.604088147028,543202
2025-01-27,2227.44091796875,2253.4104156799112,2222.197504410234,2231.200360229485,1097939
2025-01-28,2217.844482421875,2242.8246644012743,2210.226811867185,2235.849951423444,897501
2025-01-29,2199.393798828125,2222.791224914541,2188.41255596887,2217.8446538432217,1281088
2025-01-30,2225.808349609375,2235.107805223786,2191.3306577716876,2199.3934708027055,1155718
2025-01-31,2276.214111328125,2280.3691825735295,2210.9688895300455,2230.903473623995,1292909
2025-02-01,2326.02587890625,2363.471516285561,2260.8796867188257,2287.294326350865,1318619
2025-02-03,2267.75537109375,2339.183804756189,2253.36080183662,2326.0258781924244,1070382
2025-02-04,2329.19189453125,2392.755329456502,2239.559934817717,2280.0227874414695,5373733
2025-02-05,2250.887451171875,2271.0200902487095,2213.343028396478,2244.7537518970203,3474642
2025-02-06,2239.213623046875,2274.3342765097696,2236.09737998612,2262.7593488861016,1285954
2025-02-07,2246.732421875,2251.9758351465407,2219.2294403550277,2241.7858511531263,1336756
2025-02-10,2245.8916015625,2253.657814877055,2229.9142733682534,2246.7821292881567,1181565
2025-02-11,2216.90478515625,2258.505253355397,2202.2133729155958,2254.6470246516815,1607942
2025-02-12,2204.439208984375,2223.9286490285167,2162.343844469209,2217.893977757831,1181706
2025-02-13,2212.501953125,2225.9072074651326,2196.277298523388,2204.4391398354683,921923
2025-02-14,2207.456787109375,2226.501085151753,2179.4591473952623,2212.5021445288053,1380052
2025-02-17,2226.7978515625,2235.8499794240065,2202.262812331492,2207.4567116199773,923900
2025-02-18,2213.689208984375,2227.8857206449343,2195.040542578948,2223.977978464214,735853
2025-02-19,2215.17333984375,2225.758952607725,2202.3122563003603,2213.6893686656667,645234
2025-02-20,2225.016845703125,2232.9808722309667,2207.2091925370582,2215.1732190649,637442
2025-02-21,2233.475830078125,2241.5881581955878,2213.0958609860572,2225.0171453786384,755585
2025-02-24,2222.197265625,2234.860534311693,2217.0528806518387,2221.9004230909836,765042
2025-02-25,2200.9765625,2232.980970517077,2194.001849729943,2222.197301817256,947702
2025-02-27,2189.9951171875,2204.587500537873,2174.5124477369304,2190.341473744115,1027196
2025-02-28,2156.45751953125,2187.719943299454,2152.5497769431686,2186.384272583582,1701193
2025-03-03,2143.25,2169.9122085982494,2106.2497487483624,2156.457440034872,959068
2025-03-04,2109.31689453125,2136.7703634784098,2102.045338575774,2131.032292833547,2180989
2025-03-05,2141.024169921875,2159.4750241590914,2102.045288135926,2109.2178158869488,1535212
2025-03-06,2243.467529296875,2250.6895705108004,2159.771701615838,2166.449571770101,1985096
2025-03-07,2245.7431640625,2253.608163401209,2223.9782523403082,2243.467693167006,921429
2025-03-10,2254.25146484375,2268.497492913965,2237.6804517577016,2245.743265989839,1072395
2025-03-11,2262.957275390625,2266.419875199146,2233.772505575945,2249.7005613078613,601228
2025-03-12,2227.242919921875,2271.415698633484,2222.988820912396,2262.95701462673,749216
2025-03-13,2207.456787109375,2233.07992786277,2198.7507739836456,2231.1508135102886,747470
2025-03-17,2195.832275390625,2215.3217158876582,2172.5833928079032,2181.4377061660316,838015
2025-03-18,2195.832275390625,2195.832275390625,2195.832275390625,2195.832275390625,0
2025-03-19,2256.32861328125,2263.5011404862794,2243.6160720507037,2249.700257136058,663292
2025-03-20,2262.75927734375,2282.3477458354287,2244.506479568326,2265.529405272272,1166849
2025-03-21,2275.818359375,2289.76778663866,2253.509516701234,2267.1618598575715,1624115
2025-03-24,2297.681884765625,2305.3490686652735,2277.4999747263473,2277.796575716417,1100353
2025-03-25,2305.843994140625,2319.447063933367,2283.337096847179,2300.155437681842,1828005
2025-03-26,2298.324951171875,2315.9347904304113,2279.379682799506,2314.9949903432484,1934287
2025-03-27,2313.115478515625,2324.9872481503007,2266.024029018703,2290.262225356166,1497861
2025-03-28,2315.63818359375,2338.738766756278,2300.1555129899943,2318.9029687572543,1281871
2025-04-01,2291.25146484375,2336.4630710897977,2281.1109952778397,2316.973631547523,970583
2025-04-02,2282.00146484375,2303.519048335688,2267.656409182458,2303.123419274986,792693
2025-04-03,2324.294677734375,2329.7359058176767,2265.331696514396,2270.4760820322513,608846
2025-04-04,2330.87353515625,2338.689019938725,2278.192559296333,2324.2944514678315,1163188
2025-04-07,2316.330810546875,2328.8455380874375,2166.598015467922,2166.598015467922,1745817
2025-04-08,2368.615966796875,2394.140321004854,2330.8242133419153,2330.8242133419153,1876867
2025-04-09,2385.384765625,2403.489263251784,2365.351153672067,2374.3540092364674,1186937
2025-04-11,2368.0224609375,2421.84105442308,2354.8150203392715,2413.431884095222,968152
2025-04-15,2389.88623046875,2399.086900703578,2359.5143332692924,2389.0947308137074,1141122
2025-04-16,2433.61376953125,2442.1219677939607,2378.014362868992,2379.399547591545,1166695
2025-04-17,2441.528076171875,2449.9372456960327,2405.022483909115,2433.6135636785502,885840
2025-04-21,2418.873046875,2444.496186218964,2414.915790356595,2439.5496155709575,541913
2025-04-22,2406.011962890625,2423.81961722123,2387.709651495281,2418.87304657384,543647
2025-04-23,2426.88671875,2430.3493183902433,2399.680578719518,2410.9586637921684,744684
2025-04-24,2438.065673828125,2464.3815266061183,2409.8702207938923,2423.819646802485,1203452
2025-04-25,2405.6162109375,2442.319618346727,2387.9073440056086,2437.9667330121406,702217
2025-04-28,2425.99609375,2433.5149778513432,2379.3005144953645,2394.041198616951,554920
2025-04-29,2424.907958984375,2445.584527674416,2415.509474755853,2433.7127581225986,1235066
2025-04-30,2399.779296875,2435.8892635234392,2375.8379426363626,2423.819679141823,1479669
2025-05-02,2384.2470703125,2418.774037083155,2372.3753006677903,2399.086782368387,744673
2025-05-05,2410.859375,2448.5523379053056,2397.207033977691,2397.207033977691,1229588
2025-05-06,2392.16162109375,2423.7206459503905,2365.5491670003303,2415.9051607572114,702802
2025-05-07,2309.158203125,2379.992949781398,2293.72480611317,2362.4821380195167,1711738
2025-05-08,2277.99462890625,2323.99773224667,2268.991774435532,2297.187224869983,2292261
2025-05-09,2275.02685546875,2306.8827219454733,2221.010207702129,2222.593206912753,1503010
2025-05-12,2331.2197265625,2353.08366551614,2296.198102864394,2305.1019300620587,940135
2025-05-13,2299.759765625,2332.8027615637016,2290.3612812166643,2328.845504970718,1220489
2025-05-14,2257.91162109375,2294.219400295305,2252.7672360747315,2294.219400295305,1549845
2025-05-15,2305.0029296875,2310.5431855118845,2243.764480728304,2260.5828211923167,1675015
2025-05-16,2328.449951171875,2329.8348944114664,2290.262327202779,2308.960268596171,785113
2025-05-19,2306.487060546875,2353.4794856841663,2301.7385455479075,2328.450029310157,552961
2025-05-20,2271.069580078125,2322.6127005748817,2266.9142675677517,2322.4148860581417,1095824
2025-05-21,2287.68994140625,2291.4493834785935,2265.529401082606,2271.4652859762723,469330
2025-05-22,2274.630859375,2285.315499627662,2258.703047781497,2284.5240000660287,916504
2025-05-23,2290.7568359375,2304.1125765054794,2270.4758965564943,2277.2032808526446,458035
2025-05-26,2302.331787109375,2313.0164279829723,2278.192619033124,2291.251517197846,1258062
2025-05-27,2302.727783203125,2326.4713235357294,2276.5109574192074,2288.3827275855097,2485428
2025-05-28,2278.58837890625,2308.069989878001,2275.7194643870957,2302.72778990034,774808
2025-05-29,2269.783447265625,2284.326316609405,2262.0667487775677,2278.5882463730663,1414643
2025-05-30,2234.959716796875,2279.3798259945615,2230.9034321257536,2271.959969790152,3610431
2025-06-02,2242.478515625,2248.0187719227292,2233.772502099337,2234.9598724001326,702789
2025-06-03,2231.595947265625,2262.858371962779,2222.6921196466383,2248.315501824791,792587
2025-06-04,2224.967529296875,2236.8392991286055,2216.9539880477464,2225.462186373197,768079
2025-06-05,2219.5263671875,2236.8393653714897,2209.138568277106,2227.0452515829743,996614
2025-06-06,2221.2080078125,2228.5290771994382,2215.0743085917125,2225.066477788955,822087
2025-06-09,2223.879150390625,2231.6948769865094,2212.1064087812865,2216.0636653265124,1041851
2025-06-10,2215.4423828125,2236.5096020141245,2211.7481969540704,2236.5096020141245,1809051
2025-06-11,2205.358154296875,2222.4313617191465,2203.7605500158743,2205.5577938919528,1430888
2025-06-12,2215.941650390625,2259.4738107081753,2204.6594529723643,2220.53458020989,3417373
2025-06-13,2210.749755859375,2213.6453832975812,2171.411246958574,2171.6108865639185,1786807
2025-06-16,2241.302001953125,2246.493850099095,2205.857321207117,2210.749588087704,1301826
2025-06-17,2261.27099609375,2277.4457042063054,2223.529847990987,2227.523615118048,1540986
2025-06-18,2277.844970703125,2280.441016825307,2251.4862053157035,2253.4830888680904,1131156
2025-06-19,2264.4658203125,2281.4393295476466,2260.472053433642,2266.462703751929,524926
2025-06-20,2282.13818359375,2286.331590052743,2259.4736053718843,2263.4673722395323,1945026
2025-06-23,2260.572021484375,2269.2584157952006,2250.387720816316,2257.6763942073076,596186
2025-06-24,2271.754638671875,2306.1009385190196,2265.364465001573,2301.4083108887703,1044179
2025-06-25,2276.34716796875,2290.724874917351,2271.854180252347,2272.5532844608238,807368
2025-06-26,2286.23193359375,2289.027619203835,2276.646795433512,2283.436247983665,921519
2025-06-27,2355.0244140625,2360.8154247360717,2273.551716732878,2279.4424253214006,1555059
2025-06-30,2337.4521484375,2366.207076690577,2322.475521738939,2358.319484133415,785414
2025-07-01,2365.807861328125,2396.260336437012,2346.5378857039027,2376.7907212034615,1232160
2025-07-02,2415.6298828125,2426.2134629119964,2323.373962220665,2336.3537050263667,1936030
2025-07-03,2427.112060546875,2460.5598606598815,2421.2213514638897,2425.115176958039,1547480
2025-07-04,2420.42236328125,2439.19311632593,2408.241423077423,2427.1118740377615,602309
2025-07-07,2438.99365234375,2461.2589530034766,2417.2275725788145,2419.5240374468945,869054
2025-07-08,2480.728515625,2484.123120133966,2433.502171220896,2436.697136128193,1136367
2025-07-09,2495.006103515625,2531.0499498118998,2489.0154527468394,2516.5725437873343,2328636
2025-07-10,2447.38037109375,2508.0856783014938,2441.2900226692773,2503.393050824226,932859
2025-07-11,2435.399169921875,2480.928213134193,2431.704984044081,2443.686285546248,1050411
2025-07-14,2397.85791015625,2444.784674477807,2387.2743296349663,2427.3119430814827,891618
2025-07-15,2389.770263671875,2411.236760713423,2382.581532019301,2406.144610422749,610228
2025-07-16,2406.743896484375,2418.625256092166,2367.3054464071574,2377.289864148225,1200909
2025-07-17,2395.161865234375,2410.238433469769,2390.269598064054,2400.353957448019,526163
2025-07-18,2378.6875,2401.252380791346,2368.6033846985288,2396.8593346465727,599552
2025-07-21,2371.698486328125,2404.247785580512,2357.1213827215047,2378.6875787280683,390931
2025-07-22,2361.514404296875,2377.0901932721026,2357.6205789331657,2371.6984615067413,411317
2025-07-23,2371.698486328125,2380.984043554375,2348.9342089478964,2359.31790586659,368999
2025-07-24,2348.43505859375,2376.2914873489262,2337.352257094049,2371.6985575583717,506960
2025-07-25,2332.5595703125,2346.8373361061545,2322.175873604493,2336.3536977189538,383636
2025-07-28,2355.92333984375,2362.712548992187,2316.3849475453603,2332.5596557546282,650364
2025-07-29,2397.7578125,2414.531682301382,2321.3770202217365,2355.324039012076,1742815
2025-07-30,2412.03564453125,2439.9920137181934,2362.8124171750574,2405.2461918338104,1685818
2025-07-31,2392.366455078125,2413.4334304549966,2369.8015732657213,2397.658001522801,1274735
2025-08-01,2427.2119140625,2468.1480261466477,2374.294500880553,2374.294500880553,2225293
2025-08-04,2445.982666015625,2463.155815490761,2435.7986088422463,2439.3928529127475,1165898
2025-08-05,2433.0029296875,2459.8609155292706,2405.3461416856353,2458.0636716091076,659094
2025-08-06,2487.318115234375,2501.695823132035,2436.1979448164952,2436.1979448164952,2019109
2025-08-07,2502.59423828125,2506.088784394948,2463.055847605046,2480.229240657659,1502806
2025-08-08,2471.742431640625,2507.7860316530255,2464.6533978898347,2502.594183435637,1178226
2025-08-11,2485.221435546875,2500.2977595830134,2448.1791494439526,2460.060508660261,721135
2025-08-12,2474.438232421875,2498.900055243935,2470.1448841541282,2485.2214520505768,608984
2025-08-13,2496.303955078125,2500.4973615761023,2457.36472775656,2475.935841367843,350844
2025-08-14,2524.759521484375,2530.9498113788623,2493.807828251754,2501.096501539215,1088550
2025-08-18,2583.3681640625,2590.9564190945644,2532.6475166467667,2546.0265389946585,1755615
2025-08-19,2575.380615234375,2590.956404418194,2557.2090236933855,2583.368149429113,698587
2025-08-20,2566.09521484375,2575.2808301046007,2559.405460174037,2573.9828070898716,308028
2025-08-21,2562.6005859375,2571.9858404911197,2555.3119127151276,2570.887457107955,781082
2025-08-22,2500.597412109375,2565.296487535277,2497.2028075966155,2558.8066160324975,523774
2025-08-25,2489.015380859375,2518.5693546358907,2472.141812518718,2512.079483157146,766497
2025-08-26,2477.533203125,2519.3680577297696,2464.154181491318,2477.23386561514,7106393
2025-08-28,2485.12158203125,2524.0608113198073,2461.158979392138,2461.158979392138,1485769
2025-08-29,2514.675537109375,2527.655280107417,2486.1200050096036,2487.1184467786834,1798653
2025-09-01,2566.195068359375,2573.783323551593,2511.1810713765135,2514.0764550955355,1314833
2025-09-02,2536.0419921875,2567.89218584515,2527.056016624631,2564.9968023345227,1024054
2025-09-03,2549.92041015625,2561.103153300909,2523.362004588196,2526.057748690489,925847
2025-09-04,2564.59765625,2578.9751203927085,2549.021866961899,2549.920367060743,933071
2025-09-05,2575.8798828125,2597.9455439295107,2561.0031976092214,2561.0031976092214,1153436
2025-09-08,2526.8564453125,2585.56486932839,2522.4631553291565,2575.8797892852117,742880
2025-09-09,2533.346435546875,2547.624202082058,2520.8659130091637,2536.0421796629794,702450
2025-09-10,2539.3369140625,2551.0186336131133,2521.165323232636,2533.346263650884,520584
2025-09-11,2551.917236328125,2555.511724223768,2531.7487612163945,2537.0405513782357,423961
2025-09-12,2542.332275390625,2564.297993878646,2533.2463579665027,2556.010878606127,547539
2025-09-15,2498.700439453125,2539.5366098247428,2494.107509865228,2531.149796567064,583051
2025-09-16,2477.033935546875,2505.988745075061,2470.6440061205894,2491.112061131894,760790
2025-09-17,2489.71435546875,2493.0090181167157,2476.934252777851,2478.132334082582,359627
2025-09-18,2474.837646484375,2502.294796046243,2465.45239104731,2494.0076803355287,400796
2025-09-19,2477.832763671875,2505.589492193983,2464.6533817417203,2471.143252910981,3731525
2025-09-22,2478.831298828125,2499.099715226628,2470.2448459827838,2490.2136811024534,872806
2025-09-23,2443.0869140625,2479.9295592874296,2424.21646331425,2468.2478400737427,1332111
2025-09-24,2453.37109375,2471.1434061910095,2439.392908826091,2442.188594562913,637749
2025-09-25,2400.25390625,2458.8623867395913,2384.278838654326,2454.668980247764,1518215
2025-09-26,2339.1494140625,2396.260234226185,2335.355286606269,2393.7641298155327,1089446
2025-09-29,2338.94970703125,2360.01668139369,2325.570441519752,2339.2490445437415,950369
2025-09-30,2346.338134765625,2385.0777237852835,2336.3537171708776,2348.3350182845743,778874
2025-10-01,2332.160400390625,2353.327317755006,2317.5830526365544,2349.7328297783242,648279
2025-10-03,2354.1259765625,2359.0182435703723,2332.4598396187675,2338.5501879591607,659872
2025-10-06,2351.130615234375,2355.5236613061975,2330.46292034526,2351.3302548266965,362107
2025-10-07,2349.1337890625,2367.7046592845277,2342.344336436732,2351.3303121519625,498524
2025-10-08,2324.87158203125,2365.707751525275,2316.3848272761434,2356.322496711939,701799
2025-10-09,2332.75927734375,2337.35220703594,2320.1790571715687,2324.8716847856413,587567
2025-10-10,2336.553466796875,2354.1261400951894,2332.9592225496335,2335.255443696396,1117236
2025-10-13,2338.849853515625,2362.9123977517115,2333.3584237635073,2336.553388685427,667732
2025-10-14,2314.488037109375,2351.33044207345,2304.4036774121114,2338.749977872924,353345
2025-10-15,2371.399169921875,2380.285204262567,2321.3771392241897,2326.369348125747,753640
2025-10-16,2405.945068359375,2417.027869436486,2363.2117121365436,2373.2960714503183,715890
2025-10-17,2503.892333984375,2540.0358775145787,2417.227539097011,2417.227539097011,3719960
2025-10-20,2512.079345703125,2533.1465633162347,2496.8031387677584,2503.892172422266,714986
2025-10-21,2500.697265625,2515.2743686919584,2480.129268391111,2509.0840786903627,107942
2025-10-23,2498.50048828125,2542.03264522436,2492.9093608479457,2514.974776830426,811738
2025-10-24,2497.701904296875,2502.793810812847,2482.4256972285884,2491.112091440693,327596
2025-10-27,2514.875244140625,2526.0577435021114,2495.7052104123336,2497.7020940040347,550089
2025-10-28,2505.389892578125,2524.659866801746,2488.116801823062,2511.0809617114774,1103957
2025-10-29,2534.744140625,2546.8253838696032,2508.585014302523,2516.0733277780528,615292
2025-10-30,2519.56787109375,2534.7441376342094,2509.383813531086,2531.5491726404607,736486
2025-10-31,2506.8876953125,2526.0577289302064,2501.3962654669995,2519.467915611525,609128
2025-11-03,2508.285400390625,2511.380667424338,2491.112250462125,2492.3103318505873,425210
2025-11-04,2482.824951171875,2517.0715505723174,2475.8358592028126,2506.088691763791,527087
2025-11-06,2598.843994140625,2626.900305473594,2556.110881252824,2556.110881252824,4448622
2025-11-07,2609.72705078125,2614.8189573640493,2580.9718801153545,2598.843889634128,791663
2025-11-10,2646.27001953125,2662.64461112369,2607.0314522395747,2609.727196317294,1706880
2025-11-11,2653.059326171875,2660.747278769722,2629.2963641565566,2646.269873630328,776404
2025-11-12,2765.484130859375,2834.2766729889117,2637.9831624675403,2655.8551730830777,2859196
2025-11-13,2874.9130859375,2892.5856999728535,2835.5745783753837,2854.445030002044,5933630
2025-11-14,2901.87109375,2905.3656399822426,2857.5403761936336,2860.6356432177,2494076
2025-11-17,2883.39990234375,2922.339131539382,2875.5123098312783,2901.871075167319,1230683
2025-11-18,2906.0,2916.0,2862.10009765625,2886.0,1819066
2025-11-19,2893.699951171875,2916.0,2887.199951171875,2914.0,1387906
2025-11-20,2859.800048828125,2906.10009765625,2852.5,2897.39990234375,1062883
2025-11-21,2876.60009765625,2895.60009765625,2854.10009765625,2869.0,857340
2025-11-24,2879.199951171875,2896.5,2864.5,2876.0,5404326
2025-11-25,2875.800048828125,2908.5,2869.0,2899.89990234375,972417
2025-11-26,2874.0,2896.199951171875,2857.60009765625,2880.0,570376
2025-11-27,2879.10009765625,2914.5,2871.39990234375,2880.0,1158685
2025-11-28,2874.39990234375,2889.89990234375,2855.800048828125,2880.0,748446
2025-12-01,2867.60009765625,2887.5,2848.0,2877.699951171875,499153
2025-12-02,2954.39990234375,2962.0,2861.199951171875,2867.0,2102147
2025-12-03,2953.5,2969.199951171875,2932.60009765625,2969.0,1252456
2025-12-04,2957.199951171875,2985.699951171875,2934.0,2950.0,1466098
2025-12-05,2968.5,2973.5,2941.0,2955.0,944978
2025-12-08,2928.300048828125,2974.5,2914.800048828125,2970.0,983544
2025-12-09,2796.0,2913.5,2788.5,2910.0,1839391
2025-12-10,2804.5,2824.0,2796.699951171875,2810.0,845073
2025-12-11,2779.39990234375,2811.60009765625,2763.199951171875,2800.0,777422
2025-12-12,2764.800048828125,2797.0,2746.0,2795.0,977696
2025-12-15,2780.199951171875,2802.0,2758.699951171875,2773.10009765625,1029674
2025-12-16,2790.89990234375,2808.0,2776.10009765625,2793.0,916244
2025-12-17,2785.699951171875,2806.5,2772.0,2800.0,636499
2025-12-18,2759.699951171875,2793.800048828125,2755.300048828125,2780.0,417994
2025-12-19,2799.89990234375,2812.39990234375,2759.699951171875,2766.39990234375,3895542
2025-12-22,2807.60009765625,2823.10009765625,2780.300048828125,2785.800048828125,463953
2025-12-23,2807.800048828125,2819.0,2783.10009765625,2798.0,431068
2025-12-24,2785.5,2824.699951171875,2782.0,2807.800048828125,512144
2025-12-26,2746.5,2794.39990234375,2743.0,2785.0,532078
2025-12-29,2775.39990234375,2793.800048828125,2735.0,2746.5,815529
2025-12-30,2758.300048828125,2792.39990234375,2741.0,2770.300048828125,4833527
2025-12-31,2769.5,2796.800048828125,2754.89990234375,2755.0,1274705
2026-01-01,2752.0,2782.699951171875,2746.10009765625,2775.89990234375,327945
2026-01-02,2772.60009765625,2799.0,2755.800048828125,2755.800048828125,508884
2026-01-05,2815.60009765625,2828.0,2769.0,2770.0,866733
2026-01-06,2845.800048828125,2848.39990234375,2811.60009765625,2820.0,875891
2026-01-07,2809.39990234375,2854.699951171875,2801.10009765625,2845.800048828125,636748
2026-01-08,2786.5,2804.699951171875,2770.10009765625,2795.0,620031
2026-01-09,2825.5,2856.699951171875,2786.199951171875,2789.89990234375,1657381
2026-01-12,2896.39990234375,2900.0,2808.0,2826.0,1743901
2026-01-13,2886.300048828125,2914.5,2870.800048828125,2900.0,1051986
2026-01-14,2813.89990234375,2884.0,2807.300048828125,2884.0,958254
2026-01-15,2813.89990234375,2813.89990234375,2813.89990234375,2813.89990234375,0
2026-01-16,2756.89990234375,2826.5,2750.5,2787.89990234375,1143463
2026-01-19,2754.0,2786.300048828125,2724.699951171875,2756.89990234375,1342048
2026-01-20,2675.60009765625,2740.10009765625,2669.300048828125,2740.0,911151
2026-01-21,2661.10009765625,2688.0,2648.0,2670.0,914318
2026-01-22,2703.800048828125,2729.89990234375,2665.300048828125,2665.300048828125,1290346
2026-01-23,2703.699951171875,2782.89990234375,2690.800048828125,2703.800048828125,1786635
2026-01-27,2622.800048828125,2734.699951171875,2546.0,2719.89990234375,3818761
2026-01-28,2511.800048828125,2548.5,2451.0,2535.0,3430002
2026-01-29,2416.0,2514.89990234375,2410.0,2511.800048828125,3488159
2026-01-30,2428.300048828125,2445.0,2400.5,2417.0,2048843
2026-02-02,2402.0,2429.5,2372.0,2374.89990234375,1183482
2026-02-03,2426.0,2525.0,2391.0,2525.0,2233860
2026-02-04,2452.699951171875,2463.800048828125,2417.10009765625,2430.0,970973
2026-02-05,2432.10009765625,2455.800048828125,2402.60009765625,2445.0,1047405
2026-02-06,2401.10009765625,2444.0,2386.10009765625,2432.0,1043982
2026-02-09,2417.39990234375,2426.199951171875,2396.800048828125,2404.0,669839
2026-02-10,2393.60009765625,2420.0,2386.89990234375,2419.0,1513620
2026-02-11,2392.5,2405.699951171875,2376.300048828125,2399.0,3177710
2026-02-12,2410.5,2413.89990234375,2377.0,2398.0,607767
2026-02-13,2366.39990234375,2411.800048828125,2360.10009765625,2408.89990234375,675635
2026-02-16,2397.199951171875,2405.10009765625,2356.800048828125,2360.0,683108
2026-02-17,2437.39990234375,2452.39990234375,2399.5,2399.5,1004356
2026-02-18,2432.10009765625,2448.199951171875,2416.5,2440.0,551809
2026-02-19,2400.800048828125,2428.0,2391.10009765625,2420.0,971600
2026-02-20,2428.10009765625,2435.699951171875,2376.10009765625,2378.199951171875,790329
2026-02-23,2429.699951171875,2446.60009765625,2411.5,2424.699951171875,634365
2026-02-24,2413.10009765625,2441.5,2403.699951171875,2413.0,499660
2026-02-25,2416.39990234375,2427.89990234375,2400.0,2416.0,526764
2026-02-26,2394.89990234375,2422.199951171875,2382.0,2416.10009765625,588742
2026-02-27,2376.199951171875,2397.60009765625,2359.0,2385.0,2531619
2026-03-02,2307.10009765625,2337.89990234375,2283.5,2300.0,2528308
2026-03-04,2285.199951171875,2290.89990234375,2216.300048828125,2260.699951171875,1610358
2026-03-05,2287.800048828125,2313.0,2253.699951171875,2285.199951171875,925040
2026-03-06,2279.5,2307.89990234375,2253.699951171875,2261.699951171875,979742
2026-03-09,2220.800048828125,2230.0,2162.60009765625,2200.0,2198153
2026-03-10,2280.39990234375,2305.10009765625,2251.60009765625,2251.60009765625,1192174
2026-03-11,2232.0,2302.0,2226.0,2290.0,687786
2026-03-12,2221.199951171875,2249.89990234375,2201.0,2208.0,1384055
2026-03-13,2196.800048828125,2219.699951171875,2190.0,2204.699951171875,949233
2026-03-16,2217.699951171875,2227.800048828125,2175.10009765625,2185.39990234375,1111587
2026-03-17,2238.199951171875,2261.5,2217.199951171875,2217.699951171875,875461
2026-03-18,2262.10009765625,2270.39990234375,2228.60009765625,2235.10009765625,844912
2026-03-19,2186.0,2239.0,2180.60009765625,2220.0,889334
2026-03-20,2195.39990234375,2224.5,2185.0,2210.89990234375,875920
2026-03-23,2121.300048828125,2180.0,2115.0,2180.0,978398
2026-03-24,2217.300048828125,2224.5,2153.300048828125,2184.0,1561016
2026-03-25,2270.199951171875,2289.699951171875,2222.0,2225.10009765625,1270855
2026-03-27,2207.39990234375,2269.0,2201.10009765625,2246.300048828125,1089010
