Date,Close,High,Low,Open,Volume
,BAJFINANCE.NS,BAJFINANCE.NS,BAJFINANCE.NS,BAJFINANCE.NS,BAJFINANCE.NS
2020-01-01,413.53216552734375,415.55521896615323,412.52553016521404,414.1674156407626,4070420
2020-01-02,414.97369384765625,419.83096051107054,413.89374782988875,414.38240632791695,8638440
2020-01-03,409.8330078125,413.8742232428665,407.8343813792157,412.427783313079,11768500
2020-01-06,390.60430908203125,410.8640719519924,389.3435617668208,406.9548038462164,28667350
2020-01-07,391.6744689941406,399.9181356540841,390.5554219204242,396.30205075772136,21490420
2020-01-08,395.8085021972656,396.82492025033014,386.0402233432066,386.0402233432066,16305760
2020-01-09,403.06512451171875,405.39111411606655,398.7453698815148,401.27661754755394,14193880
2020-01-10,405.0832214355469,409.09511844783475,402.4591276830091,403.6417027243599,11066240
2020-01-13,407.00372314453125,408.7384550529285,405.1956805226075,407.34576027338466,6451520
2020-01-14,409.7890625,410.70774299231084,405.630603146665,407.54124502115127,7034340
2020-01-15,411.18170166015625,412.42777487272343,407.54608121944915,409.4909325094532,6169760
2020-01-16,412.45220947265625,413.4002081752362,409.3003561175346,409.4958314517082,5787280
2020-01-17,413.57611083984375,414.5778846282588,410.66861661601814,412.1345921206084,6711290
2020-01-20,405.8406677246094,415.64804741702903,403.1579373266379,413.3073541094202,8486390
2020-01-21,404.4724426269531,409.11469887418605,402.36632545938045,405.58170708487796,8979220
2020-01-22,404.8243103027344,409.15381811098666,402.9820579343451,409.1049641837198,7979010
2020-01-23,403.221435546875,406.9401494066099,399.2339953020177,402.9477879793392,11545220
2020-01-24,409.9356689453125,411.0253679661589,401.775065206785,402.65464463047067,8648920
2020-01-27,406.9889831542969,411.25496211231365,405.9774565283591,407.9320904354049,7821550
2020-01-28,411.7436218261719,415.2619688344947,405.60121100113,405.60121100113,10527640
2020-01-29,431.87640380859375,434.31969646402297,411.9489244200952,414.8613101771429,45814130
2020-01-30,426.53045654296875,438.32668004014846,424.6295677958594,436.27430834913827,35777740
2020-01-31,426.68682861328125,431.98389991569275,423.54964937112794,427.0875321652927,17369270
2020-02-03,426.04669189453125,427.7618880333329,415.379268290994,415.379268290994,10941810
2020-02-04,441.67401123046875,444.6792731937314,427.78634381874724,428.8418629716012,19583230
2020-02-05,442.5487060546875,443.6970416383581,437.608375610805,441.2586404130043,12856310
2020-02-06,456.05035400390625,457.17426265331824,442.23596787222766,442.54871648825434,18464770
2020-02-07,454.8726501464844,458.05871315258344,452.11660901208023,455.8157574848714,9503260
2020-02-10,461.4646911621094,462.66191057831105,453.47513577551524,455.42976998144417,11608790
2020-02-11,464.1620788574219,467.6462165875136,462.8573689239967,462.9551065957726,11674290
2020-02-12,466.0531311035156,467.37251495654607,461.4890776303182,466.180187079597,8829640
2020-02-13,468.6576843261719,469.1707697567093,462.7595729900137,465.7892614815223,6810390
2020-02-14,467.3285827636719,470.57817398456734,465.98477177877305,469.11219836467774,7311180
2020-02-17,466.8302001953125,468.9167520087155,464.23053302294517,467.3286116556504,7164840
2020-02-18,465.0074768066406,466.37085328618105,459.49542372297896,466.1216326468951,7286110
2020-02-19,476.74017333984375,477.6148912555627,467.16736879589274,467.646244643369,11720490
2020-02-20,476.9747009277344,481.17226085089266,474.36525134597935,475.74816328843326,16346430
2020-02-24,469.49822998046875,476.539816275126,464.3428883257982,473.0214688065362,12633890
2020-02-25,471.6483154296875,473.9889789900511,467.5484633121184,473.9889789900511,9593090
2020-02-26,470.0894470214844,472.8014955584622,465.91142307799464,470.57810549032166,8513460
2020-02-27,465.183349609375,470.5781286335315,460.5215284991756,470.5781286335315,11748700
2020-02-28,436.4551086425781,453.4750927260555,421.39464993657833,453.4750927260555,49414100
2020-03-02,426.1835632324219,451.3201600557625,420.7985365062296,449.56586275078723,22382160
2020-03-03,436.30731201171875,438.3496932107334,423.1762666000125,431.0078707410213,20235030
2020-03-04,419.8800964355469,440.4900901393978,413.86556243359166,437.47304783166146,24729910
2020-03-05,424.21954345703125,427.8292323191292,418.58215111239826,422.1918399744962,18332950
2020-03-06,413.94873046875,415.13889623839134,395.40070259435737,404.06984339506755,33122380
2020-03-09,394.4505615234375,404.31477160546507,386.4524483161955,398.6822823583871,35456270
2020-03-11,394.8277282714844,403.4723873229156,390.3560189130014,393.1967468234246,27936830
2020-03-12,365.8032531738281,379.0861303877788,355.39539212603734,378.11146959503355,52726190
2020-03-13,387.1773681640625,396.08649921257336,321.39968644493536,336.9698372014952,48499170
2020-03-16,359.7201843261719,375.51074193666614,352.6428326096013,375.51074193666614,31404670
2020-03-17,337.44488525390625,365.83754609531564,333.2474823697232,362.6441598286682,25585480
2020-03-18,299.8786315917969,345.7858577917888,295.7203900112908,341.86760444570626,54435800
2020-03-19,268.9978942871094,299.0656004004598,243.39212223589428,274.27775542817517,83247130
2020-03-20,289.1572570800781,298.1790255846194,256.80718908585715,274.26298220900543,61101890
2020-03-23,221.98374938964844,264.48209907711987,217.95284090614507,260.2454757176762,48442350
2020-03-24,242.3635711669922,251.61553957521426,206.16380444424988,242.1480660263192,62572210
2020-03-25,253.27590942382812,264.48211707202154,235.09521517513025,239.99303215794546,62263550
2020-03-26,273.6606140136719,287.6487777476392,251.2629071148657,258.34025844499416,50961240
2020-03-27,249.03439331054688,297.78726680049846,244.89084440830464,289.4609780906161,71706090
2020-03-30,219.62791442871094,236.5057874671089,218.05081677163926,234.12055300201456,76983550
2020-03-31,217.05166625976562,229.21784224693,205.7083199651936,225.79916050089156,110431110
2020-04-01,217.39939880371094,224.0163542933554,208.9065859968423,213.54481925139632,64083010
2020-04-03,216.23861694335938,229.5802654458098,213.8435772957696,222.24334526823102,61726720
2020-04-07,220.72991943359375,223.92819325148733,203.89611029774613,219.9119774397319,111614780
2020-04-08,228.52232360839844,232.54832950894945,210.03306567945617,213.9366261632592,91093390
2020-04-09,249.96987915039062,251.37064761158868,231.8724546428998,234.2136105271236,71932460
2020-04-13,224.05551147460938,246.84995385939033,221.9641491908693,246.84995385939033,81831990
2020-04-15,213.7847900390625,231.96059504817748,212.40850478278048,229.70759644335163,93336280
2020-04-16,217.4630584716797,220.4017484510267,207.86333488308938,210.11633352331214,72467400
2020-04-17,226.09791564941406,232.73445132660203,218.95200284817173,230.68716752479656,101915460
2020-04-20,226.1077117919922,229.756591322427,221.87110320798485,227.7484834254149,54031770
2020-04-21,205.68382263183594,216.48350270425195,204.2389606960929,216.48350270425195,73839850
2020-04-22,210.43470764160156,212.56526105865348,198.10200783380796,201.7851608933687,90627230
2020-04-23,212.80523681640625,217.374908249422,206.88377811397112,211.58568521934671,71440060
2020-04-24,193.58619689941406,207.03070915242273,192.97887243726336,207.03070915242273,104944510
2020-04-27,200.22764587402344,204.2389589983074,187.65005601506488,195.9126705019735,144952470
2020-04-28,218.25650024414062,219.82380752994027,199.34113498655947,203.8471322230209,147563440
2020-04-29,224.95181274414062,232.64627809341053,215.50882335961657,215.50882335961657,150601540
2020-04-30,227.07257080078125,236.95147345890373,224.43265542599184,231.67162776237484,88833050
2020-05-04,203.7148895263672,215.71944322438958,198.70932018465882,215.503938090543,73127450
2020-05-05,196.14285278320312,209.1367590159908,195.6187828443027,208.64697737895102,115212090
2020-05-06,206.32054138183594,208.8331238974759,191.24506123494743,196.89224364509923,131496960
2020-05-07,201.8439483642578,212.55058511456275,200.6488946540613,205.6054835368509,77702040
2020-05-08,198.27830505371094,208.64698948827214,197.3820111825673,208.64698948827214,69663750
2020-05-11,197.3869171142578,204.99322590945704,195.45227352423132,202.76961292556197,76549900
2020-05-12,202.740234375,203.74918346273728,193.66948283828242,194.9037273187409,103365270
2020-05-13,211.68853759765625,219.41729197845206,210.11634257611408,217.46306784101316,94411850
2020-05-14,206.88377380371094,221.27846421676327,205.39483334619024,211.48771849863704,143075310
2020-05-15,204.38099670410156,209.29350624297527,201.3982281355404,207.66252491601477,80267260
2020-05-18,189.8981475830078,205.06668633246292,188.66390316920618,204.72873578815708,108205710
2020-05-19,192.4793243408203,196.260440032813,188.29169637469474,191.99444519338232,94135140
2020-05-20,200.10520935058594,201.79005958755855,189.54551713685717,192.97398902305355,163185080
2020-05-21,194.95269775390625,203.50918402318973,193.4147761541719,201.6920832876641,98795420
2020-05-22,185.65663146972656,196.5983517616381,182.7130389635993,193.46375218399623,161950940
2020-05-26,179.16212463378906,189.42305635432228,178.43235474591987,187.88024712001192,98692950
2020-05-27,189.6875457763672,190.6230305528803,174.6561452379104,179.26008991295134,173352460
2020-05-28,190.78955078125,194.24740808261495,188.7618475474958,191.40666550491218,90517750
2020-05-29,191.37240600585938,193.95355014327788,185.2354419994564,187.4884258263882,103618470
2020-06-01,211.66896057128906,218.08999138381694,195.62370754598948,195.62370754598948,189159830
2020-06-02,229.8251495361328,232.64629678117717,211.66895411333476,212.09994943403822,234424700
2020-06-03,236.26089477539062,244.58228093229351,234.89930227067904,236.76046671989883,187051760
2020-06-04,226.577880859375,240.35055334761483,223.02696391368457,236.46657352181924,163153500
2020-06-05,234.14993286132812,235.97680897351134,222.85066584328084,229.60964709227474,158500390
2020-06-08,245.6010284423828,249.56336042426085,242.4957994501606,245.3806207084752,149925030
2020-06-09,239.36611938476562,248.31932850088393,236.59395309544107,248.31932850088393,123730770
2020-06-10,238.58737182617188,241.95216985347204,235.19318809140682,239.01347953136508,89614430
2020-06-11,229.11007690429688,240.8746276429427,227.2684929784957,236.07477309001732,100427670
2020-06-12,240.00772094726562,241.95215485439866,215.40598127823282,215.50394359501095,168024570
2020-06-15,230.33453369140625,238.02899989344345,228.33623096318192,237.05433910864505,120703460
2020-06-16,231.666748046875,240.52199475708207,223.83024071336547,240.18894678267628,129143510
2020-06-17,234.70338439941406,237.5441121327367,228.4390725974067,229.903515021139,96502790
2020-06-18,247.4328155517578,248.9756249007381,232.45039530388263,232.64630499238072,127382680
2020-06-19,264.3449401855469,265.90734485896803,250.76820707352852,250.96413169286464,186038260
2020-06-22,278.22540283203125,280.50777249526374,267.2248946325184,268.4003827187753,139393260
2020-06-23,296.36688232421875,304.57072545629575,277.5102876624298,284.0684715258324,161869530
2020-06-24,287.4479675292969,306.1135395418656,285.15089033281873,306.1135395418656,201088070
2020-06-25,294.39306640625,298.374993699551,279.27350893082144,281.92321456209066,159821300
2020-06-26,284.4162292480469,299.62884712365883,281.3354833304088,298.0321540543287,125724990
2020-06-29,279.954345703125,283.5297462703188,271.3390721191646,277.608272138805,116139990
2020-06-30,277.31439208984375,287.66348133852074,275.8450470556982,285.05293662422986,97030570
2020-07-01,289.353271484375,290.8030063065743,274.8655192059225,277.3144279125079,127048960
2020-07-02,290.3670349121094,295.4362928503061,286.52226097454053,291.9098590441473,116197340
2020-07-03,287.1589660644531,292.8355483564024,286.13043659050857,291.9098538935132,85435970
2020-07-06,304.5266418457031,307.0588045922635,289.4609535898794,290.93029853196,114375830
2020-07-07,328.3447265625,334.97635932239706,306.14291606231893,308.56243860203375,228764010
2020-07-08,314.24884033203125,333.91358823103485,311.5109772740454,328.34477249915494,191261830
2020-07-09,326.194580078125,331.0825913967313,312.9802806794464,316.88872869451484,187577860
2020-07-10,324.6419982910156,332.5617596611063,320.5180150349376,320.80699937853404,161504130
2020-07-13,316.8495788574219,330.896514863443,315.0471857325806,329.13331264611446,131364670
2020-07-14,312.57379150390625,315.39984154391766,305.853970880608,315.39984154391766,124044220
2020-07-15,308.4889831542969,323.0306026161021,305.8441799846539,316.39896934549495,109802620
2020-07-16,313.93048095703125,314.9296248370112,303.88995637047026,311.501153026966,99999250
2020-07-17,323.3832702636719,325.5089061026551,313.9500699316861,314.4398516320475,84256260
2020-07-20,337.11669921875,338.33625072795604,324.8721581321043,327.6590168791808,105554950
2020-07-21,322.516357421875,344.7573618885077,315.28717450988216,342.84720123833273,259600480
2020-07-22,318.65191650390625,327.1741288230234,312.8333083482963,325.21500230312506,170696590
2020-07-23,323.0404357910156,325.21506786223614,315.03251648419854,318.6519807399847,87180350
2020-07-24,318.5392761230469,322.2763123492468,315.41936953330537,317.8682776818559,66376830
2020-07-27,310.6342468261719,321.29680430332365,308.7779848923832,319.6315345185804,70898670
2020-07-28,317.33935546875,319.3376732051116,309.65958188445984,311.011384179825,82116970
2020-07-29,321.71307373046875,326.0966255978198,317.3393270624364,317.86829962933814,80700220
2020-07-30,315.25286865234375,325.6068607278709,313.95496511339513,322.8053238170731,65082780
2020-07-31,318.4854431152344,320.611078886509,311.62359692871877,316.98671235562404,72353970
2020-08-03,310.96240234375,317.77034979781394,310.4236245563699,317.77034979781394,44639200
2020-08-04,316.947509765625,319.3376466906499,307.8620658270561,313.6561913144501,66791450
2020-08-05,319.5482482910156,326.1945890761261,318.15728510220623,318.94582640877,69853800
2020-08-06,327.68353271484375,330.9748812325341,318.8478817459318,322.47227822717906,81729060
2020-08-07,339.3501281738281,341.0300757516508,324.2354726793541,326.4884564534023,101512670
2020-08-10,337.2587890625,348.41600048177315,334.3445820110063,342.25944101484004,71292450
2020-08-11,338.67425537109375,342.3133299762285,333.51196678593686,339.1542617862371,55718180
2020-08-12,334.8392028808594,337.9493040840745,329.3291598794886,335.50039608346526,56625270
2020-08-13,334.9764099121094,340.104440091973,333.1495336530703,337.9493885552187,46633590
2020-08-14,326.30230712890625,337.8317859703941,323.86320414810695,335.50042060042426,55313350
2020-08-17,331.5626525878906,333.0026120780345,324.47059276930975,328.1537609659019,46705720
2020-08-18,335.00091552734375,336.7690503838905,329.77985516755444,332.95363137682716,47062980
2020-08-19,334.0262145996094,339.41871586411116,333.14951612418946,337.6555137132872,41988490
2020-08-20,332.4442138671875,334.47191717232727,328.45248126604776,330.89648703657707,36774590
2020-08-21,332.00341796875,336.9698116109244,331.09243117585015,335.99024820507873,26273800
2020-08-24,342.06842041015625,344.3165315432507,333.15441747735895,333.3454096190201,62055750
2020-08-25,356.84515380859375,358.5201988262599,343.8267480546919,345.2960931318487,98540590
2020-08-26,357.1047058105469,363.12414165971853,355.6794543058739,359.0099636790963,66650850
2020-08-27,355.8263854980469,359.3430143235468,352.2901761674278,358.22142505398085,46110620
2020-08-28,359.578125,361.26297526850243,354.3129716476679,357.5406462513916,42513280
2020-08-31,341.6520690917969,367.3215109011669,339.41866607786295,363.90774732446204,85297660
2020-09-01,356.938232421875,359.8916006384796,342.86678332685403,344.5124726197565,60651820
2020-09-02,359.3674621582031,360.4792760130407,350.04203077966906,356.82549432860526,42810110
2020-09-03,354.5725402832031,360.1609359358484,353.1325809902055,359.30381802082366,32213660
2020-09-04,352.329345703125,357.52104949981856,344.8797854073011,346.9123614634566,49146490
2020-09-07,343.3516540527344,355.4835255347329,340.6529523027229,353.3285041507928,46651680
2020-09-08,342.84716796875,350.1840877972331,340.3982596261161,344.80629464285715,44487030
2020-09-09,335.28985595703125,342.2055710457783,332.3119749040208,340.594200043415,45632470
2020-09-10,342.7198486328125,345.14427407369107,334.814764666708,338.58608980875204,47622820
2020-09-11,347.1964416503906,348.4992477731554,338.60568169698143,341.86761455069575,46083840
2020-09-14,337.0383605957031,350.19879148292324,335.0106573372835,348.4306868548459,45315090
2020-09-15,344.1597900390625,345.2177352168206,338.4391435586533,340.39827029415926,38936370
2020-09-16,344.9532165527344,349.4494085963613,341.04967107846954,344.6054907068418,39077180
2020-09-17,340.0995178222656,344.51245567019015,338.55669352791944,341.7500797402666,27811560
2020-09-18,340.378662109375,343.21938966607337,335.89224550931215,342.00474075488216,37690870
2020-09-21,326.2093505859375,339.614674580328,324.6518183272667,339.20324476043464,36274190
2020-09-22,323.5497741699219,328.5259729072604,315.1304256784779,326.0966449501902,42249680
2020-09-23,317.7557067871094,327.5660194253604,313.4798918991791,326.1946365418035,42443280
2020-09-24,296.6999816894531,312.9460328072258,294.5449301856907,312.5786965209415,59637770
2020-09-25,307.4800720214844,310.2424482476118,296.69019568572475,301.70555598927484,62325930
2020-09-28,326.6991271972656,328.1537646107194,309.81143253541387,311.30526085821896,55886950
2020-09-29,322.7416687011719,330.3088022147594,318.7989318543737,328.93738949073946,46434460
2020-09-30,321.1596374511719,327.5513124612628,319.33766390190885,322.6583981302073,36035360
2020-10-01,337.2440490722656,338.9288991307525,324.73013399209935,325.7047946848994,53821060
2020-10-05,331.3764953613281,344.7083382588428,330.13733336957125,339.41870212655977,42071900
2020-10-06,340.3296813964844,340.8880396704808,332.18951249586513,336.959981141563,47587570
2020-10-07,326.3072204589844,333.05152337334243,321.81593108025635,333.05152337334243,65710800
2020-10-08,325.84686279296875,331.8760744419258,323.451852952575,328.5455647956821,44618100
2020-10-09,325.00933837890625,334.8588408738494,323.7456932633499,325.6950148004604,56840990
2020-10-12,325.9203186035156,331.0336404799296,323.7456867734568,328.1537218429895,32046520
2020-10-13,320.5719299316406,327.1741777244626,317.7360747381287,325.21014831168503,37776570
2020-10-14,330.31365966796875,331.322608763596,316.66344622411486,320.12130379397354,53044470
2020-10-15,314.9051208496094,330.11283524836927,313.55822129926366,329.9365210272236,52680190
2020-10-16,316.5312194824219,320.26335353475326,310.53139383451065,317.0210011679656,50762360
2020-10-19,320.0429382324219,322.7367374392376,313.12722338752707,318.85767495171524,42066370
2020-10-20,319.5482482910156,322.22736954492257,316.0854883302217,318.8478640969341,32520900
2020-10-21,316.6781311035156,322.76611354255095,303.7968794401574,320.31720524556647,75364600
2020-10-22,324.67138671875,327.66394562458163,308.5624600052114,309.54202337030733,70857690
2020-10-23,324.9113464355469,328.81979435310046,323.5497391285291,326.33172514779864,32047770
2020-10-26,322.65838623046875,326.1945955751691,317.0503800725058,326.1945955751691,35462450
2020-10-27,338.2677307128906,339.4187057083091,321.1008588395065,325.8027809241876,60209460
2020-10-28,330.1911926269531,341.8577954216586,327.9480141350255,337.8464824077283,46491050
2020-10-29,331.09735107421875,336.18619040799234,326.5619674851757,329.8973798605842,37803490
2020-10-30,324.1375427246094,332.16997504895204,318.6373034663326,329.61820147550446,42876230
2020-11-02,334.9910583496094,337.69463265110016,320.7726831147055,325.7586565793762,42885510
2020-11-03,341.94598388671875,344.8063222129389,334.60416087148764,335.9902514745399,44460450
2020-11-04,348.8665771484375,349.6992119714348,339.12484239046194,339.81051879641785,43711430
2020-11-05,366.0530090332031,367.3362345544012,351.43303885549767,353.62234846437025,63321410
2020-11-06,370.3484191894531,374.9082853101408,362.84005786952804,365.7787478693844,57440500
2020-11-09,378.60125732421875,379.94325441062296,370.867614977163,373.2136585783373,41498980
2020-11-10,412.254150390625,415.7217831761866,380.344861845145,381.9268471122351,114214480
2020-11-11,418.156005859375,433.90246870756954,404.94657859576233,412.4941309161194,138966540
2020-11-12,421.0457458496094,423.66119342243684,411.4215528602283,417.2940309779378,55900380
2020-11-13,428.6618347167969,431.98744156065777,416.3144278078901,417.2939911674381,60884590
2020-11-14,428.5393981933594,434.43635897845496,425.1305068695591,431.00788714886176,7894790
2020-11-17,439.6280212402344,441.1904259853453,425.6202772380612,430.8805276650908,58515230
2020-11-18,455.86431884765625,458.23974814329006,437.27709728975293,438.3546230122507,75130190
2020-11-19,444.3837890625,468.72104052325113,442.0328431138906,453.4300717112614,83510050
2020-11-20,461.9473571777344,466.4827401057108,442.2973194855003,447.85145663058296,87364100
2020-11-23,471.31201171875,476.97878945944393,463.68123451199017,467.15376995358207,73250390
2020-11-24,471.2336120605469,476.2636790734063,467.25168493265915,473.61884625773735,42973850
2020-11-25,459.39068603515625,472.63927315358325,457.9458242472542,472.345416133016,47633210
2020-11-26,472.27197265625,475.4800365980283,454.5173872180451,455.98673221982756,62732080
2020-11-27,480.8480529785156,485.86341245307165,468.73576194984156,475.9698168255496,123647070
2020-12-01,476.175537109375,485.11895549182253,472.6638107859181,485.0014126700351,40174270
2020-12-02,472.53155517578125,478.41871028765365,468.72103958535723,476.459583685416,36549700
2020-12-03,476.7975769042969,479.00649712909245,471.85569634832535,476.5575886570623,28768440
2020-12-04,477.5714416503906,485.6675175361084,471.6597729955663,477.0473716486828,36793780
2020-12-07,473.0751953125,482.43001267653517,471.6597191987282,477.04731723734295,31151240
2020-12-08,469.42144775390625,476.5575703546035,467.74150019388117,475.0882253278165,29710760
2020-12-09,474.51519775390625,475.3674131018931,469.3283965618495,472.1495438475312,19659920
2020-12-10,469.6810607910156,476.0678032747904,468.72107791561154,475.08823989356654,19259630
2020-12-11,474.4858093261719,478.9085223669041,470.6801960934779,470.6801960934779,26700190
2020-12-14,479.8537902832031,481.42600021979655,474.89229953012926,475.82289666902903,17863480
2020-12-15,501.7813415527344,504.4751408485275,476.93472597776764,479.00159036110324,59367960
2020-12-16,504.14208984375,511.8218934608795,501.53647742003886,509.27505245160376,32691840
2020-12-17,517.8657836914062,519.4771846717476,499.73408486365105,503.48089706076144,37331520
2020-12-18,514.515625,517.6943031358243,505.94444609709666,514.2707341742027,32550430
2020-12-21,493.8811950683594,512.7720498728509,480.4954521694921,512.1157591027057,35515700
2020-12-22,490.8984069824219,502.02623263876626,472.77158183846024,496.63863404459414,54735210
2020-12-23,498.489990234375,506.04238513663483,486.87725636124975,489.78165800595707,34314570
2020-12-24,507.89373779296875,511.2291793433498,500.1649993277614,503.3926733762682,26255590
2020-12-28,509.7745361328125,513.761366137672,506.9240330939317,507.8937912433674,19326060
2020-12-29,509.4219055175781,513.9768989861252,506.189358437223,511.82184766995454,19695290
2020-12-30,522.5137329101562,523.8704376383025,506.82607219653147,509.4218790527772,38647000
2020-12-31,518.6983642578125,526.2703692377844,516.4257702863821,522.5970069583211,28692120
2021-01-01,517.2241821289062,522.8909300817274,514.2707841338074,520.1677749239727,14471870
2021-01-04,510.95977783203125,521.5194983682744,509.0006513314559,521.5194983682744,23336590
2021-01-05,501.4385070800781,511.7435034629872,495.90397975395047,511.136178927597,39534000
2021-01-06,492.749755859375,506.27265076557995,488.83150241878394,502.5160037558043,36079230
2021-01-07,497.7161560058594,502.66787157778697,491.86816147087546,496.14884862963106,30357500
2021-01-08,497.8141174316406,503.373127608211,493.89586394502845,502.5160096580146,29984510
2021-01-11,488.23883056640625,500.6499108507422,485.6919898768969,500.3609265211318,29241640
2021-01-12,493.9154357910156,499.4793484699185,484.9818227811939,488.2388529984949,33359080
2021-01-13,480.2701110839844,497.03042522913256,472.76174982601265,496.2467865265304,32693730
2021-01-14,477.767333984375,486.5295356515001,473.52093507402236,480.270141156347,26808110
2021-01-15,478.3795471191406,482.6308783990968,474.34375086758166,477.7330616095541,25449160
2021-01-18,462.33917236328125,478.0268930487798,459.0233709022599,477.04732974335195,37034130
2021-01-19,485.7801513671875,489.286974893401,465.48850081578115,466.77172637124784,47674650
2021-01-20,488.0135803222656,492.97507118313865,480.0840136458627,486.6470702889329,33147070
2021-01-21,501.3699035644531,511.8218578141858,488.80211875460043,489.0959758063111,70618090
2021-01-22,487.0927734375,503.20169973908946,484.4528430615404,503.00577511352,30847960
2021-01-25,480.8382873535156,505.7485777507031,479.0065085557645,494.5815608306376,36730600
2021-01-27,474.5984191894531,484.4528236029895,471.26790994585093,482.07249195682283,28004930
2021-01-28,471.1944885253906,480.867677306075,462.65759690013607,468.18722164890943,34773290
2021-01-29,463.7791748046875,484.8838813386959,461.0902780639246,478.68325819125755,42607950
2021-02-01,495.52191162109375,497.6181915803673,457.11324028298816,467.7415088181602,42907450
2021-02-02,506.7476806640625,522.8859617066872,499.0776834792223,499.57727031558545,43479930
2021-02-03,513.790771484375,516.2298746086028,503.4955513260376,511.1949047462702,26507830
2021-02-04,539.2348022460938,542.9718380269085,509.96545075995704,510.74424650559166,53258880
2021-02-05,542.5360107421875,551.2002791940371,535.8211234731706,541.3066540213961,44379870
2021-02-08,538.5345458984375,554.9226211199818,536.3403336263412,542.8740042341601,28008090
2021-02-09,528.99365234375,542.5801919378241,527.2598059912151,542.4332335124955,22639040
2021-02-10,536.3992309570312,538.990135892545,528.4745355263738,532.3633741239406,26380120
2021-02-11,545.327880859375,547.3800375652185,534.4253350040731,535.821200946601,20289470
2021-02-12,546.3465576171875,550.3186798396569,541.8993615175152,545.6167877021182,16252680
2021-02-15,566.1729125976562,568.0488146906741,548.5554799694943,549.0795200589034,31688260
2021-02-16,564.2530517578125,570.3213946264838,557.401010310622,567.3043822928527,21268100
2021-02-17,558.8555908203125,568.0488022919768,555.4124113462278,561.2897913604736,23463950
2021-02-18,544.9654541015625,559.7959993127606,540.9345002784513,558.2532347074958,23175130
2021-02-19,538.5589599609375,550.7055681685629,531.4130627971786,544.6371666640208,27444560
2021-02-22,526.6964721679688,542.5507012330629,522.5724892954393,536.8006696459737,20005630
2021-02-23,527.3674926757812,539.2153419606637,524.0663691150339,530.9233122623334,21902450
2021-02-24,544.9213256835938,546.4886630636424,527.2989889262188,533.2743617957289,19087950
2021-02-25,541.693603515625,550.5096732354016,539.8716301226096,548.6533816456417,15845950
2021-02-26,515.7302856445312,534.2538616097582,511.4299882967802,531.9028857135835,37133260
2021-03-01,515.9163818359375,526.0156768749298,508.88312465052945,520.63788402648,20318810
2021-03-02,520.7653198242188,529.9438245345184,515.4512000847383,519.1686266234653,22086340
2021-03-03,542.962158203125,545.9449717085294,523.0966441722534,525.4524629847098,22524130
2021-03-04,537.378662109375,545.3376139967542,529.0621193923805,531.9028769042263,22346980
2021-03-05,533.3624267578125,540.6944439169114,529.1699268047204,532.8824502932656,20757600
2021-03-08,521.19140625,538.1672568245488,520.246101256131,535.7232509084538,17210420
2021-03-09,530.4384765625,533.3722641229988,522.5970668679887,526.1234711454158,18114960
2021-03-10,543.1728515625,544.7352266129437,532.8825324352973,532.8825324352973,21912500
2021-03-12,544.4266357421875,555.4124659385958,540.8169468868149,548.5555219146624,25080130
2021-03-15,532.7894287109375,547.1498010110238,524.1202572537092,545.7196170068006,20870080
2021-03-16,534.44482421875,539.44553565432,530.9233227594767,537.6284050286546,15613050
2021-03-17,525.0263671875,534.8807725096622,523.5227636889164,534.8416114976309,11347580
2021-03-18,526.2067260742188,543.1678675581927,519.6583475917425,531.2171829510203,23390580
2021-03-19,534.180419921875,536.7028076196058,508.398304210923,520.7358764632384,32203100
2021-03-22,527.9210205078125,538.4660352957355,522.793020244961,533.5192518778964,19384610
2021-03-23,526.8875122070312,533.3722164653306,524.0663651220419,529.9437449178032,18490380
2021-03-24,516.2593383789062,526.4174062699032,515.2503593573028,526.4174062699032,17376430
2021-03-25,501.7519226074219,519.1685880909586,499.88588547007356,517.2094613434456,23432710
2021-03-26,507.7125549316406,514.0748138560468,503.00576039498304,506.4342319848223,23474600
2021-03-30,508.7411193847656,515.2503371679677,504.47514000285815,512.7867209215993,18452800
2021-03-31,504.4604187011719,511.21452714826114,501.8253908916279,507.9035982340296,18459750
2021-04-01,516.4406127929688,518.0421489428097,505.6458035599053,510.35259914717614,21482340
2021-04-05,486.10833740234375,515.1524161365681,482.00396436354526,515.1524161365681,37396800
2021-04-06,489.1058044433594,495.6052172425688,485.138584585653,494.67952264446967,20709060
2021-04-07,497.3341064453125,500.4589159634555,483.9043011146301,487.82255456495096,24027820
2021-04-08,492.67144775390625,501.0467032703654,491.2510687978265,499.57735809948457,14078790
2021-04-09,477.27264404296875,490.76122010931914,474.5984254350601,489.78165679572766,29026460
2021-04-12,441.88104248046875,464.3130376896482,431.00788308743716,464.3130376896482,45000460
2021-04-13,463.2110290527344,467.7317044437641,442.179802282012,444.241793939732,31750190
2021-04-15,456.50592041015625,465.29260511728506,447.27842022482923,461.18823216694886,28971850
2021-04-16,452.2252502441406,459.41524213073063,449.6196079701607,456.574514202946,21426480
2021-04-19,438.8052062988281,441.1953433536867,427.28556120006124,435.9057070447333,34265070
2021-04-20,451.9362487792969,460.2968258062008,446.2106996333743,446.97475787322645,33945970
2021-04-22,459.2878723144531,461.766166443748,441.36677720847433,445.70133316132876,25635390
2021-04-23,457.2406005859375,466.2525957826938,451.62769156754683,452.6660263753332,27295250
2021-04-26,463.9750671386719,473.03112532711816,459.41520104051824,459.41520104051824,29039890
2021-04-27,476.5625,478.9917981167241,464.95466765084063,464.9987611574631,26449970
2021-04-28,517.2976684570312,520.148171678806,481.45541691173844,481.45541691173844,85764540
2021-04-29,537.27587890625,541.2088407587573,522.1073522613893,524.0664792867605,72584860
2021-04-30,534.0481567382812,541.1745041789126,521.8819964085112,524.0664035941993,41248880
2021-05-03,543.770263671875,546.5963133166297,518.3114234474224,520.765234260658,40335910
2021-05-04,550.0982055664062,563.2439267205505,544.6371288724025,549.5349447795284,48383470
2021-05-05,540.2439575195312,558.3511737797894,534.0971728755161,556.685903935516,43786930
2021-05-06,541.5809326171875,550.5047394455315,536.1492711548323,545.4208038036593,22231110
2021-05-07,538.152587890625,549.8436755995699,534.6457339016397,547.5759837583248,18510330
2021-05-10,538.5149536132812,546.1065696032821,533.3722460071517,546.1065696032821,19973390
2021-05-11,531.3836669921875,534.6554346736518,527.9846110883334,530.0661830708245,16172480
2021-05-12,524.8892822265625,532.882493319724,522.0485244316109,530.2474653638183,15393360
2021-05-14,522.1415405273438,529.4540074737397,515.9360447723966,529.4540074737397,15257620
2021-05-17,531.9126586914062,537.7802330893021,520.6427785318936,524.0663473638919,24115830
2021-05-18,557.2491455078125,558.8409360794674,538.8578182186459,538.8578182186459,31478830
2021-05-19,551.6117553710938,560.594335307261,548.0657405281809,555.8973453886287,22509060
2021-05-20,547.4534912109375,554.236955749258,543.1679013669691,551.2982655705367,14888270
2021-05-21,551.6655883789062,557.8613386453907,547.213489607387,554.4328668538914,18569660
2021-05-24,548.8394775390625,557.1755704494911,547.5758624569993,551.8859647170389,12150600
2021-05-25,550.3823852539062,554.315346690273,546.7923068833867,552.4737626982544,13155460
2021-05-26,565.3206787109375,567.6373364083898,547.1938545997629,552.4737152703012,29167460
2021-05-27,556.6074829101562,566.3982740356734,553.5512499046165,566.1827389993853,21525900
2021-05-28,549.6085815429688,563.2489907973248,547.7817052519104,560.7021497105823,15263750
2021-05-31,551.2933349609375,554.8932182894104,544.6372187848972,550.514598843727,17958110
2021-06-01,566.6577758789062,569.9099333083112,551.0435340107047,552.8655672428237,28534510
2021-06-02,568.9940795898438,572.5548020824446,562.5191799239212,563.8856899865663,20131950
2021-06-03,578.0892944335938,579.4116809483652,566.2022844477517,572.0649563378619,22303780
2021-06-04,587.0963745117188,588.7175805740072,577.9423835917875,579.4117286348175,24453670
2021-06-07,561.2651977539062,572.4420472902968,556.6318829735352,568.1466531140687,28358050
2021-06-08,563.77783203125,569.8119753534322,560.324907321205,563.3468217939512,17890070
2021-06-09,555.853271484375,567.656998670876,551.2297010785354,567.656998670876,15381120
2021-06-10,596.2015380859375,599.003075323823,556.0982063342332,559.8205356460586,52961200
2021-06-11,599.4927368164062,610.2679330663743,592.1656224985236,598.0576502819381,37027210
2021-06-14,606.7562255859375,612.1291761293168,585.3478871862036,594.5655522259224,26336010
2021-06-15,603.5236206054688,611.2278762355272,602.4314171144714,609.190427660631,15236610
2021-06-16,595.731201171875,603.4991908969264,593.8896771387999,601.4518772556619,14816580
2021-06-17,592.660400390625,599.003049815742,579.9015625362539,579.9015625362539,18718570
2021-06-18,596.26513671875,602.2355467491625,584.3144516703923,596.5442859720246,27096150
2021-06-21,599.1008911132812,600.9620853007259,586.4743655992354,587.7379807342062,12719620
2021-06-22,589.3836669921875,606.251778904127,587.7380077450376,602.4314579386636,15406110
2021-06-23,589.2660522460938,599.0029131107384,587.8358684115447,592.7336845449113,12382150
2021-06-24,592.0088500976562,598.3172400181855,588.8154642358637,590.3828013579878,10824210
2021-06-25,595.1632080078125,598.2194413444652,590.6964008397961,593.3216238449818,9619940
2021-06-28,591.3673706054688,599.267552238366,589.2074164529477,597.5337057960068,8284810
2021-06-29,592.8709106445312,601.2217120938454,587.9437380981774,591.6562616601515,13100790
2021-06-30,589.2906494140625,599.9825620367906,587.7380199544072,592.6358367873605,12257940
2021-07-01,584.5202026367188,591.6562957247111,581.8606616895337,591.6562957247111,11206010
2021-07-02,587.5176391601562,590.6767070864177,584.3095452355691,587.7380170014106,8112980
2021-07-05,594.8594970703125,597.1369341910881,588.3306686131904,590.5788097088379,8631790
2021-07-06,607.5642700195312,621.3173756211712,592.9295934099612,593.1255180076544,34913930
2021-07-07,607.192138671875,615.753512994774,603.4501994085765,609.2884186413538,19479250
2021-07-08,600.24560546875,610.3612196283884,596.5760686560756,606.3483056255141,11305600
2021-07-09,602.0459594726562,605.4652392867433,594.677542620148,596.8311655133142,14475440
2021-07-12,603.36083984375,608.2027944401542,598.8524414541602,605.8578404102736,9787400
2021-07-13,603.8268432617188,610.7635545940007,602.4238112782592,606.8389695042399,10021270
2021-07-14,601.8253173828125,606.5446284869724,600.46150971235,603.4049484854497,7765740
2021-07-15,601.4131469726562,606.0735913413147,598.6954127674904,601.8252714862396,8709900
2021-07-16,600.9962158203125,607.3295316620661,598.2244656738894,600.952081006487,9631210
2021-07-19,590.1986694335938,600.7558122316335,582.3102754658732,597.3218004976309,12905320
2021-07-20,582.9823608398438,591.4300153711338,575.7365864670824,590.650020898546,14018370
2021-07-22,607.8740234375,612.6277078904516,580.9513694610494,581.8196934248165,34885910
2021-07-23,606.4366455078125,610.763473646676,602.4237314362393,607.2313714877837,9537390
2021-07-26,604.62646484375,608.1438957014271,601.4426500595549,603.4049425556709,7335020
2021-07-27,611.3963623046875,620.7712069728116,605.857772893925,606.3483459893856,20685280
2021-07-28,614.3937377929688,616.5522713233405,604.0917031058577,613.9914343318219,11491530
2021-07-29,627.943359375,630.8769767928892,614.5948851176885,617.1360201203568,14846640
2021-07-30,611.067626953125,629.5867604030583,609.5075782365474,629.5867604030583,14068850
2021-08-02,608.3598022460938,616.5474999446433,605.367317757564,615.1787815785943,10124350
2021-08-03,621.2520141601562,622.2429814824396,608.8993561710336,609.7824117749973,10917100
2021-08-04,623.9255981445312,635.5325750893696,619.5938589943536,622.3410565268675,16320910
2021-08-05,613.0446166992188,623.5673845441958,611.4502543054705,623.4202485615696,8665670
2021-08-06,610.6949462890625,618.0731863767338,609.3900048100153,616.6505121204939,7297890
2021-08-09,607.6386108398438,615.1738070846875,602.0362440222272,610.763559346505,8811790
2021-08-10,605.3770141601562,613.0642561551555,602.624906311127,610.7634971073564,7310090
2021-08-11,605.1513671875,608.305718608121,594.2802507896108,605.9656753968178,7919290
2021-08-12,608.2615356445312,613.6970634709647,603.5274937431459,606.4463794319537,7946020
2021-08-13,604.0476684570312,611.1413372119605,601.5407869025397,609.2918668109066,6679320
2021-08-16,625.691650390625,627.4429699388122,598.8769090437446,603.3067983327717,14233350
2021-08-17,628.9244995117188,631.5490534707247,618.6126439540718,628.9097679472969,16027760
2021-08-18,642.0718994140625,651.4811184223473,628.5271824438362,631.2695293648178,21537300
2021-08-20,653.5512084960938,660.576248044988,633.3935788181997,634.9928517377527,21647320
2021-08-23,662.489501953125,669.0926565360735,657.0736157033876,661.2925323453259,17383400
2021-08-24,684.8499145507812,691.610026694188,660.1102851102783,664.7265950583568,26229900
2021-08-25,681.401123046875,692.1005510657851,679.0512587429032,687.2929107484696,15096670
2021-08-26,680.1256713867188,686.1401025965164,672.5757439241538,676.9909019805488,12345880
2021-08-27,683.5252685546875,689.1914116742851,674.2436640566779,681.8965922518307,9359060
2021-08-30,703.040283203125,706.1309176234539,684.8400335435698,686.4049329559324,15043820
2021-08-31,738.263427734375,745.55333639525,699.5572003921759,702.5006388229986,29464380
2021-09-01,737.78271484375,752.980659832953,734.2260598844975,738.3125122310161,22277890
2021-09-02,735.7075805664062,744.3368049458319,730.4682931303839,735.8596869795678,11833780
2021-09-03,738.1555786132812,741.2559743407999,732.1067737990886,735.8596700934479,8802470
2021-09-06,736.4827270507812,747.1428715059287,734.3977912635847,740.7654208627396,8970710
2021-09-07,731.670166015625,742.359773457936,726.7546137742486,738.6952066256814,8360130
2021-09-08,732.2490234375,737.233262794047,727.132319765293,731.6407175973226,8592560
2021-09-09,729.055419921875,731.935081688369,724.0859119115499,728.9916430220618,7004360
2021-09-13,730.5172729492188,735.3690479030337,721.3386697731598,729.05537475037,8025650
2021-09-14,727.7700805664062,738.8030644337646,726.8330692084206,733.897333594231,7192580
2021-09-15,727.4364624023438,733.897331457587,724.0858698070846,730.4633198799112,6572830
2021-09-16,727.176513671875,730.4633294139292,719.2291937005938,730.4633294139292,5771290
2021-09-17,728.873779296875,753.5152526557126,722.1234897109983,730.5122764257334,34749690
2021-09-20,730.2132568359375,743.8070202846137,718.2727225834182,722.1237100111451,10838060
2021-09-21,766.6528930664062,769.9152159880684,726.1462407776752,734.0101415326146,19931330
2021-09-22,764.6709594726562,774.6148852825834,762.4486490710568,770.1997276083952,15005410
2021-09-23,775.0122680664062,784.8188189146512,765.7502461380499,771.5340618940803,21091470
2021-09-24,764.646484375,779.9964755213541,757.9991951029857,779.9964755213541,11293460
2021-09-27,764.8475952148438,771.1809106828066,759.4120668429739,770.101673820094,6507740
2021-09-28,740.1080932617188,767.7469673175125,728.5060264752129,766.7658210334006,15723010
2021-09-29,737.37060546875,749.1885547549151,731.5573261169797,738.7050098344002,9458790
2021-09-30,752.3526611328125,755.4825196811536,734.966780463367,740.2747546745849,14907070
2021-10-01,738.091796875,749.5172038896902,733.4067997190165,747.6334199142348,9377400
2021-10-04,754.9970092773438,762.2526055297575,741.761354905369,744.4938210773844,10901980
2021-10-05,757.85693359375,761.8600268708936,749.0167967204131,753.8146160268622,7732430
2021-10-06,758.9313354492188,773.2020905025101,754.0108727660659,766.2752005599186,17646310
2021-10-07,760.1822509765625,773.6337870827047,759.2109258095436,769.7975317482781,9405500
2021-10-08,758.641845703125,768.1393937386381,756.6599710752273,760.3883147059353,7565710
2021-10-11,766.9718627929688,775.5372504611054,760.5845910727701,762.7333037728681,9086480
2021-10-12,770.7639770507812,777.5584028527695,760.388343483781,766.2752209817199,10994490
2021-10-13,777.9802856445312,785.8981430357779,771.3085031487009,775.8806183058591,10524380
2021-10-14,771.4654541015625,781.8754612013655,766.5057670534261,781.8754612013655,11348490
2021-10-18,771.7254028320312,789.8226507550254,765.3725054645042,789.8226507550254,8550980
2021-10-19,759.3384399414062,776.5477220185119,752.637194905219,774.1243197493642,12449890
2021-10-20,761.5018920898438,768.5857386913818,743.2182236338604,759.5052260990034,11028990
2021-10-21,759.1422729492188,768.2375178988501,754.0108971970196,768.2375178988501,6394610
2021-10-22,756.4833984375,778.5395469044976,752.04859823856,760.9770051314621,15173760
2021-10-25,750.2481689453125,768.9979191262121,721.1915325945907,760.388336906186,11697290
2021-10-26,770.754150390625,774.610047937549,750.6847872325021,754.9920336093686,16605750
2021-10-27,734.1083984375,777.0629519156985,732.0332237292156,772.1621309831219,31122330
2021-10-28,734.3143310546875,745.2786278373707,721.4760713834926,739.784233083881,15723020
2021-10-29,726.06787109375,740.7359597046425,717.5171551286829,733.897399048933,9483340
2021-11-01,727.4168701171875,735.8792556734427,708.3875213468065,728.9915905272538,10373140
2021-11-02,731.478759765625,741.2559073815509,726.0726948472538,732.5923702139444,6871160
2021-11-03,737.4539794921875,739.6664688646863,731.0519768706221,734.4859884165694,6687040
2021-11-04,738.3223266601562,742.6295727927572,737.3313594299157,741.8446079357357,940330
2021-11-08,752.897216796875,756.7727561227949,734.4859946512751,740.1668692686719,9003010
2021-11-09,743.4635009765625,760.8199789011707,740.7653490429623,755.4825414080543,8002470
2021-11-10,743.8511352539062,746.6522886059661,736.3502530864357,740.2748380462568,4649890
2021-11-11,731.2188110351562,745.7642548145409,727.0292978078546,742.7472783080879,6344000
2021-11-12,743.6204833984375,745.6956578956615,731.248244300077,735.8596433754453,4971280
2021-11-15,739.2200317382812,748.3643211123193,734.8784719682213,743.6106967237434,4025180
2021-11-16,741.3246459960938,750.5768475318273,735.9332523852946,738.3125199577778,5980490
2021-11-17,746.4216918945312,754.697657570636,737.9445744828421,738.6068361809154,6455740
2021-11-18,734.3829956054688,755.2569042657833,729.9727483747905,747.633379383858,7725390
2021-11-22,692.5224609375,737.2823472012915,685.8261259345921,735.0747681817228,19352430
2021-11-23,698.016845703125,704.266742312235,679.3554255000196,686.8023516332993,11875890
2021-11-24,704.1980590820312,718.179392752063,693.2778968353166,702.5006952801905,10993800
2021-11-25,699.1452026367188,706.915864069542,695.3187083569695,701.5195597636676,6154860
2021-11-26,667.8711547851562,691.5020231795938,664.7265643808555,688.8627374511036,16890820
2021-11-29,677.5549926757812,684.8399906278568,655.2388290040258,663.9415902832862,14918150
2021-11-30,686.532470703125,706.4055909024672,672.011519557463,677.9719944376862,21955390
2021-12-01,690.5994262695312,697.3693595450703,681.9947542439174,689.9616572347281,11367680
2021-12-02,704.5120239257812,707.406417221392,689.0001047451934,695.6326627045311,8477040
2021-12-03,693.5968017578125,709.7415800913918,692.1986803265236,702.5007159656851,8164110
2021-12-06,682.068359375,696.2116214548117,680.7291042722253,693.5968282689973,8582530
2021-12-07,696.9229125976562,703.4818729930165,682.68156016892,691.5118765663219,10796080
2021-12-08,722.2708740234375,724.7090082111489,698.5761668812135,698.5761668812135,14026910
2021-12-09,730.002197265625,732.7297524172648,719.866940788808,726.0481495445352,10769500
2021-12-10,731.19921875,732.6218927425653,722.1236162361623,723.4972448947245,6791450
2021-12-13,708.2649536132812,733.6030676536282,706.3272137112741,732.9162532974838,12985990
2021-12-14,693.26806640625,704.4629173367945,690.2362985326392,704.4629173367945,12764810
2021-12-15,671.8153076171875,693.9156497185818,670.2209450427192,693.9156497185818,18175280
2021-12-16,689.6329956054688,693.0277233245898,680.2188661409538,681.4060746688888,17683180
2021-12-17,677.0988159179688,689.2552321787616,673.5568923711315,686.8023665838194,16805110
2021-12-20,650.9071044921875,673.5421552000747,637.0190107490969,672.0851674210635,22263190
2021-12-21,645.3538208007812,662.2736821563791,641.6696120448473,659.8355482321066,13755910
2021-12-22,664.353759765625,666.2719174975038,649.8916732791363,650.990552314445,12678980
2021-12-23,678.732421875,686.1645562727782,670.9322977757171,671.1039863801458,13393990
2021-12-24,672.2813720703125,685.6200255944327,663.0193497693873,685.3207831967492,9807740
2021-12-27,676.0833129882812,677.8542746492667,652.8595997774089,662.3717592524117,9123600
2021-12-28,677.643310546875,684.840039396051,673.237973743154,684.840039396051,8624640
2021-12-29,678.1339111328125,681.8917179537746,672.3844086088595,675.5093569497349,5323790
2021-12-30,674.1553344726562,681.4011085623479,672.7621236706738,676.9810402496752,6589920
2021-12-31,684.5750732421875,686.7042034707654,674.5919233008157,675.2247817205606,7699070
2022-01-03,708.348388671875,710.7374774642668,684.3495291451824,684.3495291451824,12697250
2022-01-04,720.4556274414062,723.5953071918666,709.9083060145417,711.3309799513264,9591730
2022-01-05,752.6176147460938,754.6142208367072,727.5198791534488,732.9063620015487,25832620
2022-01-06,760.2166748046875,763.2680253488854,737.9200897658368,738.3125722297586,15359860
2022-01-07,751.4942016601562,763.8223058839617,744.1993821618304,761.7570123252189,11659510
2022-01-10,758.5535278320312,761.2713218308709,752.5145445335345,754.1089070274774,6390600
2022-01-11,752.5243530273438,761.3644892739994,742.8257139136507,759.3090168682942,10379120
2022-01-12,762.7920532226562,772.0638959150466,754.6779557509415,758.0334586708254,14584040
2022-01-13,766.1133422851562,770.1556599842944,762.7431073618976,768.0412611024661,6163740
2022-01-14,768.4533081054688,769.8171157136276,758.2788266686812,762.8411805123269,5696350
2022-01-17,770.454833984375,776.0866032940299,765.446102060387,767.2072426289255,6797740
2022-01-18,759.7996215820312,779.5206357381951,757.0572749071839,775.1005674307644,11300240
2022-01-19,742.904296875,789.3321437665796,733.2105673105815,770.1997922396085,50003170
2022-01-20,738.82763671875,750.5768384385829,726.1462742532881,746.6522536624334,29103830
2022-01-21,723.47265625,735.7615359685121,716.8106953219491,726.2934514854213,13704500
2022-01-24,680.10595703125,721.1424059162213,668.9160165528092,721.1424059162213,25025820
2022-01-25,683.24560546875,686.4097776415532,662.489431280055,676.9907991720517,25259340
2022-01-27,670.8096923828125,677.2214566749645,658.162703050143,669.4949300796791,17610280
2022-01-28,673.7775268554688,691.2762889849458,671.5945007520019,682.9806819998424,14675220
2022-01-31,686.826904296875,694.2492778215621,679.9441492144887,684.8302382106261,12512490
2022-02-01,688.23486328125,698.164058442362,675.6172771188002,694.2492945250598,13834490
2022-02-02,711.080810546875,714.2744462753012,696.1232412531954,696.613814361901,13398210
2022-02-03,697.6587524414062,714.9661864599876,696.6138293020766,711.6253547735344,8398560
2022-02-04,702.34375,705.287188716686,692.1986715406798,695.6326833768136,8232080
2022-02-07,679.9931640625,702.9912327461814,675.1266574874745,702.9912327461814,11830120
2022-02-08,692.19873046875,701.2252886119167,678.4332188206477,686.8024256954288,16405420
2022-02-09,698.3161010742188,702.2946418703233,693.6703880245597,699.4149800664749,6491660
2022-02-10,700.244140625,710.3499357450415,693.1798751434694,700.0478993840983,12442000
2022-02-11,687.9404907226562,694.6466470208853,679.0562184546171,690.7269724721128,12764610
2022-02-14,665.8008422851562,679.9342813070579,661.6898974095757,668.160527518191,11697660
2022-02-15,700.739501953125,705.9346540432516,665.8008420831146,667.1793811666589,13468200
2022-02-16,693.5328979492188,708.8731263635138,691.7079806279041,704.9534525973746,10540410
2022-02-17,694.891845703125,699.3609592012219,685.0362494580152,698.5760542632012,9036160
2022-02-18,689.7555541992188,698.1835659666718,687.7834408856448,688.7645870210024,7625170
2022-02-21,687.4254150390625,694.7398771279944,678.0701519748088,686.8023775864598,8166640
2022-02-22,687.9158935546875,690.3491167661894,666.100123976431,667.1793607532986,12587320
2022-02-23,691.17333984375,698.316052799639,689.4955583397874,692.689193904135,7952280
2022-02-24,650.2840576171875,677.0104684866488,646.8156725292703,667.1793651489438,19300400
2022-02-25,683.800048828125,685.8162971237002,663.1567539217605,667.1794294692068,14132810
2022-02-28,687.0279541015625,689.255175040148,667.8269166299733,673.066263455575,15808910
2022-03-02,670.2749633789062,680.5573564283037,663.4510747661081,678.7569315865403,16080090
2022-03-03,662.11181640625,681.3373474208496,659.8208184744227,678.9531693446849,13339990
2022-03-04,641.463623046875,657.1717850169628,637.7451000985371,656.2299228874604,19965090
2022-03-07,600.9520263671875,624.990107421875,598.4991609534438,623.02781509088,28435880
2022-03-08,604.5675659179688,610.012915324663,580.1419122244822,601.2463764655789,28857830
2022-03-09,635.0469360351562,640.1979540562988,600.6430389899955,610.2239468815809,22801310
2022-03-10,646.074951171875,666.5907517337566,637.8431201877909,666.5907517337566,20915610
2022-03-11,650.3037109375,655.8962564397478,636.7688154275197,642.6507823007253,12647710
2022-03-14,653.9781494140625,656.2887896919228,637.7451005079998,647.6546542698184,12668460
2022-03-15,654.0860595703125,662.2736960007969,648.0470758644835,655.1309228016332,14792700
2022-03-16,671.162841796875,676.9319860254701,661.6212193164522,665.2170984450873,16335960
2022-03-17,686.2529296875,692.3850936981024,679.9441665395219,681.6709935064139,16706780
2022-03-21,674.086669921875,688.6419954918343,672.0851532137582,686.8023463498258,9620190
2022-03-22,685.4090576171875,687.7834144057049,663.9415762113183,674.0473690395424,12737960
2022-03-23,687.2733154296875,697.0063294794835,683.8589455960373,691.708115703309,11767500
2022-03-24,686.5619506835938,690.2902941945507,675.1512158076915,683.7607974998208,7837160
2022-03-25,684.2022705078125,693.4201581105839,680.915454730529,692.5911183259263,7023730
2022-03-28,686.939697265625,690.2363340410252,674.0474221552016,685.8211762539825,9369730
2022-03-29,690.6632080078125,692.6892774825112,685.2816350047303,690.7269849117392,7159500
2022-03-30,711.512451171875,713.7298509987133,696.5156589812271,696.6137496400896,12722540
2022-03-31,712.3072509765625,730.4633667157026,710.4136459427307,715.0544484379659,16330110
2022-04-01,726.8428955078125,730.8558097127109,708.4170014811692,709.3637740047765,8715130
2022-04-04,734.9422607421875,744.7782750838709,728.9916068053916,730.8558084885368,10497590
2022-04-05,724.9149169921875,733.8924284480539,719.1801463432848,729.482181181763,10720820
2022-04-06,720.8432006835938,728.5010394406759,716.2367121773649,721.1424430826893,7670310
2022-04-07,715.2752075195312,721.7311062690776,713.29327307233,717.2178577934982,7182660
2022-04-08,722.7711181640625,728.5010382008705,712.3121262408512,719.0133714137547,8819730
2022-04-11,719.8326416015625,724.4784146052326,715.7461890306677,720.6568308003084,5975080
2022-04-12,713.7348022460938,716.2318025122552,708.3875435760132,716.2318025122552,8055980
2022-04-13,719.0280151367188,724.0858522393564,714.4755425534886,717.5121611161284,6723170
2022-04-18,712.4544067382812,723.595302366279,709.52563990062,712.8517397983316,7582220
2022-04-19,712.26806640625,730.2966293503849,701.6176827864202,716.2367863520296,11911100
2022-04-20,689.9910888671875,715.7167143709415,682.8777786726804,713.7789745130998,15581810
2022-04-21,700.3519897460938,705.1498091947344,691.4431651883674,696.5157343265954,8753430
2022-04-22,697.6685180664062,707.112049861381,693.8077103201488,694.6514816459351,8079870
2022-04-25,687.3419189453125,694.1559860989736,681.8965698250303,686.8023005431959,6849530
2022-04-26,710.40380859375,712.6015665124297,696.3194739776702,699.6553351455192,10124190
2022-04-27,658.7513427734375,696.6138009219862,656.2739845529181,696.6138009219862,39843570
2022-04-28,660.0808715820312,667.6700234572988,645.5942328213117,662.0774778526325,24990940
2022-04-29,654.6011352539062,669.4949278552998,652.5603343256612,667.1794371222525,13375170
2022-05-02,650.1221923828125,652.4475041313099,640.2469532922647,642.6507735059253,12387410
2022-05-04,622.0220947265625,654.2086462667639,617.1409166764064,650.4900641025816,16491150
2022-05-05,619.0492553710938,637.4947907333263,617.1409189522745,627.9335264379265,14860280
2022-05-06,588.7171020507812,608.8060437753123,586.2347737621367,608.4086508745248,30648650
2022-05-09,592.3130493164062,601.9577330170796,572.2584190358513,584.8612129520544,19356480
2022-05-10,581.6676025390625,599.7795833338365,578.8762702853404,588.6877324935665,11779330
2022-05-11,569.7515869140625,588.3540797759327,562.8835637961698,584.4687793095468,18613390
2022-05-12,548.7943115234375,565.6062004282822,540.2092827479609,564.1590338170366,24940440
2022-05-13,541.1756591796875,564.0609033933547,539.6303421321555,559.2532636642338,21053150
2022-05-16,553.8963012695312,560.4258585300463,538.4530683503976,546.9890529928191,14149550
2022-05-17,572.7244262695312,573.872410388406,554.5438191453891,555.3287240930205,14017700
2022-05-18,570.55615234375,584.4393350203867,568.0836447785932,577.8901961701582,16550940
2022-05-19,559.940185546875,563.6685293778874,550.5211454699634,554.445730530906,10650250
2022-05-20,566.0821533203125,573.1807319584829,560.4307414250434,572.9894012565227,10986100
2022-05-23,568.4761352539062,579.4894774536522,566.2390931615039,571.5176645363003,9680210
2022-05-24,568.9470825195312,572.3025858695619,561.7062185274979,567.3968547033828,10840690
2022-05-25,571.753173828125,576.6883683627923,569.2414417458124,572.8913370486013,8675980
2022-05-26,570.8113403320312,576.4676034095489,554.6812922793636,573.9706027685608,12595460
2022-05-27,588.0499877929688,596.2425950059826,575.0547103519951,578.8762942030093,16258050
2022-05-30,599.5980834960938,601.1483113180122,592.7202387940043,597.3218170403844,8174840
2022-05-31,596.7478637695312,605.2886983436116,590.3017260344151,599.4803295937429,15489660
2022-06-01,589.68359375,601.442616504672,586.4555844479567,594.5745931514375,8876200
2022-06-02,594.3636474609375,596.5369127273347,583.7035031661567,589.3745571665372,7508090
2022-06-03,591.4545288085938,605.1709328105113,590.0613180444543,600.952016346106,10434650
2022-06-06,590.7481079101562,593.5934558672517,579.9554996216608,589.4922719037529,7376570
2022-06-07,576.7766723632812,587.7017464274888,572.3664243610633,586.725510611122,8969820
2022-06-08,584.203857421875,593.9859158867968,569.2855131239434,578.8762408993878,13341460
2022-06-09,578.7340087890625,581.9766899964898,574.4611359841658,579.3668672906063,12376740
2022-06-10,556.0645751953125,572.4987730506658,554.5830349414739,571.5176269100477,21518910
2022-06-13,525.7227172851562,544.9286676867293,522.4603939283447,542.0882300440494,19327850
2022-06-14,527.439697265625,535.8039329567721,518.4572747735951,524.6189018506501,18845410
2022-06-15,538.15380859375,539.6206174494472,529.4412250869567,531.585027251777,16599430
2022-06-16,518.4278564453125,550.9086823244636,515.5775979817952,546.0078618324616,21796860
2022-06-17,531.7371215820312,537.1775606570316,512.1583318045123,512.1583318045123,19379390
2022-06-20,536.731201171875,540.6116518470542,525.1095511212463,532.5662396067472,11194560
2022-06-21,544.4527587890625,545.90980650663,535.2152882505161,542.0833121144091,10023590
2022-06-22,533.7042846679688,542.7210202385364,530.3094974092375,542.7210202385364,8983460
2022-06-23,534.543212890625,539.139880816679,524.226445384994,534.2930157984918,11018570
2022-06-24,548.239990234375,551.0754572318209,535.2152505142016,540.6115545982128,13049330
2022-06-27,553.4841918945312,561.7062018760639,548.2399941778655,559.2533363656881,10490080
2022-06-28,547.1116333007812,551.3060571332466,542.0832591771918,550.1286697518168,7395000
2022-06-29,540.8863525390625,544.9286704410125,535.7058714116605,538.1587371232523,7559820
2022-06-30,531.7972412109375,545.0614313402924,529.4831766580952,542.8556714034239,11982750
2022-07-01,552.8604736328125,554.785615534977,525.3523589384246,528.203138829888,12218900
2022-07-04,554.4261474609375,556.2626380509475,545.63255738945,552.7126865946396,7898180
2022-07-05,557.4590454101562,566.7055677075056,554.0470290378064,557.3507407861828,12284530
2022-07-06,582.62841796875,584.809596040709,555.9622824362302,559.3201463061232,22229520
2022-07-07,577.1140747070312,589.541219440329,572.7123510250307,584.4305271693245,13352470
2022-07-08,578.344970703125,583.7412097280683,571.2352707234224,583.7412097280683,8032820
2022-07-11,577.19287109375,581.3729970297981,572.4957438161939,576.0604205849503,7613370
2022-07-12,578.37939453125,586.8480108523121,569.5612824300628,576.0406877735147,9754460
2022-07-13,578.90625,588.763293105838,577.6950052150438,583.9332193749682,8869340
2022-07-14,574.1747436523438,583.6378762450292,570.6149349490591,583.4458488799379,6929200
2022-07-15,582.4807739257812,583.765824505065,572.4021332312084,576.5527486352939,5698590
2022-07-18,596.7197875976562,597.5371209048901,584.0711054023504,587.8671765608831,9664320
2022-07-19,597.3253784179688,600.4962037124106,591.0330719458227,594.770062379936,9785600
2022-07-20,598.1575317382812,605.5626356223806,594.9719811566224,605.5035549042611,8270920
2022-07-21,617.1133422851562,618.713510115035,594.3761618758284,598.6105002153198,13254930
2022-07-22,616.2615356445312,622.8345203406792,612.2685088963808,617.5170158098325,9532950
2022-07-25,613.184326171875,623.7208279328833,609.0484957485637,614.4644484189229,7240230
2022-07-26,616.8720703125,628.6148279724597,611.7564498096442,620.3727378351322,15304060
2022-07-27,629.8604736328125,633.1149613020903,610.0331555624259,618.3048156110328,14449890
2022-07-28,696.845947265625,700.1300054770292,642.2334914514631,642.2334914514631,64857820
2022-07-29,709.8934326171875,714.9056765465941,701.6119759496534,706.5355687633352,26067620
2022-08-01,715.0042114257812,719.8293570117132,708.2096885770227,714.0244211447485,12270770
2022-08-02,722.9705810546875,724.359007892677,707.2445931130192,709.1402245778991,12491240
2022-08-03,718.4852294921875,726.3679073973515,710.7699369352849,721.4048867445554,12186210
2022-08-04,720.484130859375,727.2147042956642,709.489769052168,722.6800942619888,9494810
2022-08-05,719.3074340820312,725.5357918293016,716.4862246458998,722.7785915122473,7580780
2022-08-08,723.0001220703125,728.4948691462439,715.2996748648775,718.8446380801798,9574820
2022-08-10,704.0147094726562,725.6391512947654,699.6425565393048,725.6391512947654,19065230
2022-08-11,720.710693359375,721.3064289245398,710.7059179711133,713.3302317036953,10270510
2022-08-12,719.770263671875,723.0789039629386,716.0923538812965,719.0415814758921,10369410
2022-08-16,717.4758911132812,727.1163258336643,716.0973209687586,722.6850916000957,8044640
2022-08-17,741.2075805664062,752.1280765001466,718.4506873817165,718.8445988741365,23444140
2022-08-18,737.3819580078125,747.2832968602224,733.8517199967891,737.5542717517491,8353540
2022-08-19,719.0120239257812,742.3498687329952,715.9889303567252,739.5237309210277,11004270
2022-08-22,699.3668823242188,716.8554959540722,698.0523213326999,715.0042200003065,10608620
2022-08-23,709.7557373046875,713.9210782942233,694.2267037205896,697.6732192709756,10886030
2022-08-24,706.7227783203125,712.5818667062291,703.089163850934,705.5509606431292,9530960
2022-08-25,693.946044921875,712.8378702275278,691.7747234228714,710.257912116801,13542960
2022-08-26,695.418212890625,703.2368817516622,691.83382240769,701.1197125113813,7591390
2022-08-29,685.7925415039062,690.8293678622837,675.6499512682612,677.584889788876,9967350
2022-08-30,719.4600219726562,722.2910879273819,689.3030150636228,689.3030150636228,17313810
2022-09-01,707.156005859375,722.177893608036,703.2860687939886,711.8137058208464,14625790
2022-09-02,708.0471801757812,720.124769390479,706.3830031776934,710.6813507659866,9063700
2022-09-05,708.6232299804688,714.3149326256492,704.861597525834,708.0816467435551,7070250
2022-09-06,701.0557250976562,714.4134370448469,699.6426561273104,711.828550384278,7919050
2022-09-07,705.6986694335938,709.7802875120169,696.1961100852236,696.9838730124944,7919940
2022-09-08,714.6743774414062,716.8210569822292,706.5356630101555,710.9668971335641,7722510
2022-09-09,707.1166381835938,721.2079595884584,705.5509090930726,718.8446107996414,6496070
2022-09-12,717.5546264648438,720.8041859485594,707.8009595098563,710.6566675999901,8347160
2022-09-13,729.031494140625,733.0245811239777,720.0656501382678,721.7987645645292,13827000
2022-09-14,736.9092407226562,744.447290749998,716.1021911841809,716.1021911841809,14933880
2022-09-15,727.3427124023438,741.7737323923046,725.708045850819,737.5493111882815,7174200
2022-09-16,716.294189453125,736.5843587491073,708.441082011467,727.2147460728141,11870360
2022-09-19,738.1549072265625,740.946606139471,708.1062042383404,716.3827930540051,16481170
2022-09-20,751.8720703125,759.71045254859,744.9396725249621,745.4271034575453,16134500
2022-09-21,757.3126220703125,761.6798467123283,747.0124437474419,752.3250198942712,12392620
2022-09-22,760.1585083007812,765.9141600063678,748.3861799182476,755.2792105227578,12810390
2022-09-23,739.2430419921875,761.3352011324829,736.0771452834476,759.6906778150735,14123310
2022-09-26,714.8565063476562,734.6001029934089,702.0059401589464,732.3352621494431,18752050
2022-09-27,713.2169189453125,726.7174332353683,709.9870730357596,721.306409077177,11428290
2022-09-28,709.2435913085938,718.598418267888,705.0683939452595,706.9295265754347,8690690
2022-09-29,699.6179809570312,720.5088142229482,697.9735175881805,720.0755355991389,9696320
2022-09-30,722.3649291992188,724.9498154175252,691.9420300751665,697.2791878381835,16186650
2022-10-03,706.2205200195312,728.4948512580509,703.5421141186192,722.4880914844904,8201980
2022-10-04,737.42626953125,739.031365780115,719.469938912535,722.291148300752,11914950
2022-10-06,729.1004028320312,748.2876904901057,723.4629128706162,743.4625452942344,15100600
2022-10-07,723.2905883789062,729.454936358646,716.1119514039432,727.2589730368591,9911960
2022-10-10,718.1947021484375,722.5865087121217,711.0652888794591,715.3980748327107,6531130
2022-10-11,709.273193359375,724.0144030184387,706.2993237394878,719.5339450848548,7322060
2022-10-12,711.577392578125,714.7580146139969,703.5814818750198,709.4897938291837,7407310
2022-10-13,704.236328125,711.5577092624335,700.5977853127102,711.0161259974053,6086550
2022-10-14,716.1366577148438,723.2758681217638,711.0653324882551,718.8446340760893,8390120
2022-10-17,724.2803344726562,725.964165023641,710.6715145066424,714.4085052322487,6174010
2022-10-18,727.7464599609375,731.6459675080941,720.9125100272212,728.6918115154639,9069750
2022-10-19,726.76171875,732.6306634435014,723.7681957405557,730.365822606573,6271770
2022-10-20,731.8822021484375,733.5168685913562,715.0041118538086,725.7326396399238,10260540
2022-10-21,708.2835083007812,737.5542451921583,704.3741441324008,737.5542451921583,23869600
2022-10-24,709.6375122070312,719.82932609364,708.0127024094763,719.82932609364,2278840
2022-10-25,699.4358520507812,713.1874756970758,698.1655865133345,713.1874756970758,9098990
2022-10-27,686.4572143554688,709.9821576945134,682.5084828911491,707.6188088567663,16414580
2022-10-28,689.9776000976562,698.1655382571969,687.3336328681571,689.3030702116189,8396690
2022-10-31,703.4927978515625,704.0344411706632,693.8327106623598,698.5594080866111,8189860
2022-11-01,709.9329833984375,712.5424519824304,705.0586136439541,708.6971565788954,7627420
2022-11-02,704.6843872070312,712.936334673465,703.0940761321297,709.6867750027657,5859140
2022-11-03,701.2771606445312,708.5050214993466,698.3722889024168,699.6425542394521,6323130
2022-11-04,710.1791381835938,711.449403669213,701.2772426734904,701.2772426734904,9219250
2022-11-07,708.0176391601562,713.985031786931,700.2334093672391,713.7339237224849,7224940
2022-11-09,703.4830322265625,712.4439479595002,700.5928853739074,712.4439479595002,6896340
2022-11-10,686.8511352539062,705.5509333475907,685.8122642600858,704.8616182519513,10081820
2022-11-11,694.369384765625,704.8467445139788,688.8106292893264,703.9753190787779,12333420
2022-11-14,691.8436889648438,699.8396000918366,689.4064740930726,694.7091939694412,8550600
2022-11-15,691.8387451171875,695.4477174763872,687.4320929213382,692.7643830891767,7195210
2022-11-16,678.9684448242188,692.734792465384,674.7883189185437,690.3862288436708,13362040
2022-11-17,678.9684448242188,684.3794690555331,672.7598008819882,676.5017197714407,7339440
2022-11-18,668.7716674804688,682.2130404346025,664.6850612112991,680.4307021560452,13276890
2022-11-21,657.7034301757812,664.3897085096839,650.9334892192625,664.3897085096839,10717480
2022-11-22,658.2893676757812,662.4941356829894,655.8522129774923,657.8167219409515,9587690
2022-11-23,667.6442260742188,670.1010944927071,658.7768291192081,661.583253453395,8936670
2022-11-24,666.7874755859375,673.5327743268097,663.4344797189164,670.9823866695864,7546110
2022-11-25,664.4389038085938,667.4422836467409,657.2996936528141,666.6545207534908,8590580
2022-11-28,667.38818359375,672.8386353623716,662.5728946318548,662.6172502479944,6040540
2022-11-29,663.1243286132812,670.4851370337337,661.8294211052291,667.1469261814603,6818600
2022-11-30,661.824462890625,665.0986644751437,657.5951130493893,663.208021465356,14828310
2022-12-01,664.4635620117188,666.6545370029834,660.450821426549,665.1380918939528,9816160
2022-12-02,657.3735961914062,663.8924291575591,654.5425299374402,662.7353967090388,14386020
2022-12-05,655.866943359375,659.6630747807742,653.0654475341939,657.2554303703021,10292500
2022-12-06,659.6187133789062,663.2080322069331,653.0654418046611,657.2406393991919,8409800
2022-12-07,652.3958129882812,662.2183573870607,650.012750604315,662.2183573870607,9610270
2022-12-08,648.1369018554688,657.7920610482306,645.9754371970648,657.7920610482306,11377840
2022-12-09,641.7854614257812,651.6868003887276,639.0824134989169,650.1604984786748,11312920
2022-12-12,640.7072143554688,643.9075499714252,629.4321737803,640.8647428945579,11000480
2022-12-13,651.8936157226562,654.6409591724566,640.7564499796543,640.7564499796543,9586360
2022-12-14,655.3499145507812,658.6339124791384,652.5335737944692,655.6256044939981,6782830
2022-12-15,652.41552734375,661.1401809909034,650.3082749342321,653.0654753645289,8577060
2022-12-16,649.6090698242188,659.298728101546,645.9754554830284,648.9296115294446,8802330
2022-12-19,658.4813842773438,660.2538658564669,649.6189162792704,649.9241766617723,6595590
2022-12-20,654.1337890625,659.6482494551601,648.4372182297383,655.8226079590064,6077160
2022-12-21,642.6962890625,659.1608157491514,640.5594664719038,659.1608157491514,6223900
2022-12-22,639.1463623046875,647.4524610549599,630.9092010667456,646.9601017689865,8497060
2022-12-23,627.7188110351562,636.7190943741662,624.3165910605899,635.143568477841,9943030
2022-12-26,633.5383911132812,637.1030675821662,620.3727084423128,627.7236591231409,5305350
2022-12-27,640.5299682617188,643.0213355165005,633.1741481425877,636.7191115562115,7810350
2022-12-28,637.713623046875,646.9601454868704,636.5270803612648,637.6053184212307,7559340
2022-12-29,641.1405029296875,642.0857943838265,630.4562693381356,634.1588211400672,5218800
2022-12-30,647.4722290039062,661.7210790867565,641.5442034704415,644.9907187615337,15202660
2023-01-02,645.3600463867188,650.8990893177511,638.5654630170009,646.4678549729252,5793400
2023-01-03,650.52978515625,655.8226481196783,643.0213051383632,646.4678205564096,7420810
2023-01-04,647.05859375,653.6562206528525,644.9907086487498,649.4219425249626,6712530
2023-01-05,600.683349609375,639.082451415914,593.2979591846919,639.082451415914,51023000
2023-01-06,588.9010620117188,604.6122633591887,585.0803492165041,603.6324732067962,29319220
2023-01-09,590.1764526367188,598.5120634660005,586.4000344722061,592.8007065529271,14005480
2023-01-10,581.3927001953125,592.3083291956806,578.5222666707604,590.7328032338178,11203750
2023-01-11,580.5654907226562,585.8091293794344,577.5916212660985,583.9381399658806,11088910
2023-01-12,580.8264770507812,587.3748200353668,576.7497274005243,581.6290251575169,14769490
2023-01-13,588.6450805664062,589.3540490694942,578.2267415336179,582.9533785282215,11084900
2023-01-16,591.904541015625,597.9408108545704,588.3250792199182,590.8311712760601,9083390
2023-01-17,589.3491821289062,592.7956973951656,584.9228766165784,592.7956973951656,8170050
2023-01-18,590.6982421875,595.6563342377351,589.3541108493245,591.220171920138,7962810
2023-01-19,592.05712890625,593.7508761488294,586.9562937786649,589.1571254215723,5481420
2023-01-20,577.08447265625,592.7759613049145,574.7999182684042,592.0620643535365,8330900
2023-01-23,577.3405151367188,584.4305012242946,575.1741221512851,579.1129966329989,8560640
2023-01-24,576.5577392578125,583.0519303703655,575.3366976607794,580.2307208525108,6081450
2023-01-25,570.7330932617188,576.5576822810236,568.8719606392941,576.065322969427,8278370
2023-01-27,567.2669067382812,577.1978164299509,559.3202196447655,572.6139220482943,16213520
2023-01-30,592.9778442382812,597.3499972625272,568.1875652988128,568.1875652988128,24481600
2023-01-31,579.6448364257812,595.7548201119877,578.423794840623,595.7548201119877,19967880
2023-02-01,572.83056640625,588.9011837309168,562.1661055429536,585.3168531337257,26348660
2023-02-02,563.0276489257812,573.0077816271294,555.8736538191793,573.0077816271294,20250440
2023-02-03,592.234375,593.7853188233877,565.9227227232062,568.1826350930261,14868920
2023-02-06,601.0919189453125,603.0417026688076,586.4590147800754,590.8311678260867,10738200
2023-02-07,606.6408081054688,608.7530487289683,600.6783442125062,602.9382565640942,14721930
2023-02-08,625.4588012695312,627.9550967109597,606.8624400033925,607.0790492577603,19032080
2023-02-09,635.6359252929688,638.8658315007258,623.843942819029,627.7483188344424,18381540
2023-02-10,633.715576171875,642.7848551582264,632.1892745233439,635.5324130505301,12912820
2023-02-13,624.8532104492188,637.4231585036655,620.0822774153853,633.6615260296352,7365570
2023-02-14,636.000244140625,637.3443755120701,621.3574822900994,625.6705548834475,10340900
2023-02-15,639.0775146484375,639.6732502354428,629.9540813719826,635.1435682085827,6189790
2023-02-16,633.8928833007812,642.5042426245285,632.1893393605231,640.5594474361687,5290480
2023-02-17,631.8644409179688,637.6841621800075,627.0196416696812,631.2046962077198,6160440
2023-02-20,627.0097045898438,634.508327026849,624.6069888291743,632.6816932774865,4657320
2023-02-21,628.1766357421875,631.0323438816329,625.4933014492701,629.7275796437405,4485090
2023-02-22,610.392578125,626.2810221637382,609.0484468683524,623.4253142166646,9347000
2023-02-23,610.7569580078125,616.6751267160316,602.9087792094288,611.9041937016673,8097680
2023-02-24,614.09521484375,618.9941664593663,610.5256094658248,615.8184726124035,6077610
2023-02-27,609.9839477539062,614.5628531746529,604.1248600733722,612.0026088599851,5950040
2023-02-28,601.869873046875,615.1142900447776,599.6936233188021,612.4949650316829,9778520
2023-03-01,606.0795288085938,610.9145309173117,600.6882183748093,600.6882183748093,5448040
2023-03-02,599.0043334960938,611.4709050693656,597.729139692784,607.0987519269909,5822980
2023-03-03,600.683349609375,604.7157439320706,598.0196686341835,602.8251008120409,7120370
2023-03-06,604.1101684570312,608.8515916466014,602.6528039385217,604.6173130383239,6084770
2023-03-08,590.52099609375,603.5340793855903,589.3541069077302,603.5340793855903,13427950
2023-03-09,581.112060546875,594.7701043264393,580.009180393407,590.8312294633503,9408580
2023-03-10,578.4385375976562,579.7433019499513,569.2658801213009,577.5375415865432,7708610
2023-03-13,574.4405517578125,585.6614404550556,572.2200063052675,577.931422785115,7933560
2023-03-14,564.3964233398438,576.0603864173556,562.879918216012,575.0756678080952,13725650
2023-03-15,563.135986328125,573.1062628073771,561.3880866574459,571.1368254781421,6794730
2023-03-16,562.776611328125,566.7056294467311,557.8431608715432,564.2142622091911,8849630
2023-03-17,564.4752197265625,572.7862481082019,560.117851421152,565.2334723719929,10471510
2023-03-20,546.59765625,565.2728121718287,540.1871280909953,565.1300688343298,17127560
2023-03-21,562.2842407226562,562.7667432745995,550.0786330683665,551.6197202550104,11301140
2023-03-22,574.5045776367188,576.7497651629784,564.7361847826803,566.1935492525579,12425340
2023-03-23,574.391357421875,580.9840565984529,568.4288926634863,572.0723640219691,10544190
2023-03-24,556.2921752929688,574.0663350315745,554.1208538255656,571.5208757687667,12780420
2023-03-27,550.7581176757812,563.7514888985867,549.9211307725503,561.09273623176,11187430
2023-03-28,544.9876098632812,553.845149139584,543.8305774925232,553.5152467613651,9481360
2023-03-29,553.9240112304688,555.9721829594602,547.0112663633499,547.7153667156339,11096120
2023-03-31,553.0918579101562,560.6988458480981,550.0835495259977,560.6988458480981,12678280
2023-04-03,562.7716674804688,564.637728656483,554.6132393641805,556.8584268574549,7453860
2023-04-05,567.325927734375,585.6170876179413,565.5386610841674,574.2878953984564,24333290
2023-04-06,584.1547241210938,586.7938227918395,561.8360992590871,567.2963469279227,17405020
2023-04-10,573.9728393554688,587.8672057561976,572.2200112242847,585.4103374134963,9282570
2023-04-11,574.8541259765625,579.0145380294148,572.2347408376268,576.8481450843242,8116200
2023-04-12,576.7447509765625,578.694474515448,569.7581414581367,574.7802422345154,10230690
2023-04-13,581.4222412109375,584.6275053941237,576.099807777481,576.7448273764676,8330060
2023-04-17,587.03515625,590.6342718918517,580.9840405273137,590.6342718918517,6728570
2023-04-18,582.5250854492188,590.2403776407479,578.0544844545665,588.369388181281,6408890
2023-04-19,585.6860961914062,586.8923525730764,579.014602874109,582.5251274878098,5549280
2023-04-20,582.2346801757812,587.478259488269,579.6202230200661,586.8923806755354,4367310
2023-04-21,584.7161254882812,585.4152974383406,573.8940760317613,582.2641854148159,6431010
2023-04-24,584.3074340820312,587.3551094814027,578.7191677146304,584.9228832436934,5448920
2023-04-25,598.2412109375,599.9595401421169,583.8101305365852,586.8824478601811,14944750
2023-04-26,596.3406982421875,602.6281368209708,592.1409186225487,600.6784130082559,9740070
2023-04-27,610.530517578125,615.8873896679007,597.330334659734,598.2166055237158,28271360
2023-04-28,618.4132080078125,619.9788771026875,601.7615809286756,614.8485310781757,14896680
2023-05-02,615.3654174804688,623.7848098003745,612.9676300343461,623.3268891949851,9912540
2023-05-03,608.580810546875,615.9415589327853,606.1878911687692,614.2724534912477,6682510
2023-05-04,629.2598876953125,630.1215165528652,608.7678940700747,610.230186906588,12451410
2023-05-05,629.220458984375,634.9466005824656,623.4893889846277,628.2455970956864,11600400
2023-05-08,655.6207275390625,659.2789837175087,629.0382527638926,629.673415517007,22247350
2023-05-09,645.2122192382812,663.6855497504256,644.2029187369524,654.8378675732911,21307700
2023-05-10,653.0161743164062,656.3149576394034,642.5288970138196,649.0230874379074,8353210
2023-05-11,656.1622924804688,657.7920306270836,652.3760782791061,655.7241455897466,5674940
2023-05-12,661.1795043945312,663.0750758086454,650.3771093606697,654.8379137728433,9120780
2023-05-15,660.9727172851562,664.6851260366966,658.3632487777475,661.1795298501422,7390760
2023-05-16,668.0922241210938,674.4338145097428,659.7614828647534,661.7309201270361,12651330
2023-05-17,660.2588500976562,670.6377640829513,656.0196430923529,668.1316716935714,7407850
2023-05-18,668.5648803710938,672.6268447885885,664.2075123800907,665.6500915400799,11067180
2023-05-19,668.0527954101562,671.5781049304139,660.9431557584586,669.6086676725536,5928340
2023-05-22,668.9243774414062,671.3812459665587,665.8569880865044,668.0528917127818,4197920
2023-05-23,667.6934204101562,676.8907193685205,665.3842839441708,670.5983525499395,7901960
2023-05-24,668.2251586914062,674.3895073819222,662.6910443947199,666.5561133817886,5539360
2023-05-25,673.6607666015625,674.3352964496577,664.3010113450472,667.4422661352725,5302600
2023-05-26,679.8989868164062,681.4252886650349,673.6657010899592,674.1974275107041,6940730
2023-05-29,682.6119384765625,686.5360280439613,679.6331403889623,683.4144866155344,6407280
2023-05-30,689.874267578125,691.1494615101204,682.4150111466774,684.1825644457326,8819230
2023-05-31,688.3035888671875,691.8633373656315,682.1441685656824,689.7855953248534,21476270
2023-06-01,693.2911376953125,694.9454577772761,684.4877507610541,691.6663880213534,5900260
2023-06-02,691.656494140625,699.1501880698556,689.795361609766,696.7622575465863,6642090
2023-06-05,693.5570678710938,698.3230726246503,690.5881266264698,696.196106721051,5771620
2023-06-06,700.52392578125,702.3013356878837,691.7648343751308,691.7648343751308,6905860
2023-06-07,697.1759033203125,703.1875916830942,695.4083501024743,701.1197064774449,5344830
2023-06-08,690.297607421875,700.233384611503,688.8254578974381,697.1807809393324,4553600
2023-06-09,692.9613037109375,697.4269762951523,690.4896503098628,690.5585878269096,4473610
2023-06-12,698.923828125,700.1350129230075,693.3995104042349,694.2414857831197,5132550
2023-06-13,705.7232055664062,708.9974070011735,699.1502207928239,699.1502207928239,8001340
2023-06-14,698.840087890625,707.2249820419386,697.3827234480685,707.2249820419386,4015200
2023-06-15,701.76953125,703.2564659528567,694.8174203359279,698.6578469181081,4370180
2023-06-16,709.3125,710.8289449875243,702.2028005465812,706.0432270779445,14148580
2023-06-19,727.3329467773438,728.5786304009215,709.219026425691,710.1742348513169,11845900
2023-06-20,713.8028564453125,726.3432339691816,709.095872471388,726.3432339691816,8638260
2023-06-21,709.60302734375,717.4561947163365,706.7325940876074,716.3828249321817,5468040
2023-06-22,692.2572631835938,709.4061181304094,691.2725444592927,709.0073383003473,8271940
2023-06-23,688.283935546875,694.7190458339326,684.9801634245122,691.3660497968502,8152260
2023-06-26,689.175048828125,692.7495823983772,683.8871143932806,688.3183483958289,5635390
2023-06-27,691.1986083984375,692.2571929401386,684.7733554358218,692.2571929401386,7097890
2023-06-28,698.1852416992188,701.6120433941683,693.241934806308,694.655003675572,7097820
2023-06-30,708.11376953125,711.51559773599,701.2507813653203,702.1210206984753,8879080
2023-07-03,725.1625366210938,727.3381352290382,708.0545272929863,708.1138590569371,12092270
2023-07-04,777.3221435546875,783.2110770760802,752.8171616958847,756.5106994484865,41622080
2023-07-05,775.17626953125,791.112430288278,769.3664649278425,779.250544696842,19786660
2023-07-06,768.0067138671875,773.7176522515389,764.9163923080888,768.970870050489,10459840
2023-07-07,753.7764282226562,766.2910240700928,752.1200278472285,763.4330800487938,10949150
2023-07-10,744.96533203125,754.5280067236724,734.9823252958943,753.7764308192204,14515180
2023-07-11,736.1393432617188,759.4774275699498,729.9092067024096,748.3028368660752,16750430
2023-07-12,734.94775390625,742.4683417182324,731.6052570214027,738.7006237969854,11317550
2023-07-13,739.1654052734375,743.9417629643731,733.3703882356988,738.705538853855,7470520
2023-07-14,739.9317626953125,743.5462318437566,731.778262939339,739.106067385201,7266000
2023-07-17,742.760009765625,745.8305943757243,735.941565175192,743.6549958800384,5067440
2023-07-18,733.7659912109375,747.1161810779829,729.1280339465168,743.6550207420822,13097090
2023-07-19,750.0531616210938,751.4673458981355,734.7548625660792,735.9366087871717,9759430
2023-07-20,751.2299194335938,755.2399736423955,741.8749370149387,746.7205248101284,6494360
2023-07-21,749.761474609375,757.2722238262216,744.9504714625906,751.2299809896789,6733940
2023-07-24,749.74658203125,755.9964554848598,747.6451634082008,749.7515313742846,5843420
2023-07-25,752.2041015625,756.4514228203863,745.7366376590052,756.4514228203863,8508690
2023-07-26,735.0663452148438,764.8175100299142,724.9646757580742,755.0273473940453,22288660
2023-07-27,720.3267822265625,749.380756168841,718.7050272358173,749.380756168841,21471720
2023-07-28,729.9685668945312,731.254189001507,712.9990190187492,723.7780851969835,10070500
2023-07-31,721.9288330078125,728.8115587529832,720.0251465864335,726.3492001211957,7493150
2023-08-01,718.9027709960938,724.8658849422148,716.3613434502885,721.9288720609418,7527650
2023-08-02,712.3512573242188,720.9102412174343,706.5711486280615,720.9102412174343,8985360
2023-08-03,702.9468383789062,714.4131389196965,694.0170159187077,709.5378547010682,10818980
2023-08-04,706.93701171875,712.5045398777197,699.2829129254101,705.9778048769389,7313490
2023-08-07,704.3115234375,710.3042727499725,699.3125660356488,708.2522871085881,7184090
2023-08-08,709.3993530273438,712.5045225455547,700.65253605613,705.5822024097894,8073620
2023-08-09,704.6279296875,713.3946049498472,701.1321843525876,712.0101166909211,5115720
2023-08-10,706.4574584960938,709.4390154391243,701.3299990064912,702.126058655093,6161300
2023-08-11,698.224853515625,707.9556856453397,695.3026282347329,706.4574831064095,6303960
2023-08-14,694.0169677734375,698.0566577048834,686.3529705713986,696.1876168045688,6937850
2023-08-16,690.402587890625,691.6387165229881,684.3208108762607,691.6387165229881,5987950
2023-08-17,684.6422119140625,694.209835394404,682.6396593995953,694.209835394404,7101180
2023-08-18,678.5950927734375,683.9054966119958,676.9040470556215,681.7002020625492,7455330
2023-08-21,696.99853515625,698.4620921042072,672.5528245754601,672.5528245754601,12308310
2023-08-22,699.1494140625,707.4116786323672,697.176557568646,697.2803730605823,12487800
2023-08-23,703.747802734375,706.9666864071334,692.528668280197,702.121038197563,8032480
2023-08-24,705.8245239257812,710.6206790405837,704.19775927533,707.0656019438347,9103600
2023-08-25,713.1473999023438,719.7334671153359,702.2199738137514,703.6044621128395,13032760
2023-08-28,715.5306396484375,718.0424314953203,705.8888355684554,714.4774555576948,7036260
2023-08-29,721.2415161132812,722.9819345114156,715.5701121270181,716.9546003259571,14183050
2023-08-30,718.7445678710938,724.9549075174418,717.7457662104422,724.4702943597567,4602680
2023-08-31,708.3511962890625,720.4158247811259,705.5822800018303,719.9213732884828,14129800
2023-09-01,723.9362182617188,724.8064575987127,707.5599894731322,708.899933520938,6760760
2023-09-04,718.9571533203125,728.821435581415,717.7853058008894,728.821435581415,5813630
2023-09-05,726.3590698242188,727.6792165505018,719.9213023669519,720.2179611617435,12213530
2023-09-06,730.5817260742188,731.4914998577635,720.9794570202578,723.4121799251719,6051570
2023-09-07,728.1489868164062,730.5817096666859,722.2650025201771,729.8103364368986,5496220
2023-09-08,732.8413696289062,736.7277509931089,728.8214767087295,730.7992826156731,6246420
2023-09-11,730.9624633789062,736.1394164495877,728.0303997878608,734.2604766087287,4068490
2023-09-12,734.8834228515625,737.6227032212357,722.4430073687112,733.8648238845564,9635170
2023-09-13,739.2939453125,742.4930317070101,729.8746210501239,734.6856239997034,5798460
2023-09-14,741.113525390625,742.8342068543316,734.4631772415403,739.2939777757487,6503720
2023-09-15,740.9058227539062,748.119913071407,737.2815152515639,741.5783298598583,7874940
2023-09-18,746.4882202148438,747.6106347271459,738.2160566452571,740.5795491959524,7066180
2023-09-20,745.533935546875,756.2140750115316,739.9960429800516,740.5547755441771,8441900
2023-09-21,740.1146850585938,749.9493315562049,734.260396841882,744.6438772012622,6757250
2023-09-22,738.843994140625,749.2917559238169,737.0886673112819,741.0789244011612,5263040
2023-09-25,773.3072509765625,776.2789091396079,742.6661078694559,749.0939769788454,23475330
2023-09-26,778.3308715820312,781.2283498665388,768.8720128298175,773.3121772402229,12468200
2023-09-27,775.0576171875,776.7832479638334,765.6828367684684,776.7832479638334,7441100
2023-09-28,765.31201171875,774.2121382056094,763.240228667118,771.8140002825958,7775050
2023-09-29,772.4073486328125,776.0909878109832,763.9274941504476,765.3119823606537,5730050
2023-10-03,787.9182739257812,788.6994854777103,766.8941888903087,769.445575239037,9445550
2023-10-04,776.6893310546875,795.374610785803,773.3220876221122,793.5945975917456,11763840
2023-10-05,776.3778076171875,782.7018006462241,774.004416503966,782.7018006462241,7950610
2023-10-06,807.790283203125,810.1092919589993,775.7943482320424,776.2887996968174,21450340
2023-10-09,793.8616333007812,804.4725425437314,792.9023660618836,801.2141242531701,7478000
2023-10-10,799.3895874023438,804.4725631353267,793.1990451756633,796.5613394044323,9650240
2023-10-11,801.2042236328125,808.2303596975008,800.5614125795436,804.947194698199,7123720
2023-10-12,792.5364379882812,803.681392902601,791.418972890995,803.4836002525088,7640920
2023-10-13,796.22998046875,799.3203020262785,786.7760711742726,791.077834997058,6622820
2023-10-16,794.6823120117188,797.9457397271984,789.4065538968514,795.5031182835025,4382460
2023-10-17,800.3191528320312,806.845948577647,796.8135087417634,799.0335910566035,8382830
2023-10-18,777.9254760742188,799.4884975720454,776.288812726577,796.0668716495471,15446420
2023-10-19,775.4531860351562,783.5077591488215,764.5208113112154,775.6262319718718,10614530
2023-10-20,768.2984619140625,774.5433864486874,763.6803020443698,772.333202844484,7711530
2023-10-23,771.2355346679688,779.7400758783622,767.5221992692816,771.3442995063751,8822300
2023-10-25,760.9063720703125,776.9760436237631,759.0818148986282,771.2354697363791,7087740
2023-10-26,733.9439697265625,757.1040594590235,731.9068321040157,754.0483832041258,13246300
2023-10-27,742.38916015625,746.5228274156469,733.4297022478072,742.6611325983672,9119440
2023-10-30,741.978759765625,744.3323534221029,727.0908343181081,742.2507321976938,7992760
2023-10-31,740.9503784179688,749.5587350831453,737.7710288972904,748.5797308263745,7494100
2023-11-01,738.8983764648438,746.5228397198252,737.4892018730178,743.6549971038137,4627780
2023-11-02,736.6436157226562,753.0495410134125,732.8956955467637,744.6438665569267,8550300
2023-11-03,732.9254150390625,745.430051278167,729.0637202082291,744.4460977124863,11387550
2023-11-06,747.8133544921875,748.7923587322433,736.0009017912865,737.3259979125064,6340430
2023-11-07,741.2421264648438,755.5218881259358,736.3371458811691,755.5218881259358,15630070
2023-11-08,737.7166137695312,745.2372010065922,732.4457444143882,744.3472246116446,9167170
2023-11-09,730.472900390625,740.1938329594809,728.495094557734,740.1938329594809,7717910
2023-11-10,736.2184448242188,737.1282789908291,726.492622993853,728.8214701136949,4962610
2023-11-13,727.9166870117188,736.7327355342866,723.7781303680314,736.5152058458964,7322400
2023-11-15,714.4131469726562,739.3236145596386,704.0148180250579,735.6844589667159,19234400
2023-11-16,728.0748291015625,729.8795890110422,685.4333398092524,686.7485975995427,45570430
2023-11-17,714.0867919921875,717.9435376183999,702.9171501356352,706.1261353615141,20800340
2023-11-20,699.015869140625,715.8668126970628,697.1864229718058,707.1644191431084,19029400
2023-11-21,702.4326171875,704.9741050692668,695.1987895307713,700.6377558784516,16662250
2023-11-22,704.9246215820312,709.8196426586155,698.709333045161,700.7811160100655,10414040
2023-11-23,699.5153198242188,708.0545063845899,697.7698916459213,705.5822490298951,6061580
2023-11-24,694.2890014648438,703.7824456612401,693.3198355285142,702.9122062348217,7264990
2023-11-28,704.8455200195312,705.5822478814035,695.1888683219288,695.693218478721,7281580
2023-11-29,705.09765625,708.9049082171309,703.5104864328264,705.4833428613379,6824300
2023-11-30,704.2867431640625,708.4104512655188,700.7019702309718,705.2855447281921,12719340
2023-12-01,717.8792114257812,719.9064502628647,706.2744505882342,708.0544637047503,9004770
2023-12-04,732.5447387695312,733.7660194777919,723.3874874136712,725.8547955481122,11014260
2023-12-05,726.8238525390625,735.7437762375278,723.8818904801752,734.7548733124773,15222420
2023-12-06,734.4680786132812,737.6226812099829,728.3319193520455,730.7992272052545,7018000
2023-12-07,730.9179077148438,735.743758702704,724.4702414826704,730.7992441952933,6688620
2023-12-08,722.6506958007812,731.6002550106168,719.3279965291479,730.8536284894523,11443880
2023-12-11,721.1821899414062,727.1106580262348,718.9373610333108,724.3713776658078,5900550
2023-12-12,723.3380737304688,727.2393033783371,719.9213969040297,719.9213969040297,6333120
2023-12-13,717.7456665039062,722.344088835766,712.7022861819896,721.8842224594443,6829550
2023-12-14,739.1257934570312,742.7896956257157,721.90902041276,728.6730824926539,17295670
2023-12-15,743.16552734375,744.5351676071671,736.2382572471354,744.5302182637156,11739380
2023-12-18,750.3400268554688,752.5551598500715,744.2483507624639,746.4239493671085,10827980
2023-12-19,754.7949829101562,755.6800099581673,745.1383316511178,755.6206781987596,7914080
2023-12-20,741.078857421875,760.960729553331,737.7363610196413,756.5106668074052,8745460
2023-12-21,728.5396728515625,739.402757412856,722.4430474564191,734.4186478509464,9130820
2023-12-22,721.4343872070312,735.7437837059992,716.2623838131826,733.6621623421479,11294850
2023-12-26,708.2819213867188,726.2503309593596,706.5958853602687,724.3713912620949,12258440
2023-12-27,715.2537841796875,724.2132428622983,711.1102782337936,713.978060692493,16052790
2023-12-28,717.8099975585938,720.9102178233607,712.0100916773932,719.4268634656994,18560640
2023-12-29,724.6434326171875,726.1514735038018,712.5194719683013,715.1400287493351,9128020
2024-01-01,721.80517578125,725.5530959166534,719.2290427705543,725.5530959166534,3314890
2024-01-02,734.759765625,736.2480692403091,719.9262229005963,724.2724702333553,11129900
2024-01-03,730.2850341796875,740.2779395735253,728.6434818334453,736.2332999340783,5534050
2024-01-04,762.0040893554688,764.8126002318069,747.6106144641175,747.6106144641175,29118790
2024-01-05,762.5579223632812,770.2565659699699,758.795153715029,764.9115163170187,10526010
2024-01-08,765.0152587890625,774.3109701860294,754.6614744046998,759.1807678976411,11212090
2024-01-09,763.9719848632812,772.3331759020847,761.2574511927395,768.7731495545083,12470830
2024-01-10,759.5317993164062,764.9411294921276,757.4996111274063,763.0374431491695,5590720
2024-01-11,758.4638061523438,770.6817429853727,756.6145624883184,759.4774558061606,6517410
2024-01-12,757.6034545898438,763.3292411436346,753.247368599651,759.8730302560147,8086380
2024-01-15,739.5015869140625,761.2525016758187,737.1282561355011,761.2525016758187,9972200
2024-01-16,737.3903198242188,753.0001871844761,734.5472237529737,739.2049785237344,11947230
2024-01-17,727.7188110351562,739.5213645833167,722.116637548373,722.2254627379597,13802710
2024-01-18,718.4923706054688,727.0167091466525,715.3724132059621,721.5035631671136,16869960
2024-01-19,723.7879028320312,730.6805875058703,718.0671260509324,727.8325422943518,8308100
2024-01-23,699.2235717773438,727.3380736207916,696.4447570783,727.1303822856321,25332970
2024-01-24,697.70068359375,702.516635830037,691.9155654838189,702.516635830037,20636750
2024-01-25,700.6871948242188,704.6725028077564,695.7921129987375,697.7007488661789,11683490
2024-01-29,711.184326171875,714.4773897004653,700.6475972499821,700.6871316368151,18603610
2024-01-30,674.1549072265625,691.0948200189839,672.9484745686839,691.0948200189839,41531470
2024-01-31,678.6741333007812,684.4196565982251,673.6406514604074,674.4317616899417,18105120
2024-02-01,666.846923828125,680.3602605190216,665.8283248474089,678.9708833006581,19111370
2024-02-02,677.2304077148438,683.3319218680859,667.8061338582696,668.0039265150391,13675080
2024-02-05,653.48681640625,681.8485441089881,652.6759087917798,681.7496779629142,17712220
2024-02-06,652.4929809570312,662.4660886093387,646.2480566183943,657.4226475151314,24395330
2024-02-07,663.4747314453125,666.2832423008938,655.1729324594918,656.7304062751721,15382370
2024-02-08,650.2679443359375,666.2733355176964,646.4161481875257,665.7146029593122,21932090
2024-02-09,658.0654296875,660.3596915985137,649.9069809756037,650.6980912033707,12098740
2024-02-12,649.6251831054688,659.7812360828563,647.8798152077181,659.5439090235501,5447840
2024-02-13,653.036865234375,656.532670846935,648.0379682310628,652.6759253268659,9480140
2024-02-14,657.2743530273438,658.2137625195079,647.7314156611072,649.101055869035,6361260
2024-02-15,654.5944213867188,660.3300464273348,651.2568739291971,657.2248766772686,8808590
2024-02-16,654.5745849609375,658.6093256579569,652.8737009595312,657.6253721096629,10294310
2024-02-19,663.8307495117188,673.1362989885329,655.1778493735877,657.5116456678188,13158810
2024-02-20,668.8543090820312,671.6628196996451,660.7107086962736,663.7416983093211,11067090
2024-02-21,661.4573974609375,671.4650902962242,659.1087529992976,671.4650902962242,8549440
2024-02-22,660.0877685546875,663.2423713736378,648.8192001458722,661.6798878153451,10223740
2024-02-23,662.3523559570312,664.4439364604978,655.8998002267024,659.9938730501269,12803110
2024-02-26,656.952880859375,663.3560025039205,655.0689920072216,661.5759894916541,8920560
2024-02-27,648.3494262695312,656.82928021757,641.9067097632173,655.7414508758554,11503060
2024-02-28,642.6583251953125,652.3545109230957,640.314630142184,649.9070003795892,5353210
2024-02-29,642.3270263671875,646.6436382785132,629.5553669879544,642.6880266306442,16990980
2024-03-01,649.8526611328125,653.5363005506429,642.9946214544225,643.9488790194872,9190800
2024-03-04,652.9181518554688,656.62653751165,648.4680890680513,651.4891800063461,3971180
2024-03-05,625.4069213867188,656.260704773303,620.2399277375183,652.9182080522155,17175580
2024-03-06,624.121337890625,627.5479129698282,611.9133606571849,626.2227565367214,21047920
2024-03-07,634.9794921875,639.6817304159486,625.5206333127682,627.9533562326668,14694210
2024-03-11,636.2354125976562,647.9292016328424,633.2934505702432,647.7314089783794,12039710
2024-03-12,636.4628295898438,641.3035285842609,627.0979481287742,633.3923054097442,10946770
2024-03-13,638.4505615234375,644.2653156353725,632.0622871643352,636.7793131416424,11321830
2024-03-14,632.6456909179688,639.8201863993431,622.7913071643128,638.450546203969,12198650
2024-03-15,644.2059936523438,650.5003512995228,628.9422789662733,630.430582741197,19705000
2024-03-18,643.2467651367188,648.2258647870518,638.4456004113996,644.2059719984294,6764250
2024-03-19,652.3050537109375,659.3212905812494,643.2813150486486,643.746070424422,14080870
2024-03-20,657.5709838867188,665.6305061655747,653.2692201325056,653.6648054287006,14908310
2024-03-21,664.1224975585938,669.6504311391669,658.3275408723007,663.3066405694403,18060920
2024-03-22,668.58740234375,672.7506450116877,661.2101648250671,663.0594084585088,11252380
2024-03-26,683.3418579101562,686.7931196533183,667.0150600520708,667.9545299546996,18503210
2024-03-27,694.4818725585938,697.0777429115047,682.8375156895393,686.8673074518184,15512750
2024-03-28,716.4849853515625,726.7744898978134,695.4065150470342,695.4065150470342,35745180
2024-04-01,717.0485229492188,726.195874820724,713.9928467730757,718.0671219131619,11252380
2024-04-02,712.7418823242188,717.4490698900564,705.5822348264029,717.0485352348928,9676150
2024-04-03,722.8138427734375,724.2082296679658,710.6404504439101,711.713431823186,9589430
2024-04-04,720.2575073242188,726.8435735557239,717.4489967546634,726.3491221451417,10405890
2024-04-05,709.6021118164062,717.8446392163069,707.658891060555,715.4465013976555,12004940
2024-04-08,709.888916015625,714.6752329060805,706.3536362150252,713.4934866243086,5182100
2024-04-09,711.3771362304688,715.5057935375718,704.5438441276508,713.9878542276537,7102810
2024-04-10,715.0015869140625,717.3502314444465,708.0545194757877,715.5603195008678,5679860
2024-04-12,714.9323120117188,718.339089740595,707.6885862073565,714.3834781458953,10925880
2024-04-15,699.7724609375,711.891471607907,698.5066361699376,706.5761181685301,7584480
2024-04-16,687.707763671875,695.623935944621,685.4085524363373,693.2159598796806,9632930
2024-04-18,681.6705932617188,691.7376181166,678.9807458337842,685.1218549228721,13851330
2024-04-19,704.0494995117188,707.0656415755411,673.4478890819864,676.4145980676182,12183750
2024-04-22,721.1277465820312,722.4924374179874,708.7763589700576,708.7763589700576,11652720
2024-04-23,717.93359375,725.8448168071468,715.6492305065625,722.7891407017154,10815670
2024-04-24,724.7817993164062,733.7116221169778,716.9546540291749,720.2180217621519,8869290
2024-04-25,721.394775390625,728.3121464292608,704.6032232646588,724.8658342679078,11733540
2024-04-26,665.650390625,692.2321084168344,661.7244746390325,692.2321084168344,58147230
2024-04-29,675.0844116210938,676.3700336477826,663.8554387645115,671.460104304822,16810300
2024-04-30,684.671875,689.7597999355404,674.624647697459,675.4157579770705,17986750
2024-05-02,680.6322631835938,689.2604174119629,678.8818856206508,686.0860171647952,11395720
2024-05-03,685.4580688476562,731.7881455404229,683.0302953294849,724.7669590979696,68186010
2024-05-06,678.37255859375,694.2049040819707,676.9040522358486,693.0182085002732,12299880
2024-05-07,679.6284790039062,686.6051818399118,671.26728794106,681.3491604221108,12981260
2024-05-08,672.3995971679688,680.3207191435722,670.970625218409,679.524659543034,7259250
2024-05-09,653.1851806640625,675.6876698516892,651.1925269347889,672.444039530881,13811150
2024-05-10,660.9974975585938,662.3671377062071,652.7945650598544,656.5227482362066,8249080
2024-05-13,664.419189453125,666.945829323192,654.6537725290698,660.9827757419764,5122560
2024-05-14,660.1619262695312,666.7035093955961,658.3720144075322,663.5538560253485,7558400
2024-05-15,660.587158203125,665.7245161749065,657.1309472863635,661.7738537924241,5950590
2024-05-16,667.2276000976562,668.7060050012014,654.9552821659904,662.5994817342189,10598510
2024-05-17,665.2745361328125,670.4761751132173,662.6687672994169,667.2128075714031,4801580
2024-05-21,666.8023681640625,670.9706204624854,663.0593972293242,663.0593972293242,7616240
2024-05-22,666.9705200195312,670.2239888204876,665.2596769650982,670.2239888204876,4160460
2024-05-23,675.08935546875,677.7445572582193,665.5365803097966,668.4538558454839,7093170
2024-05-24,676.1030883789062,683.3319668293134,671.7617897622256,674.4318399096842,7420430
2024-05-27,681.89794921875,688.2319009547283,673.4428419095157,678.2884900252752,6554710
2024-05-28,679.6779174804688,686.7930812672806,678.0808489141865,683.7225570003151,7528670
2024-05-29,673.1165161132812,683.1341072604279,671.0051987768518,680.167398577747,7213310
2024-05-30,654.302734375,672.3502138388423,652.0876013473786,670.4663246819454,11555750
2024-05-31,662.3375244140625,669.6801164832647,656.8688623246592,659.098843225669,28417330
2024-06-03,683.8807373046875,691.1145644276157,675.7123896989492,687.1738008596595,11482120
2024-06-04,643.7313232421875,683.9202924169468,630.4948478762619,683.9202924169468,32993870
2024-06-05,676.0783081054688,678.5852108638021,646.3024550080901,653.0715270320783,12185170
2024-06-06,684.8944091796875,693.5126644270805,674.6592276242362,677.3985080589265,14657160
2024-06-07,711.1596069335938,721.8002112104457,686.3974410485613,691.7375405584097,29840520
2024-06-10,701.0184326171875,716.9545929818677,699.6735391769244,716.9545929818677,8723180
2024-06-11,705.8888549804688,708.9445918380724,697.2754880366577,700.4399897394507,12052130
2024-06-12,713.7654418945312,719.624679727956,703.6044400680491,706.8678076904008,12685080
2024-06-13,721.3997192382812,724.3713772938959,715.1894403862633,717.1721351798792,13454950
2024-06-14,726.008056640625,728.821456493451,716.657962574695,721.5085000408552,11874880
2024-06-18,725.33056640625,734.7004574087537,721.8991023844877,728.3269711043497,9469040
2024-06-19,715.367431640625,726.7398149744196,709.8245898506901,725.3305800576533,5204000
2024-06-20,712.7122802734375,718.4281080462251,703.2088768726288,713.9879433741869,9001580
2024-06-21,709.0498046875,722.0446324694118,703.1611527489454,719.4903860910783,14998180
2024-06-24,703.8419189453125,706.3365356007052,697.7495074783413,703.2604847306948,6356540
2024-06-25,703.1065063476562,709.6212996555279,695.5083709195645,705.7451926619771,15608110
2024-06-26,711.4301147460938,713.5221860504696,699.1856620419774,702.6641976740269,9125520
2024-06-27,712.2798461914062,719.460573942277,703.9611816136837,710.6151305701421,11376060
2024-06-28,707.1912841796875,718.1685322186668,706.1726065291518,712.1059655688822,8295840
2024-07-01,723.21240234375,725.9207272336754,703.1611409512669,703.1611409512669,7727450
2024-07-02,712.1655883789062,723.1328879337183,707.8323412763633,723.0384996523459,12810270
2024-07-03,721.4284057617188,723.9975745885878,712.6028592214226,714.5856196463048,8363930
2024-07-04,706.3465576171875,728.0078809253473,705.6458641051147,725.6275490567873,18979770
2024-07-05,709.4224853515625,710.6051898962447,703.3599189257211,709.0249748175675,9310790
2024-07-08,705.471923828125,710.3816311026244,700.3783535151017,710.1132674990514,6777050
2024-07-09,702.4703979492188,709.8597991954725,699.8813929400646,706.6247561509977,9735030
2024-07-10,701.16845703125,708.5628327082638,697.7942578905146,702.4654466729166,8097140
2024-07-11,690.7676391601562,704.4432026593713,688.7500593640043,704.4432026593713,9718010
2024-07-12,696.1344604492188,700.1795076092436,687.2642069952807,695.4039825477894,10688330
2024-07-15,702.0430297851562,704.1549978450303,695.2350628917839,697.699834439601,5333730
2024-07-16,701.5808715820312,704.6519483721984,696.2239726888939,703.6580810261163,5582000
2024-07-18,706.6396484375,707.4247817645261,692.8397913076371,700.3882449748814,8646050
2024-07-19,688.9786376953125,706.6396797641813,686.7623329353718,706.6396797641813,9385980
2024-07-22,684.203125,691.5925263932671,680.739511809894,688.9488659071203,5751930
2024-07-23,668.5845336914062,690.225959062389,657.9401924261825,689.1476517995588,19322120
2024-07-24,656.6630859375,661.3888693290506,650.0935767208703,658.9340461175844,31006260
2024-07-25,660.6981811523438,662.5119405080181,651.1272338740966,651.9769710331029,9509650
2024-07-26,674.81103515625,676.6646486516896,662.6212986541362,663.4114061836091,11101840
2024-07-29,677.067138671875,681.2960489782841,672.4257952648938,678.2001619771381,7485650
2024-07-30,678.17529296875,685.6690914182183,674.1401940578238,677.0671406076982,11794130
2024-07-31,676.5205078125,681.2960329009433,675.1340435200711,678.5082424088558,8896590
2024-08-01,673.01220703125,680.2028838894711,670.8605059131542,678.9605496192615,8395230
2024-08-02,668.3757934570312,670.8604618341949,663.2176194796054,668.3757934570312,6222180
2024-08-05,655.6244506835938,660.9217805867173,649.2537877299146,660.9217805867173,9440410
2024-08-06,649.8252563476562,665.5929515605886,647.1567250390367,658.5364572427102,8918280
2024-08-07,659.6446533203125,661.8510095810441,654.0739859252901,655.9524096570016,4642840
2024-08-08,654.1832885742188,663.7095282421375,653.1049814038815,658.4420438172821,6903890
2024-08-09,657.76123046875,665.8910572919083,655.0578800059565,665.8910572919083,6994900
2024-08-12,656.762451171875,660.4248499070777,652.3795228768091,657.8507067960495,6748870
2024-08-13,642.5402221679688,660.4198862613507,641.2630686408131,660.4198862613507,10723270
2024-08-14,641.88916015625,645.0148921712703,639.1510509400183,644.2744658986547,7742760
2024-08-16,655.0480346679688,655.9524272329264,638.5597492381139,646.5106877500282,7534190
2024-08-19,657.5774536132812,661.5181038045527,655.3163810596429,659.7291546528827,5287300
2024-08-20,668.0974731445312,673.2358109601968,657.577426189841,660.6583906747377,9571590
2024-08-21,669.4044189453125,670.59209770796,665.3941908785135,668.0726706662808,6331110
2024-08-22,670.224365234375,672.351255901818,668.2664756906412,670.8604548909493,7282600
2024-08-23,669.4541625976562,672.0531160191972,666.3830857870794,671.3573967401463,6180450
2024-08-26,673.6781005859375,677.7181738114756,671.4617351343454,673.4444956552076,8983430
2024-08-27,682.1507568359375,683.1198138660923,668.872704045291,673.6780743587665,20359020
2024-08-28,685.7684326171875,687.4580191485584,680.9978817398458,683.3831268480939,8489860
2024-08-29,702.0231323242188,711.4102164531832,683.9347956052668,684.6801960962405,26391590
2024-08-30,715.599365234375,717.0802177780471,702.7685046603781,702.7685046603781,20443670
2024-09-02,739.4422607421875,740.431153873352,718.4667103516491,722.9391132945083,22963780
2024-09-03,730.8701782226562,741.4250446488375,716.1907380210192,741.4250446488375,18986560
2024-09-04,725.4734497070312,733.1759213026271,720.0817317222834,721.0457538886551,8867460
2024-09-05,720.0469360351562,728.1717893689445,714.8887621385913,727.5108894288851,6734470
2024-09-06,727.2276611328125,734.9648916174853,721.1054044009206,721.1054044009206,18428270
2024-09-09,730.2390747070312,733.2703580483353,721.8260214040064,727.9084848454536,8789380
2024-09-10,719.7438354492188,732.4752739711433,714.8887836644249,732.4752739711433,13089320
2024-09-11,730.0502319335938,738.642234679187,716.2106410666152,720.5538365804458,11048900
2024-09-12,738.2744750976562,739.4372828719743,725.1851988742337,737.449548240598,14467640
2024-09-13,755.1900634765625,761.3023717964473,730.6912702845822,738.2744828356314,22084380
2024-09-16,730.0701293945312,763.290133829076,727.7096944103594,763.290133829076,26795550
2024-09-17,732.032958984375,740.9280835888721,724.146624263555,729.2501426335814,15677860
2024-09-18,758.4301147460938,762.5447402196661,733.3250152548266,734.1946492042462,29749930
2024-09-19,754.3800659179688,770.0483990125776,751.3637052470688,762.7931795993721,17206440
2024-09-20,753.5949096679688,760.8054218170912,744.1332735148928,758.8176872075103,16450040
2024-09-23,754.8521728515625,758.912082003566,748.5510273942898,757.898378593347,5734970
2024-09-24,750.7872314453125,755.682015848209,743.8003757520975,755.0410126782717,10695400
2024-09-25,757.7145385742188,759.3146504386599,745.206696218289,749.872910675352,12720380
2024-09-26,772.075927734375,773.1691575392751,754.1018151308377,759.3146444535706,16681650
2024-09-27,770.843505859375,776.2104139074542,766.3711027062591,773.2288118053768,11781310
2024-09-30,765.5759887695312,777.6018198056745,762.907457426757,769.8496061373972,9619520
2024-10-01,765.5759887695312,776.6725562826821,760.4078665442956,761.3123197806568,7882880
2024-10-03,738.8261108398438,765.2778814117354,733.5734877746232,756.3330750056242,10406620
2024-10-04,716.7125244140625,738.4434238087,711.112072321837,737.449556481905,17681110
2024-10-07,722.48193359375,727.9084711608403,714.6204695486533,716.7125409082319,9362270
2024-10-08,714.2874755859375,725.0659374750487,711.6139700883193,722.0296801140275,9038050
2024-10-09,725.56787109375,738.1253947416064,716.1907350916989,717.174654060494,10543750
2024-10-10,727.4810180664062,732.2814141078209,722.8396747629785,727.510863202596,5594270
2024-10-11,725.7219848632812,728.5048014405701,718.1735304452302,728.0078677424524,3615870
2024-10-14,716.4591064453125,726.8996879020932,715.5844983167241,724.7976681440238,4451810
2024-10-15,697.3867797851562,721.1650438836688,693.6200443852651,720.0469431204706,14855670
2024-10-16,691.368896484375,701.605717653894,687.7561791037233,696.7009849013151,11256980
2024-10-17,685.71875,695.5878449266954,682.8861918223154,693.8137578410425,6897550
2024-10-18,685.7237548828125,689.6097494762975,677.8871012317123,685.0727426604419,7449290
2024-10-21,673.9315185546875,690.8123404474528,667.605502099843,686.6679307028929,22099660
2024-10-22,663.6946411132812,679.1095330759733,660.2906576471223,675.8297830258117,17006190
2024-10-23,695.2897338867188,705.5315295930252,656.0518098744292,656.5239332596005,26373910
2024-10-24,699.7720947265625,707.9167843431449,694.7729127990322,696.9494847393045,8951250
2024-10-25,686.7772827148438,701.6653966680313,685.1026186045988,699.7721108512147,10223240
2024-10-28,686.896484375,700.1795111005765,683.2837670427912,687.7561698816168,7149810
2024-10-29,697.943359375,701.670362006052,676.048432134572,686.6728767279247,14097500
2024-10-30,691.2347412109375,697.7395860249301,688.9488584404686,695.6077818107597,5660440
2024-10-31,684.749755859375,692.8050922470427,683.7558884764892,690.638468631654,7301530
2024-11-01,688.1139526367188,690.196136184048,685.9672259489859,688.7500422704345,450110
2024-11-04,680.1729736328125,693.222456410658,671.148641372924,693.222456410658,7162390
2024-11-05,688.7848510742188,697.1929909233248,667.0837957157746,680.3022197005025,12234300
2024-11-06,696.3233032226562,698.1023038526447,685.0031401113711,689.2469728959719,6962620
2024-11-07,686.2156982421875,699.578251541837,682.7868438809219,696.3233118281388,4590470
2024-11-08,685.3659057617188,690.8918662981018,679.9046096884491,686.2157035701208,4248400
2024-11-11,673.7228393554688,686.1859147392864,671.0742045669085,681.7930378072579,7623160
2024-11-12,659.7490234375,679.4921883965568,657.4432439345728,677.7181618894114,10572330
2024-11-13,652.5732421875,666.1146840933884,648.6574026154368,659.4309507931689,8673470
2024-11-14,650.8985595703125,659.8732101118493,648.9953255912069,653.1993647207028,5277030
2024-11-18,652.76708984375,661.6175077220023,651.480048609186,659.2322018151576,5965350
2024-11-19,655.4853515625,660.4049463345118,652.0763332271422,655.390902622179,8040460
2024-11-21,642.5997924804688,657.3438352373082,641.1437502422596,657.3438352373082,11010800
2024-11-22,664.2959594726562,668.1173501589124,641.6456846754861,643.0321489831416,9698550
2024-11-25,664.4400634765625,682.0911575081203,662.641165980151,674.8259895279239,11327510
2024-11-26,657.7363891601562,669.8466597168655,656.7922030982386,668.0776074763448,6632780
2024-11-27,666.407958984375,669.2007238284175,657.1699182341583,660.9217917675545,6420100
2024-11-28,646.947998046875,668.5000085325825,645.5168266744654,667.2825453255184,15768820
2024-11-29,653.5572509765625,656.8469494464103,647.0423971795695,647.9021433840127,7096430
2024-12-02,660.9863891601562,662.4125863758068,645.1192702841018,655.4555149510046,9202490
2024-12-03,663.451171875,668.1173864237712,659.0135880691056,665.5084845957932,13136660
2024-12-04,669.8665771484375,672.2916158482277,662.5964352385603,666.0650224975843,11304410
2024-12-05,680.8388671875,684.7646553497561,664.4450301121973,671.8543281869296,13482430
2024-12-06,680.8289794921875,689.2470068245896,673.707881110631,683.3781910090415,8332070
2024-12-09,682.6228637695312,688.2531001443601,678.6026268950453,680.8090438283174,8409100
2024-12-10,689.3662719726562,691.6173960970307,680.2078182391663,684.2577791941579,12045630
2024-12-11,707.1466064453125,712.1059950863745,685.0827379406123,691.7217649211524,19931040
2024-12-12,708.2100219726562,710.456171917063,703.1611587874203,707.8174249530981,9667960
2024-12-13,713.8750610351562,717.298880634839,693.7790319064774,705.546447885423,12504360
2024-12-16,716.4193725585938,720.3550484707322,711.2214050303072,713.8750745502272,7960740
2024-12-17,710.8934326171875,721.2892457691507,706.6396514490644,715.5844571636095,10318560
2024-12-18,703.1065063476562,713.4775098902775,701.7100935805659,710.5158045496859,7275140
2024-12-19,687.612060546875,698.1371422372633,684.5608805717452,690.7377927037467,9076750
2024-12-20,680.625244140625,698.0924755661163,676.296910429089,687.095330523432,27000190
2024-12-23,682.4588623046875,693.411299689527,681.3904427930831,685.4703094309058,5829280
2024-12-24,676.644775390625,686.7623377176409,675.2335007409897,683.9795212743992,6014270
2024-12-26,677.3951416015625,681.5942068314215,675.83476260489,678.8511232785883,3290960
2024-12-27,686.5387573242188,693.3914315964618,678.8511471088848,680.4860783453122,5554180
2024-12-30,684.6006469726562,695.210168142737,682.2898933952665,685.7684289042008,4908760
2024-12-31,678.1156616210938,683.4825694238581,675.0346971874478,682.7818759768597,6153980
2025-01-01,689.27685546875,690.5340515699199,676.4260971937944,678.1156838285779,4187210
2025-01-02,734.388427734375,738.4434234105497,692.8248888709156,693.7193937288879,31716510
2025-01-03,736.1823120117188,745.400455239181,731.4117612303569,734.4430442828274,15059280
2025-01-06,730.4279174804688,755.3292573043357,727.1879001292994,745.400531924833,19059760
2025-01-07,730.8851318359375,740.1231122808318,725.6673280159109,730.9844943110259,10425380
2025-01-08,731.0291137695312,734.3138378347966,721.2196486160832,731.6701775735115,8444660
2025-01-09,723.281982421875,731.0291613513496,719.1623828865226,729.3445489309191,6681410
2025-01-10,724.3355102539062,732.1870868381571,720.0618926423277,723.2820132551371,8089630
2025-01-13,710.7095336914062,721.0607008212897,709.0249819380257,719.5599514378315,6642740
2025-01-14,729.001708984375,734.2691938632714,714.7049172967165,718.5661016983001,9980110
2025-01-15,713.33837890625,730.4925399584946,706.1626853860436,729.5483537950854,6817500
2025-01-16,721.5228271484375,724.429937683911,714.9931720224164,715.5844939800952,8608490
2025-01-17,713.8054809570312,724.0273798131597,711.2412862460816,717.6715787903673,6652740
2025-01-20,739.447265625,742.4189193313131,713.8054998204258,713.8054998204258,10679710
2025-01-21,724.6932983398438,743.909746289312,723.2969461913872,740.4312104015196,10032060
2025-01-22,735.1785888671875,737.474419942342,721.5824305931181,729.3992479941143,7273680
2025-01-23,739.7603149414062,747.7858057894387,728.0078215937472,729.597985062582,10302950
2025-01-24,739.2981567382812,745.8974505394998,729.329698703094,739.7603317495092,6796870
2025-01-27,725.0709228515625,742.8661464773663,721.54768015869,733.4840364742133,6928100
2025-01-28,755.9951171875,765.9536875174641,729.9955738156234,734.4679769227307,24789330
2025-01-29,771.206298828125,773.924511450252,752.2532413343686,761.029046289582,15149200
2025-01-30,785.3191528320312,820.0051467305362,780.1858499375447,780.1858499375447,56488830
2025-01-31,783.6743774414062,793.1707729771786,774.3220514263428,787.6398985815254,18335460
2025-02-01,795.1038208007812,806.0214389778673,773.666094986311,783.1674643353156,16153780
2025-02-03,837.4127807617188,838.7544774391274,787.2472891542758,787.3615741954295,43369260
2025-02-04,842.3372802734375,843.7933225325369,825.2079922244451,837.33318519866,19663000
2025-02-05,845.7264404296875,853.6028268693608,839.3706394577197,844.7872285257307,18674930
2025-02-06,845.5126953125,860.9673801111533,841.010508058519,848.191174922836,17094730
2025-02-07,842.22802734375,853.2351203824257,833.2484625229857,853.2351203824257,9665400
2025-02-10,823.5979614257812,843.5945670019648,816.9589350238671,842.6802260548585,12438380
2025-02-11,814.0966186523438,830.3861190729097,808.9434188704632,824.8105377995666,9630590
2025-02-12,816.3676147460938,823.3197117935968,797.578523952474,809.9671067816488,14837310
2025-02-13,835.7430419921875,844.5884246202698,814.6780171593816,814.6780171593816,18003130
2025-02-14,834.083251953125,840.3744490767868,823.1209269518953,835.6982863489014,8633150
2025-02-17,837.4921875,843.5945472454296,816.9837868378191,816.9837868378191,8627990
2025-02-18,841.3981323242188,842.7994585066715,830.9426290642929,837.8301220767972,8689770
2025-02-19,838.7694091796875,847.6695085089755,834.8485951055148,840.7272987914766,8961980
2025-02-20,834.7938842773438,840.3744395125794,829.446873301159,830.46063736798,7900700
2025-02-21,834.5205688476562,836.8661418623368,823.7172357606174,830.8730927103885,6086470
2025-02-24,830.3712158203125,834.7492307148926,826.0081234949291,827.6927359711995,3552600
2025-02-25,843.674072265625,847.4358332776582,828.6915106962595,830.3711488473276,10985410
2025-02-27,865.2012939453125,868.5407344705976,849.0211644154252,849.0211644154252,18382830
2025-02-28,847.7987060546875,861.6830040031357,845.7861003796137,861.186070321473,17545800
2025-03-03,857.4937744140625,859.7747435504854,838.635166602085,848.365105661526,8749960
2025-03-04,853.3294677734375,856.6440370663474,846.1438265853014,846.9935637177676,7655060
2025-03-05,824.7807006835938,844.7872554809699,817.0583318896664,840.3148523637177,16300920
2025-03-06,835.9269409179688,840.7918803410525,822.4798865712621,831.3700372857354,8814220
2025-03-07,835.2957763671875,841.8055949872813,831.514118606434,835.8324428661109,4729460
2025-03-10,829.1437377929688,858.4926074197267,827.4988583053935,838.600399647079,10164530
2025-03-11,828.9300537109375,832.3638822939756,816.0893048938993,825.4068110389812,8135670
2025-03-12,843.2417602539062,847.2222036981539,822.1817094501092,828.9946504740712,20882230
2025-03-13,836.8809814453125,850.7504167311477,834.1528205342469,844.7872128755555,12173510
2025-03-17,852.77294921875,857.7025531372367,833.4571396016174,834.7690517894611,11020850
2025-03-18,852.77294921875,852.77294921875,852.77294921875,852.77294921875,0
2025-03-19,867.80517578125,882.4548312583717,862.9352622348928,864.6645816925422,12898200
2025-03-20,862.64208984375,871.4278431326916,848.8769908298905,867.1492515262393,7924330
2025-03-21,886.1420288085938,903.3260336366491,877.684208188832,898.4510853028386,27448010
2025-03-24,903.4303588867188,905.9100529720466,887.2253596781331,904.0167066294846,14332170
2025-03-25,901.164306640625,920.3260973722652,892.1996648110484,906.9039145835608,17482600
2025-03-26,881.167724609375,907.0927757475704,879.5676127668488,904.6230299913868,8862110
2025-03-27,894.8632202148438,899.9865746118563,876.8145560445273,880.6657918389074,20920440
2025-03-28,889.0739135742188,897.3528450203148,880.6657745285638,894.2420355740359,9770990
2025-04-01,864.4857177734375,887.0266223080821,861.7823669999043,872.9435387462231,11834240
2025-04-02,861.6084594726562,870.6128954379398,855.9185930314133,867.6462158906634,6464950
2025-04-03,854.189208984375,871.1246858886759,840.8316300852158,859.6952119722814,13966330
2025-04-04,866.5380249023438,874.3051004964104,853.1158417860235,860.2915347763417,18496580
2025-04-07,851.5455322265625,854.7756011098094,825.6205412588924,828.88536880857,13981240
2025-04-08,876.8145751953125,881.8584639941574,859.6952348126595,859.6952348126595,14775630
2025-04-09,868.22265625,878.777522649901,857.2105890313766,876.0940686738069,10487740
2025-04-11,886.6389770507812,891.8468322003135,875.6667034684273,877.0929006731593,10097220
2025-04-15,908.494140625,923.3027887344896,901.9843214695372,919.8739341683755,12633610
2025-04-16,900.0960083007812,911.5254830608089,890.9027351242372,909.338962713677,7198220
2025-04-17,910.6309204101562,913.3640555055209,889.7100257214428,898.4560458944406,11415130
2025-04-21,921.662841796875,925.7874154699099,908.5438416039183,911.3763392226595,7824150
2025-04-22,920.370849609375,933.5395920294122,917.3395663165552,923.7997041075168,11293580
2025-04-23,926.5824584960938,929.1168079429251,909.3885665824954,922.5076268883136,10818710
2025-04-24,924.39599609375,960.0758581506445,921.61317965157,956.1003887587165,18496710
2025-04-25,905.6119384765625,928.7193542881375,893.486744714233,925.340181044901,10893540
2025-04-28,903.7235717773438,906.9039594385034,894.5302987638576,902.4315563508615,9946560
2025-04-29,903.7235717773438,908.9910566150634,890.5051481171497,907.4008931149081,11768180
2025-04-30,858.15478515625,883.3492984982109,850.3528899743571,878.5787472966435,39690570
2025-05-02,881.4111938476562,886.0327010732856,851.3467079166783,852.2908939871758,18933030
2025-05-05,887.7223510742188,897.7603872927656,881.1627900057229,882.3057617507878,8930610
2025-05-06,874.3547973632812,891.8965802788989,869.6339274712942,885.6351674724266,12040870
2025-05-07,893.138916015625,894.232145833438,866.9504750148244,869.633928985005,11635570
2025-05-08,877.8333129882812,901.8849143356405,872.1185758813663,892.1947079369587,12018090
2025-05-09,859.9691162109375,873.9021887339279,856.3863504309473,860.8648380276228,12151340
2025-05-12,897.5386352539062,898.683161916931,878.3309120482104,880.6697141980056,10638220
2025-05-13,899.87744140625,911.9693213122264,894.8017857507431,896.0956196341344,13363000
2025-05-14,903.7587890625,906.6946986887787,896.8918110693861,900.1760232176907,7594000
2025-05-15,914.4573974609375,917.0947533876722,898.484136910891,905.5999805101645,10385000
2025-05-16,912.3176879882812,924.1607630754637,908.9836663627398,914.4573733738861,6251920
2025-05-19,921.1253662109375,924.5091366985775,912.3176982188571,912.3176982188571,7162740
2025-05-20,903.5597534179688,926.5492981730328,902.5645339784703,925.3550226969597,8106160
2025-05-21,915.3530883789062,923.5636488346017,898.5338553904952,905.6496987494479,7321500
2025-05-22,909.5310668945312,915.5023835107727,902.7137773116312,915.3530762980172,6159740
2025-05-23,919.9310913085938,924.2105836173697,906.7444333524313,909.5310964586229,4251690
2025-05-26,922.5186767578125,929.1866591884672,920.5779866912479,921.0755964137837,5476790
2025-05-27,912.7157592773438,924.5588953667985,909.9291568867003,922.5684564101424,7150000
2025-05-28,922.3196411132812,925.0067458230633,909.7300905574115,920.0803973123589,6507400
2025-05-29,916.0,923.5138946489728,911.6210101517032,920.5779851422767,7081750
2025-05-30,918.0499877929688,920.3499755859375,912.0999755859375,917.0,15041740
2025-06-02,911.8499755859375,916.5,904.0,913.0,6619630
2025-06-03,897.9000244140625,912.7999877929688,897.0,910.5999755859375,9080270
2025-06-04,898.7000122070312,903.9500122070312,896.4500122070312,897.5,5544930
2025-06-05,893.4000244140625,898.7000122070312,886.9500122070312,898.7000122070312,7853320
2025-06-06,937.1500244140625,943.4000244140625,887.5999755859375,894.5,19783860
2025-06-09,960.75,978.7999877929688,940.2999877929688,955.0,23496010
2025-06-10,949.75,970.0,948.5499877929688,970.0,9044040
2025-06-11,942.5,957.0,940.4000244140625,949.0,11860810
2025-06-12,936.8499755859375,953.2999877929688,935.5,944.9000244140625,12388330
2025-06-13,933.0999755859375,936.5499877929688,914.7000122070312,915.0,10182020
2025-06-16,938.0,956.0,925.0,956.0,7016290
2025-06-17,923.0,943.5,917.5,941.5,6110175
2025-06-18,919.0,932.5,915.0,927.0,5002923
2025-06-19,900.5,922.5,894.0,919.0,6585940
2025-06-20,905.0,907.5,886.0,897.0,14320241
2025-06-23,915.5,918.0,890.5,899.0,5870597
2025-06-24,916.5,936.0,914.5,920.0,11555634
2025-06-25,928.0,930.0,916.0,918.0,6623799
2025-06-26,951.5,953.5,928.5,930.0,11677790
2025-06-27,947.0,959.5,936.0,950.0,21637194
2025-06-30,936.5,956.0,934.0,956.0,6086081
2025-07-01,936.6500244140625,941.7999877929688,928.0,932.5,5381327
2025-07-02,923.0,939.8499755859375,914.0,933.0,9394493
2025-07-03,910.1500244140625,924.5,905.2000122070312,922.0,7606558
2025-07-04,925.2999877929688,940.7000122070312,919.0,922.0,10613046
2025-07-07,924.6500244140625,929.2999877929688,918.0999755859375,925.0,3383973
2025-07-08,927.6500244140625,929.5,918.7999877929688,918.7999877929688,3851432
2025-07-09,940.5999755859375,946.0,924.0,926.5,5341529
2025-07-10,947.6500244140625,951.7000122070312,942.25,943.0,5409906
2025-07-11,933.5,947.1500244140625,931.5499877929688,938.7000122070312,4278038
2025-07-14,918.8499755859375,932.0,911.2999877929688,932.0,6657978
2025-07-15,928.4000244140625,930.5999755859375,918.0,919.0,3892075
2025-07-16,921.75,927.0,919.4000244140625,924.0,3952491
2025-07-17,923.2999877929688,926.25,916.0,925.9500122070312,4583882
2025-07-18,942.0,944.9000244140625,920.0,920.5,7893820
2025-07-21,948.4500122070312,951.0,937.3499755859375,938.9000244140625,4660232
2025-07-22,952.5499877929688,962.0,940.0,955.0,6237382
2025-07-23,968.2999877929688,970.9500122070312,953.6500244140625,954.0,9694991
2025-07-24,958.9500122070312,970.0,954.0,970.0,5189112
2025-07-25,913.75,924.9000244140625,898.0,906.4000244140625,24415481
2025-07-28,880.5,913.75,879.0,909.25,14011284
2025-07-29,886.5499877929688,894.0,873.5,875.0499877929688,11323854
2025-07-30,884.8499755859375,892.5999755859375,875.0,890.9500122070312,5054496
2025-07-31,881.2000122070312,887.8499755859375,868.0,872.0,6999179
2025-08-01,875.5999755859375,895.8499755859375,873.0,884.7999877929688,5300299
2025-08-04,885.2999877929688,886.75,873.7000122070312,874.0,3969985
2025-08-05,891.9000244140625,893.5999755859375,882.4000244140625,889.0,4446791
2025-08-06,876.6500244140625,895.5,874.5999755859375,888.0,4212648
2025-08-07,879.0999755859375,882.0,867.25,871.0,5998002
2025-08-08,877.1500244140625,888.2999877929688,876.0,877.0,3736916
2025-08-11,877.7999877929688,888.2999877929688,872.75,877.1500244140625,5367926
2025-08-12,853.0,884.9000244140625,851.5,877.2000122070312,8257312
2025-08-13,860.0,864.0,849.0,854.5499877929688,10117225
2025-08-14,861.4500122070312,866.9000244140625,855.4500122070312,860.0,5379250
2025-08-18,905.2000122070312,919.6500244140625,875.0,875.0,16277779
2025-08-19,902.2999877929688,909.9000244140625,890.5,905.9500122070312,5764382
2025-08-20,887.7999877929688,902.0,886.0499877929688,900.5499877929688,5561646
2025-08-21,895.5999755859375,901.2999877929688,884.0,888.0,6697533
2025-08-22,894.5,903.9000244140625,892.0,895.0,6424895
2025-08-25,900.7999877929688,908.0,898.1500244140625,902.0999755859375,5837876
2025-08-26,876.25,901.9000244140625,873.5,899.9500122070312,6712926
2025-08-28,876.8499755859375,884.5,869.7000122070312,870.2000122070312,8349342
2025-08-29,877.8499755859375,888.0,870.8499755859375,870.8499755859375,5672446
2025-09-01,889.3499755859375,894.7999877929688,877.8499755859375,877.8499755859375,4101526
2025-09-02,890.0999755859375,899.5499877929688,886.1500244140625,895.0,6103185
2025-09-03,896.2999877929688,898.8499755859375,880.0499877929688,892.7000122070312,5493809
2025-09-04,934.75,948.0,912.25,915.0,21738706
2025-09-05,937.5999755859375,942.3499755859375,932.0,942.0,5467260
2025-09-08,944.2999877929688,949.6500244140625,935.6500244140625,937.5999755859375,5657331
2025-09-09,948.4000244140625,949.4000244140625,940.0,944.0,5417393
2025-09-10,967.9500122070312,969.6500244140625,947.7000122070312,951.0499877929688,6836239
2025-09-11,970.25,975.9000244140625,965.5999755859375,968.0,5982627
2025-09-12,1003.25,1004.5999755859375,970.8499755859375,972.25,11412561
2025-09-15,1009.8499755859375,1025.699951171875,998.0999755859375,999.0,9989753
2025-09-16,1003.25,1015.2999877929688,1000.0,1005.8499755859375,7602155
2025-09-17,1007.5,1011.7999877929688,1000.3499755859375,1010.0,6995023
2025-09-18,996.5,1009.7999877929688,990.0,1007.0,9738376
2025-09-19,992.4500122070312,996.0,988.5999755859375,991.0,6736440
2025-09-22,1006.5,1010.9000244140625,989.0,989.9500122070312,4250045
2025-09-23,1025.5,1028.800048828125,999.0,999.0,10230040
2025-09-24,1029.75,1036.0,1020.4000244140625,1021.5,6433184
2025-09-25,1012.75,1031.0999755859375,1008.0,1020.0,16731453
2025-09-26,985.0999755859375,1010.5,981.0499877929688,1008.0499877929688,9109737
2025-09-29,990.9500122070312,997.7999877929688,981.0999755859375,990.0,5804877
2025-09-30,998.9000244140625,1002.2999877929688,989.4500122070312,990.0,7182200
2025-10-01,987.7000122070312,1000.0,977.75,991.5,6932272
2025-10-03,989.75,992.2000122070312,972.0,975.0,7692197
2025-10-06,1008.9000244140625,1023.0,992.0999755859375,993.0,9299635
2025-10-07,1016.5499877929688,1029.5,1008.9000244140625,1008.9000244140625,7991437
2025-10-08,1023.1500244140625,1028.0,1012.0499877929688,1012.0499877929688,4448915
2025-10-09,1024.0999755859375,1029.0,1014.9500122070312,1023.0,4444154
2025-10-10,1023.8499755859375,1027.5,1017.0,1018.0999755859375,3714548
2025-10-13,1036.75,1040.0,1021.5,1023.8499755859375,7684523
2025-10-14,1019.1500244140625,1042.0999755859375,1011.3499755859375,1040.0,7668358
2025-10-15,1059.9000244140625,1063.0,1018.4000244140625,1026.0,10205158
2025-10-16,1065.75,1081.0999755859375,1058.8499755859375,1062.0,9901992
2025-10-17,1070.0999755859375,1076.449951171875,1056.0999755859375,1056.0999755859375,5761670
2025-10-20,1081.0,1086.5,1072.199951171875,1081.5,5700858
2025-10-21,1086.5,1089.0,1081.0,1084.9000244140625,911624
2025-10-23,1094.1500244140625,1102.5,1083.9000244140625,1090.0,11143407
2025-10-24,1089.75,1098.5999755859375,1087.4000244140625,1093.5,6440277
2025-10-27,1084.4000244140625,1094.0,1075.75,1090.949951171875,7366175
2025-10-28,1072.75,1092.4000244140625,1063.050048828125,1078.0,12324341
2025-10-29,1062.949951171875,1079.1500244140625,1061.25,1072.0,5386803
2025-10-30,1052.300048828125,1066.800048828125,1045.0,1063.0,4271927
2025-10-31,1042.800048828125,1069.449951171875,1041.4000244140625,1052.0,5315632
2025-11-03,1043.0999755859375,1048.0,1031.0,1037.0,4135617
2025-11-04,1057.0,1060.4000244140625,1035.0,1040.0,6202540
2025-11-06,1041.9000244140625,1052.800048828125,1035.0,1037.0,5776277
2025-11-07,1066.5999755859375,1076.9000244140625,1034.199951171875,1039.0,6940923
2025-11-10,1085.0,1088.0,1062.9000244140625,1066.5999755859375,5692236
2025-11-11,1005.2000122070312,1043.699951171875,997.0,1043.699951171875,23762890
2025-11-12,1013.2000122070312,1018.4000244140625,1008.7999877929688,1011.0,11131278
2025-11-13,1005.4000244140625,1019.4000244140625,1003.5,1012.5,8503994
2025-11-14,1018.5,1019.9000244140625,1002.5999755859375,1004.9000244140625,4381122
2025-11-17,1026.800048828125,1033.0,1017.0,1021.0,6011603
2025-11-18,1013.5999755859375,1024.0999755859375,1011.7000122070312,1021.2000122070312,4562185
2025-11-19,1005.5999755859375,1016.0999755859375,1004.5999755859375,1009.0,5158832
2025-11-20,1028.5999755859375,1031.699951171875,1007.2999877929688,1015.0,5459073
2025-11-21,1004.0999755859375,1027.5999755859375,1001.5,1020.0,6304584
2025-11-24,994.0,1009.2999877929688,990.0,1005.0,9574900
2025-11-25,986.2000122070312,996.9000244140625,984.5,995.0,6376983
2025-11-26,1010.7000122070312,1012.7999877929688,981.2999877929688,986.2000122070312,9772235
2025-11-27,1033.800048828125,1044.9000244140625,1010.9000244140625,1015.5999755859375,12076038
2025-11-28,1037.5,1043.5,1031.0,1038.0,4983147
2025-12-01,1021.0999755859375,1042.0,1018.7999877929688,1041.9000244140625,6459837
2025-12-02,1025.5,1036.0,1013.9000244140625,1014.5,6706145
2025-12-03,1021.4000244140625,1026.300048828125,1014.2000122070312,1021.0,5895670
2025-12-04,1029.0999755859375,1032.300048828125,1016.0,1018.0,5404918
2025-12-05,1048.0,1061.0,1026.5,1028.9000244140625,13123572
2025-12-08,1026.4000244140625,1049.800048828125,1023.0,1048.0,5189635
2025-12-09,1016.7000122070312,1026.0,1013.7000122070312,1025.0,5968501
2025-12-10,1010.2999877929688,1021.7000122070312,1007.2999877929688,1016.0,4990527
2025-12-11,1006.4000244140625,1020.5,1000.0999755859375,1011.9000244140625,4670539
2025-12-12,1017.2999877929688,1020.7999877929688,1000.0,1000.0,4381711
2025-12-15,1012.7000122070312,1016.5,1008.0,1015.0,3958977
2025-12-16,998.4000244140625,1010.5999755859375,996.5,1007.5,3861617
2025-12-17,999.5999755859375,1011.2000122070312,995.2999877929688,1000.0,4695550
2025-12-18,1000.2999877929688,1009.7000122070312,995.0,1002.0999755859375,3103997
2025-12-19,1008.2999877929688,1014.0,1002.5,1003.2000122070312,5126009
2025-12-22,1007.7999877929688,1015.4000244140625,1005.0,1008.2999877929688,3921237
2025-12-23,1011.4000244140625,1018.0,1005.7000122070312,1013.5,4712043
2025-12-24,1011.7000122070312,1037.4000244140625,1006.0,1011.0,5984816
2025-12-26,1000.0,1011.7000122070312,998.0,1011.7000122070312,5211460
2025-12-29,998.0,1003.9000244140625,989.5999755859375,1003.0,6715489
2025-12-30,989.2999877929688,997.5999755859375,987.0999755859375,994.0999755859375,7473887
2025-12-31,986.7999877929688,994.2000122070312,978.4000244140625,990.0,9895270
2026-01-01,973.0999755859375,989.0,969.0,988.2000122070312,7118751
2026-01-02,990.4500122070312,994.2000122070312,960.5999755859375,972.9000244140625,6206869
2026-01-05,978.75,999.1500244140625,975.0,979.7000122070312,10564157
2026-01-06,977.3499755859375,987.0,973.2999877929688,978.0,8380183
2026-01-07,968.7999877929688,976.4500122070312,965.0499877929688,973.0499877929688,7048491
2026-01-08,971.9500122070312,978.3499755859375,965.2999877929688,968.5,4410256
2026-01-09,959.5999755859375,983.0,953.7000122070312,970.0999755859375,7598970
2026-01-12,951.9000244140625,961.4000244140625,939.8499755859375,958.7999877929688,5640136
2026-01-13,949.0,955.8499755859375,939.0,950.0,6765116
2026-01-14,945.9500122070312,953.9000244140625,943.1500244140625,947.0,4452202
2026-01-15,945.9500122070312,945.9500122070312,945.9500122070312,945.9500122070312,0
2026-01-16,950.25,963.0,936.7999877929688,940.2000122070312,10710080
2026-01-19,969.4500122070312,972.9000244140625,948.8499755859375,950.5,7000442
2026-01-20,933.2000122070312,975.7000122070312,927.9000244140625,975.7000122070312,9001207
2026-01-21,936.25,947.2999877929688,921.0,925.0,5375254
2026-01-22,942.8499755859375,947.0,934.25,947.0,5518756
2026-01-23,927.8499755859375,951.4000244140625,926.2999877929688,942.8499755859375,6535035
2026-01-27,914.7000122070312,931.9500122070312,907.7000122070312,930.0,15312488
2026-01-28,935.1500244140625,936.9000244140625,914.7000122070312,914.7000122070312,6046468
2026-01-29,935.1500244140625,939.7999877929688,923.7000122070312,935.1500244140625,6430445
2026-01-30,929.8499755859375,938.0,925.1500244140625,928.3499755859375,10151379
2026-02-02,903.7000122070312,909.4000244140625,887.0,887.0,11874989
2026-02-03,964.4000244140625,972.7999877929688,941.9000244140625,960.0,15261370
2026-02-04,963.2999877929688,975.7000122070312,944.1500244140625,965.0,17489015
2026-02-05,964.75,968.5,953.0,964.0,6020258
2026-02-06,981.7000122070312,986.5,966.0999755859375,973.9500122070312,13742927
2026-02-09,983.1500244140625,988.0,971.5999755859375,988.0,4852548
2026-02-10,965.5999755859375,985.1500244140625,961.2999877929688,983.1500244140625,6166752
2026-02-11,968.9500122070312,974.5,961.4000244140625,965.2999877929688,3597342
2026-02-12,999.0999755859375,1002.0,965.0,968.2999877929688,10346853
2026-02-13,1024.75,1032.0,992.7999877929688,995.0,21613987
2026-02-16,1012.75,1029.300048828125,1003.2999877929688,1023.0499877929688,4460636
2026-02-17,1014.1500244140625,1016.3499755859375,1004.0,1012.75,2913899
2026-02-18,1023.7999877929688,1025.699951171875,1007.0499877929688,1014.5499877929688,4929647
2026-02-19,1017.0499877929688,1024.5,1007.0,1024.0,9866245
2026-02-20,1030.199951171875,1036.5999755859375,1008.75,1015.9000244140625,6922705
2026-02-23,1031.0,1046.0,1029.050048828125,1032.449951171875,9452225
2026-02-24,1023.5499877929688,1028.75,1010.2999877929688,1026.300048828125,6610984
2026-02-25,1021.0499877929688,1034.0,1013.4000244140625,1028.0,3182612
2026-02-26,1012.9500122070312,1031.199951171875,1006.0499877929688,1020.75,4336261
2026-02-27,995.9000244140625,1014.9000244140625,993.0999755859375,1008.9500122070312,8145772
2026-03-02,978.25,990.4000244140625,968.0,971.0,8493269
2026-03-04,945.0999755859375,967.0,941.2999877929688,967.0,8964293
2026-03-05,962.4000244140625,968.25,945.9000244140625,958.0,6181254
2026-03-06,950.2000122070312,961.5,946.5999755859375,960.0,6560051
2026-03-09,938.0499877929688,941.0999755859375,909.0499877929688,921.7999877929688,9182152
2026-03-10,939.7999877929688,952.1500244140625,931.8499755859375,950.0,8474956
2026-03-11,893.6500244140625,941.25,890.0,932.2000122070312,11172537
2026-03-12,863.0999755859375,888.2000122070312,858.3499755859375,880.0999755859375,15508258
2026-03-13,855.0499877929688,868.3499755859375,848.7999877929688,861.0,6668639
2026-03-16,878.1500244140625,881.9000244140625,850.0999755859375,850.0999755859375,8982957
2026-03-17,868.5999755859375,881.0499877929688,859.5499877929688,878.1500244140625,7941385
2026-03-18,880.0999755859375,893.9500122070312,858.2000122070312,876.0999755859375,12375517
2026-03-19,832.2000122070312,869.9000244140625,826.7000122070312,868.2000122070312,11585591
2026-03-20,830.5499877929688,841.9500122070312,819.25,836.7000122070312,14881843
2026-03-23,812.5999755859375,818.7999877929688,787.9000244140625,818.0999755859375,15835828
2026-03-24,849.0,854.0,817.5999755859375,830.0,18828248
2026-03-25,882.75,888.7999877929688,853.2999877929688,862.0499877929688,15995501
2026-03-27,843.7999877929688,875.1500244140625,841.25,875.0,11282824
