Date,Close,High,Low,Open,Volume
,BPCL.NS,BPCL.NS,BPCL.NS,BPCL.NS,BPCL.NS
2020-01-01,157.65008544921875,158.37155945850233,156.64002379334525,157.76231669667527,4766592
2020-01-02,156.33541870117188,157.66614543819733,155.98270585511673,157.50581785885635,6424966
2020-01-03,155.0367431640625,156.0788722546172,151.62176825521433,155.16500324885348,22655540
2020-01-06,150.43531799316406,153.91442731778292,149.15269776551588,152.3111520332227,15332634
2020-01-07,147.82200622558594,152.23101400346403,147.45325480492323,150.03452453517946,23454588
2020-01-08,147.4692840576172,148.9122320616753,143.82984657914707,144.2948004058128,24743076
2020-01-09,150.88426208496094,152.11878624821972,149.2489288092239,151.39731223164716,12999312
2020-01-10,150.78807067871094,152.21498988167735,149.55354650550439,151.92639244422872,8708498
2020-01-13,150.94839477539062,152.71199790075366,150.38724832641148,151.02855855381623,7338838
2020-01-14,151.7821044921875,153.51364019998283,151.3812855882711,151.95846089566362,7216716
2020-01-15,150.05055236816406,151.6538278084239,148.52744069991724,151.50952910455385,9956518
2020-01-16,148.07850646972656,150.54755440726575,147.54942756471564,150.06657180532562,6370550
2020-01-17,145.5453338623047,149.18477085258613,144.93609118832654,148.14264187833376,11132598
2020-01-20,146.58749389648438,149.64975632566336,144.8078618006966,145.88205846658013,11681302
2020-01-21,148.73587036132812,149.58560442074267,145.9140996048506,146.7317759827008,8398840
2020-01-22,146.04237365722656,149.5695798646539,145.60948730191885,149.16876097744625,7460864
2020-01-23,150.38723754882812,151.28506788860426,146.53937646015873,147.34101418696486,11131352
2020-01-24,149.45736694335938,151.7340204589518,149.00845169177094,150.46742870583796,7871260
2020-01-27,149.98641967773438,151.28506888950542,148.46330798672585,149.58560081167948,8828966
2020-01-28,154.21908569335938,154.63593344001848,149.93833783385273,150.41932051951375,15217662
2020-01-29,153.60983276367188,156.12697743642357,152.84026242557152,155.18105069491486,14264654
2020-01-30,150.59567260742188,155.35740301612316,149.15272459179226,153.93048384197576,10891876
2020-01-31,146.52337646484375,151.54162766543274,146.23477899788608,150.7079223083056,13892950
2020-02-03,147.59754943847656,148.62364974796313,141.87386331227577,143.0923488673755,18802900
2020-02-04,153.4334716796875,154.26717693120426,148.1426623114224,149.10462765110697,15683820
2020-02-05,160.87266540527344,162.87675975312857,153.27313572396002,153.9144459152737,30234094
2020-02-06,158.74029541015625,163.53409282990702,157.8264362493059,161.38569985299299,22467954
2020-02-07,157.56993103027344,158.9166865085155,155.8383952622608,158.66015652971706,9022030
2020-02-10,155.66201782226562,158.90062641249912,154.98864017411984,157.76230475382695,8848392
2020-02-11,154.23509216308594,158.38757932787712,153.93046592544036,157.3775080060083,7943310
2020-02-12,152.2310333251953,155.74221115184062,151.958474489027,154.87643832768686,7549204
2020-02-13,150.38723754882812,153.43346091069137,150.06658245810567,153.17694075236014,8083000
2020-02-14,152.77615356445312,155.3574236657039,150.6758564133907,151.0285790434397,23043576
2020-02-17,148.03042602539062,153.41743761560903,147.50134706369863,153.41743761560903,9025984
2020-02-18,150.94839477539062,151.50954122436977,146.21873184828067,148.0624987520693,11940592
2020-02-19,152.48753356933594,154.23510783220138,150.54757406906143,151.83019450841445,10786834
2020-02-20,151.26902770996094,153.91443201013513,150.88423771568918,152.26306037381627,8752120
2020-02-24,148.9923858642578,152.53563048614174,148.4633069219832,151.0285476463371,12382886
2020-02-25,146.45921325683594,150.88424961176125,145.86599937956993,150.64375829278453,11044046
2020-02-26,143.91001892089844,147.35706158016274,142.1143580152645,146.73178994589958,14491090
2020-02-27,142.38690185546875,144.18257248123413,140.607269857044,143.28474206116027,12178324
2020-02-28,136.71128845214844,140.73550558988416,134.83545437119295,140.73550558988416,12199026
2020-03-02,132.22215270996094,141.68147960994565,130.34631813029787,138.5230244336745,15624380
2020-03-03,136.2784423828125,136.9678490165665,132.59090805951288,133.10395827031311,11415592
2020-03-04,134.25827026367188,137.46482068997773,129.9935523253159,135.3484954514928,15457514
2020-03-05,134.16209411621094,137.60913649859225,133.72920776688147,134.24225789254538,11450828
2020-03-06,129.25607299804688,131.42049492691373,127.62073002800182,128.32617516350896,15762914
2020-03-09,135.90968322753906,145.7056938533677,130.12185207144236,132.71916066603296,79590744
2020-03-11,129.6729278564453,135.74934626121444,128.59873125324006,135.74934626121444,29496116
2020-03-12,110.40152740478516,125.87313323151551,105.99252056297081,125.4723144277142,35196480
2020-03-13,120.58235931396484,127.20389566436488,88.3244606386483,108.31730042956353,50824080
2020-03-16,116.92689514160156,124.17370328117741,112.13310665776635,112.22929928576396,33314334
2020-03-17,114.53800201416016,123.66063344946015,113.51190181234425,117.03910780086342,19649626
2020-03-18,106.63385009765625,117.37579599872002,105.23900823451928,116.70242811401269,20417518
2020-03-19,96.27670288085938,102.6096417048293,91.51497223837104,99.72374553188098,27434876
2020-03-20,101.92021942138672,103.57159113090164,95.74760911404971,97.7997996746904,20390122
2020-03-23,91.09744262695312,100.78721844319907,88.7130408299946,96.39046059165011,18697444
2020-03-24,88.89905548095703,95.71402745641535,85.22945201065961,93.92150739586809,19533962
2020-03-25,92.58556365966797,93.66784652325082,85.43237970969703,85.43237970969703,14919242
2020-03-26,95.4772720336914,96.8639437127998,90.80994916601497,93.00832782366525,12626898
2020-03-27,94.27662658691406,102.81648244815023,92.7377655998908,98.08151286172226,12155778
2020-03-30,92.92378234863281,97.91241124633011,90.9790626088525,90.9790626088525,13666176
2020-03-31,107.17942810058594,111.50854980656355,94.69940184967922,96.05225044753178,33090992
2020-04-01,102.46136474609375,106.84120545866493,99.26525611897816,105.52218026957814,25195590
2020-04-03,107.26395416259766,110.25713299688782,97.11759223036873,101.80183138669703,28641760
2020-04-07,118.74626922607422,121.51960222640916,108.05876490513346,110.59535563060606,21185186
2020-04-08,115.77000427246094,123.17685794000026,115.07667355667363,118.37424171884136,18356498
2020-04-09,116.64934539794922,120.62333737440972,114.73844919269989,116.73389841872498,15853988
2020-04-13,118.4080810546875,119.91311899639163,113.70693402452166,116.68319694855604,9908612
2020-04-15,119.6763687133789,125.25686906581662,118.74628532130596,119.8962045417676,12598234
2020-04-16,120.20059967041016,123.44743847260291,118.22205646896332,119.89621079051433,11831216
2020-04-17,121.7901840209961,123.78563342448491,119.79473461750725,123.78563342448491,8840986
2020-04-20,124.59735870361328,126.11931343612017,122.16223732445195,122.48353268624263,12420738
2020-04-21,120.1498794555664,124.95249664048512,119.42272531765563,124.03931960683738,10283406
2020-04-22,120.6402587890625,121.7563545774569,114.02820611846606,120.80936483708675,14252248
2020-04-23,120.11603546142578,122.73717945924146,119.21977538452019,120.6910002088675,8341956
2020-04-24,118.52644348144531,120.62335246619044,117.35960752018585,119.05066814727786,6912420
2020-04-27,120.20059967041016,123.65036783300546,119.15213990951032,119.45653911082216,9902396
2020-04-28,121.45198059082031,126.77882175426492,119.79474318203171,121.68872289412421,22200402
2020-04-29,122.01004028320312,123.44744200518126,120.0822267863365,121.75638115579521,11648158
2020-04-30,125.13850402832031,126.28842335240537,121.07995795172613,123.1937840332856,16016718
2020-05-04,117.66400146484375,122.43279470406415,115.51635231113856,122.43279470406415,14509120
2020-05-05,117.37651824951172,123.17686466766988,116.76774053027339,119.72709673487843,26356086
2020-05-06,116.27733612060547,117.17360659897243,105.6405699142798,108.65065606470756,41361302
2020-05-07,111.45779418945312,115.66853899184476,111.00121610845883,115.66853899184476,17100430
2020-05-08,109.8343734741211,113.74071888712947,108.63372471328506,112.62462314667383,16997368
2020-05-11,106.46917724609375,111.72838220125544,105.28543475939964,110.25715733208109,21372716
2020-05-12,105.6912841796875,108.16022844955921,104.3722590174079,105.0148599609375,16622240
2020-05-13,107.06103515625,109.7160021814736,105.77583331646215,109.58071940698237,15241920
2020-05-14,104.74430084228516,106.99340944363414,103.91567699480206,106.0125963304235,9664168
2020-05-15,107.61910247802734,109.69910498586624,105.2177943223516,105.86039529661032,27767190
2020-05-18,99.4512710571289,108.7351980010233,98.7072105762539,108.41389235425835,20378694
2020-05-19,99.19761657714844,102.95177339708592,98.69029836692488,101.97096025493677,12045836
2020-05-20,104.47370910644531,105.31923930368332,98.77483351277844,99.4343511951895,17342228
2020-05-21,105.92803192138672,106.87502165559219,102.00476956848091,104.84574909251133,14931316
2020-05-22,106.60447692871094,109.58073980725517,103.915686128948,105.18398172856901,17078040
2020-05-26,105.91111755371094,108.5322613411593,105.53908217766124,106.53681200596533,12212502
2020-05-27,111.42401123046875,112.08351881466727,105.77586347281782,107.14561872735224,18130652
2020-05-28,110.40937042236328,113.08124458329358,108.32935725572821,112.92904497354388,18552604
2020-05-29,115.9391098022461,117.4103345783115,110.25715035427277,110.93357458957504,26722320
2020-06-01,117.12287902832031,120.6402941143065,115.02596961166233,116.44645463815637,20423126
2020-06-02,115.53326416015625,117.69781969954302,114.07894582734166,117.69781969954302,12639442
2020-06-03,118.0529556274414,119.71020354308895,114.7215739587855,116.34498827121257,20167782
2020-06-04,120.82630920410156,121.55346337435644,114.65393651557854,115.66857312191108,32779676
2020-06-05,125.00320434570312,125.98401745083603,119.1183153934907,120.62335316750404,21970108
2020-06-08,133.28939819335938,134.7775294530245,127.370686109475,128.38532246671232,29583292
2020-06-09,129.02792358398438,135.9781785108598,128.3345928676036,135.28484779447902,19643304
2020-06-10,128.16551208496094,129.9918558260992,126.13623896782579,129.9918558260992,14983264
2020-06-11,125.15540313720703,130.7189971847626,124.46207235185676,127.84419388315722,16965850
2020-06-12,126.45751190185547,127.47214828029466,120.14985781350813,120.14985781350813,15636964
2020-06-15,122.0945816040039,126.47443291199343,120.57262698567143,126.45751611227388,13054104
2020-06-16,121.67182159423828,125.86565021173011,120.62336185951138,125.07084959082025,11469976
2020-06-17,123.31214904785156,123.9547500534225,120.65718166864522,121.67181809473054,10041494
2020-06-18,125.22305297851562,127.31997251144882,121.6718252775719,123.1430502465318,12301976
2020-06-19,128.70663452148438,130.04257669411257,125.47671249288886,125.81492465594248,13271548
2020-06-22,130.26239013671875,131.69979158253014,128.40222355978636,129.5352361754735,20792714
2020-06-23,132.57919311523438,132.88358205555207,129.28162389872026,130.54991975122567,8346306
2020-06-24,128.0301971435547,133.39086144575373,126.82954821567895,132.5791544014564,8117432
2020-06-25,125.22305297851562,129.97492972597388,124.225322972065,127.84419723397409,13394304
2020-06-26,133.13722229003906,134.25332867435165,126.15314285320017,127.30306219830258,24376122
2020-06-29,129.6536102294922,133.79670844267548,127.96254973431533,132.88353164671432,12024496
2020-06-30,126.49136352539062,131.64909960496874,125.88258569046637,130.85429886612732,9018244
2020-07-01,128.5713348388672,129.6705242244656,126.5251556496268,127.50596872941628,10365588
2020-07-02,129.70436096191406,132.35932843310994,128.09785323161654,129.51834840591962,13185606
2020-07-03,130.34693908691406,132.08872930838285,129.63669162455778,130.88808050210997,6962106
2020-07-06,131.9703826904297,134.1856681046113,130.34695820671172,131.22631184521535,9926808
2020-07-07,128.46987915039062,132.32549535327,127.77653809370976,131.98728322457154,9853948
2020-07-08,127.89495086669922,131.04033075321163,127.21852641644942,129.33235282348008,8446692
2020-07-09,127.4214096069336,129.12937659585964,126.18693749718776,129.02791709368324,5702054
2020-07-10,127.28614044189453,128.6897187529724,125.2568676100474,127.7934586498563,11766114
2020-07-13,128.50367736816406,129.94107863482625,126.98172308581589,127.84415971724798,10277456
2020-07-14,126.40678405761719,130.5160593881169,125.84873610532478,128.35150381234976,9482614
2020-07-15,125.00320434570312,129.31540896985928,124.52970943164743,127.7934543966277,9807552
2020-07-16,133.22177124023438,134.01657190128233,121.85784030306006,126.06858593363532,26616036
2020-07-17,150.0985565185547,151.31612239160233,132.57917028767804,136.80682240144327,107684344
2020-07-20,147.90016174316406,151.51903569754197,147.1561012428556,149.15155076476788,28745778
2020-07-21,156.99807739257812,162.68003713914214,147.25756169950589,147.798703180468,98290940
2020-07-22,152.39840698242188,157.25175372175016,151.41759374652185,157.2010136387455,25364622
2020-07-23,154.7489471435547,161.4624596061582,149.84487153772855,150.84260139299693,72915804
2020-07-24,151.65432739257812,156.761332968901,150.6058676536378,152.87189320807607,22294340
2020-07-27,154.79969787597656,157.80978380459706,150.16618751114322,153.54830885148428,40099526
2020-07-28,156.08489990234375,160.21109206733152,154.5629452987456,155.94961711297364,30188154
2020-07-29,153.4806365966797,158.16487593298675,151.11315205486235,156.93040391475037,20079062
2020-07-30,141.74472045898438,148.77952936456197,140.7469904433638,147.37595094366742,49057034
2020-07-31,139.95217895507812,144.75479545625845,138.97136581650338,142.42113376201775,22379048
2020-08-03,141.30503845214844,144.8393597060583,138.04129312317198,140.01983635331732,28463794
2020-08-04,138.1765594482422,143.06372877980627,132.24094078700767,141.38957463360427,51231218
2020-08-05,138.81918334960938,140.34113804931627,137.00974625345245,138.63316047124013,22069412
2020-08-06,138.5147705078125,143.23283374070633,137.3986746332041,139.34339433570486,25134282
2020-08-07,141.96456909179688,142.52261715020902,139.0221188617443,139.5125306738921,18237588
2020-08-10,140.40878295898438,143.53724559047956,139.85073493224422,142.38732625507814,16504844
2020-08-11,145.1775665283203,146.4458621007867,140.5609727088258,141.03446765826342,25534582
2020-08-12,142.65786743164062,146.81788268136606,142.20128932887133,145.43121093145757,18101040
2020-08-13,142.43804931640625,144.14602691961437,140.86536483451778,142.04910739615238,11681234
2020-08-14,139.76612854003906,144.07833214290778,138.21035105825098,144.07833214290778,28445040
2020-08-17,137.9567413330078,141.64325190179753,136.3333270543495,141.64325190179753,22849152
2020-08-18,136.06271362304688,139.12353909417504,135.62304205417973,138.66695072871244,27093554
2020-08-19,136.53623962402344,138.98827754164066,134.4900500654387,136.94208798305593,33242206
2020-08-20,139.49560546875,141.99837331577092,135.3186833497905,136.53624915470803,36899472
2020-08-21,138.70079040527344,141.7108761640454,138.075095928333,141.7108761640454,17126912
2020-08-24,138.58241271972656,140.7976979220069,138.193470855693,139.8168848627091,13081806
2020-08-25,139.64779663085938,141.87999891647445,138.10893545532568,138.6669834463755,25017896
2020-08-26,138.70079040527344,140.6285932676396,138.32875501454552,140.01981558929546,10814154
2020-08-27,139.66468811035156,141.5248546242148,138.49785225945357,139.2080997199387,15646796
2020-08-28,140.3749542236328,142.72553288670784,139.85072949917935,140.18894166241802,17487384
2020-08-31,137.9228973388672,144.21364478641215,136.36712985605243,141.20355900601595,37997902
2020-09-01,137.73687744140625,139.25883188827262,135.4539457711067,137.97363003948448,12040094
2020-09-02,140.00291442871094,140.52713909822495,137.44940667102054,138.2442072356184,10307040
2020-09-03,139.81690979003906,141.57561721237067,138.7684499929343,140.69626350120487,8794738
2020-09-04,136.41787719726562,139.00519816451165,135.48779375455905,138.32877384254323,9733000
2020-09-07,135.35250854492188,139.00519568996032,133.99965992506824,139.00519568996032,16616944
2020-09-08,139.37722778320312,142.0321952002975,135.11575266854777,135.4539648154027,37280122
2020-09-09,137.29721069335938,138.49785955975602,134.94663239155716,137.3141171703564,13471164
2020-09-10,145.53268432617188,146.6149673370416,137.14502711688667,138.15966356904613,50834954
2020-09-11,145.0084686279297,147.46050687295008,142.84391279316048,145.76944601431532,25168858
2020-09-14,141.08522033691406,145.26214316508293,140.0705837141079,144.04457715343204,12050202
2020-09-15,140.15509033203125,143.90924665692964,139.49558293855534,141.203549892522,16667382
2020-09-16,139.69851684570312,142.21820135499382,139.1404688927787,140.35803463096892,10001736
2020-09-17,140.5609893798828,141.71090877102057,139.19122380631032,139.681635614395,13708168
2020-09-18,139.3603057861328,143.029909506949,138.53169225008736,142.04909638192825,19110716
2020-09-21,135.77525329589844,140.59477577848529,134.96353598906816,139.85070502102897,11706332
2020-09-22,132.62989807128906,136.5700677182883,129.26469323175587,136.31640859524435,15913160
2020-09-23,131.10794067382812,134.33787296792613,128.94338493203904,134.23640312791693,11588706
2020-09-24,127.59053039550781,130.60061639091992,126.9479293908672,127.91183605853584,9254902
2020-09-25,127.08319854736328,129.02791815254582,123.54887791894406,128.18238788942298,26544582
2020-09-28,130.26239013671875,132.0887334388786,127.06629193829261,127.50596354609272,14260844
2020-09-29,130.7359161376953,133.25560104748996,127.89493584462103,133.25560104748996,17532748
2020-09-30,119.4057846069336,133.4246810824375,117.96838309970836,131.05719624700768,87189586
2020-10-01,119.49032592773438,122.28057563892735,117.52869995630968,121.07992686146436,32424524
2020-10-05,119.77782440185547,121.23214276131304,118.71245825106485,119.49034202556844,13176802
2020-10-06,119.06758880615234,121.89166245403138,118.44190455674011,120.64028363379073,13773544
2020-10-07,115.75312042236328,119.62565407273001,115.33035519072573,119.38890141444627,20549154
2020-10-08,115.00904083251953,116.68319515240302,114.18042723370714,116.64937187213361,19178934
2020-10-09,116.68318176269531,118.44188892072796,114.85683837330131,115.16122721796451,26861436
2020-10-12,115.53326416015625,118.30659739700914,115.14432228002984,117.35960757396961,9593558
2020-10-13,114.6877212524414,116.24349892352315,114.31568589088063,115.80381701570992,10558800
2020-10-14,112.59082794189453,114.62010093689923,111.10269647650766,114.23115901047325,16178274
2020-10-15,110.47698974609375,114.55245208869034,109.91894179817068,112.96285095565848,10821450
2020-10-16,114.97521209716797,116.14203769573464,110.76446715610295,111.23796205065528,26906266
2020-10-19,117.24122619628906,117.63016805959785,115.34723631069014,116.34496616655635,14750554
2020-10-20,116.1251449584961,118.2897006764263,115.55018016902935,117.00449862180344,10486228
2020-10-21,118.2220230102539,122.78788588072754,116.71698551616787,121.92544924486998,34108526
2020-10-22,118.15441131591797,118.6448127183597,116.34497433107889,117.93457549265682,11658856
2020-10-23,118.89847564697266,120.18368799299239,118.20514487711803,118.34042767106337,10095206
2020-10-26,117.05524444580078,119.62565922923919,115.85458494334517,118.89849474234447,10164184
2020-10-27,117.91767883300781,118.34044407356888,115.68547629856201,117.02141858730177,8717246
2020-10-28,116.83539581298828,118.2389742248676,115.82075932419608,117.78238574062789,7743220
2020-10-29,115.60091400146484,117.52872747274981,114.38335846319664,116.34498489388757,14722436
2020-10-30,119.87928009033203,121.57034054966009,116.17585355583799,116.63244194413936,33648648
2020-11-02,117.15669250488281,119.94694288073622,116.59864449399537,119.65946047469838,8690720
2020-11-03,118.66173553466797,120.57263212823767,117.86693491357876,117.86693491357876,13322292
2020-11-04,117.98532104492188,119.37199304705992,116.41263647236998,118.54336907758008,8101954
2020-11-05,123.8871078491211,124.71573175476998,118.61100650523841,119.96385512088337,27315846
2020-11-06,122.5849838256836,125.15538761351844,122.19603164069521,124.46205691416566,11623324
2020-11-09,127.01557922363281,128.52062754316546,123.61655096586045,124.54663445465968,23414854
2020-11-10,129.46762084960938,130.19478530763905,125.86566312805789,127.16778211022522,16074814
2020-11-11,133.25558471679688,134.7437160858993,129.06175619608433,129.46760457597654,22991936
2020-11-12,133.47540283203125,133.89816795586347,130.9219056126502,133.59377913098712,13222638
2020-11-13,133.25558471679688,135.42014037380184,129.60289769068947,132.5115138715379,19115708
2020-11-14,139.630859375,140.34110680770348,133.678324699191,134.4562083550864,16811038
2020-11-17,133.47540283203125,140.3580211123029,132.61296610797913,140.3580211123029,44296492
2020-11-18,129.5521697998047,133.40779686070613,127.62436659077045,133.40779686070613,42174930
2020-11-19,129.77200317382812,133.76290232577819,129.2139448817083,129.55215702412494,33181436
2020-11-20,129.63671875,131.86892110386984,128.03021096582785,131.12486053352401,18928924
2020-11-23,133.40777587890625,133.77980095660863,129.53524294683822,130.54987931456802,18370378
2020-11-24,131.8181915283203,135.1157601425631,131.34469656081484,134.60844189421803,14237058
2020-11-25,129.21392822265625,133.05263760845818,128.92645619579716,132.2409306355916,14976356
2020-11-26,127.84420013427734,130.14403875944913,126.84647010519198,129.77201362994805,16774012
2020-11-27,126.15312957763672,129.8396398790272,125.47670529035717,128.65589737628798,27707056
2020-12-01,128.2838592529297,129.01102360357686,125.47670264839162,126.795727916531,9807172
2020-12-02,130.0426025390625,131.90276980555103,127.79349327204635,128.96031927362918,19302512
2020-12-03,133.22177124023438,134.5407966344117,129.4168843408289,130.88810933954895,37347498
2020-12-04,132.6806182861328,134.87899719435495,131.49687579709013,134.03346684503876,14825638
2020-12-07,133.59381103515625,136.97593283351463,132.3931619253057,132.6299042583408,20185302
2020-12-08,132.05491638183594,134.94662566027625,131.58141119256342,134.94662566027625,11461924
2020-12-09,133.64453125,134.87900355392415,132.2409528682392,132.62989478298024,16825160
2020-12-10,135.048095703125,135.7921664974303,130.92191402232845,133.62761098865334,14788112
2020-12-11,134.405517578125,137.7876393607724,132.5791738797787,135.62308348416138,29170228
2020-12-14,137.1281280517578,137.3141406161442,134.81137262978837,135.79218585562043,22254470
2020-12-15,134.8113555908203,138.41331267118764,134.30403740143294,138.0920070226763,17578662
2020-12-16,135.14956665039062,137.29721569946287,134.70988469687617,136.23183925302604,14206982
2020-12-17,133.72909545898438,136.14731050975251,133.35705999238542,136.13040402912307,12233988
2020-12-18,133.20481872558594,134.9466087288563,131.6490412223241,134.60839667690428,13147766
2020-12-21,124.24224090576172,132.91738087573444,120.96157877593667,132.91738087573444,25446600
2020-12-22,125.98402404785156,126.69427161683399,120.74173579888057,124.24223356489593,20183368
2020-12-23,126.62662506103516,127.57362526016358,124.93556433553678,126.15313012217872,11965506
2020-12-24,127.69197845458984,128.9433673945917,127.01555423219199,127.30303659099398,12131772
2020-12-28,129.45069885253906,130.04257010790664,128.01329723236063,128.52061545124712,9806128
2020-12-29,129.02792358398438,130.41459533816072,127.72580485967956,130.04255994244295,8034014
2020-12-30,129.48451232910156,129.94110075581762,128.11474704895343,129.1970299625459,6183434
2020-12-31,128.89263916015625,130.0594647646855,128.36840418877532,129.19702799953714,8594440
2021-01-01,129.18014526367188,129.87347609865276,128.65591019594459,128.89266284864937,5723498
2021-01-04,133.712158203125,134.2363828389837,130.04255478787098,130.17783756602023,16477784
2021-01-05,132.57919311523438,133.50927674040503,131.56455643323002,133.4923702576055,9064136
2021-01-06,130.9895477294922,134.25330288936146,129.3830401866939,132.78207812798956,16144720
2021-01-07,132.6468048095703,133.5937946685279,131.09102690864108,132.24094611492256,13121606
2021-01-08,135.33558654785156,137.31412964270066,133.34013697446977,133.59379608095261,24755912
2021-01-11,135.87672424316406,136.89136064074836,133.71216865926726,136.6377015413523,13668006
2021-01-12,136.14730834960938,138.32878102986953,134.42243449610123,135.792189690691,16662142
2021-01-13,139.3095703125,143.74015115351483,136.8575324398812,137.31412086665182,42362294
2021-01-14,144.3151397705078,145.43123582384513,139.0052044734892,139.3434166498237,25200192
2021-01-15,140.2227783203125,145.26213796904122,139.10667188229849,145.22831468520738,17655902
2021-01-18,138.5147705078125,141.00063167007468,135.96127311396444,140.01981858005294,16787164
2021-01-19,139.8338165283203,141.3726776710538,138.07510923255435,139.68161693336177,11094214
2021-01-20,139.96910095214844,141.00064388558042,138.413322991081,140.35804286206138,9874786
2021-01-21,138.09201049804688,143.06373300773276,137.00973785963185,140.35803592957234,17536476
2021-01-22,133.9489288330078,139.66472289256652,133.57690369471692,138.32878066224956,15404838
2021-01-25,130.9895477294922,136.24875229929114,130.11020448951325,135.28484570932923,12060426
2021-01-27,128.7235565185547,131.98730195948346,128.43607410407137,130.39770060039905,12066876
2021-01-28,129.97491455078125,131.80126826944965,127.25231109316779,127.50597018504786,16311766
2021-01-29,129.73818969726562,134.1180310796169,128.97721231933494,131.86892222690503,16517910
2021-02-01,132.91734313964844,134.5745802137482,128.72351554761647,131.2262827943603,27876736
2021-02-02,137.99053955078125,139.00517587100757,133.0019109763351,134.1856533499325,17753676
2021-02-03,140.32423400878906,141.03448166418704,136.0796751999804,136.9759354292464,17018506
2021-02-04,141.55868530273438,142.89462736763699,138.85298821648328,139.88454142346566,15198682
2021-02-05,140.35801696777344,142.8269610894844,139.71541606280616,142.2181834577078,7722568
2021-02-08,142.06600952148438,143.53723443870817,140.6962544421404,142.0491030425456,12645654
2021-02-09,141.82925415039062,148.1538145821041,140.91607730063123,145.7694232719981,45154044
2021-02-10,140.6285858154297,143.72323476036172,138.3456541604947,142.79315149353636,19160592
2021-02-11,142.7086181640625,143.01300702911212,140.12128700760186,140.3580396367602,11459318
2021-02-12,141.40650939941406,144.02765369945536,140.22276681229863,143.0637469570924,10941890
2021-02-15,141.7108917236328,143.70634135665142,141.03446741946274,142.99609377298967,11037552
2021-02-16,141.35577392578125,142.92845837796426,140.76390265614342,141.30503384553677,10795324
2021-02-17,144.78457641601562,145.55825484104875,141.21506720584037,142.25251256691146,17178862
2021-02-18,151.9939422607422,152.7500413790519,144.4329296131058,146.06821624858256,41510988
2021-02-19,151.22023010253906,156.42501512478907,148.93434290331464,153.6819547786269,48892610
2021-02-22,148.60025024414062,153.0665265347298,147.0001334670122,150.97405622716056,19380682
2021-02-23,153.06655883789062,155.68654213905216,149.74322546739936,150.51691483657024,28795656
2021-02-24,154.27981567382812,156.49536372124393,153.36545859327276,154.73698884797153,11981366
2021-02-25,162.3155975341797,164.51356635970086,155.38760623549874,155.422775883161,37621658
2021-02-26,158.2009735107422,164.0036100062646,154.824891948712,159.99451784672078,36883078
2021-03-01,160.10003662109375,163.12444363287733,158.288912598193,160.36379285934925,12185500
2021-03-02,164.93556213378906,169.64800461972936,162.47383732582207,166.869774482906,53200666
2021-03-03,164.00364685058594,168.80400870158326,162.57935658780443,168.80400870158326,17675284
2021-03-04,163.14202880859375,166.21918502945312,161.50674222053374,162.47384846137527,12556622
2021-03-05,162.40350341796875,166.8522005541142,161.1023124157314,162.82551769193526,17793026
2021-03-08,164.12672424316406,166.32469295901814,162.40350818411915,162.47384747593412,11349538
2021-03-09,156.8118438720703,159.66041285581912,153.8050276144985,156.91735278688577,399581906
2021-03-10,156.6712188720703,158.9219368171568,155.45793577981644,158.60543145073785,23491604
2021-03-12,160.9088897705078,163.1771977825916,158.60542284471725,160.71547281604387,52792772
2021-03-15,161.96389770507812,163.52885556196543,158.71090434174872,163.33543862786385,33839076
2021-03-16,159.60769653320312,163.73987767024025,158.97467511114667,163.37061249097343,30782874
2021-03-17,151.94119262695312,157.0932404093344,151.25543275687482,155.44036347315972,57699598
2021-03-18,150.13003540039062,154.20946700466428,149.03984089882996,152.97860466825304,26361962
2021-03-19,152.25767517089844,154.17429722509368,147.42214456789029,149.81352995501626,26622950
2021-03-22,154.5084228515625,155.4403595121383,152.75004774395913,154.12157818143575,27343862
2021-03-23,153.5061492919922,155.51070123888502,153.01380640062538,155.4051922914185,17089478
2021-03-24,151.20266723632812,153.50613414304698,150.7454833069645,152.96104219787506,10317086
2021-03-25,149.06777954101562,152.00323519295543,147.69789806506805,151.73637558823364,20898974
2021-03-26,150.93580627441406,153.63997508563392,149.93952383894998,151.54068156806238,19204862
2021-03-30,153.28416442871094,154.38718638499208,149.97510941841344,152.60812221632762,17153798
2021-03-31,152.2700958251953,153.40869029789783,151.3983501004702,153.17741414395397,10018670
2021-04-01,155.6325225830078,156.53985177331683,152.30567060229873,153.21299979260777,9156394
2021-04-05,152.3056640625,155.49019295266007,149.83277162792214,154.4583380086649,11510442
2021-04-06,152.32347106933594,154.31602504162134,150.97137583238896,152.99951325853664,9190874
2021-04-07,152.3590545654297,153.5332325333908,152.10998124687038,152.64370047931553,7430944
2021-04-08,153.19520568847656,155.13438990571623,152.75043966237072,152.8393928675919,6708234
2021-04-09,151.43392944335938,153.80008238526992,151.0425331927058,152.99950358742873,8179184
2021-04-12,143.73060607910156,149.22790813388653,143.03676667346096,148.71198601300318,12368094
2021-04-13,145.6697540283203,146.7727758488326,143.1079084559038,144.10417992430837,8064312
2021-04-15,144.0508270263672,148.16046088739813,143.49931062233088,145.52744810560733,14440358
2021-04-16,147.2353515625,150.49104779534758,143.85512952019397,144.1042028562035,22292626
2021-04-19,145.43849182128906,146.73720645728073,142.3251296110474,144.1041937311855,11256462
2021-04-20,145.20721435546875,147.46662793949562,144.49558871379386,146.55929873123281,7026888
2021-04-22,148.85430908203125,149.90395048225042,143.57048604832056,144.10420532731058,15611348
2021-04-23,150.526611328125,151.20266438270988,148.01813525437183,148.48068758362345,47680532
2021-04-26,149.0500030517578,152.4124388808813,148.5696535249478,151.57627649844113,12888196
2021-04-27,149.56594848632812,150.5444339207642,148.2138530072516,148.5518795916576,10816330
2021-04-28,148.5518798828125,150.98920032325796,147.62676420764117,150.15303786957335,19805066
2021-04-29,149.28128051757812,150.50883922345764,148.37396207135185,150.15302636477335,13265608
2021-04-30,150.08184814453125,155.66811394850154,147.53778856828205,148.55185731085575,33702940
2021-05-03,148.0181427001953,152.6614959583094,147.8046528226685,149.08558122928326,16118782
2021-05-04,149.9573516845703,152.8038548966458,148.90769928169829,149.7616480736113,19987878
2021-05-05,151.14927673339844,153.568810346742,149.79719240428378,150.170791509855,13778662
2021-05-06,154.42279052734375,154.77860340874318,150.9180314738501,152.2879132389473,12787288
2021-05-07,157.67848205566406,159.04836387145664,152.28791887468333,154.79639543796165,24054728
2021-05-10,161.4322967529297,161.89484912128617,158.33672056916998,159.75997199001645,19405820
2021-05-11,164.47450256347656,165.09717509887102,159.01277272416436,159.9734718364776,21695878
2021-05-12,159.8489227294922,166.52041366144093,158.87043739280637,165.0971622626252,15235594
2021-05-14,157.3582305908203,161.36112509426118,156.2374223015661,161.36112509426118,9799430
2021-05-17,157.85635375976562,158.88820875519565,155.88159697296922,158.33670323341877,6063462
2021-05-18,159.5642852783203,160.96973959426103,157.5183612837263,159.119519192539,9934246
2021-05-19,158.85264587402344,161.64576796558336,157.3582276109532,160.11577710554877,16215214
2021-05-20,161.8236541748047,162.90888971033738,157.09134836366593,159.4041315219079,18799814
2021-05-21,164.04751586914062,166.52041960628517,163.33589014432744,164.74135529425223,23987738
2021-05-24,168.24610900878906,168.85098434123026,163.88740157777664,166.14681535658218,22941220
2021-05-25,168.79762268066406,170.43436404782227,166.876235362064,169.65157139353664,21199352
2021-05-26,168.01483154296875,171.03924075770016,166.69831965902003,170.30981790254884,25944614
2021-05-27,166.46705627441406,173.6366835569517,165.80880028184322,172.5692449285278,102988808
2021-05-28,167.76576232910156,170.75458816071028,166.69832375648798,169.0111073304841,29313704
2021-05-31,167.9436798095703,168.45961283037036,166.62716780662717,168.45961283037036,13495562
2021-06-01,167.5344696044922,169.61597678731266,167.26760998768304,168.44178795822506,8869530
2021-06-02,168.8865509033203,169.1712076711812,166.87621066509803,167.2320234810151,12676710
2021-06-03,168.6197052001953,170.2208630038956,168.33505926740045,168.8331950790646,12184524
2021-06-04,170.16749572753906,171.78643985366634,168.673077412232,168.93993705006923,17759466
2021-06-07,171.2882843017578,172.71153553959303,170.34538252840105,171.07479444437348,12523390
2021-06-08,173.44094848632812,174.2415272622468,169.4558409027819,172.14222311855775,15198964
2021-06-09,172.58702087402344,175.73596681065257,171.3238895829262,175.0599245582548,18980362
2021-06-10,172.0532989501953,173.45876404846814,171.76865301414972,173.01399798680538,7388634
2021-06-11,172.0710906982422,174.17038427158374,171.39504847747745,172.81829983005423,7438508
2021-06-14,172.106689453125,172.56924184041242,169.36692601244602,172.1956426705685,7237652
2021-06-15,171.46620178222656,173.36980260750195,171.07480549483088,172.56922373450683,6507360
2021-06-16,171.23492431640625,172.53363897327867,170.4521317475415,172.01771688527103,7994924
2021-06-17,169.68714904785156,171.82202618628176,169.4736591622992,170.06075906220482,6651076
2021-06-18,168.06820678710938,170.82575645529897,166.0756525970953,170.79017299754847,10583776
2021-06-21,169.0288848876953,169.29574451704661,166.69831513477908,167.83692056342974,5397088
2021-06-22,168.53073120117188,170.34537865991072,168.22828814829123,169.90061265818773,5553420
2021-06-23,167.08970642089844,169.01109352292357,166.92958630466893,168.65528069445426,4927558
2021-06-24,165.84437561035156,167.40995001690874,165.48856275165463,167.0541371582118,8462210
2021-06-25,167.24981689453125,167.97923971332392,165.87994618180173,166.66272789499777,5904240
2021-06-28,166.21795654296875,167.94365089013795,166.00446667945016,167.58783807045546,4334320
2021-06-29,165.89772033691406,167.05411195320355,165.45295433064888,166.87620555069748,5921594
2021-06-30,166.55599975585938,167.46331819355498,165.80879058793832,166.16460344327723,5924634
2021-07-01,164.65237426757812,166.84062083005736,164.38551466584786,166.55597493162975,5757026
2021-07-02,164.65237426757812,165.66644292586216,164.04748816023817,164.74132746815488,4769492
2021-07-05,163.56715393066406,166.34248951933324,163.1401742130787,165.4351711926459,11190174
2021-07-06,162.98008728027344,164.74136540065408,162.81997799749632,163.67392674795005,7749392
2021-07-07,163.851806640625,164.1720360128389,160.98751773006492,162.98006087208284,6000580
2021-07-08,163.03343200683594,165.59527769418946,162.4463321902647,163.72726046321404,6426778
2021-07-09,162.57089233398438,163.14019507739235,161.2899638759531,162.28624639155373,7058662
2021-07-12,160.4716033935547,163.42484585316583,160.1335768256927,162.81997049297462,7393710
2021-07-13,160.2047576904297,161.89486895979013,160.0268512410233,161.0942899374615,7409874
2021-07-14,159.65321350097656,161.21878770611897,159.47530709451618,160.47157862727624,4936524
2021-07-15,159.0661163330078,160.3826281062499,158.35449069526516,159.8666951754683,6617550
2021-07-16,159.4041748046875,160.48939977634498,158.62138210285255,159.77777399596692,6726604
2021-07-19,161.50344848632812,163.31809617104906,158.40788324396544,158.69252917709778,14737948
2021-07-20,161.46786499023438,162.96228328517634,159.75996767476894,162.53530352703683,7689016
2021-07-22,163.99411010742188,165.07934561463216,161.183191283242,161.87703055602472,13532496
2021-07-23,164.15426635742188,165.73762708110687,163.42484347385178,165.38181421845223,6954808
2021-07-26,162.2506561279297,164.58122590213827,161.93042674149171,164.34994972629673,5177476
2021-07-27,161.28994750976562,163.81622071204524,160.91634839091637,162.25064647044306,4635256
2021-07-28,161.3433074951172,162.07271934193216,160.22248856475366,161.39667723976686,4411220
2021-07-29,159.79556274414062,161.5924134015919,159.58207284955554,160.82741789966354,5979220
2021-07-30,158.51461791992188,161.6101939264229,158.30112804731044,159.8311297522375,13531870
2021-08-02,162.89108276367188,163.63829175697285,158.87040278137934,159.42190823485114,9965680
2021-08-03,164.8836669921875,165.43518340633122,162.42856058118008,163.92297884451298,7855132
2021-08-04,162.65982055664062,165.45295322909894,162.28622145728323,164.74132762381248,5192276
2021-08-05,161.36114501953125,163.1757929235442,160.5249825594074,162.28626070182685,7099910
2021-08-06,162.10833740234375,164.74135033315133,161.5390346679281,161.5390346679281,8118604
2021-08-09,161.00531005859375,163.31809351799896,160.36485129017692,162.78437425813624,4555246
2021-08-10,158.22996520996094,161.85924945453394,157.5361258683647,161.71692649841165,7098198
2021-08-11,160.1157989501953,160.66730458093807,156.7533628288222,158.69254740397136,10635072
2021-08-12,159.45751953125,162.03716258010965,157.30485622699928,160.82740111511225,12567714
2021-08-13,161.85926818847656,163.26473333190128,159.51090113574452,160.11578734245694,14232032
2021-08-16,165.09716796875,166.37809644366519,161.9126385104168,163.1401972277411,17964436
2021-08-17,165.45297241210938,167.14308342062017,164.02972103652132,165.75541550113107,14363500
2021-08-18,164.91928100585938,166.14683986809246,164.0475350476303,166.14683986809246,7947234
2021-08-20,161.96600341796875,165.63087119772237,161.1832108540671,164.31435939258213,12114818
2021-08-23,160.72067260742188,163.549378318769,159.43974414447848,163.2113626181547,7925892
2021-08-24,162.3929901123047,163.40705895362282,161.12985877954412,161.18322853781413,7248688
2021-08-25,163.9229736328125,165.2394745767056,162.69541503706427,162.962274657136,9704266
2021-08-26,166.0756378173828,167.7301652993444,163.1757654348088,163.88739109230158,14847298
2021-08-27,167.69459533691406,168.54855488144884,165.86216129314766,166.89401640782273,12536762
2021-08-30,168.13934326171875,168.97550555801163,167.8013275988228,168.97550555801163,9029840
2021-08-31,167.81912231445312,169.31354057251562,166.64494429636548,168.29947181586937,18002472
2021-09-01,169.72271728515625,170.57666589224036,168.01482007098804,168.3884191932918,10439002
2021-09-02,170.71900939941406,171.3416819172339,169.7227377143211,170.07855058164674,8362628
2021-09-03,174.81085205078125,175.77155110672655,170.86133803056458,171.8576096853217,16372070
2021-09-06,174.6329345703125,176.66107206737445,174.34828864655285,176.46537935210793,13979558
2021-09-07,171.48399353027344,175.59362727194326,171.14596700669645,174.5973557159462,13420280
2021-09-08,174.18817138671875,175.41573002748981,171.46620533386348,172.21341446917864,13609662
2021-09-09,174.75746154785156,175.05990461167428,173.54770015110597,174.31269553003733,9084984
2021-09-13,177.23036193847656,177.63954449620294,174.88199523261642,175.7715272531282,21460684
2021-09-14,175.45132446289062,178.97386962576388,174.5262088497757,178.26224390160579,24182782
2021-09-15,174.3305206298828,176.10958498631166,173.6722646462947,175.77155841517134,22748506
2021-09-16,177.19598388671875,178.40675251543996,175.783420486544,176.57042502184296,34750954
2021-09-17,176.06593322753906,178.38657303512267,174.39103913407632,177.98298350336898,24016408
2021-09-20,169.6690216064453,175.0165824269123,169.08382422735747,173.96724727429833,14744276
2021-09-21,167.00534057617188,171.08159724339765,166.60175105103218,169.4672391428389,22963476
2021-09-22,169.56814575195312,170.1129941038571,167.28786727413706,167.28786727413706,9640070
2021-09-23,169.48744201660156,171.2430467635107,168.35738384953507,170.77892122907983,11769116
2021-09-24,167.40892028808594,170.81925650223812,166.29904915901056,169.91118012390373,12674828
2021-09-27,169.749755859375,170.5165734898606,168.11521090106578,168.88204084812617,9778866
2021-09-28,173.38206481933594,173.64439555092648,170.7183714539033,171.24303291708432,18266942
2021-09-29,176.32826232910156,176.77221327323974,171.92913893698662,173.34170228506045,15251714
2021-09-30,174.431396484375,177.7408231776636,173.94708413093042,177.4986670009413,8934732
2021-10-01,174.77444458007812,176.6107843687198,173.13991187709925,174.31031907449187,5489980
2021-10-04,175.9044952392578,176.7722102463301,174.95605740133357,175.1578521618887,5362228
2021-10-05,179.1332244873047,179.79914478244305,175.84397211341016,175.9045080826817,18020292
2021-10-06,180.48526000976562,182.40231046067103,179.657894004166,180.4045371694128,16248822
2021-10-07,181.2924346923828,182.4224805300982,180.80812229531858,182.22068575075076,7445114
2021-10-08,181.39332580566406,182.42247421809617,179.435914050407,182.220679445731,6019304
2021-10-11,183.3910675048828,183.69375963181096,181.41348140560046,181.61527615688587,11833332
2021-10-12,183.734130859375,184.52113535805498,182.05923679755782,183.37090275097455,10923204
2021-10-13,185.10635375976562,185.81263550704654,182.94714709762013,184.44043343278742,14072722
2021-10-14,185.36868286132812,186.53910245677295,184.84402135180716,185.65120048434778,7894780
2021-10-18,186.66017150878906,189.68709320893157,186.07496172013114,189.68709320893157,8784646
2021-10-19,182.8462371826172,187.66913713894718,181.59511945495117,187.22518617917436,10805314
2021-10-20,178.02334594726562,182.78569752281336,176.10629566037204,182.4224694054538,13086926
2021-10-21,182.03903198242188,183.22962588783795,178.81031610774633,179.69821789991155,19775152
2021-10-22,180.50540161132812,182.82604120722556,178.58835151036934,182.0188622173482,7829992
2021-10-25,174.2296142578125,180.96955237592996,173.48297112444249,180.40452946731168,14550354
2021-10-26,173.96725463867188,176.34844261844876,172.75648609976477,173.9470800896532,9945226
2021-10-27,172.61526489257812,175.3596690558902,172.33274726551235,174.9359049318678,6737796
2021-10-28,169.83045959472656,173.94707749216863,169.1241779575774,173.13989847828384,7242482
2021-10-29,168.57936096191406,171.5255597677654,166.9246413337805,169.10402245339696,12075018
2021-11-01,170.17352294921875,172.73631892935953,169.46724127135337,172.73631892935953,11652400
2021-11-02,167.95379638671875,171.0816155410808,167.7318270507816,170.71838739292173,8099346
2021-11-03,167.4492950439453,170.13316297933667,167.16678976034234,168.70042506154454,10516486
2021-11-04,169.40672302246094,169.60851780866994,168.7408026912865,169.447084443018,1975024
2021-11-08,174.24978637695312,174.6533759227017,170.09281898237285,171.12196739740156,11870418
2021-11-09,173.74530029296875,174.6533767753362,172.33273687595275,174.63320222458046,5867180
2021-11-10,174.04798889160156,175.15786012511322,173.60403793488183,174.35068104619566,6565108
2021-11-11,173.66006469726562,174.45630089701447,172.33301267171782,173.92548507121552,6633538
2021-11-12,174.64004516601562,175.57918465767156,174.0888056987176,174.76253728717077,4288924
2021-11-15,174.0888214111328,175.59961170628594,173.39466609913606,174.72171819597315,3839888
2021-11-16,171.4551239013672,174.1704740895983,170.7405574065142,173.9459010327791,5533442
2021-11-17,168.96435546875,171.80221039311627,168.31104746580507,171.7001294600247,7538798
2021-11-18,165.49362182617188,169.71977541014073,165.37112967749854,168.8418817818411,9990796
2021-11-22,161.5328826904297,166.55525997708585,160.51207328573923,165.77944732173157,10565788
2021-11-23,162.34951782226562,163.86030814925957,160.89996110161647,161.28787363021092,6765412
2021-11-24,164.69740295410156,167.12692202450887,162.8395222356162,163.7786744279103,8482816
2021-11-25,163.3703155517578,165.12610248474843,162.5128332859285,164.96277549626913,6323818
2021-11-26,153.87680053710938,162.18619095611731,153.12139914246296,162.16576729293416,20046662
2021-11-29,150.03854370117188,155.1630009861633,149.8547930576893,154.7546772993576,15037552
2021-11-30,151.07977294921875,154.9588482006176,150.26312552787164,151.07977294921875,18393470
2021-12-01,150.5693817138672,153.50931767683664,149.3648216757355,152.2026767019498,13057566
2021-12-02,154.69342041015625,155.14257892641186,150.69184108293715,151.07975354266907,12449776
2021-12-03,157.57212829589844,158.5929376428025,155.6938366053847,156.18383007631925,17313246
2021-12-06,156.57174682617188,159.001265660555,155.57134865486287,158.16420695798766,8919812
2021-12-07,158.3479461669922,158.73585871612121,157.3067255829857,157.57213352978619,7275406
2021-12-08,159.71580505371094,160.16496359424127,158.89915769312844,159.04207347344033,7187328
2021-12-09,160.77745056152344,163.9419591122582,160.1853762353531,160.98161240350632,12970082
2021-12-10,162.0841064453125,162.47200650461292,159.6545753147973,160.67538461987914,4565918
2021-12-13,160.20582580566406,163.53366187597348,159.67499745402972,162.90076504789047,5199416
2021-12-14,159.9199981689453,160.45082653376636,158.87877756499407,160.45082653376636,6582798
2021-12-15,156.91880798339844,160.22623276298668,156.42882697301044,159.65458202034156,11115184
2021-12-16,159.67498779296875,160.06290031642138,156.98006117484954,157.8171198272879,7909366
2021-12-17,157.08213806152344,161.1041166832974,156.0204939108769,160.47121990980378,16049722
2021-12-20,146.9965362548828,155.51008813852158,146.5882125430637,155.51008813852158,22510560
2021-12-21,148.71151733398438,149.40566024448722,145.93490830881646,148.79317460878062,12855558
2021-12-22,152.08018493652344,152.63141202751638,149.11983776333847,149.4464917773381,10045244
2021-12-23,154.08094787597656,154.44843670706157,151.8964136286237,153.0397149833438,10693866
2021-12-24,151.95767211914062,154.836361863701,151.20227073392755,154.836361863701,6287570
2021-12-27,152.87640380859375,153.1826466096771,150.0589725308373,151.46769440024127,4632660
2021-12-28,155.3263397216797,155.73466343938182,153.12139413829837,153.4480481280397,6449486
2021-12-29,155.61216735839844,156.32673384623845,153.99928372999645,155.57133249545458,8260658
2021-12-30,154.32594299316406,157.32711213363547,153.52970681647773,156.7962963232113,12171414
2021-12-31,157.38836669921875,158.18459039483915,153.73386479600927,153.73386479600927,7780656
2022-01-03,157.65380859375,158.0212974910536,156.79632619267335,156.79632619267335,6468384
2022-01-04,157.59251403808594,160.77743344962087,157.10252068505812,158.42957251670578,11799296
2022-01-05,161.16537475585938,161.9003524559807,156.57173297747406,157.18421854792544,13483996
2022-01-06,161.61453247070312,161.96161014441134,159.4912564840531,161.69620220371155,8237148
2022-01-07,161.77786254882812,164.51362399113123,161.28786910131512,162.51284025904664,11914426
2022-01-10,162.32908630371094,163.20699225109382,161.5328625439891,162.9211606690086,4179728
2022-01-11,159.71580505371094,162.839478715729,159.30748137341968,162.839478715729,6854016
2022-01-12,158.71543884277344,161.6757858854106,157.8375328543917,161.0837114924626,9246820
2022-01-13,161.0836944580078,162.32907671844694,158.12334772842465,159.32790758901987,8491424
2022-01-14,162.6965789794922,163.30906451341767,160.2670480438344,161.28785726704353,6915504
2022-01-17,163.55404663085938,165.1260953063644,162.75782292374248,163.73779727306706,9671610
2022-01-18,162.55368041992188,166.14692428193152,161.83911388796133,164.0644707537219,13220496
2022-01-19,161.0224609375,163.94197303355867,160.47122142512717,161.69619258104416,10347976
2022-01-20,160.49163818359375,162.32909498109044,159.32792551402034,161.28787444692955,6495234
2022-01-21,155.85716247558594,161.7165976469033,155.16300719581602,160.79786931482283,10310538
2022-01-24,152.3455810546875,156.73506100522792,151.12060990569947,155.73466291580067,10668074
2022-01-25,156.20423889160156,156.7146435572532,150.26313356783726,151.93726336338486,9905300
2022-01-27,156.06130981445312,157.30669200881832,153.1213744407706,157.2046110925245,11474790
2022-01-28,156.183837890625,160.67539924172794,155.7142680597656,157.18423608506427,8089918
2022-01-31,162.12490844726562,163.24779854155383,158.40917301318788,159.24623155360112,13928184
2022-02-01,154.69342041015625,161.28784499825483,153.52969549200964,161.28784499825483,25515398
2022-02-02,156.0205078125,157.4496409415788,154.89761749679522,157.20464419866917,11701576
2022-02-03,153.95846557617188,157.16380951885475,153.73389249718377,156.79632063457785,10658294
2022-02-04,153.3867950439453,155.1630056268842,152.73347463330626,153.9992805924725,8957710
2022-02-07,152.08018493652344,154.5097037606441,151.1206216364531,154.34637675364428,8189026
2022-02-08,154.10137939453125,154.55053800776815,151.34519410641386,152.87640815536795,6909612
2022-02-09,153.36639404296875,155.97966339826877,152.99890518162286,155.1630159459218,9292356
2022-02-10,152.97323608398438,154.56649430749945,152.49733106375783,154.23543324016887,12283058
2022-02-11,152.93185424804688,154.98033096399215,151.04892069921797,152.97324003982595,11262552
2022-02-14,149.68328857421875,151.40069170671617,149.2073708788138,151.04893139544046,10196386
2022-02-15,152.66285705566406,153.01461732246923,147.5727206791606,149.82810097023872,11049572
2022-02-16,154.8148193359375,156.59429493725835,153.24224746044337,153.5319354091105,10889816
2022-02-17,154.35958862304688,156.1183775014596,153.53192326849972,155.58040007267238,5224320
2022-02-18,154.42166137695312,155.5804004536593,153.7181534013679,153.7181534013679,4420434
2022-02-21,152.60079956054688,154.35958843683792,151.0696136048133,154.35958843683792,6207542
2022-02-22,147.03472900390625,150.82130768762056,144.5517332134941,148.9797474247303,14106162
2022-02-23,147.77963256835938,149.31080569978334,147.4071857325627,148.358995716173,5636142
2022-02-24,137.82693481445312,145.66906720574795,137.01996886624028,144.4275694738808,14094970
2022-02-25,139.19261169433594,141.32384727528887,137.45450954587082,140.70309831214703,11679020
2022-02-28,144.7586669921875,145.379416014674,137.3924503103493,138.77879231973677,19146282
2022-03-02,141.5721435546875,147.61410240621933,140.6203209395759,143.39300457906396,15469204
2022-03-03,143.3516387939453,146.4967697090126,142.08945416309265,143.76547147673915,12825706
2022-03-04,144.15859985351562,145.46217011821477,141.94459274693503,143.99306932658345,15557860
2022-03-07,139.8754425048828,143.59993653607793,137.3096748983912,143.59993653607793,19936000
2022-03-08,141.36524963378906,141.94461287479066,137.68214121330954,139.79267783201738,12880560
2022-03-09,141.7997589111328,143.8689222182533,139.75129481458586,142.5653518606015,13563906
2022-03-10,144.42759704589844,146.4967603273583,142.97918274887653,145.66909501477434,18109208
2022-03-11,149.8074188232422,150.51093937767135,144.94488520121706,145.2552596877293,16557604
2022-03-14,148.8349151611328,149.39359178366485,145.81394176399013,148.89698753493178,16449824
2022-03-15,144.96556091308594,149.60049128249625,144.0551367317452,149.41426155288354,12130866
2022-03-16,147.4485626220703,148.02793841371155,144.9034944457053,146.2898362971273,9444984
2022-03-17,150.71788024902344,151.54554568118903,148.09003997606322,148.81424722920812,22827672
2022-03-21,147.82101440429688,152.00071369195138,147.44855494928922,148.97974066894324,12369650
2022-03-22,152.4559326171875,152.99392259340215,147.61409860627055,148.5038362013854,14934378
2022-03-23,151.7110595703125,153.78022292334683,151.04892477150733,153.4905350022537,12475458
2022-03-24,150.0557403564453,152.20766283056707,149.31083391491822,151.46276901821182,9696758
2022-03-25,149.10391235351562,150.86270127655763,148.19348801791435,149.80743297440097,7259104
2022-03-28,148.85562133789062,150.15919176535525,147.44858011035802,148.97976609129822,11624382
2022-03-29,148.3383331298828,149.97296468171163,148.13141678439777,149.8074341311579,11417328
2022-03-30,149.0004425048828,149.97295177077493,148.64869485117686,149.1866722514557,8247132
2022-03-31,148.71075439453125,150.84198985985861,148.48313887622604,149.39357569110828,11007364
2022-04-01,154.93894958496094,155.18725171353677,149.62119723374292,149.62119723374292,12772330
2022-04-04,157.33917236328125,157.77369157694002,154.0285112941258,154.9389355106417,14714720
2022-04-05,157.25640869140625,158.0840740003084,155.82868098188192,157.67024134585733,6622344
2022-04-06,159.65663146972656,159.92563279581782,156.20113894228606,156.8425744987262,11686350
2022-04-07,157.5874786376953,160.27739104310726,157.04950120828136,159.26350856010848,6693770
2022-04-08,159.1393585205078,160.07048208841158,157.71164329389168,158.4151513010271,8380548
2022-04-11,160.71192932128906,161.4568231191938,159.24281567934975,159.38765964815667,4778320
2022-04-12,157.5047149658203,160.40154362341332,156.1183730109952,160.13255491675667,4891948
2022-04-13,156.84259033203125,158.89106720993615,156.30461288388022,157.25642302420022,6523924
2022-04-18,153.84231567382812,156.8426029331025,153.5526277143671,156.8426029331025,5585346
2022-04-19,155.53900146484375,158.84966261027964,154.35957590594822,154.73202275897575,11592654
2022-04-20,161.37403869628906,162.34653527089893,155.74591241723846,157.17362740948653,17136378
2022-04-21,164.58126831054688,165.03647417297464,161.3947514985228,163.46391497927308,15955692
2022-04-22,162.8017578125,164.39501600000807,162.01547832348183,163.46389256136735,8821478
2022-04-25,152.9939422607422,159.71872310912588,152.62148275657202,159.32557702324436,20815928
2022-04-26,154.29750061035156,155.35276877878695,152.76631480794552,154.5251035081177,6278956
2022-04-27,151.66966247558594,153.78021146424527,150.7592256164247,152.29041143524046,6163612
2022-04-28,152.84909057617188,153.82159982169804,151.1109884084583,153.82159982169804,6573278
2022-04-29,150.0557403564453,154.23545317485875,149.45567788653503,153.11809982715403,6718850
2022-05-02,151.6489715576172,152.26972049951627,148.00723685430742,149.02113184441043,6400476
2022-05-04,150.40750122070312,153.69746363781775,148.77285698931863,151.64899933187962,5737094
2022-05-05,149.3936004638672,152.60080379792527,149.02115357026247,151.4834504879397,3695092
2022-05-06,147.86241149902344,148.89699319893032,146.08293602685205,147.73826674670306,4697742
2022-05-09,146.2484588623047,148.27623636137687,144.7586587671517,147.2002815535385,5048780
2022-05-10,146.2691650390625,148.15209867162844,145.42080047195975,146.28985162128674,5909904
2022-05-11,143.64132690429688,148.75216306906518,142.66881757267356,146.91060257664716,7774130
2022-05-12,140.6824188232422,143.3723311324501,139.1305463371607,142.77226871949702,7716626
2022-05-13,139.44091796875,142.89641053007503,139.04777189535392,141.2824657035523,4515592
2022-05-16,139.0891571044922,140.55825796997442,138.09596126380205,140.35134164361523,3884304
2022-05-17,141.71701049804688,141.92392684415051,138.28219157522366,139.0477845816414,9596420
2022-05-18,137.35104370117188,143.68269034849322,136.9785968699575,139.2339896948617,15314616
2022-05-19,135.1784210205078,136.5440762260605,134.08176711775508,136.48199123054104,10187938
2022-05-20,137.7235107421875,138.5718753130117,135.73711893144457,137.3924496501207,6393394
2022-05-23,137.43382263183594,139.10983977658262,135.32327363644274,137.72349790309698,8792862
2022-05-24,136.6061553955078,138.44770304451322,135.9440206534016,137.43382066584817,5891438
2022-05-25,134.97149658203125,138.01316864164633,134.55766399240113,137.55795026721952,8163646
2022-05-26,134.22662353515625,134.70252856030328,129.19855932671172,134.49561223378976,16061314
2022-05-27,133.39895629882812,136.1509408758029,131.68155333945066,134.3300797546657,9751704
2022-05-30,136.21302795410156,136.89584936960674,133.25412673413138,134.28870846343364,7101016
2022-05-31,134.99221801757812,136.85446497756155,134.49561377658102,136.5647770654515,20841502
2022-06-01,134.90943908691406,137.33036252887823,134.12315960579974,135.73710435738593,13381064
2022-06-02,136.29579162597656,138.32356917177046,133.4817219082556,135.3232823310963,16113808
2022-06-03,135.79917907714844,137.39243727621565,135.36465985429828,136.81307410269213,9938986
2022-06-06,132.15748596191406,135.69575078147864,131.7229540142589,135.53022021392215,9345428
2022-06-07,132.5299072265625,133.5024164877047,131.18495110326407,131.41255401092334,7910152
2022-06-08,134.04039001464844,134.4542226560207,132.09538417770068,132.8402778805028,5381610
2022-06-09,137.74420166015625,138.44770959573302,132.2195331933782,133.66794748501144,13918892
2022-06-10,136.97862243652344,137.4752267236115,135.15776109915322,136.87516426247774,5453434
2022-06-13,131.57809448242188,135.69572172119913,131.3090931599319,135.69572172119913,7503680
2022-06-14,130.0675811767578,132.73680649941906,128.97092731218325,131.30907897722003,10098392
2022-06-15,129.94345092773438,131.12287649542841,127.46045505013436,131.12287649542841,9987308
2022-06-16,128.97093200683594,132.3436652950283,128.4122554504579,131.59877163930366,8720718
2022-06-17,124.56363677978516,128.90887992326603,124.04634592937077,127.87429822243726,13905510
2022-06-20,122.51516723632812,126.01205864446901,121.6668152429356,125.80514229201503,7456818
2022-06-21,124.64639282226562,125.16368360816618,121.39780416097622,122.76344678408586,5603658
2022-06-22,126.59140014648438,127.21214909714955,122.80483407326075,125.45336040359821,13204868
2022-06-23,127.4190673828125,128.49503477309105,125.61889287223472,127.6466829124085,8697024
2022-06-24,127.27426147460938,128.47438659315304,126.38452355813718,127.54326287445973,6549900
2022-06-27,130.35728454589844,130.62627324214324,127.60529995354129,128.28812129913814,5569614
2022-06-28,131.8471221923828,132.21956915713153,129.11582340226929,129.11582340226929,6481036
2022-06-29,130.93666076660156,132.36438860069399,129.77793428470878,129.77793428470878,4503176
2022-06-30,127.62600708007812,131.49534550025527,127.10871618511253,130.7711382473034,9158568
2022-07-01,131.74362182617188,132.11606867169115,126.50864152131861,127.66736784719413,8833390
2022-07-04,130.91595458984375,131.78500563578015,129.38476881228107,130.8124964326887,4431040
2022-07-05,129.57101440429688,132.9851340082487,129.17786830732487,131.51602041934856,6138608
2022-07-06,132.96441650390625,133.25410439120708,130.56419234604294,131.01941075644305,8353864
2022-07-07,136.31649780273438,136.56479996486866,133.7093566732559,134.45425053048615,9279814
2022-07-08,134.6197509765625,137.49589283854766,134.288689920568,136.56476941074712,5034654
2022-07-11,130.729736328125,135.05429272839686,130.56420578798387,135.05429272839686,11830842
2022-07-12,127.72945404052734,130.56421042179514,127.4811519069179,130.35729408198247,10690702
2022-07-13,128.49505615234375,130.52283390073313,128.0812234433185,129.11580521588166,9645842
2022-07-14,126.69487762451172,129.40548936659013,125.86721223074822,128.70196873022252,11835382
2022-07-15,129.1571807861328,129.59170004453588,126.67418472858141,127.46046428763849,10024354
2022-07-18,130.68833923339844,130.87456896818304,128.14327108996966,129.73652923802493,7029760
2022-07-19,130.99871826171875,131.5160090661469,129.32270110703953,130.3158969257076,5009030
2022-07-20,131.22633361816406,132.77820602937894,130.874573345788,132.17814364537452,6723570
2022-07-21,133.54380798339844,134.0817854040302,130.77112403602948,131.578102796148,7298344
2022-07-22,132.55059814453125,134.6611472713664,131.8263909775211,134.57838831549626,6293178
2022-07-25,131.2470245361328,132.79889699863438,130.58488975963138,132.55059487880004,6529228
2022-07-26,131.78501892089844,132.07469421263275,130.00553086094126,131.122884122523,4397264
2022-07-27,134.330078125,134.51629523640628,131.41255042126843,131.5987801618447,6514864
2022-07-28,134.93014526367188,136.10957097122287,133.19205552075027,133.19205552075027,6933530
2022-07-29,136.6889190673828,137.04067934526407,134.57838265843574,135.3439629566141,9605766
2022-08-01,138.28219604492188,138.71672796328778,135.6543558386317,136.97862554816794,6221584
2022-08-02,138.69602966308594,141.32386988666656,137.51660391857806,138.8408736368276,7663472
2022-08-03,138.17872619628906,139.60645396161814,136.6889260562002,138.69601703457195,4079330
2022-08-04,138.19944763183594,139.77200698143832,136.44065849883486,139.42024662900354,5023836
2022-08-05,139.2133026123047,139.56506289487902,137.47521303885512,138.63393942115485,5115246
2022-08-08,134.7646026611328,136.56477725072648,132.50922225070644,136.3578609215587,18945812
2022-08-10,135.8612823486328,136.66826123652064,134.90947210630046,135.44744961211043,5743378
2022-08-11,135.88197326660156,137.22692957818217,135.40606817449208,136.5441081304449,3377190
2022-08-12,138.17872619628906,138.40634174263604,135.65434437963444,135.88195992598142,5285940
2022-08-16,143.1447296142578,143.703406289815,137.82697684846917,138.4063527367044,10721280
2022-08-17,146.14500427246094,147.01405540165462,143.59993588845646,143.84823801525047,14146800
2022-08-18,143.62062072753906,146.31053303863212,142.95849856968343,146.31053303863212,7118970
2022-08-19,142.4415283203125,144.54709414914197,141.91513686310515,144.21020875707083,7463376
2022-08-22,140.50439453125,142.104632150606,139.72533266339866,141.978290499646,4227956
2022-08-23,140.52545166015625,141.0518430540715,139.21999843297596,139.3673905935427,3118316
2022-08-24,138.77781677246094,140.73600296583334,138.14614712333486,140.2306621059917,5188148
2022-08-25,138.88311767578125,141.0729112900793,138.25144792373612,138.96734544992887,6420988
2022-08-26,138.58831787109375,140.6096555243665,138.25141969464738,140.6096555243665,4127464
2022-08-29,137.36709594726562,137.99876558616842,136.0405794244884,136.86175509560272,3250026
2022-08-30,138.39883422851562,138.9252256662107,137.36711472144538,137.3881652384118,6339262
2022-09-01,139.53585815429688,140.230692347912,136.52490141439492,137.0723434211572,6741662
2022-09-02,135.57737731933594,140.69389927763302,134.96675814040609,140.02011569948525,9679250
2022-09-05,136.7564697265625,136.90386187159575,135.2825739789321,135.59840878199577,4784578
2022-09-06,136.54591369628906,137.47236759590996,135.19834672435888,137.28286157283034,5099528
2022-09-07,137.6408233642578,138.12510087326862,135.5352578021653,136.16692747079304,5529460
2022-09-08,143.1153106689453,143.53642383092463,138.81995127621465,138.96734345317816,17335416
2022-09-09,142.54678344726562,143.83117325359095,141.5150512182587,143.810122739265,6934262
2022-09-12,144.2733612060547,145.28403014987018,142.42046600050082,142.54679479922044,5406378
2022-09-13,143.62063598632812,145.53670854724217,143.19952283245956,144.46286229406522,10351084
2022-09-14,141.5571746826172,143.51534814752716,141.22028932248207,141.36768148679846,6863114
2022-09-15,139.55686950683594,142.7573314246801,139.1147059217247,141.8098270125694,4993238
2022-09-16,135.3036346435547,139.64110730854014,134.819357146126,139.55687954752992,11937446
2022-09-19,135.1351776123047,136.73541494198008,134.35611588548184,135.998467091187,5473706
2022-09-20,135.97743225097656,137.66188483470214,135.53526858828994,135.8300400796299,5591400
2022-09-21,134.77723693847656,136.44063875519933,134.04028904396546,136.23008221391046,4507332
2022-09-22,133.0085906982422,134.73515717962474,131.89264342352593,134.3350945474843,5353540
2022-09-23,131.36624145507812,133.40862978314993,130.96617885501223,132.86118787381466,5516760
2022-09-26,128.3973846435547,133.05069221895366,127.55515842371983,131.3872902942389,10934478
2022-09-27,130.81878662109375,131.38729189668643,128.56582888528715,129.28172632141903,6266672
2022-09-28,128.86062622070312,130.5450788510391,128.5237408351774,130.5450788510391,4451088
2022-09-29,127.70256042480469,130.01868270785968,127.38672556802446,129.51334179647003,6532502
2022-09-30,128.3552703857422,130.08183670160895,126.69188131725949,127.84994236613507,11182546
2022-10-03,130.0397491455078,131.07148161118192,128.35529636978177,129.0080295311885,7084402
2022-10-04,131.1556854248047,132.31374649650712,130.65034454388447,130.9661793816215,4266520
2022-10-06,131.45046997070312,132.56641727143537,130.29240878381324,131.8294692434145,6973606
2022-10-07,129.45018005371094,130.9240760822859,128.94485198329735,130.629304587383,6436838
2022-10-10,128.2921142578125,129.11329001320604,127.21828090200836,128.8606195614424,4731232
2022-10-11,126.22865295410156,128.94483761609013,125.97598252137091,128.94483761609013,5305338
2022-10-12,127.38671875,130.2292323088843,126.06021499279116,126.77609958569865,14791710
2022-10-13,126.46028137207031,128.54479672985286,126.12339597245186,128.03945577907095,6058154
2022-10-14,125.42853546142578,128.43949146148202,125.11270064635656,127.59726528796409,5155460
2022-10-17,124.8810806274414,126.06020498013514,122.77551519550781,125.44958586433378,5344642
2022-10-18,124.54419708251953,125.61803032764385,123.82829968486884,125.51275205453943,6574926
2022-10-19,123.0281753540039,125.89175181335109,122.85973270377183,125.13374061028107,6029504
2022-10-20,125.11268615722656,125.91279835913836,121.30160545260316,123.00712096727442,10261122
2022-10-21,125.63910675048828,126.60766182316812,125.21799361430521,125.74438503453405,4378164
2022-10-24,126.64977264404297,127.07088577004146,126.14443175230372,126.33393779954412,785990
2022-10-25,127.4288330078125,128.43950192812395,125.21798912216447,127.04983376911478,5684662
2022-10-27,128.69216918945312,129.113282300118,127.40776649111395,127.42882985745854,6769606
2022-10-28,127.72359466552734,129.91338786736554,127.218266669885,129.0711616899434,4980844
2022-10-31,127.87100219726562,128.860620645039,126.92349763369916,128.3763431050423,8168120
2022-11-01,128.16575622558594,128.77636242244864,127.26036576034116,127.87097195720388,6729148
2022-11-02,128.52374267578125,128.8185141794993,127.80784515709453,128.22895832070935,4907332
2022-11-03,128.4816131591797,129.57650982165325,127.80782960909194,128.52372704068873,4588148
2022-11-04,126.90243530273438,128.67110261258475,125.82858918652158,128.67110261258475,7678230
2022-11-07,130.4397735595703,130.6082162174642,127.17614726389098,127.3867037990961,7732442
2022-11-09,129.21856689453125,131.32413255078447,128.83956764667624,131.00829770234648,5580594
2022-11-10,128.65005493164062,129.68178719029123,128.1026130299192,128.8606114863569,2795742
2022-11-11,130.0818328857422,130.7766669244146,128.6290004142184,129.30277108726327,4580064
2022-11-14,129.55545043945312,130.54506885426406,129.30277999398078,130.3345122915959,2600014
2022-11-15,130.0818328857422,130.37661719371317,128.73427868830063,129.61860590950997,4035358
2022-11-16,129.05010986328125,130.41872738766992,128.77637607732237,130.08182920931722,2926810
2022-11-17,128.52374267578125,129.61862662009665,128.25000883834852,129.28174122974636,3816246
2022-11-18,128.06051635742188,129.17646367710816,127.34461883464367,129.17646367710816,4065720
2022-11-21,130.67141723632812,130.94515108990606,128.14473810561196,128.71324348029404,7671706
2022-11-22,129.21856689453125,131.11357598515914,128.75533987988496,130.65034897051285,7471030
2022-11-23,130.60824584960938,130.8609163194511,128.90274266804707,128.90274266804707,5713460
2022-11-24,135.1773223876953,135.59843554155105,130.77668478936133,131.15569690891434,16914922
2022-11-25,136.63015747070312,137.3881559491921,133.2401891303406,135.17731206035452,8593556
2022-11-28,143.4943084716797,143.9785860327147,137.70400255389364,137.70400255389364,26418498
2022-11-29,142.7783966064453,144.16807759779076,141.57823450888424,143.81012887950394,10055668
2022-11-30,143.6627197265625,144.75761626714416,141.40976225584367,142.77837971873305,10029732
2022-12-01,142.58889770507812,144.75762759181973,141.93616469167114,144.0206796695341,4289334
2022-12-02,143.64169311523438,144.5891976702803,142.46256862480985,142.9679095280422,5595618
2022-12-05,142.50466918945312,143.93645114631946,142.12566997312848,143.5574519299948,4976546
2022-12-06,138.35670471191406,143.64168186009647,138.16721152656456,143.1363409964604,10051146
2022-12-07,140.79916381835938,141.91511093347097,139.17787585611916,139.28315412832498,14328596
2022-12-08,141.38873291015625,142.0414531188653,140.04116575825995,141.80984603870473,5220452
2022-12-09,142.52572631835938,143.17844644839244,141.00971666804733,143.17844644839244,10392346
2022-12-12,146.96847534179688,147.32642405544993,140.9044491300562,142.31518061836397,13477930
2022-12-13,145.76829528808594,146.96847017930477,145.32613167880353,146.96847017930477,7750970
2022-12-14,146.86318969726562,147.72646638863725,145.57879991715635,145.99991300589403,9635850
2022-12-15,147.03164672851562,148.00021463805913,145.7051429396535,146.86320404683283,5908812
2022-12-16,143.9154052734375,147.81070153906822,143.5153426785886,147.03163971567164,9481326
2022-12-19,143.72589111328125,144.84185107227813,141.36766811272926,144.21018144326925,5444230
2022-12-20,143.2837371826172,144.06279901457125,140.7570584960758,143.8732929725397,5614312
2022-12-21,140.69387817382812,144.42073138489894,139.85165204031387,143.59955576418216,5170900
2022-12-22,138.0830078125,141.4519132198259,136.7354533603822,140.65180075585687,6135896
2022-12-23,136.9038848876953,138.50410968503843,135.66159597958588,136.8617710032698,5802076
2022-12-26,136.9038848876953,138.29355311426417,135.66159597958588,136.01954472017277,3377562
2022-12-27,137.2828826904297,138.25143776518905,135.89321447858313,137.03021223790677,2819074
2022-12-28,136.48277282714844,137.53555568935823,135.66159705408347,137.28288523215724,9481554
2022-12-29,137.7882080078125,138.12509333882997,134.81935301639558,136.48275486025446,6195112
2022-12-30,139.17788696289062,140.23066976896393,137.93559811118308,138.12510415681732,4199128
2023-01-02,140.58859252929688,140.94654118752612,137.9355726371422,138.98835524878686,4405586
2023-01-03,141.85194396972656,142.33622144282685,139.64110029346963,140.58860472615117,5264652
2023-01-04,141.62034606933594,143.51535522914696,140.71495537436357,142.56785064924145,5848474
2023-01-05,144.16806030273438,144.42073071188136,141.32554711537017,141.91510283581258,7428290
2023-01-06,145.15768432617188,145.93673324582596,143.2837259730521,144.02067386563942,7364410
2023-01-09,146.02098083496094,147.11587756578209,145.32614672642063,146.48420785777216,4519436
2023-01-10,146.2736358642578,146.96846989952965,144.526019093316,146.54735680526164,4762962
2023-01-11,148.44236755371094,150.7584896006483,145.64196801268437,146.90530731101381,14348024
2023-01-12,145.3050537109375,149.0529701614952,144.61021974416965,149.0529701614952,5863672
2023-01-13,147.4317169189453,147.8738805875045,144.0417483383622,145.45247996623948,5433700
2023-01-16,146.94744873046875,148.40028148501008,144.90504724513514,148.23183878393556,5698298
2023-01-17,146.71578979492188,147.95807848160837,145.47351395958628,147.6843575586599,3477566
2023-01-18,145.72618103027344,147.09479858569938,144.39967735451555,146.88424203871077,4099580
2023-01-19,147.24220275878906,147.34748104087762,144.86291615385818,145.68409189469006,3279112
2023-01-20,145.85252380371094,147.81069713566518,145.51562561509775,147.05269870115123,3993550
2023-01-23,147.2211456298828,147.38958830338765,145.68408535070364,146.1262489750729,3362750
2023-01-24,146.94744873046875,148.42134485474085,146.48422166399808,147.38961242720865,4752342
2023-01-25,146.02098083496094,147.60015510498573,145.57881717989522,146.84215659591507,3866394
2023-01-27,141.72561645507812,147.2000870560083,139.5990003237194,146.08413984993538,5251902
2023-01-30,141.11502075195312,142.862637774204,139.93589620763242,141.87301929009575,6395210
2023-01-31,144.54705810546875,148.02124085672912,143.7048319839511,144.4207293277814,17988324
2023-02-01,140.9465789794922,145.1577105552003,138.96734199836789,144.54709133618115,8358226
2023-02-02,139.89376831054688,141.49399285106009,138.7567578703104,140.86232324011786,9029328
2023-02-03,137.57765197753906,140.12538103768355,135.68264306793853,139.78849570540635,5653818
2023-02-06,140.54649353027344,140.92549274030947,136.46169142420874,136.46169142420874,6611800
2023-02-07,139.87274169921875,141.57825780771753,139.62007121817953,140.65180366102527,3480708
2023-02-08,140.73599243164062,141.4097630591947,138.5672498508915,139.7253107876076,2499180
2023-02-09,140.52545166015625,142.20990412068505,139.5358332693251,139.85166810567424,4275406
2023-02-10,140.6517791748047,141.40977763460705,139.62004691157435,140.69389305620533,2551682
2023-02-13,141.03077697753906,142.2099013880633,139.83060205220366,140.6517777514732,3587566
2023-02-14,139.45159912109375,140.96760883643103,139.17787817906037,140.23066091869018,2385346
2023-02-15,139.45159912109375,140.08326876487163,138.3356519873565,139.45159912109375,3529300
2023-02-16,137.15655517578125,140.2938403656833,136.35642992673138,139.45161408361244,7507670
2023-02-17,139.68324279785156,140.2306847750504,137.09338653668863,137.1565637928957,6702378
2023-02-20,137.34600830078125,140.42014104411788,137.26179340796003,140.16747066295537,3546252
2023-02-21,136.1248016357422,138.35669579502982,135.66157468248875,137.68292515540793,2962498
2023-02-22,134.94569396972656,136.01952720183198,133.15596334864983,135.8089706581759,8178548
2023-02-23,134.98779296875,136.2932460900694,133.91395975278238,135.59841207671676,5490782
2023-02-24,133.72445678710938,135.66157957425008,133.32440706182757,135.09307433163735,3794754
2023-02-27,134.94569396972656,135.24046542003416,132.50323035250503,133.99818952327416,3962002
2023-02-28,133.64022827148438,135.45100923623878,132.25054750312256,133.55600052139567,7852658
2023-03-01,133.02963256835938,135.17731205919657,132.88224040550094,133.4086318076006,6991434
2023-03-02,135.19834899902344,135.53524717334972,132.4400634695308,133.36651738473896,6768720
2023-03-03,135.34573364257812,136.3985162826905,134.86145619839655,135.89318832624693,4226202
2023-03-06,136.67225646972656,137.49343218534077,135.24047444756164,135.76686584183938,3629924
2023-03-08,137.3249969482422,137.89350225512814,135.9353158812595,136.4196062713106,4785062
2023-03-09,136.79859924316406,137.66187599635688,136.25114447778964,137.32499064178225,3895532
2023-03-10,137.30392456054688,138.08298638537036,134.98780245241628,136.86176093499012,3517038
2023-03-13,135.85108947753906,137.53554188804455,135.28258421872306,137.28287145619834,3910894
2023-03-14,137.36709594726562,138.50409358647963,135.53525142417723,136.5248697620619,5894652
2023-03-15,139.09364318847656,140.39909628802306,137.851367331105,138.5462013328689,5511946
2023-03-16,147.76858520507812,148.54764701554345,140.7149407330431,141.07288944070038,36574630
2023-03-17,147.97914123535156,149.47410045586668,145.4735259932787,147.81069856509194,23389012
2023-03-20,151.45333862304688,152.02184393379014,147.60015595233642,149.43200068635215,18492346
2023-03-21,150.99009704589844,152.27449971325302,149.8109855050223,151.68494394281495,10250562
2023-03-22,148.1475830078125,151.1796024595191,147.70541939464158,150.88481814983723,11934054
2023-03-23,146.6947479248047,148.08441598555572,146.33679922692892,147.3895819551802,5146176
2023-03-24,145.45245361328125,147.28429806079077,144.8628978782331,146.5052363013498,5875488
2023-03-27,145.2208709716797,146.08414778045804,144.31548027802972,144.9050361121725,4245926
2023-03-28,143.1153106689453,144.39970067244073,141.22030144003836,144.02070139693012,6854316
2023-03-29,143.1153106689453,144.18914409145108,141.62035123310642,143.17847507297145,5971840
2023-03-31,144.98924255371094,145.8735826788985,143.57852387813966,145.2419129968149,10137510
2023-04-03,138.94625854492188,142.33621351926348,138.60936038791206,142.33621351926348,18864744
2023-04-05,138.14614868164062,140.1885498071239,137.7039850628055,139.7674367029563,8249158
2023-04-06,139.8095703125,140.4412400578878,138.56728133936244,138.6725596302604,4767830
2023-04-10,141.40977478027344,141.83088788307515,139.64110745931745,139.80955013016774,4930618
2023-04-11,142.7994384765625,142.96788112706065,141.13603678093574,141.5571498328564,2729894
2023-04-12,142.0414581298828,142.8626339000634,141.11501692520432,142.79946949882333,4260174
2023-04-13,139.91482543945312,142.7152249434412,139.24104191898527,142.7152249434412,8347294
2023-04-17,141.36767578125,141.49400457336392,139.09365471238203,139.91483041517904,2905562
2023-04-18,140.98867797851562,142.35729572086012,140.1464516755344,141.36769009594,5806422
2023-04-19,144.02069091796875,144.5681328481684,140.52545706839544,141.0518484825693,9852864
2023-04-20,144.73658752441406,145.28402945137086,143.7469691013588,144.8418658066252,4865018
2023-04-21,145.7893524169922,146.92635001423002,144.27334276932382,144.77867075097913,6552688
2023-04-24,146.21046447753906,146.46312204093454,144.33650615713213,145.78935140341176,4245824
2023-04-25,146.33680725097656,146.77897088054647,145.38930274359615,145.38930274359615,3084392
2023-04-26,146.96847534179688,147.17903189672782,145.326136783606,146.04202135955984,2639794
2023-04-27,149.76885986328125,150.12680854087188,146.905296145258,147.38957360253903,7271052
2023-04-28,150.59005737304688,150.88482885228538,148.4213273308054,149.91627379694734,6742936
2023-05-02,152.06396484375,153.66418971328665,150.7585114757839,150.88484028340645,6425960
2023-05-03,151.93759155273438,154.8853830628589,151.53754184431386,152.9693237218184,8712958
2023-05-04,155.1170196533203,155.45390500732645,152.08500006185503,153.20094725477196,8282286
2023-05-05,153.8957977294922,155.66446515583635,153.30622906935804,154.59063182024713,3300230
2023-05-08,154.8433074951172,155.26442063722916,152.63246349902929,153.89580292536522,2400728
2023-05-09,154.56954956054688,155.8118382765354,153.57994411203362,154.0642215796499,4179678
2023-05-10,156.71725463867188,157.07520338287134,153.87474090453145,154.9696376538784,5561956
2023-05-11,156.88568115234375,157.8752995132148,156.4435175353821,157.1383515840441,3387368
2023-05-12,152.4008331298828,156.6119642627967,151.17960767160827,156.6119642627967,7791814
2023-05-15,150.33737182617188,153.22199903792475,150.0636508903161,152.44293725791096,4809530
2023-05-16,152.5692596435547,154.25371191828938,150.33736552007161,150.8637568559262,7572742
2023-05-17,153.60098266601562,155.60126962328383,153.26409737164738,154.44320875328646,7759756
2023-05-18,151.8955078125,154.12740221219016,151.64283736975048,154.12740221219016,3426890
2023-05-19,151.72705078125,152.653504778377,150.59005307716046,151.64283586873546,2315526
2023-05-22,152.27450561523438,152.75878312931596,150.99010289809786,152.42189777639464,3206888
2023-05-23,154.38006591796875,156.23296099835267,153.70628238382403,154.54850858866692,11943178
2023-05-24,152.99038696289062,155.4328506995756,152.37978066723352,154.3590045635957,3750960
2023-05-25,152.99038696289062,153.36939904109067,151.74811100536962,152.8640581710587,3352570
2023-05-26,153.41151428222656,154.54852491945053,152.9061862167352,153.70629862561157,2185592
2023-05-29,152.3166046142578,154.6748275569889,152.02182032074083,153.41148832994674,2341038
2023-05-30,151.76914978027344,153.28515942174778,151.60070712040988,152.8640463464133,2722688
2023-05-31,153.07461547851562,154.31690429350388,151.6849473561154,151.7691622673005,23214480
2023-06-01,153.51678466796875,155.34862933306036,153.32729147241957,153.83261951190343,3537282
2023-06-02,151.62176513671875,154.4642785358897,151.22171540616503,153.53783743511914,6932474
2023-06-05,150.25315856933594,152.4429519702228,149.49516008129584,151.64283959921318,5858136
2023-06-06,149.97943115234375,151.1796060828822,149.3267109741424,150.35843038005268,4213074
2023-06-07,155.01173400878906,155.60128977596483,150.23209777422315,150.3373760487671,12830856
2023-06-08,152.06396484375,154.80120038730473,151.72706660450024,154.80120038730473,7164382
2023-06-09,151.36911010742188,153.285169586715,151.09537630922114,152.0639441575308,3085970
2023-06-12,156.50668334960938,156.86463206015128,151.6849459944106,151.8112747857303,9434298
2023-06-13,157.32785034179688,158.71751837482708,156.82250950177604,157.70684954613682,7974634
2023-06-14,157.30679321289062,159.39130819642293,156.19084606923624,157.28574269845168,6714368
2023-06-15,159.5597381591797,160.21247112238044,157.07517363970652,157.9595136486989,12210880
2023-06-16,158.6754150390625,159.4755402308164,157.66474614322084,158.75964280177942,4278588
2023-06-19,157.8121337890625,159.47553567000833,157.55946335949008,158.75963826144513,3034770
2023-06-20,156.8435821533203,157.93846595260703,156.44351956033714,157.9174154377562,2415876
2023-06-21,156.990966796875,157.81214252560798,156.38036048056946,156.84358748520467,2680298
2023-06-22,157.24363708496094,159.47554434095923,156.29613256106092,156.40141084149423,4024128
2023-06-23,151.43228149414062,156.23296852268024,150.88482672381562,155.89608316505917,10934896
2023-06-26,150.88485717773438,152.80092998357446,149.7689097476051,152.3798167758762,5281280
2023-06-27,151.74810791015625,153.15883936314793,150.75848955648436,152.02182885444373,6784532
2023-06-28,153.87472534179688,154.46428111601713,151.26383181272078,151.83232422096947,7166772
2023-06-30,153.5799560546875,155.306509521201,152.12711068751156,154.06423355996208,8391660
2023-07-03,158.0437469482422,160.00193321443692,153.03250344908415,153.79051476703603,12429962
2023-07-04,158.6122589111328,159.32815637748942,157.13836294621868,158.04375361153822,5390328
2023-07-05,162.78125,163.01286989636813,157.91739924383037,158.61223323023304,12565366
2023-07-06,165.62379455566406,167.2450827319108,162.12856059760762,162.7812808309008,13080534
2023-07-07,164.928955078125,167.56091214515544,163.93933665065097,165.49746037487415,6527978
2023-07-10,162.63388061523438,165.5606088820234,161.7495405553295,165.07633139844623,7264538
2023-07-11,164.6131134033203,164.97106211986232,162.2969912803867,163.39188794513487,6249314
2023-07-12,162.63388061523438,165.39216621617285,162.14959028030557,164.444661762993,3379704
2023-07-13,159.83346557617188,163.24448412010932,159.45446637159026,162.84443440190984,4556112
2023-07-14,159.83346557617188,160.75991949968378,158.17007660846602,160.0229716041384,6358916
2023-07-17,160.7599334716797,161.62321022666438,159.60187239231593,160.02298551208455,3944706
2023-07-18,159.58082580566406,163.26556569435604,159.3492058732774,161.68639145634518,4545860
2023-07-19,161.93905639648438,162.3391190287958,159.41237750109457,160.02299670802182,4894862
2023-07-20,163.37081909179688,163.85509654741648,161.39158254109824,162.52859295981463,5790108
2023-07-21,164.50782775878906,165.49744610090966,162.5496544400792,163.37083011470838,4677570
2023-07-24,164.0446014404297,165.03421978650618,163.24448912813338,164.4025501423746,2997768
2023-07-25,162.71810913085938,164.61311819570173,161.83376899699573,163.30766493631756,4256186
2023-07-26,163.0550079345703,166.33968518502462,161.6021625057043,163.34977941269415,12787834
2023-07-27,159.70713806152344,164.92893776406234,152.9272147983315,164.23410374157982,16459384
2023-07-28,157.2646942138672,159.93875214972385,156.69618895180673,159.93875214972385,7259444
2023-07-31,158.97019958496094,159.37026218141102,156.50668531251296,157.36997490186516,10035348
2023-08-01,158.97019958496094,159.93875460083171,157.60158197264008,158.97019958496094,9122844
2023-08-02,155.43283081054688,159.47551869944786,154.75904735383827,159.0965066697458,9528240
2023-08-03,154.96963500976562,156.54880927956623,153.41151125635446,155.58025420129644,6404888
2023-08-04,151.76914978027344,156.16978655805914,151.62175763363615,155.0327761141156,6557502
2023-08-07,151.8744354248047,153.05355980381543,150.80060217109215,152.86405377017118,4002256
2023-08-08,150.6953125,153.2219908836199,150.08469341675155,152.65348567703526,6307980
2023-08-09,151.74810791015625,152.31661316450834,150.7795400709096,151.60071575512396,6443716
2023-08-10,152.7166748046875,153.70629323551552,151.4112215247454,152.379789439507,8137376
2023-08-11,152.24826049804688,153.93021409334324,151.97148677841975,152.99342750956376,5578802
2023-08-14,151.8224639892578,152.8231195193113,149.5869627601667,152.4398933361179,5111068
2023-08-16,152.39730834960938,153.93022606286485,150.80052177219375,151.90762973147173,3864088
2023-08-17,151.9927978515625,153.41925014075795,150.88568988520873,152.86570265492233,4778606
2023-08-18,150.26824951171875,152.58891771328385,149.9063086461515,151.99278669659273,4777304
2023-08-21,149.90634155273438,151.11990213559181,149.31021040518397,150.2682824977528,5180764
2023-08-22,147.71340942382812,151.0347334898152,147.54308811152492,149.92762546781952,8015338
2023-08-23,146.81918334960938,148.79920890412978,146.58499320612128,148.67145819385172,6414210
2023-08-24,149.56568908691406,150.2469873514424,147.394056553904,147.94761707900736,8741756
2023-08-25,149.13987731933594,150.80053288326982,148.60761508764668,149.5869723960816,5113762
2023-08-28,151.29019165039062,152.39729954571166,150.01276246225444,151.26890636179436,10985570
2023-08-29,151.92892456054688,152.69538996264032,151.07730499912074,151.58828193384971,6253738
2023-08-30,149.86373901367188,151.07728634310067,149.11857198944216,150.39600117383597,9709432
2023-08-31,145.00949096679688,149.88501732480867,144.3920746865573,149.45920761649955,13575650
2023-09-01,146.56373596191406,146.86179502023123,145.00951982157463,145.22242471809417,9980752
2023-09-04,146.776611328125,148.5011354450989,145.9675624883782,146.75531304594793,6898572
2023-09-05,149.1185760498047,150.1405168262099,147.0108126402898,147.28758637217507,8363178
2023-09-06,150.3747100830078,150.67278210482908,148.20307776673334,149.0121266846247,6751054
2023-09-07,150.9921417236328,151.69472522045422,150.3747123810029,150.73665327169346,7249346
2023-09-08,154.12184143066406,155.2076510757077,150.75793407058893,151.0560060880859,10344130
2023-09-11,154.88829040527344,157.017339070638,153.58957591727375,155.50571971610188,10452850
2023-09-12,148.3520965576172,155.6334450106781,147.77725086493436,155.42054016114227,18168222
2023-09-13,151.41793823242188,151.6521283793143,147.8411392022207,149.28888964364958,9713718
2023-09-14,152.75924682617188,154.24958094154917,151.6308535948941,152.43988951573388,10116738
2023-09-15,149.9915008544922,152.674097375237,149.5656910578861,152.41862189302034,12383408
2023-09-18,153.44053649902344,153.75989379172515,149.31017698220856,149.99147513890853,10007488
2023-09-20,150.11920166015625,151.92889285047428,149.54436897191732,150.7366309111958,18292152
2023-09-21,151.2689208984375,152.65280265190668,149.7998719930355,150.31084891526655,9879542
2023-09-22,149.86373901367188,152.22697780692775,149.60825057785678,151.3753583506652,3982102
2023-09-25,149.84246826171875,150.52376655084325,148.2030979082678,150.4811829712697,4959752
2023-09-26,149.73599243164062,151.0985887971456,149.41663512672685,149.84244486661188,3788360
2023-09-27,148.60760498046875,150.39601115518406,147.58566416406677,149.73599823596845,5969046
2023-09-28,146.457275390625,149.0334192977559,145.62694114237863,147.77727528008737,9701978
2023-09-29,147.5856475830078,148.24564743339076,146.90434945038865,147.22370673180254,2669870
2023-10-03,145.35015869140625,148.69276778023837,145.13725381943837,148.39469576161048,10514554
2023-10-04,145.35015869140625,146.8830763685114,144.58369335551262,145.35015869140625,6049760
2023-10-05,146.67018127441406,148.07534832520565,145.96758475433526,147.11727633747967,7115506
2023-10-06,147.8411407470703,148.60759304916476,146.4785444381452,146.90435416034913,3717076
2023-10-09,144.7753143310547,145.4778978163719,143.13594420219306,145.2011240790872,8740080
2023-10-10,144.94564819335938,145.88243491809246,144.43468424824593,144.796612169695,3572978
2023-10-11,145.86114501953125,147.03212199544092,145.4140499175121,145.71212198198094,4799512
2023-10-12,148.47987365722656,149.18245718664653,146.4998478088389,146.86178871632282,7703802
2023-10-13,148.05404663085938,149.28889223484416,147.77725991376974,147.79855819683593,3981804
2023-10-16,147.86244201660156,148.37341893634635,145.62694073341322,146.90437003809228,3262470
2023-10-17,151.03472900390625,152.312158300264,147.62825088028555,148.56502456747157,10443728
2023-10-18,149.1185760498047,151.80117221220365,148.54373030223863,151.16245760261512,9162228
2023-10-19,150.60891723632812,150.97084513640527,148.67147503246463,148.82051104732838,5743188
2023-10-20,147.50048828125,150.2256679618552,146.71273767963368,149.28889435007184,4400690
2023-10-23,145.9675750732422,147.88371892160865,145.47789646648496,147.13855186946614,7813800
2023-10-25,144.75401306152344,147.54306140536877,144.136583797164,145.86110788844533,5429774
2023-10-26,142.64627075195312,144.32822451540895,141.13465128961894,143.7533787358302,7743878
2023-10-27,142.62498474121094,144.0301517555875,142.2204602701145,142.64627003140225,2996088
2023-10-30,147.71340942382812,148.56502898002742,143.54047879632495,143.923704997678,21873188
2023-10-31,148.7140655517578,150.71537671410715,146.75533796631268,148.33083934898627,10673186
2023-11-01,151.97149658203125,152.75924721538854,149.2676020811639,149.2676020811639,13929780
2023-11-02,153.5257110595703,154.14314043875908,152.12054398272562,153.6960453674039,10130432
2023-11-03,153.9302215576172,154.8670081868227,153.37667409152073,153.7811855491506,5627900
2023-11-06,155.95281982421875,157.18766549146724,153.8663546630496,154.48377099933276,9072020
2023-11-07,158.7418670654297,159.10380794608233,155.9315331560847,156.18700860625637,10702176
2023-11-08,163.5961151123047,165.17160342867416,159.2741356493241,159.87027970951635,24020912
2023-11-09,163.31932067871094,166.34257243349074,162.9999633735162,163.97933357292257,12843896
2023-11-10,163.5322265625,164.40514433225226,162.0206071730813,162.57415464097718,4932486
2023-11-13,164.83094787597656,165.5122460379283,163.2980302602556,163.2980302602556,4838906
2023-11-15,167.151611328125,167.51355221275014,164.85224128856854,165.21418217319368,11266250
2023-11-16,169.7490692138672,170.87746255197786,167.3432465130614,167.76905630062643,15416172
2023-11-17,166.17225646972656,173.3471534223207,165.7464467158003,170.3239015705077,16380696
2023-11-20,166.9174346923828,167.51356578877608,164.98000538043382,166.34258888723514,4506882
2023-11-21,165.2141876220703,167.42840358188866,164.61805655432929,166.91742666972053,4477214
2023-11-22,171.2180938720703,171.5161528842422,166.53418687380005,166.91741302926766,25730664
2023-11-23,175.13552856445312,176.07231512453592,170.60065775087108,171.83550331121214,16239092
2023-11-24,174.8374786376953,175.85941939602398,173.30456100286142,175.85941939602398,10975546
2023-11-28,180.7562255859375,181.35235659317394,175.90199739175318,176.30650882770442,23186856
2023-11-29,182.52334594726562,184.99305028336804,178.28654674994291,181.39495271359402,25208812
2023-11-30,185.5253143310547,186.82402887808925,182.69366908165796,185.01433743026732,32721308
2023-12-01,186.50466918945312,188.37822947735137,184.5459417542804,187.35628868346888,19278842
2023-12-04,196.51119995117188,197.91636693063126,189.0595293138035,189.48533906451027,41482794
2023-12-05,201.06736755371094,202.8770589768628,198.00153218014546,200.15186620272362,38376064
2023-12-06,201.3441619873047,205.45322386568162,199.40671964419644,204.81450918008883,27408826
2023-12-07,202.1318817138672,203.96285833402445,200.76928539560026,203.111238883778,23850564
2023-12-08,200.32220458984375,203.3028728771087,198.3421788318432,203.06866971487128,18940478
2023-12-11,198.2144317626953,202.19575538629593,194.40342943426162,202.19575538629593,27693108
2023-12-12,199.5745086669922,201.31363385402236,198.66036428599776,198.66036428599776,19940320
2023-12-13,199.55223083496094,202.60683195046852,198.86104978053888,200.44408438059205,26664018
2023-12-14,198.7495574951172,200.64474617858056,197.12191397420042,200.64474617858056,12555568
2023-12-15,200.2211151123047,202.205494636481,197.1888185896805,198.4374080734423,22079148
2023-12-18,199.44073486328125,200.7785150859528,198.03606835119697,200.22110665983965,16831064
2023-12-19,200.55557250976562,201.33594438723551,198.4597111668328,199.44075554195146,12644672
2023-12-20,195.96250915527344,203.05274152063453,195.4719870250124,202.18317894387155,17347978
2023-12-21,200.4663848876953,200.86772988935698,192.84104759381594,193.93356007443444,18554414
2023-12-22,199.17318725585938,202.16090203065653,198.45970170874014,200.53327205693773,11559264
2023-12-26,201.38052368164062,203.56556204208005,198.21444102454456,199.77518465465909,22976450
2023-12-27,202.7628936767578,203.5209609679328,199.90895166013357,202.42844862249132,12398088
2023-12-28,207.71266174316406,209.96459985528276,202.78517690663128,203.3425853093433,45183336
2023-12-29,200.95689392089844,204.2344583652939,200.065040390919,202.67371468782986,17088440
2024-01-01,201.5811767578125,204.85874100852175,200.97918654753462,204.85874100852175,7006288
2024-01-02,203.45408630371094,204.85875289016903,199.81978589474645,201.5811884493636,9458818
2024-01-03,205.5945281982422,207.48971693694114,202.91896762596127,205.10401964687452,15058884
2024-01-04,201.84873962402344,204.01148707208225,201.11296321204173,203.6993329052515,17904916
2024-01-05,202.04940795898438,204.97022265304898,201.224440770945,203.29799738348433,8080468
2024-01-08,202.8966827392578,207.0437963056511,201.31364813055842,203.76624539443958,18232610
2024-01-09,205.10401916503906,206.79853541339423,203.18652592757948,205.1263100596471,12301290
2024-01-10,201.2244415283203,203.4094798337214,198.481994797633,202.98585759566637,15261992
2024-01-11,204.54660034179688,205.66141718776566,202.09400328066553,202.40614383237434,15751252
2024-01-12,204.34593200683594,205.6168259587139,202.94126547417267,204.68037706740358,11990812
2024-01-15,205.10401916503906,206.68705372314443,203.18652592757948,205.1263100596471,10408382
2024-01-16,210.85646057128906,213.95564323208518,205.34926264085055,205.57222600962456,42369500
2024-01-17,210.32135009765625,212.77394723643835,207.86875295887415,210.47742718275418,22429284
2024-01-18,211.01255798339844,214.44618602820492,205.57224581766664,208.2478065007599,19802302
2024-01-19,214.46847534179688,216.2744732315256,211.3915698872896,212.26113249114678,12973856
2024-01-23,206.4863739013672,217.83521500904686,205.1708981683175,217.83521500904686,18419550
2024-01-24,212.77395629882812,213.37596016207223,206.59786779185174,207.35594874684136,15161312
2024-01-25,211.5476531982422,217.76833697238285,210.03150492896847,212.7962562971654,21346674
2024-01-29,219.68580627441406,223.58766525891863,209.31800954415905,211.36927527487657,27869484
2024-01-30,224.8362579345703,230.92314133947795,219.9087595075538,221.55869381695553,44271876
2024-01-31,224.0113067626953,228.55975147146103,222.31677693861812,225.61664579286153,20707736
2024-02-01,226.73146057128906,229.78604790965045,222.562042753796,224.99233536638295,14008198
2024-02-02,248.9832000732422,255.24849293860106,230.09821233173656,230.700202581767,77556082
2024-02-05,256.29638671875,262.5616517988378,248.4034781958446,252.39452785178338,45025890
2024-02-06,271.70318603515625,274.1112015732543,254.49042293373626,258.6152457159077,45260656
2024-02-07,268.47015380859375,276.4745432044872,267.2438554314771,275.04757237676506,28791718
2024-02-08,276.6975402832031,283.31954144016447,270.40998417896117,271.12345607121273,37522588
2024-02-09,273.93280029296875,278.12452267899334,264.1224116779581,277.812368506892,29524266
2024-02-12,263.2974548339844,275.8502765091528,260.3097401672102,274.1557603035404,17042236
2024-02-13,260.5549621582031,266.0175641659391,258.79354627145125,263.96631225807965,12659942
2024-02-14,278.10223388671875,280.64399463696157,259.52937350421547,259.52937350421547,47987362
2024-02-15,291.0787048339844,292.9516027482082,277.85696495693907,280.93387061725036,51245018
2024-02-16,291.90362548828125,306.7752982089384,290.69964509551363,296.98720107830644,55744810
2024-02-19,290.989501953125,297.29937649744716,290.23142101727,294.2670799712367,24997270
2024-02-20,293.2414245605469,296.09536669266106,284.1668259411118,290.9894998807991,20913510
2024-02-21,282.36083984375,297.8121862929099,280.9338687179311,295.91699749600326,17722264
2024-02-22,279.1055603027344,281.3128759145059,272.3943410234418,280.4879223239659,27653580
2024-02-23,275.5604248046875,280.71087302840743,274.3564172052862,277.3887134879658,12564690
2024-02-26,279.6629638671875,282.5391695457418,269.3843308103213,275.136796601846,23264196
2024-02-27,278.72650146484375,282.1378518891214,274.8246425168436,279.6406458320765,14881202
2024-02-28,271.70318603515625,278.9494963281601,270.2762148724764,278.6373421336346,12645922
2024-02-29,269.2728576660156,272.8179807794012,265.0811625375395,271.56939132022126,20515464
2024-03-01,277.94610595703125,279.70752186097593,271.56935960675065,272.46121300447396,15763236
2024-03-04,285.5937805175781,286.8423699218336,276.85360025337405,278.79339786494234,14804172
2024-03-05,287.6673583984375,289.62944714124416,281.87031018775826,285.86136036086043,12317936
2024-03-06,284.6573181152344,291.1901556174241,278.81568882051215,286.7308883032216,18258188
2024-03-07,278.5704345703125,285.9059347458447,277.36642695199896,284.05532792351016,11968574
2024-03-11,279.3284912109375,284.81338408803583,272.929426839985,275.13676941242363,15353008
2024-03-12,278.9049072265625,283.3195659744246,274.9807570449483,279.59608828526103,14074364
2024-03-13,266.5527038574219,280.0419874905244,264.969669403425,280.0419874905244,14910184
2024-03-14,271.4578857421875,273.7990009785678,264.16699489291443,266.55269191358127,19372474
2024-03-15,261.51373291015625,267.55603458100245,249.27303888463393,262.3163955704578,57039318
2024-03-18,259.66314697265625,264.34537795388417,258.77129345242236,261.51375391402536,10980494
2024-03-19,248.693359375,259.01654753367484,248.11366003072266,258.6375206747422,21665634
2024-03-20,252.6844024658203,255.24848126504185,249.85275128765912,250.16490545448437,17528566
2024-03-21,262.11572265625,262.9629943178682,255.3153401221903,255.96193931477185,16625332
2024-03-22,264.34539794921875,269.54045598442406,260.66650189997875,262.6508815760414,21445540
2024-03-26,267.4891357421875,269.25055175357903,261.02319821426966,261.49144305040204,13567050
2024-03-27,265.4156188964844,272.79570149512546,264.568347146763,269.78569579820334,10893576
2024-03-28,268.62628173828125,272.57272253970274,266.4858115911965,267.9573916216194,12168632
2024-04-01,267.86822509765625,271.5471210725976,266.73111723975296,268.8938512593492,6260114
2024-04-02,274.6016845703125,276.6083549260479,267.5560474313942,269.7856811599891,18944588
2024-04-03,272.4389343261719,276.18470243420586,271.48018099375696,273.3530786563774,12456516
2024-04-04,266.88714599609375,274.73544550107584,265.5270749227632,273.79901026165675,15187270
2024-04-05,263.2974548339844,265.0142619336426,258.7489965430813,264.6798168713293,17546990
2024-04-08,263.9663391113281,269.1613693005249,263.3643216821745,265.75004607082053,11628512
2024-04-09,261.2015686035156,266.307434841682,260.1982335128491,266.307434841682,9089852
2024-04-10,269.6741638183594,271.435579674504,260.86711175484123,262.78459106447,22286674
2024-04-12,268.0911560058594,273.2861860894605,267.11011175463784,269.6741904567901,13419366
2024-04-15,262.8961181640625,267.4668674931727,256.14034402258153,263.18598144742657,16619074
2024-04-16,264.1224365234375,267.556078305129,257.9909430622783,260.8671763475008,11546770
2024-04-18,262.9184265136719,275.4043767294378,261.1124284437623,269.56274662251764,25834400
2024-04-19,261.223876953125,263.05219290418376,251.59187032589787,257.74565384980457,20996084
2024-04-22,269.0945129394531,271.48021025557466,264.4345727817294,265.25952641364177,17525618
2024-04-23,264.4345703125,271.7923618979237,263.87716185905884,271.2572443391782,11440602
2024-04-24,264.5906066894531,267.04320363336456,263.98861650828485,266.6641768107337,9778936
2024-04-25,269.0722351074219,270.1424430696528,262.22724257261183,264.59064910856773,14346756
2024-04-26,271.7700500488281,274.11116537277314,267.15469207986916,268.5816630540962,9905056
2024-04-29,275.939453125,278.4812409114281,270.7667139805418,274.2226461135499,15908852
2024-04-30,270.8336181640625,278.50356420135705,269.0722291619172,278.2583099165074,12520696
2024-05-02,283.0074157714844,284.07762361467724,274.0219810944416,275.5827246808217,31766132
2024-05-03,280.866943359375,286.15119150333504,278.7487913665676,285.39311060983607,8997336
2024-05-06,272.1268005371094,283.2526784482298,270.2985117399256,283.1634876543457,9472036
2024-05-07,269.4735107421875,280.2426518886813,268.4478847323326,277.5893824682343,19902238
2024-05-08,276.6083679199219,278.39207498658874,269.09451278847166,271.12347413336323,13939168
2024-05-09,264.0555419921875,278.70422518080693,263.1190794652543,278.70422518080693,19938848
2024-05-10,275.8725891113281,277.34414191267865,268.2472255125347,274.24494562035653,44164342
2024-05-13,270.6329650878906,278.6819377682387,263.8994545930645,278.6819377682387,22898652
2024-05-14,270.2093200683594,275.44895938982614,268.5148038589013,273.08555305422334,12813314
2024-05-15,278.72650146484375,280.04199078218255,270.6998202003863,271.5693827808108,18835012
2024-05-16,275.91717529296875,282.42769492612945,272.48353389032565,281.82570470328284,26886936
2024-05-17,280.1757507324219,280.71086823604315,275.73877445665545,276.3407918546819,10203386
2024-05-21,287.17681884765625,289.4064525343617,278.7042108381757,280.9338445248811,21247760
2024-05-22,285.6160583496094,290.16451624451986,281.4020454878952,289.80778031921847,14673810
2024-05-23,288.71527099609375,291.68066746355277,285.66065652068335,287.62274504820545,14982550
2024-05-24,291.6806945800781,295.80551727625516,286.1066098555146,288.5146253434103,16208524
2024-05-27,292.5502624511719,295.0920505742868,288.29166708919746,292.8847075406025,12493582
2024-05-28,288.2916564941406,293.8657411131302,286.55253120613185,293.3975234485771,8950082
2024-05-29,282.5168762207031,286.70859839737074,282.0040768081287,285.39310909170956,10753416
2024-05-30,279.0386657714844,283.9661509501359,278.03533057694045,282.7398523790267,9645688
2024-05-31,279.9527893066406,282.8959219882719,275.4043313202702,280.93383353385104,18484104
2024-06-03,297.0540771484375,306.3516378018292,290.6104309972287,296.54125056508946,33828234
2024-06-04,258.7267150878906,298.77093323298965,252.7067037466289,298.77093323298965,45748526
2024-06-05,259.1280212402344,268.4701920133321,238.2140731810193,268.4701920133321,47388174
2024-06-06,260.4881286621094,270.8782167634124,258.7490034050751,263.5650069866652,37934232
2024-06-07,267.46685791015625,268.44790219884294,259.1726312872416,260.8671474855866,21620630
2024-06-10,268.7154541015625,271.94842310449354,267.6675371047376,269.9194617943718,14828594
2024-06-11,270.7667541503906,273.2193515118666,264.7021334353231,270.3654091498099,27027544
2024-06-12,273.5091552734375,278.19138604654154,273.10783753749644,277.1434690937302,23479388
2024-06-13,276.1847229003906,277.1434763038523,273.57606228867803,276.02865942411034,12050324
2024-06-14,279.4400329589844,280.62172261843034,275.6942370479147,277.50023509827605,14628644
2024-06-18,281.3351745605469,283.1634631998364,279.32850434889446,283.1634631998364,15884950
2024-06-19,274.6016845703125,282.80674757842536,274.24494861717903,282.80674757842536,19648006
2024-06-20,279.2616271972656,280.3987349663636,273.2639069661141,276.47458500966815,18076646
2024-06-21,274.3341369628906,284.5012612311581,272.1045032541825,283.6094077476748,30004484
2024-06-24,272.2382507324219,276.20700925487927,270.49912571309653,276.20700925487927,7557297
2024-06-25,264.25616455078125,273.30849878047775,262.91838438488014,272.238263760874,15630568
2024-06-26,266.1291198730469,268.3141721708751,264.2116399966823,265.77238386164163,7973173
2024-06-27,271.88153076171875,273.79901024343485,264.03320404005154,266.48580103734616,12487595
2024-06-28,271.0788879394531,273.44229432094727,268.9384177204605,272.77340418181444,9077880
2024-07-01,271.61395263671875,273.665231866745,270.49913584340237,272.6396058603353,4793023
2024-07-02,271.4801940917969,274.913835436062,269.51813276450844,271.1234581429452,5553786
2024-07-03,273.4422912597656,274.200372185738,270.2316131844296,272.46124695657835,4355165
2024-07-04,270.2315673828125,275.13676085015726,269.29513224411033,273.44224491397,6607472
2024-07-05,273.4868469238281,273.97738263716855,269.3397339472212,270.2315873708875,7684768
2024-07-08,267.1101379394531,274.64631131578096,266.4858295682364,271.6585964830328,11488688
2024-07-09,267.73443603515625,269.47353405872514,264.3453763485234,268.6708713388311,18094862
2024-07-10,267.86822509765625,269.16139644336965,261.66983190147675,268.2695428736869,12134270
2024-07-11,273.4422912597656,274.6908807287271,267.1993166977491,269.33975967557006,19246022
2024-07-12,271.61395263671875,277.32183639226406,270.90048077587903,276.2070195989477,10426157
2024-07-15,274.4679260253906,275.58274294669604,271.25724784858903,272.90718233556305,8687357
2024-07-16,281.7811279296875,284.7242336316351,274.69088162425567,274.69088162425567,28132502
2024-07-18,283.7431945800781,284.50127552256134,278.8826091812567,284.0553487584194,19588548
2024-07-19,270.9450988769531,283.74320282306496,269.1613917685671,283.74320282306496,19823046
2024-07-22,274.9138488769531,282.8513398001126,267.6452480970466,271.61397995002153,27102699
2024-07-23,272.90716552734375,278.5258315777881,264.0778214978419,277.76777789175657,24287234
2024-07-24,280.8892517089844,281.6919143612403,271.881526524939,273.263888469535,16934157
2024-07-25,290.87799072265625,291.7698441525692,277.1880351300517,279.1055417781298,30554549
2024-07-26,293.2414245605469,293.77654211246943,288.4254210276623,292.48337084729997,21839106
2024-07-29,301.3573303222656,302.29379294603484,295.24812763113124,297.3439890646578,20234464
2024-07-30,310.54339599609375,320.21998458543703,300.82217118473244,301.9369880468419,45785745
2024-07-31,312.1933288574219,315.80535211808524,308.715105404984,313.93245419224615,17224023
2024-08-01,311.3460388183594,313.8432175431918,307.33269837096,313.0405548971533,16959971
2024-08-02,309.5623779296875,312.99601959920875,303.2747939645928,309.38399632976007,15120989
2024-08-05,304.7463684082031,309.4285995378108,298.2358211738511,305.013913585868,23868328
2024-08-06,298.5033874511719,311.8365813976195,297.3439615315613,305.9057608651054,13702018
2024-08-07,306.4854736328125,310.1420787102213,300.91138882493647,304.30044871845166,14250381
2024-08-08,301.7140197753906,306.7530136840724,296.80882566175626,306.7530136840724,15378854
2024-08-09,306.868408203125,309.90581487540317,303.55488641928724,306.63830291381714,11351617
2024-08-12,306.868408203125,309.99783451990663,303.92307735339944,305.39572873374993,12253716
2024-08-13,296.0994873046875,306.27012950570634,295.45518128123734,305.5338038409264,9757429
2024-08-14,299.1828918457031,301.39192513801277,295.1330442915107,296.09950337915245,8457477
2024-08-16,306.0400085449219,307.23654471114276,300.10328135408065,300.10328135408065,8214443
2024-08-19,316.4407653808594,318.05150231826144,309.583644986476,310.9182387383381,17875728
2024-08-20,321.5951232910156,325.9211136504697,319.75428111065605,321.18095065384824,22888866
2024-08-21,323.25189208984375,327.30173919344776,320.4445909636361,321.54910748690173,14795459
2024-08-22,322.2394714355469,326.8415774883567,320.8128017057601,326.38136688307566,10244576
2024-08-23,324.17236328125,329.5107950946591,321.73322458935615,321.96332989319325,15872017
2024-08-26,323.20587158203125,327.57787191436563,321.226971786253,327.1636992626112,6672007
2024-08-27,321.27301025390625,322.837737537453,316.16468380360686,320.30657922461484,9683173
2024-08-28,320.44464111328125,327.4398479809968,319.06400928764106,320.7667941570692,7295981
2024-08-29,328.0841369628906,329.0965777776856,319.5242032368043,321.9633137171261,13054801
2024-08-30,329.1885986328125,336.41390983811135,326.51938307816687,331.3055840023072,20312502
2024-09-02,329.9249572753906,337.97864196739255,329.0505459875069,332.27201986430765,14344785
2024-09-03,327.11767578125,331.07550363639797,325.36888118898685,330.89140816814927,9289259
2024-09-04,328.8204650878906,334.98729820198594,326.4273644127629,327.11768029468294,19416507
2024-09-05,331.99591064453125,335.3554421291456,327.43981484536715,330.8913940601813,15927510
2024-09-06,324.12628173828125,336.18380365415396,323.11381291987556,333.5145881067373,19044553
2024-09-09,320.1224670410156,325.4148886916499,319.4781890847879,324.08029486794817,9200270
2024-09-10,318.419677734375,323.52800339446844,317.2231134999867,321.2269507387468,8137710
2024-09-11,313.17327880859375,324.7245523607814,311.60855170531494,322.1013747009063,12194591
2024-09-12,316.9009704589844,318.6497930034517,313.31133382117196,316.1186350026962,15970391
2024-09-13,315.0601501464844,321.91729898740124,314.46188201349065,318.4657196558708,11006109
2024-09-16,313.5414733886719,317.453263454069,312.94320523176924,317.453263454069,4850244
2024-09-17,311.4704895019531,313.72553239549177,308.3870732498366,312.8971590369139,7237522
2024-09-18,309.35357666015625,312.8511660492435,307.83488726986906,312.02279257172563,4111826
2024-09-19,298.6306457519531,311.05633096067754,297.25001406209486,311.05633096067754,12549677
2024-09-20,304.843505859375,306.5923004824672,298.6306628982928,300.471505257132,14642546
2024-09-23,311.19439697265625,312.4829809670868,304.9355162883839,306.5002434817081,6110287
2024-09-24,312.16082763671875,315.8885501504041,309.90581267095723,311.6085693285034,7068491
2024-09-25,312.7591247558594,314.59996722785155,308.47917162628295,313.8636414746655,6087353
2024-09-26,317.6373596191406,319.3401444455881,308.4791575046162,312.9432059126458,9517367
2024-09-27,338.0706787109375,341.0160376400647,318.78787238335525,319.3861405157961,40756678
2024-09-30,340.50982666015625,346.0783635616417,331.489682245826,337.9326305036225,23860696
2024-10-01,338.945068359375,343.63922156341937,335.1713362506718,340.55580527622203,9440793
2024-10-03,321.08892822265625,332.82429804697,319.3861434538724,325.59898630203855,20754875
2024-10-04,313.17327880859375,320.2605325036479,307.74279994448585,315.2442262805095,18185208
2024-10-07,308.3410949707031,315.9805795209343,306.3161571412556,314.78404322382227,7847806
2024-10-08,311.1023254394531,312.43694724277566,302.1282198979304,305.11958841177136,9565667
2024-10-09,311.88470458984375,322.1473945409876,310.87223573205307,317.54528890468777,13523561
2024-10-10,308.7552490234375,315.98053171434464,307.9268476164358,314.7839955982637,5706365
2024-10-11,310.7801818847656,312.39091882576815,307.4206504541936,308.75527229806204,4046559
2024-10-14,313.63348388671875,317.1771106724289,310.41201009771356,312.94316807478907,7967181
2024-10-15,320.9968566894531,323.52801469919075,316.53280876356587,316.8089519453145,17183945
2024-10-16,322.83770751953125,327.5778706650212,320.3525592623888,323.98823391838914,17073700
2024-10-17,315.4283142089844,322.69963509683987,314.64595067601397,321.3650133000656,11023063
2024-10-18,315.2442321777344,316.53281612211606,307.6967677921764,315.4283276365132,7328694
2024-10-21,305.2576599121094,318.0054980870958,303.9230661367933,315.29024453786286,8609636
2024-10-22,297.2039794921875,306.0860378456166,296.3756060867684,305.5798174559227,6372285
2024-10-23,297.3420104980469,299.9192063047309,291.3592736422389,296.3755796261788,6639274
2024-10-24,295.869384765625,299.5050313915809,294.5347628856897,297.296026287743,5706821
2024-10-25,281.9249572753906,297.84825834441,278.9796267594427,297.7102008042755,11583887
2024-10-28,285.69873046875,290.392884134369,281.00457680313104,282.8454191748228,13299872
2024-10-29,286.6651611328125,288.04579277463563,278.1972758273551,287.17138149920527,8437903
2024-10-30,286.527099609375,289.840621446396,282.8914528333724,284.41014214937474,6248318
2024-10-31,286.0208435058594,291.03714950287406,283.30559015169155,285.79073824157473,11375689
2024-11-01,288.091796875,288.87416040764066,286.9872803478576,287.12536598051696,710149
2024-11-04,279.30181884765625,288.55204048896513,274.3775599073122,288.0918298980736,14063318
2024-11-05,283.4436950683594,284.45613582888615,276.3104313901525,277.046757050358,9542018
2024-11-06,291.7735290527344,293.61437150732576,282.79942208660134,286.9873274351861,10787602
2024-11-07,289.9326477050781,292.41779592101653,286.3430110179627,291.1752218130473,7387875
2024-11-08,285.7447204589844,290.02467263756836,282.385161222861,289.9326249166161,9304376
2024-11-11,287.6776123046875,289.01223417582224,279.85403271712545,283.4897074081314,5277147
2024-11-12,285.1464538574219,293.20013871721534,284.4561380122967,289.1042815562203,7192998
2024-11-13,281.51080322265625,284.4101241127976,277.96717631736203,283.44369317909155,7306795
2024-11-14,274.4696044921875,281.6488783920614,272.8128295305839,281.46478292220826,11061057
2024-11-18,266.185791015625,275.8041745726581,265.35738956168905,274.4235429347949,7940666
2024-11-19,264.62109375,274.19346856697746,263.7006725543478,269.3612572898036,9912544
2024-11-21,259.9269104003906,264.5750537619199,257.11963730931586,264.5750537619199,8273120
2024-11-22,263.10235595703125,264.16083451935697,258.6843181778596,260.11098762188175,6539977
2024-11-25,272.95086669921875,280.17617797134267,268.7629619186301,268.80897173814395,16903527
2024-11-26,270.46575927734375,277.0467648511867,270.0055487045013,274.2394915924571,5160007
2024-11-27,270.0976257324219,273.36510991839447,267.88859227196053,273.3191000917296,5995425
2024-11-28,267.7965393066406,274.9758128930075,266.4619174310483,271.0180132652198,13130411
2024-11-29,268.8550109863281,270.83391074867524,266.36986276169114,269.13112608283313,8125467
2024-12-02,270.74188232421875,272.3526193763981,267.38235066176406,269.3612505652079,5193026
2024-12-03,270.83392333984375,274.10140718615907,268.80898557459034,273.8252920768174,9198285
2024-12-04,270.2816467285156,275.7121255270002,269.5453210941193,270.7878951800577,9840659
2024-12-05,273.3650817871094,274.5156082256073,268.11866999194905,271.6162872183974,9287638
2024-12-06,276.4485168457031,279.7160009151002,272.8128418200137,274.193473639031,9586531
2024-12-09,279.30181884765625,279.9921347339935,275.29798108909523,277.00076589319883,11637358
2024-12-10,279.3478088378906,282.2931676460906,276.9086984971437,278.2432922625598,8649367
2024-12-11,282.9834899902344,284.36412169663197,278.0592312862782,279.3018054398408,10867782
2024-12-12,278.105224609375,282.9834732026661,277.32286107102414,282.61528229824995,7454904
2024-12-13,277.6910705566406,280.8665066520414,272.4446587969014,277.9671856644062,7726611
2024-12-16,274.239501953125,277.6910813798432,272.26057394391967,277.00076549449955,8696443
2024-12-17,269.6833801269531,275.9882702289543,268.85500676143255,275.9882702289543,8415828
2024-12-18,265.357421875,269.6834127693682,264.759153710211,268.5328862643794,6535229
2024-12-19,271.11004638671875,272.30661076995574,259.6047816768932,259.6047816768932,11822064
2024-12-20,266.0476989746094,275.3899953037536,264.16084701723787,270.1895937884685,9979749
2024-12-23,266.09375,271.4321812321068,265.0812811555595,268.7629656160534,6819725
2024-12-24,268.76300048828125,271.93846498308574,264.4830473654342,266.87614819306674,7937629
2024-12-26,272.0765075683594,275.48204909524543,269.2692061041553,271.38619168046046,11310555
2024-12-27,270.1895751953125,273.73320168778537,269.2231443741926,271.57020670492375,3708404
2024-12-30,269.9595031738281,271.754335592862,266.69201943448525,270.1896084537544,8236910
2024-12-31,269.1771545410156,270.97195878333,267.65843729649,268.2567334662835,4161509
2025-01-01,271.80035400390625,272.35261231098883,267.19824825992526,269.0390905575177,3545200
2025-01-02,273.27301025390625,274.00936396382787,268.57885717586026,271.80033092308486,6846413
2025-01-03,272.8128356933594,275.34399397138134,270.9259834853533,272.4446728343613,4806469
2025-01-06,262.1819763183594,273.5951932271013,261.4916604397376,272.8128296135249,7361716
2025-01-07,260.2950744628906,267.38232813088456,258.36221263436744,264.2529020252984,8306436
2025-01-08,263.9767761230469,264.9892450117532,258.1781340798577,260.29509150158725,6037032
2025-01-09,257.7179260253906,264.9432377835503,256.84351468362314,264.1608741760254,6215902
2025-01-10,255.554931640625,260.93940109045525,253.66807948210644,258.17813758685253,9073218
2025-01-13,244.18771362304688,252.8396946833022,243.2212826758384,249.66423056129108,10488655
2025-01-14,248.69781494140625,249.8943512439809,244.83203473627594,245.84450365562202,6710730
2025-01-15,245.75242614746094,253.94416806790525,244.1416892719626,252.10332592447858,13448052
2025-01-16,245.660400390625,247.54728060978445,242.53097408475563,246.07460114554462,13754046
2025-01-17,251.82723999023438,253.2999194932583,245.9825598904669,247.4092014811626,9300647
2025-01-20,255.2327880859375,256.24525702597026,247.4092078687245,253.11583055689024,9623368
2025-01-21,257.9020080566406,264.16086041269085,256.0151279145646,256.38329074332813,15304149
2025-01-22,255.50889587402344,260.9853844133498,252.24138420645465,259.55874298362306,6301894
2025-01-23,249.66421508789062,262.32000479280674,248.78980383630585,260.47916265390984,18806324
2025-01-24,242.8070831298828,257.16565839174245,242.070757460669,252.19538990198976,18480516
2025-01-27,240.50601196289062,242.7150449801332,237.79078668681424,242.7150449801332,10083126
2025-01-28,237.51466369628906,242.89913297753742,234.06309846936293,241.38044371590942,13321189
2025-01-29,241.22218322753906,242.11387201614954,236.05984078492637,241.17526429931087,9435973
2025-01-30,241.3629608154297,244.88273963923248,240.75287154811053,243.94413195288507,9410974
2025-01-31,245.07046508789062,245.91520625078527,238.64099690558075,242.06690912645124,8790578
2025-02-01,239.95504760742188,245.96213102921902,232.77470458589738,245.68056018289775,11464565
2025-02-03,234.22955322265625,236.34142053704645,227.33078093350827,235.54359826724786,21517136
2025-02-04,240.23663330078125,240.8936558136611,234.83963913024087,235.26200972266244,7000612
2025-02-05,245.2112579345703,249.34112602360904,244.27265024869638,244.27265024869638,10088345
2025-02-06,246.43142700195312,250.79597548882998,245.58668584592388,246.85381190198387,14058587
2025-02-07,248.07398986816406,248.63716018567828,244.0849073648173,246.00907022932154,6557480
2025-02-10,243.9441375732422,249.48191732147305,241.69148480291506,248.30865768650744,8052376
2025-02-11,239.48574829101562,243.803349428371,238.17170324330758,243.56869750399335,6819100
2025-02-12,239.9081268310547,241.0344388516877,233.76024371148813,239.48574192079667,6568833
2025-02-13,240.0489044189453,244.1318533900681,239.34494868751148,240.47128931541846,5514711
2025-02-14,235.5905303955078,242.7239545745371,232.2584702286979,240.6590061971224,5205573
2025-02-17,236.8107147216797,237.98397429291074,231.2260020270231,235.59052190319613,5899597
2025-02-18,237.23309326171875,237.98398227690103,231.69531362853084,236.76378941748192,5534272
2025-02-19,239.9081268310547,240.70594908152367,234.22954754776015,235.59052580854564,6887175
2025-02-20,242.7239532470703,243.70947985942672,237.65546315115876,238.40635216411047,8155780
2025-02-21,235.87210083007812,243.47481405748925,235.2619972759546,242.16076910125005,9845416
2025-02-24,235.5905303955078,237.93704962255472,233.47866309116563,235.8251823182125,6773845
2025-02-25,233.19708251953125,237.37388396166241,232.49312673753104,236.4352762523288,4172676
2025-02-27,229.72422790527344,234.08874785474885,227.23692330129566,233.19707343004077,7376510
2025-02-28,222.73159790039062,229.06719952910078,221.6521905111785,229.06719952910078,14066882
2025-03-03,227.52789306640625,228.68237651238536,219.64357989465313,224.32723741330892,6864635
2025-03-04,234.57684326171875,235.534227160968,221.60529181980885,226.20446398954448,7201075
2025-03-05,240.13339233398438,241.15647129738306,234.558060262594,234.558060262594,7802519
2025-03-06,248.76856994628906,249.6227063120086,243.09937193941943,244.03797955308514,12828381
2025-03-07,245.2206573486328,249.4725490922036,244.03800247822443,248.693488659018,7057204
2025-03-10,241.15647888183594,249.63210559728316,240.3398947340674,245.22066642183472,8487911
2025-03-11,248.33680725097656,248.70287799513554,238.7348690213995,240.27418504297472,12306539
2025-03-12,249.96998596191406,255.30127032051018,247.22923913304078,250.13892845741165,10648004
2025-03-13,248.17727661132812,250.29853927529516,245.92462375832017,249.97002083664012,4545159
2025-03-17,245.37083435058594,247.50146349006192,242.4517495466004,245.07983961485417,6482574
2025-03-18,245.37083435058594,245.37083435058594,245.37083435058594,245.37083435058594,0
2025-03-19,248.97506713867188,250.12953618229767,246.8631999878074,247.3325037991106,4955027
2025-03-20,255.42330932617188,256.1741840031066,248.49638015192286,250.23281006687128,10789615
2025-03-21,262.49102783203125,268.30101167616596,254.41899603659073,255.48902254339677,26173451
2025-03-24,263.22314453125,267.78476418421434,262.8101548535289,264.6873702453398,11376607
2025-03-25,261.9747619628906,266.527014698982,260.1632561108479,263.3451497269308,12143699
2025-03-26,256.2492980957031,265.9357078186867,255.4233187342318,260.9329413663683,9475308
2025-03-27,259.1120300292969,262.66936110438195,255.47022770154115,256.60596360130137,107524873
2025-03-28,261.3741149902344,266.874342944435,259.33732346258444,259.98496513555847,12687883
2025-04-01,267.12774658203125,269.3803992441163,258.11710728965846,258.11710728965846,20780255
2025-04-02,269.1926574707031,270.36591701101133,260.6513509324847,265.6728788497785,12058406
2025-04-03,269.1926574707031,273.5102583078437,265.62595992577883,265.62595992577883,6663148
2025-04-04,262.2939147949219,277.5462888483528,260.04123355795895,274.21421456103036,18852567
2025-04-07,256.8969421386719,261.96541805282345,245.91522045464836,245.91522045464836,15010047
2025-04-08,268.3479309082031,269.84970893018647,258.21097938687376,262.340847464303,18994276
2025-04-09,270.2720947265625,272.8063182931418,262.43471481718376,270.9760504912845,14519066
2025-04-11,275.1997985839844,278.2502737141368,268.9111153195946,278.2502737141368,14955235
2025-04-15,276.3260803222656,278.57873290365825,273.22868660335473,278.57873290365825,8516322
2025-04-16,280.4090270996094,282.09850936176014,274.5896483850342,275.9506408946784,9064723
2025-04-17,280.0335998535156,283.22486015462033,277.31164338033904,279.70508144515946,7510897
2025-04-21,285.3836669921875,286.79157857802767,279.705101720246,281.4415317382558,6455955
2025-04-22,287.3078308105469,289.5604836253407,284.069622696507,286.27535658258967,7096150
2025-04-23,282.0046691894531,287.82401921201233,279.9866399033729,287.3077964817316,7400827
2025-04-24,283.4595031738281,286.74462986624,281.8638587513297,284.35119187652396,5773985
2025-04-25,277.5462951660156,286.2284159786728,275.29361387777595,283.7880303457681,7773037
2025-04-28,290.9683837890625,291.86007255183597,275.1059195629171,275.1059195629171,14414879
2025-04-29,292.5640563964844,296.22462100858695,290.7806786997865,292.42324231429734,9522966
2025-04-30,291.01531982421875,302.6540787752306,290.0297931497705,299.41587059798314,21424437
2025-05-02,292.28240966796875,298.00792192831113,290.87449822578776,291.4845874552599,6850147
2025-05-05,301.3399658203125,305.8452995958422,296.6000087831314,297.5386164058628,16037327
2025-05-06,292.3293762207031,302.41940887828287,291.4846063853069,301.38693469149126,5444873
2025-05-07,297.44476318359375,298.0079335111615,288.15255303283965,288.15255303283965,7970668
2025-05-08,289.04425048828125,300.5421947263903,286.9323831792408,296.1307271121146,5918739
2025-05-09,288.01177978515625,288.481083637293,282.84943741165154,283.97574947035946,4955934
2025-05-12,290.0766906738281,296.5531065504102,288.293341819073,295.66141780101606,6844271
2025-05-13,288.0587158203125,291.5315759899885,285.80606292507963,290.07671677554123,7241358
2025-05-14,293.31488037109375,294.3004069115281,289.46658341181876,289.7481828833938,7733320
2025-05-15,297.53863525390625,300.5421912945243,294.25350836624483,294.7228122073393,7055032
2025-05-16,300.44830322265625,301.2930443471598,296.4122732926463,296.60000627321654,6861786
2025-05-19,297.7263488769531,299.93205387136055,296.740793688358,298.9934462502403,2956007
2025-05-20,293.6903381347656,300.02593999184177,292.610945028663,297.53863536194444,5016433
2025-05-21,296.4592590332031,297.3040002664793,290.3583087514917,293.12718438523206,5232094
2025-05-22,293.83111572265625,299.3219762478358,289.74819532775876,295.56754561783714,4876801
2025-05-23,299.3219909667969,300.35446516962423,292.84560354038365,292.84560354038365,4257721
2025-05-26,303.12335205078125,304.06195970086077,299.4158403753544,299.4158403753544,5050848
2025-05-27,297.53863525390625,303.0764148500146,296.1307237306228,303.0764148500146,4716473
2025-05-28,301.9501037597656,302.7948449475643,294.4881612054718,297.5386361821022,7112876
2025-05-29,299.556640625,302.7479010644619,298.1018101529616,301.4808035893469,4000772
2025-05-30,298.8526611328125,302.60709162102376,297.53861619074485,298.0548389252613,9148638
2025-06-02,297.1632080078125,299.88516464984934,296.27151922181895,298.8526904355501,3086437
2025-06-03,290.7337341308594,301.2461517943344,290.0297783581454,295.7083434670911,7853488
2025-06-04,292.4232177734375,293.4556919732895,289.65434224205455,290.7337353693406,5925942
2025-06-05,290.7806701660156,296.03687930699937,289.32583960775946,292.0008774302636,5900170
2025-06-06,297.257080078125,298.3364732407408,290.029789086637,290.029789086637,5825337
2025-06-09,300.7298889160156,301.71544414668324,295.6614132744038,298.2895032681188,3787426
2025-06-10,300.44830322265625,304.76590397949036,299.7912664346917,301.48077732773004,6489933
2025-06-11,313.35418701171875,313.964276289154,300.6360354644074,300.6360354644074,21739121
2025-06-12,299.08734130859375,310.679152265431,298.24260009770603,310.2098484100452,13568848
2025-06-13,293.1271667480469,295.09824860311636,280.92526691880073,286.27534214769884,13958229
2025-06-16,296.9754638671875,297.39784878029445,289.56046893288305,290.9214615248648,6893567
2025-06-17,293.59649658203125,300.7768688786642,292.5640509587572,294.7228373543756,7219608
2025-06-18,296.4592590332031,297.3978667688511,290.6868271877754,292.84561352215167,10011198
2025-06-19,294.2065734863281,297.5386191198047,291.062232192691,297.5386191198047,5399948
2025-06-20,294.2535095214844,296.5061622387752,290.9683826209255,291.81312380940545,8522458
2025-06-23,294.2065734863281,296.1307076728656,289.27888342204113,290.9683657007554,6848410
2025-06-24,299.6504821777344,307.6755658575365,297.53861503630947,305.51677979280356,11172373
2025-06-25,299.9790344238281,303.1702949577342,297.1632112508461,302.70099109557054,6658747
2025-06-26,309.5058898925781,310.67914952067736,299.2750716643596,299.2750716643596,15528180
2025-06-27,312.5563659667969,313.6827066711377,307.30015708659647,309.74054284997885,9911738
2025-06-30,311.5708312988281,316.96782546688655,310.06905327977915,313.49496558808784,5840638
2025-07-01,311.6646728515625,314.9028808484521,310.5852797339438,311.19536900529056,3921773
2025-07-02,311.4300231933594,314.38666036160197,308.6142000952493,313.21340073738946,3799017
2025-07-03,311.1484680175781,314.94981793393447,310.25677920063765,312.55637963756715,5049883
2025-07-04,324.94598388671875,326.3538953790459,311.5238771401137,313.49495895817824,13743465
2025-07-07,328.98199462890625,329.96752124364764,322.3648218864232,324.57052703789526,8603937
2025-07-08,333.7688903808594,336.631632292731,327.2925032409956,328.5126817441465,12905482
2025-07-09,327.10479736328125,334.4728738504864,326.3069750555394,333.7689180455439,8039090
2025-07-10,329.4043884277344,331.18773735412975,326.6824031440404,330.20218206878167,6580919
2025-07-11,323.6788330078125,330.9999607492035,322.2239740574898,330.202138569224,4803470
2025-07-14,323.2564697265625,326.82319599175776,321.80163932309586,324.61746228002414,5372218
2025-07-15,326.6824035644531,328.98200392252386,324.8990546357627,326.3069662074711,6270256
2025-07-16,326.49468994140625,330.10833526836876,326.07230502426813,328.55960966821806,8426412
2025-07-17,325.4621887207031,328.4187969629718,323.1156696960405,328.1372261376247,4026086
2025-07-18,322.4117431640625,329.87368579534206,321.09769812014815,326.16617394326556,5631392
2025-07-21,321.5669860839844,323.5380678745126,318.6103777202082,322.411727238773,5051058
2025-07-22,319.45513916015625,323.2095699923155,319.07970180574716,321.5670065032458,4447293
2025-07-23,323.3034362792969,323.8196590607656,316.12306440228747,320.86305051119155,5089227
2025-07-24,320.440673828125,323.72580088860906,318.84505787088216,323.3034445958248,3270996
2025-07-25,312.4624938964844,320.4406592518913,310.72606394326556,319.2204807139719,3514659
2025-07-28,312.93182373046875,317.5779436338642,310.6791708188972,311.9462970329174,5630809
2025-07-29,314.38665771484375,316.5923628745669,312.74409425477467,315.37218433327183,7809814
2025-07-30,316.3576965332031,322.4586462496853,309.74052406755465,313.49495466231286,11366010
2025-07-31,313.7376403808594,315.59549720207644,307.83066285957113,314.40457079754026,6867024
2025-08-01,302.82879638671875,313.7376656869692,301.5902153808861,313.4518549569677,4105518
2025-08-04,302.82879638671875,305.5917400530316,300.0181982151697,305.0200895176745,3536322
2025-08-05,300.2087707519531,302.97171453484134,294.9210394209904,302.01897329416573,6730701
2025-08-06,300.8280334472656,303.11460650875364,299.5418270141305,300.5898481476241,3601019
2025-08-07,295.6832275390625,299.2083524182546,292.6344441688962,298.49379654168627,5018154
2025-08-08,304.3531799316406,306.0681024162049,294.0159323695946,295.8261347867132,10028343
2025-08-11,305.78228759765625,314.40458348428103,302.20950823988034,307.0208394782108,7957794
2025-08-12,308.40234375,311.07000752898887,305.54412009735995,305.82993083248215,4392686
2025-08-13,307.2590637207031,310.8794689654091,305.8775772304209,309.64091692784035,2707971
2025-08-14,303.0193176269531,315.7384180673412,302.1618563886315,311.54636273249446,10549386
2025-08-18,299.1607360839844,305.87754989776664,297.6839988576604,305.8299244680222,8091527
2025-08-19,306.2586669921875,306.97322288430615,297.9221815841368,300.3040345578656,4343312
2025-08-20,304.8295593261719,307.2590377620558,303.92444355378547,304.8771847561484,3670375
2025-08-21,304.8295593261719,308.49758969498606,303.6862582531947,305.8775513884879,3790333
2025-08-22,301.4949645996094,305.2106494673666,299.8276674983404,305.0677441023286,3007303
2025-08-25,300.87567138671875,303.8768295472661,299.6371194072284,303.8768295472661,2841339
2025-08-26,297.35052490234375,303.25750270974675,296.3501292288665,302.3047615399702,10819770
2025-08-28,296.0167236328125,300.6851500314944,295.3497931149911,300.6851500314944,8888325
2025-08-29,293.6348571777344,297.54107293998504,292.49155607758235,296.0167102402554,4334416
2025-09-01,299.87530517578125,300.6374865373488,292.3010006905241,293.9206724280493,3672180
2025-09-02,300.06585693359375,302.30477552586814,297.96981463297226,300.9709436415428,3405312
2025-09-03,299.9705810546875,305.353563170707,299.20837062808124,300.06586099243265,6616690
2025-09-04,298.11273193359375,304.7342952650886,297.73164124786757,304.7342952650886,5225640
2025-09-05,297.73162841796875,301.4949678313136,296.77888720703123,298.2079990234375,6159420
2025-09-08,301.4949645996094,303.1146071956297,298.7319918572233,299.0654570925479,2002604
2025-09-09,299.1131286621094,305.0201069983841,298.73200889979336,302.78115923387793,6476251
2025-09-10,302.924072265625,303.2098829917995,299.87528883478046,300.58984472557023,5214899
2025-09-11,304.877197265625,311.1652952742996,302.4953441619873,303.16227466114793,7529271
2025-09-12,302.9717102050781,307.925976215932,302.0665944092292,305.87755931746915,4705998
2025-09-15,302.7335205078125,305.5441187170197,300.7804126508071,303.2575165449541,4653626
2025-09-16,303.2098693847656,305.9251874629832,301.54257238107874,304.2578904592964,5381837
2025-09-17,308.2594299316406,309.4027310993327,304.16265405223083,304.7343046360769,7035565
2025-09-18,310.3078308105469,310.7365469196206,305.8299353911881,309.54562037993526,5615664
2025-09-19,313.9758605957031,318.21557069771586,309.4503397549422,310.2125501838622,10022009
2025-09-22,310.02197265625,316.5958809513579,307.21140363406676,313.45184670271817,4768219
2025-09-23,314.78570556640625,319.35888104621745,311.4034857334606,313.16606287436633,7992615
2025-09-24,314.7380676269531,316.6911754964764,311.54637872706365,314.8333475639589,5489995
2025-09-25,314.0711364746094,316.7864547590435,311.5463780637811,313.54714043522495,5798602
2025-09-26,309.0216064453125,314.4045882780324,307.687774613143,314.21402841257105,5692665
2025-09-29,322.1217956542969,322.9792568929243,310.11725108745384,311.2128976187752,12616059
2025-09-30,323.5985412597656,326.1232996129513,321.2166882708444,323.69382119439325,6762730
2025-10-01,323.6462097167969,331.26813960991797,322.59818854142173,324.884761694287,9814406
2025-10-03,325.40875244140625,328.6004413472097,321.645442063218,327.74298006327786,5833883
2025-10-06,327.36187744140625,329.17207988038103,322.5505170051784,325.83748572819195,5914399
2025-10-07,325.7422180175781,329.88664814874153,324.9323821637305,327.3618897252734,5934834
2025-10-08,328.7909851074219,333.4594110470093,323.45562871559906,325.1229257708341,7955678
2025-10-09,327.7429504394531,334.412138384442,326.885489233025,330.839359128198,7028656
2025-10-10,322.6934509277344,330.88700185687964,321.26433915050853,329.17207935435005,5737637
2025-10-13,321.9788818359375,325.8374718460791,319.31118918262956,324.4083601274559,6785828
2025-10-14,316.73883056640625,324.2178258913223,315.02387892331325,322.16943808114746,4343927
2025-10-15,321.9312438964844,324.6465621166393,316.35770209203037,319.1206748171359,16271995
2025-10-16,320.0257568359375,322.9316348827738,317.7868092458449,322.9316348827738,6279302
2025-10-17,319.9781494140625,322.3123479933173,316.97702034053196,320.21633472268167,7824777
2025-10-20,321.74072265625,323.9796412701485,319.6446803353843,320.3592362526765,6134873
2025-10-21,323.0268859863281,324.17018703437174,321.7407086514708,323.36035121495365,404063
2025-10-23,315.64312744140625,324.0748923291697,314.4522010187095,323.9319869735165,8457356
2025-10-24,314.8333435058594,318.5966538285666,311.73693458288744,314.5475036985263,8260920
2025-10-27,326.79022216796875,327.2665927542194,315.5955133910777,316.9769997213459,11767585
2025-10-28,324.5513000488281,329.17210091289354,323.5509333693942,327.7429890420706,6156249
2025-10-29,331.64923095703125,332.50669225666223,324.74185697748743,325.742223647831,9756868
2025-10-30,340.70025634765625,342.7962695265259,328.98152223144064,333.4594174675753,14807100
2025-10-31,339.93804931640625,343.51082882467296,338.31840671787114,341.08135038919323,7532962
2025-11-03,349.94183349609375,352.03787578040834,339.4140547950486,344.8446913019111,20107281
2025-11-04,355.3248596191406,356.27760086592707,350.7516841893525,352.3713559390316,12649509
2025-11-06,350.5611572265625,362.0416777459972,349.89422671636174,362.0416777459972,11803637
2025-11-07,357.0773010253906,357.7581085256681,349.8803246067937,350.12346590255936,11711108
2025-11-10,355.1321716308594,359.65459380840673,353.67332385227417,356.25061565837456,6934285
2025-11-11,363.88525390625,364.56606140016515,350.17207901715193,354.986288500456,10689646
2025-11-12,365.14959716796875,368.6994540267611,363.3503457057408,364.9064558806496,9316462
2025-11-13,364.663330078125,368.35906593017523,361.89151334892017,366.7543393017938,9719258
2025-11-14,360.9675598144531,369.3316262798328,359.3142168203474,363.73937650732705,6848609
2025-11-17,363.9825134277344,371.08222726841984,361.79424180392033,362.37778683967076,9063998
2025-11-18,361.64837646484375,366.5598188650518,360.48128634977724,365.5386372746195,7729409
2025-11-19,355.6184387207031,362.66953600980906,354.84039847817627,361.64835448145095,7056032
2025-11-20,355.034912109375,358.682031585969,353.33292302029776,356.9314261093376,9025414
2025-11-21,354.5486145019531,357.7580973136764,353.4301705125494,355.03489707824457,7177944
2025-11-24,349.7830505371094,357.1745516190015,347.9837990721247,354.5486138397987,13807356
2025-11-25,346.0873107910156,349.10226865921743,343.9963016773754,349.10226865921743,4113590
2025-11-26,357.5635681152344,357.90397185061533,346.3304526099908,347.01123040042006,7651793
2025-11-27,354.69451904296875,358.82792089511037,351.58229871745846,358.82792089511037,5180488
2025-11-28,349.2481689453125,356.9314280824092,348.76188634574515,355.76433797131386,3459790
2025-12-01,344.2880859375,351.5823250463453,342.73197565821266,351.5823250463453,4470807
2025-12-02,348.9077453613281,351.24189577053596,344.5312022139386,345.9900499297351,9468149
2025-12-03,348.5673522949219,351.0960276824411,346.03867690740265,349.15089733517,6169622
2025-12-04,346.23321533203125,351.6795864530965,343.8018023030142,350.1234761784586,5798181
2025-12-05,350.41522216796875,351.6795747090365,343.6072659140672,346.2332037698485,3479044
2025-12-08,347.74066162109375,353.04115362338536,345.40651116956775,353.04115362338536,6762135
2025-12-09,345.30926513671875,348.9077682774986,343.266901944728,347.7406781560741,5612269
2025-12-10,345.4065246582031,350.07485542389355,343.0723741155251,345.3092622021885,8521964
2025-12-11,341.6621398925781,346.5736119177208,339.5225142795365,345.4065218158187,4491115
2025-12-12,355.034912109375,356.5910223554553,342.8292307998406,342.8292307998406,6101145
2025-12-15,356.9314270019531,359.31422360475386,351.1932982804954,355.0835590652579,6128925
2025-12-16,358.04986572265625,358.92516845015825,351.7768381086136,356.6882804042827,4332510
2025-12-17,358.244384765625,362.6209280118121,355.95885068988287,359.84911135316025,6872112
2025-12-18,353.3815612792969,359.0710734731258,351.5823097745361,357.9039833942719,3880069
2025-12-19,355.9102478027344,357.36909560679476,352.1658658362458,353.9651173973205,6515994
2025-12-22,359.7518615722656,360.52993154052757,354.54863181578895,355.9102468401638,3949754
2025-12-23,359.84912109375,363.25309926625846,358.43888969300565,359.7518586384686,3379297
2025-12-24,355.8616027832031,361.2593574823357,354.79177512100557,359.75186360549634,2339154
2025-12-26,355.9588623046875,358.0985176114396,351.77684382734,355.42396331816667,2997958
2025-12-29,361.40521240234375,361.7942325227533,354.7917516340508,355.9588416756121,4666863
2025-12-30,359.3628234863281,365.8303758078639,358.0985006614864,361.59971146268896,8567519
2025-12-31,373.46502685546875,375.4101572036743,358.876549243927,359.3628318309784,12051156
2026-01-01,371.0335998535156,377.5011520800333,368.74806584495695,375.7991630898796,6554899
2026-01-02,370.9849853515625,375.02112475548716,367.53236128867167,371.51988430762106,3614573
2026-01-05,367.5323791503906,374.8752641388048,364.1284009873777,369.5747719842653,5243413
2026-01-06,360.6271667480469,367.4351231944904,354.0137352150642,367.3865068062925,6881934
2026-01-07,358.0985107421875,363.15583186425414,356.44513806592823,361.356580347227,6613161
2026-01-08,344.8229675292969,356.4937495143967,342.53746313481486,356.1533754507647,7714421
2026-01-09,344.4339599609375,349.7830685658606,342.5374756273927,343.315515915975,5252007
2026-01-12,348.9077453613281,349.24814909774716,339.9601341656432,343.89904080649336,4474234
2026-01-13,345.35791015625,350.26935256829506,342.39156847344617,350.12347372364377,3681627
2026-01-14,347.1084899902344,348.66460013891526,341.5162404761513,344.77433960737926,7777436
2026-01-15,347.1084899902344,347.1084899902344,347.1084899902344,347.1084899902344,0
2026-01-16,353.2356872558594,357.6608469778776,348.1783364189808,348.1783364189808,6243090
2026-01-19,351.33917236328125,356.93142216560335,349.102284314486,354.01372661656575,4545354
2026-01-20,345.4551696777344,351.0960359454443,343.3155143732461,351.0960359454443,6408732
2026-01-21,342.2943115234375,348.90774257680204,336.0212545234428,344.28805818031475,6076732
2026-01-22,344.4339599609375,351.29056243544875,344.0935562045573,345.26064631776524,4615713
2026-01-23,339.5711364746094,351.9713428779779,338.6472173351082,346.23321408621155,5338663
2026-01-27,347.59478759765625,350.02620053507735,340.93271021305566,348.17833263870403,11887552
2026-01-28,352.40899658203125,355.86159107609944,347.59478710068703,350.60974507484536,12428097
2026-01-29,356.8828125,357.8067316330623,347.4489181749699,352.40900663781736,14186586
2026-01-30,354.5,357.9039780521262,349.6371742112483,356.639655219184,12639803
2026-02-02,366.70001220703125,367.6000061035156,351.0,353.0,12038292
2026-02-03,373.45001220703125,374.70001220703125,358.29998779296875,372.0,12411365
2026-02-04,382.45001220703125,383.20001220703125,370.3500061035156,373.0,8138573
2026-02-05,382.04998779296875,391.6499938964844,378.3500061035156,386.0,8446290
2026-02-06,386.3500061035156,386.8999938964844,381.3500061035156,382.5,7988984
2026-02-09,388.29998779296875,389.5,382.8999938964844,386.5,5171617
2026-02-10,386.3500061035156,388.0,381.8999938964844,386.0,3114005
2026-02-11,387.6000061035156,390.8999938964844,386.0,388.0,5156493
2026-02-12,377.70001220703125,389.5,373.54998779296875,387.04998779296875,6352805
2026-02-13,374.1000061035156,378.3999938964844,372.95001220703125,377.45001220703125,2696607
2026-02-16,374.3500061035156,375.29998779296875,369.04998779296875,372.6499938964844,1709180
2026-02-17,374.95001220703125,375.79998779296875,366.54998779296875,374.3500061035156,2646518
2026-02-18,380.8999938964844,381.3999938964844,375.75,377.0,2527223
2026-02-19,367.6499938964844,378.8500061035156,365.0,377.45001220703125,5506935
2026-02-20,366.29998779296875,367.8999938964844,362.29998779296875,364.8500061035156,6928709
2026-02-23,372.1000061035156,376.70001220703125,366.6499938964844,370.0,7760029
2026-02-24,374.45001220703125,376.0,369.0,370.0,7718539
2026-02-25,381.04998779296875,381.8999938964844,374.0,376.1000061035156,7003584
2026-02-26,386.0,387.0,378.54998779296875,380.0,4800186
2026-02-27,385.3999938964844,389.8999938964844,382.5,386.6499938964844,9020770
2026-03-02,374.79998779296875,376.95001220703125,367.1000061035156,368.0,14939455
2026-03-04,356.3999938964844,367.8500061035156,352.70001220703125,365.0,13534628
2026-03-05,360.3500061035156,362.5,351.1000061035156,356.6499938964844,12170764
2026-03-06,352.75,362.04998779296875,351.20001220703125,362.04998779296875,10536915
2026-03-09,331.1499938964844,341.45001220703125,322.79998779296875,341.3500061035156,34756111
2026-03-10,325.8999938964844,342.20001220703125,324.3500061035156,336.5,15916729
2026-03-11,325.04998779296875,328.8999938964844,322.75,326.0,13909498
2026-03-12,326.3500061035156,330.3500061035156,314.0,318.70001220703125,11176171
2026-03-13,319.29998779296875,325.3500061035156,318.1499938964844,323.6499938964844,7556076
2026-03-16,304.95001220703125,318.45001220703125,301.1000061035156,314.8999938964844,18589204
2026-03-17,300.04998779296875,305.8999938964844,298.1499938964844,305.29998779296875,16467622
2026-03-18,303.70001220703125,307.45001220703125,299.6000061035156,300.79998779296875,9223774
2026-03-19,286.0,298.0,284.3999938964844,298.0,15494502
2026-03-20,287.79998779296875,295.8500061035156,286.95001220703125,288.5,16601274
2026-03-23,271.29998779296875,281.0,270.0,280.04998779296875,14357554
2026-03-24,282.25,283.0,270.70001220703125,280.0,19542984
2026-03-25,284.54998779296875,289.75,281.79998779296875,288.20001220703125,18451485
2026-03-27,282.70001220703125,298.5,280.79998779296875,290.0,29524543
