Date,Close,High,Low,Open,Volume
,COALINDIA.NS,COALINDIA.NS,COALINDIA.NS,COALINDIA.NS,COALINDIA.NS
2020-01-01,116.76143646240234,117.11952093409955,114.80577021216703,116.43090664922347,6447592
2020-01-02,116.29320526123047,117.22971918036532,114.75070729715902,117.06445004029737,5958343
2020-01-03,116.70636749267578,117.1195361171635,114.42016272694802,115.6872148565645,6452638
2020-01-06,113.3183822631836,115.65967118765408,112.07887636199335,115.65967118765408,6853058
2020-01-07,113.3183822631836,114.69561104228389,112.57468376603187,113.75909715368317,5243225
2020-01-08,110.28845977783203,112.68484079928099,109.1866769460736,111.83095742348102,7295998
2020-01-09,109.07652282714844,112.21660286371215,108.71844669539396,111.96870335665616,10321169
2020-01-10,113.09801483154297,113.78662913469904,109.5998508091355,109.71002741645322,13533598
2020-01-13,116.54109191894531,116.78899139874586,112.9327511167118,113.09802023855775,9863555
2020-01-14,117.31230926513672,117.61530118356471,115.54945865692129,116.32070317116093,5417581
2020-01-15,117.03690338134766,118.22132520949226,116.40338148685326,117.11954215406712,4863227
2020-01-16,115.82490539550781,117.174587510844,114.08960101949484,117.0368646744641,6937929
2020-01-17,114.53031158447266,115.99017874736586,113.53871385080653,115.68718681499669,5985342
2020-01-20,110.81181335449219,115.57702950718114,110.45373726936016,114.58542320212925,8110607
2020-01-21,111.3626937866211,113.07046049879446,110.81180238346009,110.81180238346009,6347967
2020-01-22,105.716064453125,109.84775027186522,105.19271926393851,109.68248956386466,19096395
2020-01-23,105.0825424194336,107.53400765183206,104.58674348467841,105.79870297425263,16369722
2020-01-24,106.84537506103516,108.13997308875699,105.8537689553264,106.32202996261341,10626281
2020-01-27,106.51486206054688,107.42382956371151,105.77115526273133,106.8453918771812,7195361
2020-01-28,104.20111846923828,107.01066833619255,103.78794986562364,106.81785295879769,10274562
2020-01-29,105.24783325195312,106.3220701028932,103.56761232820685,105.22028699301866,10602818
2020-01-30,103.54005432128906,105.96398193154936,103.29215483088235,105.44062828898988,10859103
2020-01-31,100.09698486328125,104.36639403069805,99.16047098516437,104.00831791451542,35281395
2020-02-03,98.41676330566406,98.85747818771593,94.83596854864054,96.35092017661202,15284598
2020-02-04,100.53770446777344,100.81315023343856,99.0227527566152,99.57364428794547,10043759
2020-02-05,98.7472915649414,101.36402592998171,98.33412298098769,101.36402592998171,9468632
2020-02-06,99.1329116821289,100.04188759009446,98.1963979272637,99.27063454037192,6917941
2020-02-07,101.94246673583984,102.49335819790228,98.11377275569329,99.32573229104331,13470302
2020-02-10,98.52691650390625,101.91489477877275,97.86584019140446,101.8598022840861,19665611
2020-02-11,98.8023910522461,99.98680438088455,97.09462408887549,99.16046715459625,16397703
2020-02-12,99.32572937011719,101.03348780872776,98.1688539714323,99.71135170103335,14669421
2020-02-13,97.94850158691406,99.68380629373544,96.87426493955148,99.32573021326006,11781999
2020-02-14,96.26828002929688,98.55447616404155,95.96528805331067,98.058677225836,15392705
2020-02-17,92.46714782714844,96.51619557963036,91.88871003224023,96.26829606922335,15997350
2020-02-18,94.67069244384766,95.82755936462188,90.89708291209251,92.60484965039102,27643844
2020-02-19,97.92094421386719,98.36165900544017,95.99282435592886,97.14969963306605,21092109
2020-02-20,98.8023910522461,99.29819002564429,96.51618634928629,97.9209613151638,16776977
2020-02-24,96.32337188720703,98.55447550003632,95.46948847188484,98.47184514620423,9952676
2020-02-25,96.46107482910156,98.4442785649824,95.96526759068043,97.01196615672421,13534936
2020-02-26,95.74493408203125,97.92095359177226,95.11140388161694,95.96528729595326,10925243
2020-02-27,95.91020965576172,96.15810913960607,93.43119800544441,95.71739427614007,11500515
2020-02-28,92.77008819580078,94.64312359148573,91.86112094611381,94.50540077147657,14694382
2020-03-02,93.29344177246094,96.40597414682783,92.71500424639319,95.11137627448261,11962711
2020-03-03,98.16886138916016,98.96765236483023,94.14735184931092,94.39525974343009,17015816
2020-03-04,98.11376953125,99.05028330479091,95.91020375541899,98.19639988546912,9858330
2020-03-05,97.59042358398438,99.2706443009403,94.86351240384252,99.16046768470027,12349902
2020-03-06,92.96293640136719,95.30422516999421,91.7234305826823,91.83360719648914,10629291
2020-03-09,87.01329040527344,91.83358990357372,86.46239903403912,91.33779103183693,23967899
2020-03-11,92.54975128173828,93.59644153505049,86.51749238831205,87.09593001500997,28399797
2020-03-12,85.14026641845703,89.79529700533807,82.68880140225916,88.6935142199965,33250878
2020-03-13,84.8923568725586,88.99649557846368,68.11771343977806,80.5678565922422,43328010
2020-03-16,79.27327728271484,83.37742536122305,78.83257084195975,83.15706373490897,23542677
2020-03-17,80.37506103515625,85.60852993012914,78.39185681325482,79.98943869250347,18989633
2020-03-18,79.90679931640625,83.65286252065087,78.77747026429736,83.51513967053847,18737193
2020-03-19,74.2013168334961,80.17705829697098,73.27042031633303,76.87388361057891,28547877
2020-03-20,79.75664520263672,81.55837660406338,73.6607863780685,74.77185315920696,24022133
2020-03-23,76.7837905883789,80.98783537795535,72.09929139206264,73.57070363188424,17884315
2020-03-24,76.7837905883789,81.07791828819896,75.34240445795844,77.62459954629419,9991023
2020-03-25,74.77185821533203,77.62459979382864,74.29139464297968,75.67272397696254,8339454
2020-03-26,74.0211410522461,76.27330558730429,71.58880152156705,75.67272837795544,28364001
2020-03-27,79.09601593017578,79.84673743513964,75.07215049638569,75.61267089636775,18332679
2020-03-30,79.96686553955078,80.92779290573426,76.39343236094525,76.60363808607369,12357349
2020-03-31,84.11084747314453,85.49217701015763,80.6274975167016,81.1379918556244,14997503
2020-04-01,83.75048828125,84.83152906856827,82.30910667421283,83.33008607620422,8833033
2020-04-03,82.7295150756836,84.0207524801978,79.1560823190239,83.2400093969556,10936160
2020-04-07,84.17088317871094,85.52218175452093,82.3691517442976,84.26097524887959,8203204
2020-04-08,82.48928833007812,86.12277333386858,82.2790826285332,84.08081436492445,7070293
2020-04-09,84.561279296875,84.95165084680796,82.87966115085297,83.60035202369623,5078557
2020-04-13,87.62422180175781,88.10468546030359,83.0898706527027,84.56128316118243,10691543
2020-04-15,88.19477081298828,91.04751268530657,87.68427649651984,88.52508096167584,10487965
2020-04-16,88.52509307861328,90.38688643154052,86.7233611231673,86.84348391812979,9736774
2020-04-17,89.33586883544922,91.55800289971629,89.06561089699868,90.98745632652475,7093925
2020-04-20,86.60323333740234,90.02652166041307,85.88254250583394,90.02652166041307,7139688
2020-04-21,83.480224609375,85.04172887921119,82.75953385563527,84.68137892030126,6501336
2020-04-22,84.501220703125,84.86157073351659,81.07793207073267,82.99977751662995,5604252
2020-04-23,84.621337890625,86.93356416088244,84.14088338196889,84.56128565908415,7553183
2020-04-24,82.27906799316406,86.36299436870644,81.55837725961656,84.44114935788646,11701166
2020-04-27,82.93974304199219,83.9006613885974,82.57939293446277,83.48025903920237,4238903
2020-04-28,81.31815338134766,83.81055438751405,80.74760684492733,83.24000785109374,7064210
2020-04-29,83.99073028564453,84.59130752282732,81.28813271832202,81.37821563826688,7399346
2020-04-30,89.18571472167969,89.75626123220086,84.89159138219412,84.98167429708872,13145052
2020-05-04,85.46215057373047,86.90353241040394,84.29102668592301,86.90353241040394,8356099
2020-05-05,82.8796615600586,88.43500119361325,82.48929000819824,86.42306371474726,11879416
2020-05-06,80.32721710205078,83.69045378279776,79.9668670419412,83.69045378279776,10427774
2020-05-07,78.55549621582031,79.87676416620461,78.07503264365864,78.07503264365864,10860354
2020-05-08,77.4744644165039,79.99688700655052,77.20420648972774,79.78669046976083,7096898
2020-05-11,77.14414978027344,78.70565437384734,76.9039225339153,78.16512932341851,6657844
2020-05-12,76.18321990966797,77.50449255102765,75.2523279621606,76.99399824525199,8128169
2020-05-13,78.4354019165039,79.57649516263695,77.17418587470829,79.57649516263695,11135898
2020-05-14,77.2642593383789,78.94587746665756,76.90391848780018,77.98495936769943,5663178
2020-05-15,77.83480834960938,78.58552984540391,76.72373687020117,77.89486057082449,6296826
2020-05-18,73.09026336669922,76.27332522874705,72.69989174572872,76.27332522874705,24334121
2020-05-19,74.2313461303711,74.56166544600072,73.15030984493369,73.9310575096317,9537927
2020-05-20,74.0211410522461,75.16223866641701,73.18033204274961,73.87099674990888,8087994
2020-05-21,74.77185821533203,75.82286827056762,73.75087885163354,74.41151282708788,6187181
2020-05-22,75.19226837158203,75.70276268956074,73.21036623522727,74.47157751873316,7128048
2020-05-26,76.42346954345703,76.87390256630648,75.07217047490867,75.58266031772972,6182999
2020-05-27,78.55549621582031,78.88581549443649,75.67272394693067,76.42344541465816,6084254
2020-05-28,80.41728973388672,80.65752613121396,77.6546398952349,78.58553646120471,7882781
2020-05-29,84.86158752441406,85.55224786122456,79.42636028105976,80.17708202284672,16208002
2020-06-01,89.21576690673828,89.93645789175207,85.01172546939428,85.3420448437165,21204876
2020-06-02,86.12277221679688,89.57609133342149,85.88254498735989,89.57609133342149,16679738
2020-06-03,85.1017837524414,87.14375164319647,84.74144294636491,87.08369026014351,11560484
2020-06-04,84.23095703125,85.64231719615837,83.69044118652157,84.6813899565508,6295232
2020-06-05,86.99361419677734,87.53413003047544,84.38109961771389,84.68138822845309,11872471
2020-06-08,88.10466766357422,89.45596627548204,86.9335440327368,88.88541980549256,11258686
2020-06-09,86.66331481933594,88.85541851614751,86.27293403716293,88.85541851614751,6957064
2020-06-10,84.501220703125,86.93356049806337,84.20093206582598,86.48312754211486,8914993
2020-06-11,82.6994857788086,85.82248565681616,82.57937216120861,84.59130962131432,9259185
2020-06-12,80.86772918701172,81.40825425150177,79.69660529340665,79.93684171009633,8424817
2020-06-15,79.33625793457031,81.07792828392573,78.37533067446154,80.89775327714516,8217803
2020-06-16,78.76569366455078,81.07791947826689,77.80477567288631,80.77763088760665,7130557
2020-06-17,77.74472045898438,80.4172872951408,77.5345239272892,78.76569991543857,9071758
2020-06-18,82.63944244384766,83.90064931047259,76.96397946974635,77.4744738545762,34586616
2020-06-19,82.42922973632812,84.08081721738388,81.19804450854292,84.08081721738388,17468335
2020-06-22,86.27291870117188,86.45309370983256,82.33914502650212,82.42922794879165,19716275
2020-06-23,86.3930435180664,88.13471392662247,86.00266279609224,87.05367301327513,10955603
2020-06-24,85.01168823242188,87.95451228390837,84.53122473150515,87.50407947006377,10639459
2020-06-25,84.321044921875,86.27292104658584,83.08986885139983,84.2910233896834,33546602
2020-06-26,85.342041015625,85.88255693911925,83.84059771249355,84.62134089885578,8095985
2020-06-29,80.98783874511719,84.59130192996635,80.56742737562017,84.41112693790774,14575190
2020-06-30,79.78670501708984,82.36918030389832,79.48641634056949,81.88872575273228,9576074
2020-07-01,80.38726806640625,80.86772253208252,78.91584648200771,79.78669082022938,8412734
2020-07-02,80.23713684082031,81.07794145696302,79.75667313270318,80.50739481286026,7744251
2020-07-03,81.22808837890625,81.61845999938228,79.90682001258358,80.71759395451456,9092987
2020-07-06,81.58842468261719,82.57937349897216,81.22807465989807,81.85868261761566,9489759
2020-07-07,79.78670501708984,82.09892232784664,79.63656067882967,81.97880869005513,9903888
2020-07-08,79.78670501708984,80.74762328350508,79.03598332578898,79.84675725394403,12308795
2020-07-09,78.31527709960938,81.25811139982025,77.53453393244882,80.1770704153363,19347175
2020-07-10,78.79573059082031,79.4263385139172,76.99399890430423,77.7747511346108,17079028
2020-07-13,78.37532806396484,79.54645182290899,78.25521445147233,79.156080291288,7748516
2020-07-14,77.02403259277344,78.31527001933934,76.8738882797271,78.31527001933934,7234601
2020-07-15,76.87388610839844,77.74472126665387,76.60362818536487,77.38438042396956,7037060
2020-07-16,75.7628173828125,76.87388432580073,74.83192085698853,76.7237400204769,11776854
2020-07-17,78.4354019165039,79.30623720056151,76.0330880465339,76.0330880465339,11331564
2020-07-20,79.87676239013672,80.83768951309376,79.09601024824416,80.17705097055077,16601999
2020-07-21,79.93684387207031,80.7776484430189,79.27620516340889,80.1770711311749,10375549
2020-07-22,80.53741455078125,82.09890993452001,79.72663158093563,80.29717814738022,14123342
2020-07-23,80.14703369140625,81.40824960582776,79.99688937607425,81.0178688875155,5534003
2020-07-24,79.03596496582031,79.81670801214094,78.07503775854428,79.81670801214094,8426361
2020-07-27,78.04501342773438,79.15608502897322,77.68467256868955,79.03597140929162,5361430
2020-07-28,78.34529876708984,78.5254737710826,77.20420568193802,78.13510223249945,5274135
2020-07-29,78.79573059082031,79.57648282112687,77.89486474756228,78.07503974903014,5729989
2020-07-30,77.2342300415039,79.09601382583315,77.05405505228995,78.85578661626829,5755341
2020-07-31,77.6246109008789,78.07504384614512,76.60363139109181,77.44443588995607,5309957
2020-08-03,77.11412811279297,78.01499413824187,76.93396223896967,78.01499413824187,4101202
2020-08-04,77.3243179321289,79.09601891795174,77.17417362546459,77.83481224042012,8225015
2020-08-05,77.14414978027344,78.13510779068527,76.9940054602791,77.56455204344117,6357451
2020-08-06,77.38438415527344,78.79573522764824,77.05406482715787,77.47446707926778,7904721
2020-08-07,77.9249038696289,78.28525391153755,77.20421294989387,77.77475954618069,6553466
2020-08-10,77.6246109008789,78.76570402992064,77.47446658579017,78.25521885706796,7123506
2020-08-11,78.13509368896484,78.67560947776005,77.89485732188223,78.16511521627984,5667893
2020-08-12,77.2942886352539,78.19515449152512,77.17417502056735,78.07504087683857,10656110
2020-08-13,77.44442749023438,78.16511829167693,77.05405597897654,77.32431388400741,7332156
2020-08-14,79.18611145019531,80.62749313672778,77.5345240675063,77.68466837502348,23946105
2020-08-17,81.67849731445312,82.27907450058882,79.48639425069013,80.17705434911392,23263111
2020-08-18,82.06887817382812,83.20998045599445,81.46830091924005,82.06887817382812,14886444
2020-08-19,81.13800048828125,82.87967106976643,80.74761972754648,82.57938240647017,7439983
2020-08-20,83.17996215820312,83.48025083025439,80.0869925017082,80.53742550978511,16864753
2020-08-21,83.78052520751953,85.16185469608703,83.48023658670405,83.78052520751953,18104009
2020-08-24,83.960693359375,84.92161136909893,83.33008547432075,84.50120916708966,7621483
2020-08-25,84.35108184814453,84.6814012033856,83.60036020627055,84.59131827199374,8785149
2020-08-26,85.25193786621094,86.45309235298835,84.05078337943351,84.41113339109933,20083642
2020-08-27,84.4111328125,86.0326895257182,84.08081349808411,85.70237021130231,9356533
2020-08-28,83.51026916503906,85.52219747142966,83.27003276451967,84.74145437096618,9056278
2020-08-31,80.68755340576172,85.37204840403167,80.41728632471596,83.63037812663194,18667357
2020-09-01,80.14703369140625,81.31815751817952,78.49544622275423,81.1379916710465,10566870
2020-09-02,81.85868072509766,82.57937158979227,80.92778415799643,81.37821709394075,16748685
2020-09-03,81.49833679199219,82.90969709556391,80.38727429887265,82.57937775174051,17375778
2020-09-04,79.54645538330078,81.94876439700005,78.88582590298246,80.5374133499007,9952446
2020-09-07,79.24617767333984,80.35724941086681,78.52548670276583,79.87678570912318,8781574
2020-09-08,78.04501342773438,79.6665702036405,77.68467256868955,79.33626004053652,7292289
2020-09-09,76.24327850341797,77.47446367368427,74.92201041311715,77.44443297897897,13115790
2020-09-10,76.0631103515625,77.05406373988544,75.37244559109253,76.87388873035732,12007280
2020-09-11,75.13220977783203,76.27330741941246,74.86195185994957,76.2132506134431,12588367
2020-09-14,75.04212188720703,76.1832195228472,74.53163216606397,75.67272980170412,12397073
2020-09-15,74.53165435791016,75.52260798344525,74.3514838872941,75.46255115990657,11537811
2020-09-16,74.3814926147461,74.83192555902035,73.93105967047185,74.83192555902035,8007948
2020-09-17,74.65176391601562,75.61268672714651,74.20133091873164,74.3815013684204,13049746
2020-09-18,74.26136779785156,75.22229035099718,73.81093492149829,75.22229035099718,14611915
2020-09-21,73.06021881103516,74.5616618421619,72.72989951137107,74.26137323593655,9573596
2020-09-22,71.79901885986328,73.2704314286885,71.37861199588379,73.2704314286885,10042777
2020-09-23,72.69986724853516,73.57070230008749,71.43865154347299,71.91911510559574,9281239
2020-09-24,69.48678588867188,72.72990395024888,69.18649726411921,72.6998778370181,15979042
2020-09-25,70.32759857177734,70.62788721177813,68.40575310858868,69.66696448018381,15988801
2020-09-28,72.06927490234375,72.85002721326892,70.80806350796095,70.80806350796095,9441818
2020-09-29,70.65790557861328,73.00015747829885,70.35761699101359,72.75992569181105,12065137
2020-09-30,69.6669692993164,70.32760343660856,68.8561908316378,70.26754662086223,14036702
2020-10-01,70.41767883300781,71.88909118476191,69.87715842022693,70.32759133387091,9963165
2020-10-05,71.10834503173828,71.76897906910433,70.59785530204817,70.83808252869719,8141288
2020-10-06,70.14742279052734,71.67889198858174,69.84713417341385,71.67889198858174,11221801
2020-10-07,68.7360610961914,70.3876484535944,68.61594748483287,70.32759164791513,11939558
2020-10-08,68.04541015625,69.06638973693606,67.65503399350256,68.88621471350149,11663333
2020-10-09,69.0063247680664,69.60690199915133,67.44482488365372,68.07542822706851,15958362
2020-10-12,67.98534393310547,69.36667346257923,67.74511669497164,69.24655984351232,7949842
2020-10-13,68.37571716308594,68.85618078302205,67.47485131223623,68.04540243366544,9702168
2020-10-14,66.39382934570312,68.435788715292,65.82327810134252,67.98535569281653,19663164
2020-10-15,66.4238510131836,67.6850624751853,65.79324757320342,66.57399534394669,15481671
2020-10-16,66.87429809570312,67.71510744154092,65.82328755891646,66.8442719724489,12231039
2020-10-19,68.88621520996094,69.27659137552179,66.8142253357366,67.56494696872241,18111350
2020-10-20,68.25560760498047,69.75705077894818,67.9252882738912,69.12644281306538,16554127
2020-10-21,69.12643432617188,70.20747511152184,68.1955424218253,68.25559922500243,20421726
2020-10-22,69.54685974121094,70.08737569662736,68.52587548555877,69.0663960230168,13653932
2020-10-23,70.68793487548828,70.98822347662806,69.78706907206893,70.14741905906901,11876035
2020-10-26,68.79613494873047,70.80806808678147,68.58592921770608,70.80806808678147,11243128
2020-10-27,68.435791015625,69.15648662503551,67.7751568101967,68.58593536149696,10985477
2020-10-28,67.68504333496094,68.46579546696161,67.50487293821928,68.43576477648463,9366165
2020-10-29,66.57398986816406,67.53491258960264,66.39381943529237,67.26465464927463,11414157
2020-10-30,68.58592224121094,69.18649950981013,66.69410751075624,67.02442225926123,17773808
2020-11-02,69.48678588867188,69.84713590376771,68.19554846872802,68.82615183106415,12785804
2020-11-03,69.9672622680664,70.41769528695954,69.42674172898633,69.42674172898633,12319486
2020-11-04,68.94628143310547,69.96726109262762,68.28564268419422,69.96726109262762,7382741
2020-11-05,71.97918701171875,72.42961997747673,69.21653240481129,69.87716650484812,14904921
2020-11-06,73.15032196044922,73.51066744861055,71.04830126712645,72.21942524916112,18908916
2020-11-09,73.12027740478516,73.81094213240891,72.45964337133485,73.81094213240891,14950332
2020-11-10,74.95205688476562,75.31240238687627,72.66986106799538,73.42058277324327,15808417
2020-11-11,75.5826416015625,75.79284271043281,74.20131675610001,75.67272910023279,16757799
2020-11-12,73.33047485351562,75.97301543730835,72.66984085307755,75.7027575314147,35738360
2020-11-13,75.6126708984375,75.88292880741571,72.78995529047187,73.57070748847183,23377931
2020-11-14,76.33336639404297,76.57359820678613,76.00305166080676,76.48351070425235,3308333
2020-11-17,77.2942886352539,77.65463864339495,76.3934227789827,77.0540614058808,20369194
2020-11-18,77.02403259277344,77.3843826097173,75.5826462711204,77.32432121886612,18943803
2020-11-19,77.85328674316406,79.28851731089976,77.08782752038762,77.66192072080992,29186699
2020-11-20,77.47055053710938,78.77820693079471,76.64130917361123,78.65063283383802,17573909
2020-11-23,78.29979705810547,78.74631126575237,76.38615639680758,77.34297672745653,17269543
2020-11-24,78.61872863769531,79.47986586851258,78.33168451630266,78.93766871330462,18199200
2020-11-25,79.06523895263672,80.8513052358637,78.61872481514952,79.06523895263672,22813211
2020-11-26,79.76692962646484,79.95829078727992,78.68253024861845,79.47988058528188,13694237
2020-11-27,80.08586120605469,81.26593860492815,79.73502514874433,80.02206929262391,25297333
2020-12-01,80.62804412841797,81.01077120804158,79.54364505840576,80.37289111978929,8927107
2020-12-02,82.76496124267578,83.65798968647164,80.62806340935282,81.01079058049962,21081119
2020-12-03,85.12511444091797,85.47595051281309,82.44601943120217,83.78557180269999,25834042
2020-12-04,85.0294418334961,86.0819403843946,83.62610718787126,85.60353018248065,19371235
2020-12-07,87.26200103759766,87.51714918841199,84.8380546717492,85.02942065149898,14127211
2020-12-08,85.63542938232422,87.83611444772778,84.83807901563591,87.67664437439012,21479953
2020-12-09,85.92244720458984,87.70851342461948,85.73108122864419,86.36896132627778,18755465
2020-12-10,86.01815032958984,86.40087261614615,84.71049395064347,86.24140256342778,11912807
2020-12-11,88.18692016601562,89.74972439951736,85.79486989026475,85.92244395831597,30559578
2020-12-14,91.44012451171875,91.9823168058683,88.72913384113464,89.0799601412931,35605748
2020-12-15,91.2806625366211,92.07801280429501,89.81353609744518,91.63148886777391,18775793
2020-12-16,92.81156921386719,93.13050931425848,91.535808812302,92.07801087627898,16119571
2020-12-17,91.50391387939453,92.65210020030551,90.89792962852692,92.65210020030551,12374964
2020-12-18,90.38762664794922,91.63149114984286,88.95239613039197,91.50391705049375,13628707
2020-12-21,84.80618286132812,90.26006130372151,82.50981965045987,90.19626938121928,20132655
2020-12-22,86.43276977539062,86.81550180054927,82.79685446950246,84.51912911615689,17257059
2020-12-23,86.1457290649414,87.19822757625853,85.5397447786291,86.4327732286388,10091831
2020-12-24,86.91117095947266,88.72913329120246,86.49655275279399,86.97496286816724,14518171
2020-12-28,87.80419921875,89.23942956384363,87.51715509638701,89.23942956384363,15223089
2020-12-29,86.17762756347656,89.04808875160194,85.85868743146263,88.60156478015813,21146540
2020-12-30,86.49656677246094,87.2301251749528,85.60352857238355,87.2301251749528,14180071
2020-12-31,86.40087127685547,87.19822152808759,85.95435708282137,86.496559146971,15237166
2021-01-01,86.33709716796875,86.91118550921288,86.14573114312726,86.36898339437539,6995084
2021-01-04,87.549072265625,87.86801241959813,86.62414776575913,87.29392403575892,11669647
2021-01-05,86.20951843261719,87.23013080333605,85.7311082088329,87.23013080333605,12371842
2021-01-06,86.17762756347656,87.58096219768179,85.34838127358425,86.3689838560606,14133415
2021-01-07,87.0706558227539,87.70853608519165,86.43277556031614,87.0706558227539,17298525
2021-01-08,89.11185455322266,89.90920473665035,87.45337201166024,87.45337201166024,27964099
2021-01-11,90.38762664794922,91.21687289363827,89.49459821922555,89.62217231857467,24790683
2021-01-12,93.54512023925781,94.11921821505395,90.38761543885444,90.897921506247,28433070
2021-01-13,93.00293731689453,94.9165779623727,91.53581087537202,94.72521195116894,21154236
2021-01-14,93.54512023925781,94.53383641984114,92.39694375422289,93.5132340183347,14755992
2021-01-15,91.37635040283203,94.15113352303658,90.80226204230452,93.64082735074508,10647008
2021-01-18,88.47399139404297,91.79096684732656,87.13444866865099,91.40824452576334,17085592
2021-01-19,89.36700439453125,90.51518076852432,89.0480643499159,89.84541446145427,8951075
2021-01-20,90.26004791259766,90.54709205470976,88.44208545708871,89.62216771533548,11820498
2021-01-21,87.61283111572266,90.67464765139835,87.1025251153509,90.57896953463751,10828875
2021-01-22,84.96564483642578,87.89989779281714,84.5191306213088,87.61285363547623,14810848
2021-01-25,84.1045150756836,86.4327741009582,83.466634824016,86.05004205664557,10157077
2021-01-27,82.3822250366211,84.55102358554564,82.09518088944448,84.20018752420553,11638766
2021-01-28,81.7762451171875,82.89253554122593,81.52109691357646,81.64867101538198,11970139
2021-01-29,80.30911254882812,82.70115826525567,79.89448947443532,82.44601009637337,15268785
2021-02-01,82.28655242919922,82.76496261774108,80.27722866399542,80.62806474891548,12808349
2021-02-02,83.7217788696289,84.74239111487532,82.7011666243825,83.56230881463914,15485139
2021-02-03,87.549072265625,88.0274824965847,83.7217904179474,83.7217904179474,25483402
2021-02-04,91.599609375,92.01422765134731,87.26202165344506,87.96368410059284,30751754
2021-02-05,89.8454360961914,92.0461209873056,88.88861573194349,91.91854688539523,19930467
2021-02-08,90.29193115234375,90.83412340368626,89.49458101806533,89.97299109863238,11810439
2021-02-09,88.8248291015625,91.50392433427128,88.47399300046573,90.26005973336513,8579689
2021-02-10,88.2188491821289,89.65407988552596,87.26202871319752,89.23945184235369,8709612
2021-02-11,87.48526763916016,88.98429003849688,86.75170928484283,88.21883572675713,14150298
2021-02-12,85.3802719116211,87.38959072475426,84.67859977161407,87.07065061262013,16453706
2021-02-15,84.35964965820312,86.01814193798965,84.20017962104205,85.79487999265271,10557047
2021-02-16,85.31648254394531,86.36898105211,84.39155813778846,84.39155813778846,11735144
2021-02-17,86.24140167236328,86.59223773137465,84.7742752558572,85.02943317753797,8950258
2021-02-18,89.27133178710938,90.06868203482075,85.50784251122346,86.11382675282822,22069738
2021-02-19,88.8248291015625,91.34445426407098,87.54906853996017,89.2713433514672,22944780
2021-02-22,86.91117095947266,88.92048955072879,86.17761267587849,88.56966325274472,20401387
2021-02-23,87.32579803466797,88.41020219293209,86.87928382829551,87.7723219743201,19178437
2021-02-24,92.1098861694336,92.49261813779786,88.98427744981242,89.27132155944648,38775957
2021-02-25,99.57310485839844,100.59370735631755,92.97104077938098,93.70459912892534,85580477
2021-02-26,97.08537292480469,103.974481629751,96.00097843728543,99.60499798696776,94115857
2021-03-01,98.4568099975586,100.21098049828213,98.04218203923827,99.1903683136404,22306110
2021-03-02,97.8508071899414,99.60497753204665,97.27671897129099,98.45680109474583,17565134
2021-03-03,98.80763244628906,100.33855066337085,98.10597011341216,98.87142435531368,17610904
2021-03-04,96.98966979980469,98.80762221949915,96.76640787460536,98.23353403081201,17162557
2021-03-05,96.38371276855469,97.4043153614149,95.49067454986144,96.95780111870853,17323282
2021-03-08,97.69135284423828,99.50931538398846,97.1810564494058,98.1697630143536,18727656
2021-03-09,96.76641845703125,98.83952897985249,94.72520388890916,98.83952897985249,14621175
2021-03-10,96.28801727294922,97.75514372576676,95.29930098518437,97.62756962840865,10788943
2021-03-12,96.00096893310547,97.59566941372185,95.04414864473566,96.9577892214753,14835735
2021-03-15,96.9247055053711,97.38657398621311,95.50613822209444,96.62779724465719,15783310
2021-03-16,96.13292694091797,97.68346208018933,95.40715246098205,96.99066956971157,11857531
2021-03-17,92.27310180664062,95.96797848007625,92.04216760990747,95.70406231331529,15554810
2021-03-18,90.4256591796875,93.52671946953527,89.86482473601274,93.36176934701403,14401450
2021-03-19,89.93080139160156,92.37206098992708,88.0833581582519,89.73285924735774,33294812
2021-03-22,89.50194549560547,90.7885646929691,89.27102133107819,90.7885646929691,11414253
2021-03-23,89.2380142211914,90.16173085885538,88.47924770223572,89.46894841448552,8887103
2021-03-24,87.2916030883789,89.17202836339617,87.12665297296918,88.34727778634752,10865477
2021-03-25,84.52044677734375,87.81944922661155,83.82765424944621,87.09366466067003,18629600
2021-03-26,85.51014709472656,86.03797942982773,84.91632061610309,85.18024685141012,9505615
2021-03-30,87.72047424316406,88.71017499070128,85.87303083420993,86.433865284917,20582346
2021-03-31,86.00499725341797,87.75346451169888,85.77406305654777,87.75346451169888,14900610
2021-04-01,87.192626953125,87.35757706848676,86.16994429208694,86.73076864366328,6226087
2021-04-05,85.6421127319336,87.15965599858427,84.48746177848852,87.02768783541326,9012457
2021-04-06,85.97201538085938,86.9947082671609,85.31221481779484,86.33490770409638,6689423
2021-04-07,86.59881591796875,86.89572413042187,85.60911516462053,85.97200745439955,5657926
2021-04-08,86.86273193359375,88.24831701286097,86.56582372168126,86.631807798887,9330363
2021-04-09,85.44416809082031,87.06067736547361,85.08127578808009,86.86273519418285,10149401
2021-04-12,82.27713775634766,84.65242408635123,81.55135805945963,84.45448188089114,11334755
2021-04-13,84.42147064208984,84.7513708869341,82.34310312667374,82.34310312667374,7809483
2021-04-15,84.61941528320312,86.30190859478307,83.76167260791169,84.42147311694251,8924391
2021-04-16,84.3554916381836,85.74107166038263,83.86064127069262,85.01529716204979,10358366
2021-04-19,82.21115112304688,83.13487294027011,81.4193924419292,82.87095170193791,7131534
2021-04-20,82.14515686035156,83.29980765959345,81.84824866838342,82.4750570887064,7738871
2021-04-22,82.50804901123047,82.80495720278887,81.8152565190902,82.24412782213523,8514980
2021-04-23,83.23382568359375,83.9596051535879,81.98020385330685,82.44206214315463,8992991
2021-04-26,83.76167297363281,84.45446552469141,83.46476475682394,84.2895153967135,4967884
2021-04-27,84.12456512451172,84.3884863355996,83.5307436580336,83.79466486912148,3982954
2021-04-28,84.78435516357422,85.4111635578472,84.12455473428571,84.45445494892996,6206074
2021-04-29,84.4874496459961,85.80705054615142,84.22352845918944,85.60910839757695,8345584
2021-04-30,87.78646087646484,88.80915369225235,83.79466573160472,84.0585869454091,27396950
2021-05-03,87.22563171386719,88.05038241098727,86.56583115617113,87.75347417357554,10262391
2021-05-04,87.62151336669922,89.60091497859263,87.25862105763399,87.45656323237478,9926789
2021-05-05,87.8524398803711,88.74317465681762,87.42357354667907,87.7534738242137,4877341
2021-05-06,88.80915069580078,89.36997507616016,88.24831624768483,88.54522445702293,7632817
2021-05-07,90.293701171875,91.05246770901418,89.07306623707909,89.3369824062345,12644960
2021-05-10,97.02365112304688,97.98035969235043,90.45863913700944,90.45863913700944,45098431
2021-05-11,102.73094940185547,103.42374203188861,95.77005119413211,96.62779397094657,66582000
2021-05-12,101.27937316894531,105.37013411075209,100.15771437215645,102.86289028585236,42959024
2021-05-14,96.85871124267578,102.89588153060387,96.39685292611539,102.89588153060387,23140309
2021-05-17,97.74942779541016,98.40922821270689,95.01126009073083,96.99066134262105,17076463
2021-05-18,96.62776947021484,98.83810490373979,96.3968453639284,98.37624662341149,10295029
2021-05-19,100.19070434570312,100.61957061960227,95.73705121991745,96.62777580442092,23999878
2021-05-20,96.75973510742188,100.5535878181175,96.3638608652204,100.5535878181175,22983457
2021-05-21,97.12263488769531,98.70616218217418,96.89171074550008,96.99067679676132,13009821
2021-05-24,98.24427032470703,98.80510466207775,96.0999191383848,97.71643808689292,14192862
2021-05-25,97.28758239746094,98.97007569787617,97.05665826148659,98.83811761049702,10434892
2021-05-26,96.13292694091797,97.65047004297492,95.8030267042863,97.5185119618735,9948786
2021-05-27,95.3741683959961,96.52881932072303,95.07726017176059,96.16592701654315,24064196
2021-05-28,96.9247055053711,98.17833270403631,95.50613822209444,96.06697276725497,16465504
2021-05-31,97.45252227783203,97.9143805689794,95.70405515143284,97.02365602199997,11767444
2021-06-01,97.38655090332031,98.5741836646792,96.92468253195192,98.01335932020548,9307143
2021-06-02,98.37625122070312,98.90408352702745,96.99066624721203,97.32056647254268,10714318
2021-06-03,98.34326171875,99.23398630944162,98.0463535218528,98.9700701494788,9282774
2021-06-04,101.0154800415039,101.87321280257281,97.78245092788623,98.31029344314611,29422387
2021-06-07,103.09384155273438,104.80932710327507,102.56599907043278,102.92889140625,31071589
2021-06-08,102.92887878417969,103.91857954171988,100.8175191816453,103.85259546411451,12874065
2021-06-09,103.19278717041016,106.49178944654547,102.40102863768888,103.58867147064879,30443113
2021-06-10,103.2587890625,104.74334034295127,102.7639386356829,103.65467343105675,11459484
2021-06-11,107.31654357910156,108.86707872747417,103.35774071628431,103.58867491038451,61728565
2021-06-14,105.13921356201172,108.20728185582107,102.63196965180113,108.20728185582107,30836595
2021-06-15,103.6876449584961,106.78871537498154,103.42372878455366,106.29386499802195,30153988
2021-06-16,102.63195037841797,104.77630159787034,102.17009212931764,103.78660103504617,14098443
2021-06-17,100.38862609863281,102.53297738294853,99.89377580225225,102.26906125198093,15784276
2021-06-18,96.59479522705078,101.47732527372112,95.73706257749704,100.94948282708685,24823176
2021-06-21,97.32058715820312,97.65048745365466,94.68138479459084,96.33088627184853,15038290
2021-06-22,98.11233520507812,98.64017763406262,97.51851876481867,98.24429329538502,12494441
2021-06-23,97.94739532470703,99.36597263028104,97.74945313465507,98.87112218903015,7983220
2021-06-24,96.59479522705078,98.37626474291109,96.33087903761229,97.94738835037693,12929173
2021-06-25,98.14533996582031,98.47524026822643,96.82573875619583,96.82573875619583,7400514
2021-06-28,97.12263488769531,98.31027784161522,96.99067679676132,97.05666087610682,8217659
2021-06-29,95.3411636352539,97.5844811054517,94.97827137949244,97.05664880735038,21576435
2021-06-30,96.75973510742188,97.25458546099087,95.73705243091759,96.06695266663026,12919448
2021-07-01,96.09994506835938,97.18862200504887,96.00097901400457,96.72676363846422,5668038
2021-07-02,97.4195327758789,98.07933322832037,96.36385809262613,96.99066650889434,20805994
2021-07-05,98.90409851074219,99.29998286821677,97.38656529852355,97.65048149166833,10401054
2021-07-06,97.32058715820312,99.43194703554136,96.92470277655808,99.00308067855758,9579038
2021-07-07,97.35357666015625,98.14533533502168,96.69377608647544,97.32058461792066,6067804
2021-07-08,96.49581146240234,97.74942823378608,95.86900307671047,96.99066177759414,12349670
2021-07-09,96.792724609375,97.32056698624139,96.09993211897259,96.49581641856138,4963821
2021-07-12,96.59479522705078,97.5515140662192,96.39686311885056,96.85872148424656,4010172
2021-07-13,97.71646118164062,97.98037736292282,96.75974237203951,96.99067658147915,5717442
2021-07-14,97.74942779541016,98.57417831703108,97.15561144694524,97.61746972550188,7216739
2021-07-15,96.792724609375,97.91438336786862,96.09993211897259,97.6504672133134,7257500
2021-07-16,96.03397369384766,97.68347509680704,95.86902355355171,96.82573235371665,10819800
2021-07-19,95.30817413330078,96.59478301269775,95.01126594078703,95.67106639870916,5158738
2021-07-20,94.28549194335938,95.70406912702622,93.49373331895032,95.34117682107623,6271740
2021-07-22,95.4731216430664,95.9349799374602,94.51641301873161,95.01126334867261,4772582
2021-07-23,95.07726287841797,95.67107934379374,94.58241246801903,95.4731371660827,3419739
2021-07-26,95.01126098632812,96.00096162160237,94.516410668691,95.01126098632812,4423596
2021-07-27,93.98857116699219,95.83601442242134,93.75764705241092,95.34116408977546,4245486
2021-07-28,95.04425811767578,95.20920823240004,93.06485674098454,94.64837381523512,8834228
2021-07-29,93.7906265258789,95.44012759082757,93.62567641938405,95.0442533758932,8237916
2021-07-30,94.5494155883789,95.60509036921624,93.19682252229163,93.88961507494675,9526451
2021-08-02,94.94528198242188,95.6050824411399,94.41744966965227,95.2092082065627,6164197
2021-08-03,95.17621612548828,95.50611635469274,94.35146555247711,94.94528193794274,5648929
2021-08-04,95.4731216430664,97.2215988495114,95.11022938755852,95.11022938755852,8839351
2021-08-05,95.96797180175781,96.26487998564144,93.82362037583994,95.67106361787417,6237158
2021-08-06,96.3968505859375,97.94737561587436,95.83601617160028,96.06695035815231,10812438
2021-08-09,94.51643371582031,97.5515204311802,93.92261721696022,97.32058619953575,12986298
2021-08-10,93.82363891601562,95.1762320962733,92.86693010433599,94.81333976970303,14022502
2021-08-11,94.97827911376953,95.24220535206798,93.13083571670659,94.28548658140136,8356558
2021-08-12,95.27518463134766,96.79272773848919,94.81332631206709,95.04426050558551,7685737
2021-08-13,94.84630584716797,96.52879885139916,94.48341361994086,95.70404836577161,9455100
2021-08-16,93.69166564941406,95.11023261629924,93.5267155338341,94.87930849514095,5259207
2021-08-17,91.87722778320312,94.05457164009087,90.52463462454881,93.75766340227835,13714266
2021-08-18,91.28340911865234,92.53702612280308,91.05247490158165,91.877225580038,7654460
2021-08-20,89.46896362304688,91.08547304762257,89.07307924374923,90.72258071122607,8877297
2021-08-23,88.3802719116211,89.99678106728724,87.58851335249443,89.93080706021787,7768805
2021-08-24,89.86483001708984,90.32668837373997,88.41327086715073,88.64420507935434,7452062
2021-08-25,91.61329650878906,91.8112285895826,90.06276142420047,90.06276142420047,7817617
2021-08-26,90.5905990600586,91.97617389193024,89.96379067889602,91.61329171761612,6845692
2021-08-27,91.41537475585938,91.91022520376072,90.4256738600567,90.98649832702334,4418540
2021-08-30,94.74735260009766,94.9782767265786,91.44835021245855,91.44835021245855,11333690
2021-08-31,96.23190307617188,96.42983516399444,94.51641781816377,94.7473520109651,14301855
2021-09-01,95.14321899414062,96.75972801712798,94.94527685366646,96.72674605017852,8415876
2021-09-02,95.75183868408203,97.23950636638115,95.4813470848098,97.23950636638115,7787657
2021-09-03,98.9638442993164,99.50480681440311,95.85325824657492,95.95468613860405,12734022
2021-09-06,98.9638442993164,99.97816449240185,97.5776046384599,99.94435175565928,9712271
2021-09-07,99.53861999511719,100.14721830460213,98.42287190502607,99.4033793657423,9475870
2021-09-08,100.85724639892578,101.33060413634418,98.93004398106471,99.64007026899242,7873034
2021-09-09,100.51913452148438,102.07442766411623,100.07959986557074,100.85724127778698,9519564
2021-09-13,104.54259490966797,105.42166406789845,100.9586618554291,101.16152793740441,35672746
2021-09-14,104.61021423339844,105.15118703419142,103.69733230537085,105.04975914825434,8804432
2021-09-15,108.90416717529297,109.71562116961056,104.30591411656351,105.1511808436021,24591822
2021-09-16,109.74945831298828,110.22280572177316,106.53744403582006,109.6480200922632,18440504
2021-09-17,105.962646484375,110.42565942095176,105.08356692799492,110.01992722009989,17317065
2021-09-20,104.2720947265625,106.53741353767501,103.32540018000019,105.42165533830153,12541523
2021-09-21,105.75979614257812,106.84174196059837,103.76496821391582,105.28644871651927,13645046
2021-09-22,109.61421966552734,109.88470095598521,104.81309937340129,106.33457984817646,18861877
2021-09-23,113.16432189941406,114.95628336577782,110.29041481526961,110.72994941850658,31399318
2021-09-24,112.31906127929688,114.58437020854177,110.15516992487967,113.67148821670827,17259638
2021-09-27,112.96147155761719,114.38151377099169,111.81191062730461,112.92765881768456,9099672
2021-09-28,118.03307342529297,119.21644709978678,113.70530065336732,113.94197951554592,41551332
2021-09-29,125.57283782958984,133.21405201381918,116.84968829708112,117.99924911883984,100988643
2021-09-30,125.16710662841797,129.49486833586218,124.49089321674245,126.85764015760677,48957916
2021-10-01,127.60147094726562,128.41292499180346,123.34132431569437,125.36996458613801,25492957
2021-10-04,128.44674682617188,130.74587881980426,127.33099872566412,130.17109324184648,23341448
2021-10-05,133.85647583007812,134.49887666615533,128.75106124763244,129.15679352210242,42359592
2021-10-06,130.4077911376953,137.81232766759453,129.630139341061,135.2427140372468,41926821
2021-10-07,128.9539031982422,131.8278103684729,127.97339575674434,131.6925697417488,16517664
2021-10-08,127.43245697021484,129.6301512756541,124.49093386000915,129.2244292871091,28978175
2021-10-11,133.1126251220703,135.03982731233046,129.59630683869293,129.83298567945056,34952223
2021-10-12,130.71206665039062,135.91890833904256,129.32582696438752,134.70172202162033,25216411
2021-10-13,128.5143280029297,131.5572875752886,128.04098079975734,131.18536823058346,17378156
2021-10-14,124.28800201416016,129.69770821440045,123.2736821016151,128.48052225570726,29542941
2021-10-18,125.30233001708984,126.95905058424363,124.01751852065902,124.96422335774433,15468914
2021-10-19,124.76138305664062,127.77053088244293,124.15279507144861,126.65478280352474,17403803
2021-10-20,122.05654907226562,124.017564292961,119.9602828833566,123.54421685881385,15921230
2021-10-21,123.34133911132812,123.74707134136638,120.9745918452364,123.07085783676875,15586097
2021-10-22,118.94593048095703,124.62612911479295,118.54020864023852,124.01753087641906,13603152
2021-10-25,117.728759765625,119.85882789716716,116.98492088129714,119.18261448166832,11744666
2021-10-26,118.37116241455078,119.01356310631458,116.13965604266778,116.98492282609331,11602891
2021-10-27,117.39067077636719,119.45311375037744,116.84969789867621,118.81071297233166,9535881
2021-10-28,112.62334442138672,116.98491881050893,112.21761225199026,116.98491881050893,24509136
2021-10-29,111.20328521728516,114.61816475595447,110.4256439789631,111.57520462969019,14826816
2021-11-01,115.46344757080078,116.27490165407154,110.76376611691741,111.57522020018817,13585170
2021-11-02,114.41529083251953,117.49206347935929,113.84051570569657,115.93677079124505,14278962
2021-11-03,114.7872543334961,115.70014678684525,113.16434588109792,113.7391212288138,8974463
2021-11-04,115.4296646118164,115.90301208931747,114.78726372676486,115.76777142691732,973260
2021-11-08,116.10585021972656,117.7963838872188,113.94196918897624,115.63250285646848,8761953
2021-11-09,115.29440307617188,116.57920461367061,114.68581504645127,116.34253607686784,5723308
2021-11-10,112.72479248046875,115.5310847983114,112.55573909932882,114.88867369542002,9212143
2021-11-11,112.9276351928711,113.36716976544463,111.71044903733241,112.18379634276485,6453205
2021-11-12,112.8938217163086,114.17863332910122,112.04855499139134,114.17863332910122,7027513
2021-11-15,108.02510833740234,113.33338852382829,107.85605495972253,111.06806913563904,19400018
2021-11-16,107.55175018310547,109.30989894415512,107.24745619736593,108.87036433344228,8505431
2021-11-17,105.55692291259766,107.68699113748843,105.28643134362532,107.55175051210142,7477627
2021-11-18,103.73113250732422,106.67266495507609,103.46065127180121,105.52310422680674,12981172
2021-11-22,101.8039321899414,103.39302753204696,100.82342479703408,102.9196802028708,11522286
2021-11-23,105.6245346069336,105.99645405321606,101.43201344805364,101.43201344805364,13305061
2021-11-24,107.5855484008789,109.30988419344696,105.21880166953005,107.04457565578835,18809310
2021-11-25,107.21366119384766,110.08756880219444,105.48931456519959,109.20848911717778,22402592
2021-11-26,105.42168426513672,107.78843159915505,105.04977508149345,106.67268341182621,11829847
2021-11-29,104.30592346191406,105.92883159595463,102.71681774542569,105.42167151429217,18176163
2021-11-30,102.78445434570312,107.1798421960128,102.34491968795191,107.1798421960128,56643275
2021-12-01,105.18498229980469,105.65832955256091,103.15634237239553,103.86636841062798,16283427
2021-12-02,107.72079467773438,107.88984802458639,104.9145029290727,106.09787635703671,15647910
2021-12-03,108.02510833740234,108.66750910894578,107.01078807132345,107.5179482043629,20414051
2021-12-06,106.4486312866211,109.24330650559293,106.12617044354155,108.9208456625134,24185368
2021-12-07,107.95343780517578,108.16841531663559,106.87856118208724,107.55932512407834,7866368
2021-12-08,108.13258361816406,108.74168474329336,107.52349342724517,108.38339253656093,7313306
2021-12-09,109.3865966796875,109.99569775101533,107.95342797934853,108.74167513821874,9423435
2021-12-10,108.41924285888672,110.1748727913206,108.13260248296729,109.38662542530751,7419042
2021-12-13,106.77107238769531,109.49409521261275,106.01865660349038,109.49409521261275,9888293
2021-12-14,106.69940185546875,107.30850290675332,105.15874992698531,106.77106466181131,8474759
2021-12-15,106.12615203857422,107.9176130052334,106.01865782004866,106.87855689720307,5410912
2021-12-16,107.30850219726562,107.55931108359725,105.73201887603406,106.12614243989421,7539061
2021-12-17,104.94377136230469,107.05769291714935,104.62131060549939,106.84272636875181,8758284
2021-12-20,100.82341766357422,104.37050807274906,99.7127097143432,104.15554151126727,8858645
2021-12-21,103.65393829345703,104.62133169307057,101.32503878659074,101.6116791325779,8097050
2021-12-22,104.15554809570312,107.05770620127036,103.51061556785791,104.22719997599015,6798820
2021-12-23,105.83950805664062,106.01865414710015,104.62131682835783,104.80046291881736,4857807
2021-12-24,104.54966735839844,106.16198237825577,104.19137513176346,106.0544990839497,4568316
2021-12-27,104.65714263916016,104.9796033979092,103.2598053951083,103.90472691260638,3534825
2021-12-28,106.66358184814453,106.95021120633716,104.80045821726505,104.80045821726505,4907497
2021-12-29,105.15876007080078,106.95022106008189,104.83629927957222,106.95022106008189,4216568
2021-12-30,104.7646484375,106.77108716160738,103.11650195218996,105.15877208701936,24782255
2021-12-31,104.65714263916016,105.73201912446298,104.15553579952731,104.58547983312303,5320232
2022-01-03,111.28556060791016,111.75133609883449,105.33790784222157,105.51705394399406,29486720
2022-01-04,109.63740539550781,112.25293389563845,109.17162994234792,111.78715844247856,13744440
2022-01-05,110.13900756835938,110.56896253314979,108.99247921926651,109.63740073224318,8454060
2022-01-06,110.81977844238281,111.2497334768472,109.6732499074957,110.7122951508721,12446900
2022-01-07,112.46791076660156,112.8262029391197,111.034742076529,111.0705734806227,11679683
2022-01-10,115.15513610839844,115.3701136623136,112.53960684936644,113.07704526704802,14655298
2022-01-11,113.61447143554688,115.11929228228763,113.2920106065461,115.11929228228763,7670386
2022-01-12,114.187744140625,115.1909580642338,113.57864294358356,114.94014911622575,6334581
2022-01-13,118.05725860595703,119.2754496793893,113.93689904914821,114.18770791759378,20271714
2022-01-14,118.05725860595703,119.06047221132285,116.982382199833,118.05725860595703,10211720
2022-01-17,117.30484771728516,119.02465659772426,116.12248799602783,118.6663644477422,8384625
2022-01-18,115.2267837524414,118.59472853922054,114.86849152120509,117.51985184551158,6574122
2022-01-19,117.44818878173828,118.12895276704283,115.22678351321181,115.37009821856657,11503199
2022-01-20,118.27224731445312,120.56531501193939,117.41234829467194,117.87812374124238,17462235
2022-01-21,113.75777435302734,117.01823558431838,112.8620438463106,117.01823558431838,14466758
2022-01-24,112.00215148925781,114.94014116763017,110.9272748164899,113.3636575677461,10854431
2022-01-25,115.47757720947266,115.80004895226426,110.56898039522636,111.0705873123756,7267866
2022-01-27,115.04761505126953,115.5850532926169,113.22032284384667,113.86524435977991,9269062
2022-01-28,115.83584594726562,118.23640768918398,115.08344119115581,115.08344119115581,10310726
2022-01-31,114.51018524169922,117.08988242959315,114.04439883770864,117.08988242959315,5811200
2022-02-01,116.8390884399414,117.12571782584789,113.65029005133853,116.08667263417416,7248713
2022-02-02,117.41236114501953,117.94979945797957,116.26582170368728,116.80326001664731,5369074
2022-02-03,115.5850601196289,117.6273189968492,115.08345325158584,116.87491416188942,4654885
2022-02-04,114.94012451171875,116.65993349945738,114.65349514753368,115.58505698244925,6402287
2022-02-07,115.33425903320312,116.803259266029,114.40269710988352,115.11928152255854,5871041
2022-02-08,114.61766815185547,116.44496048789203,113.47113971680824,115.97918501962437,14158927
2022-02-09,120.81611633300781,121.35355455346745,114.65348703138731,115.0117791783604,35079516
2022-02-10,120.4220199584961,122.0343349837042,118.23643518192735,121.10277300451952,17724098
2022-02-11,119.31131744384766,121.31775620031624,118.37975542110743,120.35036276627609,10097767
2022-02-14,115.83584594726562,119.13213805046567,115.47755380275295,119.02465478079527,9478670
2022-02-15,117.2690200805664,118.12893001549917,114.54600840064276,116.62409856357587,16850616
2022-02-16,117.41236114501953,118.95301326848744,116.6599453200334,118.41557495552742,10653203
2022-02-17,116.8390884399414,118.59471803059151,116.5882795266156,118.02144832456835,6906440
2022-02-18,119.88456726074219,120.56532022524635,116.51662290934546,116.80325228359676,23740696
2022-02-21,119.07205963134766,120.7709808826869,118.07487480871602,120.51244522252476,14870901
2022-02-22,118.11178588867188,118.66578115319861,114.8616848452068,117.81632625601597,11654816
2022-02-23,117.07765197753906,119.88456323815286,116.85605164387408,118.4441779759222,7627472
2022-02-24,110.79904174804688,115.82193389483727,110.06038146972655,113.75368286132812,12115340
2022-02-25,120.7340087890625,121.80506383685562,112.46101671054483,112.46101671054483,17079977
2022-02-28,125.23985290527344,125.53531250926659,118.59191037587473,119.99536040143433,20872239
2022-03-02,136.5044403076172,137.1322948671948,126.31092482214387,126.31092482214387,72648396
2022-03-03,139.56985473632812,146.07006731875816,138.0186749433674,140.04999067093544,74050073
2022-03-04,133.69752502441406,141.08412861692312,133.3281948447886,139.56987262624625,36095156
2022-03-07,139.38519287109375,141.82277405436542,134.21457090036168,137.35387709687757,41642776
2022-03-08,139.7176055908203,141.6011918035477,137.83403064915578,139.60681104286223,22940456
2022-03-09,137.87094116210938,140.78865837825484,137.09535686015857,140.34545768765858,13870658
2022-03-10,132.18325805664062,135.91349481529446,130.77980799903779,135.91349481529446,30890343
2022-03-11,134.25152587890625,134.80552117139143,132.4048749039557,133.6975305864211,14663558
2022-03-14,133.21737670898438,134.54695610334193,131.3707261378649,133.6975013490512,8306420
2022-03-15,127.71434020996094,132.95883197981072,126.68022046965301,132.88496145362024,14074860
2022-03-16,130.66900634765625,131.3338073995556,127.71436506204674,127.78823560261178,11846738
2022-03-17,130.4104766845703,132.95885243536924,129.63488112448502,132.22019214406163,20052773
2022-03-21,134.6577911376953,137.64936796666439,131.11221901710465,131.37075466161994,20271556
2022-03-22,135.43336486816406,137.24308027351748,133.32817859248973,135.65495393207823,12372751
2022-03-23,135.21177673339844,136.09816688221807,132.44180047392317,134.87938183647387,13731315
2022-03-24,138.42491149902344,139.23744219532458,135.39641156138964,135.69187112128472,16323203
2022-03-25,137.46469116210938,139.53293105783527,136.3567006732296,138.4249405689555,10044811
2022-03-28,141.26876831054688,143.07848361116268,137.0214720083997,137.46467265270016,19132062
2022-03-29,137.39083862304688,141.9705309896024,137.0215084116946,141.8228011592742,10622472
2022-03-30,135.10096740722656,138.83120426053156,134.43617763066453,138.83120426053156,10298319
2022-03-31,135.21177673339844,136.57829159210223,134.177645500557,136.02429634020717,9435203
2022-04-01,137.50160217285156,138.31413296303478,135.3964272054767,135.7657573335489,13505929
2022-04-04,138.68348693847656,139.60681241742782,136.35671123994462,137.02150107636433,9490374
2022-04-05,138.79428100585938,139.56987665969942,138.01869662308226,138.8681515523443,7637664
2022-04-06,143.18931579589844,145.51609142962215,139.08974852932852,139.38520816593822,46157039
2022-04-07,140.8994598388672,145.55302223454683,140.27159404151416,144.03876628350775,21712301
2022-04-08,143.70635986328125,146.84566605623186,142.08130949996615,143.81715439696083,20151959
2022-04-11,145.07284545898438,146.25470617895513,142.81994107257,143.66939571619582,12393619
2022-04-12,137.39083862304688,144.59277774441628,136.13511815866187,144.59277774441628,18907630
2022-04-13,137.8340301513672,141.3057316512909,137.16922905283107,138.86815016545074,14216953
2022-04-18,139.93922424316406,141.01027967394035,136.35672771463203,137.83404865944468,13052104
2022-04-19,146.07008361816406,150.13271552663386,140.8255906460781,141.41652117788618,59341710
2022-04-20,147.06727600097656,151.8316328684465,145.58995534309057,147.69513051794084,38356653
2022-04-21,152.8287811279297,153.5674412808362,148.47069073420516,148.61842051057457,43683145
2022-04-22,149.32017517089844,154.3800027354862,148.6553854091703,152.20095710419764,24007670
2022-04-25,139.2005615234375,149.35714285505168,137.94484099483256,147.47355642661222,26465084
2022-04-26,141.37957763671875,142.0443786727656,139.20053199475467,141.97050813396203,20819291
2022-04-27,138.49879455566406,141.67503583168613,137.8340048502212,140.9363755940559,12214126
2022-04-28,140.5301055908203,142.19209107086942,138.24025442099514,139.60678032412633,12706800
2022-04-29,135.0640411376953,142.56143871725035,134.36230483182314,142.1921085651331,21654415
2022-05-02,138.60960388183594,139.5329292774545,132.10940211353073,134.95323756939877,21289439
2022-05-04,138.38803100585938,140.86253659318888,137.760165154905,139.42215106159958,18239949
2022-05-05,137.27999877929688,141.78581910868314,136.43053281078792,139.97610392429604,12651103
2022-05-06,138.42491149902344,139.56983701797148,135.21174651869026,136.28280151213465,14257553
2022-05-09,135.21177673339844,137.35388719896775,134.10378622960835,137.35388719896775,10549451
2022-05-10,125.60918426513672,135.80269849671308,124.68585890486824,134.4361724550911,19965511
2022-05-11,125.4614486694336,128.30528388513014,122.06360699209165,126.82796337690512,20641617
2022-05-12,123.39322662353516,125.72000246089458,121.62043483553705,123.98415721953452,10406343
2022-05-13,124.61198425292969,128.26835030464724,124.09492432246499,125.57224485011338,11590435
2022-05-16,126.82797241210938,127.6405032579421,123.98413699381845,125.20292199150573,7437937
2022-05-17,136.31973266601562,136.6521274786437,127.8990002101014,128.0836652472347,28092052
2022-05-18,137.05841064453125,138.4987958673394,134.28843472718447,137.64934109444405,15425248
2022-05-19,133.84524536132812,135.54416632147726,133.4759152078636,133.7713860932723,9396007
2022-05-20,137.3538818359375,138.01868287489154,135.58110160751707,136.28282664497257,6365038
2022-05-23,136.1350860595703,137.94480141427363,134.73162482471358,137.3538709612319,7794071
2022-05-24,134.69473266601562,137.94483401935818,133.845266416779,135.50725236881948,8572565
2022-05-25,133.4759063720703,137.05841313194725,132.9957817127743,136.06121727518038,7926434
2022-05-26,135.3594970703125,137.3908128517224,131.29686550749275,135.87655701500455,23140556
2022-05-27,134.3253936767578,139.3482752089571,133.32819766227138,136.28283916171227,16408080
2022-05-30,138.27720642089844,138.79426637861224,134.84244052152792,135.91349570630547,10577525
2022-05-31,142.48757934570312,144.22343570512456,136.79989681154453,137.39082735545796,21380248
2022-06-01,144.81434631347656,145.7376716390266,142.7091600627981,143.66942065558234,30867456
2022-06-02,146.40245056152344,147.1411107674555,143.5216802668125,145.146730465651,17646759
2022-06-03,145.51605224609375,148.47069290083675,144.92512186093322,147.732032737151,25335178
2022-06-06,143.92796325683594,145.36834858055227,142.70916700518237,145.14674823742783,22020642
2022-06-07,145.92237854003906,147.69515916492634,143.00467192900763,143.04159593576685,12961285
2022-06-08,145.9962158203125,149.17245762632655,145.14676091372087,146.25475145504697,13059792
2022-06-09,146.80873107910156,148.02751603623935,145.1467454442438,145.47914031700307,10562238
2022-06-10,146.62408447265625,147.2150150270105,144.96209862850776,145.77462954962772,6741014
2022-06-13,141.12106323242188,145.8115497292014,140.0130726987013,145.25755446234112,8516696
2022-06-14,141.9705047607422,143.66942567330202,139.68066463604112,139.68066463604112,6727598
2022-06-15,140.38238525390625,143.18929650784926,139.71758425449121,141.93356504375237,5805589
2022-06-16,132.88499450683594,142.41371993149056,132.2940752345687,141.49039447974474,14490962
2022-06-17,134.91629028320312,136.54135185160723,132.5156444684055,132.95884512725405,15215695
2022-06-20,130.63206481933594,134.36228992502134,129.0808738441155,134.36228992502134,23276003
2022-06-21,136.5044403076172,137.1322948671948,131.48154747568194,131.48154747568194,7564329
2022-06-22,132.47872924804688,136.46749035765376,132.2201936347498,136.46749035765376,6560404
2022-06-23,130.85365295410156,134.43615951555,129.15474347157758,133.18043940066082,9304799
2022-06-24,130.4104766845703,133.25431204346765,129.117821174782,131.96165653367933,8171322
2022-06-27,134.47312927246094,135.02712457739742,131.07528689375854,132.95887318475522,7063839
2022-06-28,137.686279296875,138.09254472755154,133.51285299253186,133.8083126124446,9844211
2022-06-29,139.42213439941406,140.5301248714624,135.654962286025,137.39081853399213,16856241
2022-06-30,137.09536743164062,139.60680814917967,134.84245107766623,138.9420183330848,8693744
2022-07-01,135.3594970703125,137.50160738592015,130.44741068914595,136.65215256757332,17248729
2022-07-04,134.47312927246094,137.1692352480598,132.2940833272568,135.35951950614665,8780396
2022-07-05,134.76858520507812,136.79990126708444,134.25152518896186,135.17485067169198,5313753
2022-07-06,134.21458435058594,135.0640505221146,131.4815432892357,134.80551488924445,9367397
2022-07-07,137.39083862304688,137.83403938509505,134.02993144552846,135.87658250228984,6322630
2022-07-08,140.19775390625,141.7489340691611,138.166437694221,138.166437694221,14647592
2022-07-11,142.81997680664062,143.52170185360902,138.72040979289838,139.56986464906086,9048841
2022-07-12,143.2262420654297,144.26037335206635,141.896662408567,142.41372241635392,6942704
2022-07-13,142.8938446044922,144.88822532530423,142.5614496962006,143.22623951278376,7842930
2022-07-14,141.82278442382812,144.37116032723134,140.56706410762126,143.30010509490967,6795141
2022-07-15,142.85691833496094,143.22624853879597,139.90227670428078,142.56145868031825,5610793
2022-07-18,144.48196411132812,145.44221351719713,143.18930854228375,143.66943324521824,7600779
2022-07-19,146.4393768310547,147.43657255623475,143.30007114867394,144.00179604699417,9913955
2022-07-20,146.14395141601562,148.02752624861924,145.8115452492623,147.43660699897384,5519522
2022-07-21,146.69793701171875,147.3257914909137,144.999016103138,146.14394179833772,6167419
2022-07-22,145.5899658203125,147.62128187108718,145.36836545146994,146.69795639346233,4844223
2022-07-25,148.39688110351562,148.9878117225346,143.74332924751857,145.8854400615152,10207034
2022-07-26,149.4309844970703,150.16964481463265,147.39966862377392,148.80311871871754,12853314
2022-07-27,150.28045654296875,151.2037820455319,149.06167138801067,149.50486086660302,7343180
2022-07-28,149.83726501464844,151.42538034890686,148.7292744267296,150.68671995696096,5096403
2022-07-29,156.04197692871094,156.92836696947842,150.13269496217987,150.39123055663995,12477455
2022-08-01,157.14999389648438,157.85171899457103,154.97094805671512,156.96532880377404,7849924
2022-08-02,158.99661254882812,160.4739329906291,156.3374312451622,157.33462705180204,12615631
2022-08-03,156.6698760986328,158.77505148607543,154.2322945127479,158.77505148607543,9949919
2022-08-04,153.0135040283203,157.6670670055912,152.27484359608886,156.7068061894776,8058280
2022-08-05,153.9737548828125,155.30334582902148,151.97937409903054,153.2720297718048,31999040
2022-08-08,159.10740661621094,159.66140178029391,152.93960055205656,154.74931583384893,16358151
2022-08-10,162.39447021484375,162.83765962879923,159.14435815719543,159.4398290375607,14267910
2022-08-11,163.70498657226562,169.8457933097958,163.2556545119875,169.24668770508796,28800337
2022-08-12,165.98910522460938,166.43843741046263,163.06848029753988,164.00457949557398,8861089
2022-08-16,166.92518615722656,168.0485050719508,165.09043421524183,168.0485050719508,7844356
2022-08-17,165.83929443359375,167.37449905935713,164.86574920064697,167.37449905935713,6119157
2022-08-18,166.06396484375,166.73795156206057,165.20275832290983,165.8392987953165,4233196
2022-08-19,162.61912536621094,165.98908200777913,161.5332527337704,165.98908200777913,8783707
2022-08-22,163.48033142089844,165.46485672737728,160.29759482526913,161.45835986907306,10390480
2022-08-23,166.88778686523438,167.5243275295691,162.20729039074376,162.50683759431382,9344364
2022-08-24,167.48684692382812,169.246717808116,166.2512006787688,166.81286014052142,10825973
2022-08-25,168.42295837402344,170.10793688280887,167.52430545473624,167.52430545473624,13077805
2022-08-26,172.20477294921875,173.73997762309668,169.62114194668706,170.51979471796025,12673156
2022-08-29,172.6915740966797,173.44045340945453,165.80187527755777,165.80187527755777,8757016
2022-08-30,175.8368682861328,176.3610815296975,172.87879722952562,173.59023030486279,12991363
2022-09-01,172.46688842773438,177.3346034078698,171.90522900694953,175.49985158537064,9682321
2022-09-02,171.718017578125,174.076982689719,170.89424581665276,172.99111004195336,4599518
2022-09-05,173.4404296875,174.00208909526134,171.1188995646238,172.2422183801465,4909470
2022-09-06,174.26419067382812,175.7245028545689,172.99109829643848,174.26419067382812,5307321
2022-09-07,178.8697967529297,179.20679009860552,174.0020820818647,174.45140273376936,12751679
2022-09-08,177.072509765625,180.10547324284667,176.02408330714925,180.10547324284667,7677716
2022-09-09,177.93370056152344,178.23324766747965,174.75096399603274,177.85880807153956,8436280
2022-09-12,173.3655242919922,179.01956419468823,170.74444725086056,178.60767837425544,19053188
2022-09-13,173.2157745361328,176.2112915659769,172.72899616258877,174.26420092578198,9884429
2022-09-14,173.70254516601562,175.08797639249258,171.90523948079388,172.3545601886039,7705022
2022-09-15,175.4249725341797,175.94918574835,173.92721396398392,174.56376592711354,5386854
2022-09-16,173.02853393554688,175.23772519426475,171.90521518430157,175.12539788993593,8750965
2022-09-19,172.16734313964844,174.22676117446238,171.26869028258238,172.95366867470287,4011597
2022-09-20,172.12989807128906,175.0879687870959,171.26868008816177,172.99110462742598,6890375
2022-09-21,173.4029998779297,174.26420648066562,170.10792418387226,172.1299073850627,5673523
2022-09-22,170.03306579589844,173.21580316616763,168.87230046957822,172.20481143069688,7677219
2022-09-23,166.88778686523438,169.9581856963042,165.5023553379878,168.49787308166182,5495315
2022-09-26,161.38348388671875,166.3260916763195,159.1368460599895,165.50231990238905,7832594
2022-09-27,160.1852569580078,164.5287586209984,159.32405044531555,161.75790785517347,5795048
2022-09-28,157.86375427246094,159.81083354134398,156.44087678640196,158.53774105265296,6134706
2022-09-29,160.1852569580078,161.12135596179934,157.7513995481499,158.61261748783195,8962595
2022-09-30,158.9496307373047,161.7579281001546,155.6545664023573,159.5112902098747,12875386
2022-10-03,160.97158813476562,163.255672070694,158.98706274690417,159.5112759222836,11397506
2022-10-04,167.1873016357422,167.7489611037234,163.33057785973426,163.48035143246437,10862095
2022-10-06,174.86331176757812,175.3126439060856,168.23572557304269,168.49783789167057,12795784
2022-10-07,172.017578125,174.90076808796047,170.59471198278072,174.48888217511018,14641624
2022-10-10,172.12989807128906,173.73998386823735,169.6960405386521,169.9955876641805,10850668
2022-10-11,168.8348388671875,172.9536750895837,167.74896614849953,172.9536750895837,19154740
2022-10-12,173.81488037109375,174.48886713256923,168.90971894527362,168.90971894527362,9256951
2022-10-13,175.64964294433594,176.43596849851224,173.0660116323207,173.88977201008385,7231841
2022-10-14,176.99761962890625,178.9446988702412,176.24874036062567,178.9446988702412,6241886
2022-10-17,178.23324584960938,178.64513168634042,174.4139574391791,176.99759976640578,5623812
2022-10-18,181.00411987304688,181.34111326398835,177.3720622175805,178.60770846002958,6674374
2022-10-19,178.383056640625,181.9776797608047,177.48440371732806,181.22880042022527,13886387
2022-10-20,180.47988891601562,181.6032077266962,174.93818735412063,177.48437208753404,10755972
2022-10-21,178.7574462890625,180.74198284245855,178.270679424695,180.4798705758061,3285505
2022-10-24,180.10545349121094,181.00410627520773,179.7310138789631,180.40500061021316,730136
2022-10-25,179.69357299804688,180.44245224490433,178.19581450433196,180.10545886921656,6976548
2022-10-27,180.40501403808594,180.929238675844,178.9821479764337,180.44246028749595,6422639
2022-10-28,183.02609252929688,185.57228895235042,180.14291414066597,181.22878681760466,14076967
2022-10-31,184.1868438720703,185.34760896106286,182.38953829536516,184.22429011887462,8365329
2022-11-01,183.96218872070312,184.97318030938476,182.16488303748116,184.97318030938476,8813106
2022-11-02,184.0745391845703,186.92028288663607,181.3411228097343,183.96220043034901,14974441
2022-11-03,184.3740692138672,185.4225070209103,180.47989939611264,182.72653714793148,6754654
2022-11-04,184.26174926757812,186.24627479026995,183.84986337787106,184.7485162291468,5511411
2022-11-07,186.8828125,188.23079738762718,184.7859483889122,185.19783424721356,10513106
2022-11-09,191.56332397460938,197.25479970183147,190.62722486549478,191.33865790302366,40391668
2022-11-10,189.91578674316406,195.08304911633203,188.79246784230227,193.17341612645959,20832572
2022-11-11,189.6536865234375,193.88485008238393,189.01713453489194,193.80995758008746,20165337
2022-11-14,185.12294006347656,191.9002992593006,184.411507093084,190.6272068764418,18762693
2022-11-15,185.08309936523438,190.4247278712217,183.84736147058314,186.87692656540852,20225373
2022-11-16,187.27554321289062,187.75390196932574,183.68788903513283,186.03980539490888,9764275
2022-11-17,185.28240966796875,187.15596734881683,184.16625541033733,187.15596734881683,5737884
2022-11-18,183.01022338867188,186.19924923847609,181.9339222982957,185.32226226371264,6413585
2022-11-21,182.9304962158203,183.6878874359416,180.73804090405588,182.57173323420162,6430876
2022-11-22,182.65147399902344,183.9270771347222,181.49544231035046,182.21298047902704,5885877
2022-11-23,183.84735107421875,184.24597931838213,182.5717358268285,183.36899231515525,5693274
2022-11-24,182.173095703125,184.8040443760724,181.25625566740396,183.96692268488445,8198891
2022-11-25,184.48513793945312,186.2789649546321,181.61502201426754,183.08993914986945,10046363
2022-11-28,183.2493896484375,185.56142835804548,182.0933581284662,183.80746669918764,8146840
2022-11-29,181.1366424560547,184.40539839626422,180.45898184953967,183.5284115346958,6628470
2022-11-30,181.17652893066406,182.45214412143562,180.61845184663952,181.13666367498342,12154948
2022-12-01,180.2596893310547,183.6878823552203,179.30297185297604,182.0933694453133,22435771
2022-12-02,180.65830993652344,181.77446406030035,179.62187415577768,180.25968172586488,6325649
2022-12-05,184.3655548095703,184.80404829188075,180.5785866567251,180.65831716811536,8732711
2022-12-06,184.68446350097656,185.36213639256528,182.97036689072573,184.9635081422587,7394839
2022-12-07,183.16966247558594,185.08307301731614,182.33254080164116,185.08307301731614,4519547
2022-12-08,183.68788146972656,184.36555431923745,182.57172730423946,183.08993913139392,3135706
2022-12-09,182.4521484375,185.24254608880005,181.61502670907632,183.80748200652636,4197165
2022-12-12,185.28240966796875,186.3188455730088,181.85421637731412,182.05353050654608,7881379
2022-12-13,184.604736328125,186.916775203348,184.24597335302738,186.0796534846748,4878457
2022-12-14,185.08309936523438,185.9202211583495,184.4453038706412,184.76420161793777,4730078
2022-12-15,181.93392944335938,185.44186531501154,181.5353011964786,184.8837760372435,5221433
2022-12-16,179.10365295410156,183.2892492307803,178.02736406777052,181.77446687290654,7757065
2022-12-19,181.21636962890625,181.65486305163478,178.9840494301517,179.1036330158202,4073907
2022-12-20,180.2596893310547,180.89748476288304,178.06723407993255,180.89748476288304,3784271
2022-12-21,178.4658660888672,181.53529620637454,177.03080200651013,180.5785908731926,3675466
2022-12-22,177.5490264892578,179.98066133456373,174.67891028534967,178.66519292841866,4755089
2022-12-23,171.4499969482422,177.7084525970346,170.77232411966443,175.39641382630043,6561011
2022-12-26,175.99436950683594,176.67204238685946,170.81220234128924,171.4500099639287,3116608
2022-12-27,176.39295959472656,177.7084276476717,175.1173446253763,176.9909018306409,2961726
2022-12-28,177.94766235351562,178.78478417734652,175.83493732852457,176.39301448935527,3015714
2022-12-29,176.7119140625,178.86451653592678,175.75520861051578,176.0342532763807,4784105
2022-12-30,179.42257690429688,180.53873113291843,177.19025628188504,177.19025628188504,4102247
2023-01-02,179.1833953857422,181.13667134512258,178.70503662765498,180.77790835914146,4210225
2023-01-03,178.66517639160156,179.98064467599005,177.78818942523048,179.3827023348738,3643132
2023-01-04,173.12423706054688,178.98407696304346,172.40671110582693,178.86449335897956,9550461
2023-01-05,173.92147827148438,174.5194205696882,171.5695743315828,172.84518943381784,8815728
2023-01-06,170.8122100830078,175.31670457268808,169.01838290594006,174.59917856792865,12237065
2023-01-09,171.3702850341797,173.56274044490235,170.61289377987293,171.6891949384771,6967190
2023-01-10,172.8053436279297,173.24383712899277,170.77233715221445,171.41014477510905,5400260
2023-01-11,170.134521484375,174.20053424354086,169.177816177856,173.24382893702185,7637956
2023-01-12,170.5331573486328,173.0046573192611,169.6561825138575,171.80877259124776,7161675
2023-01-13,171.48983764648438,171.9681841347779,170.2540879293524,170.77229966629523,3671193
2023-01-16,170.41355895996094,172.1276553886959,169.37712318588441,171.8087576882881,3987352
2023-01-17,169.89537048339844,171.52973662885827,168.30085743208608,170.41358235900728,5871758
2023-01-18,172.88507080078125,173.28369903673862,169.97507737919142,170.493301385037,6441530
2023-01-19,178.54559326171875,179.22326616235003,171.5297335296726,172.8053488137424,12938871
2023-01-20,180.97718811035156,182.7710148647493,177.588848685378,179.26309185554908,13444947
2023-01-23,183.44869995117188,183.6878671357072,181.13664912427154,182.17308486287052,8736715
2023-01-24,181.45558166503906,184.96350534868813,181.13667177050914,183.52844123622492,4252051
2023-01-25,180.29954528808594,181.7744746192657,178.38613463184518,181.61502575877367,3855827
2023-01-27,177.30982971191406,181.49542607672703,174.83834201464913,180.97721425000785,6171667
2023-01-30,180.0603790283203,180.8177702435228,175.99436615593245,177.3098344683806,6172517
2023-01-31,179.26312255859375,182.05352021002287,178.505719178214,179.38270616330195,7424552
2023-02-01,175.91464233398438,181.77448249087618,170.7324750699901,181.77448249087618,24008324
2023-02-02,173.52284240722656,176.75173310792283,173.00463063774237,176.19365608728603,6806578
2023-02-03,174.51942443847656,175.95448841901202,171.0912315849114,173.80189853079258,8776614
2023-02-06,175.07752990722656,175.6754722741704,171.92835704252073,174.758620012422,5742881
2023-02-07,175.1572723388672,176.31329197419572,173.00468195495026,175.07755397808228,4907167
2023-02-08,176.01486206054688,177.36253467349556,174.9122117677803,175.40228133411807,6316867
2023-02-09,175.23890686035156,177.07664880781113,174.13625670668173,176.42322695611733,4383159
2023-02-10,172.7477569580078,175.11639734008625,172.2985286198933,174.78969261945,4954439
2023-02-13,174.01377868652344,174.54467703165486,170.82835122677216,172.7477759446859,6142208
2023-02-14,172.95196533203125,175.03474237762367,172.4210669997961,174.01377445948887,6758731
2023-02-15,173.8912353515625,174.62633966497225,171.76762974867984,172.3393692393411,9612884
2023-02-16,175.9739990234375,176.8316144266488,174.05458712985393,174.38129182489385,13093683
2023-02-17,177.6483917236328,178.26097238474878,174.95303432212543,175.48394503955055,7243093
2023-02-20,178.3018341064453,178.8327324219789,176.38240949554032,177.9342881600769,8479587
2023-02-21,174.83053588867188,179.0369184156931,174.2587963893175,178.71021369120098,4655766
2023-02-22,173.03363037109375,176.30072738097618,172.8294368079761,175.2389183601672,6003852
2023-02-23,175.52481079101562,176.38242639001166,173.52371603535025,173.9321032288733,6219715
2023-02-24,177.2808837890625,177.48507738650142,175.36145898794146,176.42326818722142,5154174
2023-02-27,177.19915771484375,178.0567731054256,175.68813294380433,177.23999891686861,4841279
2023-02-28,175.93316650390625,177.19916906989295,173.15613907005257,176.9133055633707,6054079
2023-03-01,178.6693878173828,178.87358140345984,175.19809685407367,175.93318877875592,4510175
2023-03-02,182.0181884765625,183.3250200994476,177.5259290679804,178.6694082958785,11354939
2023-03-03,182.09982299804688,184.95853297435212,181.65059465203018,182.87575607044673,7089438
2023-03-06,183.69253540039062,184.18260496642728,181.11970133616518,182.09982800525168,4771341
2023-03-08,183.65170288085938,183.89672519585466,181.85478948431734,183.65170288085938,4271464
2023-03-09,183.61087036132812,185.36693017114115,182.67157241178745,183.6517115700885,4263468
2023-03-10,183.24331665039062,184.01924973203865,180.87466373542878,182.0998251684477,3670173
2023-03-13,180.34376525878906,184.38679549124905,179.15944503394536,183.12079285242166,3877606
2023-03-14,180.54794311523438,181.97729799462644,178.75104233088146,180.3437495610355,5723922
2023-03-15,179.60865783691406,182.30401543325377,179.36363552514476,181.28304759092708,2992144
2023-03-16,180.38461303710938,181.69144446754927,176.70912860770656,178.50602961392832,4988245
2023-03-17,181.03802490234375,184.55015700701614,179.77203466372973,181.32390090247495,15720256
2023-03-20,177.2808837890625,180.99720975504835,176.1782333776971,179.69036574624405,4244575
2023-03-21,177.2808837890625,178.83275014440298,176.382426975136,178.17932814000082,3998751
2023-03-22,174.7488555908203,177.15833723632107,174.05460492712632,177.15833723632107,9675449
2023-03-23,174.2587890625,175.40226801313048,173.4828435642302,174.09542424413635,4730918
2023-03-24,170.25660705566406,174.70802467358723,169.889061098769,174.17712634284848,6611089
2023-03-27,170.21575927734375,171.68595551117224,169.562349807186,170.29744169260687,4002212
2023-03-28,170.6241455078125,172.54357008926647,170.25659956708358,171.03253265595276,6157526
2023-03-29,173.93209838867188,175.52480590649216,170.21577253843276,171.48177529572138,16734166
2023-03-31,174.50384521484375,175.03475605154156,172.4619092190558,173.3195248298844,5139018
2023-04-03,179.81285095214844,180.38460291279932,174.6263418039937,174.87137657813176,7754066
2023-04-05,181.73228454589844,183.16163959288863,179.935383550851,179.935383550851,6491910
2023-04-06,181.078857421875,182.26317764861005,179.93537840219702,181.69143813877105,4589598
2023-04-10,181.36473083496094,183.32498411602023,180.62962650732388,180.8746612832029,3498235
2023-04-11,182.67156982421875,183.20248060460926,181.32389719512543,181.93647792889274,3995959
2023-04-12,185.9794921875,186.22452695240298,182.67155401877463,182.9574299883257,5136012
2023-04-13,184.18258666992188,187.57219469883046,183.32497124604578,186.1428398133654,3478451
2023-04-17,187.5313720703125,187.8172355789312,184.10091026300086,184.18259267288389,6265943
2023-04-18,189.65501403808594,189.818366426221,187.24553203987605,187.53140806635363,8004952
2023-04-19,188.18479919433594,191.6152613242483,187.04132012635654,190.79848700055243,7424582
2023-04-20,187.49053955078125,189.08324691339396,187.12299361525316,187.77640307264244,2589165
2023-04-21,187.89894104003906,188.225645793679,185.775322752417,187.8580998300872,2459508
2023-04-24,189.12408447265625,189.4916304010956,187.49053593471575,187.49053593471575,2587030
2023-04-25,188.06227111816406,189.73666082375686,187.77639514538504,188.79736295818725,2570946
2023-04-26,187.6538848876953,188.3889767312231,186.2245299429577,187.85807845122926,3439487
2023-04-27,189.2874298095703,189.9000104885657,187.1638118038587,187.6538813322493,3349374
2023-04-28,190.39010620117188,191.73777889511183,189.16494467468553,189.90003660538233,4771074
2023-05-02,192.84042358398438,193.94306144760827,190.39010060305947,190.47177055796467,3773537
2023-05-03,193.4938201904297,195.16820994182825,191.61524933387093,192.79956953652336,4523385
2023-05-04,193.94305419921875,194.39228255486304,191.24769652833967,193.45299709914136,7248108
2023-05-05,193.90219116210938,194.39226067000098,192.75871226100938,194.26974952452073,3043479
2023-05-08,190.1859130859375,190.63512900970852,187.85810119463503,189.90003707718543,9711437
2023-05-09,193.0446014404297,195.04569588591295,190.7167898129783,191.7785988441489,7318928
2023-05-10,193.20794677734375,193.77968624627408,191.5743983158367,193.53465148445088,3650159
2023-05-11,192.8812255859375,194.51477401338727,192.5136796823584,193.20794274921872,2675726
2023-05-12,191.98280334472656,193.77970432745224,191.32938140655716,192.88124760459598,2348435
2023-05-15,194.14724731445312,195.6991259518303,191.00267375834886,191.61525447923773,4217892
2023-05-16,196.8017578125,197.41433851483998,193.94304786824665,195.00485691156658,6016484
2023-05-17,197.33265686035156,199.04787524736915,196.63839378702042,196.80174613869082,4968232
2023-05-18,195.69912719726562,198.39447241594064,195.16821642465786,197.6593805313905,3512113
2023-05-19,195.9441375732422,197.3326637685136,193.00375775128234,196.0258199834297,3810543
2023-05-22,194.9639892578125,197.00592465528223,193.94302155907764,195.5357286765071,2891415
2023-05-23,195.45408630371094,196.1891781652778,193.41215061826261,195.16821032255365,3213453
2023-05-24,196.8426055908203,197.250992739349,194.3922826996483,194.63731748136283,2422138
2023-05-25,196.06666564941406,197.82272534152494,194.31059349431692,197.04679227903375,3810138
2023-05-26,197.25099182128906,198.0269249072848,195.29073850266968,195.86247801535146,2646742
2023-05-29,201.0081787109375,202.27416902203805,196.67927203001634,197.29185281138288,8069985
2023-05-30,199.53797912597656,201.86577857984636,198.72120476398976,201.13068663925333,4657906
2023-05-31,197.04678344726562,202.47832710424467,195.45407618764654,202.47832710424467,15727646
2023-06-01,188.14395141601562,189.40994151928777,187.16381235634114,188.1847801576805,35509867
2023-06-02,188.59315490722656,190.63509037596216,186.30619715263072,186.6329018424344,36400588
2023-06-05,187.61305236816406,188.83821380608805,187.40885879517674,188.26647429432086,19807347
2023-06-06,186.06117248535156,188.38897156804893,185.20355704941645,187.69472094885248,13495524
2023-06-07,188.42982482910156,189.0832467489089,186.30621916846079,186.83711746787435,21853324
2023-06-08,186.30621337890625,189.00155846199937,185.93865499213342,189.00155846199937,8538256
2023-06-09,185.9386749267578,187.40887124251154,185.69365259328842,187.00048406941258,5137982
2023-06-12,187.0413055419922,187.24549910699434,185.1218810457773,186.42872484698566,4261576
2023-06-13,187.00047302246094,188.10312330988464,186.22453993200827,187.85808852790308,5574798
2023-06-14,187.00047302246094,187.77640611291363,185.85699399052928,187.77640611291363,7034468
2023-06-15,186.714599609375,187.57220260642003,186.14284766069687,187.20465668440272,6363240
2023-06-16,186.67376708984375,187.61305254125742,186.22453873625983,186.6329258826113,8518319
2023-06-19,185.53028869628906,186.87797385215532,185.08107277398784,186.6329390544535,8210198
2023-06-20,185.61195373535156,186.02034087228304,184.18259875609144,186.02034087228304,5024593
2023-06-21,186.59207153320312,186.87794750070879,184.9585230628525,186.06117326553348,4705567
2023-06-22,185.36691284179688,187.53137207387857,185.08104933317279,186.55123300720751,6566989
2023-06-23,184.50929260253906,185.8569775527508,183.6108484320502,185.48943164377874,3881707
2023-06-26,183.2024688720703,184.95852854454805,182.34485340712158,184.59098262042318,6145625
2023-06-27,183.896728515625,185.2444135873604,182.87576064142547,184.87686764524594,6282912
2023-06-28,185.61195373535156,185.9386584597022,183.07994850118195,183.89672277504488,19512531
2023-06-30,188.6748809814453,188.96075699843055,185.20358988113733,186.14287542896668,7850296
2023-07-03,189.2057647705078,190.92099581435565,187.73558097633764,189.08325360865595,7860203
2023-07-04,189.32830810546875,190.14508250414377,188.10314650745622,189.69585409227486,3662791
2023-07-05,189.00157165527344,190.18590438334965,187.93977501532333,189.328288859324,4859892
2023-07-06,191.61526489257812,192.7587439818518,188.67487228732105,189.00157703768858,7254947
2023-07-07,191.1251983642578,192.63623590062323,189.2466148620971,189.4916496602898,6393850
2023-07-10,190.92098999023438,192.4320274095763,190.18589811557356,191.9419578511447,6223180
2023-07-11,191.1251983642578,192.59539469042653,190.7168111882658,190.9618459864585,10775084
2023-07-12,191.45188903808594,193.82054196241168,190.83930831915478,191.9419585984255,11313272
2023-07-13,187.77639770507812,192.18698619429858,187.04130585503447,191.94195142328863,20205328
2023-07-14,188.71568298339844,189.5732983931794,187.65387402190703,187.8580675736175,7390502
2023-07-17,188.02145385742188,190.02254853275463,187.61306668029323,188.67487583342518,4963515
2023-07-18,186.4287109375,189.85916008099278,185.85697149074875,187.613031033553,6168942
2023-07-19,186.714599609375,187.77639617009478,186.38788242970378,187.20465668440272,5247533
2023-07-20,187.6538848876953,188.42981793652712,186.02033637942375,186.75542822295154,3195629
2023-07-21,187.0413055419922,188.26646693200522,186.6737596175855,187.53137508319185,3903407
2023-07-24,188.63400268554688,189.49161810491188,186.6737495524144,187.04129545700354,3456895
2023-07-25,187.81723022460938,189.77749583904475,186.91878605643888,189.73665463526754,11024983
2023-07-26,188.2664794921875,188.8382190197399,186.95963560379315,188.30732070050988,7574284
2023-07-27,187.08212280273438,189.40992166802985,186.34701858502171,188.67482991330172,7837850
2023-07-28,185.48944091796875,187.81724009983535,185.28524735133206,187.5313765843357,8817344
2023-07-31,187.24551391601562,187.81725345064265,185.2852605221551,186.63293317256083,19422170
2023-08-01,196.31170654296875,197.08763962965114,187.00047211381985,187.8580876150948,22409256
2023-08-02,191.5744171142578,198.59866871020807,189.7366749147322,196.9651200884075,25003960
2023-08-03,187.89894104003906,192.02365398542761,187.40887144659166,191.57442560193206,13949266
2023-08-04,190.92098999023438,193.16711928423715,188.26647355186748,190.14505690853983,6725977
2023-08-07,190.267578125,192.75874232991197,189.7366797944557,191.73777441502898,6744074
2023-08-08,188.06227111816406,192.2686535217147,187.2863380730316,190.30840030632888,13828141
2023-08-09,191.73776245117188,192.51369552546964,188.3481541704565,190.51260102975863,35271302
2023-08-10,191.8602752685547,193.41215389356725,191.4927293315471,191.7377641105477,10749822
2023-08-11,191.8602752685547,192.43202724055152,190.92098982253682,191.12518339453953,6132454
2023-08-14,191.0435028076172,192.9220861806056,188.4298275535835,192.7587338140385,6092872
2023-08-16,190.34925842285156,191.77861348776443,189.57332530878202,191.12519153692114,4576249
2023-08-17,189.7366485595703,191.04347979769463,188.75652201523076,190.88012745080223,5602132
2023-08-18,189.03024291992188,190.27687017067717,188.65625728096495,189.90288453172022,6904019
2023-08-21,191.2326202392578,191.81437707116166,188.6562522505221,189.0302378795069,4955953
2023-08-22,191.7728271484375,192.85323997850116,190.90018552871882,191.48194238141517,4280368
2023-08-23,191.89747619628906,192.39613215129373,191.39883292263215,192.1883609502664,2524601
2023-08-24,190.52621459960938,193.35189820597336,189.90290092043944,192.68704042660485,6378317
2023-08-25,189.23800659179688,191.23261772237692,189.07179216791877,190.31841936902595,3890957
2023-08-28,190.69241333007812,191.1910693048611,189.07180043405586,189.90288527112864,3360861
2023-08-29,191.1079559326172,191.48194157339037,190.11065666343927,190.69241351368072,3112560
2023-08-30,190.1106719970703,191.77284180688076,189.902900770844,191.2326416912321,4086281
2023-08-31,191.19107055664062,191.52349942110695,189.81977295768337,190.31842893573116,10403460
2023-09-01,196.8839874267578,197.1748721842896,191.68970733760372,191.73126411458654,14869577
2023-09-04,205.9427947998047,206.8985371489896,197.9228196956655,198.4214755969293,24785966
2023-09-05,212.21751403808594,212.67460054439215,205.69349312305783,207.2310051138906,19654487
2023-09-06,212.5915069580078,214.2536639750311,209.89048119815382,212.71616461284634,13346191
2023-09-07,227.71726989746094,228.34058359243573,211.7604418423759,212.7577412180657,72255521
2023-09-08,234.4490203857422,236.4020746819111,225.1408607493213,228.21588456564638,41855413
2023-09-11,231.83114624023438,236.19434202621596,230.41829174540845,236.02811489881336,14505153
2023-09-12,225.01622009277344,232.7452989481114,223.5618216249531,232.70375485125228,17547706
2023-09-13,232.41287231445312,233.95038435343602,223.56182376935803,225.63953588617363,17607568
2023-09-14,230.66758728027344,234.5321520778271,229.9611854561754,233.7841554313996,12033796
2023-09-15,232.12196350097656,236.15272966260724,230.66756516986092,231.4571058375442,13288180
2023-09-18,233.74261474609375,234.98924202473958,228.09124789464474,232.1219891387754,8754852
2023-09-20,236.2773895263672,239.35241331472437,231.9557639480235,232.2881927828662,18615797
2023-09-21,233.0777587890625,238.35512735213817,231.54024672778579,236.77607119300146,11071899
2023-09-22,235.48789978027344,237.77338314165078,232.03890268927978,232.7037604311471,8691024
2023-09-25,239.39398193359375,240.18352268958986,233.65950151631247,236.27741373260426,9118957
2023-09-26,238.3135528564453,242.17809188428134,237.8148969322453,239.72640708122978,11256196
2023-09-27,242.30276489257812,243.84027685525498,236.44362715902324,239.35242397820278,12805340
2023-09-28,241.18081665039062,244.4635863593621,240.18350475546293,242.30276082881548,12432497
2023-09-29,245.33621215820312,247.24769681200902,242.17807509895547,243.34158859965004,8640829
2023-10-03,242.59364318847656,246.915294206995,241.0977007235174,246.8737247502104,9348540
2023-10-04,239.31089782714844,242.26123896274788,237.6071586305467,241.67946941021123,6338888
2023-10-05,240.47438049316406,241.471666988023,235.94495840392744,240.01726865732974,8687014
2023-10-06,239.1861572265625,241.84563830836328,238.52129963745793,241.80409422005346,3741467
2023-10-09,239.1861572265625,240.1419248846008,235.2385050548624,237.7317590580414,4647845
2023-10-10,252.0264892578125,252.5666893559822,239.1862177474137,239.56021608759917,23283411
2023-10-11,250.8629913330078,253.4809037914286,248.8683925724348,253.1069054276402,12321154
2023-10-12,255.3092498779297,256.88830585842607,250.90448540710966,251.4446854316618,15375295
2023-10-13,255.9325714111328,258.3427122313412,253.0237746440239,253.4808611337773,9516879
2023-10-16,259.29840087890625,260.669685426401,254.7689795646315,255.84940478590747,10535107
2023-10-17,263.78631591796875,264.5758566394207,259.3815765316996,260.12954779467225,7760527
2023-10-18,263.412353515625,265.7393809519866,261.99949912467173,263.7447823832914,9662837
2023-10-19,261.6255187988281,262.3735155059169,256.6805788156333,262.04106125267805,8977527
2023-10-20,259.6308898925781,263.2045697976155,257.30386256677826,259.71400344622003,6009115
2023-10-23,254.3950653076172,260.00488777278144,253.48086694445868,259.7555471122679,8086150
2023-10-25,257.8856201171875,259.8802440574561,253.48088053493785,254.39507894711144,7253336
2023-10-26,253.68862915039062,256.9298547205594,251.73557484442523,256.9298547205594,8329092
2023-10-27,260.91912841796875,263.5785850222099,254.31199296545307,254.31199296545307,10503070
2023-10-30,261.417724609375,262.4565806527483,259.25692432931567,261.7917229300679,6229982
2023-10-31,261.1684265136719,263.2876828367227,258.2596294005522,263.2461387373288,7446586
2023-11-01,254.85215759277344,262.4565787011819,254.1872998750368,260.29577843718977,9593653
2023-11-02,256.6805725097656,259.96334259691304,255.39237571685885,256.7636860710335,7071960
2023-11-03,259.29840087890625,261.5423394931265,257.8855468828876,258.13488748596194,4658440
2023-11-06,263.07989501953125,265.5731495306474,260.12955399312233,260.2957811056086,10340818
2023-11-07,261.1684265136719,264.94985261564824,260.66977050745464,263.0383675149631,6826885
2023-11-08,263.78631591796875,264.4096295308953,261.4177191163088,262.6228022463784,6424833
2023-11-09,268.8975524902344,269.68709341727657,262.3735552662958,264.6590391088151,15503280
2023-11-10,268.7728576660156,271.058341192704,267.2353454937036,269.64551204837056,8445203
2023-11-13,290.3394470214844,290.8796470076744,274.50726815959405,276.7512070101588,42178783
2023-11-15,291.3783264160156,298.35943343499184,289.71615687041674,298.35943343499184,35092206
2023-11-16,287.3891296386719,294.6195779448802,286.5996142524884,293.3729506757199,17617280
2023-11-17,286.93206787109375,289.6746379547603,284.4803572184987,289.2175513950489,13542916
2023-11-20,289.0097351074219,292.8742743001583,285.85162305722105,289.2175063044797,19032608
2023-11-21,290.4873962402344,294.22495522353717,285.83715899872027,291.1827474147266,15148068
2023-11-22,288.70550537109375,293.70341802016384,286.8367259466307,291.87808809531424,7599447
2023-11-23,290.7047119140625,292.0954143353606,286.83675117421274,289.00975686492643,6186567
2023-11-24,289.2705078125,293.31231963021304,288.66208213282863,291.48698953930204,7054445
2023-11-28,297.2237243652344,297.7017749993798,289.70510357149897,291.0089069656569,10791886
2023-11-29,297.5714111328125,299.8747919104128,293.87730137739436,298.13638731962783,14149513
2023-11-30,297.3975830078125,299.87481504599134,293.8338480165685,299.87481504599134,11959336
2023-12-01,301.3089599609375,305.1769206519002,297.65832636224775,298.83172819964386,15105221
2023-12-04,308.3060607910156,312.9128222865211,304.7857756247231,305.1769272629607,22705896
2023-12-05,309.0448303222656,309.827133519789,304.22076874258306,309.1752318724835,15782945
2023-12-06,306.0895690917969,315.0858177450166,303.7427389165751,309.2621520204537,14817158
2023-12-07,305.91571044921875,307.52371322250144,302.8300268694158,307.52371322250144,8507659
2023-12-08,305.0899963378906,311.522087821591,301.52626173074844,305.9591986066595,13444251
2023-12-11,307.39337158203125,311.6959333463527,305.08999091591824,305.08999091591824,11420609
2023-12-12,302.0477600097656,308.21910084321183,300.0051295649421,307.8279492486483,8789103
2023-12-13,300.04864501953125,304.04695438475716,298.74484156757956,303.69927876942654,8091533
2023-12-14,302.13470458984375,305.26383796587544,300.5701246388542,303.5254334820742,13142466
2023-12-15,304.2207946777344,308.001829859633,302.87354176882656,304.2207946777344,14331890
2023-12-18,302.1781921386719,305.30732590869127,297.52795425380486,305.0900253208559,7959685
2023-12-19,318.9537353515625,321.38749072912685,301.17854100782273,301.17854100782273,28937243
2023-12-20,306.0895690917969,323.16938811402684,304.22078954691256,320.73563240803065,23224408
2023-12-21,309.00140380859375,310.131356137599,300.8309078597727,305.1769191650975,10028664
2023-12-22,315.7377014160156,319.3448852667148,309.7836609980949,312.0435920395034,13916380
2023-12-26,318.1715087890625,323.16942228871227,315.08585106487635,316.2158035065909,11910267
2023-12-27,317.7803649902344,320.9094985636577,314.9989070303139,318.99724290046873,7890042
2023-12-28,331.1225891113281,332.46984191262175,317.9541545442282,318.82335674530697,28310022
2023-12-29,326.8200378417969,331.77450115350075,325.29893394226724,331.6006500974615,8859317
2024-01-01,331.8614501953125,336.20746199213926,328.08044115283394,328.38464075785106,11124690
2024-01-02,341.2922668457031,344.0737247268907,333.99097306502114,336.7289549170334,28363847
2024-01-03,334.2517395019531,343.16106322748016,333.64331379724297,343.16106322748016,12903439
2024-01-04,334.4255676269531,338.81502840453015,333.6867404049789,337.0766238944485,11039940
2024-01-05,333.990966796875,337.68507638408835,332.46986284919893,336.2074219388239,8369460
2024-01-08,330.6445617675781,337.81548100614367,329.6449843910287,335.90325179142957,9424716
2024-01-09,334.9471435546875,337.207075055411,332.1222358102711,333.46948889338137,9473743
2024-01-10,332.0787048339844,335.38168925809504,326.68966686719426,335.38168925809504,9670366
2024-01-11,334.077880859375,338.03274037719075,333.16520260653124,335.07745811405897,9163771
2024-01-12,331.2529602050781,335.3381945860981,329.90568089382754,335.3381945860981,7471050
2024-01-15,334.338623046875,337.16353021480484,331.51371587894516,332.469843610203,7490747
2024-01-16,331.9483337402344,336.33782101526714,327.7326975254604,334.9905416131304,10165133
2024-01-17,329.99261474609375,334.94707796885825,327.86308524054834,331.8613941982079,10996538
2024-01-18,326.51580810546875,332.51329810850126,319.866416438499,330.9921942259812,12493835
2024-01-19,333.1217346191406,334.5559129072238,329.5145508867056,330.8618036518256,15893456
2024-01-23,326.2115783691406,351.8530435300674,324.7774000297357,350.7230912689475,16406737
2024-01-24,332.55682373046875,337.0766600255922,325.29897881772223,330.12304123990947,22938994
2024-01-25,338.4673767089844,340.46655795232147,334.94711793786087,336.2074453811009,13440949
2024-01-29,358.8066711425781,360.4581766059003,340.29267419157617,341.50955201248695,27149058
2024-01-30,349.8973693847656,361.41429966655835,349.0716431291874,361.3708501626669,14159072
2024-01-31,353.0265197753906,355.6341267561656,348.028606395572,352.07039191058317,23750822
2024-02-01,353.50457763671875,358.02441357395753,349.8539174529176,355.32988120267083,8862155
2024-02-02,364.89111328125,367.58564570426745,356.06871528129443,357.0682926165891,25177075
2024-02-05,382.6662902832031,391.1410122145177,362.54426351557913,367.889852043988,31418925
2024-02-06,389.9676208496094,392.0102516344913,380.05871957246416,386.6211865670518,13386526
2024-02-07,393.44439697265625,400.311089509055,389.22876071408643,394.6178253267248,14430152
2024-02-08,399.13763427734375,407.30812910819475,391.14096395935263,395.313123631208,18790158
2024-02-09,396.53009033203125,403.1360064323697,378.6679675811269,401.7453040065817,17472069
2024-02-12,376.190673828125,397.61652770001035,373.8003679542667,397.2253761284559,19472346
2024-02-13,393.18365478515625,397.96426730232173,377.2337877181507,385.7519594110845,35665854
2024-02-14,405.3524475097656,406.78662582125395,385.05657102311005,392.5751646780787,18592696
2024-02-15,414.4790954589844,418.30358002833975,406.39549867221893,407.6558525367093,18501875
2024-02-16,417.2170715332031,423.8230138043349,415.044065952301,419.3031515856797,14513583
2024-02-19,400.7022705078125,423.6926825388684,395.87820823030006,419.65087052014474,19798448
2024-02-20,392.56951904296875,402.63654207802,387.7338362776018,402.63654207802,27899165
2024-02-21,380.65618896484375,396.4820607934158,378.94170878414224,396.4820607934158,19032050
2024-02-22,391.382568359375,393.8883365811605,376.260085821685,385.09618621104534,22083710
2024-02-23,390.2835388183594,395.29507512395975,388.3053050395455,393.8883257371673,9625544
2024-02-26,388.87677001953125,393.22889484827664,387.3381438239259,390.2835193361013,7570244
2024-02-27,388.08551025390625,391.5144435167808,382.5024894272766,388.8767984174137,8343526
2024-02-28,381.75518798828125,389.3603928551926,378.3702046569062,387.1183783638337,8893614
2024-02-29,383.9532165527344,390.37147557622455,377.75473445650107,390.37147557622455,11711699
2024-03-01,392.4376220703125,394.591682729386,385.0961714268094,385.0961714268094,8411615
2024-03-04,400.3945007324219,402.6804650707416,393.9322651952244,397.27329825323386,11977226
2024-03-05,405.0103759765625,405.9775178227892,398.7679442398393,400.9220316777301,9605493
2024-03-06,405.84564208984375,408.7910176533382,390.8550105097052,406.5929801927471,14061966
2024-03-07,403.20806884765625,409.186721071162,400.966054140204,405.8457142694706,9680802
2024-03-11,399.07568359375,406.9446685854263,397.75686109222966,405.31811546724873,7824738
2024-03-12,395.03131103515625,400.7462088573028,392.7453733715088,399.07570562943965,8409613
2024-03-13,366.6766052246094,395.5588233572337,360.47815020371155,395.0312889906331,17803423
2024-03-14,376.040283203125,377.0513751324526,362.41245008810733,368.3911016253161,20478918
2024-03-15,365.0940246582031,376.3479657994694,352.7410647792541,376.040262018128,25435001
2024-03-18,370.8968505859375,372.34754995973793,363.5993500368157,365.75343750472484,9803914
2024-03-19,368.4350891113281,373.31474917667117,363.995063442045,366.6327088293062,8373676
2024-03-20,368.8306884765625,371.73208721230725,362.85203727438636,369.09444224108034,6950340
2024-03-21,379.8648376464844,381.1836601729712,372.03982935563175,372.7871674869436,9911230
2024-03-22,379.7769775390625,383.51364175697535,376.56782092199535,378.853785574551,9172888
2024-03-26,383.2937927246094,387.689867756058,378.8537408439387,381.40345899587635,9389403
2024-03-27,377.57891845703125,386.6787728678189,374.5895657861776,386.6787728678189,17985246
2024-03-28,381.6672668457031,385.49185776242155,378.0624796962499,378.0624796962499,10332853
2024-04-01,388.6570129394531,390.1956393197859,382.28270364950305,383.953233756219,7256592
2024-04-02,389.66815185546875,394.15212750155234,383.38174228324215,388.6570330024145,11530800
2024-04-03,391.6903076171875,393.00913020175716,387.6459129915377,389.6681237201197,6972648
2024-04-04,394.6356506347656,398.72399494095595,389.09658014086835,395.64674249929476,14743020
2024-04-05,392.9651794433594,394.63568268104007,390.3714842993056,394.5477558092644,4820138
2024-04-08,393.36077880859375,396.04240061097306,390.8550107357682,394.7675281504881,3980972
2024-04-09,386.7227478027344,395.9105290403286,384.43678329050744,394.5038064157405,8005012
2024-04-10,401.22979736328125,403.20803124515527,388.70098277807926,389.0966134555455,15825331
2024-04-12,400.5703430175781,407.47218585219144,397.8887212781173,400.0428086728062,11259294
2024-04-15,396.52593994140625,400.74616094210296,387.82171735777507,394.7235600379133,7680715
2024-04-16,398.4602355957031,401.27370740403785,392.4376076779617,394.7675219848439,4996845
2024-04-18,385.6236877441406,401.62538395548614,382.590385392285,399.9988577408069,10945138
2024-04-19,382.7222900390625,385.6237157234207,376.34798110133084,383.3377512897936,7628287
2024-04-22,389.4483337402344,390.8111063932516,385.09620832450884,387.6459267119526,6396926
2024-04-23,387.68988037109375,391.9101018060011,386.19520407916093,391.9101018060011,5390120
2024-04-24,390.2395935058594,394.5037917356899,387.86570221005303,388.2173828531135,6538090
2024-04-25,397.80084228515625,399.16361481900367,388.3932309389755,389.49224970224367,10858594
2024-04-26,400.74615478515625,404.83452567918766,397.5810024990176,399.1635786420869,7209435
2024-04-29,398.504150390625,403.29588229174254,396.13025944609706,403.29588229174254,5305655
2024-04-30,399.4273681640625,403.03215507004444,397.44913439228725,401.27372505068865,6021793
2024-05-02,399.07568359375,404.0432429831741,395.119216089189,402.284812981147,14980896
2024-05-03,417.27545166015625,418.33049357969065,395.11922254026683,402.59255017089845,51071947
2024-05-06,404.9664306640625,423.29806861277547,390.41540644818184,421.14398114986335,36408390
2024-05-07,400.9220275878906,412.7914297204269,398.1525057899345,407.07653239735384,13728379
2024-05-08,408.3514404296875,414.4619689241578,400.13077435142924,401.53752379678326,16978094
2024-05-09,389.931884765625,411.2089002588354,388.0415777255106,409.14273947156465,15601338
2024-05-10,395.1192626953125,396.65788912857425,387.0744498534185,393.1850055638357,9190621
2024-05-13,390.3714599609375,397.22932622764625,382.19477119436067,396.7457687102996,11107909
2024-05-14,394.5037841796875,396.2182373435876,391.33860478974,392.7453541665514,6592194
2024-05-15,411.34075927734375,413.2310662353089,395.20715802717314,395.6467655444447,23543942
2024-05-16,411.7363586425781,417.6271096587909,402.5485783289916,412.0440892475763,17232651
2024-05-17,413.4508972167969,416.4842000182981,410.4175944152956,412.3958283732707,10625019
2024-05-21,431.3868103027344,434.2442588932253,412.967273179861,412.967273179861,27356982
2024-05-22,441.1022033691406,446.0697630584416,432.2221259565372,434.771844247093,28346931
2024-05-23,437.233642578125,442.94854052005087,432.661740323493,442.59685985915837,14378840
2024-05-24,440.4867248535156,444.3552655737509,430.0680215041508,436.046699736799,12190536
2024-05-27,434.72784423828125,442.2451213537374,431.47473817961554,442.20117133869235,8811105
2024-05-28,428.7492370605469,436.26654224537754,425.62803419607457,436.09068849321767,8165238
2024-05-29,427.6941833496094,432.4858894025408,423.8695924125716,423.8695924125716,8014727
2024-05-30,423.91351318359375,429.01297635828575,421.5835987652707,427.2984963502014,7725080
2024-05-31,431.8704833984375,433.5409867822667,421.144048059717,425.89180440431664,11223848
2024-06-03,450.4658203125,463.69805006590485,444.4871685603036,452.79576171664195,24416215
2024-06-04,388.52508544921875,450.5097669593772,361.18149482751323,450.46576328096023,48046493
2024-06-05,404.9224548339844,406.9446654194907,373.7542993894424,397.4051773664062,18966089
2024-06-06,415.8247375488281,425.89173301995106,408.52723708037945,413.2310426125911,21757857
2024-06-07,421.2758483886719,423.16615521181586,411.12092619657665,415.86868167818596,8317343
2024-06-10,420.0010070800781,429.0569106501298,418.0667233896244,426.41926570760853,10958537
2024-06-11,418.8140563964844,425.10043806674304,417.80296454711606,423.78161561152046,11169021
2024-06-12,429.6723937988281,434.59597647761353,421.45172794210356,422.9024273682283,15412796
2024-06-13,428.96905517578125,434.2443459387501,425.100513982574,434.2443459387501,7438571
2024-06-14,428.13372802734375,432.92543337675096,426.6390518888435,428.96896612584976,5974636
2024-06-18,429.9801330566406,433.36511655112815,426.5951763936685,432.5738283290245,6946544
2024-06-19,420.2208251953125,431.8704240898221,418.94595269689313,430.28782097128294,8962510
2024-06-20,424.7927551269531,428.5294191693754,414.5938549625093,422.9463981161592,7864157
2024-06-21,422.1990966796875,432.04628958245956,421.14402783975845,424.7927650946141,10340882
2024-06-24,416.4841613769531,422.06715523070346,414.9894851258861,422.02320521276556,11124175
2024-06-25,412.5716857910156,420.22086789577276,409.0987754124328,418.41846084135665,7951999
2024-06-26,412.1320495605469,414.8576215479433,408.8789431834102,413.4508721191406,6655899
2024-06-27,410.63739013671875,412.3518702659528,405.75775720199834,412.13206649715437,14857335
2024-06-28,416.0005798339844,418.5063479981752,411.47262786375205,413.23105789735786,8302706
2024-07-01,417.4512634277344,418.77008590296714,414.330060968955,416.17641780058324,8579861
2024-07-02,421.23193359375,426.4192969950155,416.1764470829844,420.2647916775617,14629287
2024-07-03,426.3753356933594,428.7492001540845,421.4956762218725,423.6937137770883,7244652
2024-07-04,430.419677734375,433.2771263862342,426.68301411271295,429.7163164911373,7796954
2024-07-05,432.13421630859375,433.71679273642604,428.0898215322815,430.3757861303289,5754517
2024-07-08,433.7167663574219,436.09065768630353,428.3535761051197,433.189258801238,7477292
2024-07-09,434.1563720703125,436.92592088633165,431.78250758281337,436.92592088633165,6444684
2024-07-10,431.47479248046875,435.12352962826463,422.5067880987529,434.15638769195965,5981477
2024-07-11,439.6514587402344,444.88279882663096,429.5404860396291,432.5737885824159,20146927
2024-07-12,436.2664794921875,447.16873977001825,435.65101827967214,443.1243455357311,8198389
2024-07-15,437.6292724609375,442.77268565023655,433.05734366344666,439.60750623901305,7106020
2024-07-16,450.55377197265625,455.7851123557222,437.84910351750443,437.84910351750443,23169665
2024-07-18,444.2234191894531,453.49912755125337,440.70655886929916,453.1034700326301,12540956
2024-07-19,429.0569763183594,445.2345290755353,427.95795742410127,444.267387082285,9971704
2024-07-22,431.8704833984375,436.0907052977446,425.14446617611196,429.05698424455517,7281653
2024-07-23,428.17767333984375,435.91475403514636,408.43928731672725,434.33217788476964,11311831
2024-07-24,434.1563720703125,439.07998161583015,426.50721739079734,427.9139668083043,6823248
2024-07-25,434.33221435546875,442.7287069570635,425.5400642673013,431.6945693290185,10281157
2024-07-26,448.2677917480469,449.89434493195523,438.0688919578386,438.0688919578386,20437968
2024-07-29,450.28997802734375,453.4111805053131,446.2016068637763,452.3561117860353,7259754
2024-07-30,456.6203308105469,462.1154250662964,448.35574124771756,450.29002515834736,13197520
2024-07-31,459.1260986328125,461.93959745672515,448.83927206636497,460.22511741847944,11972565
2024-08-01,475.1278076171875,476.7543339024978,464.22552014849026,470.3800251504589,34763894
2024-08-02,461.1482849121094,472.31432656632353,459.2140011064694,469.500827727486,10985150
2024-08-05,445.5861511230469,452.7957248533163,437.45341237568147,452.7957248533163,11835031
2024-08-06,439.255859375,454.73005015073664,437.8491098805667,446.7291875556924,7142269
2024-08-07,467.30279541015625,468.4457642335869,446.37748811686953,446.37748811686953,18293730
2024-08-08,460.22509765625,470.3800200671509,458.2908139439297,469.5008050763712,13624148
2024-08-09,465.80810546875,467.17087801306457,458.81833534807237,465.9839592048287,6468264
2024-08-12,460.6647033691406,466.4235508038596,460.0931921621355,465.10472832279305,5238736
2024-08-13,458.7304382324219,465.8960621348039,457.19181194223165,461.5878870570608,5201294
2024-08-14,443.7398376464844,464.1376371336013,438.772251247524,459.7415619709911,14766889
2024-08-16,454.9288024902344,457.99245651974746,446.22629064696673,450.84396658420553,7313429
2024-08-19,463.5425109863281,464.83013991239727,455.6836222789083,456.2607978664703,10737456
2024-08-20,465.8512878417969,469.27016813467407,462.6988546314636,465.6292847396611,8191127
2024-08-21,472.60028076171875,475.30870814656464,465.6737938463802,467.5385984851308,9067794
2024-08-22,469.6253967285156,475.48631184564266,467.80498191334067,474.19868285930534,8531700
2024-08-23,478.50543212890625,480.54790388966444,469.6253086472528,469.7141424020528,12566904
2024-08-26,477.8394775390625,482.6791562302826,474.8202677298455,481.30274777314116,7193307
2024-08-27,471.88983154296875,481.0363488203775,470.6465924489614,478.72748396007506,7865530
2024-08-28,467.4053955078125,475.5751220087346,466.6062167131484,474.1099337851908,6066259
2024-08-29,468.4709777832031,470.64661922148736,458.3032239430446,467.40535195629036,9147836
2024-08-30,466.1621398925781,476.86267892415816,463.5424923620309,470.6465918618321,30921282
2024-09-02,462.5212707519531,469.75859402226916,459.67967422371134,467.98256909212824,6370038
2024-09-03,461.4112243652344,464.9632739883693,460.21242929741675,462.654463413322,5526155
2024-09-04,447.24749755859375,458.9692464913269,444.4946533433336,458.9692464913269,16783593
2024-09-05,441.3421936035156,450.6663244542941,439.69936512885675,450.6663244542941,10830621
2024-09-06,433.8384704589844,443.11821137691345,427.1783771016159,443.11821137691345,13110103
2024-09-09,430.1976013183594,433.7940405587391,424.5143004990129,433.3500343759768,10189742
2024-09-10,436.1029357910156,436.9021416056621,427.84440343969493,432.72847209585575,9809547
2024-09-11,429.753662109375,438.2785604669606,427.9776371015462,437.65696797421504,8134497
2024-09-12,440.14337158203125,441.56419694191266,428.24401000550506,432.4620692020341,12058489
2024-09-13,435.3481140136719,442.0970142149119,434.6821046602598,441.3421981943803,8093877
2024-09-16,438.0121154785156,439.47733051577006,432.7728477483393,437.3461061797647,5244657
2024-09-17,433.7940979003906,439.3885657027127,433.039281869921,438.01215719420196,5063902
2024-09-18,432.5508728027344,438.32295376760356,431.70725012941153,434.94849017430175,6527832
2024-09-19,424.4255676269531,436.54693232964996,422.91593559951536,434.2380945053292,10014450
2024-09-20,435.9697570800781,442.2302344995633,426.51240207193166,427.0896318893238,12982128
2024-09-23,444.5390625,446.22628082840777,435.5701308384756,438.23416833595866,6123879
2024-09-24,447.82470703125,449.9115418920523,445.3826725792454,448.4463266408479,7306001
2024-09-25,448.7126770019531,450.2223089963745,445.78224677747534,449.7783027744846,5059851
2024-09-26,449.82269287109375,450.6219257510455,444.0506119824903,449.3342968666691,6877039
2024-09-27,458.30322265625,459.85724450780674,448.35749906628126,449.8227142491795,15443031
2024-09-30,453.0195617675781,455.9500192149074,446.22627170784483,455.5504027584565,8881502
2024-10-01,451.5543518066406,458.21444549110436,449.4675170321772,454.662395526057,4743517
2024-10-03,446.09307861328125,452.79756205537785,443.5622376033541,443.5622376033541,11285134
2024-10-04,441.519775390625,448.1354514997035,438.7225146552557,443.65099972710675,7170285
2024-10-07,426.6456298828125,444.49466001416397,422.1167605703834,442.3190455807363,8940891
2024-10-08,436.7689514160156,437.5681572421218,423.093564402673,426.95639707885135,6049075
2024-10-09,432.41766357421875,440.45416522471453,431.2632311553704,436.9021155051604,6874313
2024-10-10,433.4388732910156,438.63375143595795,431.6184315462127,433.97168616998204,4700891
2024-10-11,437.7457580566406,438.5893536433975,432.86168947018854,432.9060792537058,4364566
2024-10-14,442.49658203125,446.1818552874313,437.7457372214533,439.52176207744867,5369297
2024-10-15,439.0777587890625,443.4290142952462,435.1704823998473,442.4965849796426,4279311
2024-10-16,440.232177734375,443.47341779845266,437.701336799414,439.5661683883321,8000451
2024-10-17,435.03729248046875,441.5641893876445,432.6396751329276,440.23217071679187,4334990
2024-10-18,437.07977294921875,438.4561815144828,429.22085673144187,433.3501095272256,4573163
2024-10-21,431.041259765625,439.34418201604257,428.33283249516364,436.9021476541545,4737527
2024-10-22,415.9006652832031,432.90609946260787,414.8794563147255,430.68606818331244,8671135
2024-10-23,421.0067138671875,422.7383219089697,407.5533304810793,415.9006422081043,10686743
2024-10-24,423.803955078125,429.6204259683787,420.07429183094587,421.0067211927357,5045880
2024-10-25,409.4625549316406,425.4023624923667,407.5977233264888,424.5587669066958,10330954
2024-10-28,392.1907043457031,406.709713738687,386.5074299230645,401.3816388862151,21378247
2024-10-29,395.6539611816406,396.5863905728724,389.6598767665446,394.4551659786143,7680865
2024-10-30,398.8507995605469,404.75607712645694,395.16555319234664,397.8295906295984,7818123
2024-10-31,401.4259948730469,403.6016360946302,393.5671068073001,401.38160509300957,8475238
2024-11-01,403.2908630371094,408.0861250170197,401.6924514104694,403.73486927784165,3095957
2024-11-04,393.65594482421875,406.8429363520754,386.7294579105929,406.70973989219647,15720990
2024-11-05,400.4232482910156,401.66623250984526,393.1495272933041,395.08305517833975,10186343
2024-11-06,401.2519226074219,404.1061755766104,397.0166103093374,403.093372510344,9130749
2024-11-07,400.8376159667969,405.4412407554398,400.1930972570686,403.0933752542544,5861077
2024-11-08,390.4333801269531,401.4360538514185,387.8553616626377,400.83758828987675,9934413
2024-11-11,388.1316223144531,391.9986786514495,384.2645940757546,389.4666848374942,7201246
2024-11-12,381.22613525390625,391.1239279716992,380.07522912393034,389.00627193186114,6564348
2024-11-13,374.6429748535156,382.5612150076286,373.53812177745283,381.18012758882855,7170870
2024-11-14,377.26702880859375,380.5816440773336,370.6838513752167,374.91919154647906,8776485
2024-11-18,380.5816650390625,385.3233929285601,378.41795577930276,381.13410563066225,7352509
2024-11-19,379.56884765625,388.5459156117344,378.14173527187546,382.9755410940594,6291292
2024-11-21,373.81427001953125,381.0879903436028,372.1109235143161,380.3053686413914,14141967
2024-11-22,381.22613525390625,382.7913788299912,374.18259535811245,375.1033202620932,8155453
2024-11-25,384.35662841796875,393.5638776017908,382.74535981079987,387.6251906389077,10903727
2024-11-26,378.8782958984375,386.70445753910997,377.22100231973036,385.27734518512847,5798977
2024-11-27,384.0804138183594,387.62521055592913,379.9832045800119,386.70448559023805,9219932
2024-11-28,382.28497314453125,391.2159874283315,380.7197296430781,386.70444123359806,7788912
2024-11-29,383.389892578125,384.8630582292842,378.4179830914732,382.37708943680946,7057742
2024-12-02,388.2696838378906,389.83489923743423,383.75810955528914,385.2312749476717,6404844
2024-12-03,388.6379699707031,391.76842888265685,386.1059765995461,391.3080664515374,7928558
2024-12-04,383.62005615234375,392.1367621919238,382.1008655595374,388.63801851768517,6836472
2024-12-05,385.2312927246094,387.8553643105234,379.33865898144956,385.0011114994993,9500273
2024-12-06,384.0804138183594,388.0855730387746,383.38987009409107,386.70448559023805,4252732
2024-12-09,381.18011474609375,387.57916414358874,379.7990273738253,384.8630144054763,6662023
2024-12-10,381.22613525390625,384.1264411800809,378.8782979880731,382.561197603996,6035289
2024-12-11,383.8962707519531,386.38221120364676,382.6072333714879,383.021570829251,5353413
2024-12-12,376.6685791015625,384.7249223378535,374.8271292189817,383.4819380474524,9409378
2024-12-13,377.7734069824219,378.6481068576414,370.13140171859413,376.66855398552156,9439175
2024-12-16,377.91156005859375,380.1212942785407,374.2746853332576,377.95758506593415,5434635
2024-12-17,370.9600524902344,378.3719047122899,370.13140570905193,377.91154226737814,5070262
2024-12-18,364.42291259765625,372.70943688904777,363.2720064460741,371.51250573072025,7176597
2024-12-19,360.8781433105469,363.22598061512906,356.32054372130534,359.95741839137037,5745829
2024-12-20,351.7169494628906,362.4894431857587,350.3358619649997,361.84492444742415,7923854
2024-12-23,352.59161376953125,357.7937038654899,352.08519821257426,355.39981349174155,5163415
2024-12-24,354.0187072753906,356.09033820222976,351.164454600976,354.34096659477973,4242999
2024-12-26,355.9522399902344,359.35890514670376,354.5250995842477,355.76808377710927,4190081
2024-12-27,350.3358154296875,357.6555894355384,349.46111555789133,356.7808895637422,5909271
2024-12-30,347.94195556640625,351.99313975679917,345.9163775203577,350.33584607382346,22328728
2024-12-31,353.69647216796875,354.2028877326157,346.28464780611415,347.9419414217168,7686615
2025-01-01,355.7680969238281,357.3793655041881,352.1772754215418,353.1440253304402,3584876
2025-01-02,361.798828125,362.71955294211585,353.60435477403547,357.6095133481478,7538972
2025-01-03,362.4433288574219,367.6454186011459,358.62232637831266,361.84486332908057,7122319
2025-01-06,348.72454833984375,362.8116277661359,347.25138291201677,362.8116277661359,8774141
2025-01-07,349.69134521484375,353.78858272120067,346.6529639415278,350.3818889677153,6542121
2025-01-08,350.1977233886719,351.7629388688759,346.19256443052166,349.9214890580752,7407778
2025-01-09,342.6938171386719,351.3025724277932,341.4047798071107,351.3025724277932,6247612
2025-01-10,339.2871398925781,343.6145583435519,335.7883963650257,341.9572365950045,4893721
2025-01-13,334.13104248046875,341.0364788561947,332.61185209746753,337.0773732400955,8661589
2025-01-14,339.9776916503906,344.3511352125825,334.2231606475066,336.0646105684295,5698113
2025-01-15,344.903564453125,351.2105358442983,340.0237054643633,342.41759590240724,11117714
2025-01-16,348.816650390625,351.25656587072325,345.0876975112639,348.4483660329622,6923722
2025-01-17,356.9190368652344,358.43822747954914,348.54043383396004,349.87549630919546,8380692
2025-01-20,356.3665771484375,360.00345190443727,352.31539302799547,358.71444260679147,14597375
2025-01-21,351.3025817871094,358.7604592545315,350.7961943207149,357.2412687570535,20854879
2025-01-22,349.138916015625,353.46630646795717,344.9496005893157,351.25657218396884,10653690
2025-01-23,355.2156677246094,357.4254300412792,346.3767308511104,347.57366202406064,5844752
2025-01-24,352.68365478515625,361.15433493825816,351.4406986731814,355.44582943095554,5351964
2025-01-27,345.96240234375,352.6376582771956,343.200227474738,350.70413024922806,6645109
2025-01-28,341.2666931152344,347.66574268237525,338.5965964110537,346.19257715990807,10866038
2025-01-29,349.3691101074219,354.4791225832645,341.40481643308243,342.9700601617299,6680927
2025-01-30,354.52508544921875,356.6427694225522,350.24372059854426,351.440679739548,6300164
2025-01-31,369.8945617675781,370.87560766001434,350.04040779248044,354.5718321670387,10339434
2025-02-01,359.9908447265625,373.21139858875705,354.151387548199,369.89456980366185,7015540
2025-02-03,349.4331359863281,358.9164092416507,342.4257870026451,358.7762679645722,7689700
2025-02-04,351.8156433105469,355.69306611314863,350.2740321487659,352.70325230431837,4649921
2025-02-05,357.7018127441406,359.8040174348641,353.0769510193586,353.1703880415415,5914200
2025-02-06,354.665283203125,359.38355328207007,352.42293730929936,357.65506822390086,4652107
2025-02-07,353.4039611816406,357.8419487972726,351.30175652160443,354.5718526594385,3006598
2025-02-10,346.16302490234375,354.89885862879004,344.761555165897,352.23606042694627,3380494
2025-02-11,335.4184265136719,346.16302792009867,334.01695676500754,345.6958713372106,6803431
2025-02-12,336.67974853515625,338.0344854917734,328.457775726174,336.25929621342794,4565992
2025-02-13,337.89434814453125,343.40679007831966,335.0447044156586,338.2213634526744,3712240
2025-02-14,330.9337158203125,341.0242860291359,327.4767458992114,339.9965359028918,4464446
2025-02-17,336.4461975097656,338.2213869319512,326.3088933314474,330.9337551933043,6017586
2025-02-18,337.3804931640625,338.5483846327051,330.55998987940467,336.5863212627905,3843725
2025-02-19,338.50164794921875,341.30458744152685,334.48411274876713,336.3527390769725,3097726
2025-02-20,343.7805480957031,345.18201787430286,336.3527468639343,336.3527468639343,4624287
2025-02-21,345.649169921875,346.8170613886836,341.30459085496665,343.4067954952222,5235241
2025-02-24,340.83740234375,344.294372166897,337.42716528268323,343.8739198730374,4533486
2025-02-25,337.4272155761719,341.39804678324583,335.138165282233,340.09001397056977,4525493
2025-02-27,339.9498596191406,343.6403796089788,332.75563665655744,335.4184349485772,6196610
2025-02-28,345.08856201171875,351.068160371337,341.3045767083151,342.70604641039625,21899478
2025-03-03,336.67974853515625,346.63017785730614,329.25194760445277,345.6958647094428,12675744
2025-03-04,339.9498596191406,342.42578386811573,329.4388362398328,332.7089324022841,5535218
2025-03-05,344.0608215332031,344.66811938524927,338.2680685298982,338.2680685298982,5730797
2025-03-06,357.4682312011719,358.9164052364489,343.920689983897,345.7425835915382,11247215
2025-03-07,355.64630126953125,364.0084155182797,354.4784098109337,357.4682233501335,8321771
2025-03-10,350.507568359375,361.2054652050806,349.4798182039795,355.6930233881083,5541001
2025-03-11,354.15142822265625,355.0390372208996,343.82727815076595,346.63021791829937,5340552
2025-03-12,355.6930236816406,357.70179122935934,349.24624020746427,354.6185407606284,3951912
2025-03-13,353.45068359375,357.84196718105824,352.56310313281034,356.4404973357016,3918004
2025-03-17,360.4112854003906,361.6258810490457,354.1513761023104,355.2258589987825,5456361
2025-03-18,360.4112854003906,360.4112854003906,360.4112854003906,360.4112854003906,0
2025-03-19,369.8478698730469,371.903341716064,363.2609449911008,364.4288364404202,5827114
2025-03-20,370.3617248535156,371.95006860468266,366.2974569715083,371.5763490494005,7025398
2025-03-21,378.77056884765625,384.0961655388271,369.14715420975944,370.36174997505566,16564019
2025-03-24,379.3311462402344,384.7501512099048,378.44353732536894,381.15306832317924,5260300
2025-03-25,372.1369323730469,381.4333600237643,371.015773652226,381.199781726138,5636291
2025-03-26,368.8668212890625,376.0143397177579,367.3252102896678,372.32379135932007,5025274
2025-03-27,370.7821960449219,373.39826157801684,366.29747561436164,367.41866285024565,7697174
2025-03-28,372.04351806640625,375.50045970961673,367.65223473427557,370.92233085008235,6923988
2025-04-01,371.5296630859375,376.1077923690424,369.1004429011335,371.66980437270007,4332950
2025-04-02,371.3894958496094,375.2201856603389,365.7836166669738,375.2201856603389,4197123
2025-04-03,370.96905517578125,373.72529059914064,367.371972064146,369.0537244666514,4970602
2025-04-04,359.75726318359375,369.9880034726873,357.4682130981761,369.9880034726873,6718760
2025-04-07,352.7032165527344,354.4784058473585,332.6154836894661,335.2782818878896,10202400
2025-04-08,357.7018127441406,360.1777370106197,351.90905952451226,359.71058041268117,3577328
2025-04-09,349.9937438964844,357.5616868104266,348.59227404253124,357.18793870565736,5781453
2025-04-11,366.3442077636719,366.9982098893543,357.04778011133106,364.33544010633,6185984
2025-04-15,369.2872619628906,372.79093617506226,367.65221399721054,372.79093617506226,4371156
2025-04-16,373.0245666503906,373.8187386188668,366.7179521860446,369.2873136344819,4992290
2025-04-17,372.65081787109375,373.3048199898797,362.7937967056987,370.8288957633122,8364450
2025-04-21,374.19244384765625,379.33116654718714,369.6610190372928,373.02455232503564,8987570
2025-04-22,372.417236328125,379.14427406355065,368.3996725778668,376.99536517160396,7558174
2025-04-23,372.7442626953125,375.2201869737145,368.1194009482594,373.72528015051716,7429142
2025-04-24,373.58514404296875,374.93988109447645,370.78220440305097,372.69753508513753,5762303
2025-04-25,367.3252258300781,377.4625296685744,364.0551296572068,374.0055594520629,7337588
2025-04-28,371.0624694824219,372.6040805091616,365.8303100317818,367.32521680524684,3458518
2025-04-29,363.541259765625,374.0522829170233,362.9339619083614,371.0624693709911,6274213
2025-04-30,359.9908447265625,364.7091432344649,357.93537290756325,363.5412517987922,4559122
2025-05-02,358.3091125488281,365.269757300795,356.3470491243228,360.1777389506473,5045851
2025-05-05,360.27117919921875,362.4200881753618,356.6740676409129,360.5981945250604,6395704
2025-05-06,353.4039611816406,362.18649939208564,352.60978927414294,361.11204493510667,5982166
2025-05-07,358.1222229003906,361.85947554120025,345.97615181775944,345.97615181775944,9162368
2025-05-08,360.13104248046875,369.007018080975,357.1412287677391,364.38215623131,14258083
2025-05-09,357.2813720703125,358.0755440153424,352.2827906065114,354.1981498284044,3809943
2025-05-12,369.5208740234375,370.0814676512264,362.0463683541897,366.2040735378993,6743279
2025-05-13,369.19384765625,373.3515527156142,368.16609745487034,369.52086297209473,6307140
2025-05-14,376.62164306640625,377.5092234666729,370.4084662126397,370.6887487573607,6822756
2025-05-15,378.0697937011719,379.7048416412598,373.3515239078216,377.228917606007,10511989
2025-05-16,378.2099609375,382.13408766838006,377.0888022379452,379.3311481500301,4702603
2025-05-19,376.2479248046875,380.68591236030613,374.7062852644609,379.28444260590027,5446656
2025-05-20,381.293212890625,389.8421727498297,377.46252316580274,378.86399293003217,18755291
2025-05-21,378.723876953125,386.38522840153536,377.6961266881129,384.6100389508657,7393102
2025-05-22,372.65081787109375,379.93844927626907,367.37195410207795,378.39683823051763,7936875
2025-05-23,375.1267395019531,376.5282092634797,372.79095656607547,373.9121437804869,4178408
2025-05-26,376.2479248046875,379.14427282007955,375.36031588837375,376.1077550188668,6067873
2025-05-27,373.6785583496094,377.0420629026498,372.1369188309953,376.0610454935088,6553758
2025-05-28,372.04351806640625,375.4537554560097,370.45517426210995,374.6595835538615,6002200
2025-05-29,372.04351806640625,374.84645759424063,370.92233085008235,373.72527037791673,7724668
2025-05-30,371.20263671875,378.1632817220364,370.3150562536248,372.74427636629383,6565658
2025-06-02,373.4449768066406,375.0332920510763,369.52085017831826,372.744241945367,6119571
2025-06-03,367.0449523925781,374.1924427881841,364.84931063367264,373.4450036210138,7360608
2025-06-04,368.67999267578125,369.05371225141533,364.00842669791524,367.04494458352815,3861957
2025-06-05,368.96026611328125,371.6697686109041,366.76462445533724,368.6799835667247,6097293
2025-06-06,372.7442626953125,374.28587377333815,370.0347316038404,371.71651247230335,7633919
2025-06-09,374.65960693359375,379.5180471568761,373.7252936993454,374.56616990757345,9626374
2025-06-10,373.3048095703125,377.9296710914547,372.65080746978083,376.5282013593479,6362912
2025-06-11,375.6873474121094,382.60125946293465,372.2303771302085,373.818720992266,11946342
2025-06-12,366.90478515625,375.9209013449149,365.7835979718362,375.59388604004636,11262656
2025-06-13,365.50335693359375,366.57781147475504,360.644916600111,364.3821696218738,5253032
2025-06-16,368.4464416503906,368.6800199665741,360.8317942454053,365.3164865109366,3706240
2025-06-17,365.5967102050781,369.84785198274903,364.4755515757492,368.11936701877175,3248476
2025-06-18,364.7091369628906,367.55878061173945,362.6069324148295,365.5967173309542,4118145
2025-06-19,359.00982666015625,365.78359697449883,358.3090918000519,364.709142558267,4416367
2025-06-20,363.4945373535156,366.06389864149,358.91640839753825,358.9631411651051,6531957
2025-06-23,366.7178955078125,367.2784890761516,359.4302646583243,361.57917340515525,3359491
2025-06-24,366.8580627441406,369.4274239773726,365.03616915927046,368.5398435682231,4606984
2025-06-25,366.0172119140625,369.4274495388093,365.3164769837867,367.9792754214302,4672204
2025-06-26,368.2595520019531,368.773441383588,364.98945571382444,366.2507842704123,5569101
2025-06-27,368.2595520019531,371.5763810591269,366.34422129552564,369.05372394595116,16253653
2025-06-30,366.2040710449219,371.2960608896468,365.1295880519011,369.52087150788054,4870935
2025-07-01,364.1485595703125,368.025953539858,363.44782468980515,366.7179207988394,5997283
2025-07-02,361.4857482910156,365.97046847238335,360.1310113453219,364.38212472863296,7752338
2025-07-03,361.0653381347656,363.4478253274806,360.1777292127089,362.4200751316716,3851213
2025-07-04,360.73834228515625,362.4200946868772,358.2156851695979,362.2332491494509,3990767
2025-07-07,359.00982666015625,361.1120312404695,358.7762483734548,361.1120312404695,2810768
2025-07-08,357.7018127441406,360.1777370106197,357.18792337862266,359.6638761580777,5231160
2025-07-09,361.9996643066406,362.6536664452892,357.701817841762,357.88866337581464,4497121
2025-07-10,358.82293701171875,363.30765702902266,357.4214673524938,362.56018943631875,4668066
2025-07-11,355.9266052246094,359.05653146081085,355.59958992013287,358.8229531737525,4677164
2025-07-14,358.6361083984375,360.5514389511127,356.4404667929242,356.9076233680132,5109504
2025-07-15,361.0653381347656,361.8127772700947,358.2623986078185,358.6828224290754,4586811
2025-07-16,361.0653381347656,362.51351215183155,359.6638683712921,361.25218366211027,5205724
2025-07-17,360.55145263671875,362.70039007148114,359.6171394510766,361.6259070976121,3749218
2025-07-18,362.98065185546875,363.6813867046106,358.86967977643144,361.5791821571851,5172481
2025-07-21,361.392333984375,363.8215540044802,360.084301208311,363.44783442745853,4396850
2025-07-22,363.541259765625,366.0171839609149,360.1777266545825,361.3923223691096,5043629
2025-07-23,365.0828857421875,366.67122959974324,363.3076963509628,363.8215572097728,3670943
2025-07-24,360.2244567871094,365.08289702020835,358.68284565008014,364.4755991193153,4022204
2025-07-25,355.7864685058594,360.55147170726354,355.03902932300184,360.2244563723969,4616856
2025-07-28,353.49737548828125,358.63609766040037,352.23604707071183,356.16017358915593,4521716
2025-07-29,358.44921875,359.0098123182836,352.1893380242576,352.1893380242576,4872086
2025-07-30,354.9455871582031,358.82298132497425,354.1514152173038,358.7762770690882,5107774
2025-07-31,351.6287841796875,354.1047084969256,350.0871730774809,353.1703952818941,6461803
2025-08-01,348.0316467285156,356.113449735187,346.34989447166157,350.3674295924654,13769152
2025-08-04,350.0871887207031,353.87114600547153,345.88277906519255,347.98498389294787,19756930
2025-08-05,354.57183837890625,355.69302555762613,349.900272655864,351.3017423727767,6846687
2025-08-06,357.2738037109375,358.411450030775,354.1452112337466,354.5718466863628,5808208
2025-08-07,359.83355712890625,360.4972058987413,354.1926583144512,355.5199269218356,3468573
2025-08-08,359.97576904296875,362.2510906674367,358.506269397376,359.3121203085354,4172600
2025-08-11,362.63031005859375,364.7160384475308,356.98938255143514,358.3640711167279,5740719
2025-08-12,365.332275390625,366.37513960854585,361.3978607311049,361.72965617710616,4860757
2025-08-13,366.0433044433594,367.844599530894,365.0952513517849,365.90110226608004,4216888
2025-08-14,364.47900390625,366.7543254226937,362.677679978961,366.04328564053736,4034887
2025-08-18,367.65496826171875,368.366008062843,364.09976925609766,366.564713019785,3520271
2025-08-19,365.332275390625,368.3186369306326,364.28941117270415,368.3186369306326,5219052
2025-08-20,364.7160339355469,366.7543422849873,363.62574974028615,365.9484913750362,4904231
2025-08-21,363.3707275390625,366.6378392030444,362.50590817578154,366.0613125107619,6212604
2025-08-22,359.81536865234375,364.18752910559414,359.43097840712124,363.37074382178406,4699261
2025-08-25,365.1484375,365.86912520559207,360.1516576779516,360.3438527960526,4349832
2025-08-26,357.8935241699219,365.004303623935,356.88454379325947,364.18751836421524,6381642
2025-08-28,359.67120361328125,361.208676602349,354.2420286962886,357.94156482861644,4372269
2025-08-29,360.15167236328125,364.1875354091041,358.08570672131486,358.08570672131486,4578400
2025-09-01,363.1304931640625,363.8031467286713,360.43993755534075,360.6321033417599,2829114
2025-09-02,365.2445373535156,369.95302452799115,364.23555696443356,366.2534884177397,7511709
2025-09-03,374.5654296875,377.928639140966,365.14845494773886,366.0613378150519,8111851
2025-09-04,376.15093994140625,376.7755300742313,370.62566765320616,376.4872374034109,5515006
2025-09-05,377.3040466308594,377.8806026842878,373.7967055160533,377.0638173856691,4535470
2025-09-08,371.92291259765625,380.42703390068334,371.2022248486685,378.6012974682197,4607020
2025-09-09,372.7877502441406,374.18106225573547,371.6346381501888,373.50843797164583,4376579
2025-09-10,376.5833435058594,377.3040312119786,372.8838074161425,373.3162317697571,4285507
2025-09-11,377.9766845703125,379.0817331873827,375.2380654237591,378.26494792264117,3442373
2025-09-12,378.9375915527344,380.71529371166383,377.8325429647048,378.16884042529773,4276055
2025-09-15,379.3219909667969,384.991395479796,378.8895665809059,378.9376300264827,4618798
2025-09-16,380.3309326171875,381.4840447342372,378.6493278859912,379.5622107557272,2581384
2025-09-17,384.1265563964844,386.72104392948097,381.9644932272734,386.2886195656954,5970395
2025-09-18,377.7845153808594,385.08749049794454,375.33418874331795,384.84726124623035,5899621
2025-09-19,379.0817565917969,379.7544102219036,376.1990055910988,378.6012980916805,5272435
2025-09-22,379.27392578125,381.4359888838987,377.97668205468926,379.08173066440486,3399517
2025-09-23,378.6493225097656,380.28289309824873,376.77555200223856,379.32197612263724,4720322
2025-09-24,377.4962463378906,380.1387680670507,376.43923178125476,379.0817535104148,5139791
2025-09-25,377.159912109375,379.7543996678416,376.3431268169052,376.7274877413443,4563970
2025-09-26,373.9408264160156,377.59232843253596,372.88381190268456,377.1599040737184,4698693
2025-09-29,373.1240234375,376.2950668270382,370.52956538226704,374.5653987986928,6606409
2025-09-30,374.7095947265625,376.102906777358,371.97097542002024,374.46936547730195,5362610
2025-10-01,373.31622314453125,379.46608556302186,372.73966712798523,374.5654034096666,4976933
2025-10-03,368.3675231933594,373.89279572404473,366.5898209489498,373.31623968195805,7431240
2025-10-06,366.97418212890625,369.0882111764368,365.1004116468691,368.51165513394136,7022052
2025-10-07,369.6647644042969,373.74866146399535,368.79991568470945,368.9921108056974,7895734
2025-10-08,367.1663818359375,371.2983130965073,366.2054648613995,370.4334936843949,3642904
2025-10-09,368.3675231933594,371.20221063592635,365.676938105241,368.0311963917373,4628511
2025-10-10,369.4725646972656,371.5865937024597,367.9831551651002,368.9921062256177,5061600
2025-10-13,366.6378479003906,369.28036949384733,365.77302851659454,368.27141843356156,4750043
2025-10-14,366.06134033203125,370.0971741090247,365.24455502274446,367.1183255647866,4288494
2025-10-15,369.2323303222656,370.33737892670365,366.34957953250165,366.34957953250165,6135157
2025-10-16,372.451416015625,372.7877428133952,369.4725676030088,369.9530260784354,3513302
2025-10-17,373.6044921875,374.2771457712039,370.1932488019417,372.45140946168175,4093872
2025-10-20,375.33416748046875,376.679445348886,373.26820189773605,374.75761144404476,4007425
2025-10-21,375.81463623046875,377.7845043068388,375.334177741124,377.73647018784794,678084
2025-10-23,377.3040466308594,378.9856513471912,375.19004686810047,376.2950955310039,4311356
2025-10-24,378.6493225097656,379.9946297355088,375.52634233902825,377.3040446088813,4070949
2025-10-27,381.1957702636719,382.63714570556897,378.21692181877944,380.04265818021076,5438773
2025-10-28,376.1029052734375,382.63715842211195,374.1330371673216,381.4360121806122,7672258
2025-10-29,367.0702819824219,383.69413380822687,365.1964821638247,377.8805978785011,26856509
2025-10-30,372.5475158691406,373.74866206510137,364.4757899723975,367.98316032448963,15154040
2025-10-31,373.46038818359375,378.7934951570495,372.59556874393763,374.7095978851946,13103909
2025-11-03,373.3642578125,375.6224184411434,372.1631116616107,375.28609165392294,14152223
2025-11-04,372.6240539550781,377.0160063914343,371.5877654617147,375.042100598809,10536699
2025-11-06,368.2814636230469,373.7590702155045,367.49191336150557,373.7590702155045,6648689
2025-11-07,371.09429931640625,371.83451400919165,366.65301115969396,367.1464876215509,4650451
2025-11-10,376.3744812011719,377.410769661959,371.1929786584139,371.1929786584139,4451727
2025-11-11,377.8055725097656,378.00297514507406,373.66038824300813,376.4732101393802,3299015
2025-11-12,381.4573059082031,382.5429601507119,377.70689683707786,379.23666182464956,4326520
2025-11-13,378.20037841796875,382.34556269171435,377.7562375474826,381.4573110701556,3480764
2025-11-14,381.90142822265625,382.29620335000783,377.31207324403294,378.20035492983845,3760163
2025-11-17,382.7897033691406,384.1220958605136,381.1118713252764,381.9507873472085,3847261
2025-11-18,378.9405822753906,382.7896926049076,377.95362936426255,382.7896926049076,4462641
2025-11-19,374.1044921875,378.8418842739987,373.5123445311739,378.10166958417824,5332643
2025-11-20,374.6966552734375,376.275785907028,372.62404819931317,376.0290476867611,3971851
2025-11-21,373.2655944824219,375.387537168837,372.6240510093606,373.068191856955,3088629
2025-11-24,367.6893005371094,373.265608664594,367.1464884755693,373.2162429466457,5543493
2025-11-25,365.221923828125,368.52822220489037,364.7778130762515,367.73867189972856,4902920
2025-11-26,372.42669677734375,372.77213632915465,366.4556134372223,366.99845562418614,4102285
2025-11-27,373.1175231933594,373.75906665909554,371.1929831543855,372.4266742509373,3330267
2025-11-28,371.2423400878906,374.25256460813864,370.0086489204316,374.0551619735799,4689402
2025-12-01,374.6966552734375,375.0420948056935,370.89688065744485,371.98253485050157,4217206
2025-12-02,374.0058288574219,374.9434160792668,371.8345203405148,374.5486409269419,3695491
2025-12-03,370.35406494140625,374.3512120222565,367.3438707318189,374.0058026128436,4650434
2025-12-04,374.1044921875,374.7953712790976,368.9229893587567,370.1073449102346,3135061
2025-12-05,374.9927673339844,375.6836162940526,371.5877677727638,373.95644871476355,3154258
2025-12-08,372.42669677734375,375.9303676557074,370.6501634192078,375.9303676557074,3911363
2025-12-09,374.40057373046875,376.2264425466461,368.47885656626806,370.2060240724933,4242651
2025-12-10,377.1640319824219,377.9042466324408,373.31492182620576,373.5616600428787,4752336
2025-12-11,378.98992919921875,380.3223216929424,375.53559390703833,377.3614628710735,2695140
2025-12-12,378.348388671875,380.71706953557634,377.26273449118355,379.53271404402,1410201
2025-12-15,379.4340515136719,379.97686355670237,375.1408004080449,378.9899106643473,1870236
2025-12-16,376.6212463378906,379.18732999494,373.4136492964322,378.989927360008,5109787
2025-12-17,379.7301330566406,380.47034774096153,375.8316570047853,375.88102272205424,3651138
2025-12-18,380.27294921875,381.45730477422296,377.85493262882767,379.3846976118517,2379619
2025-12-19,380.56903076171875,382.2961982754408,378.4964237213701,379.9768530188461,3611941
2025-12-22,381.2105712890625,381.9014503915912,379.03926278346955,380.5690579049506,3112021
2025-12-23,395.1759338378906,395.7187760027546,381.4079589997683,382.394911896526,18487395
2025-12-24,397.1004943847656,407.0193587083864,396.50831663721857,398.53155797864207,17624423
2025-12-26,396.9031066894531,403.0715623762823,395.3733417268845,398.5315729668935,5435637
2025-12-29,395.42266845703125,400.20939598654803,393.7942022161102,398.72896665490856,6105510
2025-12-30,392.8072509765625,394.9785593865093,390.3398687468102,394.78115676036435,4418163
2025-12-31,393.7942199707031,398.72898463199016,392.3631261711646,393.202042187466,4644679
2026-01-01,395.2253112792969,397.54462655995354,393.0540027942502,393.794217488778,3161157
2026-01-02,422.317138671875,423.8962693312171,395.76811176209094,396.1135512999802,35090129
2026-01-05,421.8730163574219,431.0023304055312,417.97454047289716,425.3273514026524,17258568
2026-01-06,421.47821044921875,425.6727601403841,419.15889530375046,421.4288748535578,6308113
2026-01-07,426.0182189941406,426.8077993964135,418.12259568788744,421.37955837336443,8920605
2026-01-08,419.70172119140625,428.3375590760031,417.925218017197,426.0182137345432,5991259
2026-01-09,412.8917541503906,422.76128320803394,411.7567643326441,418.17195822011223,7306605
2026-01-12,426.65972900390625,427.4986449974717,410.2269691510589,413.4345660939641,14407896
2026-01-13,423.3041076660156,430.1140768915158,420.0471750292935,428.33757365683346,7104004
2026-01-14,426.5610656738281,436.2331922783892,421.8236735683879,422.41585134649455,17125550
2026-01-15,426.5610656738281,426.5610656738281,426.5610656738281,426.5610656738281,0
2026-01-16,425.376708984375,427.9427926030589,422.41585022114265,426.5610645374331,6410141
2026-01-19,424.53778076171875,427.2025656197152,422.7612776026625,425.3766967443778,7105031
2026-01-20,409.88153076171875,425.3273678718609,408.1543631722254,424.4884518759387,6768420
2026-01-21,408.6478271484375,414.1747692899354,406.1804449530734,409.5361088342978,7312100
2026-01-22,417.678466796875,421.28083874991677,411.7073838593678,411.7073838593678,11497522
2026-01-23,412.94110107421875,420.244546753314,409.9802422757142,418.4680435219766,6520896
2026-01-27,417.38238525390625,421.37956266505523,413.4345735605718,415.50718072345495,8749844
2026-01-28,438.25640869140625,440.13164323486774,416.0993348914296,417.97453931547983,17496873
2026-01-29,449.80377197265625,455.5280865896013,436.7759819983112,440.18098145870476,16915601
2026-01-30,434.9994812011719,448.02727124520527,431.29840790677736,448.02727124520527,10191610
2026-02-02,417.97454833984375,419.94845411712754,407.61154300910385,413.5332603409552,9618062
2026-02-03,423.7975769042969,431.29842510389943,414.4708899021874,431.29842510389943,13955805
2026-02-04,429.2257995605469,435.6409932517375,422.85997158478153,425.8701658074987,11476290
2026-02-05,426.2156066894531,432.0879582460571,422.1197582667403,431.2984079908636,5252658
2026-02-06,427.1531982421875,428.534956382093,421.4782191313575,424.9325542422975,4738027
2026-02-09,426.06756591796875,429.12709571865844,424.1923313699185,428.3375454706246,4512635
2026-02-10,425.3273620605469,428.09081811821375,423.10671804725354,426.3636505523189,5103221
2026-02-11,417.7278137207031,422.3665043850948,414.81629062633203,420.63933681507416,5715603
2026-02-12,413.6813049316406,420.39260277066865,410.72044621073746,418.2212943275747,5987886
2026-02-13,403.6144104003906,412.1515471708599,402.7754943909359,406.9206786009387,8190851
2026-02-16,416.98760986328125,418.3200023328808,401.29506441538587,402.676792483358,9719418
2026-02-17,416.04998779296875,419.06021224467617,413.0397934606739,416.7408668787803,4564907
2026-02-18,418.0,418.79998779296875,413.1000061035156,418.45001220703125,4872345
2026-02-19,416.1499938964844,419.8500061035156,414.6000061035156,418.0,3824366
2026-02-20,423.54998779296875,425.5,415.04998779296875,416.0,8843227
2026-02-23,426.0,427.5,418.95001220703125,426.0,6515765
2026-02-24,430.95001220703125,432.0,422.1000061035156,424.0,8950772
2026-02-25,438.6000061035156,439.6499938964844,428.54998779296875,430.95001220703125,8935314
2026-02-26,433.5,439.54998779296875,429.5,438.75,8650353
2026-02-27,430.6499938964844,434.3999938964844,425.45001220703125,432.79998779296875,8147373
2026-03-02,426.25,429.6000061035156,416.0,417.8999938964844,7498197
2026-03-04,435.1499938964844,437.8999938964844,426.0,426.0,18921256
2026-03-05,449.3999938964844,458.5,440.0,440.1499938964844,30106255
2026-03-06,440.45001220703125,451.6000061035156,438.6000061035156,451.1499938964844,10553695
2026-03-09,437.6499938964844,447.20001220703125,434.79998779296875,439.0,15824576
2026-03-10,443.54998779296875,444.8999938964844,433.75,444.79998779296875,10860312
2026-03-11,446.75,453.8999938964844,445.1499938964844,447.0,9975869
2026-03-12,470.1000061035156,474.0,445.0,446.75,27328045
2026-03-13,467.0,476.0,462.29998779296875,473.0,20216953
2026-03-16,460.29998779296875,470.79998779296875,456.0,467.0,12312203
2026-03-17,462.25,465.5,458.0,460.29998779296875,9193238
2026-03-18,455.20001220703125,462.8500061035156,449.20001220703125,462.25,9539041
2026-03-19,454.20001220703125,460.0,450.6499938964844,450.8999938964844,10192726
2026-03-20,468.1499938964844,472.3999938964844,456.20001220703125,456.70001220703125,23878653
2026-03-23,455.25,466.0,450.6499938964844,466.0,10163783
2026-03-24,442.1000061035156,463.0,439.0,463.0,20320746
2026-03-25,443.70001220703125,446.3999938964844,438.79998779296875,443.54998779296875,8630612
2026-03-27,445.04998779296875,448.5,441.04998779296875,446.0,17184280
