Date,Close,High,Low,Open,Volume
,DRREDDY.NS,DRREDDY.NS,DRREDDY.NS,DRREDDY.NS,DRREDDY.NS
2020-01-01,554.4884033203125,556.2408047697129,550.7910178550379,554.6039411066072,773895
2020-01-02,551.6959838867188,556.9916800974216,550.7908989108994,555.3355996728654,1494155
2020-01-03,555.35498046875,557.8776533478849,549.2215461777217,551.6960881085267,1723390
2020-01-06,554.3823852539062,558.0315802233999,549.6355227807455,552.8706976429829,1788685
2020-01-07,555.4126586914062,560.3809588605247,552.8803482824056,556.5295433357102,1788175
2020-01-08,557.9257202148438,559.4181320493392,551.9078831661202,553.6410084825646,1395115
2020-01-09,562.4030151367188,565.5034356711121,558.64791968235,560.6891655235013,1877480
2020-01-10,564.81005859375,579.2528666938418,563.2984297283913,564.232369776921,5635735
2020-01-13,568.9889526367188,571.261274002468,561.4787030909697,564.7909232454981,2209320
2020-01-14,567.6602172851562,571.7042159484249,564.6176244205317,569.0082364288944,1785850
2020-01-15,562.0466918945312,567.4097952045437,558.4552656299275,567.3423883789529,1924335
2020-01-16,565.6669921875,568.3726091230154,562.6243999156774,563.8471843283985,1917310
2020-01-17,584.3271484375,587.1483033453999,566.1580998330678,567.00541597643,5585585
2020-01-20,589.1895751953125,593.1180357834473,583.8842405048334,585.9928930152357,4373565
2020-01-21,589.3533325195312,593.0795728094868,584.6160485121296,588.4096956344445,2853930
2020-01-22,589.6613159179688,597.9418945063584,586.840161115476,589.3724715089645,2798990
2020-01-23,585.0589599609375,592.8676915195423,582.3340667826044,588.3615420115939,2130840
2020-01-24,583.7590942382812,586.7727728970414,582.5651060299774,586.1854461187874,1363645
2020-01-27,614.06005859375,617.959605032722,577.2308978862457,583.2968655433061,20699040
2020-01-28,614.13720703125,625.8454862662575,608.0904554687346,614.3008757625566,11511345
2020-01-29,606.2610473632812,616.5828140815914,596.8154519310588,614.1371860669334,6946015
2020-01-30,607.5319213867188,610.4493970290812,600.5416511580488,607.0409152431376,3366300
2020-01-31,599.7617797851562,614.6571029485455,597.3738619042363,607.6090046201764,3341175
2020-02-03,605.4714965820312,611.0271241934704,600.2720614808045,601.5911667578591,2576210
2020-02-04,624.2855834960938,631.1700124440088,606.9927061556242,607.3682332839699,5149785
2020-02-05,603.3916015625,625.8549981830774,601.1481944203875,622.9664366530017,4781145
2020-02-06,608.3214721679688,611.758867800454,604.0175432465844,609.9872494534109,2462660
2020-02-07,609.81396484375,613.3379845485673,604.0946098584664,608.4948008261724,2676165
2020-02-10,606.4246215820312,611.0752221534345,599.4727861944908,609.765696247924,1477975
2020-02-11,614.5318603515625,617.3722910945202,603.7093919779851,608.5043855678596,3060520
2020-02-12,615.3984375,618.8454120468607,609.3035560387276,610.8633746090344,2843165
2020-02-13,640.2208251953125,642.5894670436737,615.6680497304693,620.6074951430671,8584320
2020-02-14,636.3116455078125,641.8384177624391,631.0545005670415,636.4849521661735,3533430
2020-02-17,634.626708984375,643.5812397574122,633.0187592007477,640.4519641432685,3203305
2020-02-18,626.1150512695312,633.1727283469588,622.6295247031563,633.1727283469588,3486830
2020-02-19,631.2759399414062,635.2525314563509,627.3956103142855,627.3956103142855,1509105
2020-02-20,626.875732421875,647.9911139108129,623.939039430807,633.4231279678492,4622330
2020-02-24,611.66259765625,627.2030742080725,609.7465277362853,627.2030742080725,3143085
2020-02-25,594.44677734375,612.81804719541,588.5637538037453,612.7602783090313,5005135
2020-02-26,592.2225952148438,599.9542819932907,589.3243953777628,596.391769337685,3810845
2020-02-27,590.6242065429688,595.8140033580888,583.3161780847257,595.8140033580888,4677080
2020-02-28,563.6739501953125,594.7549043092113,559.4662830811933,583.4895011959001,8299780
2020-03-02,559.5240478515625,577.1828152493902,553.8336068337204,570.2021240735713,4444330
2020-03-03,586.127685546875,592.7328493302642,564.4731103004373,566.158104659543,5280400
2020-03-04,610.7094116210938,613.6749595613339,584.6449473764018,590.2294886969441,9163610
2020-03-05,613.2320556640625,622.379168030119,609.7176153004542,610.641976232851,5228710
2020-03-06,610.6323852539062,617.4686251987106,594.1194155211655,594.1194155211655,5629460
2020-03-09,589.5073852539062,614.1082941915987,582.7289139772311,608.2830390104618,4992640
2020-03-11,577.8279418945312,593.8691225588442,574.4386769846468,591.1923602111639,5845705
2020-03-12,548.90380859375,574.3423940688151,539.8818715811456,567.6986781574891,3889695
2020-03-13,555.5860595703125,603.7865306878874,502.6098112354949,525.7086703604768,4930170
2020-03-16,544.3880615234375,574.043954296828,531.4954317822386,537.2725560407412,4715400
2020-03-17,535.5779418945312,559.2256356531622,531.0621539268408,544.9754070802713,4684015
2020-03-18,513.8655395507812,539.5448385731424,504.73770268627123,539.5448385731424,4366425
2020-03-19,505.2960510253906,516.0703879627329,480.47370931991,502.22454489171224,4838010
2020-03-20,557.9257202148438,567.891234860354,508.5794564153108,508.5794564153108,7772855
2020-03-23,533.1128540039062,586.7630951867726,516.1377377932639,516.1377377932639,4816170
2020-03-24,550.357666015625,570.0094875231862,539.409963514768,548.8267025138787,5340585
2020-03-25,562.6919555664062,567.8721152891952,538.3702517695986,544.4458587468985,4097050
2020-03-26,567.8046264648438,590.5279562758708,554.4594259965344,572.9365957276049,3194975
2020-03-27,561.6326293945312,586.7535117714596,548.0756309621987,568.6229576294517,4007940
2020-03-30,576.6050415039062,587.340886126342,541.316480901505,554.5268083611785,5752295
2020-03-31,600.96533203125,606.9831693752786,583.8842531488873,587.3409247771921,5013780
2020-04-01,596.006591796875,605.4425487017834,590.4220506709448,600.8112235782797,3555215
2020-04-03,605.981689453125,619.8564464451929,582.5458594793063,594.0808298826332,5868365
2020-04-07,690.0196533203125,696.2589279703092,618.152222003623,625.8550534304595,11837790
2020-04-08,709.2382202148438,725.0290490397527,668.4132466053766,678.812057865904,12611475
2020-04-09,697.4046020507812,733.6945624855957,691.945237706204,720.2146098939968,9804680
2020-04-13,721.4857177734375,742.5529665769676,694.6413453587296,711.3564755694316,11611945
2020-04-15,733.2326049804688,749.7936469489435,727.1473605811357,736.5833181317176,8625555
2020-04-16,743.4484252929688,749.1003732793869,727.9175863743143,733.0014834401435,7329295
2020-04-17,756.716552734375,769.8788090786165,736.3136743541244,764.5060673642816,9074610
2020-04-20,740.3865356445312,755.830691408823,733.752458012547,755.5611228697844,7493955
2020-04-21,773.4413452148438,779.4880374306354,736.0151583029638,738.5089758786227,14239375
2020-04-22,781.2211303710938,788.4425346596531,762.8210063481499,768.3477783607905,8917130
2020-04-23,775.5018310546875,786.8442790736653,772.064435316371,776.2528853627979,5128285
2020-04-24,770.8223266601562,779.8346251864367,764.5252832221665,772.2088386463486,6330770
2020-04-27,766.489501953125,782.8195258643924,761.627101329839,770.822344665191,5624485
2020-04-28,760.6064453125,777.2541679831626,749.495073764353,776.0602385574826,4305840
2020-04-29,747.3094482421875,764.5060049803881,745.7399916665483,760.6064583962295,5198230
2020-04-30,758.0164184570312,788.3366802747427,750.0728732817438,757.400177817915,10890150
2020-05-04,758.5364379882812,771.4387062613167,741.0510336261837,741.3976469931973,7077435
2020-05-05,738.2971801757812,767.6545877158134,732.9244386784029,766.4317443932638,3978630
2020-05-06,741.8789672851562,747.1746640016629,732.7414927171817,741.5901228542077,4779515
2020-05-07,739.0193481445312,758.0645694298614,735.3412388655528,752.7400174461701,4581335
2020-05-08,767.2020263671875,795.7410319497815,751.0453674189037,751.0453674189037,10017290
2020-05-11,743.7083740234375,766.0080444342613,741.0219740376169,766.0080444342613,5974940
2020-05-12,726.6466064453125,752.8747384423345,723.9024962157159,743.9394844131541,5392485
2020-05-13,727.840576171875,741.2049943372504,719.2712108685879,741.2049943372504,4392175
2020-05-14,718.6742553710938,735.6108244686629,716.0937549128113,729.843338361265,4485705
2020-05-15,719.271240234375,727.7058509862262,715.795292503405,721.3702549791136,4496935
2020-05-18,708.496826171875,724.5572227266382,695.9219561541079,724.0950716444104,4954380
2020-05-19,712.4349365234375,716.7485625345969,704.8284249568051,712.5408951302429,4677020
2020-05-20,752.990234375,756.8031569327984,711.1927729015277,716.5366002331527,21083545
2020-05-21,740.9161376953125,761.4538295461014,736.6795566756474,760.6546442875853,8672120
2020-05-22,749.6492309570312,752.9518130593456,733.887315991227,739.5873951030972,5052550
2020-05-26,744.1513061523438,758.5363468342396,742.061929489653,750.833515063863,4136880
2020-05-27,747.7523193359375,751.0260461210765,734.4649471966138,744.237937842416,4308340
2020-05-28,748.6669921875,753.1057342894441,739.9531766815321,750.0631420102973,3962810
2020-05-29,784.0038452148438,787.74936126313,745.1141592551768,747.174680855657,9631120
2020-06-01,761.3381958007812,788.0669695543384,758.9310611539312,785.2265976854038,6848855
2020-06-02,750.1209716796875,771.6889229694231,748.3300774949054,767.3945733348303,7451040
2020-06-03,763.04248046875,768.3574530853069,753.19250335336,756.5721301250645,3694130
2020-06-04,770.0713500976562,781.2597081464156,761.9352225747785,762.5610423731904,5997250
2020-06-05,775.0781860351562,779.9117318705155,768.8004179827954,774.0287080961444,3855025
2020-06-08,764.0438232421875,777.00379874659,759.1140161194534,777.00379874659,3559990
2020-06-09,794.1233520507812,797.6281541749198,756.8031273597877,756.8031273597877,11375810
2020-06-10,791.9474487304688,806.8716863661189,787.1716715305998,798.2059999970317,7769840
2020-06-11,781.375244140625,794.9226060582918,777.4082906298415,792.0436234275583,4137580
2020-06-12,771.814208984375,777.3313439222097,766.6244115156896,768.742702193515,3911520
2020-06-15,772.6517944335938,794.7203903000716,762.6958588285653,779.5265269067615,6959575
2020-06-16,771.3327026367188,785.6888292845008,761.1841843136446,782.8002674121312,3900130
2020-06-17,767.4331665039062,778.5156259594361,764.8912764899598,771.332772398652,3186815
2020-06-18,771.6311645507812,780.3834738819206,768.7426027550104,772.2088534027594,3614150
2020-06-19,771.361572265625,778.929590409872,768.7426376604888,774.1827273621057,3654715
2020-06-22,776.6090698242188,782.3187863450213,772.3821271389234,776.4454011177907,2655980
2020-06-23,791.2445068359375,795.317360226027,778.0052650646204,779.5073148712304,4799415
2020-06-24,778.4962158203125,796.6074935568847,775.7327713311394,791.9376173379459,2677740
2020-06-25,771.5541381835938,778.1785780946635,765.7673765118418,776.06028764032,3769375
2020-06-26,770.0134887695312,782.8002167048829,763.5431388031637,773.1716777540233,3719560
2020-06-29,765.2474975585938,778.7563087105784,762.3396596531954,769.8980400971102,2692435
2020-06-30,759.6821899414062,772.3822369179761,755.9366736692019,770.2832221896629,3404710
2020-07-01,753.23095703125,763.7357260008487,748.3011497597325,763.5816364666484,3117825
2020-07-02,754.9834594726562,766.2392254357686,751.2187260726857,759.8844123439904,3711465
2020-07-03,755.1566772460938,764.1112656866316,752.951762933093,758.7288864338585,2280380
2020-07-06,749.4854736328125,758.7288472494896,746.5969120316088,755.840285648286,2848085
2020-07-07,736.29443359375,754.6849206883087,734.4649875659818,750.0439575576025,5179985
2020-07-08,748.4649658203125,759.6340488862736,737.7387579897322,737.7387579897322,6811290
2020-07-09,750.3713989257812,754.2998597667378,742.1775018453905,751.9889866207762,2455715
2020-07-10,752.0756225585938,762.0026444969903,747.7909106996167,750.9683170017099,4152955
2020-07-13,755.7774047851562,761.4754660787416,750.825536492047,758.829958744777,2678440
2020-07-14,771.97998046875,774.4801644066116,750.8254469169676,756.6397896537741,6044725
2020-07-15,782.3101806640625,784.5099594770518,767.6871403583356,773.1138371235477,5296965
2020-07-16,804.7341918945312,806.8273886424647,777.3970660251435,781.2732949619215,7809325
2020-07-17,798.2608032226562,805.8678779619688,794.6268390198217,802.5731192393305,3712880
2020-07-20,793.0957641601562,805.0926968327037,789.2776764884101,802.2533663804835,3144360
2020-07-21,781.7481079101562,800.5768810718649,776.4182936319204,794.6752970556618,3316480
2020-07-22,787.1845703125,800.4412660226488,780.1007643797842,785.624402378986,4093845
2020-07-23,800.4412231445312,802.3793374862855,787.2620692792243,792.8631889706852,3559780
2020-07-24,788.027587890625,810.1123790944642,785.256098630762,800.4412076432988,5479715
2020-07-27,778.28857421875,791.845674293775,768.0650331080395,791.719692132458,2909240
2020-07-28,785.1980590820312,793.0764994789804,776.6703077237023,778.9282277410709,2592970
2020-07-29,833.8155517578125,840.3663876750403,789.8591328252618,791.2254774072608,24766165
2020-07-30,875.3687133789062,883.7801223581494,841.1416076829755,851.5880721687394,31472050
2020-07-31,876.231201171875,882.0067440261888,863.5074758533259,868.0813972855087,7910670
2020-08-03,877.4715576171875,905.0993866893222,872.1514432766488,876.231195209625,12183250
2020-08-04,898.2869262695312,902.0662730164674,870.2424676205397,878.1015073346528,8332715
2020-08-05,891.7167358398438,904.2660382488051,887.9858893261381,902.2019417074547,5060070
2020-08-06,888.2474975585938,902.7736553867834,885.2434439254167,893.4804300480938,4587005
2020-08-07,886.3966674804688,912.2705075659148,883.8867832094136,889.5945445367464,8326715
2020-08-10,909.1500244140625,922.2710368532817,892.5016297749139,892.5016297749139,8697180
2020-08-11,890.7379150390625,918.3851430187793,884.7491491446293,913.830562732755,6457605
2020-08-12,875.6691284179688,887.636960715352,869.0601514726123,886.6873036230687,5353620
2020-08-13,872.5875854492188,889.6817690026638,870.5525297995845,881.8711701764818,4550210
2020-08-14,875.9114379882812,888.8192871566933,866.3371479968155,877.2196415665659,5753920
2020-08-17,875.8629760742188,885.7182711295808,872.1902114725217,875.9211171397216,3388330
2020-08-18,876.1051635742188,883.7219382202148,870.6687082667381,879.5162043623133,3252160
2020-08-19,870.0679931640625,883.5766530501212,867.5193679676237,879.9039475135031,4036070
2020-08-20,867.5000610351562,877.3069156621926,864.6122302138044,869.2443522538451,4033835
2020-08-21,870.1649169921875,876.0277011718247,867.0348220437842,876.0277011718247,2438510
2020-08-24,866.831298828125,873.5274575411067,857.6155561008136,870.1648577058367,3676190
2020-08-25,858.138916015625,870.6785189063315,856.646589177918,870.2133903639937,3010780
2020-08-26,859.5053100585938,863.0229924864369,852.7703505741791,858.7785171461726,3460010
2020-08-27,859.9413452148438,866.0075933376221,856.0651165848856,860.9878843594129,4518315
2020-08-28,847.7893676757812,865.5619027457292,845.1729014068434,864.3990222765837,5814245
2020-08-31,826.5476684570312,857.6156405968585,817.2350427582667,847.9250683867244,5944120
2020-09-01,843.4577026367188,848.0994652886669,820.210030088986,827.7880052733398,4063205
2020-09-02,843.6126098632812,852.2662822921038,836.6257463301292,843.3219045752425,3018485
2020-09-03,859.1951904296875,865.5619033346976,841.1707501586193,847.837809283371,4691970
2020-09-04,837.7498779296875,868.9438289023242,831.8289531379886,852.7702632482649,6774000
2020-09-07,856.617431640625,859.7475264955078,832.4685437094585,841.9459511501154,6153985
2020-09-08,842.84716796875,868.5659237946558,838.970939314844,865.3680469844944,7357755
2020-09-09,858.4781494140625,861.298080013408,840.2889257348138,843.0604153005191,6175435
2020-09-10,848.9231567382812,864.786617425613,841.2481815859373,864.3989709100811,4355845
2020-09-11,853.0804443359375,861.8795003032399,847.9250529166175,852.7703389332839,4434725
2020-09-14,845.8123779296875,857.35382132228,840.3662820632624,857.35382132228,2924530
2020-09-15,860.9782104492188,881.6482168067001,847.4502099739772,847.915338496788,12522330
2020-09-16,896.93994140625,901.37818060706,854.9022371350094,863.4299283012664,14898945
2020-09-17,935.5762939453125,939.1230173045801,902.1825612415853,911.6890100928321,42149590
2020-09-18,1033.6641845703125,1065.3717046492623,959.4149747851501,969.0571048072931,109935390
2020-09-21,996.5784301757812,1068.414643848693,990.6187048445793,1033.6642674782254,63716980
2020-09-22,1001.6077880859375,1019.4481640793989,979.7168192816277,1010.5328852469007,38516740
2020-09-23,989.9403076171875,1023.3243378547327,980.5695416526021,1018.6728162745136,25066590
2020-09-24,974.3675537109375,1008.3814356492328,969.5416680830585,980.6858251874614,25989895
2020-09-25,990.8027954101562,998.7102757344472,977.5848416810015,992.314522199207,17571115
2020-09-28,994.2235717773438,1007.8194724742425,986.6552375277985,1007.8097724389428,12487900
2020-09-29,985.376220703125,999.0883455891924,981.9263791869058,994.2527592741064,7146485
2020-09-30,1005.455078125,1030.6892479996905,985.5312046601218,988.4383763552845,26977680
2020-10-01,990.7737426757812,1018.672878082271,986.1901210612606,1012.6647707786294,11385685
2020-10-05,999.9701538085938,1005.8813791023058,989.0197600714475,1002.0051502811024,9188390
2020-10-06,995.5125122070312,1013.0039237496674,990.8028492478946,999.9701516833181,8450035
2020-10-07,989.3976440429688,1006.8503726708075,987.1203834130665,997.15980123028,7912070
2020-10-08,1006.734130859375,1010.6878415799154,979.9106351354488,996.9660770416858,11102775
2020-10-09,998.7103271484375,1019.060528358362,995.4155090082076,998.3226806096254,11669875
2020-10-12,1011.7925415039062,1015.1842415116342,990.570225514912,999.6987272603905,9678985
2020-10-13,1001.7628784179688,1031.619587468611,999.6502816773888,1013.6338290932965,16819870
2020-10-14,992.8959350585938,1011.6471673058651,986.6649046639378,1002.9741531059128,9322630
2020-10-15,979.9591064453125,1001.0361008237406,972.9528417236578,997.8672648109817,8842090
2020-10-16,984.6686401367188,993.2835723397949,972.933372321126,976.0343670104245,10115525
2020-10-19,980.3273315429688,1010.7266509139979,977.2069366295749,1009.9513578434145,10753270
2020-10-20,982.8468017578125,990.3763946439894,975.0556036641358,980.094712609052,6901450
2020-10-21,978.1178588867188,987.7696898690336,950.94551635467,987.7696898690336,8006955
2020-10-22,973.321044921875,977.7205431796278,936.3030492093936,976.1700753667038,24590740
2020-10-23,972.5941772460938,986.6939461517985,968.2818613431879,978.9414893902782,9087405
2020-10-26,964.8126831054688,981.0734906102444,959.6088508977125,970.6076259845478,7040385
2020-10-27,988.322021484375,993.6712359367018,961.4015851780104,967.119046083015,9217170
2020-10-28,959.5604248046875,998.1288884716599,953.5522585010809,990.3764310854722,18141410
2020-10-29,957.8064575195312,976.8096549650971,948.6972962054798,953.5522822278328,11551185
2020-10-30,947.476318359375,964.8030665792597,943.8908538809749,964.0181325790478,6316955
2020-11-02,941.6619873046875,953.5523387482959,934.3262167880711,948.9008757544457,5854965
2020-11-03,945.2861938476562,953.5522801133768,936.3224147917124,940.1793026484154,7304100
2020-11-04,956.5757446289062,962.2350647374607,945.2959045538416,950.0152084161949,7607400
2020-11-05,961.0139770507812,968.9214572844473,953.9592126850272,963.7757662396752,5170230
2020-11-06,950.2478637695312,961.8668505986841,947.9027026662351,961.8668505986841,5452210
2020-11-09,945.73193359375,960.1418086260253,943.8616603991698,954.521289007374,6028255
2020-11-10,910.5260620117188,943.4740046604965,906.9211978534336,934.9463136865942,9830150
2020-11-11,946.2164916992188,953.532861552072,909.188795694471,916.728088917565,13535220
2020-11-12,935.4987182617188,954.5213152972866,931.263943147911,944.8307435683802,6582350
2020-11-13,941.32275390625,946.7397503378918,936.1189216606152,939.9854502864891,5459350
2020-11-14,944.2589721679688,949.2883812523775,936.1092273826315,946.0323633523069,676080
2020-11-17,927.2230224609375,945.7707324220501,924.4805740084506,944.830775323102,6416065
2020-11-18,911.6502685546875,929.3258625669644,906.0684895725879,927.3877481507664,6500295
2020-11-19,912.4060668945312,932.5818442791577,902.5798721383928,906.0684542930916,8836445
2020-11-20,905.2835693359375,921.0501492778367,902.4442387707127,916.7281327713753,4774680
2020-11-23,935.866943359375,943.8616648532552,905.3125430051447,908.0065502746407,10763015
2020-11-24,952.6801147460938,957.4285187100604,927.5427684780666,939.9854890169621,9611490
2020-11-25,931.5159301757812,972.3520146316729,926.6125031273285,968.6695499677082,13295580
2020-11-26,949.9376831054688,955.3546795188913,925.2170254397946,932.2329898291138,8336175
2020-11-27,935.9056396484375,956.5659442136578,932.0779114029606,949.8697856461447,10018690
2020-12-01,936.186767578125,943.8616838053216,931.4577638556716,943.8616838053216,5585950
2020-12-02,940.033935546875,947.5441289308917,932.4268601003974,940.3924819831615,6117260
2020-12-03,954.1433715820312,957.2346663384129,938.5512747469063,943.8616891429068,5174465
2020-12-04,951.3331298828125,961.4112889017464,942.3305509743252,957.428478152379,6998410
2020-12-07,974.6970825195312,983.3991969139922,950.6644767130185,955.4903624565403,12029520
2020-12-08,972.0031127929688,984.5621154002844,960.5101085938047,978.7477721991015,6638505
2020-12-09,980.0850830078125,988.4383514026475,973.902493293785,973.902493293785,6767490
2020-12-10,979.3485717773438,985.8025257792225,971.9643607276677,980.2982288958225,4741470
2020-12-11,972.3423461914062,985.3470776300402,966.1113153129962,979.7362575727201,3839815
2020-12-14,973.47607421875,979.5229815326842,959.7542506330192,959.7542506330192,5918125
2020-12-15,975.1331787109375,983.7868521532372,971.0340266565966,978.1566323537311,5025520
2020-12-16,976.6060180664062,979.0868018372984,970.219965000502,978.7476555162842,4162280
2020-12-17,983.1764526367188,995.124945471939,974.8716246413417,978.7478537651641,6803005
2020-12-18,1013.3915405273438,1020.0004584103816,984.2035431546612,984.5620895776058,18525665
2020-12-21,982.3429565429688,1022.2002231833126,961.7019916843868,1016.1533159585948,9061285
2020-12-22,1000.4158935546875,1002.9742188007156,956.7211367968335,989.930687377464,7764120
2020-12-23,1012.4901733398438,1015.3198626187001,994.4948352876712,1000.3479779454954,4062350
2020-12-24,1008.1683349609375,1016.9286499076362,1001.0360881601206,1016.9286499076362,3378180
2020-12-28,1008.1683349609375,1014.6028889677118,1005.2999635011295,1013.2752853346935,2055865
2020-12-29,1001.1522827148438,1021.1924359179789,997.276054251755,1012.6646859819416,4412165
2020-12-30,1002.189208984375,1006.162438139252,996.6753302965362,1006.162438139252,2376345
2020-12-31,1008.807861328125,1018.2367681726485,1000.2607112911877,1005.8812899007462,6036190
2021-01-01,1015.8336181640625,1018.450025307919,1007.8194961285266,1011.1626961782449,2915215
2021-01-04,1021.8223876953125,1028.819071064624,1015.8336800304307,1019.4482447088199,3923440
2021-01-05,1024.6617431640625,1034.371715578915,1013.0427563879352,1015.5719815743536,4770920
2021-01-06,1024.9329833984375,1030.1077152806945,1012.8584512823645,1024.661619015356,2713390
2021-01-07,1021.5607299804688,1032.045876412992,1018.091429636673,1027.394354723182,3266465
2021-01-08,1034.614013671875,1038.8293891202213,1023.130708728751,1027.181301856358,4045915
2021-01-11,1049.837646484375,1051.8145607483962,1032.239537083009,1035.7282371473048,4599235
2021-01-12,1037.6373291015625,1055.012457316953,1032.9083255431506,1054.51822871383,3741860
2021-01-13,1025.2625732421875,1041.736546536249,1015.1843541566078,1039.7984320310654,3296060
2021-01-14,1028.925537109375,1032.6272834021597,1020.4171868759414,1028.1502440661095,2674860
2021-01-15,1010.3003540039062,1030.1078268380447,1006.9667356482837,1030.1078268380447,2577605
2021-01-18,979.15478515625,1015.1746256643842,975.8406260063217,1013.8276219258646,4412055
2021-01-19,986.2870483398438,989.397684044221,976.140988875199,986.1125659978923,3990495
2021-01-20,984.6880493164062,1000.0184814233331,981.6645957316708,988.8840833486821,3398145
2021-01-21,979.1741943359375,995.8031904544845,975.6274708823643,990.3764936002303,2906620
2021-01-22,976.2088012695312,989.4751960837274,966.1499832716487,978.505461994531,3815610
2021-01-25,985.0272216796875,993.9426186959894,961.304720881604,977.1972822644789,3588895
2021-01-27,951.4784545898438,979.2128659425175,936.6518917828414,979.2128659425175,5261980
2021-01-28,944.2105102539062,950.4415406293353,925.8372245480779,939.0163781263166,5165470
2021-01-29,892.0558471679688,952.5831780225694,881.8420061043114,947.7378922747436,14820975
2021-02-01,858.22607421875,887.2009061806833,851.4232742119449,883.7898061424933,12951700
2021-02-02,868.759765625,877.5781623424928,849.0879166152845,866.1432993983797,18375530
2021-02-03,901.1359252929688,922.8525295552838,880.3787373103175,887.4528428091536,17227025
2021-02-04,904.7020874023438,912.0765980918476,895.8157907836463,909.5570140230793,6508800
2021-02-05,930.4693603515625,936.109280505612,896.5039164026945,908.0066209459196,12038405
2021-02-08,941.8848266601562,951.6044393026829,935.1401674755518,942.8926248224993,10792890
2021-02-09,938.8419799804688,948.8426571304402,931.263945769544,939.985460350112,6233845
2021-02-10,934.9560546875,946.5944408730091,922.7362578530999,939.0164066341642,5767115
2021-02-11,935.1499633789062,941.9236642167683,932.2330915396411,934.3650293579215,3557750
2021-02-12,928.7444458007812,941.8848590904361,927.38774205973,941.8848590904361,2504510
2021-02-15,912.8228149414062,936.7973406099806,910.9235006152728,928.7444773558265,4923205
2021-02-16,910.2548217773438,922.8525654545111,905.0994303441776,916.5342935449102,4064700
2021-02-17,891.63916015625,912.8421353315182,887.6563494646331,910.254769301865,5106775
2021-02-18,894.8177490234375,903.9075103614598,883.7801732349022,892.8893346439729,5147530
2021-02-19,907.3185424804688,916.3404626265725,877.9658212504095,891.9202685580456,6392670
2021-02-22,866.1917724609375,916.137019434836,861.133322162754,912.4642547171427,6976565
2021-02-23,871.2114868164062,878.7991617925653,856.7434113707757,871.7637973485561,5317090
2021-02-24,859.6602783203125,876.754460724584,848.3126568924444,871.2114821899846,3677930
2021-02-25,868.3043212890625,889.594478846714,856.8693994071217,856.8693994071217,8531875
2021-02-26,857.916015625,883.5087899022609,853.7393815160223,864.3990105701383,7534450
2021-03-01,863.1198120117188,867.887556610716,852.8187298143143,861.4918031034405,3545365
2021-03-02,853.6812133789062,868.2558117124959,850.8612830794093,866.9960492389973,9188390
2021-03-03,872.6456909179688,875.2040160692004,857.8094278530543,865.3680620302786,4253070
2021-03-04,886.697021484375,888.3056303818634,861.2980114537119,868.6628815241738,7364955
2021-03-05,870.6978759765625,883.7801479027546,869.0504669417307,881.8420335433187,4131845
2021-03-08,870.6494140625,876.4153159728255,864.9803942091999,872.1514408257223,2782080
2021-03-09,862.1314086914062,876.0277150632446,855.9682190505158,872.3356094707099,2715590
2021-03-10,872.22900390625,875.9985913883985,863.6334714437785,871.3762288553719,3149805
2021-03-12,857.9063110351562,877.956106488182,853.3711305228868,876.0276921602605,3439260
2021-03-15,841.5777587890625,864.8254321508355,830.482041734707,864.3990446060194,4608715
2021-03-16,862.4027099609375,865.697527881895,845.9868797115545,848.9134511891148,4678635
2021-03-17,844.2135009765625,865.3680351264103,841.9749813254683,862.402722612668,4769865
2021-03-18,816.4791259765625,848.6033955769867,813.0486848067598,846.9559865198906,6054535
2021-03-19,828.4373168945312,834.4260832422789,801.410297620008,815.9461554970336,7062075
2021-03-22,843.84521484375,846.5586220539418,827.2356210218549,828.9120708859597,4336515
2021-03-23,847.39208984375,853.3517562024487,837.6724176287296,843.0797734262237,3326180
2021-03-24,843.1766357421875,856.45273104902,839.4651892971314,843.1281947120918,3912020
2021-03-25,849.0006713867188,853.1870054999928,830.4335618508869,843.0797462147975,4707080
2021-03-26,853.9331665039062,857.2279253031885,842.633927090976,856.6465146758311,3626590
2021-03-30,875.6788940429688,877.4716262691202,856.8501190642394,858.5750101863528,4331625
2021-03-31,875.2523803710938,881.2024051318624,868.4689807034758,874.0895000273348,3862550
2021-04-01,889.1390380859375,890.5538236756871,876.4249538222671,881.8420093326517,3238200
2021-04-05,883.1211547851562,888.4315689545675,857.402399731925,883.7801065389365,3661290
2021-04-06,895.263427734375,899.2656385106445,880.2915420278359,883.5863008622889,3711470
2021-04-07,909.4893188476562,917.5033819939848,899.4789410084248,903.6071343097359,5568060
2021-04-08,908.7915649414062,921.7672555382444,903.3939090344638,909.5086578332391,3303175
2021-04-09,922.6005859375,929.1320219345939,909.2179085095788,909.537713943312,6810735
2021-04-12,968.4661254882812,992.314609876166,909.9447447985546,925.4496605778696,17568825
2021-04-13,925.8953857421875,997.1016285819525,920.8174764838865,997.1016285819525,19686170
2021-04-15,939.1229858398438,944.840446838094,927.3877176311373,938.6094162926627,6934505
2021-04-16,948.3678588867188,957.4285201097006,933.240830940484,942.660097744737,5990145
2021-04-19,962.8746337890625,970.0262808310098,931.6612793239068,948.3193753635804,9219640
2021-04-20,999.4371337890625,1009.9029990152975,986.4033615807638,988.4383580711103,17424880
2021-04-22,1007.7903442382812,1025.262473187773,999.8732229648282,1003.9335156762495,12120670
2021-04-23,981.984375,1020.6400188407657,974.8908697334863,1013.2461082307743,11774495
2021-04-26,981.984375,994.2526122021039,974.9199106910858,993.2835550752013,4752885
2021-04-27,980.15283203125,991.5392531468492,973.195009034368,986.5970263661895,4789175
2021-04-28,977.672119140625,989.7756339372723,974.8715296763019,985.0563301704645,4219765
2021-04-29,988.884033203125,996.9659954713924,977.2553479602694,982.672344047164,5359655
2021-04-30,1000.6677856445312,1009.9513105202317,993.3126750264497,996.190746360511,6534750
2021-05-03,1005.0963745117188,1010.2130248876465,996.1907956773603,1006.6469606569923,4689495
2021-05-04,982.0910034179688,1012.2576987867033,979.5908193515813,1009.9513379841504,3978090
2021-05-05,1000.2510986328125,1008.2071387171044,982.6240048724529,990.3764625045827,5055995
2021-05-06,1001.7047119140625,1017.8977386766422,994.2527185914765,1001.0361192056484,4891875
2021-05-07,1002.9158325195312,1017.3161241790541,1001.2296827395616,1007.8096178708256,3924345
2021-05-10,1032.5400390625,1044.6338527316336,1021.7738288873281,1042.7054385679905,11222420
2021-05-11,1026.4156494140625,1036.8815145986448,1021.6382636132109,1032.045928584501,4724450
2021-05-12,1027.4815673828125,1034.9529596025557,1022.3552175849217,1030.6890847995057,4400825
2021-05-14,1007.2089233398438,1046.27167376242,1000.0669768897104,1034.6719697963144,14885055
2021-05-17,1017.5681762695312,1019.4480903017545,997.1597765404044,1017.5099760616372,6846935
2021-05-18,1010.8137817382812,1028.1502282143233,1009.7575425749325,1025.310957030686,4550200
2021-05-19,1015.1455078125,1020.2233575298211,1008.9919006211697,1014.6027790582934,4594605
2021-05-20,1014.8549194335938,1024.4872918539556,1012.6648405542085,1018.4791841363378,3879585
2021-05-21,1011.0077514648438,1021.289434440555,1007.1024224525661,1018.6729089537141,3558170
2021-05-24,1021.802978515625,1027.0068106579708,1012.9941638873617,1014.796595983766,3532490
2021-05-25,1029.3712158203125,1031.0767657986157,1018.4790233593469,1025.1461410127765,3478075
2021-05-26,1024.3321533203125,1033.9839241682212,1022.3552389854483,1031.076752872528,2537400
2021-05-27,1021.163330078125,1024.080201443663,1013.6628375076281,1023.0820442296794,3891965
2021-05-28,1006.7633056640625,1023.3244610258248,998.1289724020829,1023.3244610258248,4373725
2021-05-31,1028.9739990234375,1034.03256768194,1002.2280430540538,1011.1143404652589,4338240
2021-06-01,1030.3985595703125,1034.7593169343104,1020.4754233876869,1028.169680711468,3736865
2021-06-02,1029.59423828125,1037.6665609618212,1023.9058768987671,1028.4120168148136,2729755
2021-06-03,1023.818603515625,1034.9530609721858,1020.8048499021622,1029.1387179330163,2833590
2021-06-04,1018.4791259765625,1025.2625264350172,1015.959600893474,1023.818640658024,2007655
2021-06-07,1011.54052734375,1022.1129733975728,1010.2808240930965,1019.6418304821674,1819835
2021-06-08,1022.3067626953125,1026.4059736842078,998.1482349078739,1011.6956345353876,3663570
2021-06-09,1012.2384033203125,1029.138703401505,1009.3796137238866,1022.9173138519196,2365525
2021-06-10,1025.6597900390625,1027.2005577536231,1014.1182864992137,1014.1182864992137,1836400
2021-06-11,1056.853759765625,1064.005406640822,1024.9814542291494,1027.2006330732652,7277420
2021-06-14,1058.4720458984375,1068.8700099330836,1040.7673532802646,1056.8536779125673,4489710
2021-06-15,1048.6845703125,1062.6776981334694,1046.9693203090842,1061.1175303889831,2844075
2021-06-16,1047.7640380859375,1057.822856944319,1035.0113300097003,1048.519931121642,3492955
2021-06-17,1024.584228515625,1049.2951872033755,1017.228999170463,1047.7640011143444,3536160
2021-06-18,1024.0802001953125,1035.922049678751,1014.5639931393451,1030.1077070238655,3487140
2021-06-21,1023.7120361328125,1027.2006183478238,1013.0524070744859,1022.355332412221,2077445
2021-06-22,1028.819091796875,1031.076952688572,1017.6070327495227,1024.3904337540528,2134275
2021-06-23,1027.07470703125,1036.8815617096805,1024.7198458551343,1031.464564782074,2055715
2021-06-24,1022.868896484375,1030.0980247897442,1017.5196822225477,1027.006789338836,1830910
2021-06-25,1029.0030517578125,1034.177784021186,1020.8048657987124,1022.7429801752837,2320365
2021-06-28,1047.405517578125,1050.4483715748295,1029.633040521838,1032.821276766412,2964815
2021-06-29,1052.9969482421875,1057.2317235480987,1042.7055653309617,1048.7136727581867,2881305
2021-06-30,1051.0491943359375,1059.9160920396657,1047.5509117767053,1054.1405485482396,2340440
2021-07-01,1077.301025390625,1081.4680193775237,1048.985197574695,1051.621005217234,4157750
2021-07-02,1080.634521484375,1085.344125548276,1068.1918594528422,1081.4678965284606,2858690
2021-07-05,1073.308349609375,1084.5687897369874,1072.155228302067,1080.7313610122158,1486705
2021-07-06,1073.6087646484375,1077.8241396886676,1068.6762967642653,1073.6765466015188,890540
2021-07-07,1077.9986572265625,1088.1737578663667,1068.879795816818,1071.5835032691916,2692540
2021-07-08,1059.5186767578125,1083.0183140972724,1056.1948767720876,1073.7153885410992,2255835
2021-07-09,1063.130615234375,1074.8029821469966,1054.6902468854414,1060.7357015654406,2304980
2021-07-12,1069.7503662109375,1070.8601810225684,1059.1780699568678,1070.8406918236064,913295
2021-07-13,1058.6134033203125,1077.480016125171,1057.0363231902222,1069.750291382369,1852410
2021-07-14,1049.6085205078125,1062.8579672617896,1045.0621894873277,1058.6134811531388,2506775
2021-07-15,1050.153564453125,1058.8859134908644,1045.7825176347733,1053.3369585635596,1518410
2021-07-16,1052.6651611328125,1061.1248980028656,1048.24539187857,1050.0268707151572,2189520
2021-07-19,1055.1573486328125,1060.1514552830631,1047.9047530619666,1051.0004455840137,1204290
2021-07-20,1040.4964599609375,1058.3991901726804,1036.320067325282,1058.3991901726804,1322140
2021-07-22,1048.3720703125,1050.2217615405218,1037.0891320764244,1050.2217615405218,929240
2021-07-23,1055.70263671875,1057.6204213268313,1043.6213542419014,1047.7880021492351,1533805
2021-07-26,1053.5802001953125,1060.5408138738242,1051.350826377873,1055.0891868015942,934695
2021-07-27,943.0090942382812,1060.1417226125811,930.6747499116137,1058.7885306300414,29369105
2021-07-28,921.2803344726562,949.1421608100459,908.5760523054523,948.1881408836781,16190650
2021-07-29,909.7734375,927.754121063212,907.3104310922492,924.833593924503,5434680
2021-07-30,917.279296875,935.5423389296046,910.7373435876535,912.1781181863055,6866000
2021-08-02,915.4003295898438,924.9309621856643,912.6842606206635,922.6919031634241,3781730
2021-08-03,919.3236083984375,920.8325356177469,913.4825538063135,920.6280773164417,2991305
2021-08-04,928.4940795898438,936.515785333593,920.0829464258362,920.0829464258362,5520990
2021-08-05,931.12255859375,936.3210640442525,923.276077427147,933.400536670803,2969750
2021-08-06,931.9013671875,935.7856591421897,926.0603123580039,934.2572426649443,1998185
2021-08-09,938.1707763671875,941.1497119787509,926.6444019285649,933.5952714949738,2717725
2021-08-10,928.6790161132812,946.0269553734313,921.6308197492249,942.1620933560645,3083355
2021-08-11,923.8309326171875,928.1338857624609,913.1515659582591,927.754202940534,2633925
2021-08-12,918.291748046875,925.4761909756664,913.2489183150304,924.7168847291335,3107090
2021-08-13,905.7918090820312,922.0688527078892,901.858853709909,919.4014472816937,3969475
2021-08-16,907.5343627929688,912.4992948184522,897.3806700827312,903.4164383432493,2096145
2021-08-17,915.1959838867188,918.8369582408261,907.5344711630652,908.2840922680706,2130070
2021-08-18,912.5772094726562,925.8169699018853,910.23107850526,915.0986243796198,2768780
2021-08-20,887.0615234375,907.2910120857454,877.7158002196777,907.2910120857454,4134540
2021-08-23,879.0494995117188,895.4336746001558,876.1582059528492,895.4336746001558,2837575
2021-08-24,893.1751098632812,894.7911682431727,865.5858952494137,886.2827082179157,3084680
2021-08-25,885.6889038085938,894.5770474590202,880.7045415135951,889.7873988855092,2220705
2021-08-26,876.8396606445312,886.8473033223135,873.5102761505715,885.6888251134234,2408595
2021-08-27,895.7354125976562,897.7310942996144,877.3263823007452,877.3263823007452,2816975
2021-08-30,910.7860107421875,915.0986493744707,891.3547456904189,899.3277884271258,3141835
2021-08-31,915.8871459960938,919.3333470151798,905.460841552533,910.7957121278642,3227635
2021-09-01,927.452392578125,931.5411427070087,912.5674597378656,922.6919187893657,2814755
2021-09-02,946.1924438476562,954.8956176410902,936.5157609472085,936.7104746522674,6299320
2021-09-03,953.7567138671875,955.8399783845002,946.6987722105183,949.4050968723946,2156575
2021-09-06,957.1444091796875,962.4694754068381,948.4801544696827,961.8269855483893,3080995
2021-09-07,953.5424194335938,959.0914331906338,945.3844084171561,956.9594458836024,2101070
2021-09-08,956.2391357421875,961.8270689231352,946.5040439514675,956.9595230277752,2500145
2021-09-09,956.3850708007812,958.4099864125087,949.5802515420745,951.1184125925979,1812055
2021-09-13,960.152587890625,963.2288505161083,948.8014384604764,959.6658333384847,1493265
2021-09-14,960.026123046875,971.3674695959812,958.6631863971477,963.7546205083097,1549905
2021-09-15,966.227294921875,968.6415785359336,957.7188346836704,961.2429329596551,1601600
2021-09-16,960.259765625,972.82774340447,957.2613406157317,969.809888615402,1482575
2021-09-17,951.03076171875,965.282949397683,948.0129072348676,960.464067403248,2274150
2021-09-20,929.6914672851562,951.2254843189803,924.4832172476775,949.1713943311231,1660330
2021-09-21,945.0144653320312,947.0296362900615,923.9087952701954,928.4842999030459,1701950
2021-09-22,943.5932006835938,949.911265344895,936.9148829842468,945.1216171272105,1253645
2021-09-23,934.0430908203125,947.9252810962153,928.7277095824353,947.594321266409,2800365
2021-09-24,932.6898803710938,938.6769257480581,930.2950265693397,935.7369686395855,1258075
2021-09-27,932.9430541992188,935.6688679760066,921.5237512958516,934.0431243085038,1130285
2021-09-28,941.0230712890625,945.1020766439591,925.8266090603885,936.4962303741452,1527230
2021-09-29,950.339599609375,958.4976106577991,932.9429966670184,940.9938765560643,3275350
2021-09-30,950.2811889648438,970.5885745695732,947.3119980877805,952.0724124380573,3880075
2021-10-01,964.9130249023438,967.6680723692463,944.7419443089432,944.8879350270439,1710665
2021-10-04,981.8228759765625,988.5011937621548,963.77403810803,964.7475472374321,3801765
2021-10-05,980.2457885742188,983.244213307364,967.66806735398,980.7325431352621,1774235
2021-10-06,965.05908203125,981.7255536550481,955.362909664178,976.916416155439,2646320
2021-10-07,952.30615234375,971.542703869734,950.719386993844,968.8168899612173,1719870
2021-10-08,944.1481323242188,963.121815992922,938.6575265035156,955.333742857723,1741550
2021-10-11,952.9389038085938,958.2250514011841,940.0009885019742,948.1979189672203,3440320
2021-10-12,956.0443725585938,965.1369739647356,945.4720776812528,954.0389461301942,1427440
2021-10-13,959.5782470703125,962.9952737315912,952.1114484442155,955.791282174473,1207980
2021-10-14,965.4679565429688,975.3880171749367,956.7745269489956,958.7118006538387,1460300
2021-10-18,949.658203125,968.6318874970148,947.3509911266368,962.8005770278063,1668255
2021-10-19,934.9192504882812,957.9330214843295,932.6217831117762,955.0124939798042,2698595
2021-10-20,925.593017578125,943.223253251296,918.6031698994833,934.7732013299553,1580485
2021-10-21,905.6847534179688,932.3881013659717,895.6283876026594,930.6747158131982,2584000
2021-10-22,902.9199829101562,912.7232270818708,894.3141953852839,906.3370094990812,1814980
2021-10-25,910.4548950195312,914.9038387291038,883.3621795941029,905.5386859566088,1380835
2021-10-26,908.5177001953125,914.8649990806422,902.8324398423383,914.1251225948326,1363565
2021-10-27,907.8362426757812,920.5502703768017,904.789154144113,906.4343870592364,1929040
2021-10-28,889.7776489257812,913.0932057491677,886.0978151104637,910.2310863735718,1341975
2021-10-29,907.15478515625,957.5143940653278,881.2302319475858,894.2654742029524,9725820
2021-11-01,934.85107421875,941.373597365236,901.2844979576213,912.1780676524215,3383505
2021-11-02,924.0743408203125,935.3475935849576,919.3820789344238,934.5395643411156,2046660
2021-11-03,929.0490112304688,934.2280870803264,925.5249128325813,926.5860045403789,1862160
2021-11-04,927.9781494140625,932.3589407843778,925.6125292042865,929.7012797002379,104180
2021-11-08,932.37841796875,936.5450657836079,915.3127735074959,926.7807401788045,1191260
2021-11-09,933.0792236328125,941.3832846437741,929.7595837989492,932.6217028839044,1249435
2021-11-10,940.2832641601562,944.2941170458419,929.5065108975907,931.4730183655865,1711170
2021-11-11,937.4794921875,944.1772393595312,931.4534686522019,940.6044777006974,1586300
2021-11-12,942.9896240234375,948.1978739993455,937.4892737796404,944.3038375558164,1166710
2021-11-15,948.9085083007812,953.8442065797906,941.0036191433198,942.5515247600687,1337395
2021-11-16,937.9955444335938,954.2336697386387,934.0527848868145,954.2336697386387,1679855
2021-11-17,928.3966674804688,939.4070530878129,924.8531394940618,937.9955124193506,983295
2021-11-18,909.5398559570312,928.2799073746228,905.5776665271178,926.7418056757979,1168320
2021-11-22,897.108154296875,913.0736684100364,892.0458949270309,910.5133346395212,910090
2021-11-23,901.8491821289062,907.6707480024716,886.1853933028323,895.6284442179173,1063495
2021-11-24,895.2487182617188,906.0643904535452,893.0194037409078,901.2553123849304,996290
2021-11-25,893.992919921875,914.3197955036876,892.7078807278199,898.3542218520384,2726870
2021-11-26,925.0089111328125,938.462814630426,890.984754673084,891.7343757276662,5361365
2021-11-29,914.6312866210938,951.1183885944712,908.4008046275744,944.3038249095569,4500925
2021-11-30,910.3965454101562,924.4929984651709,905.363519685155,917.8049952828949,3589115
2021-12-01,896.86474609375,917.5128360430442,893.6813523281434,914.3197570978087,2127105
2021-12-02,907.845947265625,909.0628337048901,897.3904684863852,897.5559484050059,1163740
2021-12-03,894.9469604492188,908.0893341319054,892.3184738290247,905.7918667707276,2738865
2021-12-06,875.9050903320312,897.4293628183032,873.1013792994924,897.4293628183032,1336375
2021-12-07,880.1885986328125,885.8933481307165,864.7292681998819,880.0522930880963,2662500
2021-12-08,889.9236450195312,893.622967807681,881.4638483538541,881.4638483538541,979280
2021-12-09,894.5088500976562,899.1233333355848,888.8819981623401,895.6284093766901,1130885
2021-12-10,894.3238525390625,899.4250901850529,890.4687944924963,897.5753991093808,802565
2021-12-13,895.5895385742188,910.8151771946946,889.0961894758057,910.8151771946946,1355025
2021-12-14,904.6917724609375,907.310514412529,891.1697163065691,894.8496093600477,1195915
2021-12-15,895.6868286132812,904.6917882753224,890.2352011257373,904.409492011635,1537725
2021-12-16,895.1124267578125,903.2120299900193,889.7873602451735,901.4694700076922,1006605
2021-12-17,879.6531982421875,904.9741224521355,875.5352139495128,901.4695131230749,2417560
2021-12-20,887.9766845703125,890.7609065862482,868.7596227154759,875.4183922839136,1708885
2021-12-21,899.6976928710938,901.3137513590381,884.6861981857221,888.0448166882243,1293770
2021-12-22,905.0714721679688,911.0682624113086,897.5754398000815,903.4164947228586,1068395
2021-12-23,914.086181640625,915.0986097757523,906.3565165387665,909.97794209072,831200
2021-12-24,903.1536254882812,920.9396566878474,897.770150781683,919.9661475370146,1259130
2021-12-27,922.2830810546875,923.8601610862194,899.7365764097892,900.3207175366821,1696340
2021-12-28,923.6265258789062,929.4286022295283,915.6924027519752,922.28307853449,3342970
2021-12-29,941.0230712890625,943.9435984810664,923.626469068821,923.626469068821,2528020
2021-12-30,954.9540405273438,959.4808817120319,939.4460473438188,940.4098118676899,2765730
2021-12-31,955.40185546875,960.0844318677309,949.463414301806,954.8177143571941,1442840
2022-01-03,944.917236328125,959.9384761027214,943.8560851596967,955.4019493902329,1463005
2022-01-04,941.470947265625,952.6565573842644,939.4362870904737,946.4455645358411,1267190
2022-01-05,932.6996459960938,954.9345613008461,926.2062973032904,950.1449130076397,2684010
2022-01-06,922.7796020507812,941.587805950759,920.6086362427972,932.6996626616791,1908215
2022-01-07,916.7340698242188,928.6206376845281,913.1515633582948,928.6206376845281,1335615
2022-01-10,914.9136352539062,920.628129231987,906.366255782938,920.628129231987,1575095
2022-01-11,909.1114501953125,922.8671385458107,907.4175538665089,917.0455731357202,1547160
2022-01-12,913.8135375976562,915.7410666497724,902.2482444483966,911.2045402749261,1188845
2022-01-13,920.151123046875,926.7028206636595,912.1001832996881,915.0986081422096,2270255
2022-01-14,912.995849609375,919.5767215680862,907.4176017618217,919.0315588194865,1594300
2022-01-17,909.7247924804688,915.0888372918773,896.6992355720174,908.3813451280612,2693245
2022-01-18,913.8427734375,919.8590527084845,899.7171465064496,909.2575240615547,2122640
2022-01-19,912.1682739257812,921.7962930988668,906.327219378138,914.1250367061664,1539435
2022-01-20,893.983154296875,917.4350150547933,889.7873323819583,917.4350150547933,1588695
2022-01-21,875.4085693359375,889.7873177626475,863.5025720519346,888.0836768369531,2787740
2022-01-24,849.7468872070312,874.172256780553,839.3595617001668,873.451810131939,2782490
2022-01-25,857.2429809570312,860.3776519782813,837.4126038250645,849.7469484293975,1704510
2022-01-27,828.7191772460938,849.902746473359,823.9781923011166,845.0059667856104,3527530
2022-01-28,821.3690795898438,852.7939822511044,812.9677506167317,827.2491126549826,6514920
2022-01-31,837.7630615234375,850.5744162487401,825.545533140353,827.4730623120115,3092775
2022-02-01,839.057861328125,842.3580717870537,829.0404136004287,841.1119514862966,1858315
2022-02-02,859.6766967773438,862.480407767213,840.157851008237,842.0853800319169,1525005
2022-02-03,851.7523193359375,863.882264249278,848.8999447709718,860.1926266909798,1107685
2022-02-04,847.3326416015625,857.9536002623666,844.4218587559216,857.5739174342526,1234965
2022-02-07,839.0092163085938,846.9530254376173,827.4925855439709,841.1119700897716,1279790
2022-02-08,841.4916381835938,852.6675048725364,833.333626270774,838.9702231919659,1982015
2022-02-09,850.6036376953125,855.714560840263,839.4569458098115,841.5402696949985,994400
2022-02-10,850.9832763671875,854.4976300297934,843.7792851122982,853.7674981898364,1189325
2022-02-11,842.1632690429688,846.8652752158001,833.3530235697642,839.3595580809143,1687690
2022-02-14,818.6432495117188,830.7147860272653,811.2737785505464,827.4827287096412,2246930
2022-02-15,832.8468017578125,836.1372673566281,815.5280363813457,824.367515881129,1790055
2022-02-16,840.4207153320312,851.3921827616682,826.2269943241847,832.9344273903137,1903065
2022-02-17,837.41259765625,844.0811116854281,835.8939257318825,841.676572562798,1145155
2022-02-18,841.3357543945312,845.5899844278671,830.3253687990227,833.323793478095,1790540
2022-02-21,836.8771362304688,859.9298249917746,833.8300479406721,852.0151911167795,2939755
2022-02-22,821.3496704101562,824.6790550201163,809.1223980315327,815.7909118497437,2404200
2022-02-23,817.9326782226562,829.5563801787689,815.9661706702499,829.4298192322308,1857420
2022-02-24,796.8171997070312,807.81784067211,788.5326277449973,788.5423723429387,3485635
2022-02-25,813.191650390625,817.9423796797277,798.6863406435915,801.0032971173048,1527165
2022-02-28,791.1514282226562,808.0126142428334,789.0291853539957,808.0126142428334,4914250
2022-03-02,750.2153930664062,791.1514426889963,744.7345315643067,790.7523300644912,7703175
2022-03-03,724.06689453125,758.2175515539926,720.3967461485083,755.2483606325773,6673625
2022-03-04,745.445068359375,754.2650580054215,711.4404042582639,722.3437175387303,6040250
2022-03-07,733.9089965820312,738.2995318399328,714.1662048173959,729.9370630792847,3015430
2022-03-08,753.2138061523438,756.7963127907751,727.7662620245989,730.1318821927091,3920845
2022-03-09,765.265869140625,775.1664410153487,755.8714816428002,759.6292128746157,4046845
2022-03-10,757.8768310546875,776.178790171453,754.5766209596499,773.9397311348447,3560495
2022-03-11,774.0565795898438,778.0285135024944,754.0801531019963,757.9741896466351,5566315
2022-03-14,770.4935913085938,777.7656763087627,764.2047006616114,771.2139785895531,2850290
2022-03-15,759.307861328125,778.6125633450704,755.4430587365487,770.6297768716726,2356470
2022-03-16,767.8650512695312,773.7450248739376,757.390083791404,773.7450248739376,1793880
2022-03-17,787.0139770507812,788.5423935116087,768.3323345117194,772.0122275355488,3862935
2022-03-21,779.7711181640625,794.9578972096673,778.1745488288535,793.2152777283495,2008195
2022-03-22,784.7164916992188,789.8955672700034,772.9662296671579,782.8960344256313,6451110
2022-03-23,803.5928344726562,815.5961587659772,786.5953443780645,786.5953443780645,5220570
2022-03-24,842.766845703125,846.6706267286083,798.5597638858105,800.8085675459547,8690735
2022-03-25,849.1823120117188,851.8205433135929,835.2708870435002,842.4748788342665,4321985
2022-03-28,834.385009765625,849.474402065307,825.3703052461152,848.8610865280507,2484535
2022-03-29,841.8031005859375,848.0335233624762,826.9083633730512,836.0496283575479,2105420
2022-03-30,847.8096923828125,850.1655679972806,834.1221554796562,847.4981623102594,3084130
2022-03-31,836.33203125,854.2543091881818,833.3433509241274,847.5370720494734,3058595
2022-04-01,833.2166748046875,843.9641933227515,830.0137920034904,836.2442736888555,1569355
2022-04-04,840.5569458007812,845.0058894688465,831.376762219349,845.0058894688465,1298870
2022-04-05,843.0394287109375,858.2456367723912,837.7532811942048,844.7917927031084,2399325
2022-04-06,832.6910400390625,847.9264822299101,830.6564391596156,843.0589364076948,2059755
2022-04-07,840.6056518554688,848.3255721931881,832.6910178064029,836.2443499290605,1397010
2022-04-08,862.5972900390625,871.8067083128686,842.4456380409522,846.3689085743497,3358875
2022-04-11,852.8912963867188,866.4230966066515,851.5186747035536,862.5290602174081,1077795
2022-04-12,851.3045043945312,858.265118474084,842.7960440652358,852.0152064672058,1855070
2022-04-13,837.0621337890625,849.3574996903434,835.3876671533372,847.1476743239881,1847180
2022-04-18,834.28759765625,840.8101208504158,823.7250471371417,832.350323953039,1698380
2022-04-19,819.63623046875,840.3524726237172,815.8006023482811,839.1648200766329,1550720
2022-04-20,835.9328002929688,845.0059123809859,820.288501674339,821.0576119033994,2252075
2022-04-21,841.1702880859375,847.2547200876407,839.1648616749073,840.9171662077416,1972180
2022-04-22,816.3360595703125,837.0231283418788,811.3225232601723,836.6240157472711,1953715
2022-04-25,801.28564453125,813.7952129060795,790.6841159963158,808.0125663795955,1705680
2022-04-26,808.8984985351562,814.8758592488674,804.3230528563295,812.8801772841025,792225
2022-04-27,793.80908203125,810.6800124966005,792.9329594337837,808.8984740876598,993500
2022-04-28,802.5901489257812,808.3338767319218,794.6950039056799,798.2775104810594,1504805
2022-04-29,804.498291015625,830.5980705818114,801.2175697285198,809.9596634281108,2615175
2022-05-02,802.930908203125,807.0877518844408,792.4364510068528,802.5901443484051,925300
2022-05-04,777.3178100585938,805.1699515529264,772.3821710350518,802.9503222056189,1712475
2022-05-05,771.7591552734375,793.3905009629283,769.2669741227934,788.5424442086818,1264655
2022-05-06,765.3047485351562,768.8483360815977,755.4430961477036,765.139268617707,1197395
2022-05-09,760.46630859375,766.3365967264707,753.6225708225991,764.9834048772603,886775
2022-05-10,762.0629272460938,765.9569637260618,757.3900953537883,759.3371135937723,1014140
2022-05-11,756.231689453125,767.6996565042457,749.7968078149089,758.4610041605456,1356280
2022-05-12,755.443115234375,758.5972754353869,737.8907163944288,751.8411194249873,1468145
2022-05-13,764.0682983398438,774.7184897182395,757.4873676582163,759.2202422871211,1092005
2022-05-16,757.07861328125,770.0457627114653,751.7535465782192,763.8152801813784,1089575
2022-05-17,760.1159057617188,768.0694586009866,753.6907693645082,766.1321849673965,1277320
2022-05-18,760.46630859375,775.8769735985506,755.8324553951744,762.0628777071372,2500790
2022-05-19,765.0711059570312,781.6791693711164,745.5230259506511,756.6113092237821,9129055
2022-05-20,827.3074951171875,837.0425859362667,773.9397201168015,773.9397201168015,12401575
2022-05-23,832.340576171875,842.4748396674216,824.7958802818521,827.3075505184886,3035360
2022-05-24,846.3883056640625,851.8205033396218,828.7385800814029,832.1361769146522,5054480
2022-05-25,838.6683959960938,856.2986326076365,836.4974895850739,854.9551852145678,2500200
2022-05-26,838.02587890625,846.758227259601,835.2026786690415,840.3330907850817,2145360
2022-05-27,854.83837890625,858.4403747209992,831.1723733465341,841.1119233685902,2171455
2022-05-30,850.9053955078125,861.8962922946059,847.1670942706663,857.4668375965922,2324015
2022-05-31,850.77880859375,856.4933023107595,843.1757048283372,847.9264340342532,2380075
2022-06-01,840.9171752929688,849.221236699385,837.4319959676208,846.9529437875248,1772530
2022-06-02,843.6723022460938,848.90004201744,835.2709129024811,837.8215023119603,1639675
2022-06-03,845.0059204101562,855.0622863074558,840.0994558112592,848.8415487389797,1423865
2022-06-06,838.3374633789062,847.6636386450948,831.5715626195589,843.4483866303268,566055
2022-06-07,806.8345947265625,832.3502899168158,798.9978582665574,829.4297625837744,3605015
2022-06-08,817.5821533203125,820.1424869730482,800.8085513438365,812.6853740910421,2264910
2022-06-09,841.676513671875,844.0323890549562,811.9260779753428,811.9260779753428,3702930
2022-06-10,847.2547607421875,849.6787890610552,833.6742959790867,841.676572229213,2107480
2022-06-13,830.8316650390625,847.926483617935,828.7483411633558,841.6960011879867,1839815
2022-06-14,839.369384765625,842.075709431358,825.3508285843968,827.4828160990777,2035905
2022-06-15,844.1297607421875,846.7777365294028,834.6964546958712,838.5223979459282,1585315
2022-06-16,834.7840576171875,848.7636341059347,832.4768457915796,846.9529214308491,1750035
2022-06-17,807.3701171875,837.0037385520563,791.6674095998186,835.2708637172744,4764870
2022-06-20,808.363037109375,813.69790761341,799.6598630008097,807.3700981886985,1387575
2022-06-21,831.1139526367188,832.6521137401306,809.9791068902365,809.9791068902365,1191555
2022-06-22,829.60498046875,846.7290317387825,809.9595738955633,833.5185060776239,2847785
2022-06-23,836.224853515625,838.7170345118192,828.4562696716844,836.2443427120762,1675510
2022-06-24,839.0967407226562,851.3435025571686,835.6602842952991,841.5013392384118,1518295
2022-06-27,841.218994140625,856.6588353074858,838.3568748057529,856.6588353074858,1663765
2022-06-28,851.7426147460938,852.7940212724532,839.554320508596,842.912879564597,1412215
2022-06-29,849.7468872070312,858.3916528075948,843.9155771785805,848.3352871219905,1905735
2022-06-30,855.48095703125,859.6086265464726,847.1477206274177,850.7983801399309,1845325
2022-07-01,853.9427490234375,855.7145428065415,835.2805952560045,853.7675245066404,1523995
2022-07-04,847.8193969726562,858.8784466441213,836.4390726449249,849.308835073013,1303490
2022-07-05,855.558837890625,869.8304563920268,847.1866232525566,849.8540289112875,2434495
2022-07-06,854.7410278320312,865.1186091557425,852.6674486033041,855.7145369753479,1678505
2022-07-07,844.314697265625,865.0601740879664,842.6694644878411,861.8962694705574,2161110
2022-07-08,857.8951416015625,859.5987825103273,838.0745107748351,843.058872565873,2089480
2022-07-11,882.360595703125,895.6322496866917,852.7786850670319,858.4735449174175,4797040
2022-07-12,878.9690551757812,889.8098738190791,867.657767964432,876.3029868560147,2079370
2022-07-13,882.4782104492188,888.9670159813327,872.3627164901694,881.086367585316,1893835
2022-07-14,896.9456787109375,903.3364297810396,882.7624027175035,883.3407368833168,4423835
2022-07-15,891.1821899414062,904.2284202682063,886.281276072201,900.8664005330045,1504725
2022-07-18,875.5188598632812,904.4734983270384,873.4016913192924,897.0633186846611,2337315
2022-07-19,871.9509887695312,881.772379257461,869.4515347185027,873.8917314731711,1961920
2022-07-20,874.0780639648438,880.5963039033497,870.4023782458999,880.2042068297501,1130700
2022-07-21,856.8953247070312,879.5865790275074,853.9352135189619,876.0873194729212,3126100
2022-07-22,857.3659057617188,863.8938968760692,853.3471203927434,861.384631305084,1806315
2022-07-25,848.9461059570312,860.7671080680549,842.9572034395779,858.179470957518,1726910
2022-07-26,825.7060546875,848.6031116475976,822.187171941606,848.6031116475976,2971165
2022-07-27,840.2225341796875,842.9572227021639,816.1001895835016,824.912083362704,1866270
2022-07-28,835.1256103515625,845.8781876381911,822.3734217367994,845.7017619019935,2832835
2022-07-29,801.858154296875,820.0111589858546,795.0458718384348,820.0111589858546,9872475
2022-08-01,805.7984619140625,811.5521298608267,803.8478479913366,811.5521298608267,2136850
2022-08-02,800.8877563476562,809.2388728862968,798.104010951037,809.2388728862968,2635115
2022-08-03,803.0245361328125,804.5339960433679,791.9876687023142,802.7598676438784,2600985
2022-08-04,813.1498413085938,815.3748154899641,801.6032596920414,805.7102278450056,3006675
2022-08-05,814.89453125,822.1380961588109,812.3460800203338,814.5318684171385,2075395
2022-08-08,827.9309692382812,830.0187633386865,814.8945502733834,814.8945502733834,2041885
2022-08-10,831.8419189453125,835.899890145318,826.2058677760641,831.9007275210106,2108115
2022-08-11,834.782470703125,838.6443933909667,830.3912708318941,835.1157591838148,1285185
2022-08-12,835.2725219726562,840.9183842932803,827.4703054210678,834.7236220151293,2021290
2022-08-16,842.52587890625,846.6818441779205,835.6645996830487,838.0562479767317,1314065
2022-08-17,846.0741577148438,848.8186575105401,841.339858176262,846.4760661535901,2169055
2022-08-18,828.2741088867188,831.195034557359,810.2877181751635,831.195034557359,5137920
2022-08-19,824.1376953125,832.586866355106,820.4130125967766,829.6267549480601,1928705
2022-08-22,820.7952880859375,829.2248362237369,815.5120884432847,817.2960283158276,1692810
2022-08-23,828.2838745117188,830.2539916251044,812.5715159987323,812.5715159987323,1398150
2022-08-24,826.8920288085938,832.4300857681912,822.7654973529903,832.4300857681912,1467185
2022-08-25,830.7833251953125,835.8802875414124,825.7059856487188,831.0283708867057,1552875
2022-08-26,827.9212036132812,838.0563204079166,825.7354150446004,837.664223345317,818685
2022-08-29,825.3433227539062,827.911396813479,814.9533495441954,817.4724264306145,966050
2022-08-30,832.1849975585938,835.4294001905223,821.9127010950829,826.0980409141363,2359905
2022-09-01,823.7651977539062,829.7247258258342,822.7752035709593,826.4901346069925,1656700
2022-09-02,821.3833618164062,829.626732534439,818.2467649416277,827.8917898620901,1008280
2022-09-05,826.1470336914062,827.1860250470666,814.5318916575798,822.3733539118043,1581715
2022-09-06,831.0382080078125,833.5474735723183,820.413000176877,829.2346453400692,1129375
2022-09-07,833.0181274414062,836.2919642671225,825.7648107265577,826.294087893327,1073975
2022-09-08,837.3995971679688,842.3593197956144,833.6846660281274,842.3593197956144,1577545
2022-09-09,834.1551513671875,846.7799100991272,832.3810229650206,837.566168227007,1570630
2022-09-12,835.3411254882812,842.9571645963284,832.1163457795441,835.1157026000835,1262745
2022-09-13,833.723876953125,844.3196502999289,830.6069029247369,835.9096653852315,2209365
2022-09-14,826.1275024414062,835.5960421537169,816.5609085517868,816.5609085517868,1723540
2022-09-15,817.2764282226562,830.2638506650742,811.8560483050634,830.2638506650742,1881365
2022-09-16,799.3096313476562,820.4129955406394,796.0652287045522,820.4129955406394,1893520
2022-09-19,803.583251953125,805.9160917168894,783.5581252688654,797.8687696893151,1506440
2022-09-20,826.4901123046875,830.8028805382296,804.9456546338724,806.1023229331595,2957845
2022-09-21,814.0908203125,836.8996934294848,810.1897118756167,827.264479662735,1894725
2022-09-22,819.9033203125,827.6859744309527,805.3966262906782,805.7299147785128,2391915
2022-09-23,811.4345703125,826.2451183331672,809.5330132527054,816.1001902722991,1659940
2022-09-26,809.2095336914062,815.2768677087766,801.652302651164,807.5138365657926,2055290
2022-09-27,819.7464599609375,823.3535253691962,808.7095924178197,813.2576548208623,1485445
2022-09-28,837.0172729492188,842.3690923846938,819.0701289105453,819.0701289105453,3133240
2022-09-29,854.8566284179688,863.9331305786346,840.2126952179023,841.2418751769701,5442790
2022-09-30,849.9557495117188,863.5410691125963,837.477981463897,859.1400577989785,3164565
2022-10-03,866.4129638671875,870.2062664674125,845.3880311176796,845.897745311193,3476290
2022-10-04,865.2955322265625,872.3430487866725,857.8657898508606,871.5785373298797,1543270
2022-10-06,862.08056640625,871.9608255797788,856.6601269165806,869.62798577734,1231195
2022-10-07,857.9833984375,864.2369692788179,857.0718356429993,860.6004696749768,1338865
2022-10-10,858.64013671875,860.2084052756634,846.8779430650685,852.7590398919093,1218745
2022-10-11,839.5756225585938,860.2084599387797,833.5475338233853,860.0124712259192,1486910
2022-10-12,831.42041015625,844.9175460158016,826.3038848235833,842.957180479802,1470100
2022-10-13,834.0669555664062,844.7215379791203,831.4498842015979,833.1455813273067,1513920
2022-10-14,845.0744018554688,850.7986959023204,835.7136678000069,843.9374160966566,1244005
2022-10-17,849.857666015625,857.4638940498583,839.5265609303046,843.9373834921101,1050700
2022-10-18,854.0430908203125,857.3952993147939,849.8576910331528,854.1117107968115,721180
2022-10-19,846.270263671875,861.394477686955,843.9472351312783,854.729246351997,860840
2022-10-20,852.5728149414062,853.7392348884115,839.0364926113435,843.9374067036995,1287620
2022-10-21,848.9951171875,860.3946480646063,844.6431031139688,853.7392283156457,1002975
2022-10-24,858.1500854492188,859.4243111895032,853.7392626228093,855.6604425466439,158840
2022-10-25,870.8629760742188,877.7536898149662,856.8758083205026,860.5906795631812,3118275
2022-10-27,880.4393920898438,885.8892060858027,872.4313153341812,874.3230609663917,2207370
2022-10-28,874.3132934570312,882.7036562855108,868.4420077397826,879.2240191225565,1767930
2022-10-31,869.1672973632812,906.6691013320991,851.7102438701169,888.2416764269041,9128805
2022-11-01,889.0845947265625,897.8474312190391,869.4711276231408,869.4711276231408,5350980
2022-11-02,893.0739135742188,910.5897745263684,890.9959309307776,890.9959309307776,3708780
2022-11-03,899.7882080078125,901.7681964529157,887.5261113295994,893.0739796057719,1766075
2022-11-04,887.0850219726562,901.7681405959921,884.6051308697255,899.8175864726697,2463380
2022-11-07,879.3121948242188,891.4370510045801,871.2648726779271,888.2416455755306,2100085
2022-11-09,889.0061645507812,895.0636869922455,882.1841306451681,890.005970137201,3565560
2022-11-10,891.8585205078125,904.9047508647382,887.6534981099347,889.9961493029705,2959765
2022-11-11,889.898193359375,897.6514131296854,882.5566336216234,896.318378854802,1625215
2022-11-14,855.4349365234375,878.9985698919224,845.897776793702,862.5608847954319,3722425
2022-11-15,869.1672973632812,870.9120514853812,855.4447379917684,856.1308779254663,1872600
2022-11-16,878.4398193359375,890.976335553988,861.2278121134391,869.1574573007096,2610960
2022-11-17,866.7364501953125,879.9002979882721,859.1007879134643,878.4300237918425,1561865
2022-11-18,864.3349609375,869.333869104858,857.7579130522607,867.2167006573768,1693670
2022-11-21,852.7295532226562,861.1885350908262,846.3976109837557,858.6400838862468,2153040
2022-11-22,855.2094116210938,863.0704960732542,848.0540898270926,856.9933513264132,2015475
2022-11-23,863.6685180664062,866.4816380554921,854.7194438737433,858.6401752676596,1964345
2022-11-24,865.2760009765625,870.3925265441312,857.8265757023927,867.9910666871581,1188110
2022-11-25,866.109130859375,869.4123421471193,860.4044597190328,867.2363650225162,1477045
2022-11-28,862.9529418945312,871.8529584465305,859.9143393866156,865.4523960139267,1530840
2022-11-29,873.0193481445312,877.988881837376,863.3547606435466,863.5606205570753,2045690
2022-11-30,879.6454467773438,885.6834063534424,870.5983786389457,876.2834269380752,4256840
2022-12-01,877.1361694335938,888.3984601305674,871.7353526828555,884.0464461453171,1936730
2022-12-02,884.2033081054688,886.8693765784317,874.3524830294073,879.2141513802478,2080040
2022-12-05,878.1261596679688,888.4377017274626,872.3921142964543,888.0259818826411,1961695
2022-12-06,857.503173828125,877.1558276161372,854.5331911351728,874.3427076784209,1742295
2022-12-07,855.0134887695312,859.2282630627589,846.877983073187,855.6996287301993,1661035
2022-12-08,853.9744873046875,858.4931158355286,849.0441987325289,857.4541244189376,1386625
2022-12-09,863.9526977539062,865.4622175384479,853.5921584876118,857.6599409951468,1539865
2022-12-12,872.8037719726562,874.8915660886124,856.101419045007,856.101419045007,1367975
2022-12-13,873.9603881835938,877.1949794341688,870.5003142092978,872.401871220035,1087545
2022-12-14,883.056396484375,884.8109618585158,872.627297710265,877.2635428764685,1392005
2022-12-15,876.0775756835938,887.5751607718613,874.5191185118615,879.4494069563771,1209055
2022-12-16,844.7411499023438,874.0976367979176,835.3607933047589,869.3241513365107,16783045
2022-12-19,861.7865600585938,864.2565800874448,845.907586384612,851.7690605131928,1661755
2022-12-20,856.6307373046875,860.6004655279351,844.5450670911488,858.6401000028144,1214105
2022-12-21,864.0409545898438,869.4221486208219,853.4255580533701,858.6303263584026,1739615
2022-12-22,852.6119384765625,873.5388760186305,845.9173333895482,868.4419137695344,1737350
2022-12-23,845.0057983398438,866.0894796643304,841.2418701449108,847.867915303585,2498780
2022-12-26,832.8809204101562,852.1709710310963,829.2444804218695,849.2401741341138,1593040
2022-12-27,833.322021484375,837.0369527058423,823.5496273661671,837.0369527058423,1366245
2022-12-28,833.6944580078125,836.419394873567,826.4803270493979,833.3219837624847,1088005
2022-12-29,835.2333374023438,853.6705729177874,827.8721552256428,838.0562685667225,4064660
2022-12-30,830.7147827148438,840.0363312570869,828.2545141716557,839.0365255987424,882895
2023-01-02,830.2246704101562,836.5958588205025,825.1178963163352,834.8707274634493,663630
2023-01-03,830.8715209960938,834.7432549451264,826.5096956566927,830.9597637696281,810895
2023-01-04,833.8414916992188,835.1157173309635,827.5291122878712,830.2148034968617,832835
2023-01-05,842.4671020507812,843.7119533294783,831.4890429152479,836.0959139608102,994925
2023-01-06,837.419189453125,846.7407378784751,834.9393579653116,842.859252101791,630680
2023-01-09,849.6224365234375,850.788856444959,838.0857256834976,841.6143598226569,830195
2023-01-10,840.7420043945312,852.4257668847177,839.8108187482604,846.8779584339865,1170765
2023-01-11,835.4882202148438,846.8779395697679,832.0575804133458,843.9275797683821,1273265
2023-01-12,845.0352172851562,847.2700628556263,831.6067005383612,838.0465089156529,1280325
2023-01-13,846.9563598632812,851.1319481105681,840.9968317634836,847.662062754063,1234630
2023-01-16,848.06396484375,853.2981073879836,841.0066368607747,850.7398446896578,446555
2023-01-17,853.10205078125,854.6801905099701,844.0549829494155,850.5927852805977,778125
2023-01-18,855.5721435546875,861.5708574184323,851.1907552179446,853.1020637899893,1318465
2023-01-19,849.2695922851562,859.2576574649875,846.2016153182727,855.6701548949602,1242455
2023-01-20,852.8766479492188,858.8459874880871,839.0364716836632,849.2205852717083,1182675
2023-01-23,850.3772583007812,855.7878868784436,846.750569722647,854.7096498278553,770265
2023-01-24,833.6944580078125,853.700022204584,830.6069181223132,850.9947081387762,1320270
2023-01-25,823.539794921875,836.8605055909073,818.4722665613759,835.1157514783331,1470210
2023-01-27,845.7017211914062,858.8165720479632,833.8120988541418,839.0364900115767,4781440
2023-01-30,848.60302734375,850.6908213876226,840.006805480722,846.8680847317866,1873685
2023-01-31,847.6915283203125,857.9932593713041,841.6437572225823,851.778873944687,3159705
2023-02-01,853.0531005859375,858.6401546532558,844.9665922801278,850.9947405837944,2027270
2023-02-02,856.6994018554688,858.4539075545284,841.3007083171572,845.505671050127,1946775
2023-02-03,854.3959350585938,868.4223487064996,846.5250981868724,857.6599605740065,1874895
2023-02-06,852.6707763671875,858.6695500241516,840.0166429926319,858.6695500241516,1516105
2023-02-07,870.4513549804688,875.9404147538784,854.7684296146341,858.7675923340935,2987405
2023-02-08,879.7728271484375,881.4979583614199,868.9614425197053,872.3626479476592,1196855
2023-02-09,879.7140502929688,887.9573611986297,869.1476511453021,871.1864480910236,2054810
2023-02-10,882.0861206054688,883.1447348190205,868.9418951041844,880.9785092152628,685110
2023-02-13,887.006591796875,893.4169655286255,882.1841093548755,883.7523778451754,1872775
2023-02-14,889.6922607421875,894.7107915763542,882.2918930329682,890.9861091358471,1202135
2023-02-15,886.0557861328125,894.5540137872052,882.9878691152489,891.5742198906196,1283685
2023-02-16,885.947998046875,891.936900507478,884.017066675944,890.4862491292918,1352330
2023-02-17,884.1934814453125,889.0257753383653,875.0091736460023,882.3997302190933,1056035
2023-02-20,877.2244262695312,889.7217570556412,875.9795749607586,886.0852573053651,761745
2023-02-21,879.4494018554688,883.0074702352771,874.0878306109179,883.0074702352771,791630
2023-02-22,877.5968627929688,886.1244049846259,876.1657744194131,879.5964140955629,882305
2023-02-23,872.2842407226562,885.1050482053056,870.5983550614146,877.4791974790053,1187840
2023-02-24,880.4197387695312,884.1248583556508,870.7551510174925,875.2835906278996,1764830
2023-02-27,866.6776123046875,880.4197339810671,853.7391878486337,880.4197339810671,1370570
2023-02-28,846.21142578125,870.2062816861456,842.9572116919243,870.2062816861456,2699875
2023-03-01,851.6220092773438,854.1606491047893,842.3690816977644,846.1819471387455,995515
2023-03-02,860.7181396484375,862.8451196328181,846.8779629109875,854.3273284693115,1413260
2023-03-03,870.00048828125,871.7648053774335,854.8174062723889,865.0309542461655,1371180
2023-03-06,870.2455444335938,874.0878443509579,865.7072931742492,869.8142615981827,877920
2023-03-08,867.7068481445312,871.1864852174355,862.8059340064656,869.0300710315641,1173705
2023-03-09,858.8263549804688,870.0788341844675,857.0326037365112,865.6288258871224,1022125
2023-03-10,861.6884765625,865.1191163211448,852.7590257202879,857.2580910413218,1686010
2023-03-13,856.7581787109375,865.6876294537586,851.8768277986982,857.6599301148591,812710
2023-03-14,852.6707763671875,866.6580037908514,844.7215083744933,861.384615645059,2141980
2023-03-15,861.4827270507812,867.4618184795476,850.9555130340229,854.1215443071787,1717110
2023-03-16,859.375244140625,868.4419347688552,856.7483614944379,864.7172522056229,1384640
2023-03-17,869.6475830078125,874.9405941585308,859.3752862130149,863.678303144843,3092990
2023-03-20,870.2945556640625,880.9883241190283,866.9717214802308,868.6380442723929,3949945
2023-03-21,866.3541259765625,878.2437475684202,864.3643860952938,870.7845711687582,1984640
2023-03-22,877.2537841796875,878.2437783680258,865.6680164422326,868.3145219359188,1598885
2023-03-23,871.7647705078125,882.0665010202543,868.5497422972929,878.0477157571049,2418370
2023-03-24,875.1365966796875,881.7723933313788,872.3528512979238,872.3528512979238,1126970
2023-03-27,879.3513793945312,887.7809273453227,875.313031139898,880.2041336243547,1759570
2023-03-28,887.4182739257812,891.3978136490782,878.2437773950683,881.958648621607,1834690
2023-03-29,895.455810546875,896.867276194238,886.506736655194,891.8585563651142,2083535
2023-03-31,906.22802734375,912.8442614742296,895.4656389690326,898.4355618471739,2282485
2023-04-03,912.84423828125,917.843206503747,901.3957102483856,911.364152667198,1500675
2023-04-05,918.0,920.3916484230054,909.86449473199,911.5700032304526,1823560
2023-04-06,921.254150390625,923.5673672786246,916.6570909872532,920.1857248901133,1460345
2023-04-10,933.0653686523438,935.5256369549537,919.0193329337451,927.644989092443,920770
2023-04-11,933.7907104492188,942.1320754628388,922.9400799167197,935.6824560318541,2309250
2023-04-12,956.8544311523438,964.4214134134388,926.5079510840487,933.7907018793263,3403195
2023-04-13,951.3458251953125,958.2266676716778,947.0918055807674,958.2266676716778,1169335
2023-04-17,951.2282104492188,965.0781980365438,944.8472109240915,956.0605044173708,1705675
2023-04-18,963.0099487304688,964.1077486468258,949.8950984817511,953.0121323369029,1797050
2023-04-19,962.4120483398438,968.4205734856771,956.7661860316357,958.1090316359466,1920935
2023-04-20,952.3848266601562,963.71573739361,945.3373099609572,963.71573739361,3175850
2023-04-21,954.4530029296875,956.4623657075753,945.5137405663461,952.3652087765113,1657195
2023-04-24,942.1712646484375,951.5614324476867,931.5853025718842,951.5614324476867,2190830
2023-04-25,947.5034790039062,949.0423731787832,932.6929312559414,941.6714392051382,1639985
2023-04-26,949.8167724609375,955.5311952095315,942.9358699414931,942.9358699414931,1020765
2023-04-27,964.2156372070312,968.2245513295888,944.5237385648818,949.797126779282,1098280
2023-04-28,966.4307861328125,967.440403111724,956.0898697769326,964.2156233052375,1235220
2023-05-02,970.4594116210938,972.1354859349447,961.2456692925612,961.2456692925612,1209890
2023-05-03,970.822021484375,972.3412927892367,963.5196479957859,970.36130448029,883875
2023-05-04,973.9096069335938,975.2818867849423,964.5684959513931,970.822067006475,1006635
2023-05-05,968.91064453125,978.0263321049658,965.5878106637863,975.2720209814167,461545
2023-05-08,961.970947265625,973.6547688355898,950.1205712032908,969.4007493352597,1190915
2023-05-09,967.0973510742188,968.4009510800032,958.6285576084622,964.1175571738924,1545295
2023-05-10,954.1687622070312,973.2920782248276,948.7973198256283,973.2920782248276,2271505
2023-05-11,888.437744140625,921.3718634132362,886.8792271122204,916.4709492461445,13916795
2023-05-12,875.5188598632812,890.9763619040754,871.3825171259507,890.9763619040754,5242020
2023-05-15,885.801025390625,888.4572825072232,871.676557649946,876.3128630050139,1588765
2023-05-16,885.1149291992188,891.554737733704,883.0565093089701,886.673386435856,1430235
2023-05-17,878.5377807617188,890.9959249649622,872.5782529319154,886.0460140769422,1749805
2023-05-18,867.0892333984375,882.595731215387,863.5213539377719,880.5961800028408,2127235
2023-05-19,860.9827880859375,870.4023304799445,859.4340825035072,868.0401162441402,1630405
2023-05-22,873.8623657226562,876.2539542271645,859.4732301431258,864.3251467757084,1224880
2023-05-23,874.430908203125,882.0959452713705,871.5884138326876,873.9506281785871,1616475
2023-05-24,885.9381713867188,886.869356981924,874.3034067105642,875.3032122786382,1683665
2023-05-25,882.9389038085938,888.8102494393027,878.7143180420691,888.8102494393027,1033820
2023-05-26,888.2318115234375,889.809891397958,882.1546664884205,883.154472040888,752935
2023-05-29,893.1915893554688,895.6910435663207,886.0852639531893,891.5547008070804,928140
2023-05-30,885.86962890625,893.1915656167415,881.9390863540448,893.1915656167415,1369945
2023-05-31,882.370361328125,887.9769781096654,878.4300074109777,884.1248669659268,6313505
2023-06-01,892.3681640625,893.9168695811592,882.3703477278054,884.0954191393454,1528955
2023-06-02,903.8167724609375,905.6888952609901,894.9166960030896,895.6812074676942,2509565
2023-06-05,902.464111328125,911.9620848847882,901.1212657019771,907.8453052326402,1132140
2023-06-06,908.952880859375,909.6095865467679,902.7483073379022,903.7284900820259,1161655
2023-06-07,916.2258911132812,917.0590225801441,910.6094626981518,911.5700227176801,1139525
2023-06-08,911.452392578125,919.9995579315472,909.0215583630436,916.4709237596154,1203490
2023-06-09,914.8633422851562,922.3519527313651,910.7073770649249,917.6568989725332,1084700
2023-06-12,916.598388671875,920.3916914961455,912.4424229809873,920.3916914961455,717870
2023-06-13,921.763916015625,927.0176813911853,913.1480710370706,921.3718189709255,1294905
2023-06-14,921.1757202148438,927.1646223534206,918.4312205284392,922.9008513964712,901255
2023-06-15,941.6517944335938,951.757476471487,920.5876761278619,920.7052932750538,3630745
2023-06-16,963.529541015625,968.4206438044421,945.9058727351207,949.7677356836961,3814515
2023-06-19,956.4623413085938,984.8876418260539,953.1395073382341,970.576997219921,3540755
2023-06-20,960.8143920898438,965.8231119115842,954.1197267185887,956.4623780023577,1070755
2023-06-21,962.617919921875,970.3809507769199,959.3440831182081,964.8821397473301,1123550
2023-06-22,960.4713134765625,965.8623187375115,958.6187536741994,962.8433390402096,1242850
2023-06-23,978.9869384765625,983.1232808922408,960.7751265519353,960.7751265519353,2791140
2023-06-26,988.337890625,994.6894557841314,970.773032265738,978.202774533771,3607125
2023-06-27,985.2012939453125,997.1497242191225,983.3193597915518,988.3378907519858,3330315
2023-06-28,1001.3253173828125,1003.5895371836375,981.035522122158,985.1914874859573,4426340
2023-06-30,1011.47021484375,1014.479323205174,1001.7663817998975,1002.922990252548,2430705
2023-07-03,999.4531860351562,1015.2734109039123,997.8849174563552,1011.4702967834278,1174135
2023-07-04,1017.1161499023438,1020.3212471807875,996.8557281656213,1002.707390819131,1863335
2023-07-05,1015.1459350585938,1019.742934828985,1007.0398043859112,1016.4495350715665,1410270
2023-07-06,1025.6240234375,1030.858165899291,1013.5089788224874,1015.165430262447,2534370
2023-07-07,1015.9594116210938,1033.7301295115228,1001.7467618685555,1025.27114766586,2771720
2023-07-10,1010.5586547851562,1022.3306597780927,1008.6081005864404,1018.4001171803861,1003625
2023-07-11,1020.614990234375,1030.325492935797,1010.2820781585397,1016.2980991766154,1056805
2023-07-12,1025.1885986328125,1027.1544063064348,1013.5319451805753,1017.4833367797199,1203590
2023-07-13,1015.9918212890625,1027.9843109683554,1014.5001611013031,1025.3862657989719,2034915
2023-07-14,1006.0342407226562,1020.427193111452,1002.912667616546,1018.4712733934093,1942045
2023-07-17,1033.239501953125,1036.2524863971453,1006.2218849809334,1007.5357396199241,1976770
2023-07-18,1025.583740234375,1030.4637720351561,1016.8018776747939,1028.0533602220198,1286955
2023-07-19,1031.5799560546875,1041.1916969230806,1019.775101180505,1024.2007611093816,1961585
2023-07-20,1054.8834228515625,1065.8287360277704,1035.2647747021604,1037.0429494583643,6016030
2023-07-21,1044.78759765625,1054.9722480695489,1042.693364670686,1051.7223100725466,1150370
2023-07-24,1065.2359619140625,1074.156258155565,1042.8217490259462,1042.8217490259462,2119525
2023-07-25,1071.89404296875,1082.6714981973148,1065.2656216092676,1070.8272105613978,2162155
2023-07-26,1081.822021484375,1084.6571405163463,1067.083285416888,1074.7786601837747,1701060
2023-07-27,1088.0157470703125,1109.1557171393852,1070.8370568942805,1092.5598234846032,7539055
2023-07-28,1103.031005859375,1109.9459415658387,1089.003613089598,1089.003613089598,3180540
2023-07-31,1114.38134765625,1118.3228512856035,1100.4626039611471,1103.3372752277492,1599490
2023-08-01,1119.6368408203125,1127.9939963526272,1107.7925528903947,1114.262884969314,2122735
2023-08-02,1118.332763671875,1125.3268044067972,1113.1960025128021,1119.6466786347667,1791795
2023-08-03,1118.1451416015625,1132.8641004751194,1110.637521145325,1115.2803583705625,2570520
2023-08-04,1116.1793212890625,1128.3198907079347,1114.292497922749,1118.1649053339095,1726520
2023-08-07,1112.4552001953125,1123.7759000844262,1110.123893304002,1118.2439752078487,2499830
2023-08-08,1117.8388671875,1133.8420768910023,1115.2803746715879,1116.6633859674826,2987010
2023-08-09,1159.93115234375,1162.4502131500358,1120.4370059085404,1120.4370059085404,10067015
2023-08-10,1156.0093994140625,1168.9501846974583,1147.0891026190766,1161.7290781874124,2763310
2023-08-11,1150.44775390625,1162.7069813210007,1147.5138742941897,1156.5724838436176,2256960
2023-08-14,1150.5169677734375,1161.5117207815076,1145.9036742253963,1151.8208740686246,2167595
2023-08-16,1157.3330078125,1163.58616271742,1140.9644198005294,1151.8307476081534,4308265
2023-08-17,1161.837646484375,1167.0535127459123,1156.9478472310034,1160.0002637168382,2138070
2023-08-18,1160.61279296875,1181.4662505289775,1153.9250424741062,1165.5619212738557,4281645
2023-08-21,1167.8043212890625,1170.5998877362488,1156.5626061512917,1159.7830002995279,1334640
2023-08-22,1170.70849609375,1174.551239176793,1160.2867723371369,1169.414477955107,1688225
2023-08-23,1176.2010498046875,1180.4685002088806,1168.031527354681,1169.6120600752372,3142630
2023-08-24,1167.0733642578125,1183.382624476447,1163.922066301498,1181.4662571584297,4124730
2023-08-25,1141.8040771484375,1163.6849342831129,1140.0852312897432,1163.6849342831129,4713240
2023-08-28,1141.142333984375,1151.6332751809432,1131.5205832859144,1141.9523163062104,2350770
2023-08-29,1130.848876953125,1143.2365293604448,1129.1102548402762,1139.9765827521248,3258085
2023-08-30,1116.2188720703125,1137.2205315652118,1114.2926165796111,1133.614982599895,3551815
2023-08-31,1107.940673828125,1125.1589182338816,1104.4141093814571,1116.2188452317598,3178875
2023-09-01,1102.15185546875,1113.156496678915,1096.5310582203886,1112.316849994792,1105280
2023-09-04,1118.13525390625,1119.5675852288473,1102.151820683796,1103.4261831536737,1473020
2023-09-05,1102.2210693359375,1114.2925429436343,1098.5956237680855,1114.2925429436343,1968470
2023-09-06,1103.09033203125,1113.2947580028522,1098.3387254823801,1102.3987661100805,2256645
2023-09-07,1109.3829345703125,1117.1572932698975,1102.6852963935764,1103.0211309390052,2634215
2023-09-08,1103.189208984375,1113.038025200391,1100.4627386921875,1112.5144367878002,923950
2023-09-11,1109.1162109375,1119.034243273715,1103.4360850357752,1105.4018928748105,1313930
2023-09-12,1120.970458984375,1129.5054805772588,1111.5265737773461,1114.2827084151195,2581215
2023-09-13,1133.832275390625,1137.9022045748613,1120.4765503238336,1128.122484662244,1571615
2023-09-14,1134.96826171875,1141.2212961806306,1127.045701422818,1139.976598047075,1139730
2023-09-15,1149.75634765625,1154.3695207864275,1132.6863047358797,1141.280534372741,2069105
2023-09-18,1131.6787109375,1151.5937615477758,1130.4735652478034,1150.0526606958324,1256740
2023-09-20,1109.3631591796875,1130.463577362591,1106.7848904466898,1130.463577362591,2266405
2023-09-21,1119.92333984375,1125.5541463513678,1108.9285856956599,1109.4521741281703,2926715
2023-09-22,1090.0013427734375,1124.9415200215863,1087.027910790166,1119.923175248457,2447785
2023-09-25,1074.53173828125,1094.5158854460228,1072.4078408130913,1092.5303011781127,1217045
2023-09-26,1080.26123046875,1091.9573170442707,1076.5568004624608,1078.532496465815,1379915
2023-09-27,1085.9315185546875,1107.3776610747525,1082.6913480185322,1089.3988748478253,2443890
2023-09-28,1072.6251220703125,1088.1047445041534,1069.0491169345278,1088.1047445041534,1931555
2023-09-29,1103.8214111328125,1112.3168800602946,1077.396476371167,1080.5082217782397,3101955
2023-10-03,1079.0657958984375,1103.8015471533258,1076.7542654598578,1103.8015471533258,2065240
2023-10-04,1070.3927001953125,1086.4353430190783,1067.1723058775124,1079.7179279862253,2109530
2023-10-05,1068.30810546875,1081.6934932778643,1066.8757741918662,1078.7299494606648,2058530
2023-10-06,1071.7952880859375,1084.103835398283,1068.6934309408296,1073.7907603106876,1572990
2023-10-09,1085.6153564453125,1092.0363688523937,1066.9055720208626,1068.8614918909584,2368110
2023-10-10,1082.3948974609375,1084.0644232922543,1072.407768614748,1083.471738607464,1519630
2023-10-11,1099.988525390625,1104.018901823501,1088.6084971249588,1088.6084971249588,1961240
2023-10-12,1092.5994873046875,1103.2386300142764,1089.59639066825,1099.9885713672613,1695245
2023-10-13,1078.7696533203125,1091.3942601068002,1071.1433745146824,1072.2497595381894,1633255
2023-10-16,1085.26953125,1088.0157775456164,1078.7299825164628,1084.4595489733838,859220
2023-10-17,1095.3455810546875,1101.0553715124506,1083.6791587227508,1084.0644339183696,1626760
2023-10-18,1121.6915283203125,1125.109443850428,1094.8912069594362,1095.4246834731687,3014855
2023-10-19,1112.49462890625,1121.1579539129418,1108.464132197821,1121.1579539129418,2525845
2023-10-20,1100.3243408203125,1110.3510219737686,1096.7087834350875,1110.3510219737686,1141375
2023-10-23,1096.8966064453125,1119.6171115069776,1091.6708516933152,1091.6708516933152,1809785
2023-10-25,1089.369140625,1108.8000332949312,1086.6327824153752,1106.3897420956548,2104480
2023-10-26,1071.2125244140625,1090.0902855271613,1055.1995466644082,1086.2376541478334,1544145
2023-10-27,1066.34228515625,1077.5346793496562,1057.1948037012917,1071.2025403704936,2159725
2023-10-30,1056.07861328125,1065.6805875325788,1028.4584216588312,1065.6805875325788,2691600
2023-10-31,1060.4647216796875,1074.9662628669475,1057.609826474309,1061.7390841941728,1884070
2023-11-01,1056.2960205078125,1070.9062103457218,1049.9836573532384,1063.9122899567378,1376665
2023-11-02,1054.725341796875,1069.8394655842192,1051.7421419023888,1062.9245290568972,2365835
2023-11-03,1039.818603515625,1062.3316966097595,1036.6674264752176,1062.3316966097595,2921805
2023-11-06,1054.646240234375,1058.4099988651133,1043.799688865746,1047.1188435598083,2847485
2023-11-07,1067.7352294921875,1081.3082509400908,1051.0306865710827,1061.7390453782464,3498735
2023-11-08,1077.4556884765625,1086.701931586353,1068.1797809849495,1072.5856652071075,2096955
2023-11-09,1078.324951171875,1086.4253770234839,1074.7786106602268,1082.4640969456968,1642660
2023-11-10,1071.7952880859375,1076.8926174557955,1061.3438998099334,1074.7687201694455,1144920
2023-11-13,1070.797607421875,1083.0370590672587,1063.3394270967947,1072.802967877276,855910
2023-11-15,1070.8173828125,1077.7718715732071,1067.8637268320456,1072.9906002567618,1422405
2023-11-16,1095.375244140625,1101.45053353265,1070.9952227297588,1071.815093168543,1695060
2023-11-17,1108.6717529296875,1114.193789516073,1095.5234380948195,1099.4748301168029,2120630
2023-11-20,1107.2095947265625,1117.4733495860357,1103.6040461123553,1109.3433801020942,2001625
2023-11-21,1115.56689453125,1121.9879064623149,1107.4763567929135,1108.3654441007511,1903465
2023-11-22,1119.1429443359375,1132.0738412716405,1117.2758970906352,1117.2758970906352,2124580
2023-11-23,1115.2113037109375,1123.0745352596216,1108.1382782157825,1121.2074880557775,1511300
2023-11-24,1115.507568359375,1137.3785373657659,1109.353294665068,1116.2583424800105,2305405
2023-11-28,1121.3656005859375,1129.0016465440929,1115.6755863009662,1115.6755863009662,1555790
2023-11-29,1129.179443359375,1134.8399141087427,1117.058648800829,1125.7318632327388,1602385
2023-11-30,1143.5625,1145.9036949671026,1129.3078001155716,1131.0859747735626,4267760
2023-12-01,1135.9066162109375,1157.0762510359996,1133.940808418974,1145.9036327351157,1391500
2023-12-04,1137.2105712890625,1145.9036819385344,1131.7577516128458,1145.9036819385344,1121300
2023-12-05,1141.2508544921875,1149.6574498824132,1134.4445678982393,1138.988644182628,1121875
2023-12-06,1132.1429443359375,1149.855112660507,1127.737180687956,1145.1133938580676,2659705
2023-12-07,1142.9599609375,1155.762432975,1136.0943446929152,1140.0457368612222,3791150
2023-12-08,1138.771484375,1142.9105097513764,1128.5176169694118,1142.9105097513764,1142525
2023-12-11,1081.3970947265625,1102.043140848047,1060.9486905457782,1086.6327370580595,9493150
2023-12-12,1094.604736328125,1113.265200473674,1082.1677631358855,1086.6328556183337,4281525
2023-12-13,1106.123046875,1108.36548117985,1092.6290091241065,1099.3662001658338,3111975
2023-12-14,1101.12451171875,1111.6449958582605,1100.0476706366603,1108.7308926567175,3164560
2023-12-15,1104.305419921875,1109.3533087530732,1094.930752008662,1106.3897647403758,3636220
2023-12-18,1104.62158203125,1123.9736130753402,1101.4407400995628,1103.4263244216177,3279260
2023-12-19,1113.7886962890625,1115.477877727283,1105.0067133792047,1110.341116526161,1123370
2023-12-20,1102.2703857421875,1120.4369248553785,1096.9163267805764,1116.2682352539618,1307230
2023-12-21,1097.400390625,1105.204414108132,1080.9428088311224,1094.5356072467723,1681900
2023-12-22,1111.8624267578125,1117.4535593650605,1098.4869268484833,1102.043155371978,1315040
2023-12-26,1112.74169921875,1125.1588957829756,1106.8935955238471,1111.8229475010878,1658265
2023-12-27,1129.011474609375,1130.493246571697,1106.64658198763,1113.2651151845712,1473880
2023-12-28,1157.471435546875,1163.8431280167792,1120.397588740355,1129.8710180658181,4888545
2023-12-29,1145.48876953125,1154.6955806538322,1138.198446282554,1151.8505735180747,1452615
2024-01-01,1150.1810302734375,1157.7578679227538,1145.903691800678,1145.903691800678,978400
2024-01-02,1170.9554443359375,1175.3415519870541,1147.0199075398127,1147.2965339096932,2869280
2024-01-03,1171.963134765625,1179.4905318286933,1163.3293527474336,1170.9555104947792,1412035
2024-01-04,1154.2410888671875,1170.0368897326205,1150.8429495416774,1170.0368897326205,2048300
2024-01-05,1152.947021484375,1160.632507734721,1147.187911153464,1159.7335323056514,1037255
2024-01-08,1138.267578125,1161.9067120706632,1132.5874524050917,1161.8870564046401,1205700
2024-01-09,1135.9857177734375,1153.539797113381,1134.8595565133344,1149.6576217618701,1292220
2024-01-10,1143.374755859375,1145.9037046755514,1124.210600716231,1135.8375912205095,1273855
2024-01-11,1124.6551513671875,1141.5572175517927,1115.3002589869977,1141.5572175517927,2964925
2024-01-12,1123.94384765625,1133.0320010975113,1115.4878108237924,1133.0320010975113,1385710
2024-01-15,1142.594482421875,1145.7062279274571,1126.5419514510127,1133.6445211188595,1665610
2024-01-16,1137.6353759765625,1143.9279627964481,1127.3419565960696,1143.9279627964481,1142145
2024-01-17,1116.2584228515625,1134.0495761097857,1111.724234007587,1134.0495761097857,1778960
2024-01-18,1116.2584228515625,1119.8838686533795,1090.7126864176385,1115.7644988201557,1727635
2024-01-19,1119.8641357421875,1129.1004913695986,1108.7310683494713,1121.2273709451104,1641460
2024-01-23,1121.0889892578125,1136.8155734771135,1114.4802231603037,1116.6436730746439,2329945
2024-01-24,1166.07568359375,1168.6242882498152,1124.7638090197574,1127.717465156292,5244260
2024-01-25,1156.8687744140625,1170.599885799473,1150.2502410160382,1166.0755853483474,2677510
2024-01-29,1154.5374755859375,1164.1986580815465,1134.0890699778295,1145.903693610344,1509570
2024-01-30,1153.9940185546875,1175.3415184956202,1152.0282108156766,1165.4531510428926,1576585
2024-01-31,1209.3531494140625,1212.5834316991347,1147.2965905135763,1150.8528192305043,7857425
2024-02-01,1184.064208984375,1214.9344578351697,1175.5588524914333,1203.0901704030496,3112555
2024-02-02,1193.2215576171875,1200.1759251551703,1184.637096264663,1188.568711794277,1686230
2024-02-05,1204.0780029296875,1212.6821199912629,1183.6591423803054,1193.1228029223005,2126485
2024-02-06,1218.3326416015625,1222.9558232971476,1201.964053309212,1202.21101530907,2587065
2024-02-07,1220.9307861328125,1222.9559229314023,1211.2202829185674,1218.2142039130538,2953275
2024-02-08,1217.0386962890625,1228.8730967368556,1210.1138717515146,1228.4878215235817,1791205
2024-02-09,1216.2088623046875,1225.9589172150233,1206.0043153164709,1213.0773407418094,1238970
2024-02-12,1251.30712890625,1262.16356978174,1230.8587216528863,1231.7082565408996,4296460
2024-02-13,1251.672607421875,1266.3915678578164,1246.8716802474612,1254.5670553400792,2086675
2024-02-14,1236.459716796875,1252.5813426713023,1219.0241759416501,1250.6254229770534,1724345
2024-02-15,1235.33349609375,1244.4908656635437,1226.1365740190986,1232.8539881520317,1469095
2024-02-16,1248.0767822265625,1257.6687471848327,1234.286342915078,1239.1465982158309,1275915
2024-02-19,1267.8338623046875,1275.1044094044667,1247.6520738008755,1248.0769015160752,1393520
2024-02-20,1259.7037353515625,1277.287478181558,1252.699926718136,1268.792009404617,1399485
2024-02-21,1254.3990478515625,1264.9493181000512,1245.676392967924,1261.8771251302517,995895
2024-02-22,1257.3231201171875,1260.4545211653435,1231.125371329681,1259.5062256538408,1420120
2024-02-23,1272.7730712890625,1283.0269385103688,1257.1353600327382,1258.0639998722272,1842255
2024-02-26,1272.4964599609375,1282.2267389084602,1260.6225073837643,1273.3459947936362,1089190
2024-02-27,1274.2449951171875,1276.2206912095126,1261.5313955865533,1267.6065646009167,966475
2024-02-28,1269.9873046875,1285.3681662044673,1262.8847351590846,1273.0298332404957,1560230
2024-02-29,1269.2364501953125,1278.848191725676,1255.9697193817487,1260.899071144159,5513940
2024-03-01,1223.6571044921875,1278.867941291282,1219.4193187548394,1274.1263434488021,2876430
2024-03-04,1251.6231689453125,1272.2197752443653,1232.63675967975,1232.834281041306,2196055
2024-03-05,1245.3404541015625,1253.0160521129815,1234.2172763260126,1251.5836002060869,1040180
2024-03-06,1247.5828857421875,1251.0106892460515,1222.9557828721518,1245.3404515636942,1207130
2024-03-07,1249.459716796875,1258.458997421831,1245.7750631263696,1245.7750631263696,1174600
2024-03-11,1261.9659423828125,1269.1080641883866,1246.6641863823313,1258.3208411141745,1412365
2024-03-12,1245.11328125,1269.9773377062218,1238.0204797024205,1262.1042182543192,1647055
2024-03-13,1245.439208984375,1254.5669145265763,1234.5728813782393,1245.1625826135423,1051325
2024-03-14,1243.6217041015625,1248.6695931405905,1226.6899741414813,1241.1323077344978,2001060
2024-03-15,1241.705078125,1246.3775795639558,1227.7962226105608,1241.7446306302127,2429735
2024-03-18,1252.7987060546875,1255.5350643797167,1238.376148997202,1243.1277558824236,902465
2024-03-19,1212.0697021484375,1251.6033978283665,1209.8074916734693,1251.6033978283665,1581835
2024-03-20,1205.8265380859375,1212.7019213765184,1190.001194296077,1210.1038763892243,1385185
2024-03-21,1210.74609375,1216.238466181379,1197.271831930125,1210.1138565300357,1626230
2024-03-22,1225.563720703125,1232.7157303632432,1206.1722602169682,1210.9040905839054,1528595
2024-03-26,1212.0599365234375,1227.1938367219548,1206.3699219040113,1222.9559298473498,1361275
2024-03-27,1194.13037109375,1215.250566241981,1192.1546750858217,1215.250566241981,1452965
2024-03-28,1216.61376953125,1226.8676363680293,1200.827978134156,1200.827978134156,2586915
2024-04-01,1234.879150390625,1241.221178239701,1216.613849717541,1227.8951177829601,772020
2024-04-02,1232.3502197265625,1238.5539338637718,1226.116841209659,1238.5539338637718,1191030
2024-04-03,1209.9952392578125,1238.3662043187776,1207.5453955599173,1232.3502438814726,1346125
2024-04-04,1213.5712890625,1219.9923011739418,1194.802176736747,1216.0409091053623,1995095
2024-04-05,1220.841796875,1245.8442872694238,1213.0773261794923,1213.5712501722364,2705055
2024-04-08,1219.9034423828125,1230.216517916464,1212.0994188419197,1228.3791350542704,1420525
2024-04-09,1218.5894775390625,1230.8981454677676,1216.0408731414923,1225.366100265831,643620
2024-04-10,1216.61376953125,1224.911716665178,1214.0651651588848,1224.911716665178,980420
2024-04-12,1201.98388671875,1222.7583600755188,1200.235376382705,1218.7871916350614,1974255
2024-04-15,1187.561279296875,1199.8797149754064,1181.9106970635771,1199.8797149754064,1349665
2024-04-16,1195.365234375,1200.0081925527127,1182.4640015734276,1186.5734832174103,2041490
2024-04-18,1176.951904296875,1210.6078357041022,1173.0992726240056,1205.1647830749127,2988680
2024-04-19,1174.12646484375,1185.4176207395371,1161.8673577718482,1185.4176207395371,1713255
2024-04-22,1188.5985107421875,1198.0621723081726,1176.2306337690263,1180.478428650823,1667285
2024-04-23,1175.9539794921875,1198.2595424019535,1172.3581985466203,1195.2959986037622,1494175
2024-04-24,1175.697265625,1184.4001442156714,1169.8194973919824,1177.524760394944,1334935
2024-04-25,1228.6358642578125,1237.1807729788761,1171.1924829492018,1180.4881657448245,4634925
2024-04-26,1235.2249755859375,1246.4370265954572,1220.7529778466042,1229.8510196040572,2063090
2024-04-29,1244.1156005859375,1249.6277491432002,1225.3958081972153,1238.761420889781,1485530
2024-04-30,1225.7811279296875,1247.2569350838062,1221.96804889266,1244.6687779928943,1906520
2024-05-02,1242.2188720703125,1244.6489395861124,1223.9931245279834,1223.9931245279834,3134765
2024-05-03,1254.4781494140625,1268.3771184024129,1236.3905937588402,1244.6687652312485,2906840
2024-05-06,1243.3944091796875,1260.4941168757664,1234.088957686845,1260.4347881108058,2263770
2024-05-07,1236.3116455078125,1254.5670586899603,1224.9316163587014,1250.5958901236638,1586770
2024-05-08,1196.5506591796875,1208.1282087303796,1176.0725895546639,1205.1745528747954,4940700
2024-05-09,1161.1856689453125,1200.1365689563925,1159.7335613145092,1200.1365689563925,2534535
2024-05-10,1169.8095703125,1172.5755929873376,1149.4797015892661,1160.7214168156038,1480900
2024-05-13,1167.3497314453125,1175.341507971422,1155.8808315204287,1169.8094631286208,852820
2024-05-14,1159.49658203125,1174.6303616891694,1156.7701116599737,1173.346231526245,1186650
2024-05-15,1160.721435546875,1178.8879752936516,1157.757891456117,1162.6971316073802,1458405
2024-05-16,1155.861083984375,1171.1925034365436,1127.9248356513215,1171.1925034365436,3660485
2024-05-17,1145.8148193359375,1157.056534516084,1144.125517239304,1155.8611564245764,3006695
2024-05-21,1141.9127197265625,1152.4827655327774,1140.5692609355403,1148.0669933876882,2456865
2024-05-22,1160.2769775390625,1166.648549238748,1144.0070284789792,1155.7822206683618,2605110
2024-05-23,1165.206298828125,1172.1804431844068,1152.8186459979684,1166.144706217778,2827915
2024-05-24,1158.8939208984375,1167.4584859979611,1153.5100768739046,1164.9494340433291,2122215
2024-05-27,1160.2669677734375,1163.6749949602781,1145.1330696769521,1158.893844654884,3366290
2024-05-28,1178.56201171875,1186.4252433374165,1160.1583983592534,1160.1583983592534,3966010
2024-05-29,1185.5657958984375,1188.9639351211868,1168.545194230141,1182.4540505952777,2533990
2024-05-30,1160.4744873046875,1180.4784101545874,1152.423501645245,1180.4784101545874,3005220
2024-05-31,1144.29345703125,1166.5793652884456,1136.5881945709211,1165.6507254842734,5146590
2024-06-03,1142.604248046875,1173.148429603825,1141.3892143575636,1173.148429603825,2087555
2024-06-04,1132.23193359375,1151.307216377582,1106.3897953243375,1147.28672794746,3287175
2024-06-05,1150.6749267578125,1162.0450667299172,1131.2440340380645,1133.6345489898833,2542820
2024-06-06,1163.87255859375,1170.7973826097716,1142.2683280033132,1152.8185975325466,3598380
2024-06-07,1197.5286865234375,1202.0332109254246,1160.9684205525941,1163.8726359373472,3747525
2024-06-10,1206.3895263671875,1216.5644084336686,1186.2177485094405,1197.528559242947,3148275
2024-06-11,1193.1722412109375,1205.2240597542602,1190.94958310191,1202.2110749716994,2581810
2024-06-12,1197.2816162109375,1202.2109678867084,1183.6393779951902,1197.2717280843801,1932925
2024-06-13,1204.354736328125,1209.1062226873973,1191.6411368980196,1209.1062226873973,2191150
2024-06-14,1202.260498046875,1208.8295910036175,1192.3523533247276,1204.3842748504978,1985020
2024-06-18,1183.68896484375,1197.6670393283696,1181.4663066581472,1194.9010164626277,3076985
2024-06-19,1176.7640380859375,1185.348499883506,1169.6120282359075,1183.8271753805896,3056645
2024-06-20,1179.648681640625,1184.6273538999894,1163.2898597667813,1170.5999595811281,2489735
2024-06-21,1187.6798095703125,1196.2839270557083,1176.5566314521395,1179.6880324340427,2150475
2024-06-24,1196.2740478515625,1205.1745680378774,1180.0832045531483,1185.0224445860906,1624525
2024-06-25,1200.9071044921875,1204.226259287369,1188.588548339535,1203.1988587840103,1977490
2024-06-26,1199.2574462890625,1204.1177022095426,1190.416254288622,1197.9633074343647,1958240
2024-06-27,1232.0242919921875,1234.7013214198278,1184.4297234415258,1185.4175714177072,12168270
2024-06-28,1264.9097900390625,1268.3969226691936,1235.0174977753097,1235.8868089009275,5118295
2024-07-01,1255.2979736328125,1280.2510240730412,1252.0282594169578,1270.3725439490208,2251925
2024-07-02,1258.5677490234375,1260.6816375537037,1241.5766916600555,1253.5790685615375,1819075
2024-07-03,1269.5625,1289.2996830356485,1257.5601231146459,1259.3086333056142,2913200
2024-07-04,1280.12255859375,1292.5003227392342,1258.538104321582,1270.3725038426333,1744245
2024-07-05,1288.15380859375,1293.517876361091,1275.5191939231809,1280.122599426817,1139175
2024-07-08,1290.9493408203125,1299.0201022815174,1281.4363598865918,1288.1537744297327,807380
2024-07-09,1300.571044921875,1302.9715687246235,1270.5602165518826,1292.10524025156,1734640
2024-07-10,1302.4874267578125,1304.8385097321743,1280.8436441338567,1298.9213100834113,1287550
2024-07-11,1302.922119140625,1308.2960751628718,1291.0877189605887,1302.606060827278,1581340
2024-07-12,1327.55908203125,1332.6069709124604,1296.9851136451935,1302.0331231133196,2944400
2024-07-15,1342.43603515625,1360.2568522453876,1324.2201753237573,1333.594843502611,3023975
2024-07-16,1320.8330078125,1348.0404583026989,1318.9648511051007,1343.469472704041,1556420
2024-07-18,1325.0960693359375,1333.3139698790128,1309.7732049782915,1320.8231201045157,1928535
2024-07-19,1318.835693359375,1335.2119352659145,1316.907977820108,1323.6054913983287,900340
2024-07-22,1345.645751953125,1347.4542285925118,1307.7063162446502,1307.7063162446502,2061455
2024-07-23,1364.34716796875,1368.123268374282,1334.933735439531,1345.4669085431083,4330455
2024-07-24,1355.4337158203125,1379.0340399035927,1350.0876165022491,1379.0340399035927,3019385
2024-07-25,1362.001953125,1366.324514250295,1342.8931640359035,1350.4352962959697,1315525
2024-07-26,1367.0599365234375,1384.419809012618,1349.759622829289,1369.1070123380148,2051955
2024-07-29,1359.3885498046875,1380.8623449075421,1338.5109491272126,1375.2777680713157,3271945
2024-07-30,1352.2537841796875,1369.5143107604645,1350.017964045903,1360.3822858607336,1458475
2024-07-31,1341.5914306640625,1357.2919050698092,1338.5109916176455,1352.2041769767252,1730870
2024-08-01,1368.908203125,1371.402394461565,1348.7758747459661,1350.5347393690665,2320480
2024-08-02,1384.0521240234375,1387.40088090479,1366.225242931284,1367.5269240300559,2209945
2024-08-05,1353.8238525390625,1383.426027491822,1350.2366180401589,1377.2850430214776,2186945
2024-08-06,1352.899658203125,1374.3437343101107,1350.494987165334,1359.1600028490293,1227135
2024-08-07,1376.539794921875,1378.2588727378215,1359.3786142071665,1367.3281967463895,968865
2024-08-08,1378.914794921875,1398.1328774104127,1374.1748367608725,1376.2715246719415,2705840
2024-08-09,1393.85986328125,1396.1454167543445,1383.8931664806546,1387.2021365046726,656255
2024-08-12,1368.6300048828125,1397.1391371598354,1365.9966813953902,1393.949405968843,1853275
2024-08-13,1380.9219970703125,1383.6744380535615,1361.6143956536828,1371.7004524742804,1217325
2024-08-14,1351.6376953125,1383.6248917446126,1349.9385108284782,1382.23369051337,1727965
2024-08-16,1350.1571044921875,1361.1574075457224,1343.1118207477027,1357.5998916341807,2565660
2024-08-19,1373.5587158203125,1376.072800436849,1354.9268815493467,1358.9711783359892,809235
2024-08-20,1384.29052734375,1386.0493918407192,1371.3029505971288,1377.2651373388553,747970
2024-08-21,1403.5882568359375,1412.5315374247275,1384.2906010526526,1391.1570871134388,1905585
2024-08-22,1385.0260009765625,1403.5683147502893,1375.9137484023706,1403.5683147502893,1683410
2024-08-23,1382.13427734375,1389.189507377096,1377.2750806051738,1387.1722717555747,711440
2024-08-26,1379.908447265625,1383.217417334459,1371.1439645736814,1376.2615326016164,1018915
2024-08-27,1383.8135986328125,1392.4787357208243,1371.7104272410909,1380.2462574608194,2277085
2024-08-28,1391.037841796875,1400.7661824531635,1375.8740030756453,1383.813639102038,1632585
2024-08-29,1377.49365234375,1395.1417345973448,1369.136620060697,1370.9651113102034,1784160
2024-08-30,1397.407470703125,1400.120246378437,1378.8550884968743,1378.8550884968743,3415210
2024-09-02,1365.7681884765625,1406.072510170324,1357.391262233964,1401.0542875106228,2354285
2024-09-03,1362.1312255859375,1374.0854398717086,1360.9685554293762,1371.303037362454,1246805
2024-09-04,1348.8851318359375,1360.9288660532993,1344.870675064489,1360.9288660532993,2177470
2024-09-05,1330.71044921875,1361.1275246883783,1328.7726657047212,1350.9321754330344,2001265
2024-09-06,1325.0264892578125,1335.5497148242364,1322.2142468969491,1331.3364459248996,2074285
2024-09-09,1322.790771484375,1334.7249711936,1312.217811691163,1327.5703951174755,1466880
2024-09-10,1321.697509765625,1331.1178666856465,1314.294509767828,1330.3626466629319,2328120
2024-09-11,1314.1654052734375,1341.3629105479258,1310.8663817872734,1323.7844538239879,1833720
2024-09-12,1328.345458984375,1333.9796480112157,1307.7660158751419,1331.555083546255,2663355
2024-09-13,1323.74462890625,1331.3663348564025,1321.021906582676,1328.852250258773,1197575
2024-09-16,1321.041748046875,1329.5477379780432,1317.9414158213465,1329.5477379780432,691625
2024-09-17,1317.97119140625,1324.7482784953597,1312.277322282162,1319.650603805547,911735
2024-09-18,1305.28173828125,1321.220568482789,1297.9680157401988,1321.0218774435107,1239415
2024-09-19,1292.31396484375,1314.1653702564479,1288.329226871444,1308.5013411885986,4661780
2024-09-20,1301.97265625,1311.273653153059,1288.965185940706,1298.7232450179597,2823650
2024-09-23,1322.5025634765625,1324.0030569538098,1307.7063877400092,1311.6811791921066,1326620
2024-09-24,1321.6876220703125,1329.5478058859192,1307.7461336757522,1322.5025222211366,1962100
2024-09-25,1329.85595703125,1333.0655817329857,1310.7967785727915,1322.860285232365,2388280
2024-09-26,1340.379150390625,1342.8832883614136,1324.4600915486167,1334.4964154957725,2842130
2024-09-27,1341.47216796875,1345.9438081731946,1324.897356206171,1333.741169791936,2794555
2024-09-30,1341.8099365234375,1349.6402799029224,1333.5424243440568,1342.485704388093,1827470
2024-10-01,1341.3131103515625,1348.5273660800283,1327.1927034369571,1341.8099592513136,1738090
2024-10-03,1338.64013671875,1350.4353248809387,1329.985067602979,1347.4542314485304,2277090
2024-10-04,1318.2891845703125,1338.0935134042609,1313.8671566671264,1334.1386156466012,1742335
2024-10-07,1313.648681640625,1333.949982356014,1307.9249722451411,1328.2858317557912,2224190
2024-10-08,1322.8204345703125,1325.1953869134043,1306.712631743619,1313.6585697930657,1395550
2024-10-09,1324.5693359375,1342.4658431355565,1321.0417815052406,1330.760053863458,1680365
2024-10-10,1308.3223876953125,1331.157543645827,1302.479439801105,1331.157543645827,1582735
2024-10-11,1311.5220947265625,1316.5899293404098,1300.7603910212104,1308.7000268864717,1130225
2024-10-14,1323.5855712890625,1329.7563957876794,1311.6810910977147,1318.8356667105745,1117595
2024-10-15,1313.996337890625,1331.5351279161905,1312.7145502428777,1328.3752369136523,1423265
2024-10-16,1333.721435546875,1340.6871458881703,1317.4546065717122,1319.6307466417659,1849620
2024-10-17,1332.3599853515625,1346.4604986964575,1321.7074529074334,1340.458525258642,1819115
2024-10-18,1339.7232666015625,1346.2618759914835,1324.0824723756202,1332.360052977583,1143115
2024-10-21,1331.038330078125,1345.4668417627963,1328.7826166294908,1345.4668417627963,1175275
2024-10-22,1324.0823974609375,1342.4856997404468,1318.10031742181,1336.9210164369554,1904985
2024-10-23,1313.2510986328125,1329.1900502069764,1309.693704166941,1323.4762878405425,1548860
2024-10-24,1308.242919921875,1320.425664462993,1305.5598631233308,1320.425664462993,1587305
2024-10-25,1294.7286376953125,1308.1038934397652,1281.8901389151656,1305.7189943041221,1285830
2024-10-28,1303.2347412109375,1317.5440146312135,1282.1186617212445,1311.6811730068148,829374
2024-10-29,1266.6666259765625,1326.9841594475,1255.5372583564108,1318.6370730818815,1443741
2024-10-30,1241.97314453125,1264.9772723698966,1221.0558790688117,1264.9772723698966,2065575
2024-10-31,1266.169677734375,1275.560194647064,1240.1348441107828,1250.6680164431903,1902206
2024-11-01,1251.6617431640625,1280.8764831771,1194.2260822537128,1271.9332028445988,540201
2024-11-04,1260.3070068359375,1268.8527839173069,1242.6688703460686,1251.661762930723,1771490
2024-11-05,1264.182373046875,1270.9395670370611,1233.4274727011355,1257.127142478333,1603920
2024-11-06,1293.8939208984375,1313.5691864637215,1243.7121804556825,1265.9710361201946,3908554
2024-11-07,1279.23681640625,1300.7503976637145,1272.4797442639208,1296.7258731230413,1479152
2024-11-08,1275.5601806640625,1284.851230654925,1251.2145850329366,1284.652539619152,1328199
2024-11-11,1279.783447265625,1287.0871019860049,1254.1957283880804,1275.9080015055242,1175591
2024-11-12,1255.9346923828125,1280.2802888453523,1250.3700088801468,1279.7337065268125,1110785
2024-11-13,1237.15380859375,1257.077498770622,1230.4960815980253,1250.0718804907128,995217
2024-11-14,1218.9691162109375,1245.1034184465395,1214.4974758414169,1242.0229793410713,1346891
2024-11-18,1186.028076171875,1212.112643827902,1162.825135139902,1198.4989109753928,3367815
2024-11-19,1205.8026123046875,1224.2357560150904,1178.7740791987833,1185.4815397126647,1509716
2024-11-21,1187.816650390625,1199.0950962498766,1165.1106797407394,1167.4955787398546,2121476
2024-11-22,1206.7962646484375,1215.491120542239,1186.0776894359794,1191.4436819049263,763755
2024-11-25,1201.6788330078125,1239.1411926368983,1198.1511571948197,1226.1733874493661,3280431
2024-11-26,1201.0328369140625,1210.6716567862854,1195.6171112736918,1201.3806068742153,1190121
2024-11-27,1192.3380126953125,1207.939019611558,1190.4996960282647,1204.3617317971132,1402977
2024-11-28,1184.4381103515625,1202.2750596385238,1180.960167857287,1201.430440721544,2819269
2024-11-29,1194.722900390625,1211.6653749146808,1191.095879200103,1198.3995336900039,2535820
2024-12-02,1214.05029296875,1217.5282352854192,1194.7229191865174,1206.5975594330303,1826479
2024-12-03,1216.782958984375,1221.254599094975,1209.8768077784043,1221.254599094975,2237453
2024-12-04,1207.889404296875,1221.3539366503878,1201.9768296308155,1216.7829510495606,1435443
2024-12-05,1232.0362548828125,1241.6254633941169,1202.4737438496193,1208.8831677617898,3324867
2024-12-06,1245.7989501953125,1247.2398848632408,1228.5583167002953,1238.1475252450998,1717216
2024-12-09,1247.2398681640625,1253.8479830604113,1235.4148396075973,1246.7430192440515,1269332
2024-12-10,1232.5330810546875,1245.6995773222106,1225.2294262532814,1242.1222893889712,2025890
2024-12-11,1230.7445068359375,1235.5639170941897,1218.9690904046852,1232.483478053936,1178864
2024-12-12,1237.55126953125,1242.3209462105021,1218.6212778420575,1236.9550751089687,1648944
2024-12-13,1238.4952392578125,1242.32095156001,1218.720628610154,1232.4834402975032,1258819
2024-12-16,1261.946533203125,1266.1201369441912,1237.3525114718307,1238.4952882569205,1920945
2024-12-17,1239.787109375,1262.9401958002447,1235.4148147068283,1261.002533571659,2706166
2024-12-18,1267.3621826171875,1272.9268659677757,1241.6751190668745,1244.0102846076304,2823838
2024-12-19,1317.245849609375,1322.9596122638334,1263.635898963164,1266.9647625103426,7185903
2024-12-20,1335.18212890625,1360.0741870536287,1309.097560568544,1317.6433377446958,7499087
2024-12-23,1332.8966064453125,1358.384980932969,1321.9163178218876,1353.4164916098784,3740109
2024-12-24,1342.3863525390625,1356.39746694844,1327.7789224220958,1338.5109069447244,2587142
2024-12-26,1346.609619140625,1351.6277203290645,1334.2877419663432,1342.3864034241053,1531359
2024-12-27,1380.693359375,1389.437948533408,1337.0203895953516,1354.4598345017782,3656253
2024-12-30,1368.2225341796875,1383.2273467992782,1363.452736187565,1380.8424478032168,2462657
2024-12-31,1379.7493896484375,1386.2084253219807,1357.9377715481799,1361.6641382829164,1892083
2025-01-01,1360.372314453125,1380.2960042480224,1346.8083149611602,1379.6996885157137,1658723
2025-01-02,1366.38427734375,1379.202882569641,1361.4157880930925,1362.8068680424708,1726305
2025-01-03,1344.1253662109375,1369.4646603518784,1338.709640368841,1366.384221402788,1573592
2025-01-06,1341.83984375,1352.720907795617,1325.3942174040292,1351.8265554862369,1539970
2025-01-07,1343.0323486328125,1364.396851945614,1339.007823906976,1343.4794641352369,1723188
2025-01-08,1362.111328125,1397.0398318187918,1349.441680535291,1360.8692058122836,3456684
2025-01-09,1362.9559326171875,1374.2343788371252,1355.5031988197388,1371.303018730531,1607980
2025-01-10,1345.8643798828125,1377.2652073928966,1344.0756752489128,1357.4905961001423,1582776
2025-01-13,1326.6859130859375,1345.6159047614904,1321.8167695889788,1345.5165592413487,2822318
2025-01-14,1329.12060546875,1340.349318373553,1315.3081811176496,1326.73570637271,1370223
2025-01-15,1328.772705078125,1336.523596761905,1305.6692302642111,1336.523596761905,1940371
2025-01-16,1294.539794921875,1338.510922095387,1288.8260326337913,1332.4493898412723,1195731
2025-01-17,1301.14794921875,1312.3766617994063,1279.8827916195291,1289.819769815333,1432206
2025-01-20,1294.142333984375,1300.750448759665,1285.4972114549605,1300.1045209152826,561642
2025-01-21,1280.0318603515625,1304.6754933001587,1277.5476158224096,1294.1423207567505,738787
2025-01-22,1288.080810546875,1299.7567600349566,1279.8828034594985,1282.8638969458173,1301422
2025-01-23,1281.2740478515625,1295.7322789667649,1266.5176588572801,1280.8765444464589,1448659
2025-01-24,1216.68359375,1244.7555562116847,1195.9152857570848,1222.198543683112,7082467
2025-01-27,1190.1021728515625,1226.5708329299214,1183.9909072321702,1216.6835885195949,2184847
2025-01-28,1173.8055419921875,1190.1022103909463,1157.3101825511644,1190.1022103909463,3142189
2025-01-29,1173.755859375,1184.9349602586974,1166.1044344016725,1179.9168588648424,3458251
2025-01-30,1186.9720458984375,1197.2071819640494,1176.5382187892424,1180.5130100689357,3290757
2025-01-31,1209.677978515625,1213.304999703686,1188.4625549923085,1194.424741723039,1505147
2025-02-01,1197.356201171875,1212.708906059826,1192.5367907576028,1212.708906059826,1067956
2025-02-03,1196.2630615234375,1212.3113051094717,1189.2575648769703,1192.437349288005,1407877
2025-02-04,1212.2615966796875,1225.2294016408123,1193.8781871660176,1199.3932585405194,2239920
2025-02-05,1219.8138427734375,1225.3287930534862,1208.187505162268,1219.2672604362133,1460238
2025-02-06,1228.8564453125,1246.0970783969458,1222.4470215305732,1227.1174741105904,2990483
2025-02-07,1232.582763671875,1235.9116270100537,1218.2734912275987,1232.1852602954507,1236992
2025-02-10,1213.2552490234375,1231.8870822917506,1203.4177380985664,1231.8870822917506,1565579
2025-02-11,1202.1756591796875,1215.1930762318004,1193.6794943829295,1212.3113283223092,1819297
2025-02-12,1208.1875,1212.7088737129707,1195.269428021234,1210.3239746259203,1306601
2025-02-13,1215.888671875,1235.166434534207,1209.230944762757,1209.230944762757,4447231
2025-02-14,1189.5059814453125,1222.2482749238902,1178.7739968524104,1215.7892393246989,1211843
2025-02-17,1191.3939208984375,1194.4247476887633,1175.6935685430287,1189.307179792459,613030
2025-02-18,1189.853759765625,1197.3561053106187,1174.5507895167966,1191.3939185618026,1713796
2025-02-19,1158.5025634765625,1169.5325848687858,1120.3942768565425,1158.6516424077415,3062142
2025-02-20,1163.5704345703125,1166.750340431654,1148.963124876074,1157.161132037352,1579890
2025-02-21,1144.541259765625,1163.3717859570606,1138.0324901706801,1163.3220525429579,6828902
2025-02-24,1157.2108154296875,1166.5018655506663,1143.746161790039,1144.5411685462618,2017521
2025-02-25,1121.040283203125,1162.179399534627,1115.4258659428542,1159.794500371741,6463238
2025-02-27,1118.4566650390625,1129.1885290523826,1107.9731041875575,1121.388025179963,3435069
2025-02-28,1109.463623046875,1124.865939354288,1097.5889825431746,1121.5866880071467,3895033
2025-03-03,1112.5440673828125,1123.1269735436906,1096.9430599557372,1111.3019450940005,1810605
2025-03-04,1113.0906982421875,1117.0654897396905,1098.085884599316,1104.097683958683,1074133
2025-03-05,1119.30126953125,1121.8848596511134,1103.5511830514422,1113.4384280239792,1260157
2025-03-06,1132.9149169921875,1138.479600802342,1111.6001462073866,1127.8470821168862,1648697
2025-03-07,1126.1080322265625,1137.982672420133,1122.8785143754826,1132.9148378986386,790599
2025-03-10,1113.1402587890625,1129.9835097600735,1108.3705819936204,1127.7973017571169,950503
2025-03-11,1109.6126708984375,1119.8476854418632,1103.6504841077426,1109.9604408676946,884438
2025-03-12,1098.1851806640625,1109.6127057046854,1085.5651454472936,1109.5629722928027,1914579
2025-03-13,1100.9674072265625,1103.252960641784,1088.1488029007512,1098.185126222161,1299174
2025-03-17,1143.447998046875,1146.8265947919353,1094.5581153157673,1100.9178054298218,2714559
2025-03-18,1143.447998046875,1143.447998046875,1143.447998046875,1143.447998046875,0
2025-03-19,1164.713134765625,1170.2778180308453,1150.8013659520752,1166.6011847933776,1507415
2025-03-20,1179.718017578125,1183.2456934019717,1157.9561320990858,1171.5200104644855,1521677
2025-03-21,1192.58642578125,1197.0580658319477,1169.6320311145355,1182.6990599996634,2313824
2025-03-24,1202.6724853515625,1208.6842842084316,1182.7487961152535,1197.4058385371816,1660669
2025-03-25,1170.4766845703125,1208.2868137803716,1160.589318496489,1202.6725181471338,2860907
2025-03-26,1157.260498046875,1172.364778228362,1145.3858571961896,1170.4767280430501,2864505
2025-03-27,1154.8756103515625,1165.0114013566508,1136.79035772632,1152.6895235686463,4460409
2025-03-28,1136.989013671875,1151.9442146009415,1133.5608046633806,1151.9442146009415,2762934
2025-04-01,1144.9385986328125,1157.0617850180583,1128.890475615012,1136.9890159412437,4158012
2025-04-02,1142.75244140625,1145.4353768787175,1127.846974779212,1142.75244140625,2071245
2025-04-03,1144.193359375,1219.1679361511833,1141.8085815372203,1182.9973095657458,6324685
2025-04-04,1102.954833984375,1150.1554798864217,1069.4175329487102,1144.541184309401,5423861
2025-04-07,1081.0439453125,1091.9248885519291,1013.5718351625553,1013.5718351625553,3888037
2025-04-08,1100.9674072265625,1106.6315573551988,1081.838724954683,1093.0675583931209,1577632
2025-04-09,1087.1551513671875,1096.2971228149688,1054.959317653821,1087.6022668669689,5511474
2025-04-11,1102.5076904296875,1132.7161272983258,1095.3033815016881,1132.7161272983258,2740831
2025-04-15,1147.62158203125,1150.801366383712,1121.8847854563305,1133.7098132124825,2683350
2025-04-16,1151.099609375,1154.0807029137986,1136.4921782542824,1142.951214255013,1451875
2025-04-17,1156.2667236328125,1166.2037015280773,1142.851803474205,1142.851803474205,2788024
2025-04-21,1169.9798583984375,1172.2652906446033,1147.7210025731808,1156.0680886702778,1938756
2025-04-22,1167.594970703125,1173.0603088638632,1154.97505656146,1166.5019273311789,1313400
2025-04-23,1178.525634765625,1184.2891307410362,1168.4893108714139,1177.6312824520603,3192132
2025-04-24,1192.9342041015625,1202.3743331635906,1168.8867659586908,1171.5697014874986,4819678
2025-04-25,1167.396240234375,1202.87120366851,1152.3913062043994,1196.3128223572837,1286573
2025-04-28,1191.1455078125,1197.405852491153,1168.8867740684034,1168.8867740684034,1236678
2025-04-29,1168.588623046875,1196.809665074534,1161.6327383858818,1196.809665074534,1663018
2025-04-30,1176.4388427734375,1189.0587562389467,1168.4892604201088,1168.7872969777584,1604442
2025-05-02,1170.4766845703125,1187.2702019617134,1164.01764875062,1168.6879799767655,910973
2025-05-05,1163.9183349609375,1186.3758820091593,1147.2241626360433,1181.2085804319272,1893680
2025-05-06,1153.0870361328125,1167.5950008189568,1122.2824020686528,1164.812598254048,1990745
2025-05-07,1153.385009765625,1157.260455519162,1136.1941102809144,1136.1941102809144,1421366
2025-05-08,1140.76513671875,1154.0807122263654,1134.8029495930423,1145.4354681134846,2616533
2025-05-09,1148.6153564453125,1159.6453781988278,1131.3249897852315,1135.2997811415257,1248574
2025-05-12,1188.0650634765625,1196.41214924311,1136.690935820992,1148.615309401488,5065176
2025-05-13,1199.49267578125,1233.1790578671541,1188.4626536737442,1188.4626536737442,3134295
2025-05-14,1212.3114013671875,1215.5906528585026,1185.6802499315045,1205.6536741587715,1197152
2025-05-15,1228.5086669921875,1231.9866093723956,1192.6360785440954,1206.349157020746,2053553
2025-05-16,1222.94384765625,1231.0922424882438,1213.3050274085404,1231.0922424882438,882873
2025-05-19,1211.317626953125,1233.9739854772429,1206.5478289582575,1220.5590650803051,2235758
2025-05-20,1216.48486328125,1226.6206541637796,1208.932783857664,1214.2987765247672,1385750
2025-05-21,1216.981689453125,1248.6806746354746,1212.4107036743953,1217.379192847146,2615092
2025-05-22,1214.4974365234375,1222.0496370549406,1203.7655727646247,1216.9816810927466,2260610
2025-05-23,1222.34765625,1227.1174542756844,1208.3365413384308,1220.260915101639,734297
2025-05-26,1233.0797119140625,1240.0355970084108,1220.956525111878,1222.1490353372292,985434
2025-05-27,1235.3651123046875,1241.1286083257219,1229.5023920603671,1236.060773576747,1145000
2025-05-28,1234.7689208984375,1244.308395973117,1229.2042372132917,1239.9362224854353,766968
2025-05-29,1240.3336181640625,1245.5009198076375,1232.5828476502122,1237.5513369415296,1791885
2025-05-30,1243.314697265625,1249.6743877446809,1233.1790277497287,1240.3336037255372,3161983
2025-06-02,1239.836669921875,1243.6127700012073,1224.7325122065424,1243.115921111874,1139977
2025-06-03,1240.4329833984375,1245.5008178003206,1232.9802500718451,1242.1222210987326,811620
2025-06-04,1244.0103759765625,1258.0214915511724,1238.4456922172644,1240.4330879385143,1387633
2025-06-05,1282.4664306640625,1295.1858117608106,1256.23278296515,1256.23278296515,3834672
2025-06-06,1312.575439453125,1314.5628350397599,1286.838642346005,1286.9379878651366,2158757
2025-06-09,1310.7867431640625,1320.6243756400918,1300.352916268486,1319.0344834209661,1227356
2025-06-10,1340.2996826171875,1354.0126399007422,1312.6748344023233,1312.6748344023233,3022355
2025-06-11,1342.5850830078125,1346.858032099046,1331.753752649454,1341.4920396801253,1094247
2025-06-12,1354.1119384765625,1371.0048010133999,1335.0329893082992,1351.4290029469944,2625058
2025-06-13,1353.913330078125,1358.186279383362,1336.5236175817088,1346.4605961510895,1419556
2025-06-16,1338.312255859375,1351.2303273587859,1333.7411489033973,1351.2303273587859,1294663
2025-06-17,1310.48876953125,1341.1939359718178,1294.390791624489,1339.8028560264122,1649457
2025-06-18,1305.0234375,1316.4509627975447,1300.5517971661782,1302.8372294450826,728945
2025-06-19,1317.74267578125,1323.6055172726135,1296.0801357416258,1296.7756757062768,1654212
2025-06-20,1316.94775390625,1326.5865741266948,1309.8924024262726,1324.0029840852253,1843895
2025-06-23,1309.5943603515625,1314.6621948925354,1293.893886525567,1310.5880581557142,843945
2025-06-24,1328.8721923828125,1345.1687401930817,1300.8498400412118,1309.5944297012165,1011128
2025-06-25,1333.14501953125,1339.8028679479628,1327.5803357970924,1339.8028679479628,833145
2025-06-26,1313.171630859375,1325.294695389663,1306.315091840999,1317.643270919055,2373431
2025-06-27,1292.8009033203125,1323.2080332811731,1290.217313169574,1320.5250976056,1770595
2025-06-30,1275.2125244140625,1296.7757196612051,1264.480538903359,1294.6889783955155,2224279
2025-07-01,1268.75341796875,1286.7393241495074,1265.2754756182885,1278.1935472057169,1851442
2025-07-02,1262.791259765625,1272.8275836590096,1255.735908082201,1267.958439997564,2027306
2025-07-03,1283.1619873046875,1289.422210515989,1261.9961761450058,1266.865319510017,1918977
2025-07-04,1299.1605224609375,1304.7252058570966,1279.0877542056126,1294.7882278993122,1466009
2025-07-07,1302.240966796875,1305.122714676847,1289.9190898176507,1299.6573767772798,569025
2025-07-08,1275.7093505859375,1302.042343657083,1265.5735597175715,1302.042343657083,1602620
2025-07-09,1261.4000244140625,1277.597225938257,1258.915779888787,1271.93319694103,1494337
2025-07-10,1262.5999755859375,1269.9000244140625,1252.0999755859375,1262.9000244140625,1246082
2025-07-11,1254.699951171875,1272.0,1251.300048828125,1263.0,895466
2025-07-14,1250.5999755859375,1261.4000244140625,1245.300048828125,1254.699951171875,1035555
2025-07-15,1260.9000244140625,1264.5,1241.0,1254.800048828125,1183659
2025-07-16,1259.4000244140625,1262.0,1250.0,1260.9000244140625,1159859
2025-07-17,1263.0999755859375,1274.800048828125,1255.5,1259.4000244140625,709420
2025-07-18,1257.5,1270.5999755859375,1251.0999755859375,1265.0,690731
2025-07-21,1259.300048828125,1262.4000244140625,1245.199951171875,1250.199951171875,1065189
2025-07-22,1240.0,1263.5999755859375,1236.0,1261.0,1304352
2025-07-23,1247.4000244140625,1252.0999755859375,1231.0,1240.199951171875,1088262
2025-07-24,1265.5,1287.9000244140625,1256.0999755859375,1261.0999755859375,3809212
2025-07-25,1277.9000244140625,1288.5,1261.199951171875,1266.0,1621138
2025-07-28,1287.4000244140625,1290.0,1271.5999755859375,1280.0,1553778
2025-07-29,1299.800048828125,1302.0,1282.800048828125,1287.0,1943466
2025-07-30,1292.0999755859375,1298.0999755859375,1277.699951171875,1298.0999755859375,1387013
2025-07-31,1270.300048828125,1285.0,1257.0,1274.5,1968821
2025-08-01,1220.5999755859375,1259.0,1213.699951171875,1258.0,2525210
2025-08-04,1225.0,1232.199951171875,1219.199951171875,1225.0999755859375,767310
2025-08-05,1214.800048828125,1232.0,1205.0,1225.0,956582
2025-08-06,1196.699951171875,1217.800048828125,1187.5,1214.800048828125,1701845
2025-08-07,1200.800048828125,1210.0,1183.4000244140625,1184.0,1246560
2025-08-08,1211.4000244140625,1215.0,1195.4000244140625,1200.800048828125,2389106
2025-08-11,1219.5,1237.0,1208.5999755859375,1212.5,1246374
2025-08-12,1220.300048828125,1227.199951171875,1204.0999755859375,1210.0,922461
2025-08-13,1253.4000244140625,1255.5,1219.800048828125,1220.300048828125,1192506
2025-08-14,1260.4000244140625,1266.0,1250.199951171875,1255.0999755859375,1603933
2025-08-18,1262.699951171875,1270.5999755859375,1241.0999755859375,1270.0,1648543
2025-08-19,1244.199951171875,1263.800048828125,1241.9000244140625,1263.0,1061816
2025-08-20,1245.4000244140625,1250.699951171875,1238.0,1244.0,685379
2025-08-21,1276.5999755859375,1281.800048828125,1240.300048828125,1245.4000244140625,2008295
2025-08-22,1277.5999755859375,1284.0999755859375,1265.5999755859375,1274.0999755859375,1229920
2025-08-25,1283.9000244140625,1288.9000244140625,1275.300048828125,1277.699951171875,967056
2025-08-26,1263.199951171875,1279.5999755859375,1259.0,1276.0,2798216
2025-08-28,1259.800048828125,1267.4000244140625,1248.5,1263.199951171875,1827890
2025-08-29,1260.0999755859375,1266.4000244140625,1240.800048828125,1259.0,2422956
2025-09-01,1279.9000244140625,1285.0,1260.0999755859375,1260.0999755859375,1273903
2025-09-02,1253.699951171875,1283.4000244140625,1248.0,1279.9000244140625,1632660
2025-09-03,1262.199951171875,1265.9000244140625,1247.5999755859375,1250.0,1294925
2025-09-04,1253.0,1274.699951171875,1249.0,1268.0,1230934
2025-09-05,1268.0999755859375,1271.699951171875,1253.5999755859375,1254.300048828125,769861
2025-09-08,1250.5999755859375,1277.0,1248.699951171875,1269.0,969297
2025-09-09,1291.300048828125,1295.800048828125,1256.800048828125,1257.5,1643726
2025-09-10,1304.199951171875,1310.0,1293.699951171875,1294.4000244140625,1232984
2025-09-11,1303.0999755859375,1311.0,1283.0,1304.0,1349391
2025-09-12,1316.699951171875,1321.0,1302.800048828125,1303.0999755859375,1042942
2025-09-15,1300.800048828125,1311.800048828125,1292.5,1308.9000244140625,1331182
2025-09-16,1310.4000244140625,1312.5,1296.4000244140625,1300.0,1034369
2025-09-17,1311.4000244140625,1318.199951171875,1305.199951171875,1317.0,716840
2025-09-18,1322.699951171875,1325.800048828125,1305.699951171875,1312.0999755859375,822010
2025-09-19,1321.699951171875,1326.800048828125,1312.0,1324.699951171875,1409571
2025-09-22,1301.4000244140625,1320.9000244140625,1293.5,1320.9000244140625,1399531
2025-09-23,1308.4000244140625,1311.9000244140625,1295.199951171875,1300.0,1271238
2025-09-24,1298.0999755859375,1308.300048828125,1294.4000244140625,1303.300048828125,750456
2025-09-25,1275.199951171875,1307.300048828125,1268.0,1298.300048828125,1241492
2025-09-26,1253.0999755859375,1278.5,1246.199951171875,1250.0,2284377
2025-09-29,1234.5999755859375,1270.0,1231.0,1265.0,3899164
2025-09-30,1223.699951171875,1240.300048828125,1217.5,1235.0999755859375,2635047
2025-10-01,1244.699951171875,1250.699951171875,1226.0,1227.9000244140625,4083180
2025-10-03,1248.0999755859375,1265.4000244140625,1240.0,1243.9000244140625,2742600
2025-10-06,1248.5999755859375,1251.300048828125,1234.199951171875,1248.199951171875,1880910
2025-10-07,1248.5,1256.0999755859375,1244.4000244140625,1250.300048828125,1380941
2025-10-08,1234.5,1251.0,1231.4000244140625,1248.300048828125,1496744
2025-10-09,1246.0999755859375,1264.9000244140625,1240.300048828125,1245.0,2699135
2025-10-10,1264.4000244140625,1267.699951171875,1244.699951171875,1249.5999755859375,1680920
2025-10-13,1262.4000244140625,1265.0999755859375,1248.300048828125,1257.0,1188201
2025-10-14,1237.300048828125,1262.4000244140625,1232.300048828125,1262.4000244140625,1944911
2025-10-15,1232.4000244140625,1242.300048828125,1231.0,1233.0,2150067
2025-10-16,1240.199951171875,1242.5999755859375,1230.300048828125,1235.9000244140625,1308931
2025-10-17,1255.9000244140625,1262.0,1238.0999755859375,1245.0,1473018
2025-10-20,1282.0,1287.699951171875,1259.800048828125,1264.800048828125,1368192
2025-10-21,1288.699951171875,1294.0,1283.0999755859375,1288.0,226788
2025-10-23,1279.4000244140625,1303.5999755859375,1271.5999755859375,1303.5999755859375,1991213
2025-10-24,1283.5999755859375,1288.0,1265.5,1280.0,1167634
2025-10-27,1284.300048828125,1293.4000244140625,1264.5999755859375,1283.0,1927956
2025-10-28,1289.4000244140625,1294.9000244140625,1275.300048828125,1283.9000244140625,1828290
2025-10-29,1250.9000244140625,1301.5,1235.0,1299.0,2574921
2025-10-30,1202.199951171875,1207.199951171875,1180.9000244140625,1196.0,8883497
2025-10-31,1197.5999755859375,1205.5,1191.0,1202.5,4250157
2025-11-03,1196.0,1200.800048828125,1187.9000244140625,1196.9000244140625,1547000
2025-11-04,1200.0,1204.300048828125,1193.300048828125,1198.0,1015516
2025-11-06,1205.199951171875,1213.9000244140625,1193.199951171875,1202.0,1560897
2025-11-07,1205.4000244140625,1211.9000244140625,1198.0,1208.0,1076140
2025-11-10,1198.699951171875,1209.5,1195.0,1199.4000244140625,3483082
2025-11-11,1211.5,1214.800048828125,1198.5999755859375,1203.5999755859375,1048552
2025-11-12,1229.5999755859375,1235.0,1215.0,1220.0999755859375,1222295
2025-11-13,1234.9000244140625,1242.4000244140625,1227.300048828125,1235.800048828125,1426984
2025-11-14,1246.0,1249.0,1231.800048828125,1235.199951171875,827643
2025-11-17,1244.4000244140625,1253.0,1240.5,1253.0,1423044
2025-11-18,1243.800048828125,1247.0,1232.699951171875,1244.5,971685
2025-11-19,1250.199951171875,1252.699951171875,1237.0,1248.699951171875,830105
2025-11-20,1248.5999755859375,1255.0,1237.699951171875,1255.0,854999
2025-11-21,1243.9000244140625,1250.699951171875,1237.0999755859375,1244.800048828125,941902
2025-11-24,1226.199951171875,1262.4000244140625,1219.0,1248.0,7611988
2025-11-25,1236.0999755859375,1251.199951171875,1230.300048828125,1236.300048828125,1983817
2025-11-26,1248.0,1251.0,1234.5999755859375,1236.0999755859375,809816
2025-11-27,1249.300048828125,1256.0,1241.0,1248.0,1060956
2025-11-28,1258.800048828125,1260.300048828125,1245.0,1250.0,809748
2025-12-01,1260.0999755859375,1268.800048828125,1248.4000244140625,1263.9000244140625,1457856
2025-12-02,1275.199951171875,1278.300048828125,1260.5,1260.5,2361183
2025-12-03,1280.699951171875,1293.0,1269.199951171875,1283.5999755859375,4969448
2025-12-04,1277.5999755859375,1284.199951171875,1266.5,1280.5999755859375,1971130
2025-12-05,1275.199951171875,1282.800048828125,1271.5999755859375,1277.5999755859375,1036082
2025-12-08,1266.5,1279.0,1263.699951171875,1275.0,1435892
2025-12-09,1246.199951171875,1267.4000244140625,1241.300048828125,1266.5,2118272
2025-12-10,1250.800048828125,1262.0999755859375,1246.800048828125,1249.300048828125,1669910
2025-12-11,1273.5,1275.9000244140625,1248.0,1250.800048828125,1717539
2025-12-12,1279.300048828125,1280.4000244140625,1267.300048828125,1275.0,981548
2025-12-15,1280.5999755859375,1282.800048828125,1264.0999755859375,1274.9000244140625,1078613
2025-12-16,1276.9000244140625,1285.9000244140625,1272.0,1285.9000244140625,928506
2025-12-17,1272.0,1281.0,1267.300048828125,1270.0,894068
2025-12-18,1280.0,1283.9000244140625,1262.0,1277.0,889699
2025-12-19,1278.199951171875,1292.9000244140625,1268.9000244140625,1277.0,1209487
2025-12-22,1283.4000244140625,1286.300048828125,1276.699951171875,1278.199951171875,614138
2025-12-23,1283.5,1288.5999755859375,1277.800048828125,1288.5999755859375,408490
2025-12-24,1265.800048828125,1285.0999755859375,1252.4000244140625,1281.0999755859375,1265233
2025-12-26,1269.300048828125,1275.0,1261.0999755859375,1265.0,594744
2025-12-29,1268.5999755859375,1275.9000244140625,1260.0,1269.300048828125,811488
2025-12-30,1265.800048828125,1272.9000244140625,1256.4000244140625,1268.0,1123996
2025-12-31,1271.4000244140625,1273.9000244140625,1260.0,1270.0,658106
2026-01-01,1253.4000244140625,1270.0,1248.0,1270.0,553856
2026-01-02,1256.0999755859375,1257.5999755859375,1236.0,1249.0,1591218
2026-01-05,1250.0,1262.300048828125,1245.0,1256.0,1184386
2026-01-06,1256.199951171875,1258.800048828125,1245.5,1250.0,540944
2026-01-07,1242.800048828125,1265.0,1240.0,1252.5999755859375,1215477
2026-01-08,1206.9000244140625,1241.5999755859375,1202.199951171875,1241.5999755859375,2000942
2026-01-09,1210.0999755859375,1216.4000244140625,1203.5999755859375,1207.0,1390935
2026-01-12,1215.5,1218.699951171875,1199.9000244140625,1210.0,707317
2026-01-13,1191.300048828125,1215.9000244140625,1185.5,1215.5999755859375,2071117
2026-01-14,1186.5,1195.0,1176.0999755859375,1191.0999755859375,2834908
2026-01-15,1186.5,1186.5,1186.5,1186.5,0
2026-01-16,1175.5,1197.0,1171.5,1184.0,2214792
2026-01-19,1167.199951171875,1177.5,1164.699951171875,1170.0,1253443
2026-01-20,1166.699951171875,1192.800048828125,1161.4000244140625,1168.4000244140625,2790934
2026-01-21,1157.199951171875,1193.800048828125,1148.4000244140625,1170.0,2322066
2026-01-22,1217.5,1225.0,1187.699951171875,1195.0,6464461
2026-01-23,1235.5999755859375,1250.800048828125,1225.0,1230.0,3888860
2026-01-27,1239.800048828125,1252.300048828125,1233.5,1251.0,2159137
2026-01-28,1222.5,1243.199951171875,1219.0,1241.9000244140625,1740662
2026-01-29,1208.9000244140625,1218.0,1191.199951171875,1215.300048828125,1626394
2026-01-30,1218.0999755859375,1224.800048828125,1200.0,1200.0,1672460
2026-02-02,1182.5,1195.0,1167.0999755859375,1189.5,1207638
2026-02-03,1235.4000244140625,1265.9000244140625,1218.0999755859375,1265.0,1521425
2026-02-04,1240.199951171875,1248.300048828125,1230.0999755859375,1235.5,947684
2026-02-05,1244.9000244140625,1253.5999755859375,1237.0,1242.0,953241
2026-02-06,1241.199951171875,1248.9000244140625,1225.0,1244.9000244140625,1324651
2026-02-09,1275.5,1278.800048828125,1243.5,1260.0,2111316
2026-02-10,1256.0,1283.5,1253.0,1279.0,1412804
2026-02-11,1270.300048828125,1273.5,1253.199951171875,1263.9000244140625,855888
2026-02-12,1274.9000244140625,1277.5999755859375,1261.5,1268.9000244140625,981247
2026-02-13,1268.0999755859375,1279.300048828125,1263.5999755859375,1274.0,838946
2026-02-16,1269.4000244140625,1275.199951171875,1257.0999755859375,1257.0999755859375,469592
2026-02-17,1284.800048828125,1286.800048828125,1258.199951171875,1266.0,687326
2026-02-18,1280.300048828125,1291.5,1276.5999755859375,1289.0,689997
2026-02-19,1282.300048828125,1295.699951171875,1276.5,1290.0,1333838
2026-02-20,1280.4000244140625,1292.4000244140625,1275.0,1281.9000244140625,1753200
2026-02-23,1307.4000244140625,1313.5,1282.0999755859375,1290.0,1849756
2026-02-24,1300.199951171875,1315.0,1297.0999755859375,1307.5,1803242
2026-02-25,1306.5,1324.0,1266.9000244140625,1281.0,2296240
2026-02-26,1319.300048828125,1327.0,1305.0,1311.199951171875,1511598
2026-02-27,1286.300048828125,1317.199951171875,1278.199951171875,1313.800048828125,3510396
2026-03-02,1294.4000244140625,1300.0,1221.199951171875,1252.5999755859375,1052234
2026-03-04,1291.199951171875,1299.199951171875,1272.0999755859375,1274.4000244140625,1890939
2026-03-05,1313.5,1322.0999755859375,1292.5,1292.5,1060509
2026-03-06,1303.800048828125,1316.4000244140625,1290.800048828125,1313.5,963701
2026-03-09,1287.0,1294.9000244140625,1273.5999755859375,1285.5,1597730
2026-03-10,1314.5999755859375,1329.5999755859375,1288.0,1288.0,2329349
2026-03-11,1325.5,1336.0,1311.0999755859375,1311.0999755859375,2454389
2026-03-12,1319.0,1337.300048828125,1303.5999755859375,1321.0,1969692
2026-03-13,1292.300048828125,1319.9000244140625,1280.9000244140625,1310.0,1574522
2026-03-16,1276.9000244140625,1297.0,1264.0,1292.0999755859375,1294975
2026-03-17,1283.800048828125,1291.4000244140625,1265.0,1279.9000244140625,1003677
2026-03-18,1294.800048828125,1299.300048828125,1280.0999755859375,1283.800048828125,849938
2026-03-19,1274.5,1286.4000244140625,1266.699951171875,1278.699951171875,1035491
2026-03-20,1298.9000244140625,1307.5,1288.199951171875,1289.0,3359706
2026-03-23,1253.300048828125,1293.0,1244.199951171875,1293.0,2112613
2026-03-24,1259.5999755859375,1279.800048828125,1248.4000244140625,1267.199951171875,3166135
2026-03-25,1300.699951171875,1309.0,1260.0999755859375,1268.9000244140625,1577150
2026-03-27,1281.699951171875,1302.9000244140625,1278.199951171875,1297.0,2165113
