Date,Close,High,Low,Open,Volume
,GRASIM.NS,GRASIM.NS,GRASIM.NS,GRASIM.NS,GRASIM.NS
2020-01-01,716.8877563476562,721.6187538229747,713.1223168583966,721.0394781954317,688037
2020-01-02,739.9150390625,741.9908703123024,715.4395059752435,716.405004754401,2423328
2020-01-03,730.5496215820312,743.3908315918217,725.5772350886805,743.3908315918217,1417070
2020-01-06,711.577392578125,729.7289337777464,709.6463951802331,729.3427106325341,961348
2020-01-07,716.6947021484375,729.9220773916463,710.129262843971,712.7360919076287,1108401
2020-01-08,717.0325317382812,724.0324715834354,708.2947059877266,710.0326510572146,1317705
2020-01-09,731.1771240234375,735.0391778342454,724.1772439352271,726.9771841376948,1477783
2020-01-10,730.1633911132812,740.059826942141,725.0945080454599,730.6944479491933,1266475
2020-01-13,733.3978271484375,738.6115438605182,730.887554162079,730.887554162079,835989
2020-01-14,733.6875,741.4115489203076,727.1220613759428,736.4874403702217,1190936
2020-01-15,739.96337890625,742.473711440668,721.715338040752,731.8531648167374,1522089
2020-01-16,729.9703369140625,744.4046592734911,727.1221184261879,740.8805502140563,1041500
2020-01-17,741.7494506835938,745.3700558784899,686.4742232923332,690.3362771080604,4938472
2020-01-20,746.1425170898438,750.6803431472215,736.149525856982,741.1218529452125,1581541
2020-01-21,745.0322875976562,754.1562780285668,737.1151263131304,752.1287245994756,1667878
2020-01-22,765.5491943359375,771.4387424409664,740.6391617147913,744.259767121692,3093985
2020-01-23,780.997314453125,783.9420885896388,755.9907253303148,757.9217228242882,2597472
2020-01-24,793.6453857421875,795.9626063206576,768.4939638003195,780.1282854224733,1933519
2020-01-27,785.052490234375,808.0315280979615,782.0594379384366,786.8869320989675,2820058
2020-01-28,780.997314453125,795.4315769264597,769.7491564299851,789.3006391756634,1790691
2020-01-29,774.6249389648438,794.4660893631476,772.4042740662877,785.921375042557,1840396
2020-01-30,763.9561157226562,781.0938222642095,760.0941206794115,781.0938222642095,1330496
2020-01-31,752.0321044921875,770.4249766421993,748.79766302921,765.7423166617665,1304458
2020-02-03,753.4803466796875,755.9906787656837,724.3703748841668,732.8185327730089,1541064
2020-02-04,766.3216552734375,768.8802655830126,753.1424988631403,753.1424988631403,1075827
2020-02-05,772.3076782226562,774.4318463826767,760.8664682136622,766.3215743846887,1062607
2020-02-06,773.369873046875,778.8249797903937,765.9354316168013,774.7215358849869,1222421
2020-02-07,760.4802856445312,775.880106268867,758.4527323278614,773.369833153227,1086833
2020-02-10,731.4185791015625,762.4596093905108,726.0600285082252,759.8527213552277,4260702
2020-02-11,733.1082763671875,742.4736560249083,728.0876116730772,733.7841077695069,3394755
2020-02-12,729.2944946289062,747.7356455883086,728.4738295397715,735.8116557729156,1852945
2020-02-13,726.3013916015625,738.5633258385304,719.5911193387319,729.2944435289844,1884479
2020-02-14,717.4188232421875,744.2598565265272,711.6740489655066,728.4738706957651,3412990
2020-02-17,711.963623046875,724.1290014412676,708.1981248345761,717.37045131504,1522461
2020-02-18,698.9293212890625,715.6325854974469,690.8673269728214,711.915365074777,1757880
2020-02-19,731.0323486328125,733.5426808517755,701.2465439275659,704.8189306754614,2076090
2020-02-20,725.3841552734375,741.3149724472607,720.1703795037458,724.1289892238482,2137038
2020-02-24,699.8948974609375,722.1981041363971,697.2880683348288,722.1981041363971,2367336
2020-02-25,695.550048828125,707.618871819736,690.4328877588152,701.9223760081909,2281107
2020-02-26,678.5571899414062,697.288007859433,675.8537460849911,693.2328420748104,2852422
2020-02-27,688.260498046875,692.7501056248678,662.3366883737692,678.5571736300826,3363958
2020-02-28,663.4953002929688,683.0950607538914,660.4056333341296,663.3021887125303,4407386
2020-03-02,645.3920288085938,677.3020013494659,634.6266499641912,676.8192224039382,2254276
2020-03-03,675.9020385742188,680.2950905626752,647.854118569807,647.854118569807,3363570
2020-03-04,665.7158813476562,684.3500815609418,658.4745529771914,678.2674225272679,2853717
2020-03-05,656.8333129882812,671.5089649660472,654.612648116951,668.9021360936733,2171130
2020-03-06,642.1093139648438,647.7575318466123,622.7509430672674,627.5784958999823,1701571
2020-03-09,612.7096557617188,631.4404726503857,603.7305000474303,625.647421250776,2786900
2020-03-11,603.6823120117188,618.4062434237659,594.75137369748,613.0959701687278,3001659
2020-03-12,540.5381469726562,588.9582097989306,535.8554281500543,588.7168203412537,4778932
2020-03-13,584.0824584960938,609.8614335172736,487.5801860466792,519.0556270608746,6209514
2020-03-16,557.0001220703125,578.8205497406833,539.7175212111348,559.9931743989146,2988394
2020-03-17,536.4830322265625,565.448231616319,534.1658707063432,551.5932445706553,3007242
2020-03-18,508.86962890625,548.4070378992974,475.41485043344477,548.4070378992974,6864942
2020-03-19,474.11138916015625,500.9041405344774,464.40806519410023,464.40806519410023,3915320
2020-03-20,511.1385498046875,545.2208507350003,471.21488976444726,477.9251622461754,3046590
2020-03-23,418.3052062988281,482.75270918613836,383.35393112150535,464.69775161484887,4492684
2020-03-24,386.2986755371094,442.1049037167554,379.44359914534607,420.96031023055036,2996993
2020-03-25,435.78082275390625,442.87728857952646,371.76782622389436,376.5470714741179,4213471
2020-03-26,455.1392517089844,467.3046013382758,409.3260124519804,424.7740815775343,3976225
2020-03-27,445.00140380859375,476.7665426311577,431.436055005144,455.7667826412533,2028451
2020-03-30,434.960205078125,460.06335182584706,423.0844927093444,432.5464284522861,1999573
2020-03-31,459.6770935058594,463.20120237715344,437.95322386157574,447.4151884635044,1808450
2020-04-01,459.725341796875,467.59422409030293,436.9876969776725,461.4149792806297,2128750
2020-04-03,439.0152587890625,461.2218768134358,435.63598375486515,457.1667704380329,1475994
2020-04-07,500.6628112792969,504.86281096140436,447.0289946059813,461.51159503962657,2642753
2020-04-08,494.9180603027344,514.1316283060327,483.13890401358105,494.82153408892594,2411598
2020-04-09,512.2489624023438,528.5660061535838,495.3043354942025,510.7524065735605,2500431
2020-04-13,525.7176513671875,541.6485287301308,492.4077372553676,512.2488875330927,3275888
2020-04-15,516.9314575195312,553.0896428613893,511.8625751497672,539.620881374851,2133786
2020-04-16,524.9935302734375,537.7864624404649,505.0075467578203,511.71781915787915,3609311
2020-04-17,526.7314453125,543.5795440874031,514.9522891213704,540.6830477281683,2741854
2020-04-20,503.6558532714844,533.8278791176085,501.4834664639381,529.3382718268018,3118395
2020-04-21,491.9732666015625,499.4559559182665,486.1319665854893,497.0904573414069,2598896
2020-04-22,492.7939453125,495.5939154490211,485.11817378125704,493.37325049874727,2333990
2020-04-23,483.1871643066406,499.9869551296796,481.4975266868987,497.23529254037777,2048968
2020-04-24,481.83544921875,484.5871414291624,468.0287398518795,475.0286503290213,2560066
2020-04-27,481.06304931640625,493.0835945101247,475.3182755631768,487.4836544436265,1765581
2020-04-28,480.2906494140625,493.8559989958813,476.76656998764827,489.46294700064743,2128372
2020-04-29,484.6353759765625,487.4836237259126,478.4561607165972,482.75265649586873,1404693
2020-04-30,487.483642578125,497.2352743525841,484.00781167344394,487.58019836692887,6561590
2020-05-04,462.52532958984375,477.8768716342411,459.91847121563586,475.9941225082869,3320830
2020-05-05,455.1874694824219,470.9734828270233,453.0633604899537,468.2700686927872,1735925
2020-05-06,465.7597961425781,469.2356272171374,453.01511178457207,458.6150519884583,1896522
2020-05-07,468.4631652832031,474.9803257331035,459.966729585096,465.759751235438,1743414
2020-05-08,469.5252685546875,475.80106977849346,466.0977153510547,472.90454386119495,1451705
2020-05-11,487.0491638183594,494.8214905520995,468.0287090802815,472.32520496138136,3912963
2020-05-12,500.08349609375,503.02827018040597,475.125185289062,485.35953691434014,3122914
2020-05-13,504.91094970703125,531.027868750208,501.1455108725473,531.027868750208,2711938
2020-05-14,493.7593994140625,510.3660775589343,490.71806964801533,500.13175588613257,1940379
2020-05-15,499.9869384765625,501.91793593078347,492.31116739015204,496.5111075605129,1384443
2020-05-18,478.69757080078125,497.7180270828444,477.05621102858197,497.7180270828444,2678574
2020-05-19,494.19390869140625,503.0282603609652,477.97342383793466,481.0147536546946,3299878
2020-05-20,518.3316040039062,520.3591575264794,489.5112648308627,493.37328985322176,2862696
2020-05-21,508.77301025390625,518.428056087146,503.5592937869284,518.3315003040461,2005953
2020-05-22,513.9867553710938,516.4970875434531,495.4007718777764,505.82826455705526,1752039
2020-05-26,514.2763671875,525.6210203038044,509.64192649729375,516.5453096435768,4004041
2020-05-27,547.1036376953125,549.9518560767501,510.8006121945589,516.5453860176872,4754112
2020-05-28,556.6138916015625,561.5862194508782,538.0279060040998,548.4070628000904,3330221
2020-05-29,568.875732421875,581.2341627160108,557.0965184994076,569.9377868741549,5979901
2020-06-01,563.3723754882812,579.303193032989,560.041378297467,572.0619230879556,2564085
2020-06-02,575.7791137695312,580.6066667563101,555.6966329717809,562.889625391429,2681043
2020-06-03,577.1790161132812,588.9581700479885,571.9170221114886,579.8341816403555,2436065
2020-06-04,584.2274169921875,589.9238546201691,562.7448740541747,576.4068107744652,1650031
2020-06-05,605.5166625976562,608.944215537236,588.4755128506549,590.503066045542,3146152
2020-06-08,595.8616333007812,622.171666015626,592.5789139482727,613.0958951104296,2757483
2020-06-09,590.7926635742188,613.8682537598951,585.7720585710617,601.606379025167,2091161
2020-06-10,593.5443725585938,604.4063065081078,589.0547653042503,590.8892068535647,1797749
2020-06-11,570.2274169921875,604.4063315104344,562.4551494498028,596.6822826974741,2507917
2020-06-12,581.1859741210938,585.2894180498142,548.6001671712346,548.6001671712346,2110589
2020-06-15,561.8275756835938,589.7789396923007,557.1931342425369,588.9582746099728,2927192
2020-06-16,568.7792358398438,583.6479997193745,560.1862435438991,577.3722281357885,1815454
2020-06-17,563.710205078125,577.0824703949638,560.7654313341421,566.8481495426613,1161867
2020-06-18,577.4688110351562,582.0549747784672,558.3517688429002,562.8896546872674,1808862
2020-06-19,580.5101318359375,582.875630517948,573.0757496668263,577.3722459473428,2630246
2020-06-22,596.2960815429688,607.1580163424335,566.7516662196946,583.0687073665368,5901428
2020-06-23,600.8822631835938,612.4683667641993,591.9030476996467,601.1236526673749,3194115
2020-06-24,592.4823608398438,611.599342304092,577.8549277896471,604.4063500985234,2452073
2020-06-25,586.4962158203125,604.9373664890791,583.2134963514198,589.8754910821805,2097893
2020-06-26,594.8961181640625,604.7442759500084,588.9582330907941,591.7582325824146,1767686
2020-06-29,597.8892211914062,602.9098267185424,577.8549586522546,592.5789482788325,2018333
2020-06-30,598.32373046875,607.0615567364724,590.2134577139855,603.6822813523281,1634716
2020-07-01,593.158203125,604.3580833290256,591.0340940343146,598.4201979558303,1402760
2020-07-02,596.634033203125,609.764910893765,593.7375369469266,593.7375369469266,2512090
2020-07-03,606.4821166992188,608.2682802957156,592.337464104569,602.282176938102,2074752
2020-07-06,619.03369140625,630.8611834165728,607.399370129826,611.1648682489646,4075813
2020-07-07,602.137451171875,620.7234363075378,599.8685082702261,619.0337690238822,2164858
2020-07-08,587.5099487304688,610.054541429517,584.4203410776104,606.3373211690579,2401094
2020-07-09,595.37890625,601.268514105615,588.9100227706662,590.8892983008353,1631873
2020-07-10,590.3582153320312,598.5167057695934,576.5032294573296,595.3788202809861,2704109
2020-07-13,590.6480102539062,596.6341151719371,586.5928439412023,593.2065615909582,1722338
2020-07-14,576.1170654296875,592.6754966278232,573.3654027948706,591.3237746768533,1758125
2020-07-15,568.586181640625,586.061835376402,566.1241269897372,581.6687829916825,1921434
2020-07-16,562.9379272460938,572.5446965679885,559.993152930721,571.5791977623595,1515681
2020-07-17,571.6757202148438,574.8618838368053,562.8896165155926,564.337894221607,2180665
2020-07-20,582.344482421875,590.3099202231493,572.8825483400051,577.3721555099553,2295638
2020-07-21,582.2962036132812,595.233968306079,581.1375934046664,584.1307042893023,1950293
2020-07-22,581.0410766601562,590.8892345129783,573.5101393802436,586.0617409561551,1749629
2020-07-23,577.6136474609375,590.6962481674639,576.4067591457278,584.420417095555,1211759
2020-07-24,562.5999755859375,576.2136328357393,561.5379209953629,576.2136328357393,1255646
2020-07-27,551.1104736328125,564.8206271897891,548.8415308115669,564.8206271897891,2224709
2020-07-28,575.6824951171875,577.323884252539,545.5104697366069,553.0414066089621,5625982
2020-07-29,595.0409545898438,600.3995049664998,578.675636097871,579.3031895514621,6110360
2020-07-30,582.1513671875,603.5373484731263,580.4134814648405,592.965022974024,2519390
2020-07-31,611.2132568359375,614.9304185717396,581.2342776230622,585.4342183708358,4769694
2020-08-03,611.6475219726562,620.5784577996916,600.2063135013016,608.2682473579921,2556245
2020-08-04,603.1029663085938,617.6821229193072,600.7374675458784,613.482182291834,2070693
2020-08-05,611.5993041992188,621.3991837957469,600.2546503872862,603.1511464142318,2505820
2020-08-06,612.323486328125,624.1991972185671,607.3028221051188,614.0613721504981,2312477
2020-08-07,614.5924072265625,619.7578457819138,606.5786914090016,612.1303530952513,2235535
2020-08-10,612.1786499023438,621.1578646605168,606.0476533303049,617.9234233315505,1932817
2020-08-11,602.7167358398438,618.8406651391724,597.696071468929,613.0958915149507,2069626
2020-08-12,604.55126953125,607.3029324439619,593.8824448651056,598.6133834251518,2151111
2020-08-13,610.0546264648438,615.9924531337706,600.0616337199629,610.006348565222,3049144
2020-08-14,607.2545166015625,617.7302864448163,601.9442444256632,610.1993496168063,2852059
2020-08-17,603.7788696289062,612.1304731600245,589.6342138184634,608.4132522882717,4326042
2020-08-18,644.088623046875,655.095392017301,599.5788273550799,599.5788273550799,15527149
2020-08-19,641.9161987304688,648.8195826760016,637.667980660629,644.9093098684721,3257907
2020-08-20,642.640380859375,651.7160927639723,632.4542773549272,637.378386054435,3026994
2020-08-21,653.9850463867188,659.4401528647913,645.8265551998778,651.4264953672915,4009171
2020-08-24,648.3851318359375,669.5780050958006,643.2196925324691,656.9299056960335,3836076
2020-08-25,650.50927734375,656.0126025782484,638.8266179933605,648.8196101248027,1831246
2020-08-26,648.0325317382812,659.007905432371,639.6796156416069,653.6173510531892,2459758
2020-08-27,665.3696899414062,668.2349187838878,647.8382342624346,650.8977280130374,3272319
2020-08-28,681.0072021484375,696.8875270056074,664.3498770850958,670.1289611922638,7416581
2020-08-31,655.4627685546875,690.3799840693198,651.3833837049104,682.8040686589337,4474304
2020-09-01,664.8840942382812,684.5523468408707,632.3465043934291,657.5024436126839,4746522
2020-09-02,658.9592895507812,666.2438669870106,643.6131940288418,661.4360482597968,3946609
2020-09-03,703.9291381835938,708.3969930425795,662.0188050430124,665.3211299597656,7528192
2020-09-04,686.2034912109375,703.2007798971193,678.6275755305783,684.7466232645805,3620215
2020-09-07,680.035888671875,700.0926700479904,673.0912749903773,699.3156103796128,4194868
2020-09-08,657.6480712890625,682.7068753384362,654.8313491783475,682.7068753384362,2836862
2020-09-09,667.3607788085938,676.4906937320503,644.9729387447879,656.579671701867,2847119
2020-09-10,692.80810546875,697.130261883624,661.7274441692764,676.539311125267,4943692
2020-09-11,700.2384033203125,706.1145602480121,684.4066450393245,694.4593193385167,7359626
2020-09-14,686.6890869140625,714.807385470428,682.8040267441241,700.2869165437191,3056973
2020-09-15,699.7041625976562,702.7150903566268,689.4087168366756,691.1569821115772,2938207
2020-09-16,699.7041625976562,716.0215233940178,693.5851746180606,702.1809213349668,3050802
2020-09-17,703.8805541992188,717.5269495693476,695.9647354581504,699.7040968105101,3942939
2020-09-18,723.597412109375,727.1425682767718,703.8320282051445,707.0372207692816,3228972
2020-09-21,696.256103515625,728.1138233198623,689.6514535620948,728.1138233198623,2436306
2020-09-22,708.1541748046875,724.5686672324828,686.4948273000244,699.704127207654,3326343
2020-09-23,697.7616577148438,711.6993927412224,684.7466215902194,708.3970674774771,2586941
2020-09-24,660.1734008789062,694.4593151942574,656.0940755125428,687.6603999053581,2836522
2020-09-25,687.8060302734375,691.7396565548905,663.3785276983657,663.3785276983657,2267006
2020-09-28,713.1077270507812,714.5160882252662,694.4593062369427,694.4593062369427,2555901
2020-09-29,700.7239379882812,718.6439234539368,694.5078180432685,714.855936304128,1829165
2020-09-30,722.8203125,724.9571072487288,694.5077523206297,700.7238716773988,2387252
2020-10-01,732.8731079101562,734.2814095600063,714.9045549012677,727.6768188330091,2413277
2020-10-05,728.5995483398438,741.6631506866433,720.6351028236442,730.5906448395332,1907600
2020-10-06,735.9326171875,738.1179785709326,719.2267263068886,728.6966653133899,1861945
2020-10-07,737.8265991210938,739.8176956268647,726.5113215941112,733.3101775498636,1633121
2020-10-08,748.21923828125,752.444262462044,736.9039012214065,743.0228894451544,2229138
2020-10-09,723.694580078125,750.6959168117406,720.9264834394954,747.442157858909,2916735
2020-10-12,723.3060913085938,730.7363079044188,716.7985140513553,724.7143929490037,2824839
2020-10-13,727.9195556640625,741.0802892931729,715.7786533094171,721.4606044199717,2751314
2020-10-14,741.6631469726562,745.9367373459379,712.379315862239,721.6549305759711,2415604
2020-10-15,728.5509033203125,745.8880941869152,723.7916511147998,738.506444259589,1506667
2020-10-16,750.5016479492188,754.3381418372799,728.4537710973899,731.3189999566073,1772044
2020-10-19,750.938720703125,759.9229970501283,739.6720101145667,749.8217569384567,2143086
2020-10-20,754.8723754882812,757.4947732288216,742.5372083581617,752.7355805067584,1746130
2020-10-21,769.0044555664062,771.626853585076,749.3847688306897,757.5919860337146,2418947
2020-10-22,768.9072875976562,771.6268179563482,758.5632161466617,769.0044200587638,1706604
2020-10-23,762.642578125,780.9024684699838,759.6315909557044,771.2868907652154,2363692
2020-10-26,757.5918579101562,767.1588684960653,745.9366187020539,762.448242298701,1344142
2020-10-27,756.7177734375,767.3046158944903,750.6473520837728,751.764315802672,1536888
2020-10-28,754.9209594726562,767.0132957489768,750.8415748068036,767.0132957489768,1985259
2020-10-29,748.073486328125,755.0181000144972,743.9941611360307,750.5502449879414,1066172
2020-10-30,755.9893188476562,770.9468833155041,743.2656222390272,747.8791756713457,1716739
2020-11-02,765.2164306640625,769.1015505460738,753.2212264399033,761.8655393167714,1795870
2020-11-03,768.421630859375,777.9401359773573,764.4394379948737,766.5276668889355,2056424
2020-11-04,760.6028442382812,772.1610114105537,756.3292542134724,767.6931564723558,1505112
2020-11-05,781.291015625,787.1186061415231,764.8765225869929,764.8765225869929,2985097
2020-11-06,771.5297241210938,785.758856658998,768.7616273932662,785.758856658998,1506722
2020-11-09,769.3928833007812,785.0789423810461,766.5276542768127,774.1035695513591,2196951
2020-11-10,766.8190307617188,793.0433658861016,758.6117547194348,776.0460785735735,2914387
2020-11-11,780.0283813476562,785.3703692729117,767.304683273465,769.2472730332825,2520351
2020-11-12,803.193115234375,807.1268012267523,780.0283334103817,780.9024660139864,3845786
2020-11-13,817.179443359375,823.6383944548887,795.9571329616621,803.2416503999069,5942145
2020-11-14,814.5084838867188,820.3361340055491,811.1090262771877,818.7820741347144,326158
2020-11-17,818.6848754882812,828.9803799463256,811.546056747595,822.5699950925647,1893365
2020-11-18,824.5612182617188,827.2321826031258,814.1685797503477,817.3737726705027,1727008
2020-11-19,812.711669921875,837.1391156824834,808.0981159581073,820.5304166408257,1931331
2020-11-20,831.4085083007812,837.1389655363068,814.5083553812404,815.8681501140052,2058126
2020-11-23,830.048828125,843.9379961565603,826.6493705826363,838.5960084521141,2233883
2020-11-24,828.737548828125,838.9359208324588,825.5809226281388,832.3798372976946,1399638
2020-11-25,818.8792114257812,848.697270393274,815.916849876732,831.4086443757983,2401936
2020-11-26,852.1937866210938,855.6903168925102,822.7156938268116,825.7751875730185,4266333
2020-11-27,850.5911865234375,860.4010290109558,845.0063678402665,852.1938125444503,4020685
2020-12-01,881.7205200195312,884.537182868534,837.3819317618247,842.0926181046219,4126748
2020-12-02,889.1992797851562,892.55017108838,874.2416547364063,875.6500158828901,2854485
2020-12-03,883.9058227539062,898.3291591770804,879.9721368515019,894.5412314756201,1996094
2020-12-04,904.7396240234375,919.6971892893946,886.8682040566252,889.1021315524767,3042427
2020-12-07,910.761474609375,926.5932319144099,903.525523158355,912.9468358650282,3205743
2020-12-08,899.203369140625,914.9379345104979,892.0159243827426,910.5672119881826,1763695
2020-12-09,893.8128051757812,906.9249725937522,889.8305530116792,900.3203226565178,1618537
2020-12-10,883.3716430664062,898.2321358787912,876.6212941287731,895.5125460045542,1734033
2020-12-11,876.3298950195312,889.3449296800243,875.1157988588213,883.7601111477328,1945748
2020-12-14,885.265625,897.4550944162147,880.2636007420623,880.6035643626059,2052814
2020-12-15,885.7997436523438,891.3359957700105,877.0582992052314,885.7997436523438,1467901
2020-12-16,888.519287109375,898.7176589570862,884.828491986964,893.9584068580009,1395643
2020-12-17,886.479736328125,899.7861697775677,885.7998685929301,889.5877966449954,1482672
2020-12-18,883.517333984375,890.4133815528934,876.0871174022767,885.7998277638502,2224860
2020-12-21,852.145263671875,883.8087192525959,843.3552522850867,883.4687556466067,1912602
2020-12-22,859.7697143554688,863.8490394118576,838.5474036853242,852.1452332298679,1715164
2020-12-23,876.0870971679688,882.8860121192727,856.0303159168536,860.643869599341,2387101
2020-12-24,871.3764038085938,885.6541012810728,865.5001877389816,880.6035110971263,1425968
2020-12-28,880.6034545898438,886.1397067042211,871.3277816679515,875.310033602727,1495820
2020-12-29,883.3716430664062,896.1438474838739,880.1664504044094,884.8285704645647,1631226
2020-12-30,907.5563354492188,911.9756244491357,871.5221557258348,884.9257214201904,2289284
2020-12-31,901.1944580078125,913.8209631819675,895.075410816889,912.801131903053,2086260
2021-01-01,906.5850219726562,911.0528769657628,893.8128179696096,897.9407093601076,1156184
2021-01-04,936.7430419921875,939.2198007876957,910.2273672734476,910.2273672734476,2678141
2021-01-05,933.6834106445312,944.0274808758782,919.7456778456856,927.5644234208719,1517829
2021-01-06,956.3140869140625,961.0733392027239,927.6130530499627,932.4208120493346,2171483
2021-01-07,965.29833984375,975.7881092151388,949.1266790199735,961.5589784358077,1896450
2021-01-08,975.4481811523438,994.4365647978198,963.598676028742,970.9317599481859,2390870
2021-01-11,975.4481811523438,983.2183611305527,965.8811697451968,970.6403625756758,1254601
2021-01-12,981.2759399414062,991.2799890003757,969.037903629314,976.9052169383336,1557324
2021-01-13,1003.66357421875,1011.0938498289648,978.5076375885182,980.0131311048058,2214186
2021-01-14,990.9400024414062,1011.0453503899316,984.1896535617952,1005.2662070774925,1528096
2021-01-15,1003.3721923828125,1009.4426137339166,972.825701681837,985.9378689369604,2034259
2021-01-18,970.4946899414062,999.9728441316237,962.3846056616653,993.6109655815607,1854738
2021-01-19,1002.2553100585938,1022.263524971529,973.2142527458703,973.2142527458703,4075179
2021-01-20,1004.974853515625,1008.6657681294661,985.6466239234318,998.4673950202282,1534841
2021-01-21,987.8804321289062,1016.8728622879673,983.4125773746226,1006.2374538920869,1273254
2021-01-22,975.15673828125,1001.1382410326707,971.2716782321321,992.9310248960636,1033889
2021-01-25,1039.0179443359375,1082.6280379707396,987.7833692495105,995.5535493904418,15405089
2021-01-27,1031.0535888671875,1082.3366721617722,1020.8551564577887,1033.384529894323,6647316
2021-01-28,1036.7353515625,1045.0882661455069,1008.7141871153764,1010.6081508606056,2845529
2021-01-29,1025.322998046875,1062.5712732786244,1018.3298179536558,1032.0733469873908,3837388
2021-02-01,1093.31201171875,1098.3140953077352,1017.2614622347297,1029.5480041386818,2107472
2021-02-02,1155.813232421875,1175.1416384766758,1103.8016601746901,1111.1348033424367,4139299
2021-02-03,1156.6387939453125,1170.8679834466204,1138.5731107965692,1144.255120966184,2436735
2021-02-04,1154.3564453125,1182.4747452392526,1137.4077831948432,1146.100662290305,2669863
2021-02-05,1152.025390625,1174.073268963118,1139.3017524202432,1154.3564506583402,1642638
2021-02-08,1176.0157470703125,1184.9514569632406,1150.957001615263,1151.928207149131,1963580
2021-02-09,1182.9603271484375,1191.2646758366286,1169.4110640072465,1175.2387731849954,1733956
2021-02-10,1196.024169921875,1213.118533026316,1181.066602205489,1181.066602205489,3276987
2021-02-11,1199.95751953125,1209.0389275889934,1186.5053892344224,1187.8652435527213,1221329
2021-02-12,1206.41650390625,1218.7517303901095,1185.971312687603,1208.2620205322814,3434991
2021-02-15,1192.6732177734375,1222.4426515034886,1181.7949769789707,1220.9372173462496,1921858
2021-02-16,1208.019287109375,1220.8886240963254,1190.3906975611258,1198.93787806514,1567856
2021-02-17,1202.8714599609375,1213.1183391314694,1192.7217132486512,1192.8188457068966,1052775
2021-02-18,1194.3243408203125,1211.807231919117,1178.152618939966,1202.8715214432941,1542595
2021-02-19,1183.009033203125,1204.0855878906852,1175.2389120942187,1196.3640330145815,1319734
2021-02-22,1195.14990234375,1199.5206248828865,1180.0950855668357,1186.4084572654772,1133104
2021-02-23,1196.1212158203125,1213.9926374213821,1186.5055777525977,1203.4057937211535,1440367
2021-02-24,1214.283935546875,1220.888585640568,1195.8782868835035,1203.4056953357854,443684
2021-02-25,1233.9522705078125,1251.9693905532579,1217.9748132000698,1221.859873744753,1949746
2021-02-26,1166.3031005859375,1233.5150708939386,1156.6388972330708,1218.9460355566055,2809674
2021-03-01,1229.5814208984375,1233.5150472703467,1167.6628135895721,1172.2763671489276,1607731
2021-03-02,1257.553955078125,1261.1961838942575,1224.7735386283364,1238.3713674597004,1961842
2021-03-03,1280.233154296875,1304.4178243256604,1252.9403649849094,1261.6818091149555,2252759
2021-03-04,1311.6051025390625,1320.9293410213404,1263.1386317618421,1268.480678110814,1958602
2021-03-05,1300.8726806640625,1332.2933626526944,1285.9636824052443,1310.0512213130173,2724965
2021-03-08,1305.632080078125,1328.408452477691,1293.2969713917028,1301.4556222068204,1406248
2021-03-09,1327.09716796875,1367.5506966053522,1321.9495044803175,1342.2975653437616,5099085
2021-03-10,1345.2598876953125,1349.4363452717969,1320.9295166282009,1338.4124065892513,1090258
2021-03-12,1339.8692626953125,1364.5881633739016,1335.4985402432565,1354.923960137409,1210907
2021-03-15,1344.3370361328125,1351.9130101401918,1308.302920718564,1349.0962881206049,974779
2021-03-16,1344.7255859375,1357.5949215650942,1336.3726712395003,1340.4519961369017,1181261
2021-03-17,1327.82568359375,1354.826961588257,1322.1922386563813,1342.880382523806,1009550
2021-03-18,1347.930908203125,1359.6832212511192,1332.5848132931637,1352.0102333135753,1797660
2021-03-19,1370.7073974609375,1374.3497461824813,1323.8435977624374,1340.9379608201675,2441007
2021-03-22,1373.2811279296875,1386.9760908785263,1360.9945856815064,1378.2346454277576,1593946
2021-03-23,1370.7073974609375,1381.6342055557814,1353.8072993502174,1373.2812889739262,1007993
2021-03-24,1347.7852783203125,1368.5218685294824,1340.0150384945662,1368.5218685294824,1496233
2021-03-25,1333.313232421875,1360.217495404118,1314.7134376590648,1343.754495724903,2174481
2021-03-26,1365.2196044921875,1370.9014963995035,1339.3837980871529,1341.3263282871296,1772011
2021-03-30,1381.7310791015625,1400.2338595578103,1355.6524432711674,1375.9034888879976,2584538
2021-03-31,1408.8782958984375,1414.171658073565,1369.4932244355223,1376.2921398003102,1247057
2021-04-01,1412.7147216796875,1424.8555648630884,1395.668927379405,1418.0567688627048,1275251
2021-04-05,1404.9444580078125,1430.3917312927497,1384.1591851822475,1413.2002400545432,1402086
2021-04-06,1391.395263671875,1407.6154312117567,1385.033445039155,1405.4300700315132,739833
2021-04-07,1396.10595703125,1403.001885162728,1386.7817175367575,1386.7817175367575,609297
2021-04-08,1406.2071533203125,1421.2618507002703,1392.3664926009717,1405.2358287639215,1573056
2021-04-09,1398.631103515625,1427.1379302561909,1391.6866094511417,1413.2002568671564,1129821
2021-04-12,1337.052490234375,1384.0134080160622,1328.262480215286,1377.2144940587968,1328953
2021-04-13,1352.2044677734375,1366.2878404294943,1331.224928918772,1333.361723882545,1428913
2021-04-15,1310.488525390625,1359.7319489693602,1286.935211234095,1352.9815995336091,2016916
2021-04-16,1314.3248291015625,1340.3548983854325,1302.4752648741146,1304.4179139563767,1443699
2021-04-19,1286.643798828125,1300.5329083756324,1267.7524862611465,1292.0828598796609,1241897
2021-04-20,1254.785888671875,1333.8959898135502,1244.7818407536663,1312.285208433176,3702862
2021-04-22,1262.84765625,1275.9112588878234,1233.80659599129,1235.3605964326434,1876238
2021-04-23,1241.38232421875,1285.1381155093966,1225.7449508815637,1261.681936468743,2851038
2021-04-26,1274.6485595703125,1283.0500419991847,1248.0842577177077,1248.0842577177077,1238450
2021-04-27,1292.9569091796875,1300.7270295473447,1270.4233696576848,1282.0786692440436,1241249
2021-04-28,1302.62109375,1310.245635055328,1283.1956722996736,1299.0274306583751,1288850
2021-04-29,1311.896728515625,1330.1566788867215,1294.0253079881481,1315.49039149935,1800136
2021-04-30,1361.47998046875,1366.9677259099335,1294.7051101291713,1303.446554626563,3274647
2021-05-03,1373.9124755859375,1384.1107888344648,1334.7702363619728,1356.4781510848313,1793989
2021-05-04,1375.2720947265625,1407.275571488066,1363.6653617724235,1374.34945545833,2079242
2021-05-05,1380.080078125,1413.1518967893028,1364.6368495018678,1379.3030184084055,2165853
2021-05-06,1406.3043212890625,1408.343983874119,1377.3603962310292,1379.2057938999017,1643323
2021-05-07,1407.95556640625,1419.902264530616,1392.1238077179005,1408.3440962696252,1272527
2021-05-10,1403.0504150390625,1432.6256992210076,1389.161307646561,1418.056664664478,2080852
2021-05-11,1408.48974609375,1426.7496967596894,1384.0622411653965,1384.0622411653965,1527199
2021-05-12,1371.775634765625,1414.8029329329308,1367.5991771442086,1410.2379454797783,1354561
2021-05-14,1327.7283935546875,1381.0997012178727,1315.9273955543429,1379.205737397545,1245183
2021-05-17,1353.8070068359375,1360.1688253712487,1323.309083233503,1333.6530942523077,755051
2021-05-18,1352.398681640625,1386.8302308976986,1346.279575308832,1364.7337886852965,1049467
2021-05-19,1349.7762451171875,1381.0512282700442,1340.7434031926414,1351.038847962236,912471
2021-05-20,1335.741455078125,1349.0964544111898,1325.8831053467213,1349.0964544111898,886461
2021-05-21,1332.439208984375,1347.1053777364364,1325.785992335762,1340.355028624272,743088
2021-05-24,1331.37060546875,1336.8583509861191,1311.7994875294357,1333.216003038395,1450921
2021-05-25,1335.4014892578125,1359.0520533977149,1315.296259979666,1340.3550067483145,3103636
2021-05-26,1368.9102783203125,1390.812456148183,1341.3747753166033,1345.211269144755,4319669
2021-05-27,1376.4378662109375,1394.9890958657013,1352.9815660679137,1374.3010709981156,4469025
2021-05-28,1423.3499755859375,1437.4820326408421,1380.1769829025475,1387.170162093587,2700533
2021-05-31,1428.93505859375,1451.9541428237037,1413.2004329121348,1423.155915144475,2951302
2021-06-01,1403.0504150390625,1436.656457909439,1395.7173910522295,1433.2084939330316,1122065
2021-06-02,1400.8165283203125,1412.6660926342613,1384.5963606439796,1402.5163462797004,1804692
2021-06-03,1416.842529296875,1421.9417450303474,1394.7946527250178,1403.681796071137,1010766
2021-06-04,1460.0640869140625,1463.7064348728902,1410.6264060549395,1416.891092179491,2566329
2021-06-07,1457.87890625,1486.9685321212269,1452.6341102343354,1474.9733868794362,2501045
2021-06-08,1459.967041015625,1472.4965330424127,1447.3891017942515,1465.6004855634521,1031475
2021-06-09,1449.1859130859375,1484.0059945676205,1442.3384319317126,1466.7173693987445,1734171
2021-06-10,1449.6231689453125,1473.4193142900963,1444.4755052311468,1448.1663009560034,879471
2021-06-11,1447.777587890625,1466.6202130386928,1433.111420280351,1462.6380204128773,899012
2021-06-14,1450.1087646484375,1454.673752378033,1415.337247160366,1438.9391264839896,685484
2021-06-15,1452.2940673828125,1471.4766568976688,1445.2523211452444,1452.0512362330815,817869
2021-06-16,1426.9925537109375,1458.4131203658224,1421.8447711765587,1452.5369633846078,921327
2021-06-17,1416.308349609375,1447.826165333826,1408.8781928081294,1422.9129995631897,798597
2021-06-18,1438.2105712890625,1446.4179070246896,1379.2543822243904,1421.9418365770343,1491403
2021-06-21,1453.6539306640625,1457.7332562686468,1413.200519222862,1419.3195076297386,1150374
2021-06-22,1453.313720703125,1477.10998108813,1450.1571540836985,1456.907502391303,1410254
2021-06-23,1455.6934814453125,1468.8056494659693,1441.367276697504,1456.9076372073428,977659
2021-06-24,1455.839111328125,1463.7064831896037,1444.7666064761304,1454.9650382556538,1150441
2021-06-25,1463.560791015625,1471.4766101056296,1447.1948052883222,1458.5587075599833,1198951
2021-06-28,1476.915771484375,1502.5573113472515,1469.2912308235166,1471.4765920398952,2457270
2021-06-29,1460.11279296875,1479.4896479170254,1455.936335152423,1473.419226117469,737277
2021-06-30,1455.6934814453125,1466.3290097811844,1448.1661918602383,1460.112770349346,902718
2021-07-01,1457.1990966796875,1465.0177839807934,1446.2237232976784,1460.0642663304034,637573
2021-07-02,1446.951904296875,1469.485442838817,1444.2809999334552,1461.7638890351664,745289
2021-07-05,1446.9033203125,1464.6776065524057,1443.3096576980963,1454.479294379864,787645
2021-07-06,1454.236572265625,1481.1894009987,1448.8460779399352,1448.8945251341618,1828294
2021-07-07,1450.934326171875,1456.9076153267185,1433.5970153946118,1452.05123042129,1123558
2021-07-08,1433.06298828125,1455.6935432628622,1429.9063022007974,1453.7995792285444,1079337
2021-07-09,1457.05322265625,1464.6776441097145,1419.027890737732,1432.6257200063742,801755
2021-07-12,1492.019287109375,1496.4385765164136,1463.7067189697011,1463.7067189697011,1866434
2021-07-13,1531.355712890625,1536.697641458253,1493.8160380775325,1495.7585683780233,2184726
2021-07-14,1522.759765625,1534.6092108044222,1518.2433445834952,1530.2384884439252,705279
2021-07-15,1512.512939453125,1534.3665537347806,1508.5307464568916,1522.9542033037144,911522
2021-07-16,1527.130615234375,1533.9295304766563,1503.5771835241978,1519.8460376815995,853187
2021-07-19,1514.0184326171875,1530.3357338150981,1500.4691684929287,1514.0184326171875,562032
2021-07-20,1528.8787841796875,1541.9423852995437,1494.6900642332603,1513.4355569232337,1735941
2021-07-22,1536.6004638671875,1553.5492455764236,1528.0047169501152,1549.1785227699502,986602
2021-07-23,1504.9853515625,1543.301958799942,1500.7603282402704,1534.609081041003,1414915
2021-07-26,1505.7139892578125,1521.254229795477,1496.7782795277326,1504.9854958445328,1014895
2021-07-27,1475.0704345703125,1519.2632039598566,1469.5341224423703,1506.6366984199867,772365
2021-07-28,1489.4937744140625,1493.087437356673,1443.3097895146059,1484.1031609652698,1298575
2021-07-29,1500.226318359375,1512.8528239427485,1479.2468973603814,1498.6723180351585,1223764
2021-07-30,1506.7823486328125,1521.0115392984405,1477.9355565104943,1493.5244825320217,1130851
2021-08-02,1545.9244384765625,1567.8266149753,1513.8725164179941,1520.040069711666,2029644
2021-08-03,1546.6529541015625,1553.937411608256,1500.1290109469667,1529.752860321408,1650483
2021-08-04,1510.1817626953125,1559.1339025195755,1492.893137535246,1544.3220359914667,1252484
2021-08-05,1493.233154296875,1508.384984965731,1481.1894433445264,1494.7871546376894,718574
2021-08-06,1487.016845703125,1508.8704563092463,1476.5271364191594,1500.2261445154854,688396
2021-08-09,1468.70849609375,1502.5573727340434,1463.2694354619302,1500.6148425773308,611589
2021-08-10,1447.777587890625,1476.332982498131,1435.491046417216,1476.332982498131,933609
2021-08-11,1459.2386474609375,1473.3220205759562,1437.482167296252,1441.3672275324727,1273342
2021-08-12,1458.16357421875,1480.3443209555144,1454.5971134348565,1465.4920511710006,508925
2021-08-13,1462.658447265625,1497.3952170692282,1451.519214280844,1459.1408451661082,2451296
2021-08-16,1456.7957763671875,1490.115758395437,1453.3757722457792,1464.6127233551442,932948
2021-08-17,1447.1221923828125,1464.270712665508,1426.7003644645918,1462.2676170037157,1095272
2021-08-18,1466.860107421875,1474.2863028310617,1446.145126139371,1448.2947985272626,891871
2021-08-20,1450.688720703125,1468.9120166493724,1441.2594299338953,1455.8674059878003,777228
2021-08-23,1407.6951904296875,1464.9547217520142,1399.2430776602014,1460.8019537352923,1168369
2021-08-24,1426.7491455078125,1428.556805420797,1407.6951286760955,1410.9685558851997,916666
2021-08-25,1414.583984375,1438.9632649986675,1413.0206188912762,1432.953977879652,842972
2021-08-26,1406.1317138671875,1426.3582240723244,1397.337589408626,1413.0204606600241,940660
2021-08-27,1424.94140625,1434.419556024762,1409.942558759992,1410.9685958963712,899807
2021-08-30,1437.49755859375,1449.0764021359555,1428.5568567749367,1431.4881519680912,767630
2021-08-31,1466.0784912109375,1469.9869647061992,1434.0775800569215,1448.0993694300503,1662849
2021-09-01,1452.0078125,1479.855835260508,1446.3405380258462,1475.4587727324156,666666
2021-09-02,1464.954833984375,1472.5276066700053,1451.0307615070442,1455.9164135782737,1022291
2021-09-03,1475.8985595703125,1485.1812740974322,1458.3591676963763,1475.4588293501827,1140167
2021-09-06,1495.9783935546875,1531.1548927394904,1477.412965761717,1477.412965761717,2520316
2021-09-07,1518.8922119140625,1522.2632376167664,1480.1002683614731,1502.818466800548,1162828
2021-09-08,1540.633056640625,1571.8522239086644,1516.888943419944,1526.269255471716,4094362
2021-09-09,1561.34814453125,1566.3315142388421,1534.0864273855034,1543.7110346515412,845937
2021-09-13,1569.60498046875,1576.5913263119578,1543.417919276512,1573.1714417629291,971858
2021-09-14,1574.93017578125,1582.8449604250866,1557.537360783129,1573.171374666699,1087072
2021-09-15,1570.04443359375,1585.5318698467313,1553.6287978000867,1578.0569356021992,1003371
2021-09-16,1542.343017578125,1580.988260702435,1537.9948139964458,1578.0569655420838,855454
2021-09-17,1532.9136962890625,1572.9758470386525,1526.6112561416364,1550.9416761016012,1964523
2021-09-20,1500.473388671875,1531.692560120069,1493.5846406279416,1529.2008751039868,777241
2021-09-21,1521.5302734375,1529.2007635945176,1491.7768716697092,1499.8869722956574,771658
2021-09-22,1538.6298828125,1546.4468290834666,1511.5634848076613,1515.8139702991389,920391
2021-09-23,1570.0933837890625,1587.828211187967,1537.457426192665,1542.587372552555,1218521
2021-09-24,1592.4696044921875,1620.0734539322316,1578.0570630981465,1578.0570630981465,2009800
2021-09-27,1611.0838623046875,1619.3405396227415,1585.0923575210868,1597.6972386074667,912417
2021-09-28,1611.0350341796875,1646.0649595616333,1603.559979577382,1615.187802374666,1569131
2021-09-29,1631.7010498046875,1640.1044232213635,1597.6483049488884,1604.4393343061379,821908
2021-09-30,1631.261474609375,1655.5430365727038,1622.027619260235,1622.027619260235,1081824
2021-10-01,1638.7852783203125,1649.0450511324739,1598.088079705209,1621.9787705228223,705296
2021-10-04,1603.6087646484375,1616.9953879850596,1583.9197009383959,1614.210549761193,1154208
2021-10-05,1589.7823486328125,1615.627394717315,1585.8738753419557,1603.6087016328656,543442
2021-10-06,1562.4229736328125,1602.48512572642,1555.583085244716,1583.9196972798388,1041144
2021-10-07,1555.5831298828125,1589.782453052424,1553.6288931090266,1572.1453434229616,3216011
2021-10-08,1562.2275390625,1579.8157892862314,1555.2410739343427,1559.4915597549289,696357
2021-10-11,1613.96630859375,1627.4017912866948,1570.191117162474,1570.2399760759517,1703912
2021-10-12,1600.18896484375,1626.913354016701,1591.297121424247,1613.9663404507423,771610
2021-10-13,1638.6876220703125,1674.0595598355553,1585.678574336538,1600.1889533077967,1353155
2021-10-14,1712.411865234375,1734.3971802544768,1641.5702680024365,1641.5702680024365,2318372
2021-10-18,1713.8284912109375,1757.2616690395114,1706.0604031930493,1721.6942970530627,1339088
2021-10-19,1678.6031494140625,1729.9511122937574,1672.3984267659157,1716.8087833079137,551969
2021-10-20,1653.7840576171875,1684.5146356207981,1643.3288495890629,1670.981555752628,837973
2021-10-21,1705.864990234375,1713.8773729194286,1651.3901765514056,1670.2976177748428,1374606
2021-10-22,1674.5970458984375,1724.381526184464,1670.9817256782094,1708.6009348409405,719097
2021-10-25,1671.5189208984375,1680.3619048363323,1630.9682998048631,1661.1125715509058,576094
2021-10-26,1699.611328125,1726.5800115685925,1665.2654276921041,1677.723732222089,1340095
2021-10-27,1688.8629150390625,1714.5125267883345,1683.2933582791593,1704.1060574504518,527976
2021-10-28,1663.457763671875,1696.2402985343372,1653.8330366662683,1696.2402985343372,652099
2021-10-29,1681.72998046875,1702.6403973111505,1637.1241887961194,1665.9982490487646,1156691
2021-11-01,1748.07666015625,1754.7699718122358,1679.8733316425676,1682.6093109495346,1416529
2021-11-02,1704.155029296875,1763.7108141810522,1697.7548706015855,1751.0082146218017,1121991
2021-11-03,1744.70556640625,1752.1806203577723,1695.50727872871,1705.0831460518789,1007472
2021-11-04,1750.6171875,1758.8251253444014,1744.7056184874546,1755.8937104176698,95576
2021-11-08,1806.6553955078125,1814.6189191779906,1738.7940788620951,1750.6172170870077,1498465
2021-11-09,1821.214599609375,1836.8974728865492,1806.2646100491568,1808.6585771056393,1049506
2021-11-10,1831.5721435546875,1836.4088166531785,1799.8643857574584,1804.6523196955077,507309
2021-11-11,1802.16064453125,1849.697732272539,1789.897656144525,1834.8454610044746,949302
2021-11-12,1815.9381103515625,1832.109452257488,1800.3529556392798,1815.4006623178407,1157525
2021-11-15,1813.3975830078125,1846.7175651151956,1797.9590048929197,1816.5243139095264,653718
2021-11-16,1781.4454345703125,1832.1093698976886,1775.4361479019053,1817.4525351752563,518987
2021-11-17,1751.6434326171875,1783.546509211065,1745.7807218198552,1783.546509211065,669416
2021-11-18,1733.908447265625,1770.5017370963408,1723.013508492791,1742.409419067974,477111
2021-11-22,1737.621337890625,1757.163823548012,1709.9687524197623,1728.973790082895,748099
2021-11-23,1742.5560302734375,1763.2222729878176,1725.0654971956944,1738.3055442881894,1470853
2021-11-24,1706.9886474609375,1752.9135112576532,1694.4326252311907,1749.0538966037216,698612
2021-11-25,1726.3355712890625,1732.442695506088,1676.7465321718873,1676.7465321718873,708577
2021-11-26,1651.4390869140625,1717.6393232104429,1640.5930067027793,1717.1019949054885,751240
2021-11-29,1645.4296875,1680.7527640872452,1605.123241499457,1641.5700730387468,1454309
2021-11-30,1624.421630859375,1670.5419302090402,1612.5495136908623,1641.5701514065968,1649983
2021-12-01,1641.1793212890625,1655.6407217204583,1615.5298281944392,1628.8675933441812,867171
2021-12-02,1684.4169921875,1710.017745004204,1635.1699628018475,1638.2478347778178,984813
2021-12-03,1664.92333984375,1702.2495125804992,1659.2560653453888,1695.5562009368246,921208
2021-12-06,1622.7603759765625,1679.2871430427863,1619.2427738364418,1662.0897641315576,851251
2021-12-07,1646.9931640625,1658.1812566659664,1628.8675846436158,1628.8675846436158,824437
2021-12-08,1676.990966796875,1702.151870404283,1655.2499476546961,1661.1126580603345,1008502
2021-12-09,1683.34228515625,1690.426468487395,1663.0669134507968,1690.2310328297986,653385
2021-12-10,1709.1871337890625,1717.0042004700467,1675.7694341889678,1675.7694341889678,973292
2021-12-13,1692.8203125,1729.2181652936881,1687.7392252762897,1721.6942522798183,716279
2021-12-14,1682.609375,1704.985559920757,1671.323564712359,1675.7694863483316,615369
2021-12-15,1665.4119873046875,1692.3806704709016,1659.1584056470665,1675.7694781828648,573823
2021-12-16,1678.0167236328125,1700.050894149222,1662.9690178719864,1672.7403206984136,886870
2021-12-17,1627.695068359375,1675.3788567372885,1618.3146352683432,1666.5358717353204,617780
2021-12-20,1579.473876953125,1617.9238071733162,1564.3773105217845,1617.9238071733162,948588
2021-12-21,1599.0162353515625,1630.6262741800897,1581.13483197579,1581.13483197579,949077
2021-12-22,1601.1170654296875,1623.9818384519047,1591.9320690916647,1610.2043439448703,899027
2021-12-23,1621.63671875,1631.701055668698,1598.7230869817677,1609.3249916744392,1111226
2021-12-24,1574.05078125,1629.8445443906292,1558.7587802803516,1622.223033237569,1124342
2021-12-27,1565.8917236328125,1579.2783469963927,1555.7785276183054,1563.888627994695,1202016
2021-12-28,1584.84814453125,1601.8989480899581,1575.125699317431,1580.0113513821868,1432912
2021-12-29,1567.9437255859375,1601.4102850066697,1561.445849355539,1586.8511670681287,755567
2021-12-30,1557.1953125,1583.2356754840014,1551.2348845122017,1568.2856867265482,1165542
2021-12-31,1585.1412353515625,1606.3936653150463,1563.9375445495996,1566.429229399153,1663106
2022-01-03,1623.591064453125,1628.721010955165,1580.0113078996835,1592.4696125449334,628963
2022-01-04,1653.2957763671875,1657.6928392837167,1620.0735099142737,1632.7761095059702,895183
2022-01-05,1707.08642578125,1712.997995255128,1645.4786868664057,1646.4558651689854,1771249
2022-01-06,1681.1925048828125,1706.1580912653908,1671.4700605497264,1706.1580912653908,1158707
2022-01-07,1756.529052734375,1765.6650713071645,1682.6094643105203,1682.6094643105203,2905803
2022-01-10,1796.7862548828125,1802.7956611725137,1752.5713373768642,1768.5962212290215,1468479
2022-01-11,1804.65234375,1828.201022700463,1779.344743919655,1792.1939196120286,1416519
2022-01-12,1831.1324462890625,1834.503471820083,1802.7958332045594,1815.449573302634,701250
2022-01-13,1814.3746337890625,1839.9265276938218,1807.6813220485017,1836.9951127027282,844542
2022-01-14,1814.814453125,1825.025367554536,1790.435171920321,1817.3549969417475,1239491
2022-01-17,1874.809814453125,1884.8741513184589,1803.7727902093911,1814.8143052908897,1256235
2022-01-18,1809.8798828125,1885.6559855849216,1800.5484291555301,1883.8483255493486,945496
2022-01-19,1765.176513671875,1821.2634331361558,1755.2097742691678,1802.7958414964612,809295
2022-01-20,1789.1160888671875,1794.734504773094,1772.1141446538536,1775.4363113324916,716176
2022-01-21,1751.1058349609375,1787.1617966778742,1738.3055182830115,1787.1617966778742,527053
2022-01-24,1652.025390625,1750.812726274547,1645.4786553797187,1750.812726274547,1022826
2022-01-25,1681.9254150390625,1686.7132291618716,1620.1222443762763,1630.4308760546683,837999
2022-01-27,1648.4588623046875,1661.1126020525242,1622.1253456526963,1658.278904896835,817874
2022-01-28,1658.1812744140625,1696.6312045571437,1652.367422812069,1661.11268954857,1141606
2022-01-31,1687.983642578125,1697.2663573053094,1663.0669135083779,1666.8776693271566,513199
2022-02-01,1730.83056640625,1736.3025254757115,1677.821516774974,1696.8755359341667,1145245
2022-02-02,1737.426025390625,1749.0538476928941,1722.6714722228246,1739.2825442955786,691679
2022-02-03,1693.0645751953125,1745.1454225614732,1682.6093664922682,1738.3543928577733,482344
2022-02-04,1695.6051025390625,1724.625740029537,1687.6904376563136,1693.0645588198904,571680
2022-02-07,1673.18017578125,1709.626888959878,1661.1126230749226,1685.589621125108,483211
2022-02-08,1678.5054931640625,1688.4722326986218,1646.8465931454214,1681.974356336283,423296
2022-02-09,1699.9044189453125,1706.060402364775,1673.815196913563,1678.7985664427526,455811
2022-02-10,1728.0946044921875,1730.7816052000312,1687.1041320663646,1687.1041320663646,624867
2022-02-11,1671.0303955078125,1719.740097390675,1663.0668716697915,1709.9689135175424,987534
2022-02-14,1605.3675537109375,1657.7904114445903,1598.2346316414812,1657.7904114445903,828020
2022-02-15,1672.935791015625,1676.551110865191,1581.037090790519,1621.3435361567545,1199604
2022-02-16,1681.9254150390625,1709.9200148565565,1673.375464689491,1675.57399597887,1208851
2022-02-17,1672.1053466796875,1711.7277710268145,1661.112689615147,1698.194570145898,1071634
2022-02-18,1683.34228515625,1700.0999347772095,1659.1584398033517,1663.0669134507968,1205180
2022-02-21,1653.7353515625,1697.0220747351493,1648.7521015151003,1665.021162107692,1035748
2022-02-22,1645.6251220703125,1651.0482216786988,1599.7002605962034,1599.7002605962034,884474
2022-02-23,1631.6033935546875,1665.02109358221,1625.1055174175779,1651.4390343551647,675772
2022-02-24,1509.0230712890625,1615.138880494308,1499.8869337153862,1587.8281855976925,1260593
2022-02-25,1531.985595703125,1562.2275864830287,1524.461682316979,1543.8575931131707,1125821
2022-02-28,1561.9344482421875,1567.6994408070268,1503.2581261484936,1516.9867623965629,1217106
2022-03-02,1513.0782470703125,1546.5448084256814,1503.3070625792623,1536.0407401907105,1150949
2022-03-03,1469.205322265625,1541.5125658662746,1461.9746817321313,1522.3609486320904,1150368
2022-03-04,1443.800048828125,1480.2467623733558,1413.8999506582031,1451.0306889898495,1633853
2022-03-07,1413.46044921875,1441.9436410995938,1377.4533433636886,1411.945822789141,927442
2022-03-08,1424.84375,1432.1722277484137,1375.0104126666083,1407.0600635521282,819693
2022-03-09,1459.1898193359375,1474.1886679831314,1410.480115604645,1432.172276353633,1697970
2022-03-10,1519.331787109375,1538.9721128857432,1496.0762608863045,1514.5439727048035,1492221
2022-03-11,1530.4222412109375,1539.8515332676657,1505.749924931237,1518.2082303646848,1206952
2022-03-14,1541.414794921875,1547.717355341967,1510.5376377142488,1520.6020950189459,550221
2022-03-15,1528.4677734375,1562.1297661856158,1521.9698976561665,1537.0176036891373,916893
2022-03-16,1567.3575439453125,1578.887529043964,1540.144566091114,1543.4178737985417,1406631
2022-03-17,1582.7960205078125,1618.8518606436771,1575.125530821368,1582.94259723921,2739045
2022-03-21,1533.548828125,1577.5194512041498,1520.8462302915186,1570.2398330159085,1291439
2022-03-22,1546.3004150390625,1554.557092350671,1490.213496313206,1533.548957223104,1017766
2022-03-23,1545.909423828125,1558.514423679218,1528.5166101174425,1558.0258345857205,844629
2022-03-24,1562.81396484375,1567.2110277340453,1533.207018831381,1540.9263682232686,1080721
2022-03-25,1554.65478515625,1575.1255916620632,1538.190289711153,1564.865818829098,662852
2022-03-28,1574.0997314453125,1579.9624418839778,1539.1674041272393,1558.3191404475795,1283149
2022-03-29,1586.55810546875,1601.1172242504433,1570.1912067851968,1581.9656068441916,1743946
2022-03-30,1629.5513916015625,1639.566989412241,1595.2054929827254,1600.5308748116133,1510711
2022-03-31,1625.93603515625,1640.2021184265193,1612.5494122699047,1631.7987451257168,781390
2022-04-01,1631.7501220703125,1642.4007672761359,1620.0735593538548,1623.2002905552856,844681
2022-04-04,1641.2769775390625,1649.3870780356663,1621.0504654580002,1628.8675322307367,808254
2022-04-05,1663.360107421875,1672.838258037024,1631.3593139952163,1649.387176077093,1206116
2022-04-06,1660.8681640625,1678.0166827478718,1654.7123009129084,1661.1124586024312,448766
2022-04-07,1643.4755859375,1661.112696225735,1629.8446671727754,1650.8529228420812,867367
2022-04-08,1730.7327880859375,1744.9500135846856,1637.661706012265,1637.661706012265,2508015
2022-04-11,1778.5142822265625,1789.0183499499337,1724.3326207854882,1743.8751085680187,3289420
2022-04-12,1715.343017578125,1773.4820101135076,1709.9688964396344,1760.7794113291804,1507804
2022-04-13,1725.5540771484375,1737.3283567680146,1698.6342528836494,1716.8088106561113,839407
2022-04-18,1701.4678955078125,1726.87309264146,1685.6384463350123,1720.7172290054364,466583
2022-04-19,1681.0460205078125,1736.3513172941196,1661.2103792139471,1713.877414399151,747891
2022-04-20,1696.8753662109375,1718.762960795074,1677.7724900465953,1678.9939628203936,678130
2022-04-21,1723.892822265625,1729.4624987230097,1694.8234461889901,1705.0832189364946,711001
2022-04-22,1677.5772705078125,1713.8774076420618,1670.8839585796616,1708.0146972477999,900053
2022-04-25,1654.9566650390625,1666.8286616655532,1639.9578179222017,1649.3869887988913,453315
2022-04-26,1678.700927734375,1690.426468428543,1656.2270246339865,1665.9983285045,753432
2022-04-27,1661.3079833984375,1670.3952617627021,1638.638646398384,1657.2040744117821,426076
2022-04-28,1672.740478515625,1681.6323218157859,1651.3413520473516,1677.723728465116,814436
2022-04-29,1653.588623046875,1698.7807199945214,1646.5534189780842,1677.1374202708055,1115565
2022-05-02,1641.1304931640625,1650.3154902566482,1619.2917554875764,1637.6617496727479,438839
2022-05-04,1585.1412353515625,1664.5325393797427,1578.3990645093124,1641.6678850143974,607695
2022-05-05,1570.142333984375,1607.273074230386,1564.86593033099,1594.6193335427356,524858
2022-05-06,1529.787109375,1567.6994716442427,1515.5698837098525,1554.019813793071,527671
2022-05-09,1516.25390625,1537.652913335558,1501.4504933827777,1514.4951050755587,965410
2022-05-10,1506.8245849609375,1539.8025554009807,1499.30079126554,1515.5209925842864,856641
2022-05-11,1500.2288818359375,1527.9304468435612,1473.5533539406988,1506.7267576243498,840087
2022-05-12,1451.861328125,1495.0013546552173,1429.7782962567908,1492.0700592848386,693593
2022-05-13,1441.357177734375,1483.226989840703,1432.4164758868633,1469.205200672137,489395
2022-05-16,1419.02978515625,1462.6583962618558,1404.7149629492835,1441.2593914394859,814351
2022-05-17,1447.5130615234375,1455.9163154583673,1414.9259631932343,1422.694051266127,772250
2022-05-18,1453.326904296875,1474.8237478845665,1442.3831067304397,1455.9163068900123,776063
2022-05-19,1424.4530029296875,1437.302178672367,1413.4603461485801,1436.3738593154617,525816
2022-05-20,1454.30419921875,1487.1844534682043,1434.6639927180515,1438.3281719208196,645075
2022-05-23,1424.0621337890625,1475.8985670603724,1418.7856106252038,1452.0078755867005,959790
2022-05-24,1370.6622314453125,1433.4424633411602,1348.4326230195275,1424.64833779919,1863231
2022-05-25,1344.0843505859375,1411.6525131187375,1325.763216724185,1367.9750411223933,3390982
2022-05-26,1360.695556640625,1368.805657055929,1309.5918887868518,1360.158108606488,1562780
2022-05-27,1364.7506103515625,1390.4001022925613,1346.5271940742107,1377.7463625151809,1274718
2022-05-30,1408.037109375,1415.854055769563,1371.0040923139134,1377.7462624677264,784377
2022-05-31,1395.9208984375,1421.9612612770509,1387.3709481695998,1415.1213729140713,2034013
2022-06-01,1403.68896484375,1416.8312933409225,1380.2868638355499,1392.4031552055033,871147
2022-06-02,1399.780517578125,1415.8541415196833,1383.2181847670238,1415.8541415196833,888795
2022-06-03,1308.8101806640625,1408.574693141796,1299.625183938564,1402.1745347324836,4829454
2022-06-06,1296.351806640625,1309.347558415452,1280.0337686796881,1303.4848483691922,2364329
2022-06-07,1296.3031005859375,1306.4162975648942,1267.819908976107,1284.9195717748798,2011482
2022-06-08,1298.35498046875,1324.0044731879636,1277.5421609592229,1306.4162222371338,2671127
2022-06-09,1279.1546630859375,1296.6451983691848,1272.2170557259908,1296.6451983691848,1360831
2022-06-10,1296.156494140625,1301.3352996791264,1256.631787041598,1260.4914018616023,1149961
2022-06-13,1262.98291015625,1285.3590928031813,1256.2407400169707,1270.2625282908593,1204017
2022-06-14,1279.3985595703125,1291.3195346553387,1256.6804840642174,1269.2853641258937,1069818
2022-06-15,1301.237548828125,1310.3247081192922,1278.0307620770045,1289.1699957670942,1062150
2022-06-16,1255.6546630859375,1317.0669694648739,1248.8147738766008,1314.2333917477085,954602
2022-06-17,1260.5401611328125,1276.8581993541484,1247.39783241569,1257.4621694518746,1027138
2022-06-20,1285.8966064453125,1291.2707274162894,1255.605638304713,1260.5890077386375,670772
2022-06-21,1303.58251953125,1309.3476318312794,1286.4339988764332,1300.553506392682,582021
2022-06-22,1294.5931396484375,1300.5535681335757,1280.7667849573982,1297.719870762635,506446
2022-06-23,1285.9454345703125,1311.1063361889078,1269.3831023489795,1303.4848252392349,829824
2022-06-24,1292.980712890625,1309.3476104123836,1281.2552923324645,1290.2448532783967,761751
2022-06-27,1318.434814453125,1324.2975243998983,1301.530469848748,1309.3475361966764,1127432
2022-06-28,1312.3277587890625,1322.8806841826922,1296.351734098133,1313.2559582911904,661031
2022-06-29,1292.980712890625,1328.7923799359585,1288.6325091560539,1299.9671781640654,1556138
2022-06-30,1290.537841796875,1306.7581620120593,1280.131492496553,1300.94431084943,1138089
2022-07-01,1316.4317626953125,1319.1187633318432,1275.4412913573756,1289.805092870403,518559
2022-07-04,1319.900634765625,1326.5450881425631,1301.1398886289883,1309.3477075792514,787143
2022-07-05,1318.87451171875,1346.282802781726,1314.6239064045815,1324.0043378870282,704841
2022-07-06,1338.3193359375,1343.7423157866956,1314.8193973342884,1328.0594436650106,709046
2022-07-07,1343.4002685546875,1360.0603184613876,1336.7558161062918,1350.3867333702567,546507
2022-07-08,1359.52294921875,1374.8149505426868,1350.5822472535892,1350.5822472535892,1079820
2022-07-11,1373.837890625,1378.7234226059172,1342.5698632355013,1356.2984990998127,761236
2022-07-12,1348.4814453125,1369.1965465886308,1344.817266353602,1359.4252430285862,318839
2022-07-13,1367.14453125,1374.0331586460834,1356.5426266427046,1359.9626306376415,470489
2022-07-14,1359.9627685546875,1375.7922189526898,1349.0189702150708,1370.9065668943042,380844
2022-07-15,1366.2161865234375,1374.8148756330934,1357.1289083161353,1366.802493440613,288785
2022-07-18,1395.6278076171875,1398.3636672834034,1373.935647429072,1376.7692249228128,606107
2022-07-19,1409.2098388671875,1412.874137885025,1385.5634403456268,1385.5634403456268,764754
2022-07-20,1408.6722412109375,1431.4391748748974,1405.1056607088587,1431.341457059711,810415
2022-07-21,1431.097412109375,1434.2241429745613,1409.1609581321043,1411.945676613109,780126
2022-07-22,1486.549072265625,1495.001184517288,1423.7688469886834,1431.4880756050363,1650074
2022-07-25,1464.221923828125,1486.5492504038477,1448.001722107367,1486.5492504038477,1205285
2022-07-26,1480.1978759765625,1482.7384196695532,1451.1283798727484,1464.2218498847315,882250
2022-07-27,1511.4659423828125,1526.0739193041043,1478.3413951989655,1479.171996731335,1287079
2022-07-28,1515.1300048828125,1531.2037479780206,1502.8671370084558,1520.4065276487731,966093
2022-07-29,1537.0177001953125,1551.3815021415426,1519.5271673133607,1520.8463579678191,804695
2022-08-01,1532.52294921875,1552.9937564436832,1524.3639895781146,1540.3400162131397,556560
2022-08-02,1553.482421875,1558.026061602113,1516.4982578962472,1524.3640644387513,907650
2022-08-03,1550.5509033203125,1567.84600057989,1531.7412995033633,1555.6808497032252,539764
2022-08-04,1543.22265625,1565.0613945033583,1525.4878274970013,1563.2536145845538,720561
2022-08-05,1561.739013671875,1578.9363933030922,1545.9095638741446,1550.9417924885881,951109
2022-08-08,1562.0809326171875,1570.2887506315578,1548.7431684677194,1560.9572974198015,461663
2022-08-10,1574.05078125,1579.2294665905517,1550.2088300604562,1558.612203546467,567647
2022-08-11,1573.215087890625,1592.8797688818463,1566.2834300315446,1592.830604769363,451982
2022-08-12,1595.3868408203125,1625.2770536426108,1563.3336481262932,1581.1300922095647,1803740
2022-08-16,1564.857666015625,1607.431497791821,1516.7778151588236,1604.137622765704,1431538
2022-08-17,1589.438232421875,1611.4625474687825,1569.2820329503347,1573.16575642283,1052538
2022-08-18,1586.685302734375,1594.4037067525192,1559.4007873078326,1581.0317914028328,1010974
2022-08-19,1578.917724609375,1594.796887837269,1567.364761842926,1592.7812799291137,815549
2022-08-22,1537.867919921875,1572.1826607200887,1527.6915517949021,1572.1826607200887,962565
2022-08-23,1568.692138671875,1580.5400865851586,1521.0056033616527,1531.870269082851,1878454
2022-08-24,1585.21044921875,1590.0282909996142,1548.6342793724086,1568.249795265966,907999
2022-08-25,1597.5989990234375,1619.7708064864569,1588.9465981110652,1589.8807161528555,872154
2022-08-26,1647.15380859375,1659.1492486064678,1602.6135361493689,1602.6135361493689,1352886
2022-08-29,1636.1417236328125,1653.7906754272424,1587.029427895595,1606.5956595130613,1007459
2022-08-30,1650.496826171875,1663.6230414727106,1642.188573309402,1642.188573309402,830049
2022-09-01,1656.7403564453125,1677.8305544244433,1632.5529400670225,1632.6512682860518,1368943
2022-09-02,1659.591552734375,1669.0305792990814,1642.040930497022,1657.133467878972,601416
2022-09-05,1682.0584716796875,1685.4998389371838,1651.824230525958,1664.5570122280694,790436
2022-09-06,1694.152099609375,1701.7228900460311,1675.4215389441651,1675.4215389441651,833826
2022-09-07,1720.7977294921875,1725.566407205632,1681.3211178029303,1681.3211178029303,800842
2022-09-08,1740.167236328125,1742.7728135798004,1720.6993338537488,1727.8277680893943,608734
2022-09-09,1718.9295654296875,1767.6485465123062,1713.0301133418066,1742.7728328257606,695716
2022-09-12,1738.790771484375,1742.281182208735,1717.7004533110107,1717.7004533110107,420084
2022-09-13,1759.6351318359375,1778.316529000183,1741.2978834300197,1741.2978834300197,812176
2022-09-14,1752.9000244140625,1768.6808598122605,1734.4154040366357,1734.4154040366357,710550
2022-09-15,1777.972412109375,1785.78902347329,1747.0990385268904,1756.0464244027214,1078073
2022-09-16,1715.3406982421875,1775.7109704011916,1696.9542855349068,1769.7133106224503,1031783
2022-09-19,1720.010986328125,1733.3829004571621,1697.6425226012332,1710.817780301879,517380
2022-09-20,1712.440185546875,1738.2991820417112,1702.1654890034695,1730.4824500108648,1023132
2022-09-21,1691.005859375,1719.9619541736786,1681.321132035042,1709.8347498358937,1131988
2022-09-22,1703.6402587890625,1706.8849695031909,1668.3423563094607,1691.0058056982475,477972
2022-09-23,1668.9322509765625,1705.4100904480745,1661.6563246250516,1703.9351672347707,638948
2022-09-26,1637.51806640625,1664.6060433028229,1624.785285721748,1648.923536704821,784059
2022-09-27,1654.2822265625,1668.4898103246946,1616.3787476601458,1637.0757527015842,571532
2022-09-28,1641.1561279296875,1659.4440916173662,1626.5551108440493,1637.0757479630795,550298
2022-09-29,1628.0301513671875,1661.509103848755,1623.6056223255755,1649.366170789975,543934
2022-09-30,1646.7603759765625,1668.5388695284398,1626.2108645516541,1654.7737636053064,815263
2022-10-03,1609.0045166015625,1653.2498046091805,1600.7454283068782,1642.9751083497285,474878
2022-10-04,1655.65869140625,1660.2798765476173,1623.703828780083,1639.8286921667118,515663
2022-10-06,1654.8720703125,1676.404865127318,1646.9079668126767,1663.9669482970169,616095
2022-10-07,1669.424072265625,1674.3402425068236,1627.2435533166474,1646.9081137811665,691354
2022-10-10,1645.8756103515625,1659.6407168414526,1629.4064779704402,1653.790549595756,771385
2022-10-11,1616.9195556640625,1653.7905883588014,1609.7419573580712,1653.0039626265507,409456
2022-10-12,1643.6142578125,1648.8744560157074,1603.9409905450134,1624.2937268270132,412162
2022-10-13,1651.578369140625,1656.4945391010672,1612.4950710056742,1642.1885062062288,751063
2022-10-14,1667.1134033203125,1686.482978225429,1659.4933277445496,1670.5054859216018,568187
2022-10-17,1662.7872314453125,1680.3378550785444,1647.1538876417271,1661.6564568917709,711250
2022-10-18,1659.935791015625,1672.1770518457809,1652.119179564056,1671.1446055407146,471745
2022-10-19,1656.1011962890625,1683.9265153217525,1649.3660748950686,1662.6396612481722,1082577
2022-10-20,1660.6241455078125,1666.3268209353412,1640.1729596465398,1655.2163342487183,430634
2022-10-21,1648.923583984375,1686.1879295755975,1641.2053009814388,1661.607200925658,471477
2022-10-24,1670.5545654296875,1679.3544587036408,1661.656343940371,1666.5725137080046,56288
2022-10-25,1685.942138671875,1700.0023508928878,1664.5077920764334,1668.0474874364054,708672
2022-10-27,1695.5286865234375,1711.3095223309913,1691.989111604102,1700.7890052927119,568780
2022-10-28,1655.95361328125,1708.851299362051,1643.8598456994534,1700.8871961864174,443761
2022-10-31,1692.82470703125,1700.985587433685,1660.1815469223027,1664.2619268733881,594266
2022-11-01,1731.7607421875,1740.3148154970245,1699.215787722196,1699.215787722196,862642
2022-11-02,1730.531494140625,1753.047450076849,1722.6165549382802,1731.7605968119592,682110
2022-11-03,1716.3731689453125,1742.2320445644,1706.442500817667,1720.7485336945579,370943
2022-11-04,1735.4969482421875,1742.281233957474,1713.816780619536,1721.6333921500452,445790
2022-11-07,1745.4276123046875,1764.9938436391758,1732.793038499284,1741.2979475529446,772139
2022-11-09,1716.2257080078125,1763.8630800253563,1704.2794316704556,1763.8630800253563,616980
2022-11-10,1675.96240234375,1710.9161554448613,1667.3100012582534,1710.8178272279686,613431
2022-11-11,1679.796875,1709.7362489932887,1667.113258677848,1684.368895848725,1083107
2022-11-14,1719.17529296875,1727.4345019238158,1678.617191842344,1682.3042590810348,1571362
2022-11-15,1704.4268798828125,1726.9920009913506,1682.402563975197,1719.1752691333668,1013411
2022-11-16,1698.527587890625,1720.6010684221471,1676.4049432487816,1706.88500464415,903821
2022-11-17,1681.9599609375,1694.9877258908346,1668.5388831402443,1694.9877258908346,638353
2022-11-18,1680.1903076171875,1694.545504563428,1653.1023293352512,1685.2539698859268,753543
2022-11-21,1654.1839599609375,1679.3545382835198,1647.8913153802919,1670.9479574726552,417544
2022-11-22,1671.1937255859375,1688.0561712888575,1653.7905951901273,1659.4932702717047,792650
2022-11-23,1673.9959716796875,1684.9098013393377,1665.196078199601,1676.3065642945842,515987
2022-11-24,1694.5455322265625,1704.6235723188847,1669.5223256310976,1681.22278136045,861243
2022-11-25,1706.0491943359375,1709.8347102850628,1677.3389207557152,1700.9856525343075,584168
2022-11-28,1688.154296875,1714.7014681533858,1684.8113786622932,1694.3487332401646,410415
2022-11-29,1690.3173828125,1702.951955466592,1685.8928543033494,1691.1531726087708,494662
2022-11-30,1730.236572265625,1738.9382579935482,1696.2661012018236,1696.2661012018236,1137756
2022-12-01,1769.762451171875,1777.0874212917533,1730.4823772292007,1740.314716866984,898588
2022-12-02,1789.1319580078125,1794.0972917481497,1756.046321941448,1766.6651664106932,1357654
2022-12-05,1785.690673828125,1806.1910226218615,1782.3969195508616,1797.1453086361437,837283
2022-12-06,1795.4246826171875,1799.3084061920588,1769.8116280661384,1783.5767349581104,631065
2022-12-07,1777.8740234375,1808.6490677551067,1769.8115918016651,1806.1909828782698,657577
2022-12-08,1782.052734375,1794.6871870315442,1775.7600901005374,1777.874026227898,334379
2022-12-09,1769.7132568359375,1804.7653373754638,1758.3077864310162,1788.9353383091668,523232
2022-12-12,1784.85498046875,1788.6895398892862,1746.263204222783,1772.7612124113284,457733
2022-12-13,1780.4305419921875,1794.3923058592895,1772.466317599417,1786.526530187698,452455
2022-12-14,1791.295166015625,1803.192277966003,1780.8729773443856,1784.5600445416962,535865
2022-12-15,1756.9312744140625,1794.6872621412324,1748.180544892677,1792.229177157664,319014
2022-12-16,1726.8936767578125,1760.0776430233323,1722.6166402502745,1749.1638132626902,711870
2022-12-19,1736.1851806640625,1740.216396553766,1714.7507138964245,1722.616609742427,313190
2022-12-20,1729.4500732421875,1734.3662431230052,1700.6414719809377,1732.4488428792783,443027
2022-12-21,1703.8369140625,1742.6745118855565,1698.8717005264825,1731.0232204886129,411544
2022-12-22,1715.586669921875,1726.303844093693,1697.1019273684744,1716.7174445250112,421636
2022-12-23,1680.43603515625,1716.618889675414,1676.3556553015585,1696.069377581627,358698
2022-12-26,1700.051513671875,1711.8011332529722,1675.4216204999227,1682.8942035871123,385645
2022-12-27,1710.2279052734375,1719.470275916161,1699.0683753487617,1708.5564460402534,236578
2022-12-28,1723.1573486328125,1738.4465422605097,1701.9687032225409,1701.9687032225409,362774
2022-12-29,1723.35400390625,1730.4823173466793,1692.1364832868999,1716.618882817503,384501
2022-12-30,1694.5947265625,1741.740458091778,1689.3344076764192,1725.910457822718,296853
2023-01-02,1702.2637939453125,1718.6837630463817,1691.1533076793903,1696.4627905145373,312125
2023-01-03,1688.252685546875,1713.079234501919,1683.6806645185134,1695.5777761138736,548701
2023-01-04,1661.9512939453125,1699.0191023603984,1657.2317807067773,1693.5129634153534,435968
2023-01-05,1669.8173828125,1679.2072462699114,1648.4320784434965,1670.3090239359824,487184
2023-01-06,1652.4140625,1671.144502665022,1637.0757046994129,1670.4070410639442,587219
2023-01-09,1645.531494140625,1671.3903689904128,1634.6176646469712,1671.3903689904128,656429
2023-01-10,1623.3106689453125,1656.4454732844947,1605.809208887843,1645.87579159253,594512
2023-01-11,1607.6280517578125,1631.028842234111,1600.794602079803,1623.8022001827685,646333
2023-01-12,1614.8548583984375,1637.0758313608817,1604.727533627792,1612.1017887083353,908677
2023-01-13,1627.341796875,1643.4176172972086,1613.6257332257835,1620.8033317644793,637882
2023-01-16,1620.8525390625,1640.4187708055515,1612.4951221647568,1631.6680410184513,360571
2023-01-17,1632.8477783203125,1638.0589328456663,1614.4614861559032,1614.4614861559032,514997
2023-01-18,1648.3828125,1658.5101370170053,1636.0433440645334,1640.0253959181928,716978
2023-01-19,1648.776123046875,1664.606122720811,1640.6645270230742,1645.924845711395,624177
2023-01-20,1627.587646484375,1659.1493185740007,1624.539592118926,1648.7761732094903,317042
2023-01-23,1603.94091796875,1639.8286676901173,1588.2584112869715,1635.1091544034098,675068
2023-01-24,1576.3121337890625,1610.4793807179249,1566.479794370602,1606.5955367574807,450813
2023-01-25,1567.020751953125,1583.9323629376263,1555.7136087222962,1576.3122870971838,503547
2023-01-27,1551.977294921875,1575.6239059787893,1523.5128421568347,1567.2173252943385,915505
2023-01-30,1571.789306640625,1579.4093818839642,1539.7361157112093,1553.3537301327428,467299
2023-01-31,1563.5301513671875,1593.8135536077705,1556.5492098279033,1575.5746343150345,1534280
2023-02-01,1561.1705322265625,1595.7801378342056,1539.7852287727367,1566.2833586914262,741968
2023-02-02,1571.9368896484375,1576.5580750690071,1536.4914937206313,1548.5852624915472,721339
2023-02-03,1589.2415771484375,1591.89631844179,1549.4208192489368,1573.165757566717,754417
2023-02-06,1590.9622802734375,1593.961170468366,1570.3145591780471,1590.6674161151625,499057
2023-02-07,1589.1925048828125,1605.268325393577,1580.3926111705434,1592.4372156511517,595073
2023-02-08,1609.1029052734375,1613.4782701296785,1588.6517197037213,1589.8316583617304,513921
2023-02-09,1615.8870849609375,1634.1260048496345,1600.352070485708,1609.1027996236387,1022882
2023-02-10,1607.8739013671875,1614.8056793888936,1595.2884916858134,1612.4950867149917,333259
2023-02-13,1595.0919189453125,1615.6413114856214,1590.4707337041239,1607.5788796181523,242604
2023-02-14,1577.787109375,1600.4505602275117,1551.9282322115591,1595.7802105420533,1051049
2023-02-15,1598.8773193359375,1612.4950545573301,1571.3468642385026,1577.7870010308866,644537
2023-02-16,1602.3184814453125,1615.1495902440884,1589.8315213921396,1604.825730377302,312420
2023-02-17,1615.3955078125,1640.8120269044944,1594.7477868386313,1597.8448847345776,877096
2023-02-20,1604.6292724609375,1622.622373669175,1594.9445447807389,1616.4280569828004,447737
2023-02-21,1605.7598876953125,1631.0779571668147,1597.9431560689732,1607.5788391806072,539466
2023-02-22,1547.7493896484375,1606.8413942310158,1544.2588584645334,1606.8413942310158,1056328
2023-02-23,1553.8453369140625,1561.858724844731,1541.8500178219242,1555.467631942868,485537
2023-02-24,1548.7818603515625,1567.758243901103,1544.7506441001888,1554.091343536474,390716
2023-02-27,1545.2420654296875,1558.368158686119,1527.9864282836215,1554.48443532566,397502
2023-02-28,1552.0755615234375,1557.8765646864385,1531.9685261318198,1551.5347563429145,742087
2023-03-01,1566.92236328125,1571.199399849188,1541.7026208634643,1541.7026208634643,288099
2023-03-02,1571.6910400390625,1575.1324072355753,1561.3671794500633,1567.2665111437386,286119
2023-03-03,1569.4786376953125,1584.9153233627082,1563.8742911537654,1575.132268842753,611252
2023-03-06,1571.740234375,1583.981495487617,1569.232985219397,1573.1167089799142,330663
2023-03-08,1574.2474365234375,1582.0148838125351,1568.003956126447,1572.1826644275845,435573
2023-03-09,1574.394775390625,1581.7690295857478,1558.9089259310467,1574.2472830767072,302901
2023-03-10,1569.1346435546875,1579.8026530271266,1556.5985183843434,1558.41746997177,458587
2023-03-13,1535.852294921875,1591.0114124559877,1523.1195137518514,1575.1323693251695,804792
2023-03-14,1535.0166015625,1543.52151024574,1515.45025057993,1543.52151024574,507817
2023-03-15,1524.59423828125,1552.960481583178,1520.513858463193,1535.803052004475,551661
2023-03-16,1534.279052734375,1540.4242043845077,1501.4392379597998,1532.115952605514,583369
2023-03-17,1558.663330078125,1565.6442724423869,1529.9038912220103,1543.6691195036303,698627
2023-03-20,1566.086669921875,1572.182657965515,1524.9876436109316,1524.9876436109316,530519
2023-03-21,1579.261962890625,1582.014912067418,1561.1213701885708,1573.1658542127839,570821
2023-03-22,1585.849609375,1588.897543246715,1571.4944120105101,1582.9982114463849,296273
2023-03-23,1579.01611328125,1592.8305050223871,1573.1658252626164,1582.8998369236922,313930
2023-03-24,1567.5615234375,1581.474243798137,1560.6789094234127,1578.0820406517782,374535
2023-03-27,1603.5968017578125,1620.3116345288274,1558.614052800117,1558.614052800117,630210
2023-03-28,1584.0797119140625,1614.1665814463593,1574.7391332931873,1595.780167871082,582767
2023-03-29,1604.334228515625,1610.3811731410897,1584.079699376482,1592.0439238221165,577758
2023-03-31,1605.3173828125,1623.9494948111965,1601.286167050263,1608.2671087240144,783128
2023-04-03,1600.6470947265625,1614.0681734105945,1592.9778552641444,1602.4660462496233,766128
2023-04-05,1631.422119140625,1636.6332736004117,1587.1768318413497,1602.662682396096,1443735
2023-04-06,1641.057861328125,1645.9248672060723,1622.6222841238932,1636.2400195600612,641403
2023-04-10,1681.5667724609375,1685.3522883633932,1642.0409977282272,1646.8588394220671,828993
2023-04-11,1682.4024658203125,1692.6771615370517,1667.162436367146,1681.1243195566062,437571
2023-04-12,1688.64599609375,1712.096070497448,1682.7958287699,1686.72871639098,661394
2023-04-13,1672.5703125,1690.2192633524396,1662.9346292879854,1688.2035349150106,258855
2023-04-17,1694.7420654296875,1699.5107431121094,1660.7224292215378,1660.7224292215378,723262
2023-04-18,1676.355712890625,1706.5407884311835,1670.0630685189992,1700.936441576854,332721
2023-04-19,1661.754638671875,1683.2874329001675,1652.758089148473,1680.8785121725714,313266
2023-04-20,1659.1492919921875,1669.8173013499354,1651.8242011104835,1669.8173013499354,199463
2023-04-21,1634.076904296875,1663.6229675635493,1628.8657496973499,1657.4776948847677,326151
2023-04-24,1660.9681396484375,1664.8518630909593,1627.93166733304,1634.1259832983778,374750
2023-04-25,1658.559326171875,1674.880846707469,1655.9537488393107,1657.9201927411798,361117
2023-04-26,1670.6529541015625,1676.4049139079318,1645.0398990757396,1658.5593061758318,683412
2023-04-27,1672.8653564453125,1677.0440650934493,1653.9382572449124,1666.5727114163506,531392
2023-04-28,1691.4483642578125,1696.0203856435182,1666.572649250672,1676.4049895856053,601644
2023-05-02,1710.3753662109375,1714.554194967604,1686.7779194394266,1691.448268784877,396437
2023-05-03,1706.7867431640625,1709.4906488371898,1694.1522893190868,1696.0695691963151,348145
2023-05-04,1730.3348388671875,1733.4320571007534,1691.2515428974086,1700.2972565634136,591510
2023-05-05,1723.1083984375,1737.5618040485424,1716.7174252965367,1722.3709367480626,336879
2023-05-08,1748.524658203125,1755.0631231567359,1722.8132753667992,1724.3372422356058,758983
2023-05-09,1735.30029296875,1758.25872747365,1728.0735302562468,1751.1302929817361,735967
2023-05-10,1744.640869140625,1749.5078747167286,1721.9282567856494,1735.3001708430947,285798
2023-05-11,1744.3951416015625,1754.079989163242,1735.3985915722612,1744.6409621488403,272209
2023-05-12,1724.435546875,1743.264436239778,1721.7316414348488,1743.264436239778,305342
2023-05-15,1704.2794189453125,1732.2031874676736,1701.1823210107943,1724.5831119060397,448927
2023-05-16,1698.1834716796875,1715.7832595099817,1693.9555991115376,1706.5408885934594,209886
2023-05-17,1695.9219970703125,1709.588896629409,1675.0774989621532,1700.297361853599,377699
2023-05-18,1677.093017578125,1703.9351741662954,1668.2931243706653,1700.2972712258722,232671
2023-05-19,1687.3187255859375,1695.037008687309,1656.740336833513,1681.3210657969446,242657
2023-05-22,1689.531005859375,1697.9375865647778,1676.3065834338383,1684.369015373479,263864
2023-05-23,1669.4730224609375,1691.595665211382,1659.6898473445199,1688.2034623895086,948278
2023-05-24,1671.832763671875,1680.8293130076295,1652.8072187813898,1666.5724453661821,442899
2023-05-25,1672.8160400390625,1683.238349154081,1662.639671969502,1666.5233955829813,691665
2023-05-26,1659.9849853515625,1689.0394082482615,1639.0422792129957,1673.356900449531,1946520
2023-05-29,1684.565673828125,1686.5812818154486,1647.989624899311,1659.9849446043456,670545
2023-05-30,1696.2169189453125,1703.3945172287001,1684.2706431757033,1685.2539253379202,455969
2023-05-31,1689.531005859375,1704.4268875040596,1667.703346290857,1694.5946681264818,1217298
2023-06-01,1673.897705078125,1691.153343911645,1671.4887841568898,1686.2371738478882,380199
2023-06-02,1681.8616943359375,1690.1700669673442,1671.4886701988303,1679.4036094716455,581154
2023-06-05,1705.41015625,1715.2423755500806,1683.2875121994841,1690.1701259596744,770437
2023-06-06,1736.7752685546875,1745.2310137788054,1708.3106938405406,1710.719614817217,1032105
2023-06-07,1739.3807373046875,1742.6746123157009,1720.2078180847373,1739.1349167441435,757211
2023-06-08,1683.23828125,1746.3615002007582,1680.2885553269741,1742.2811203157344,746173
2023-06-09,1686.9744873046875,1708.654653190904,1681.615840715908,1694.1029212208655,488829
2023-06-12,1702.362060546875,1706.0982917399185,1682.3533531705198,1695.479446954246,248563
2023-06-13,1708.8021240234375,1717.7003451551277,1699.8547387860415,1705.901562287062,356101
2023-06-14,1749.508056640625,1754.8665833420234,1707.8683433267413,1715.7341192371614,814345
2023-06-15,1742.7728271484375,1769.713312827899,1730.9740435113788,1758.996019086593,966649
2023-06-16,1750.884521484375,1759.7335795842534,1741.3471658210879,1748.5739287360614,969546
2023-06-19,1731.7607421875,1764.4530684854733,1724.6814717071193,1759.241913722081,541464
2023-06-20,1739.4298095703125,1743.0186690644773,1715.4882137405398,1737.3650374710442,463433
2023-06-21,1748.0821533203125,1750.1469253516366,1727.532761222861,1740.3147062739656,332971
2023-06-22,1720.9451904296875,1759.9793244127943,1717.3563309323242,1756.1447648679166,412543
2023-06-23,1687.3187255859375,1720.6010198293952,1682.5008839110633,1720.6010198293952,343509
2023-06-26,1697.839111328125,1702.01781926429,1667.555709567085,1687.2202671197317,387107
2023-06-27,1704.082763671875,1707.3766385492395,1684.6640246792956,1697.1018215365043,338798
2023-06-28,1713.865966796875,1725.2714380230611,1704.9185806151465,1706.8358604397638,1030697
2023-06-30,1705.5576171875,1728.466766060236,1701.7229372557892,1715.733985063342,453149
2023-07-03,1763.6173095703125,1767.8451821883414,1706.983385733244,1720.6502858242088,1087245
2023-07-04,1739.8721923828125,1774.7276161364805,1729.2041836973021,1769.8115669520957,671213
2023-07-05,1748.0821533203125,1754.3749181303394,1734.0712260720982,1740.3147062739656,400602
2023-07-06,1738.3974609375,1753.8833117287459,1735.3985707968782,1748.0821878829704,360764
2023-07-07,1714.0626220703125,1741.0031088188955,1707.8683056026382,1738.397531443533,554892
2023-07-10,1713.767578125,1729.7450701002622,1704.1810588397893,1725.4188694946808,453912
2023-07-11,1738.05322265625,1744.1983744473193,1714.554105331078,1714.554105331078,578931
2023-07-12,1748.032958984375,1754.4732160067178,1727.5818954563654,1738.0040836485493,791286
2023-07-13,1730.2857666015625,1753.9816623758168,1724.0914503059066,1749.1638206457728,335559
2023-07-14,1723.79638671875,1739.2822369989487,1714.4066447363518,1732.9895927724326,409283
2023-07-17,1762.978271484375,1764.8955513186818,1719.273666183372,1723.7965234079886,923312
2023-07-18,1745.280029296875,1768.8283113289378,1738.2007593049004,1760.0284180716242,747998
2023-07-19,1754.276611328125,1758.5536477666658,1741.0030250360467,1742.3794995736432,435757
2023-07-20,1788.9354248046875,1792.524163814554,1747.2465492574286,1755.0631607036719,856488
2023-07-21,1774.33447265625,1794.3431801936795,1759.9792760617077,1789.4761744818222,782735
2023-07-24,1782.642822265625,1811.8939017416765,1760.028536258916,1765.8787039540175,782832
2023-07-25,1798.37451171875,1811.8939193432188,1781.659557355656,1783.576837198722,472389
2023-07-26,1808.2557373046875,1817.9897485022616,1798.4235183932483,1802.2580777436965,463896
2023-07-27,1791.934326171875,1817.74403793866,1784.5600711669638,1811.2547369144352,540277
2023-07-28,1793.21240234375,1804.1262318436852,1779.6438315059354,1788.0012478842189,493242
2023-07-31,1818.4322509765625,1823.5941207898854,1790.262663236989,1799.3083770625724,599614
2023-08-01,1806.8792724609375,1823.8890895937777,1794.0481634503178,1820.939363654455,512567
2023-08-02,1790.45947265625,1809.0425429728075,1775.7602466838134,1801.963272352201,650377
2023-08-03,1799.8492431640625,1803.8312950263391,1764.1088636218706,1777.6774348194765,664460
2023-08-04,1794.834716796875,1814.9909168388444,1789.6236827813254,1799.8492148781115,325948
2023-08-07,1824.4791259765625,1833.672332383631,1795.4247039815916,1796.260493836877,970459
2023-08-08,1813.51611328125,1837.064395808809,1801.0781963009247,1826.5438790647866,481950
2023-08-09,1814.696044921875,1818.923917527444,1796.8012722656174,1814.0078678583623,529863
2023-08-10,1799.6033935546875,1823.8891377117584,1793.458241477551,1804.322906982009,703299
2023-08-11,1806.77099609375,1819.0795056440593,1787.9376570248676,1808.0068510497301,749144
2023-08-14,1791.150634765625,1814.1363252881574,1773.4047269236967,1804.2006572689743,530231
2023-08-16,1796.2421875,1799.3069867477088,1765.2486402708064,1791.3978782087606,399331
2023-08-17,1780.37451171875,1791.8426394064677,1773.3057851608778,1789.4204849590224,497072
2023-08-18,1770.587158203125,1780.374523286486,1765.34737570526,1774.5910857900567,441358
2023-08-21,1787.8387451171875,1792.3864489200143,1769.64792990588,1770.587179649566,267446
2023-08-22,1785.268310546875,1804.2499519878827,1777.606373396399,1789.420540825775,366115
2023-08-23,1777.2110595703125,1794.3637572326463,1772.6139214126479,1789.4205796838507,418171
2023-08-24,1757.8338623046875,1792.8314583571023,1750.8640036141082,1784.4774420710223,924665
2023-08-25,1756.0543212890625,1762.381535270094,1738.0612421630574,1739.9890547605219,659271
2023-08-28,1764.358642578125,1769.6478591249397,1748.194630091813,1757.7348239269634,773224
2023-08-29,1781.3138427734375,1786.4052017191175,1758.871928334545,1764.7048002558217,643399
2023-08-30,1786.1087646484375,1804.151278230966,1779.386076979703,1784.477436059236,475187
2023-08-31,1770.587158203125,1798.3181672952685,1761.5906191005151,1786.1086477487243,1249751
2023-09-01,1790.9034423828125,1804.249948753458,1767.5718339140924,1769.6479490498207,421915
2023-09-04,1820.117431640625,1829.6577468796145,1794.36366930968,1794.4131035059909,947843
2023-09-05,1832.7225341796875,1850.715612223875,1823.528258373614,1831.3878108878248,884678
2023-09-06,1817.596435546875,1837.8633658724038,1796.340942442825,1833.9088724338246,598389
2023-09-07,1826.3953857421875,1830.053274051829,1804.793731781901,1811.170379806019,409810
2023-09-08,1828.718505859375,1835.1447090858856,1819.1783117371945,1826.3953409461974,365560
2023-09-11,1841.17529296875,1847.848545926551,1824.8134222663812,1828.7184814168418,433848
2023-09-12,1849.677490234375,1898.1697708344398,1815.1249259022122,1843.7951844100344,1858204
2023-09-13,1911.0220947265625,1924.3686009145474,1834.5515116474442,1857.6360699746226,2896732
2023-09-14,1909.637939453125,1931.783248065283,1896.7363410220582,1920.9083305470133,1225975
2023-09-15,1950.4189453125,1965.3472244596146,1910.7749007997002,1919.919742466361,1672773
2023-09-18,1935.194091796875,1965.4955583402261,1930.7946905805566,1957.4877030609941,682473
2023-09-20,1922.5889892578125,1937.715126686872,1908.056183359729,1935.1941037820288,582031
2023-09-21,1889.7664794921875,1917.9423965973824,1874.541594992764,1910.1322781413246,1002208
2023-09-22,1890.21142578125,1907.0180837606556,1867.818945766501,1885.0210773289043,678725
2023-09-25,1917.7940673828125,1923.8247969924169,1880.2755722395254,1890.211361022946,762935
2023-09-26,1935.73779296875,1937.6162925028873,1914.2351283452103,1922.8361941946262,659819
2023-09-27,1909.1435546875,1944.4870661201649,1901.1851338055678,1944.4870661201649,510599
2023-09-28,1884.8233642578125,1915.9157788408093,1875.0359987666939,1908.056225928816,726738
2023-09-29,1920.315185546875,1928.8175042253292,1887.9376028747658,1887.9870370734006,804258
2023-10-03,1899.603515625,1916.9539504833785,1884.9717194352827,1906.1779007217212,596037
2023-10-04,1874.2945556640625,1888.2837073866856,1855.7082656343516,1884.3292136840146,693152
2023-10-05,1868.6593017578125,1887.2949036432997,1859.613328318564,1875.5301705201068,549055
2023-10-06,1881.6597900390625,1884.2302471606167,1868.5110204069479,1868.6098888024787,402950
2023-10-09,1867.5223388671875,1875.3325786374833,1853.780358844113,1868.5604570216049,347299
2023-10-10,1897.0823974609375,1900.6414173490143,1865.0507338192517,1871.4273817967012,358738
2023-10-11,1957.5865478515625,1959.8603997279365,1901.728934872049,1913.938454432032,914364
2023-10-12,1979.039794921875,1999.01012002006,1944.4871087037798,1968.2637458030779,2108772
2023-10-13,1960.05810546875,1977.9523161235086,1951.9019473216038,1973.2564307276302,307670
2023-10-16,1951.25927734375,1977.2603327707614,1935.7377872694371,1960.058079960327,668313
2023-10-17,1952.000732421875,1997.181164919679,1935.7871640547376,1977.2602741279045,1316588
2023-10-18,1933.4639892578125,1968.3132824717463,1928.8175379915417,1947.700311740388,585260
2023-10-19,1953.236572265625,1956.3506843063703,1905.8811566426741,1929.8554090506682,712810
2023-10-20,1924.2203369140625,1954.6701065401764,1917.2999126968095,1949.9741000655315,491975
2023-10-23,1881.1160888671875,1917.1516818790187,1863.5679172587684,1917.1516818790187,878203
2023-10-25,1856.1036376953125,1898.2192719979273,1847.7003087462936,1879.4848015543585,738333
2023-10-26,1828.5208740234375,1852.6928631354958,1818.6345194508415,1845.8713075593432,1141085
2023-10-27,1834.8975830078125,1848.7383102437361,1829.0645899971078,1835.9355799984382,289530
2023-10-30,1857.4383544921875,1860.8985059899844,1807.2653096383908,1834.8975720723,514528
2023-10-31,1865.2484130859375,1870.4387613280442,1843.7951836997875,1858.7234627175224,291175
2023-11-01,1847.3048095703125,1875.4314136881558,1840.236082893139,1872.4654830333754,349005
2023-11-02,1876.1728515625,1879.3365190827876,1857.2900783238542,1857.2900783238542,322032
2023-11-03,1874.6405029296875,1893.2267920459003,1868.8569440987012,1881.857532337818,234555
2023-11-06,1896.8846435546875,1914.531682568139,1874.6404665493076,1880.4733383027583,292296
2023-11-07,1899.702392578125,1908.0068535456362,1890.3103792084487,1898.1699323750745,223028
2023-11-08,1911.8624267578125,1920.908400480426,1898.169880677012,1907.0675518033695,427257
2023-11-09,1912.9993896484375,1922.440715681943,1908.0562121589292,1915.3721099969116,289965
2023-11-10,1920.9083251953125,1925.6537657650179,1899.3562270066268,1908.105595193819,193655
2023-11-13,1906.919189453125,1923.775402563608,1900.1470679230597,1923.775402563608,214186
2023-11-15,1921.84765625,1941.9662847445484,1912.9994192948013,1924.862900058773,972167
2023-11-16,1920.512939453125,1932.623712415333,1892.0898500940586,1927.5322322350728,954513
2023-11-17,1948.1451416015625,1961.0467401815085,1918.2884614070533,1918.980540172372,849407
2023-11-20,1949.875244140625,1955.6586818434955,1930.8936024913507,1949.1831653657985,287305
2023-11-21,1954.9666748046875,1965.3966845503398,1946.6127801687753,1950.2212342217824,317975
2023-11-22,1951.6546630859375,1962.3318435882973,1936.479213081511,1957.289919093617,315125
2023-11-23,1934.6502685546875,1961.541017169166,1929.212749331832,1961.541017169166,437448
2023-11-24,1927.235595703125,1947.0576187497709,1923.3305363641716,1941.570786228378,168686
2023-11-28,1953.4342041015625,1964.4081111164005,1931.0418457884718,1940.6809083305977,699089
2023-11-29,1980.4732666015625,1986.1579569268918,1958.5256947760201,1965.4955530599318,824220
2023-11-30,1982.648193359375,2007.9077344956936,1967.6210460508858,1983.1919695103163,1707069
2023-12-01,1993.1279296875,2015.8168946082765,1985.169387007384,1996.983554946945,932202
2023-12-04,2029.608154296875,2052.396107038288,2005.3867310332125,2051.407423117947,1055783
2023-12-05,2048.787841796875,2054.373664136903,2015.3227054440474,2034.5020848053489,561391
2023-12-06,2034.3536376953125,2061.293821145847,2022.292420586245,2056.202341173199,360631
2023-12-07,2058.080810546875,2065.2482843666558,2022.3418251916605,2034.3536079279074,424799
2023-12-08,2046.5137939453125,2075.431346277896,2019.4254281294175,2056.350714851248,594786
2023-12-11,2060.354736328125,2064.506966889016,2044.5861955018463,2048.4418208566367,254812
2023-12-12,2057.09228515625,2104.7936227276246,2052.000804865712,2066.237127534258,774496
2023-12-13,2060.255615234375,2069.1532856770523,2014.1360557497624,2057.240371666691,805574
2023-12-14,2079.97900390625,2087.9374250816973,2058.2786027527727,2071.13076717279,607109
2023-12-15,2103.50830078125,2108.500669694154,2078.1003368511997,2091.9411841086667,727207
2023-12-18,2085.7626953125,2103.5086041052946,2078.100636511438,2103.5086041052946,314105
2023-12-19,2094.165771484375,2113.493330040659,2065.4459582347895,2083.092996491323,317963
2023-12-20,2040.0877685546875,2111.3185695465495,2030.2014137610981,2109.736675235736,678958
2023-12-21,2061.88720703125,2067.0775558398523,2026.6919943247096,2026.6919943247096,445236
2023-12-22,2022.9349365234375,2072.7618202440585,2011.7634138404064,2065.248306967699,1006017
2023-12-26,2046.0194091796875,2059.3164813969047,2025.703165533099,2027.6804122802494,643808
2023-12-27,2100.641357421875,2106.6226532159035,2048.0462772323067,2055.312619884324,1137913
2023-12-28,2115.619140625,2123.8247328616885,2082.3516215707873,2104.793535888664,1063989
2023-12-29,2110.527587890625,2120.6116793082224,2090.9526154122873,2115.965107170662,651373
2024-01-01,2103.113037109375,2150.2705970185743,2087.9868993066866,2120.6117741210815,807664
2024-01-02,2077.556884765625,2106.1778334246383,2064.2598115646597,2105.6834914107158,799936
2024-01-03,2048.639404296875,2095.8958313615317,2042.6086745488167,2066.2370092433935,975031
2024-01-04,2046.662109375,2071.180260495424,2035.9850493475535,2066.2370829120764,962508
2024-01-05,2055.856201171875,2075.134567783594,2030.2013081005455,2074.145883890791,1089092
2024-01-08,2044.190673828125,2060.0086484834883,2034.5020553056859,2055.85641802023,559523
2024-01-09,2040.582275390625,2068.955810611731,2035.4413607896313,2058.4764869294318,1216816
2024-01-10,2053.162353515625,2059.0183671946115,2025.6683377905983,2043.48488259433,325322
2024-01-11,2068.199462890625,2080.7058293616565,2035.742764212782,2054.5517481134793,887806
2024-01-12,2095.842529296875,2105.122830586261,2059.5643710669174,2067.5048602083803,485644
2024-01-15,2085.37109375,2107.1577637562123,2078.125348481492,2096.0411267142135,202260
2024-01-16,2099.46533203125,2104.031210329377,2074.5521921335667,2076.983918527883,457403
2024-01-17,2052.4677734375,2099.465400841903,2040.7058262929233,2096.884887117757,733818
2024-01-18,2038.373046875,2053.60895699468,2021.0529037983047,2051.6238347549556,877519
2024-01-19,2065.71826171875,2078.4230931792067,2037.0830173148759,2041.1523727234369,456698
2024-01-23,2034.3533935546875,2070.879449361268,2017.380501263704,2062.64138582333,938057
2024-01-24,2055.89208984375,2065.2717448457665,2001.5493634084235,2053.6091505879567,604130
2024-01-25,2061.05322265625,2071.822608035758,2036.8842617863206,2064.477510150013,467209
2024-01-29,2088.844970703125,2109.1924745755005,2062.2939595525863,2064.527222172725,795647
2024-01-30,2110.333740234375,2123.0882476279494,2090.333730483619,2099.266780613891,852171
2024-01-31,2158.820556640625,2165.818161392568,2099.7134901766667,2110.681339630478,910709
2024-02-01,2112.765869140625,2162.6915036856967,2095.7432991506835,2158.820611932037,638710
2024-02-02,2123.534912109375,2153.758350778779,2114.6515382474436,2131.9716819169803,330557
2024-02-05,2074.204833984375,2131.326781334696,2065.5199232068353,2114.2547766140365,949717
2024-02-06,2050.63134765625,2082.3436281156564,2045.6685418777984,2066.5123261472954,581483
2024-02-07,2095.79296875,2104.229738929671,2047.6537506659956,2063.534729827729,1133609
2024-02-08,2041.9959716796875,2109.19230876947,2032.765105110529,2107.2071865965104,1387156
2024-02-09,2152.368896484375,2165.7684722752624,2031.6734824818705,2041.946466355767,2010089
2024-02-12,2131.37646484375,2182.642155700169,2122.1952734202728,2158.8206860608766,1229133
2024-02-13,2048.795166015625,2157.7287610103012,2038.6710899343263,2157.7287610103012,985312
2024-02-14,2064.32861328125,2069.489882508941,2012.4176195620516,2038.7204885723572,605147
2024-02-15,2069.29150390625,2088.001135917092,2057.380770279381,2070.184711998467,506068
2024-02-16,2089.986328125,2103.2371166580983,2071.3263720114214,2075.8423314697957,403756
2024-02-19,2152.46826171875,2173.708973940697,2086.5620542831048,2091.7730004535106,1167037
2024-02-20,2175.942138671875,2205.4708323087725,2145.0239563818627,2152.8650923842156,1710394
2024-02-21,2177.67919921875,2205.4709118797005,2163.8330194114988,2183.634566217525,765529
2024-02-22,2184.825439453125,2227.3071028929867,2097.4800628690864,2217.3814919175275,3428899
2024-02-23,2178.076171875,2220.061558551004,2166.364143727727,2217.381691810942,1646510
2024-02-26,2170.6318359375,2194.850472878203,2158.6219916720866,2187.7040812147725,905237
2024-02-27,2188.39892578125,2197.530440120826,2173.907435705213,2173.907435705213,674507
2024-02-28,2169.73876953125,2202.393935875727,2157.083614310974,2185.6197486312044,1197381
2024-02-29,2175.0986328125,2189.5901240355643,2141.74872010767,2169.7388989763117,1499473
2024-03-01,2238.1259765625,2242.592501610491,2180.4086442610333,2192.567518002787,826009
2024-03-04,2217.530517578125,2243.188321638172,2209.739057519355,2228.299903574202,423656
2024-03-05,2214.900146484375,2235.1482964684387,2203.9322976078015,2213.510657841652,401260
2024-03-06,2219.863037109375,2236.190619746844,2180.2599437057693,2221.2525258053074,678808
2024-03-07,2211.525634765625,2233.610120747783,2191.5750583643007,2222.3444545641614,519779
2024-03-11,2220.16064453125,2253.6595805636352,2208.944656002178,2213.411180806496,599546
2024-03-12,2167.75341796875,2230.235090044665,2156.686458758273,2219.3665945870534,891725
2024-03-13,2133.11328125,2186.6619072507247,2121.4010111225534,2177.679180307346,881145
2024-03-14,2180.16064453125,2188.4980615618665,2112.7658369476585,2133.907196344831,1097271
2024-03-15,2180.756103515625,2192.46813071002,2148.9444715947734,2168.845370240385,2630480
2024-03-18,2186.711669921875,2197.5304900387837,2153.857797373153,2164.7759705395606,508214
2024-03-19,2157.629638671875,2189.6894146939067,2147.7537029512237,2182.6421330688795,660181
2024-03-20,2151.376220703125,2179.8129997701653,2115.147739939266,2159.316709637669,655682
2024-03-21,2189.14306640625,2194.8502924284044,2159.1180947244807,2171.723571560692,880687
2024-03-22,2207.00927734375,2217.3814923502314,2178.1256524697337,2183.6344150270857,551648
2024-03-26,2223.386474609375,2225.4212732689525,2185.2719841045564,2198.522771326542,731877
2024-03-27,2190.929931640625,2235.1980131370415,2182.344132375789,2223.336955966317,1033992
2024-03-28,2270.28515625,2292.022148403615,2193.560131248665,2193.560131248665,1786120
2024-04-01,2275.49609375,2301.94775124512,2272.022129754232,2282.890625790378,288891
2024-04-02,2289.143798828125,2298.771593392547,2258.076586773767,2279.912931788722,446163
2024-04-03,2288.300048828125,2298.9204046404966,2271.029581793016,2286.4639561001186,303529
2024-04-04,2260.905517578125,2306.4639775365126,2232.7663119820913,2292.3199811169775,814966
2024-04-05,2220.9052734375,2260.1611158054043,2216.885352272039,2258.126316961208,454995
2024-04-08,2263.83349609375,2271.426491883331,2218.3741474265526,2230.2848811040108,278448
2024-04-09,2284.18115234375,2295.1490021374066,2264.9749960735476,2279.8634141668786,388155
2024-04-10,2289.193603515625,2297.6798078528686,2274.5036494000324,2292.7666784143303,513499
2024-04-12,2237.282470703125,2289.8385342399624,2232.567805320533,2279.9129229081896,635489
2024-04-15,2220.75634765625,2236.6373269685664,2208.250221842509,2222.3445425172868,415064
2024-04-16,2226.264892578125,2232.518076034249,2204.5775777254703,2212.41871356245,558075
2024-04-18,2209.49072265625,2283.7343426624493,2202.9397223551623,2228.349383876634,987066
2024-04-19,2256.240234375,2273.709407182309,2184.9745391433853,2203.485707276973,1061064
2024-04-22,2263.58544921875,2269.838633122361,2249.19331209791,2258.0766862006994,445671
2024-04-23,2352.518798828125,2358.3253786979044,2261.451309983204,2261.5009865074217,1823447
2024-04-24,2320.35986328125,2366.563633972968,2315.6451977479014,2360.3104501690996,1021874
2024-04-25,2349.8388671875,2358.374990083894,2316.83620865387,2331.5261622705816,1621547
2024-04-26,2325.02490234375,2361.6008789880825,2312.717240563644,2349.342651407684,405679
2024-04-29,2368.846435546875,2375.000265947068,2292.419230286875,2337.4814076272614,616995
2024-04-30,2393.710205078125,2420.3108946368084,2356.439724569405,2387.1097697962305,1041175
2024-05-02,2419.218994140625,2433.759917927645,2383.1889762545293,2392.0723500022937,1466226
2024-05-03,2462.891845703125,2468.4997195878236,2420.6583179183745,2423.834465313014,1192695
2024-05-06,2435.05029296875,2471.229098053015,2423.0402062462244,2470.4846771980942,606833
2024-05-07,2402.990478515625,2450.3355956125583,2385.223731345699,2441.700362308318,438590
2024-05-08,2359.665283203125,2406.116949909956,2353.263070098799,2386.116940206987,462790
2024-05-09,2336.191162109375,2375.595791836172,2327.605604974738,2357.7793674159097,557056
2024-05-10,2359.466796875,2364.975560086813,2304.7271427611886,2342.3947924305608,890719
2024-05-13,2367.456787109375,2375.1988124808145,2329.5906764770584,2360.2110423088675,511264
2024-05-14,2354.40478515625,2379.020350777175,2344.5288499234725,2365.7198856288132,421260
2024-05-15,2352.072021484375,2386.0672396114637,2348.598057588176,2369.1937006870694,404095
2024-05-16,2354.95068359375,2368.250906086228,2293.0147223818744,2364.280661482563,1181205
2024-05-17,2405.62060546875,2415.5462164373243,2356.3400439395728,2356.3400439395728,1184234
2024-05-21,2428.44970703125,2431.725207380594,2388.4991196528213,2412.023013409787,555489
2024-05-22,2418.52392578125,2444.727684415256,2400.310574852406,2437.6804036218577,722345
2024-05-23,2435.546630859375,2443.586230887037,2377.8290538214105,2423.8343606680687,1091448
2024-05-24,2422.841796875,2456.390412621496,2413.5118188803335,2431.5267070440523,483000
2024-05-27,2372.8662109375,2437.4323620635037,2368.2012220079773,2422.8914381787736,888793
2024-05-28,2422.196533203125,2451.576195833387,2374.9008522547547,2381.0546824977873,874384
2024-05-29,2382.742431640625,2441.700467961604,2375.447010141914,2421.8492446448427,1084966
2024-05-30,2327.75439453125,2388.6977954265335,2310.682390966672,2386.1170394690203,826458
2024-05-31,2299.019775390625,2344.429448234282,2278.870735478157,2325.5211097656297,1644820
2024-06-03,2351.178955078125,2387.3080848456893,2344.727307453595,2382.1468152109665,807692
2024-06-04,2239.614990234375,2347.6056970415316,2155.4459945036974,2318.672635049675,1543389
2024-06-05,2287.70458984375,2296.5382868645074,2165.9171468006775,2241.5999320512096,1996915
2024-06-06,2317.382080078125,2335.4963205584445,2276.0420062679054,2288.895624335617,834320
2024-06-07,2362.146728515625,2365.7198032287943,2294.007260786171,2294.007260786171,471524
2024-06-10,2428.5986328125,2453.6111249416663,2357.6305116825124,2363.387414728585,980297
2024-06-11,2438.62353515625,2463.5369184083966,2408.300984109585,2431.67560669982,531924
2024-06-12,2431.923583984375,2458.4251603227635,2411.92357391239,2411.92357391239,463980
2024-06-13,2439.76513671875,2457.134957936562,2411.923746244726,2422.8915961071616,512510
2024-06-14,2452.81689453125,2504.926351275867,2431.7746480821297,2439.7648132478676,1542911
2024-06-18,2439.2685546875,2468.946034342539,2426.8118645456916,2452.6184528803287,467553
2024-06-19,2428.946044921875,2442.544327228604,2394.057615653414,2439.715430877318,668976
2024-06-20,2480.2119140625,2485.373183710736,2414.4050596550983,2428.896549748709,1008266
2024-06-21,2447.804443359375,2496.8867832835986,2432.37031221785,2480.4101722047053,2867672
2024-06-24,2496.390625,2502.9910596640407,2424.926222780981,2445.571300673544,724085
2024-06-25,2498.2265625,2511.0307458300663,2476.43989525315,2501.2539222596947,792404
2024-06-26,2533.26416015625,2544.9267535079343,2490.385567532404,2500.0630386114613,1387150
2024-06-27,2617.9794921875,2634.9024666207133,2533.2642976745738,2535.894487898786,4849907
2024-06-28,2650.584716796875,2659.021486069741,2567.9540059773344,2616.3413591599483,1495266
2024-07-01,2706.11865234375,2723.488472660757,2642.247487029915,2646.3665189181474,1098168
2024-07-02,2722.545654296875,2742.1487377032604,2696.788740007564,2696.788740007564,942834
2024-07-03,2721.9501953125,2740.858291559628,2710.3370358755365,2730.2876121305485,537119
2024-07-04,2714.505859375,2732.2726063846408,2696.8382230820584,2727.5579410934492,446631
2024-07-05,2727.55810546875,2735.2007780417343,2700.16332014341,2709.6920043412256,372709
2024-07-08,2721.75146484375,2734.456296048727,2693.6621781139615,2731.2304723061293,333988
2024-07-09,2741.25537109375,2765.2256253991927,2698.6743533184404,2714.7540374476375,451862
2024-07-10,2781.30517578125,2791.3301404927124,2720.610157379509,2760.312604039553,1128000
2024-07-11,2780.75927734375,2815.8958433874895,2770.4861730191506,2803.985110176122,1679101
2024-07-12,2822.595703125,2828.799210164835,2780.759348578149,2786.1190817307693,1457604
2024-07-15,2782.893310546875,2831.7272704204174,2765.275350221523,2828.7992635073006,1333353
2024-07-16,2806.31787109375,2823.5883382152533,2789.3946549808775,2797.037327389255,756629
2024-07-18,2771.0322265625,2824.630527879668,2756.3422732921545,2789.0967907637573,1181529
2024-07-19,2722.59521484375,2769.195912035764,2714.1584451295057,2765.2753439863973,424329
2024-07-22,2790.635498046875,2801.0077141506736,2681.9003698210913,2681.9003698210913,1248824
2024-07-23,2802.0498046875,2829.7421638596506,2753.414308307731,2790.0893943577794,1046046
2024-07-24,2786.02001953125,2808.9482808738444,2754.3574132243525,2808.9482808738444,2880833
2024-07-25,2776.739501953125,2803.985257137222,2750.9329119759327,2784.1340340778434,550900
2024-07-26,2822.149169921875,2856.3428531188442,2787.607993392155,2803.9355758659417,701236
2024-07-29,2807.161376953125,2843.6876754906443,2799.0224240431476,2838.6255167301288,501949
2024-07-30,2770.138671875,2808.947907742151,2762.1487488945454,2807.161249300598,721728
2024-07-31,2756.09423828125,2777.9305840963893,2741.007356910237,2770.1388819552762,662086
2024-08-01,2746.416748046875,2767.9056003744695,2733.116525343923,2761.2554890229935,383675
2024-08-02,2686.66455078125,2736.5904247472995,2680.907647685999,2729.046863129454,401105
2024-08-05,2592.81787109375,2659.021651512744,2568.500122853039,2635.3986476140108,1049292
2024-08-06,2611.001708984375,2669.688122141614,2600.5397673914213,2617.4781490181085,813893
2024-08-07,2627.49169921875,2649.76054262472,2622.7090488259946,2640.39471151634,551368
2024-08-08,2535.426513671875,2624.253524761309,2521.925821876072,2613.7417158501016,1199236
2024-08-09,2563.4248046875,2629.3848073706545,2530.8433778306135,2546.835251616431,2677777
2024-08-12,2561.78076171875,2611.4997944208967,2545.7888886874284,2560.6846515306006,1827230
2024-08-13,2510.11865234375,2570.0505335820953,2503.0442899103214,2562.677453142056,784848
2024-08-14,2503.29345703125,2525.3134506680244,2495.97024379651,2514.8515089706425,286936
2024-08-16,2590.9248046875,2598.5469790069205,2503.2933958177277,2503.2933958177277,725887
2024-08-19,2588.981689453125,2625.5984846591214,2547.7817134536804,2610.304268533307,682028
2024-08-20,2627.142822265625,2639.2985528177255,2579.6656344011494,2598.5468985288135,685479
2024-08-21,2675.11865234375,2682.292506739815,2615.6348449727357,2630.4809847321962,857604
2024-08-22,2745.16357421875,2762.8991049137285,2681.296057306454,2684.683636349621,2065301
2024-08-23,2738.587646484375,2770.82024462871,2697.1383326607015,2761.3546783557968,1101735
2024-08-26,2726.680908203125,2753.184346832749,2702.9671259776806,2742.0249914489227,597542
2024-08-27,2690.11376953125,2737.9896548064703,2687.2742456745045,2731.5132148885405,1450595
2024-08-28,2705.707275390625,2712.6819032145195,2673.2752073583733,2688.7190261112823,981745
2024-08-29,2666.499755859375,2709.144670975299,2630.4808830050724,2705.0594345957816,941802
2024-08-30,2689.06787109375,2699.0812493541407,2666.499822116301,2666.499822116301,994826
2024-09-02,2681.046875,2719.755911893186,2665.8521507165824,2696.93901338627,720118
2024-09-03,2697.038818359375,2700.1773035316755,2670.385776710123,2670.385776710123,522391
2024-09-04,2747.654541015625,2753.9317547244814,2677.5098097364807,2685.231719132874,1119041
2024-09-05,2731.662841796875,2763.945306838342,2725.38562824556,2763.945306838342,472385
2024-09-06,2683.089599609375,2734.6520266826956,2664.3576933934314,2730.0686025294485,555331
2024-09-09,2700.526123046875,2705.557624138439,2664.208045645477,2680.1999192318485,267477
2024-09-10,2692.75439453125,2705.3085786579645,2667.2969543287068,2690.2135886019832,431289
2024-09-11,2671.431640625,2719.6064855276686,2664.4073890954787,2700.177166433406,347845
2024-09-12,2747.106689453125,2754.977957744396,2669.0405802198197,2680.847725912437,939815
2024-09-13,2774.2578125,2788.8546141248107,2738.2386975217087,2750.095710180412,634726
2024-09-16,2755.27685546875,2808.832031531545,2747.305852519869,2792.64093179163,431468
2024-09-17,2744.86474609375,2767.233324179226,2720.1047212010494,2758.96336007535,253234
2024-09-18,2712.831298828125,2766.9345326146577,2705.159256769462,2744.86491443354,332947
2024-09-19,2729.022216796875,2764.941596822958,2712.4326645182177,2733.0575856163514,452713
2024-09-20,2668.54248046875,2745.7117084393944,2654.543357104422,2735.0505400491807,2755774
2024-09-23,2657.2333984375,2695.1953976437485,2655.340382521475,2695.1953976437485,678018
2024-09-24,2609.80615234375,2685.231722006481,2600.539812407019,2666.6494179672377,1457923
2024-09-25,2652.351318359375,2656.3368199647234,2574.584169633871,2609.806137373423,883336
2024-09-26,2735.8974609375,2740.03232150221,2646.5722613031016,2664.307791889785,1117471
2024-09-27,2773.06201171875,2796.8256615784408,2735.897405049044,2735.897405049044,1416974
2024-09-30,2785.417236328125,2813.764067178123,2754.9779198822625,2773.9090520622854,890000
2024-10-01,2790.996826171875,2803.451518545874,2745.014199229355,2783.92270685687,442630
2024-10-03,2756.123779296875,2822.7315736331825,2742.12489920694,2778.891055016924,972732
2024-10-04,2735.150146484375,2778.69170183646,2721.1011563572524,2756.1236535793037,708378
2024-10-07,2710.63916015625,2759.909872934893,2690.213465326916,2749.995986778625,689611
2024-10-08,2728.27490234375,2735.1996622929373,2695.3945161839256,2705.408136983739,553985
2024-10-09,2705.906494140625,2744.017853213028,2700.177335587257,2744.017853213028,600020
2024-10-10,2712.58203125,2729.5204122517885,2701.2733169463445,2708.0983421612914,387246
2024-10-11,2715.6708984375,2721.798509570649,2675.766016804413,2712.58203753362,209760
2024-10-14,2717.015869140625,2727.6274126673416,2692.505181262775,2727.6274126673416,232099
2024-10-15,2725.8837890625,2737.9896525197755,2690.9109162326067,2715.122886402863,491010
2024-10-16,2754.081298828125,2773.9090716862424,2715.1229239745007,2715.222658815279,756373
2024-10-17,2696.04248046875,2779.6881468671572,2676.3141988458256,2773.9091208808463,529505
2024-10-18,2750.942626953125,2755.974371401657,2664.9553808139262,2690.2135946437,345996
2024-10-21,2708.3974609375,2755.376464263634,2702.17011461878,2749.9961343465466,322456
2024-10-22,2645.7255859375,2736.1962800549677,2636.758207099412,2708.2481439475023,377094
2024-10-23,2623.655517578125,2666.9978452140713,2616.4317963054673,2640.394672074872,944905
2024-10-24,2657.0341796875,2686.1781595798407,2606.6177313656276,2635.313147731981,844303
2024-10-25,2605.720947265625,2665.3541133984486,2590.5760895471085,2655.440226629979,656546
2024-10-28,2637.355712890625,2656.286844747779,2584.896647441372,2590.5759383473774,763794
2024-10-29,2676.26416015625,2680.2496615116575,2640.3946479575807,2650.3584013461,611947
2024-10-30,2662.863037109375,2698.782417759513,2656.386597220513,2681.8936606755315,469403
2024-10-31,2686.07861328125,2694.1989751681776,2634.8647737909773,2665.304089709643,321800
2024-11-01,2689.117431640625,2709.1446741990326,2663.3114064486995,2709.1446741990326,62294
2024-11-04,2581.210205078125,2690.21357638955,2568.7056451737644,2686.8756215017443,477329
2024-11-05,2641.34130859375,2651.753382835612,2578.2210731814544,2581.2101993708334,896947
2024-11-06,2636.359375,2657.8811804036695,2610.0551624005875,2641.3412518753207,455842
2024-11-07,2553.4111328125,2653.2977644672897,2542.5008710734173,2621.6129787924842,481689
2024-11-08,2535.6259765625,2572.3422632674797,2530.7934586796673,2555.702843115491,558297
2024-11-11,2510.36767578125,2544.59326610321,2496.966476073883,2518.886733611961,354984
2024-11-12,2512.0615234375,2537.0207750002783,2500.9021679924194,2514.1041415883956,520250
2024-11-13,2493.827880859375,2525.4627996762006,2463.0898458522015,2512.0615992537587,1449201
2024-11-14,2514.801513671875,2529.797011326744,2481.024486640175,2493.827763922496,581846
2024-11-18,2508.026123046875,2543.5470503424676,2470.064368042744,2487.9492569818412,1436348
2024-11-19,2499.058837890625,2542.7499960577734,2490.9384757619255,2508.026216403368,424096
2024-11-21,2525.662353515625,2546.386767834353,2471.160422944475,2482.070928496656,686930
2024-11-22,2589.230712890625,2600.439935608063,2525.662159995404,2531.1918485981128,828921
2024-11-25,2620.26806640625,2644.3803023507703,2590.924859630026,2605.5216618866857,967944
2024-11-26,2607.713623046875,2630.132069330386,2593.0170860387952,2620.2680502679254,256368
2024-11-27,2612.396484375,2639.846674459914,2585.59408423378,2610.3042420521647,348482
2024-11-28,2561.133056640625,2626.395644279603,2544.792597648569,2612.496256326718,1057792
2024-11-29,2596.80322265625,2620.915457166082,2549.7244879721225,2555.7027399955036,650252
2024-12-02,2683.786865234375,2699.180815698236,2582.355806233261,2596.4047959317554,1103892
2024-12-03,2704.162841796875,2719.0586054098676,2673.2752043260925,2683.2888257701825,522667
2024-12-04,2707.450927734375,2714.57491455436,2685.3314424674195,2698.4835491189297,572817
2024-12-05,2696.989013671875,2723.841282372331,2659.7244273121446,2723.094000813381,714805
2024-12-06,2692.1064453125,2710.140936345609,2683.5876307237672,2705.0593247876814,342192
2024-12-09,2671.680908203125,2704.2127110633005,2659.3259505086676,2692.10660396387,387874
2024-12-10,2645.675537109375,2698.184469831996,2631.527055674986,2693.102858203222,637387
2024-12-11,2661.069580078125,2690.113825473314,2651.4546548407657,2656.3367969627566,319450
2024-12-12,2650.408447265625,2673.275214181183,2629.4346963190987,2673.275214181183,376376
2024-12-13,2682.93994140625,2690.213530343134,2611.001687505253,2631.4273828282285,412267
2024-12-16,2675.417236328125,2708.148264643483,2662.564091314771,2670.385735297499,329525
2024-12-17,2590.277099609375,2675.2679705656387,2585.943012537865,2675.2679705656387,887083
2024-12-18,2584.7470703125,2608.4109853640007,2566.91204848123,2597.5505911268574,369646
2024-12-19,2529.846923828125,2584.597701584883,2518.0896458482634,2560.684692780705,510040
2024-12-20,2479.679443359375,2553.909411678089,2470.7619320581357,2520.829796595255,734974
2024-12-23,2517.04345703125,2544.4437802068755,2485.956593570409,2486.6540076910105,347378
2024-12-24,2492.78173828125,2533.184563658584,2485.9564699092803,2505.8839766821,364336
2024-12-26,2473.053466796875,2509.1222055339326,2463.5380336275784,2491.1874493740556,559646
2024-12-27,2471.309814453125,2511.4637894687453,2465.929241641934,2473.0534713051807,428996
2024-12-30,2434.643310546875,2480.9747670397865,2427.170494983502,2479.9783916313368,763318
2024-12-31,2433.84619140625,2438.1306543662513,2404.353624908009,2421.1922722149534,530535
2025-01-01,2433.298095703125,2464.883390616142,2417.1568628086266,2431.155985886699,487637
2025-01-02,2534.72900390625,2550.2226891332925,2436.1377124168393,2436.1377124168393,970593
2025-01-03,2500.902099609375,2544.642879666798,2492.0344563990952,2531.988961519117,595091
2025-01-06,2451.631591796875,2518.7871978974945,2436.8851869088912,2507.876935684219,393162
2025-01-07,2458.30712890625,2487.949296130877,2447.6958285298,2451.6813300053805,495162
2025-01-08,2426.92138671875,2467.3743253638586,2424.33071336988,2459.901509844864,543301
2025-01-09,2401.6630859375,2429.9602922974987,2387.713830807498,2426.223884673391,766796
2025-01-10,2355.53125,2416.1106815043117,2343.6742364364404,2391.3010306139795,413994
2025-01-13,2279.856201171875,2339.68859067627,2268.696845700511,2321.504740208795,422845
2025-01-14,2302.22509765625,2322.003003402392,2285.8345277137487,2299.6344243127114,865382
2025-01-15,2309.14990234375,2341.2331422037073,2288.425244964939,2318.465866563574,583299
2025-01-16,2342.179443359375,2351.196688761565,2304.765501006362,2321.5545226462323,1395232
2025-01-17,2367.238525390625,2378.5971073316477,2340.1369206616823,2354.5347393948227,443089
2025-01-20,2393.293701171875,2401.912251044918,2364.398814688118,2371.4233098810014,681711
2025-01-21,2358.918701171875,2417.704848318291,2353.0898079237186,2396.183042908168,316019
2025-01-22,2379.49365234375,2387.763616252332,2361.708498617005,2372.319798602891,336546
2025-01-23,2452.229248046875,2466.7764263649865,2356.8263023437758,2379.34448395823,596720
2025-01-24,2481.721923828125,2504.9375183289876,2444.5570743102617,2457.410462386491,1510105
2025-01-27,2449.140625,2475.394971097909,2421.590698962339,2466.5273272519253,458264
2025-01-28,2402.56005859375,2451.0336246613097,2391.1017414559656,2449.0907412760457,740041
2025-01-29,2444.75634765625,2455.068930115471,2388.311779824182,2394.2900320890735,200039
2025-01-30,2482.66845703125,2499.4574792926956,2437.632339026355,2449.78806987087,397046
2025-01-31,2499.756591796875,2509.1722909477016,2466.8263352245535,2482.668607239867,431982
2025-02-01,2431.9033203125,2504.937687668512,2420.5943619283535,2490.9385642860802,432668
2025-02-03,2464.683837890625,2470.7618249528477,2409.2356458255813,2409.2356458255813,427217
2025-02-04,2475.69384765625,2482.768210126876,2437.632356950953,2456.0653014036784,337002
2025-02-05,2480.974609375,2490.838627989512,2465.3315651075904,2489.9419874811747,464164
2025-02-06,2489.942138671875,2499.208478595386,2466.925769499513,2489.942138671875,595946
2025-02-07,2478.58349609375,2513.605993447971,2457.510010823538,2494.923955046564,738201
2025-02-10,2464.285400390625,2481.9710633268155,2429.262903202367,2475.992811066695,717668
2025-02-11,2482.41943359375,2532.7862585508506,2447.1478418509128,2451.083476016952,1710410
2025-02-12,2475.94287109375,2489.8422585400936,2424.92850195341,2470.0144864273257,454023
2025-02-13,2481.074462890625,2523.7690025182833,2465.182080771043,2472.007349513944,708830
2025-02-14,2422.487548828125,2498.660399197478,2396.781014961433,2489.942114482902,677910
2025-02-17,2454.919677734375,2462.1930237013266,2396.8309420530995,2422.487609137592,646841
2025-02-18,2454.271728515625,2473.9501417987703,2404.054507870031,2471.0108831493903,596040
2025-02-19,2454.271728515625,2472.5054461835534,2437.4330822996703,2439.126871753914,289053
2025-02-20,2444.80615234375,2468.968254627699,2434.394078567374,2442.1159875447183,427274
2025-02-21,2422.238525390625,2444.457746017372,2392.3472626431767,2431.15603679247,504415
2025-02-24,2385.023681640625,2411.228402601025,2372.369763054976,2403.25739961722,543080
2025-02-25,2370.676025390625,2394.7882612925428,2358.520294225762,2383.3299442528655,497013
2025-02-27,2331.468505859375,2370.675974096929,2308.701474535265,2364.3987605946513,1045684
2025-02-28,2298.2890625,2353.1894406013184,2293.30718583947,2338.642263450293,1153007
2025-03-03,2368.83251953125,2374.2627165200156,2309.498318979855,2320.059994957915,790068
2025-03-04,2385.97021484375,2395.485648407507,2343.0764491877835,2347.4604035729876,521061
2025-03-05,2382.981201171875,2400.2185447715287,2367.736851689041,2395.2865350414518,755361
2025-03-06,2384.973876953125,2406.2465890279764,2344.9695019781952,2392.9448801465924,754593
2025-03-07,2398.524658203125,2406.246567477639,2371.373428818543,2371.373428818543,317388
2025-03-10,2375.30908203125,2416.2103407809736,2364.697781342064,2398.524677461855,650796
2025-03-11,2404.8017578125,2416.2102068390122,2355.381443496111,2363.4023136586134,445250
2025-03-12,2390.204833984375,2430.0598497213655,2359.018478774749,2404.8018794514746,561893
2025-03-13,2361.60888671875,2403.0581999991737,2354.7339938708133,2393.293672583951,479648
2025-03-17,2390.6533203125,2395.7845561206454,2362.256622516934,2373.1170166522547,646714
2025-03-18,2390.6533203125,2390.6533203125,2390.6533203125,2390.6533203125,0
2025-03-19,2449.289794921875,2455.666743006473,2417.206557850514,2417.206557850514,415476
2025-03-20,2459.203857421875,2468.2211034841366,2439.226725165348,2455.8661457700823,317002
2025-03-21,2460.44921875,2505.6349386662646,2450.5353325608066,2470.911160038794,1372022
2025-03-24,2504.090576171875,2534.778986769758,2466.0290850059555,2469.6657578694376,594207
2025-03-25,2560.13671875,2586.490799386355,2510.866003950604,2520.5806640849364,993289
2025-03-26,2572.24267578125,2593.465275924755,2550.7208711288213,2573.587636537215,555486
2025-03-27,2609.208251953125,2619.4210999621346,2565.666694946344,2574.634073685962,1246219
2025-03-28,2601.685546875,2628.0894951624205,2589.9285116761166,2605.4718220730183,435022
2025-04-01,2609.507080078125,2622.4599598188715,2586.789673112444,2601.93453000433,317974
2025-04-02,2607.01611328125,2623.8547594586,2591.622162715805,2609.5070516658106,413523
2025-04-03,2642.287841796875,2654.344081511431,2585.693913342194,2585.693913342194,298330
2025-04-04,2607.41455078125,2642.2876879599435,2600.639393019664,2625.548776718731,290533
2025-04-07,2500.005615234375,2550.7210258284445,2456.563550460949,2540.7572718213023,974267
2025-04-08,2580.662109375,2590.5759957846494,2524.964579512205,2540.757226634945,1296141
2025-04-09,2548.479248046875,2577.3741354257663,2520.2817748156403,2553.212031324452,494024
2025-04-11,2641.64013671875,2650.3584209983496,2603.3295533069627,2640.3946675359502,669041
2025-04-15,2708.74609375,2716.3184003725405,2660.3221549751397,2665.3040316698493,815058
2025-04-16,2693.00341796875,2712.13377655858,2672.477987897508,2680.249764490294,462016
2025-04-17,2750.693359375,2761.952449396334,2677.160810447724,2691.209800079184,1061496
2025-04-21,2746.9072265625,2777.197184495139,2725.086702735023,2745.014210616084,322964
2025-04-22,2739.434326171875,2762.052241520187,2727.7767830740354,2740.331209952142,211167
2025-04-23,2675.86572265625,2753.8817175308445,2665.403781538356,2740.1319323804573,603774
2025-04-24,2719.3076171875,2726.3819796324815,2663.311369920375,2680.2497512479645,562050
2025-04-25,2724.887451171875,2729.968819681246,2665.5033809318134,2716.119299133947,649356
2025-04-28,2743.419921875,2763.6463910931866,2713.4291683669485,2725.0867118652845,416635
2025-04-29,2735.747802734375,2745.612064843502,2709.144629026193,2743.1211264203444,890929
2025-04-30,2727.57763671875,2740.928969674742,2709.044957117664,2725.0866982377283,662477
2025-05-02,2714.12646484375,2761.753255425702,2686.0287285064196,2715.7207627127523,798849
2025-05-05,2745.114013671875,2762.949036366327,2708.4473496084415,2720.104893357401,661587
2025-05-06,2718.8095703125,2754.479859136216,2708.1484019288246,2744.01791718616,288396
2025-05-07,2690.11376953125,2717.4146006771766,2672.6772005214398,2689.217128998742,417883
2025-05-08,2688.918212890625,2699.778850581112,2666.7987279121576,2675.267918716287,966461
2025-05-09,2625.25,2674.2716219145022,2617.079770223536,2667.1972591444087,444671
2025-05-12,2732.8583984375,2751.8890219462764,2661.4183334530558,2661.4183334530558,498304
2025-05-13,2698.8818359375,2738.039435467044,2692.903583894996,2731.064808084122,313964
2025-05-14,2727.278564453125,2737.0430915524685,2695.4942880311523,2710.0412222148507,330652
2025-05-15,2814.561279296875,2819.24419502694,2710.141088698808,2724.3893055736244,1353535
2025-05-16,2794.035888671875,2834.688054234358,2765.0415100635405,2834.688054234358,700214
2025-05-19,2717.11572265625,2809.878369932608,2711.137470241165,2809.7786350900715,575525
2025-05-20,2710.938232421875,2744.017846995221,2700.3765558973137,2744.017846995221,520661
2025-05-21,2697.08837890625,2739.9325196122113,2682.441709688144,2707.1518673976066,304264
2025-05-22,2664.90576171875,2692.5053118503547,2638.701039855107,2690.213599762377,541069
2025-05-23,2649.760498046875,2736.9433408283485,2641.3910424421333,2665.304050747909,990691
2025-05-26,2646.771484375,2686.8259695922115,2630.530760149068,2662.813225430109,435977
2025-05-27,2604.724365234375,2648.764106612208,2585.5940073570923,2646.3729030984346,874537
2025-05-28,2568.25732421875,2611.300692778498,2560.7845087307483,2611.300692778498,849149
2025-05-29,2564.271728515625,2584.4979537562717,2542.9491498189773,2568.257229962957,616258
2025-05-30,2536.572509765625,2595.4581492045572,2526.8079823184576,2565.66662242509,1203864
2025-06-02,2514.951171875,2540.358743841881,2501.8985572093397,2536.771695203098,1209305
2025-06-03,2543.1484375,2553.7101138921225,2502.994704055464,2533.782606175446,1493898
2025-06-04,2540.458251953125,2563.7735817454873,2532.586983771322,2547.0344267484415,529006
2025-06-05,2545.14111328125,2589.579551482382,2529.6972952558644,2545.8387706353456,950620
2025-06-06,2565.068603515625,2568.7553869148664,2526.90762221849,2550.521669360305,414844
2025-06-09,2599.045166015625,2605.421871114147,2565.367629685232,2576.5269852354995,552351
2025-06-10,2698.1845703125,2732.0613337506925,2656.9347262518095,2700.1773211029818,2885229
2025-06-11,2712.3330078125,2723.990551094583,2668.4924911405437,2698.2842609233203,812149
2025-06-12,2679.35302734375,2719.1083061556556,2666.3004130716504,2708.2479122387717,545570
2025-06-13,2654.144775390625,2677.9580495760943,2626.246264861041,2642.4872321419043,538879
2025-06-16,2695.095703125,2704.1628165032535,2642.48727698109,2655.3404222480362,494993
2025-06-17,2661.717041015625,2696.4906870541317,2655.34033601004,2695.095615595864,241142
2025-06-18,2665.70263671875,2686.527028445161,2657.6321419659016,2661.717135135404,342289
2025-06-19,2683.438232421875,2702.170138968523,2660.32237132963,2670.2861255293665,609547
2025-06-20,2702.76806640625,2722.9942928636865,2673.2752566194545,2673.2752566194545,1232377
2025-06-23,2713.82763671875,2727.5776659324015,2668.3930642917153,2690.213588316889,728851
2025-06-24,2770.8203125,2791.6447047639303,2727.378490073633,2736.046907590018,1562447
2025-06-25,2821.535888671875,2832.695244430731,2776.400034683866,2781.78036450783,948185
2025-06-26,2872.84912109375,2884.406929304076,2821.735016528793,2829.7060194003434,1392932
2025-06-27,2850.729736328125,2885.5031402673217,2834.0900726481195,2885.5031402673217,678859
2025-06-30,2834.189697265625,2879.524775917615,2826.417920845572,2852.921602590555,447868
2025-07-01,2837.77685546875,2859.5973792836476,2832.1970559629854,2832.1970559629854,535639
2025-07-02,2839.470703125,2868.4650817154643,2824.72429834844,2859.597437834223,917118
2025-07-03,2807.387451171875,2839.570182294868,2800.612049735981,2838.075619180585,393434
2025-07-04,2795.7294921875,2809.7784818992764,2775.602758805177,2807.3872783658976,286779
2025-07-07,2769.02685546875,2809.678775481579,2764.9416191975647,2799.8147567369933,278677
2025-07-08,2810.57568359375,2831.0013786151353,2768.1299956616626,2769.923519973218,846061
2025-07-09,2787.758544921875,2819.7422915380694,2783.4743254438904,2802.8039102814805,659109
2025-07-10,2765.04150390625,2799.6156820610445,2758.9635165890872,2787.758668701544,780215
2025-07-11,2751.98876953125,2797.3238488265692,2746.408970161852,2765.0413841691075,476850
2025-07-14,2774.3076171875,2798.8185497779814,2745.114012038249,2763.9454101403066,2913912
2025-07-15,2768.52880859375,2801.90738479337,2752.7860284812937,2778.8910155444805,450965
2025-07-16,2752.38720703125,2773.9090121867043,2748.003252733811,2773.9090121867043,372782
2025-07-17,2756.273193359375,2767.631775104802,2732.360184837885,2751.9887306814676,720281
2025-07-18,2718.6103515625,2763.945433474207,2706.6538464429286,2760.9563071943144,797380
2025-07-21,2731.961669921875,2741.526971267108,2703.3657439862964,2718.1121488703143,616378
2025-07-22,2712.831298828125,2748.9997751112137,2707.6501953116067,2742.921787766093,664321
2025-07-23,2699.28076171875,2726.0831633544135,2691.708211184922,2725.6847104866197,373864
2025-07-24,2725.9833984375,2733.356722456091,2657.6321909760577,2699.280731941219,997645
2025-07-25,2698.782470703125,2725.9833241653973,2684.4345191759817,2725.086683619324,360857
2025-07-28,2717.31494140625,2744.516038469158,2687.2244529865015,2694.298815626645,547126
2025-07-29,2733.0576171875,2740.0322447195135,2695.195353442285,2717.3148378212436,743512
2025-07-30,2748.601318359375,2783.872910763976,2723.19374526543,2730.06863832974,772901
2025-07-31,2736.4453125,2761.7533937174026,2717.8131410945953,2725.08673019562,581498
2025-08-01,2712.3330078125,2756.4724857492706,2706.1555291144114,2738.039541239471,329586
2025-08-04,2777.6953125,2782.179001676885,2710.9381625330466,2720.1047673102034,570201
2025-08-05,2787.061279296875,2814.6608298106676,2774.6065865329147,2788.8548037060286,782631
2025-08-06,2755.775146484375,2789.8511367174237,2748.0033696666624,2789.8511367174237,393906
2025-08-07,2733.755126953125,2762.6500134540265,2708.945476880498,2753.981596154899,591589
2025-08-08,2681.843994140625,2738.936107192788,2662.912862456895,2733.7550040146966,1162918
2025-08-11,2748.89990234375,2784.869150389887,2710.1409978749525,2716.1192500761476,1236332
2025-08-12,2740.39990234375,2761.89990234375,2705.10009765625,2757.0,553341
2025-08-13,2745.89990234375,2766.0,2725.5,2760.0,479944
2025-08-14,2764.89990234375,2770.0,2731.10009765625,2745.89990234375,618912
2025-08-18,2845.89990234375,2865.39990234375,2776.5,2795.0,1279195
2025-08-19,2828.300048828125,2854.0,2803.199951171875,2845.89990234375,372899
2025-08-20,2864.89990234375,2883.60009765625,2807.39990234375,2828.300048828125,930944
2025-08-21,2881.199951171875,2898.39990234375,2855.0,2880.0,1138327
2025-08-22,2813.800048828125,2881.10009765625,2801.39990234375,2881.10009765625,671902
2025-08-25,2811.39990234375,2832.699951171875,2791.60009765625,2825.699951171875,591824
2025-08-26,2796.199951171875,2818.5,2780.39990234375,2803.60009765625,425619
2025-08-28,2784.300048828125,2806.0,2772.199951171875,2775.0,528080
2025-08-29,2775.60009765625,2797.800048828125,2762.699951171875,2784.300048828125,542362
2025-09-01,2803.89990234375,2816.800048828125,2773.39990234375,2778.0,499161
2025-09-02,2779.800048828125,2820.0,2773.699951171875,2815.0,468533
2025-09-03,2781.39990234375,2809.199951171875,2770.5,2789.0,500510
2025-09-04,2809.800048828125,2865.199951171875,2801.0,2801.0,1177036
2025-09-05,2804.0,2837.5,2786.10009765625,2810.0,495200
2025-09-08,2804.10009765625,2823.89990234375,2795.10009765625,2795.10009765625,229922
2025-09-09,2795.89990234375,2823.699951171875,2786.5,2804.10009765625,388718
2025-09-10,2785.800048828125,2818.0,2775.60009765625,2795.89990234375,421783
2025-09-11,2799.0,2806.39990234375,2771.0,2782.39990234375,217951
2025-09-12,2802.0,2818.0,2789.10009765625,2799.0,168095
2025-09-15,2802.39990234375,2819.800048828125,2785.0,2795.0,291664
2025-09-16,2843.0,2848.5,2804.0,2811.89990234375,546549
2025-09-17,2865.39990234375,2881.0,2850.0,2855.0,785107
2025-09-18,2878.800048828125,2883.0,2852.0,2878.0,513800
2025-09-19,2877.89990234375,2891.300048828125,2848.300048828125,2876.10009765625,790137
2025-09-22,2854.10009765625,2911.0,2848.800048828125,2860.0,751168
2025-09-23,2813.5,2873.800048828125,2808.10009765625,2858.89990234375,702680
2025-09-24,2807.39990234375,2838.699951171875,2797.89990234375,2813.5,316532
2025-09-25,2778.60009765625,2833.199951171875,2771.199951171875,2810.0,723479
2025-09-26,2746.800048828125,2810.0,2736.199951171875,2775.0,523045
2025-09-29,2746.89990234375,2765.699951171875,2700.5,2740.10009765625,541455
2025-09-30,2756.89990234375,2769.0,2746.10009765625,2747.0,440278
2025-10-01,2789.699951171875,2796.199951171875,2732.0,2767.89990234375,353196
2025-10-03,2791.39990234375,2806.800048828125,2766.0,2800.0,708063
2025-10-06,2807.39990234375,2814.10009765625,2765.10009765625,2765.10009765625,298274
2025-10-07,2808.0,2825.0,2790.300048828125,2800.0,245369
2025-10-08,2778.199951171875,2823.39990234375,2764.699951171875,2819.0,339604
2025-10-09,2810.60009765625,2817.300048828125,2778.199951171875,2781.39990234375,404859
2025-10-10,2811.0,2832.800048828125,2788.300048828125,2810.60009765625,582587
2025-10-13,2798.0,2812.0,2778.5,2791.10009765625,280622
2025-10-14,2775.800048828125,2808.0,2757.89990234375,2798.0,316183
2025-10-15,2816.800048828125,2824.89990234375,2774.199951171875,2780.0,459912
2025-10-16,2859.800048828125,2875.0,2817.10009765625,2825.699951171875,517682
2025-10-17,2836.199951171875,2886.0,2826.300048828125,2862.0,334522
2025-10-20,2854.0,2874.0,2838.0,2849.0,374581
2025-10-21,2870.699951171875,2875.89990234375,2861.5,2875.89990234375,48792
2025-10-23,2864.60009765625,2914.5,2856.0,2884.0,511585
2025-10-24,2841.300048828125,2877.0,2823.0,2864.60009765625,456226
2025-10-27,2923.89990234375,2934.0,2847.60009765625,2859.0,764132
2025-10-28,2932.89990234375,2959.60009765625,2914.10009765625,2932.699951171875,1056504
2025-10-29,2958.699951171875,2977.800048828125,2940.0,2945.89990234375,711559
2025-10-30,2950.39990234375,2965.89990234375,2922.60009765625,2960.0,446894
2025-10-31,2891.699951171875,2954.39990234375,2880.0,2950.39990234375,576935
2025-11-03,2899.89990234375,2919.89990234375,2872.5,2896.0,297012
2025-11-04,2882.0,2909.89990234375,2872.0,2908.89990234375,229856
2025-11-06,2700.10009765625,2800.0,2692.0,2797.10009765625,1986853
2025-11-07,2724.60009765625,2738.0,2675.699951171875,2700.0,1101889
2025-11-10,2762.89990234375,2789.0,2728.699951171875,2738.0,489522
2025-11-11,2775.800048828125,2780.10009765625,2737.5,2775.0,399693
2025-11-12,2767.39990234375,2793.699951171875,2755.0,2788.39990234375,531304
2025-11-13,2777.800048828125,2785.0,2746.199951171875,2766.60009765625,687031
2025-11-14,2783.39990234375,2790.0,2761.0,2777.199951171875,510972
2025-11-17,2790.300048828125,2799.0,2771.10009765625,2790.0,459047
2025-11-18,2762.0,2790.300048828125,2750.0,2788.0,437943
2025-11-19,2744.699951171875,2774.0,2739.10009765625,2770.0,468941
2025-11-20,2748.60009765625,2764.300048828125,2745.0,2760.0,519341
2025-11-21,2734.800048828125,2756.89990234375,2723.0,2750.0,471626
2025-11-24,2688.699951171875,2740.300048828125,2679.39990234375,2734.89990234375,917195
2025-11-25,2686.800048828125,2712.0,2680.0,2688.10009765625,558631
2025-11-26,2744.0,2746.60009765625,2686.800048828125,2686.800048828125,444974
2025-11-27,2740.0,2748.5,2712.0,2748.0,399328
2025-11-28,2739.39990234375,2748.0,2727.5,2747.199951171875,297155
2025-12-01,2731.5,2753.10009765625,2700.0,2750.0,288096
2025-12-02,2735.0,2741.10009765625,2717.10009765625,2717.10009765625,388195
2025-12-03,2720.300048828125,2744.0,2707.199951171875,2744.0,435124
2025-12-04,2730.39990234375,2742.5,2710.0,2720.300048828125,276879
2025-12-05,2747.0,2750.39990234375,2716.89990234375,2730.5,173909
2025-12-08,2744.199951171875,2769.89990234375,2730.0,2747.0,715725
2025-12-09,2746.0,2779.60009765625,2726.5,2740.0,419760
2025-12-10,2746.800048828125,2779.800048828125,2740.89990234375,2770.89990234375,344470
2025-12-11,2797.800048828125,2802.699951171875,2742.699951171875,2757.0,453706
2025-12-12,2836.699951171875,2845.199951171875,2796.60009765625,2814.0,927504
2025-12-15,2821.0,2849.89990234375,2817.0,2836.699951171875,736238
2025-12-16,2799.10009765625,2832.699951171875,2786.199951171875,2822.0,545921
2025-12-17,2806.60009765625,2814.89990234375,2780.0,2785.199951171875,420053
2025-12-18,2807.60009765625,2820.0,2786.89990234375,2810.0,252763
2025-12-19,2812.5,2831.10009765625,2790.10009765625,2800.0,546550
2025-12-22,2809.699951171875,2858.0,2798.10009765625,2812.699951171875,796031
2025-12-23,2829.800048828125,2842.699951171875,2811.0,2811.0,399009
2025-12-24,2826.89990234375,2862.89990234375,2820.0,2830.800048828125,444617
2025-12-26,2817.699951171875,2840.39990234375,2809.300048828125,2828.0,506240
2025-12-29,2842.39990234375,2850.0,2812.5,2821.0,607462
2025-12-30,2841.699951171875,2857.10009765625,2827.199951171875,2847.0,729640
2025-12-31,2829.0,2864.0,2803.5,2844.5,327956
2026-01-01,2851.699951171875,2854.89990234375,2822.300048828125,2833.0,449775
2026-01-02,2856.39990234375,2882.0,2845.10009765625,2856.89990234375,698682
2026-01-05,2848.89990234375,2893.0,2842.5,2871.0,861522
2026-01-06,2865.300048828125,2880.0,2845.5,2860.0,720656
2026-01-07,2837.10009765625,2880.0,2829.10009765625,2880.0,287536
2026-01-08,2792.0,2831.89990234375,2787.10009765625,2821.0,437229
2026-01-09,2776.89990234375,2807.89990234375,2766.699951171875,2799.800048828125,556140
2026-01-12,2806.699951171875,2821.60009765625,2738.300048828125,2763.0,476367
2026-01-13,2774.199951171875,2814.800048828125,2759.10009765625,2799.0,875758
2026-01-14,2795.800048828125,2821.10009765625,2755.10009765625,2774.0,452326
2026-01-15,2795.800048828125,2795.800048828125,2795.800048828125,2795.800048828125,0
2026-01-16,2809.60009765625,2827.300048828125,2791.0,2810.800048828125,678922
2026-01-19,2780.0,2821.60009765625,2768.800048828125,2796.0,586951
2026-01-20,2713.60009765625,2790.800048828125,2706.0,2783.0,411054
2026-01-21,2735.60009765625,2752.0,2708.300048828125,2718.89990234375,939481
2026-01-22,2787.60009765625,2799.0,2742.5,2742.5,870158
2026-01-23,2759.0,2805.0,2752.5,2789.89990234375,606097
2026-01-27,2856.199951171875,2866.89990234375,2773.0,2798.0,1521231
2026-01-28,2839.10009765625,2891.199951171875,2831.10009765625,2870.10009765625,508906
2026-01-29,2831.699951171875,2852.89990234375,2808.699951171875,2826.60009765625,680590
2026-01-30,2819.0,2839.60009765625,2807.89990234375,2837.5,1083570
2026-02-02,2774.60009765625,2781.89990234375,2713.0,2740.0,929579
2026-02-03,2808.89990234375,2869.0,2801.10009765625,2869.0,1232908
2026-02-04,2844.89990234375,2863.800048828125,2808.89990234375,2808.89990234375,566105
2026-02-05,2863.89990234375,2877.300048828125,2825.0,2830.10009765625,762775
2026-02-06,2836.89990234375,2879.0,2820.699951171875,2864.0,361882
2026-02-09,2926.300048828125,2939.800048828125,2846.5,2859.89990234375,681768
2026-02-10,2953.89990234375,2962.0,2919.199951171875,2943.0,624992
2026-02-11,2932.60009765625,2979.0,2894.89990234375,2979.0,1015218
2026-02-12,2925.5,2940.5,2907.60009765625,2940.39990234375,420088
2026-02-13,2888.0,2934.0,2877.39990234375,2929.300048828125,419620
2026-02-16,2912.699951171875,2918.0,2861.300048828125,2870.0,285131
2026-02-17,2900.39990234375,2917.0,2880.199951171875,2902.10009765625,458126
2026-02-18,2933.800048828125,2938.89990234375,2900.0,2900.0,350421
2026-02-19,2864.300048828125,2960.0,2846.89990234375,2928.10009765625,388104
2026-02-20,2832.800048828125,2890.0,2822.699951171875,2864.89990234375,597887
2026-02-23,2873.39990234375,2883.699951171875,2839.699951171875,2844.0,593878
2026-02-24,2879.300048828125,2886.699951171875,2847.39990234375,2850.199951171875,593814
2026-02-25,2878.39990234375,2910.699951171875,2867.10009765625,2892.0,595400
2026-02-26,2863.5,2889.89990234375,2846.60009765625,2881.5,662746
2026-02-27,2799.800048828125,2864.60009765625,2784.0,2845.0,1153378
2026-03-02,2777.300048828125,2786.300048828125,2696.39990234375,2729.800048828125,900872
2026-03-04,2683.199951171875,2742.199951171875,2645.0,2727.0,928520
2026-03-05,2724.10009765625,2731.89990234375,2656.800048828125,2685.0,1101224
2026-03-06,2718.39990234375,2759.39990234375,2687.199951171875,2701.5,1457401
2026-03-09,2681.199951171875,2692.800048828125,2631.0,2659.0,1019315
2026-03-10,2743.89990234375,2753.0,2694.199951171875,2701.0,1035360
2026-03-11,2735.60009765625,2762.800048828125,2714.800048828125,2726.60009765625,1492588
2026-03-12,2673.10009765625,2727.39990234375,2660.60009765625,2711.199951171875,952036
2026-03-13,2568.60009765625,2664.0,2563.10009765625,2655.0,1309585
2026-03-16,2654.39990234375,2661.39990234375,2565.0,2570.0,1531881
2026-03-17,2683.300048828125,2699.0,2650.0,2655.10009765625,603520
2026-03-18,2723.10009765625,2732.89990234375,2686.699951171875,2699.0,933801
2026-03-19,2607.89990234375,2700.0,2600.10009765625,2700.0,1270396
2026-03-20,2616.300048828125,2662.699951171875,2608.300048828125,2622.10009765625,1510096
2026-03-23,2531.10009765625,2598.0,2502.5,2591.0,1936926
2026-03-24,2549.39990234375,2600.699951171875,2523.0,2565.5,2303237
2026-03-25,2647.800048828125,2668.39990234375,2561.800048828125,2561.800048828125,1656810
2026-03-27,2628.199951171875,2655.0,2604.60009765625,2651.0,2406056
