Date,Close,High,Low,Open,Volume
,HCLTECH.NS,HCLTECH.NS,HCLTECH.NS,HCLTECH.NS,HCLTECH.NS
2020-01-01,459.32275390625,460.0856915998682,455.2270063482002,457.27490463534247,918373
2020-01-02,460.607666015625,461.7721447055207,458.1582757469557,459.8045840248328,1075642
2020-01-03,469.84320068359375,472.61384389626,460.0455886789271,460.96915275523065,3269446
2020-01-06,467.3937683105469,475.5852152903715,465.34591881965076,469.8030145389518,3589985
2020-01-07,469.2005920410156,472.01137864288734,465.0245564292748,467.3936577969552,3179728
2020-01-08,470.4051513671875,476.2274942564954,464.18126758896176,468.19667647813964,3593096
2020-01-09,466.0284118652344,472.33263412366637,465.18518568234896,470.6059884503349,2313648
2020-01-10,466.06854248046875,473.65767593620285,463.69949018288537,467.39364716914025,2049636
2020-01-13,471.0075378417969,473.81832451263455,466.59058735905194,468.95968878486104,4096054
2020-01-14,477.2716369628906,479.7612206465264,471.52962990220044,471.5697742001449,3395378
2020-01-15,478.4361267089844,480.4839761136393,475.18365424085744,479.4399792618778,2348102
2020-01-16,476.4282531738281,480.48380625052977,471.208221744195,479.4398097678473,2107442
2020-01-17,480.88555908203125,483.45543164485366,469.8030357346169,469.8030357346169,4555694
2020-01-20,473.216064453125,496.30467175567463,469.08017258200044,496.30467175567463,10272118
2020-01-21,469.04010009765625,476.4284653689097,467.67485069705896,473.2562812071156,2640668
2020-01-22,474.3403015136719,477.83368786044736,466.9920831778994,469.9634957459909,4402650
2020-01-23,481.00604248046875,481.8091245952984,471.4092014050059,473.8987363544809,6089397
2020-01-24,489.66790771484375,490.7154020209998,479.83747438999245,482.6576778498832,3551260
2020-01-27,486.9685974121094,489.90968674981093,484.8736085554255,489.66796483257065,2450421
2020-01-28,484.63201904296875,489.3860486490313,477.5009008631781,489.345769848562,5330709
2020-01-29,490.5945739746094,492.729890802352,485.2362162811865,487.4923694773883,4281329
2020-01-30,489.7887878417969,494.6234227765404,486.40458273183623,493.1327633438411,3334901
2020-01-31,476.53387451171875,490.63489321258436,475.0834446724124,489.78879274617225,3590768
2020-02-03,466.6228332519531,478.3468624254381,465.33361692917794,476.5338743075322,4024193
2020-02-04,472.5855712890625,474.80144566424565,469.36248128879606,469.76536753882937,3246094
2020-02-05,479.9180908203125,482.2548507887124,472.1826943394912,474.92234056585994,3006324
2020-02-06,483.2218322753906,493.93859789109644,481.85200903568625,482.6175028326201,4704968
2020-02-07,489.66790771484375,490.8765663405112,482.7785633846281,484.7929944274073,2865379
2020-02-10,487.4119567871094,492.77031607336494,484.7931953461712,490.635047791341,2286213
2020-02-11,492.04510498046875,494.54298060748295,488.0565203924302,488.2982423594862,2458748
2020-02-12,494.8249206542969,499.9818848275203,491.7629946928946,493.93859049036246,4873027
2020-02-13,493.49542236328125,494.7040812232548,486.7269130752475,493.13281486919817,2090363
2020-02-14,500.908447265625,502.1976634723971,493.3341668046131,493.49533112557106,3650630
2020-02-17,494.3010559082031,502.3990581562697,493.4146768185882,501.9961719829286,2190578
2020-02-18,489.14422607421875,496.194736022683,487.61328770796774,494.30119016584865,5237465
2020-02-19,488.0968322753906,498.16899142263355,486.68672999477667,495.1070648779646,3799862
2020-02-20,489.9500732421875,493.8983790866995,487.6133619545975,492.3271125085585,4820313
2020-02-24,479.5555114746094,490.71544065811923,476.6144222484032,489.909668177564,4070143
2020-02-25,469.3222351074219,479.99872147508455,463.31921972875847,479.8375571277838,5525575
2020-02-26,470.2488098144531,474.64027976141045,463.7220722576378,464.8501734261875,5460070
2020-02-27,461.7480163574219,469.28202029185536,457.67887423072324,469.0402491477172,4078174
2020-02-28,430.56451416015625,454.4556883717371,428.02636030252046,451.23259838328505,7894806
2020-03-02,442.9331359863281,455.9463318506738,433.38470272168223,435.9631844582281,8175982
2020-03-03,455.3017883300781,458.2831567241992,447.2037837044933,448.00955628774466,4682284
2020-03-04,453.73052978515625,463.6415720745138,452.0384270033157,458.4846077805466,5175180
2020-03-05,464.4473571777344,468.87910658141334,453.77086997796243,457.6788475072053,6061347
2020-03-06,456.2284240722656,462.47316128584805,450.87001698455884,459.29034990218963,3288548
2020-03-09,435.4798278808594,449.6211277065045,432.25673735966575,447.2038098156093,3699776
2020-03-11,432.5386962890625,437.25249522884013,414.1670919305677,424.4406919735925,4850031
2020-03-12,397.5279541015625,425.28680799923757,391.887545376956,419.80756364571204,5321388
2020-03-13,397.165283203125,416.78584962604043,319.0456495836609,370.6553713445696,6859998
2020-03-16,363.1617126464844,386.60967511715205,360.059483286859,377.90734106517516,5281571
2020-03-17,363.1213684082031,385.64271938368876,357.2392390558284,362.5976212067273,5148153
2020-03-18,349.9067077636719,374.52304777716193,345.71668093190857,366.62648712140634,4936397
2020-03-19,333.1466979980469,350.18878391232755,302.3661742236637,337.5381440021214,9270044
2020-03-20,358.4882507324219,372.22668930953245,331.8574742137196,333.1869941817678,11916337
2020-03-23,336.12799072265625,357.76298708970717,322.67160483625497,334.39558477979386,9525470
2020-03-24,356.1917724609375,369.72876706484294,331.85745438989585,332.7840879734712,9915953
2020-03-25,368.7216491699219,377.1016816212356,336.61159721639143,348.09385995806366,11976272
2020-03-26,360.74432373046875,376.09427855751994,355.4262208188952,371.5416692841344,9504717
2020-03-27,347.0059509277344,368.60067046920824,338.8273642938591,362.7990981529371,9150873
2020-03-30,337.61865234375,353.45207587094325,330.36670038409903,330.36670038409903,6325701
2020-03-31,351.6391296386719,362.1141726020938,342.6950495749356,349.06067227873456,6381806
2020-04-01,333.22723388671875,349.0606844358276,328.916370343045,348.89952008699447,8136746
2020-04-03,326.98248291015625,345.35411135235114,321.74496146399906,337.5381079735338,8166356
2020-04-07,363.5242919921875,369.0035602517869,342.45334409143084,342.45334409143084,5972948
2020-04-08,373.15325927734375,384.1923280574825,361.7918618167244,363.4034068582243,7991061
2020-04-09,377.9476013183594,387.5765930397408,372.26691472839974,387.3348711130208,5069225
2020-04-13,369.24530029296875,379.51890111945073,365.82076668414146,378.713128505609,2236731
2020-04-15,385.7635803222656,388.3823409197536,372.83094166922274,378.7130710213365,6333188
2020-04-16,370.4539489746094,383.54775358763254,367.9963524064101,381.13043581292055,10484842
2020-04-17,366.8279724121094,382.7419810999494,365.5387313472008,378.71311814100255,4706460
2020-04-20,378.7131042480469,381.6138903901199,365.41785697125374,369.0438335012882,4800719
2020-04-21,367.1905822753906,374.6439787973645,360.86526247112926,369.0438494123307,3405204
2020-04-22,372.5892333984375,378.2699448007816,362.5976583962313,365.0149761188728,3768051
2020-04-23,384.9175109863281,387.37510713413695,372.5891776900154,374.6841909877768,3052968
2020-04-24,377.18212890625,400.3883680999828,374.8050900896741,386.77081716372203,6738184
2020-04-27,389.2687683105469,391.36378209802047,376.4972670154131,381.21104188967126,2914569
2020-04-28,379.5994873046875,394.02281232661386,378.26996739586434,394.02281232661386,4262237
2020-04-29,396.2386474609375,403.6920434731666,378.8742590198889,382.5807930402757,3849090
2020-04-30,437.9776916503906,455.66441024856147,403.6920769841367,408.12382633226593,8035267
2020-05-04,414.3684997558594,425.04498516522284,409.4935860654098,425.04498516522284,7032527
2020-05-05,419.3240661621094,426.97890559649505,415.49664644491656,423.8363728933548,4592828
2020-05-06,418.2764587402344,424.40035886290144,407.8820236530103,412.7166583485882,6921533
2020-05-07,412.3541259765625,436.5675826487188,408.96987123748823,427.0594758526197,19998641
2020-05-08,417.7125549316406,421.01620307304466,404.8201681420453,419.6866585490515,10120968
2020-05-11,425.0853576660156,431.00781623531066,419.968720938544,423.83641987699485,4425540
2020-05-12,424.96441650390625,435.11712986183653,419.0016806076944,423.3931503655378,6439945
2020-05-13,426.05218505859375,434.9962396259426,420.2506135536213,434.9962396259426,3502017
2020-05-14,416.947021484375,425.08530467748983,414.44909703724915,418.5182878142607,3741672
2020-05-15,411.951171875,417.3498572153684,407.1165370950489,417.3498572153684,4895121
2020-05-18,411.54833984375,417.91396281454297,408.92957899305554,414.7311513291465,5159655
2020-05-19,417.5916748046875,419.40466326259497,407.88212423287496,412.55559575494453,3966934
2020-05-20,424.4407043457031,425.9716919120604,414.9728765790927,415.0131553717958,3138708
2020-05-21,430.9674377441406,433.10275471865623,421.7413811972882,426.89829611729346,4523685
2020-05-22,427.3818664550781,431.08840126102496,421.4191287093758,430.00062777114977,6410434
2020-05-26,422.2248229980469,432.296980035214,419.2031758868967,427.05945837588706,4055691
2020-05-27,427.824951171875,430.2019900633205,415.7786415467834,426.81773547045356,4828798
2020-05-28,437.25250244140625,439.9518208642708,421.41905185350487,427.86523237898865,4492767
2020-05-29,443.3763427734375,447.20376236121365,432.45813462755615,435.11717418928896,7853755
2020-06-01,451.0310974121094,462.02991025923166,447.6065647385918,448.81522332924504,4503261
2020-06-02,451.3937683105469,457.47734090302174,443.17487890209065,450.66855338198127,2930058
2020-06-03,453.48870849609375,458.0010635599052,448.81523829251216,454.4556452369423,4202273
2020-06-04,466.5020751953125,470.3294951978279,450.42690134865603,455.2615371413071,5315353
2020-06-05,464.0845031738281,473.10916154777834,461.3045792792034,471.3767316652122,3995824
2020-06-08,465.93792724609375,470.1682326815317,460.13635566997493,466.6631421357767,3771973
2020-06-09,461.5867614746094,470.24881593446446,459.29032949929325,462.63430507923164,3812291
2020-06-10,466.3005676269531,473.3913559739621,462.19109826256766,463.3191994638778,6491708
2020-06-11,465.7767639160156,471.2963348137871,462.5939528407238,467.34803006006587,4975680
2020-06-12,459.8947448730469,466.3006473446899,447.3649898685329,447.3649898685329,6624056
2020-06-15,466.5020751953125,468.1538992550432,454.2140425556577,463.15809909987877,3787100
2020-06-16,468.07330322265625,478.2260178812301,466.0588718078238,471.3769510707997,4728405
2020-06-17,464.00408935546875,468.8387245107451,461.70765732889333,467.3480650100491,3572351
2020-06-18,466.5020751953125,470.41005278885535,459.3709578928771,460.2573372964716,1918229
2020-06-19,458.96807861328125,465.73658849894446,457.0342537748484,462.5134979210971,6182627
2020-06-22,458.96807861328125,464.6488151011047,455.58387285090896,463.3192705655589,2666273
2020-06-23,467.5494384765625,470.1681987954747,454.2541937805465,459.0485494312594,4521803
2020-06-24,450.9103088378906,467.1869245279906,446.72033083369746,463.31922604233677,5339893
2020-06-25,443.2152099609375,451.79670784571607,441.56338596267943,449.2987832708649,6353371
2020-06-26,453.16650390625,462.4328882744786,439.14604179866166,443.2151833590539,7034875
2020-06-29,446.1563415527344,455.9867780584005,443.41669477591455,452.8442449426637,3857610
2020-06-30,448.6944274902344,451.87723891794144,445.79366596499347,449.6210856004814,3110587
2020-07-01,444.5849914550781,450.91028611533477,443.9806620602593,449.5807909550045,3004648
2020-07-02,458.6458435058594,461.2243260540802,445.51175796455027,447.20386100969864,5243652
2020-07-03,466.66314697265625,467.7911989255295,459.77375299060566,460.90185412392765,3735570
2020-07-06,466.3005676269531,474.6000147551722,465.13218763569296,466.66317509740645,3288417
2020-07-07,477.0575256347656,478.99139901039695,463.4400019812081,468.95952308763975,7255475
2020-07-08,463.2386169433594,479.23318094805035,461.7076295640737,479.23318094805035,4625011
2020-07-09,473.99578857421875,476.69510743450064,463.3193003487901,463.84307227354327,4807930
2020-07-10,469.1610107421875,474.23736735981333,467.2271371828788,473.99564546001164,2376881
2020-07-13,485.5585632324219,487.4924372009393,470.0474402305738,471.3769847314868,5443990
2020-07-14,476.4935302734375,494.54285326646215,473.8747697469756,487.1700154967053,6212718
2020-07-15,495.7112731933594,505.98487301098805,477.42022681921617,478.34688490632055,9928037
2020-07-16,505.82379150390625,525.5249430401506,489.224894242629,507.63678000392025,20771204
2020-07-17,502.1171875,519.4412974386955,494.2609050859404,507.2338235538983,26830157
2020-07-20,522.6239624023438,525.3636082525255,505.0984125871713,510.0539325519151,10543170
2020-07-21,525.645751953125,533.7034781986267,518.3535195370375,525.3637512067156,8801061
2020-07-22,523.8731079101562,530.1984035385462,518.1923713850184,529.3926308887916,3837958
2020-07-23,527.671875,530.9857665406705,520.1550760726683,525.3683565541486,3172594
2020-07-24,549.5756225585938,553.4956583026684,518.0131238940716,518.093930047312,12365728
2020-07-27,566.6702880859375,569.3375818888911,546.7871391234233,552.8490807988494,11348828
2020-07-28,575.843994140625,578.7537060989323,562.3056591885686,567.3976797817076,8469603
2020-07-29,561.2550659179688,574.4700807546772,559.719354094427,573.8638865083656,7142681
2020-07-30,562.103759765625,575.9249696297992,559.8406443179298,564.1648104531293,7966760
2020-07-31,569.9841918945312,579.2791693382678,562.5482000731002,567.2764949529002,6322671
2020-08-03,570.5904541015625,580.329965239487,566.2258357443128,573.136440366446,5546316
2020-08-04,559.8405151367188,574.6720453795248,555.3142359535342,573.4596570981333,6683186
2020-08-05,556.4053955078125,567.7210190709285,550.4242604629983,559.8404955180441,6052220
2020-08-06,569.7417602539062,571.9240199786698,554.7889695039574,559.3151999440302,5132907
2020-08-07,557.9412841796875,565.700601657977,553.6575205296257,565.700601657977,7371589
2020-08-10,559.3556518554688,561.6996227753989,553.738241730421,561.6996227753989,3769570
2020-08-11,552.6873779296875,566.5490365931096,550.8283924876592,560.9316278597734,3956468
2020-08-12,579.6023559570312,581.1380673839724,547.2316014302475,550.1009102553414,13085350
2020-08-13,585.6644897460938,589.2208493102083,576.3291075555649,579.5217406795877,8850347
2020-08-14,573.136474609375,588.3317842678363,571.6412150945774,588.3317842678363,3887203
2020-08-17,581.0170288085938,582.5931439051357,573.2577612548458,574.75302084282,3344102
2020-08-18,577.4606323242188,583.3205098703296,575.8037112983127,581.0977976976669,3634301
2020-08-19,573.7424926757812,577.2584480748882,569.8224572066026,576.9351248201879,4858027
2020-08-20,573.944580078125,578.5920683881001,570.6711416566703,572.6513856725788,3025569
2020-08-21,570.5499267578125,577.9050623641106,567.9634886402316,577.9050623641106,4164686
2020-08-24,570.388427734375,572.6111401463586,562.2249816401227,570.671298672104,4066936
2020-08-25,567.0744018554688,575.1165874556673,561.4974452675639,569.8225017385798,3982510
2020-08-26,576.1270141601562,580.127906137895,563.3565316309479,569.58013589274,4511228
2020-08-27,573.985107421875,581.9464382680748,571.0349425505484,576.7331582254811,3917059
2020-08-28,570.9945068359375,579.2387574399952,568.3676654244422,576.8543838308117,5416681
2020-08-31,561.2550659179688,585.9877714345986,554.4656706263926,569.8225915329546,7786675
2020-09-01,557.3753051757812,569.0142528069889,551.5558806923846,561.7399228705359,6377322
2020-09-02,567.3572998046875,569.6608177544384,556.9711441626175,557.6177906971902,4090511
2020-09-03,571.237060546875,579.0367797976633,563.8414708047862,569.6609455965034,5467610
2020-09-04,566.4279174804688,569.4184857532813,559.3556509789198,561.8612835673697,3354824
2020-09-07,572.89404296875,575.8038053420761,556.9309256669793,562.8312072589111,4238823
2020-09-08,586.7150268554688,597.2223902562039,568.3675439738994,572.8937730905678,11522742
2020-09-09,583.5224609375,590.7563871930063,574.0254198680562,575.5610820161338,5514179
2020-09-10,583.88623046875,589.1803162284438,576.9351745511419,588.9378484326193,3366359
2020-09-11,583.2799682617188,593.261944460843,573.9849922926455,575.4802513026161,7221661
2020-09-14,644.31103515625,668.7477340886187,603.1373862246134,603.8262957676329,32312474
2020-09-15,642.4874267578125,656.3875600624989,634.6660324617799,641.1500735049382,14024028
2020-09-16,639.6912231445312,645.4052748574717,631.5861712199886,640.3396174046325,7471292
2020-09-17,655.1311645507812,662.5878202505182,639.8936808413262,644.3109428701893,19972637
2020-09-18,656.9955444335938,667.856334713012,651.6462295015311,655.1313922281365,8847382
2020-09-21,650.5114135742188,688.848346743012,643.0953211336238,667.045738421229,24911507
2020-09-22,665.4247436523438,673.9350479256076,640.7448513660167,659.7106921055856,21882919
2020-09-23,659.8323974609375,684.7149220452993,656.630940846575,674.3404632734188,18070370
2020-09-24,638.921142578125,657.6843549064104,635.4359806393973,657.3196177277438,10553627
2020-09-25,670.8551635742188,677.58234683675,642.4064013878832,644.5542599544564,19813100
2020-09-28,676.9744262695312,684.6742251914834,665.2626169628055,679.527537278744,11145837
2020-09-29,658.738037109375,681.7158375025822,656.6712589446341,678.7170081302519,10554255
2020-09-30,657.8060913085938,665.0196083717736,654.158817405275,662.9933450921521,9470272
2020-10-01,658.9002685546875,665.3843107089241,657.4818843334483,664.5332900700437,4321350
2020-10-05,668.0184326171875,680.1760112884443,660.6428052083699,671.746736955314,11889998
2020-10-06,672.0302734375,676.3664556120616,666.8025060377106,672.7191829335064,7848500
2020-10-07,671.1387329101562,673.2055110051247,667.0456920810412,672.7192277366515,6980002
2020-10-08,688.564697265625,712.4340858021181,684.4716558132978,695.0082236351722,25860257
2020-10-09,693.5899658203125,699.0608770318662,688.3621963242969,691.2800453187184,7286954
2020-10-12,701.7354125976562,706.7200395098015,694.7245720961167,697.6828864802416,8717550
2020-10-13,729.7787475585938,734.8038391606068,699.7089813151524,702.1404964010171,18948618
2020-10-14,721.7142944335938,738.1270231235028,714.8655162715975,732.696628922363,15441198
2020-10-15,697.0343627929688,732.4534443775884,675.5154629982791,729.4140503537819,15648823
2020-10-16,670.409423828125,710.8130899394673,665.1005749720543,696.2239957331841,28982990
2020-10-19,684.6741943359375,698.4122658977409,675.1507592563905,680.6621841319692,15671485
2020-10-20,712.9608764648438,718.1075643903014,683.7421261712587,686.4573481109788,21563969
2020-10-21,705.9904174804688,722.6868512765227,697.0343465265177,714.0549526626303,11161929
2020-10-22,705.3392333984375,714.9066053954725,693.3698304073205,699.3545567516469,9607794
2020-10-23,694.1024780273438,712.8300946218892,692.5960964392692,709.2066979934401,5447267
2020-10-26,690.3162841796875,700.9829139663108,685.6343796135335,694.5503643355407,6612856
2020-10-27,689.8684692382812,698.1737708700033,682.9066905534287,691.2526944598228,5807904
2020-10-28,675.4970703125,693.7361630221409,668.9831157301325,693.7361630221409,6853002
2020-10-29,684.005859375,686.0007676893879,666.8253259029757,671.7514935830801,6690978
2020-10-30,685.5530395507812,700.0058767449141,678.2655426880362,686.2451273683893,8727274
2020-11-02,669.634521484375,687.1000216818919,667.0289298265607,685.5529873551624,5953172
2020-11-03,662.8355712890625,677.4512666079096,661.4513460211512,674.1942893646022,7011687
2020-11-04,663.7313232421875,685.3902037734798,660.0264715718722,661.3292923925155,10077502
2020-11-05,686.3265991210938,693.0033631948214,675.8635291515947,679.079804351519,8903859
2020-11-06,692.1890869140625,696.8302895470405,681.0339793211101,688.8507050311035,5871913
2020-11-09,696.178955078125,710.6724953145138,689.7464045030681,705.7870289630883,7505062
2020-11-10,659.293701171875,690.886373978837,656.0774258496734,690.886373978837,10397497
2020-11-11,672.6066284179688,675.0086595222418,655.751758101971,661.9807481201238,9779484
2020-11-12,671.5073852539062,681.5225817123222,669.3089153733916,673.502294028772,4699639
2020-11-13,674.2757568359375,677.0035053502613,666.1740649452337,670.0417257825674,3918289
2020-11-14,676.2297973632812,679.0796520180331,675.0084310826733,679.0796520180331,475390
2020-11-17,663.609130859375,682.2960482261481,662.7948865270322,682.2960482261481,5977903
2020-11-18,663.0391235351562,667.5989214335676,651.5990010599265,666.8660816845733,5816221
2020-11-19,655.1002807617188,668.0467857841647,653.8382119608274,663.6091441445508,7170339
2020-11-20,667.0697631835938,670.530302083234,654.6525353672375,662.7542775541381,7455575
2020-11-23,683.3137817382812,685.59365568943,664.6268663378827,671.7515034961755,7116516
2020-11-24,684.3723754882812,698.1331248684858,680.1789972109765,687.1408261545157,8465615
2020-11-25,671.5073852539062,688.8507815156805,669.7160375846894,684.372437191406,5610232
2020-11-26,685.6343994140625,688.0364300264414,667.3546050318427,671.0187043633443,8414555
2020-11-27,669.3903198242188,690.3164114209125,663.0799255501645,685.5938037101596,11723771
2020-12-01,679.1611328125,680.4639534766058,663.6904915211215,670.9372854787254,8078785
2020-12-02,686.530029296875,690.0312694795276,676.8812055370677,680.8303197956889,7062229
2020-12-03,702.0414428710938,703.5070726663097,686.6522057775071,690.8862860617636,9633229
2020-12-04,699.0286865234375,706.6418503590393,695.7310072603567,705.1355183800779,5577388
2020-12-07,696.423095703125,700.2093513371194,692.4333287045596,698.6215651132661,5314265
2020-12-08,703.34423828125,713.0337656316985,696.9931424831756,699.435875459168,8722526
2020-12-09,708.8404541015625,716.5350736386664,703.588567770045,705.2170565737691,5952003
2020-12-10,705.746337890625,714.7437286245433,704.321410182164,708.8404566894906,4641898
2020-12-11,702.082275390625,718.0007444118444,696.3418619708933,709.2069143116664,5637035
2020-12-14,710.8353271484375,712.9930945840864,698.7030662906027,705.2170211785609,5143894
2020-12-15,721.4205322265625,723.8632654056593,708.3926219380468,712.219580524805,7527270
2020-12-16,720.6469116210938,726.3059194757976,715.2729190914276,721.6240147258135,4378179
2020-12-17,716.0057983398438,722.2347879230417,714.0923438652848,722.2347879230417,4863371
2020-12-18,725.2067260742188,736.8911122288916,721.9497487825994,728.5451079191168,11568187
2020-12-21,708.759033203125,741.3695108065076,692.1077256293592,721.9498021487442,8875855
2020-12-22,744.0564575195312,748.4940990498139,710.0210545242728,715.8429213526523,10251896
2020-12-23,751.2218017578125,761.3184513661727,744.8707058998253,749.1047863709935,10723068
2020-12-24,748.5755004882812,755.8222948615215,741.532316893869,755.5780315034691,4390561
2020-12-28,750.5704345703125,755.2116373213896,743.8122163806894,753.1760264391216,3884750
2020-12-29,762.0513305664062,769.4609345011075,753.379608092222,756.4330244989724,6760167
2020-12-30,765.9596557617188,773.5321181366025,758.0614757738705,763.761186118035,6382809
2020-12-31,770.3972778320312,773.4099420368323,761.318433848833,764.6161133821483,3468390
2021-01-01,773.9391479492188,778.0103691377997,767.0180719286313,767.0180719286313,3142822
2021-01-04,798.2852172851562,801.7864582114661,775.6899355348294,780.8603675158008,5259092
2021-01-05,807.2011108398438,810.8245081114717,787.537139743589,787.537139743589,7150252
2021-01-06,796.493896484375,812.6159259576552,786.6415092469285,812.5345213951905,5995748
2021-01-07,783.7508544921875,804.6362410250591,781.1860147216344,804.4733822227552,5261000
2021-01-08,809.8880615234375,817.0941032425305,789.8169209220275,793.8067376180663,8034775
2021-01-11,859.1092529296875,862.3255779705717,820.7583612844005,826.4580721266533,13384331
2021-01-12,864.8088989257812,867.2109793805135,845.7555613742031,856.585050920481,6700542
2021-01-13,859.8013305664062,868.7987709040867,847.6284165990199,866.3560377150405,6691409
2021-01-14,836.798828125,854.1422714890441,819.61829325814,854.1422714890441,15021108
2021-01-15,805.9391479492188,857.2772506636658,801.2165400712331,853.0432192749777,23769415
2021-01-18,799.1808471679688,818.2748875365011,795.4353429542942,814.2443679755158,12947569
2021-01-19,801.0942993164062,811.8016326043938,797.4301996707495,804.4734333130802,6387923
2021-01-20,813.6337280273438,822.1018897842506,804.1070584752074,807.5268949423249,7444118
2021-01-21,812.0394287109375,833.8671372840013,803.5781497768149,824.8744524701542,8857975
2021-01-22,805.9080810546875,820.7868973405128,802.311036940958,810.731450310715,5379466
2021-01-25,774.5972290039062,815.0643137909177,769.2833693854097,815.0643137909177,7731883
2021-01-27,781.137451171875,787.4732075785543,770.5097307477679,778.3578735635831,7531736
2021-01-28,763.5198974609375,778.6030938251374,760.3724275452706,775.660003128776,6960905
2021-01-29,747.2105102539062,776.2323626762408,743.5316838905118,769.2834684342733,7692663
2021-02-01,758.9418334960938,763.3564449438353,732.7812913400534,751.2980700437854,8651478
2021-02-02,780.4423217773438,787.2685661249234,764.827723185836,774.1882991903452,7690178
2021-02-03,784.7344360351562,795.6891317717841,778.7256573123798,789.7212688088931,6354619
2021-02-04,782.8950805664062,793.3592869246285,776.7637038060489,788.6585647416878,4623148
2021-02-05,773.49365234375,788.0045776461133,768.506769202884,785.4702452605762,4631703
2021-02-08,782.9766845703125,788.4131910365451,769.5693896158934,780.72851345826,6509526
2021-02-09,777.948974609375,802.7197738119913,773.8613905689784,788.9037197965444,7557977
2021-02-10,784.3666381835938,788.9855789569426,773.4936728593694,780.7695436881286,4896963
2021-02-11,793.3182983398438,795.035063608267,779.1343523566488,784.366479675033,3745595
2021-02-12,785.1431884765625,806.4803579161464,782.8541014202128,797.0789143114473,8045740
2021-02-15,780.4423217773438,794.0130787630652,776.7225809500163,792.9911829088013,4643228
2021-02-16,778.5213012695312,786.6556040631482,771.8176529909682,782.3636405179868,3277086
2021-02-17,771.0819091796875,783.5081753803495,769.2833621155851,778.2760475388279,3643176
2021-02-18,775.087646484375,782.1591866571132,767.1168578040438,771.7358476136031,5133094
2021-02-19,776.763671875,783.1811593281232,772.1038157492304,776.6410243859259,5494816
2021-02-22,752.2381591796875,777.8264269349621,748.8863101131346,776.232259077466,5043203
2021-02-23,743.8994140625,760.290615745078,741.1198370137732,755.3855149983356,5916942
2021-02-24,748.845458984375,751.6659021881699,740.2615317798599,750.480492737616,3435827
2021-02-25,759.6774291992188,763.6014995642983,753.87308031517,756.9387680843356,6234947
2021-02-26,743.49072265625,756.2030999241699,739.9344943560827,742.3053132228608,9198218
2021-03-01,760.5767211914062,763.9285699492591,748.559264366154,748.845375282083,5397960
2021-03-02,779.706787109375,783.0995023935839,759.1462159622075,763.4381799279472,6715548
2021-03-03,789.1080932617188,791.3562644675926,774.1884116227378,788.9037140611848,5742015
2021-03-04,783.1810913085938,792.9095611490993,777.7445846511466,778.2759905279553,6268541
2021-03-05,769.6920776367188,794.6263403748175,765.4409802396224,781.6278031196562,5992152
2021-03-08,786.3693237304688,795.4437390266481,771.7357550268816,778.6846468888822,5621823
2021-03-09,795.566650390625,798.6323389937376,775.9053275648432,788.1680819772931,5440319
2021-03-10,808.1152954101562,813.5108859213649,800.9211580961241,805.8262585235,7694950
2021-03-12,800.5533447265625,819.8058558278449,795.9343547419165,808.1153752996753,6447010
2021-03-15,811.2628784179688,812.8979122233335,790.8249558509089,799.1227723720439,5321071
2021-03-16,823.4437866210938,832.8860955649205,809.7095145303215,811.7941723650991,8094575
2021-03-17,807.2570190429688,837.0555180399575,803.3738140269662,827.327047619907,6758901
2021-03-18,774.8015747070312,817.3124498162538,762.2527113404274,813.4292448783921,8269566
2021-03-19,785.1840209960938,792.1737796607056,766.5855137852774,776.6409604516722,9004154
2021-03-22,800.1444702148438,803.1692919846353,772.2262549478052,785.1839245826158,4745254
2021-03-23,801.8613891601562,811.7125072039692,794.4628715844003,804.1504762773735,5158305
2021-03-24,797.6102905273438,805.0496734917939,789.5577200620544,793.8496832870677,3874331
2021-03-25,782.4046020507812,796.67028308183,776.6411174219995,792.9914567361468,4879437
2021-03-26,783.6306762695312,797.0788368814973,779.7474716795957,788.9036693237383,4271178
2021-03-30,814.083251953125,818.1708361162731,788.4541192090934,788.9037434875861,5475000
2021-03-31,803.3330078125,817.5169061757402,800.062940187797,817.5169061757402,4445140
2021-04-01,819.642333984375,828.5532871748611,809.832132261535,810.9766757547728,5269079
2021-04-05,844.9036865234375,850.2175461871069,819.6423952403164,823.2394894330929,9452833
2021-04-06,840.7344970703125,850.7081644850061,834.0717136064833,849.4001572527676,4260257
2021-04-07,847.9282836914062,854.304953887031,837.7093249128533,842.8597200550516,3551106
2021-04-08,848.1737670898438,861.9898223873721,843.3913132776912,853.4876268354668,4852068
2021-04-09,854.6319580078125,862.3166347657017,845.4348953494518,851.9341130435533,3708082
2021-04-12,825.2015991210938,852.6292319141614,818.4979503967116,852.6292319141614,5976427
2021-04-13,803.9459838867188,834.5210800932672,794.7897863986315,827.7357011154277,7773994
2021-04-15,810.89501953125,813.1840568335809,783.7943147897798,791.3563459885339,7430279
2021-04-16,827.9400024414062,831.2509349550554,813.0203233058292,817.5166649631263,4677808
2021-04-19,813.1021728515625,840.7750960121363,807.5839345633354,814.2467163072859,6239343
2021-04-20,785.8788452148438,822.421854078292,782.3635331540014,822.421854078292,9742418
2021-04-22,786.3693237304688,794.5444906269399,780.9736836404423,789.7211221991183,4970596
2021-04-23,781.2599487304688,796.9562313495829,776.804472197565,788.086194041528,6023490
2021-04-26,759.3095703125,780.3197614003758,754.6088488582809,768.4657681679971,19619972
2021-04-27,759.3505859375,767.2805101950354,754.895158554748,761.1082673085614,6406825
2021-04-28,755.2219848632812,765.0730519977654,753.5460854582054,761.271628941949,6845677
2021-04-29,756.6778564453125,773.4411762029772,754.6396287393459,773.4411762029772,8588734
2021-04-30,747.8594970703125,761.2118922378314,744.9061714688842,752.892636584959,10921664
2021-05-03,755.1388549804688,757.4266503129235,741.2456877153116,747.6931109249566,6871176
2021-05-04,749.5233154296875,761.211858955577,748.1090318751941,757.052231311011,6217026
2021-05-05,756.5531005859375,757.7177658669845,749.2321152687057,752.0190962723601,2696835
2021-05-06,762.0438842773438,768.6161171271015,749.7729811189477,758.7161817259143,6319104
2021-05-07,762.3766479492188,766.5362759917687,760.1304386508999,763.7077086121509,3651558
2021-05-10,760.3382568359375,766.70245590885,757.2185364737161,763.7491307879534,4029147
2021-05-11,754.80615234375,759.0905898669013,752.9759057092957,755.804473305881,3818154
2021-05-12,753.8077392578125,756.1787576001973,744.5733857342494,753.8493761577109,4076940
2021-05-14,757.3434448242188,758.7161423661568,745.8212956483109,756.2203655820575,5184569
2021-05-17,767.16015625,771.361370067433,757.1354128817195,760.8790778079538,7956551
2021-05-18,775.0219116210938,781.5941445361806,769.1152598442778,772.0269996057218,5913426
2021-05-19,774.8555297851562,782.8419952925474,769.6559947473471,772.0269624139044,4178834
2021-05-20,769.0320434570312,777.6840392142016,767.076987834803,775.3546576940676,4753782
2021-05-21,774.2316284179688,777.5593310262846,767.8673768688799,769.9471909990773,4161547
2021-05-24,776.0202026367188,781.178151599212,771.7774023157136,774.9387094937871,4191877
2021-05-25,782.5092163085938,785.1713884426532,777.9752623099586,780.3462300115698,5032874
2021-05-26,786.835205078125,789.4557909713683,775.8121911197369,782.0100468592287,5017674
2021-05-27,784.0066528320312,796.0695732178117,780.4293323721249,789.4973411107387,9078274
2021-05-28,784.1314086914062,790.1212827433009,779.8470226203112,782.0515948384362,4098094
2021-05-31,786.3359985351562,788.5405706603387,775.8537066920863,783.2994501271555,4171524
2021-06-01,790.9115600585938,791.9930530218758,783.7153843816955,788.6653511184226,2944472
2021-06-02,785.1298217773438,790.9117151235232,780.0134587869976,787.8335801039942,3657189
2021-06-03,781.5525512695312,790.1629613176011,779.5143232997979,786.1697284080138,4164240
2021-06-04,779.1398315429688,785.504082048506,777.6423757701082,782.0931569682473,3550303
2021-06-07,789.99658203125,791.9516377874032,779.5975113390909,781.1781903949841,3282517
2021-06-08,804.6383056640625,808.6315376700561,791.5354798221865,791.9930286644994,6385642
2021-06-09,808.0491943359375,819.4465833665278,802.8912462954476,810.2122310118594,5521459
2021-06-10,805.7615356445312,816.6597915506254,804.0976844323071,814.8711311868007,3878256
2021-06-11,818.0739135742188,823.6062384156717,807.383691295363,811.9592815087834,4777035
2021-06-14,818.7813110351562,822.3169953764885,811.9595099153601,817.7829900069662,2236373
2021-06-15,819.8211059570312,826.1021341834467,817.9492733267062,819.5299015262881,2559001
2021-06-16,814.7879638671875,820.278652590068,810.2955452563145,818.656387492991,3138753
2021-06-17,820.6114501953125,822.7328503666187,814.0808036256831,815.2871059275506,3609989
2021-06-18,811.33544921875,829.1802636660603,807.0510120267777,823.6063519370033,5622783
2021-06-21,816.950927734375,818.1572299927868,799.6884717766477,805.3039694978361,1639495
2021-06-22,815.3701782226562,822.1088053707722,812.1672852955525,817.0340292552719,2529648
2021-06-23,809.3804321289062,819.4467115232289,807.7997531868582,819.4467115232289,2395543
2021-06-24,823.3568725585938,827.4332780082725,806.2191727326508,808.631777564878,4686567
2021-06-25,828.3068237304688,840.2449369296248,822.9824790669618,827.7660517276997,5196000
2021-06-28,819.6962280273438,831.9255436747029,818.7811302399838,831.9255436747029,1844159
2021-06-29,818.2820434570312,826.8509182150491,815.703094270278,821.0690248315799,1895170
2021-06-30,818.1989135742188,824.8127329445235,816.1190993556773,816.1190993556773,2682591
2021-07-01,819.8626708984375,821.942484878393,811.2522613321054,821.1105592864108,2861509
2021-07-02,819.1556396484375,821.6097797786497,812.9993693168316,818.2404909360563,1646631
2021-07-05,815.0792236328125,828.5148443126441,813.623353623772,825.0207461356036,2598033
2021-07-06,808.6732177734375,817.1172823858298,807.1341758222318,815.2870360271622,2486069
2021-07-07,811.4185180664062,813.2903504459096,798.8980494166254,806.9677369413799,3014899
2021-07-08,812.6248779296875,816.9509010027624,806.9677942695312,811.1274220750441,2555624
2021-07-09,812.6665649414062,814.8711882627051,804.1393268814851,808.631745779836,3218471
2021-07-12,814.8295288085938,817.8244406201746,811.1274497798977,815.2870777274869,2037878
2021-07-13,805.262451171875,817.7829221749589,801.9763346659821,817.7829221749589,2997764
2021-07-14,823.1488037109375,826.0605433414843,805.387161498576,805.511970650569,4371180
2021-07-15,864.9944458007812,875.6014947875184,824.2716867904783,826.1019328494116,12701032
2021-07-16,836.0852661132812,872.4820127724415,830.3033727743696,869.2791193771199,8665827
2021-07-19,832.0919799804688,847.1498127530036,825.6861428228741,836.0852126317263,4644600
2021-07-20,812.9575805664062,842.074972056774,806.4269351518317,831.0935456822093,10216774
2021-07-22,814.1223754882812,816.5349800497487,806.9678356069854,806.9678356069854,6156400
2021-07-23,826.9338989257812,835.1699812076537,817.4499284664555,819.1970023809102,5265839
2021-07-26,832.175048828125,835.2531832644199,821.3184314519906,826.9339284510293,2477027
2021-07-27,830.250244140625,838.78710162563,823.4291153507787,836.94581062563,2883514
2021-07-28,822.8013305664062,833.556113896923,817.9470555263939,832.7610052330928,2952249
2021-07-29,843.3065185546875,844.4782630397228,824.8518749556257,824.8518749556257,4732101
2021-07-30,857.8275756835938,878.7512211431306,845.2316024166952,847.8261140204302,9330054
2021-08-02,866.57373046875,869.5867150153437,856.2374188463668,865.401985876675,2536478
2021-08-03,869.9632568359375,872.892567088435,857.0324853021207,862.0541600206878,3359006
2021-08-04,870.3816528320312,876.9098702559022,865.9040137034827,871.3441608346336,3122161
2021-08-05,888.1250610351562,898.0428483869844,865.1508373978353,870.4236368336102,7896314
2021-08-06,878.7510986328125,895.5319008183751,872.9343668724908,888.1249517915799,11584782
2021-08-09,879.25341796875,892.811898552028,873.3529094343016,885.3212747904066,6321578
2021-08-10,890.2590942382812,897.4569089428687,877.1190877031111,880.8853433277905,5871606
2021-08-11,892.9791870117188,903.0644237130016,884.7771803296301,896.3269698614425,5011239
2021-08-12,917.7108764648438,921.6026940486214,893.8579261873717,896.3687630586845,6540144
2021-08-13,936.9188232421875,940.6850788931671,912.4381615108205,919.8033245392253,7270809
2021-08-16,940.43408203125,945.2046317856011,932.6504459412813,938.1742672795368,3159376
2021-08-17,956.5868530273438,964.1193628003385,931.1437906381899,936.7512848249384,5295838
2021-08-18,949.3056640625,969.0994503807595,947.0877375152895,969.0994503807595,4871006
2021-08-20,935.1613159179688,954.7458669554286,926.666296098707,926.9174206908939,3467046
2021-08-23,973.4514770507812,986.089336087926,942.4427016367446,944.9116504681147,9383780
2021-08-24,964.9146728515625,981.7372602018285,962.4875100017925,977.5106437479419,3947317
2021-08-25,966.1283569335938,979.1429048976354,954.3693298268685,970.7734469570902,3447912
2021-08-26,977.0924072265625,980.9005517710103,966.672472095151,970.7735272585002,4654833
2021-08-27,973.3260498046875,979.0173219507403,970.4386277425804,977.0923057985138,3050466
2021-08-30,973.7026977539062,979.5194298007539,966.2957483622527,974.2048447664165,2956868
2021-08-31,989.5208129882812,998.8108886140361,972.5726647725438,975.8785589901173,7199002
2021-09-01,974.7487182617188,996.3837416947591,972.321555576553,995.9652688927033,3200410
2021-09-02,981.5281372070312,989.2698854646864,965.8354042523249,980.900427888843,5224479
2021-09-03,983.2020263671875,988.0981386040824,969.3924214001233,982.1558441727129,4533364
2021-09-06,1004.4603881835938,1012.7879569151686,982.5742380026747,983.4111836909224,4331916
2021-09-07,989.4371948242188,1016.8471673067689,987.6796292356822,1016.0521097348342,3721585
2021-09-08,994.9609985351562,996.9278003180318,976.757431215764,991.7805642979264,3118518
2021-09-09,1003.1214599609375,1008.4778315108339,990.1069115086772,997.6394239377372,3388292
2021-09-13,1011.365234375,1016.8890557259451,984.624757165434,997.6393040537668,3723138
2021-09-14,1036.682861328125,1038.314864654703,1010.1935082227583,1017.726019883077,5593286
2021-09-15,1065.6412353515625,1078.7812434895998,1029.652566103483,1036.6829312270524,6063895
2021-09-16,1057.1458740234375,1084.0955812747895,1050.5339839312567,1077.3162407775978,3616292
2021-09-17,1057.3133544921875,1072.1272498650587,1053.295974984525,1058.7361210611236,4817180
2021-09-20,1068.0682373046875,1087.0250771652231,1046.1820875988751,1052.877652959508,5453683
2021-09-21,1087.6109619140625,1100.5836205594399,1068.7796832352888,1078.823031863968,4645597
2021-09-22,1101.001953125,1112.0078083614303,1087.6944974544426,1088.029296132649,5367303
2021-09-23,1111.7149658203125,1118.5359912456404,1099.6629278312944,1110.5013333083677,3037295
2021-09-24,1136.73974609375,1153.1020773703995,1118.996535978388,1121.5073733814809,7951730
2021-09-27,1084.01220703125,1144.900016662628,1079.702017704426,1143.268013147252,7653504
2021-09-28,1062.0843505859375,1092.172514923193,1049.5301620447326,1092.172514923193,8572321
2021-09-29,1072.2947998046875,1089.2429503850742,1053.5472976857823,1062.9210487452349,4639821
2021-09-30,1070.9140625,1080.8736360031778,1061.9586809458879,1080.8736360031778,3589722
2021-10-01,1066.0594482421875,1074.6381405636653,1055.0954814157847,1066.2686846402723,3372796
2021-10-04,1070.1607666015625,1082.6730654333567,1066.059711752154,1072.5460416960827,2706626
2021-10-05,1092.33984375,1099.41199497409,1056.3929599306591,1062.9211781115396,3710314
2021-10-06,1067.482177734375,1104.6425811743024,1064.4274081616102,1098.0725789363166,2861608
2021-10-07,1093.3021240234375,1102.9687848093417,1074.6800836420227,1074.6800836420227,2421641
2021-10-08,1106.567626953125,1119.833194057863,1083.0494764199798,1093.302059848387,5197831
2021-10-11,1090.456787109375,1108.86959612532,1034.1721777310884,1088.029623669479,5264998
2021-10-12,1046.475341796875,1095.5622418996556,1034.7163125705076,1093.8464618460694,12811641
2021-10-13,1059.0294189453125,1063.5908351623639,1040.7002842572015,1057.0626166160528,5705730
2021-10-14,1047.144775390625,1082.3801737190813,1041.2024805457704,1079.1579527691324,10360519
2021-10-18,1022.245361328125,1065.0132604296207,1016.8888891331939,1037.8125288272925,23861603
2021-10-19,1031.2008056640625,1048.6929917213915,1025.258511459461,1029.443240077663,10189780
2021-10-20,1031.8704833984375,1057.3973299556915,1021.4086610389072,1036.9758322766415,8222562
2021-10-21,1021.5762939453125,1045.3712286720015,1003.266096050697,1045.3712286720015,5998795
2021-10-22,1007.4849243164062,1032.2501319645526,1000.7346065655425,1015.2899792158424,3812305
2021-10-25,983.3526000976562,1004.1098074496407,976.3913346258415,999.0892996130641,6690819
2021-10-26,984.5338745117188,997.3594368989204,973.1004827442301,987.2339603821802,5126660
2021-10-27,993.2669067382812,996.8107817095421,980.0615794497124,987.2337907500332,3536653
2021-10-28,972.04541015625,999.8904609680176,967.6577463805055,998.4560601571575,4096585
2021-10-29,965.0844116210938,989.7652588691086,960.2326211364413,972.0456762295082,3558520
2021-11-01,1003.4345703125,1005.3330969488139,964.873426055587,964.873426055587,4511112
2021-11-02,987.782470703125,1008.4130884568928,986.2636079843363,1004.9535711548477,3016082
2021-11-03,992.5918579101562,1002.1688491014631,988.6682157388008,991.4527625705132,2063067
2021-11-04,998.2874755859375,1001.7048647365259,993.9841691382182,999.8906964590735,256369
2021-11-08,998.0765991210938,1006.4723682106174,986.0104685375866,1001.9580110360564,3808317
2021-11-09,989.5965576171875,1004.9534882776908,987.6135695085044,1002.4221192895858,3565461
2021-11-10,986.5166625976562,991.4528113132234,980.5679045291115,982.1711254200783,2401325
2021-11-11,979.3865966796875,985.3775855417335,972.2566154024619,983.8587229848301,2861259
2021-11-12,989.2166748046875,994.1106954767953,981.3272629812229,986.3056420094038,3812518
2021-11-15,987.950927734375,997.0216649719358,981.7490954327446,988.0775167612754,3619915
2021-11-16,981.6649780273438,991.874813009669,979.1757365594921,987.9934009091578,3141207
2021-11-17,972.4253540039062,982.8040080389836,970.3581105343045,979.2179019783134,3172985
2021-11-18,945.2130126953125,974.5769302355384,939.559663911058,968.6704033856261,5384530
2021-11-22,936.6909790039062,949.980667539864,929.8563026428922,945.21323486155,3961223
2021-11-23,938.8002319335938,945.0442951986298,919.7306087200951,932.3874519593625,4545069
2021-11-24,944.5802612304688,955.7183461607635,939.0956286289212,945.0443867281883,2675632
2021-11-25,949.0946655273438,954.3261203000272,937.4503268376042,942.0911700397705,3106454
2021-11-26,936.6486206054688,950.1070225753915,930.9530412072593,945.0442853325386,2207274
2021-11-29,956.1404418945312,966.1393305227484,928.2531475289865,929.0969373373033,3661152
2021-11-30,960.7810668945312,977.0240170031365,956.0136349636213,956.0136349636213,7421904
2021-12-01,976.0116577148438,981.3275748584324,966.3080746444466,966.9831477108887,2918586
2021-12-02,999.637451171875,1001.0719552257874,972.8893633033978,980.3991109925408,4011279
2021-12-03,988.4152221679688,1003.8565110487918,986.9385902721659,1002.422109836393,2571036
2021-12-06,959.0090942382812,989.4698776629884,957.5745901424782,987.1494563037403,2493755
2021-12-07,970.062744140625,974.5769979463647,954.6635837834639,970.3580499033068,2299958
2021-12-08,988.5840454101562,997.0219428667157,976.3069664118692,976.6022722225132,2525711
2021-12-09,986.0103759765625,995.5030089543801,974.5769857226159,995.5030089543801,1734844
2021-12-10,980.6524047851562,984.7026367797804,974.7458765439751,974.7458765439751,957733
2021-12-13,978.0365600585938,990.1449209028775,973.1004112198322,983.8587292281156,2225682
2021-12-14,980.77880859375,983.774302836646,966.5609746133442,975.4207653016376,1972685
2021-12-15,969.429931640625,980.4413245694338,963.860940653469,977.3193441225679,1604301
2021-12-16,978.5849609375,985.4618665834367,969.9783484614546,975.4207500269455,2121810
2021-12-17,988.4152221679688,998.1188031975297,983.0149477772709,988.921475360482,6373455
2021-12-20,978.711669921875,989.216810231728,966.5610779358783,978.796028289497,3091768
2021-12-21,1016.7666015625,1025.162267984691,983.0572438151016,986.3058136015018,6217986
2021-12-22,1031.7860107421875,1034.4860963836322,1021.0698205365621,1027.7357792783557,3809814
2021-12-23,1035.7095947265625,1038.4519111685875,1025.7107076844363,1037.7769412300136,2814281
2021-12-24,1067.5625,1083.2570680686742,1051.4883708352381,1064.9890036673678,15952929
2021-12-27,1069.250244140625,1077.5194242272973,1058.1544922204348,1069.9253170870893,3372907
2021-12-28,1083.3414306640625,1087.6447367958174,1071.6127352449093,1071.6127352449093,3446067
2021-12-29,1090.091796875,1096.0826823908924,1077.603669685587,1082.582048889542,2254162
2021-12-30,1111.313232421875,1119.244772963844,1082.328974690485,1090.0919014998271,4518139
2021-12-31,1113.04296875,1121.7761715139109,1104.478482724826,1113.80240007766,2231508
2022-01-03,1118.9918212890625,1130.5939305975646,1108.824113385303,1110.722640363058,2661272
2022-01-04,1125.1512451171875,1127.8935614249103,1103.0439979294413,1121.8183172669285,3367100
2022-01-05,1105.9971923828125,1122.240141803655,1098.614033555157,1121.3963522233514,3510253
2022-01-06,1084.1851806640625,1095.0700861307807,1077.519222819975,1088.4884866388159,4409632
2022-01-07,1088.952880859375,1095.6609680344254,1081.907154189195,1094.8594089889407,3898684
2022-01-10,1086.8853759765625,1101.018851943229,1080.050700736298,1101.018851943229,2529949
2022-01-11,1133.758056640625,1137.4285212535344,1080.0508213683413,1087.3496229099542,6772189
2022-01-12,1140.9300537109375,1145.1067707574362,1123.4214206546603,1142.4910437686362,3162044
2022-01-13,1125.826416015625,1147.047747736659,1114.772791459651,1130.6782068285086,4598005
2022-01-14,1128.315673828125,1133.1674651543408,1091.0202060516278,1113.8025305399449,5636243
2022-01-17,1062.1201171875,1074.144118514151,1049.1679679377196,1074.144118514151,11973283
2022-01-18,1029.21240234375,1071.5706006164653,1026.8919808586545,1071.5706006164653,7799487
2022-01-19,1011.87255859375,1029.8453202544097,1004.9535243121686,1029.4234254079308,8464215
2022-01-20,1000.0877685546875,1022.2533666696426,995.5355541022262,1021.062106771514,6172404
2022-01-21,993.791259765625,1003.9168137260725,982.7723387270238,1000.087830588175,5514748
2022-01-24,957.1608276367188,990.8558623807824,945.3335020223694,989.154091900094,5878438
2022-01-25,956.1393432617188,969.7110200592991,926.103167899957,948.7366860032481,4725254
2022-01-27,917.0413818359375,949.5451498792885,910.6171580268235,948.7368506119882,8304735
2022-01-28,919.338623046875,937.8453711193628,916.6158326936726,918.1048813891601,7654724
2022-01-31,935.4630737304688,947.8433892709114,929.8897349331478,936.5266800759264,7572995
2022-02-01,963.8826904296875,967.030923777395,937.0372237658216,950.1833571173869,6783774
2022-02-02,996.3438110351562,998.8113984618523,964.3080718912829,972.4765476246522,6982539
2022-02-03,984.2611694335938,996.2586264979551,979.368580953591,988.7283154370745,4169794
2022-02-04,990.2601928710938,993.0680515844031,967.754218020313,987.0267877090578,3625482
2022-02-07,984.77197265625,996.6843655434643,975.1144463391088,984.4741836076344,3824483
2022-02-08,988.6859741210938,995.4079876858953,977.2841960251469,986.1333186307502,3267641
2022-02-09,1004.8101196289062,1011.7022673715023,992.131912325628,997.2372223375953,3772972
2022-02-10,1012.85107421875,1014.1699876919788,999.0241911224967,1008.2562738316635,2053245
2022-02-11,990.1748657226562,1003.1934482006245,985.3674484077933,1003.1934482006245,3912397
2022-02-14,975.4971923828125,990.7280566186678,964.5633394976895,966.0523884395337,3243813
2022-02-15,994.3017578125,998.9390397463136,976.9010963752833,981.49589637766,3000492
2022-02-16,993.6636352539062,1006.299257883792,987.0266901009322,1002.3426214990501,1885868
2022-02-17,989.6220092773438,998.939160066442,987.0267680383924,998.939160066442,1644055
2022-02-18,991.2808837890625,995.6203758973293,978.6026783215514,980.9426117382208,2166690
2022-02-21,991.0685424804688,995.1102472040423,978.6881212011302,981.155709069087,1706058
2022-02-22,978.135009765625,982.0490604581192,963.2019346903945,963.2019346903945,3254855
2022-02-23,981.0704345703125,986.175744724191,976.8585952404832,983.6230896472517,1937649
2022-02-24,934.73974609375,965.7118765951593,929.1664078693929,941.0787977138723,5469084
2022-02-25,961.2449951171875,970.8600396866303,948.7370238830788,949.2475342434418,3213276
2022-02-28,958.9052124023438,964.3084175185161,941.9300910617816,952.6512257962335,4571884
2022-03-02,949.204833984375,956.9478669611433,943.6314955070729,956.9478669611433,3867328
2022-03-03,969.7536010742188,980.2195282089863,953.4166504845218,957.2456330165882,3969380
2022-03-04,968.6903076171875,982.6448470137018,955.2463824840714,959.7985979686007,3522375
2022-03-07,982.0913696289062,988.2178036013466,944.907738789615,945.333181265432,5249845
2022-03-08,1000.0453491210938,1003.7040929116682,982.7723391882352,983.6232243303895,3805165
2022-03-09,1006.3416137695312,1016.8075404611444,987.9625191673907,1004.0442658946865,3781326
2022-03-10,1014.3826293945312,1019.5304216073868,999.7899300672234,1019.5304216073868,3834327
2022-03-11,1015.4886474609375,1027.1458341181274,1000.8960530098328,1004.0442859185606,2770879
2022-03-14,1023.4873046875,1033.65544577052,1002.0450378822859,1015.4889625444087,5740660
2022-03-15,1001.3640747070312,1033.2297829262989,993.9188303382033,1027.0182803628968,3003066
2022-03-16,1020.6368408203125,1023.5723533380673,1008.2990048954316,1012.6810846354202,1894018
2022-03-17,1018.4246826171875,1033.8256864733878,1013.2343028249218,1033.8256864733878,6987787
2022-03-21,993.8763427734375,1029.4858620078567,991.3661695083445,1020.977011348841,4046440
2022-03-22,1000.98095703125,1005.5331701993625,988.9835014351753,995.5352732246703,4516870
2022-03-23,1004.6399536132812,1013.2764577872642,995.5355249747371,1012.5532262563565,2338886
2022-03-24,1014.3402709960938,1015.9569737211417,994.6848427805818,994.6848427805818,2351703
2022-03-25,1003.4913330078125,1020.2112461812594,1000.1303783727719,1020.2112461812594,2489854
2022-03-28,990.3878784179688,1010.5113360291782,985.495288066322,1008.2139873242334,3406258
2022-03-29,993.5785522460938,999.790055414091,990.1325296949309,992.9829741857396,2443230
2022-03-30,991.451416015625,1005.7037434393944,988.8136926092684,1001.7896922040436,3073672
2022-03-31,990.2171630859375,999.6194814554731,987.8772299400846,999.6194814554731,3006639
2022-04-01,995.23779296875,998.9391224359,980.262235756902,987.8776159694037,2479745
2022-04-04,1010.0430297851562,1011.659628109272,993.8336298066887,998.2581900361082,2282137
2022-04-05,1017.1904907226562,1023.6147143925239,1007.5329661858636,1012.5532087507094,2634464
2022-04-06,995.9610595703125,1016.7226778265887,993.40840414211,1012.5533198536283,2838968
2022-04-07,998.343505859375,1004.6825581579234,989.5793479887063,991.7916284230301,3391918
2022-04-08,991.5789184570312,1004.0444057940531,989.1965025266799,1003.1935207043971,2656091
2022-04-11,964.4781494140625,990.4301419655658,962.9891006611074,990.4301419655658,5679058
2022-04-12,962.478759765625,971.4555357920742,952.6085127830924,961.330085584815,2906617
2022-04-13,957.3306884765625,972.6466184085706,955.5438507580544,965.7544707127264,1971580
2022-04-18,937.4625244140625,946.8222591710896,922.8698262693202,944.4823254818328,4391701
2022-04-19,910.6598510742188,949.5452617056401,900.87467164198,949.5027797679301,3422431
2022-04-20,926.9541015625,931.548901146652,905.9371806081845,914.701337294026,2573318
2022-04-21,935.2928466796875,940.2706075360585,919.8918473687285,931.7191708591321,2547848
2022-04-22,937.7178955078125,965.711930099072,919.8917916822298,924.571659380414,9567571
2022-04-25,927.3369140625,934.2716469697585,916.6583705821982,933.3356943264978,3565801
2022-04-26,931.1236572265625,941.9298570384135,923.252969622583,939.3772015992851,3213714
2022-04-27,932.2296752929688,935.8885226935842,914.3610885666114,924.9120843595459,3288792
2022-04-28,945.1195678710938,953.5975705379616,928.5097284617494,944.6870188697798,5202061
2022-04-29,933.6571655273438,952.0405009616325,929.4181635301712,946.4173630640853,2988180
2022-05-02,922.9732055664062,936.03616606093,918.7342036568463,928.2502829790923,2584604
2022-05-04,903.984130859375,930.8454665353618,896.0685684839838,930.7589778541962,3385725
2022-05-05,927.4284057617188,930.1533801341022,905.844146075397,916.1388339800556,2982126
2022-05-06,908.5259399414062,914.1058857874428,890.1426061750965,908.2664738852033,4075606
2022-05-09,930.9320068359375,936.814715920381,894.5978880977415,903.1623800637316,4207192
2022-05-10,927.8610229492188,938.6314522104224,922.7136258173545,928.2502748587864,2473518
2022-05-11,917.782470703125,933.7002947007849,911.85657064389,924.7897432404243,2895668
2022-05-12,916.4849243164062,926.476743748682,902.946118284563,908.4394699554842,3195189
2022-05-13,910.2130126953125,932.5757780901806,904.1140286772583,925.6549930950772,2496626
2022-05-16,903.6381225585938,923.0162325133163,899.874861924553,911.8132560955686,1415370
2022-05-17,936.8145751953125,939.496357674011,904.3301054858238,915.4465928331426,2620776
2022-05-18,928.8558349609375,949.315427186861,926.3471348256071,937.3771361614796,2865869
2022-05-19,873.22998046875,915.5332956373823,869.0774676462288,912.7649185547722,4729354
2022-05-20,890.0560913085938,894.9439163220654,879.6316705574362,890.1858771342729,2005622
2022-05-23,880.9293212890625,897.1066651554227,877.8582338152991,884.9952926268056,2285466
2022-05-24,857.9609985351562,884.4762751183839,853.8517827619856,884.1734591174185,3418456
2022-05-25,842.994873046875,858.8694024180072,833.0894890190274,858.1773344827363,3904551
2022-05-26,848.4017333984375,852.9867428555353,838.3233192208121,845.2008598071583,4278059
2022-05-27,868.4719848632812,874.1383667350318,855.5820023324561,855.5820023324561,2795530
2022-05-30,899.615478515625,911.2510049849275,878.6368509150573,881.5349082465367,3562969
2022-05-31,900.3507690429688,904.7195563080246,882.7892897050275,904.0274356472759,5185485
2022-06-01,880.583251953125,904.4166378590049,875.0898481180648,900.3507196080127,2554081
2022-06-02,899.4425048828125,907.4014712295278,871.4133564859234,874.9602905840075,3560227
2022-06-03,902.2972412109375,925.3521247267694,899.8749244967734,911.7700223554987,3556955
2022-06-06,897.3663940429688,906.0605674841468,883.3950371645748,897.9719205343838,1997494
2022-06-07,884.9087524414062,894.2950444842395,876.4740470641667,891.050927031455,1839248
2022-06-08,891.2240600585938,894.3384978394934,878.9397087327793,885.0818843956865,1665512
2022-06-09,889.8832397460938,892.5217257615648,875.2198154340974,886.6823132055716,1654005
2022-06-10,878.3773193359375,885.6441643692698,872.1918997100696,875.4792618722354,2260855
2022-06-13,858.0042114257812,866.8282218491954,849.9588103461422,861.6376336944098,1738804
2022-06-14,862.4163818359375,865.9200188440163,846.195791241682,854.7169870466369,2461791
2022-06-15,856.3606567382812,871.1538135842464,854.7169491769964,855.5820473036938,2408630
2022-06-16,834.7763671875,871.153729336869,831.9215542057614,871.153729336869,3198618
2022-06-17,829.4127197265625,833.2191721032309,816.6957683788207,823.9193684661404,4302066
2022-06-20,830.5374755859375,835.6848201835803,823.6599346732147,834.8197220260404,1305407
2022-06-21,853.5057983398438,865.0116457693108,833.6518383950562,840.6158678171969,2128325
2022-06-22,831.6187744140625,846.9310210026845,829.7588452214012,846.0226785782316,2575065
2022-06-23,840.2265014648438,845.6333644086329,829.282989746056,832.3108329945779,2169033
2022-06-24,836.290283203125,851.7322620480943,830.4941157930407,851.2564686878667,1922313
2022-06-27,858.4801025390625,870.9807809956305,851.4295845067707,853.1165364094562,3626024
2022-06-28,866.7850341796875,871.1537689353202,850.6076894792984,856.3606128475432,2702471
2022-06-29,854.3275146484375,865.3142697483854,852.1215253208294,852.2080139997978,3150015
2022-06-30,841.9566650390625,862.1134387535437,839.1018520754483,856.4470571679135,3741119
2022-07-01,843.7733764648438,849.0505063414784,834.1275647222154,834.3870835814017,2827579
2022-07-04,851.7755126953125,856.0145142299448,842.1297011890204,843.7733557911922,2738846
2022-07-05,849.6560668945312,867.3905768353412,846.4551935644477,854.1978316354704,2476050
2022-07-06,853.5057983398438,864.2330363277349,847.8394161193963,849.5263680418775,2998254
2022-07-07,856.3173828125,865.8767596128572,852.0784335575704,862.5028557066839,2985141
2022-07-08,850.8672485351562,864.2330250992228,847.0608484738169,864.2330250992228,3141642
2022-07-11,816.2632446289062,847.060766516658,813.1921571488887,843.4705885320919,5787815
2022-07-12,802.6380615234375,820.5888483263445,799.696759463079,808.8667788297867,5305354
2022-07-13,793.9437866210938,809.731827052404,782.9137857718223,804.5412384174527,12874342
2022-07-14,781.1836547851562,802.4218044961666,771.9270937196696,801.2106987277288,4916497
2022-07-15,764.011474609375,782.9138486184416,758.993862951693,775.1279650410207,5591590
2022-07-18,778.8479614257812,785.0766795261047,768.9425756802943,774.2629511579765,5156225
2022-07-19,778.322998046875,785.1465450857164,774.2113564354975,778.5854318955851,4636293
2022-07-20,802.5553588867188,803.7800679363004,783.0469402970441,791.3576833824211,4827089
2022-07-21,808.7225952148438,810.9096323302527,799.1870920338761,805.7044733166871,3498709
2022-07-22,805.0485229492188,815.2401393000619,795.2068539645095,813.0531017479043,3514659
2022-07-25,814.146728515625,815.3277075926512,799.5810351284155,805.048629734053,2120224
2022-07-26,799.1435546875,813.2718392179256,797.0439771926006,812.2657805444376,2780103
2022-07-27,812.2220458984375,813.0093474087378,797.0439727060002,797.918787758205,1742497
2022-07-28,827.6624145507812,830.199399299473,815.9399260915579,818.7393446500704,2843497
2022-07-29,829.674560546875,844.8088492437414,828.5810418058518,837.1979481273263,3617725
2022-08-01,832.9552001953125,836.7606244374208,826.8752247073845,834.5735867363298,2489519
2022-08-02,831.9928588867188,834.4423303957043,823.2447082157171,832.9551874972135,2545241
2022-08-03,837.3728637695312,841.3969910998111,831.1179156465986,831.9490005110706,4119614
2022-08-04,838.1602783203125,848.5268687028743,827.4000638807012,844.1965235250686,3513266
2022-08-05,837.8541259765625,844.1528051044589,835.4483845550689,842.359444905513,2565683
2022-08-08,845.1151123046875,846.8210124197589,831.1180707770882,837.8541576911406,1746911
2022-08-10,832.8676147460938,845.946109748399,829.4120847978033,845.1150248148399,3271939
2022-08-11,841.8782348632812,847.2583687329004,838.7289220678041,844.1965160838914,3594584
2022-08-12,836.673095703125,843.3216684116527,834.5735183243949,843.3216684116527,3022304
2022-08-16,838.2477416992188,847.6957329980115,833.3925291395792,847.6957329980115,2784861
2022-08-17,857.8436889648438,859.8558064649885,835.4484431553296,842.4469641451126,4649125
2022-08-18,851.6323852539062,860.3368050065303,846.9083629917826,860.3368050065303,2829269
2022-08-19,848.6143188476562,863.4861745272103,845.7711699677416,852.5072564544341,2880969
2022-08-22,839.3413696289062,848.5706583787696,835.6234054040508,844.1965828201162,3616799
2022-08-23,828.3623046875,831.9490246557789,821.4512451648542,831.0304796292164,3753715
2022-08-24,830.3306884765625,834.3985462382283,825.956613424575,830.9867997343606,1494361
2022-08-25,825.6503295898438,834.4859925194186,824.6443244456495,834.4859925194186,3316314
2022-08-26,827.2688598632812,836.3231741249413,825.6066899376708,829.8057914301149,2195046
2022-08-29,802.6427612304688,806.5794287242422,787.4209588967568,798.3561463794608,4974880
2022-08-30,821.4075317382812,826.9188554037872,808.0666033649327,810.8660219647913,2998417
2022-09-01,810.1224365234375,814.4527815402741,801.5492600282237,802.4678051179839,2953921
2022-09-02,808.7225952148438,819.701510855305,803.9548436243599,814.6275954264481,1750283
2022-09-05,818.826904296875,824.3382285507475,807.0169008695162,810.0787536099426,2279812
2022-09-06,820.4015502929688,824.863139123166,810.9972884242893,818.8268938682706,2108615
2022-09-07,815.065185546875,815.8087569750016,807.5417441468076,810.953544169387,2709547
2022-09-08,814.49658203125,823.1135427379264,811.828406675275,819.1768748176261,3214686
2022-09-09,829.761962890625,833.6986300840966,817.3395801789992,821.4512210377405,2206526
2022-09-12,835.9295654296875,842.8843562143473,834.136205137914,835.5796714233162,2517615
2022-09-13,835.7982788085938,839.64743280162,831.4679338462776,835.4483314481047,2442828
2022-09-14,815.3275756835938,820.9701430826156,810.5598232799406,816.464824498679,6761712
2022-09-15,804.7423095703125,819.4391903382831,801.5929436521607,819.2642166659745,2995215
2022-09-16,784.6216430664062,803.0802193427476,781.5597903782804,800.5432343290823,5095937
2022-09-19,785.4088745117188,793.5884265712696,776.3982909408205,785.5401181158625,2686561
2022-09-20,799.5809936523438,805.5734556714884,789.0832125540635,789.3456464026253,1836721
2022-09-21,788.16455078125,799.3621716172132,786.3274073241631,795.2068005472469,1819649
2022-09-22,785.2777099609375,791.620118742058,778.3666500692386,785.2339264951465,2315711
2022-09-23,783.7029418945312,798.3560921255703,780.3349257365268,784.2715929627761,2569608
2022-09-26,793.19482421875,802.5553560235701,771.5868815949623,779.678920886066,4182702
2022-09-27,803.7362670898438,806.0982782271241,793.9820586539045,797.1751547054369,3545337
2022-09-28,805.5296630859375,810.9097968390929,797.7000579454932,798.7061165804643,4154139
2022-09-29,807.4978637695312,814.452652739811,801.8552971183811,810.9533932221319,2928360
2022-09-30,815.6337280273438,818.4331466517864,796.1253645856945,806.4919541707363,3229901
2022-10-03,813.796630859375,816.0711284376094,801.3305174600242,815.6337209499129,1598950
2022-10-04,827.574951171875,831.9490259666524,819.7453466103301,824.513098815531,2331351
2022-10-06,843.8029174804688,846.7773102609356,835.8858512843011,835.8858512843011,3713623
2022-10-07,837.8103637695312,851.1512929588727,835.4483525128519,844.1965028009446,2174327
2022-10-10,842.6654663085938,846.0772658325916,824.2506230390871,824.2506230390871,2758812
2022-10-11,821.101318359375,850.3201600309845,818.8268207705777,846.9083602533195,3134969
2022-10-12,832.8240356445312,843.23435744788,825.2131330432535,825.2131330432535,3502390
2022-10-13,859.1558227539062,865.2357979135829,847.9582010077628,850.3639423490795,9698562
2022-10-14,877.0457763671875,894.935753975504,869.5661187210665,879.1890838175772,7424383
2022-10-17,870.0910034179688,880.7637574130347,867.0291508272638,879.8014822423161,2136170
2022-10-18,882.8634033203125,886.7563411665227,874.0277388364626,874.8150937786537,2487826
2022-10-19,879.7266845703125,889.3133995965114,878.2687721797639,889.3133995965114,2517099
2022-10-20,898.9444580078125,900.6232092451827,872.9674692343585,874.7346098603391,3931399
2022-10-21,907.603271484375,909.9889757526248,893.8195978571318,903.450534663716,2071897
2022-10-24,911.490966796875,917.8968505363778,910.077276094867,914.4951269496964,398105
2022-10-25,906.9847412109375,916.4831201374037,902.0367700393846,915.3786574715356,3068136
2022-10-27,911.888671875,916.6598646888447,900.8881581242802,910.9608800180351,3313674
2022-10-28,910.0772705078125,918.6920796218427,906.1012047628755,911.8001891875441,2423629
2022-10-31,919.9291381835938,929.957638413474,915.7321797204451,918.0294406761041,2418565
2022-11-01,936.6286010742188,938.2189626642868,923.3308268836805,926.8651075607473,2275488
2022-11-02,923.5075073242188,942.1950381689895,921.1219109856046,940.9580183476871,2799322
2022-11-03,923.4634399414062,927.0418346291708,912.8163756134685,913.6116103855362,2396164
2022-11-04,923.6400146484375,926.8650671973527,913.1255085205155,923.4633437653525,1709158
2022-11-07,925.2305297851562,932.7849900624041,917.7201833020204,926.0698783078436,2213508
2022-11-09,930.796875,937.8654357718872,927.0417020899349,937.3795369334266,2307691
2022-11-10,929.9133911132812,938.7049791029671,925.1421984360752,927.748687319278,2321667
2022-11-11,963.665771484375,970.7784462249525,944.6247922842527,946.3035970812364,3923101
2022-11-14,971.0435791015625,974.5336379943868,963.1356695303872,967.5092985588817,2170007
2022-11-15,975.3731079101562,977.3169190926056,962.1195556906804,966.1839567997829,2172420
2022-11-16,976.521728515625,982.927612377845,971.3528644879921,978.5539830908531,2213697
2022-11-17,965.3446044921875,972.4572794406229,962.2962227791293,967.5976436459955,2460883
2022-11-18,974.71044921875,977.228602617792,957.7900589852501,970.2042629481979,2623894
2022-11-21,967.9510498046875,977.537763870195,965.3886749292416,970.9552097325318,1733741
2022-11-22,974.9312133789062,977.1401385008189,961.3242130563898,964.0632586360272,2529146
2022-11-23,974.9312133789062,982.0881092023689,971.7061611293793,979.8349624349491,2217599
2022-11-24,998.080810546875,1002.8521108838503,975.0196514187919,977.2285767731616,3295202
2022-11-25,996.84375,1005.1052167735459,990.1728604172929,1003.0287407392319,1977441
2022-11-28,988.5383911132812,1000.8641523625755,986.9479215969956,994.0164832557028,2368293
2022-11-29,997.5064697265625,1006.1655002704264,987.8756414546872,988.5383190618905,1785948
2022-11-30,990.3054809570312,998.345947861678,986.9478711975285,995.7835728197086,6053488
2022-12-01,1004.0891723632812,1016.6800474062084,997.0206109356731,998.4343016496572,3919684
2022-12-02,1003.3381958007812,1007.6234897506994,993.0003596220342,1004.0892089082611,2944923
2022-12-05,999.1851196289062,1008.9927251231419,995.9600675357461,1001.3057092146599,2646466
2022-12-06,990.4378662109375,994.0163682798164,978.1121063873394,991.0122083508128,2807894
2022-12-07,977.140380859375,986.5945395829922,973.6944352429646,984.2972784579514,2399879
2022-12-08,973.1199951171875,984.0762869088551,970.8669558752412,984.0762869088551,1752350
2022-12-09,907.868408203125,949.8379939838047,901.860141445555,949.8379939838047,12415478
2022-12-12,908.6636962890625,918.1620767861583,894.5707395564386,905.6595357696038,4275785
2022-12-13,923.065673828125,925.0095928332834,911.0491416035397,911.9327117356075,2284909
2022-12-14,933.226806640625,934.19882015151,923.3308634955198,923.3308634955198,2425507
2022-12-15,920.9893188476562,929.3391214305078,916.3505755875221,929.118228894311,1906369
2022-12-16,909.76806640625,924.6119808624453,903.3179608853826,910.0772944007707,5159215
2022-12-19,912.9488525390625,916.7040256562084,904.2014865299387,909.7680215878403,3328172
2022-12-20,909.8121337890625,913.0371863849775,893.7312003174279,907.4265375442396,2629849
2022-12-21,919.22216796875,930.6202442767403,914.4950893201293,914.4950893201293,2878658
2022-12-22,918.1177978515625,931.8573579728222,913.2581616213373,924.2144539664747,2623451
2022-12-23,910.607421875,922.5356195137815,907.5149261908715,909.6355162315261,2177675
2022-12-26,911.579345703125,920.4592694877684,909.1937492708555,910.9608896970379,1680715
2022-12-27,915.6878662109375,919.5755962846619,910.3864455261352,918.0293485849278,554319
2022-12-28,914.8926391601562,917.4109002925651,906.9847297158377,910.0772251410745,1397806
2022-12-29,922.8447875976562,924.2143644547876,908.3984374112235,910.0772422451541,1277244
2022-12-30,918.29443359375,932.3873333234673,913.876583163409,927.7485903716091,1860560
2023-01-02,918.427001953125,921.1219342082734,911.4026620008,918.1177739544254,701880
2023-01-03,920.1058349609375,924.0377871884644,913.1698302456564,918.0294664975685,2484372
2023-01-04,915.9087524414062,920.6800525964554,911.4025664618462,915.5553028266472,1219170
2023-01-05,922.53564453125,927.5720594965945,912.816372117563,920.5034977411857,2294943
2023-01-06,912.55126953125,925.8931568660474,905.8802719350106,922.4472118021469,1887689
2023-01-09,943.166748046875,946.3034646722815,918.9570164693093,923.2864231588018,4562242
2023-01-10,939.9860229492188,947.7172612718739,933.3151334539915,937.4678697528037,2297082
2023-01-11,931.9899291992188,953.9024063638133,928.2347556916925,944.5365834224634,3594167
2023-01-12,946.8779296875,949.3960829287579,937.467886447103,937.467886447103,4748542
2023-01-13,952.3120727539062,957.7901652422865,919.796643927325,922.3590192619666,8253765
2023-01-16,966.3606567382812,972.3247554163457,952.9746548803307,960.4407797120181,4508538
2023-01-17,981.6907958984375,984.253063406428,967.5094498601474,970.0718252258374,4390338
2023-01-18,985.3132934570312,994.7674511023481,984.3855016384603,988.6707953775491,6905092
2023-01-19,990.885498046875,992.6240065007767,979.6071774903842,982.8167901618514,2298287
2023-01-20,987.67578125,999.80104386037,987.0071074792043,990.5733675901145,4747128
2023-01-23,999.6229858398438,1001.1387121728012,987.988123800293,990.5290631767243,1696834
2023-01-24,1014.4675903320312,1019.6832257527827,999.6230058009243,1003.8134281577298,4861107
2023-01-25,1001.0047607421875,1011.7926771673825,995.6553699032179,1011.7926771673825,2692236
2023-01-27,994.630126953125,1011.3024616877514,985.1795574896365,1001.0048399741985,3864525
2023-01-30,1011.7034912109375,1016.3395861699262,985.8927252528215,994.6299978807047,3508427
2023-01-31,1000.5144653320312,1014.3337265042065,992.3121086858764,1012.8181091349106,4582858
2023-02-01,1009.3408813476562,1013.7095723355304,993.6047347333282,1013.7095723355304,2393911
2023-02-02,1024.9432373046875,1030.2034932646302,1011.9264083559976,1014.4228342184346,3048359
2023-02-03,1021.8676147460938,1031.2290506194813,1015.1362530370044,1028.866380751371,1814055
2023-02-06,1021.4661865234375,1025.1662037992307,1005.6855263194344,1012.1047521029108,2070175
2023-02-07,1005.9085693359375,1027.9748109411353,1003.8134126068218,1023.383227789888,1931191
2023-02-08,1020.842041015625,1024.4083014209198,1009.8757467358914,1010.9456901576581,2848255
2023-02-09,1022.0458374023438,1027.0832030032482,1014.6012890778615,1019.95068076017,1501083
2023-02-10,994.6748046875,1007.4687444095102,980.7217865933285,1003.7242138487047,3185163
2023-02-13,992.3121948242188,999.6676086672554,985.179672309759,999.6676086672554,2009185
2023-02-14,1003.411865234375,1018.5239584821406,996.7697489914516,999.4444442034143,3938046
2023-02-15,1010.0542602539062,1011.5698775955725,998.1963992856531,1003.010873243953,1648954
2023-02-16,1005.8193359375,1027.216901456357,1002.1193184664684,1015.1361490570438,2369355
2023-02-17,989.2361450195312,1000.068574407993,987.4530147388118,1000.068574407993,1958807
2023-02-20,994.7191162109375,1011.6588527307398,987.4974608297474,989.2360780359038,1706036
2023-02-21,985.3577270507812,1000.3806863890812,983.4854620655834,999.4444994796659,1313278
2023-02-22,974.1242065429688,985.6700422592419,971.8507803712679,976.2639849891275,2212194
2023-02-23,975.6842041015625,991.375727430357,974.0348305031335,985.0011243022027,2139983
2023-02-24,976.1300659179688,984.733691234184,964.6734757042889,978.046952724219,1684570
2023-02-27,966.412109375,971.8061226719136,959.3242091697056,971.8061226719136,1834553
2023-02-28,960.7506103515625,977.9578617542489,952.2807411931328,966.0108666482624,20793703
2023-03-01,981.7023315429688,984.2878921568465,960.5276599499207,960.5276599499207,1655100
2023-03-02,986.0264892578125,995.8783282497834,972.0735809468312,972.0735809468312,4074162
2023-03-03,997.6614990234375,1007.2012035145996,990.5735989311265,994.095238079654,3253621
2023-03-06,1004.5263671875,1023.5167475882255,1001.4951328765309,1006.5770104765737,4091674
2023-03-08,999.132568359375,1002.1192900282288,987.2301946440068,991.4205075724113,3209393
2023-03-09,995.566162109375,1004.5263258070437,993.2481146826282,1000.2913917035846,1834324
2023-03-10,995.2542114257812,996.9035851715515,985.1794817889648,985.1794817889648,1193681
2023-03-13,979.4735107421875,1010.6782928628975,976.2638977765001,999.3999712725408,3028387
2023-03-14,966.5014038085938,983.7531705399246,950.4086066632449,979.4291006159268,3683544
2023-03-15,962.5784301757812,978.8494957557981,958.8784126744179,976.3085565963331,1528510
2023-03-16,956.114501953125,969.6217359306172,953.6626977564515,966.4120142789707,1812907
2023-03-17,988.2553100585938,995.9673700846654,966.5012082783293,970.2011164456757,5350523
2023-03-20,972.5638427734375,988.1217202716552,968.462664763033,985.1795116806918,2066169
2023-03-21,966.3675537109375,982.8615101100221,960.3048667443029,979.8301666267048,2421127
2023-03-22,964.1829833984375,985.8480577279897,962.0433143373272,973.5444164584818,1382329
2023-03-23,950.3193969726562,963.2470927607094,945.9507055947918,960.2157492229885,2178855
2023-03-24,937.7037353515625,971.8061055699578,933.5134222830224,956.6494965840043,2688253
2023-03-27,937.4807739257812,949.9626862747693,931.5073308350782,939.0856347612495,1459887
2023-03-28,928.2085571289062,948.447153541314,926.6483179462463,942.2061968106739,2965015
2023-03-29,951.745849609375,953.9747626061182,929.100071795735,932.5771978373829,2478745
2023-03-31,967.571044921875,977.9578003198752,953.4397595593579,965.9216712192576,3131614
2023-04-03,979.0723876953125,980.0530876902016,970.022978764557,971.7614874448766,1540702
2023-04-05,990.7071533203125,992.3120141272884,950.5422085248662,967.6602159089712,3342291
2023-04-06,973.4556274414062,988.790617105189,967.7495873068281,988.790617105189,2378264
2023-04-10,983.4855346679688,985.1795302876802,973.1434002796407,973.4554263279358,711625
2023-04-11,969.1314697265625,989.5483366236872,967.3483391474888,984.2880796486891,2318905
2023-04-12,975.8182373046875,978.4483114505751,962.979675001467,973.5893240171026,2715967
2023-04-13,955.6240844726562,970.9144485652738,947.7337546601341,970.9144485652738,3071057
2023-04-17,929.1892700195312,940.601348875845,906.0531950664242,940.601348875845,9509446
2023-04-18,948.4915771484375,950.7651118481602,931.8638650872438,935.7422606142576,3686404
2023-04-19,926.0687255859375,957.496398746098,924.0627038948634,957.496398746098,4322881
2023-04-20,924.9989624023438,933.6471019390548,919.961596888555,927.227875564759,3057560
2023-04-21,935.2072143554688,957.5409647482752,925.2217282751608,939.7096618665569,7708194
2023-04-24,939.75439453125,944.0784642235017,932.5772507411308,942.3844684831504,2033625
2023-04-25,939.2192993164062,943.9892601165257,931.1506997034089,936.5446037650753,1237595
2023-04-26,950.0072021484375,951.2999279641415,934.3601916648738,940.6011471435513,1647101
2023-04-27,955.0894165039062,958.4327866900343,945.9508713284897,950.0075373544577,1654910
2023-04-28,964.9280395507812,969.1446912232464,955.5426604692359,961.1647889034497,2629188
2023-05-02,968.0565185546875,974.6308330491,964.8373271799821,964.9279852411844,1905168
2023-05-03,960.2579345703125,964.8373289522737,956.6761109442187,963.0237249504837,1649820
2023-05-04,967.3765258789062,968.4192597404381,950.60068700599,957.6284032905901,1403672
2023-05-05,957.1748657226562,970.2327255632204,954.046332503421,967.376387906597,1641673
2023-05-08,975.4922485351562,977.0791520303331,956.6761070923448,959.3965130840764,1389075
2023-05-09,978.439453125,981.7039185036544,966.6964103607695,971.1850364197173,2981949
2023-05-10,977.8043823242188,987.325800806544,972.1821449947012,983.1091504827994,2091411
2023-05-11,986.6911010742188,990.7717095242309,979.391412374239,981.2956741788604,2653108
2023-05-12,993.4015502929688,1000.5653079381372,977.0337305862383,984.7869316459736,1585037
2023-05-15,997.2555541992188,1002.8776826301497,990.9533242309844,996.5300682819847,1523466
2023-05-16,989.048828125,1002.2882249562823,986.6911652281949,997.6634465240311,1166324
2023-05-17,974.4041137695312,991.9959836606477,963.6584217308837,988.8675611010423,3602382
2023-05-18,979.2554931640625,983.8801611839023,972.9985372814075,981.1143708312438,1515743
2023-05-19,993.2655029296875,1001.1093620080536,981.5677355283736,987.1445897108882,1984436
2023-05-22,1015.482177734375,1017.3411660755204,987.4619743427381,993.2655291681466,1864932
2023-05-23,1004.1470336914062,1025.9102786816288,1001.1092695502388,1015.6180995437204,2138096
2023-05-24,1008.3185424804688,1011.0843331400466,995.6686975675078,996.6208840420811,1302744
2023-05-25,1011.9909057617188,1014.0312100072061,1000.2478656040165,1005.8246086534767,1124803
2023-05-26,1033.02880859375,1034.0716530470795,1010.1774421510779,1011.0842441637809,1635167
2023-05-29,1021.2406005859375,1040.9635485754409,1019.6084230305697,1039.1953285503853,1288914
2023-05-30,1029.9908447265625,1037.3813018390451,1022.9178568119919,1023.7792742799667,1983735
2023-05-31,1038.3790283203125,1045.8601453985475,1026.590601409154,1029.0390334145618,5967930
2023-06-01,1035.477294921875,1047.4924222223187,1031.6233861651287,1041.008765351659,1445692
2023-06-02,1031.079345703125,1043.8198484660002,1026.137207968396,1041.0087841666423,1336554
2023-06-05,1032.212646484375,1041.461981581893,1030.1269578380761,1037.381373034119,1435758
2023-06-06,1023.416748046875,1026.7719819711792,1009.9507600515753,1024.6862930265142,1943605
2023-06-07,1023.8246459960938,1028.1319546699024,1012.172153976293,1028.1319546699024,2459039
2023-06-08,1021.7390747070312,1025.819683392349,1014.0766426753728,1023.8247634236316,1385218
2023-06-09,1006.323486328125,1025.5930281929348,1002.877594564272,1023.8700823110083,1824218
2023-06-12,1033.43701171875,1034.6157880055646,1007.9105110500597,1009.2253297874795,1670970
2023-06-13,1025.8651123046875,1038.242870632661,1024.0515083658079,1038.242870632661,2014656
2023-06-14,1029.9908447265625,1032.3032336890392,1021.104253137448,1031.9404908154138,836964
2023-06-15,1037.0189208984375,1040.1020703599377,1030.62603213062,1033.7544552836348,2109652
2023-06-16,1041.1900634765625,1046.6762601245964,1026.9079312721333,1042.8223514345123,2909817
2023-06-19,1031.5325927734375,1046.3587823774192,1029.6282201415163,1041.1899448949987,1278608
2023-06-20,1059.734130859375,1061.6383928333607,1026.9532179233663,1027.406618902582,3504867
2023-06-21,1061.366455078125,1066.127166019743,1053.3866631540575,1065.4924488383062,2019683
2023-06-22,1054.973388671875,1061.366275869315,1050.8473956083567,1061.09430170617,972005
2023-06-23,1056.560302734375,1061.4570553500428,1043.7290331421702,1053.613196428804,1699790
2023-06-26,1058.69140625,1066.3538393882409,1054.6561813558706,1058.464705734743,1190307
2023-06-27,1060.9583740234375,1064.9935987754,1052.071669861012,1058.237967936198,1504039
2023-06-28,1061.18505859375,1064.5401817735153,1057.7845510357697,1064.0867807657844,1424076
2023-06-30,1077.2354736328125,1082.7216704279197,1056.4244104259014,1061.275779356517,3036648
2023-07-03,1071.477294921875,1083.6284646982174,1065.0390224167836,1079.0944543856726,1749952
2023-07-04,1079.6383056640625,1081.8146523338796,1068.7114093303228,1071.839831566342,1094468
2023-07-05,1083.4471435546875,1090.5201331933943,1076.9181023186381,1082.7216576305896,1653610
2023-07-06,1070.6158447265625,1086.3488378945779,1065.4470067110663,1083.4471156601157,2334220
2023-07-07,1049.714111328125,1072.7015229172735,1046.2683296904138,1068.3489391601195,2159585
2023-07-10,1019.698974609375,1053.6133957257691,1015.6183651067141,1051.890449574811,3960400
2023-07-11,1010.99365234375,1026.273245120226,1008.3639041958835,1026.273245120226,4982603
2023-07-12,1007.0491333007812,1019.6989785302231,999.7039476128549,1015.3462840998681,3824027
2023-07-13,1005.462158203125,1019.6082480568639,985.7392135982516,997.4822558786518,12294227
2023-07-14,1043.68359375,1049.260447526816,1007.955687745351,1010.3586242052689,6605038
2023-07-17,1046.22265625,1062.7717903575297,1037.0639795127695,1044.5903686085346,3159479
2023-07-18,1058.41943359375,1060.9585239113287,1039.558015140389,1050.9383157969394,2431478
2023-07-19,1060.0968017578125,1065.401570715506,1049.1697946236645,1056.4242097982449,2242397
2023-07-20,1057.1243896484375,1063.5267693118074,1049.9902647926547,1060.965772787003,1990001
2023-07-21,1020.21923828125,1042.5819046410084,1001.515186534652,1015.234572651565,5259150
2023-07-24,1017.8871459960938,1031.4235417890513,1016.1493345254081,1024.3809672983411,2672505
2023-07-25,1016.65234375,1023.4662612408902,1010.7529404024472,1023.0089483448933,2506726
2023-07-26,1019.8074951171875,1025.1580322909917,1015.3258075622834,1015.4172477881738,1969964
2023-07-27,1021.9571533203125,1026.8503792026245,1014.2742739847537,1019.8078049400814,1769815
2023-07-28,1009.335205078125,1023.0088142161937,1003.7558991595525,1018.9387746349154,2031899
2023-07-31,1021.3624877929688,1023.9234844456813,1002.4297802165848,1013.4052887591022,2526624
2023-08-01,1041.301513671875,1044.502704095987,1016.9724887783557,1024.380935715854,2710536
2023-08-02,1034.35009765625,1039.9292914017662,1025.7525948171337,1039.9292914017662,2701150
2023-08-03,1029.4112548828125,1038.603288090981,1019.8534607030667,1029.8685677459323,1608187
2023-08-04,1046.65185546875,1053.9688607751577,1029.868496876905,1033.9385364191382,3315303
2023-08-07,1052.55126953125,1057.0786219547924,1045.554360800523,1055.9811158062494,1655404
2023-08-08,1043.907958984375,1058.1304324425637,1039.9293597530423,1056.3011811501221,1667697
2023-08-09,1046.46875,1048.1607847835835,1028.9536499838844,1043.5418815175426,1559337
2023-08-10,1037.4598388671875,1047.0634074462064,1032.2921820163704,1042.6731600077742,1676669
2023-08-11,1071.4384765625,1085.6151781536396,1055.7527315402722,1060.966054562707,7391806
2023-08-14,1071.0267333984375,1076.5144877967216,1055.4780959366326,1070.7066367216007,1720940
2023-08-16,1076.6517333984375,1084.9748054668087,1070.203577144843,1075.3712350074607,2567226
2023-08-17,1076.2401123046875,1080.127271875604,1064.5786335919374,1076.3773285016273,2331256
2023-08-18,1073.4962158203125,1077.291935075144,1059.7311650449813,1072.8560224442144,3406088
2023-08-21,1078.572509765625,1087.3986713527142,1069.1518190594481,1072.8103223785597,1661946
2023-08-22,1078.801025390625,1085.6607182184584,1075.7370515905886,1081.0875896665696,1805887
2023-08-23,1081.5447998046875,1092.977620098606,1078.0235134838877,1091.102592910949,2347850
2023-08-24,1071.25537109375,1087.4899775713714,1069.1974632303895,1087.4442016260602,2464221
2023-08-25,1055.4322509765625,1070.8437828895803,1051.8195242267186,1065.538909325328,2105159
2023-08-28,1048.572509765625,1060.6912993736605,1042.0330258243491,1056.392603568378,2571967
2023-08-29,1058.7249755859375,1063.9840731219638,1050.2646882453735,1055.3865696029059,1794652
2023-08-30,1070.569580078125,1074.8226127003513,1062.4751634640809,1066.4537636660348,1497356
2023-08-31,1072.078369140625,1086.6666021176827,1066.3619594084507,1078.8008446559365,4483967
2023-09-01,1084.563232421875,1086.575364363088,1071.118167237284,1072.8559784494128,1669640
2023-09-04,1127.276123046875,1129.5626871909863,1083.83140430876,1084.7460299664046,4517935
2023-09-05,1130.06591796875,1135.6907771511842,1120.59945190364,1131.1634242363825,2842400
2023-09-06,1130.3399658203125,1136.3308078438306,1118.312617484864,1133.9984680273765,1767709
2023-09-07,1146.9407958984375,1149.684673400587,1125.264208290922,1132.306782553641,2582004
2023-09-08,1154.303466796875,1161.1631598882982,1147.215117269071,1151.5138136135695,2280777
2023-09-11,1172.1387939453125,1174.6540150139685,1161.940693464484,1167.5656647295743,2691836
2023-09-12,1172.916015625,1181.467743558302,1157.458819023055,1175.2940201063814,2140769
2023-09-13,1166.37646484375,1172.9160611579007,1158.0076170654256,1172.5501885353362,2275523
2023-09-14,1174.0135498046875,1180.507370075577,1166.6965440575113,1171.4983290790958,2655172
2023-09-15,1193.2205810546875,1198.1595818132635,1180.8274706899997,1183.5255716537122,4286280
2023-09-18,1193.586669921875,1199.3488571257883,1179.592850511604,1190.8427925197557,2761885
2023-09-20,1182.976806640625,1192.671815943568,1172.0927393647871,1172.0927393647871,2220756
2023-09-21,1168.8916015625,1175.2939812267705,1151.7881462616913,1174.3793555604461,3112700
2023-09-22,1164.9586181640625,1174.013434214409,1157.0928600900195,1163.8153361286306,1321467
2023-09-25,1155.5836181640625,1170.7207158289584,1149.3184554129846,1161.5744602365446,1246703
2023-09-26,1153.7547607421875,1160.6144547772365,1149.7761605315923,1156.0871013735705,903152
2023-09-27,1153.4345703125,1159.4254139425493,1146.3005560848126,1151.0565655699374,1670373
2023-09-28,1135.87353515625,1157.9159894020283,1132.8095617794227,1153.4343017104777,1807072
2023-09-29,1129.3797607421875,1143.007593167394,1122.4742926486351,1129.6540814391294,2338327
2023-10-03,1132.9468994140625,1149.41016331438,1118.3128870582245,1127.276264285637,2162636
2023-10-04,1133.7244873046875,1138.5262728913015,1120.4166368766073,1128.6482693108028,2253785
2023-10-05,1129.974365234375,1146.8949420145248,1122.977567398263,1142.3675891030814,2995200
2023-10-06,1132.0322265625,1148.7699221578584,1125.0810933122937,1145.11141922105,2497711
2023-10-09,1142.9161376953125,1158.510548974826,1126.0413398832056,1130.47725175332,3430211
2023-10-10,1154.07470703125,1156.7728080795102,1141.6357086869323,1148.3582966335453,1532394
2023-10-11,1139.2576904296875,1165.64461817471,1135.0504347578953,1157.916076070504,2186131
2023-10-12,1119.273193359375,1141.955955236657,1111.4074347184066,1138.708989362551,3921609
2023-10-13,1148.678466796875,1158.3734771220954,1105.370961182087,1107.6117495419326,5740821
2023-10-16,1162.1689453125,1170.0804784310344,1152.7025934613946,1155.1720377186834,2527113
2023-10-17,1168.1142578125,1169.8062930606927,1162.4892873183271,1169.7148528186426,1687345
2023-10-18,1161.071533203125,1172.0928173861903,1159.1966175347677,1168.8916274830676,1743126
2023-10-19,1159.15087890625,1165.9191315347496,1156.9100905613864,1158.6479017516108,2279726
2023-10-20,1162.1514892578125,1164.6907524529918,1150.0091717995076,1156.0572801325568,1625449
2023-10-23,1141.8836669921875,1163.9059829604003,1137.8670365993241,1152.363876822356,1646367
2023-10-25,1134.820068359375,1156.8886015891205,1131.403649448233,1136.8514342985568,1420065
2023-10-26,1137.405517578125,1143.314986606534,1119.1689872308996,1121.89287958881,4617424
2023-10-27,1171.477783203125,1172.6782075570638,1138.9290376784113,1142.2070415339276,2675348
2023-10-30,1167.83056640625,1177.1104669520969,1159.7510902599329,1172.6782520940403,1158770
2023-10-31,1178.2183837890625,1181.7733305073154,1160.3973239635739,1174.52490923173,2525870
2023-11-01,1162.4749755859375,1187.4059303960191,1159.1047700158174,1181.9119317371965,1572719
2023-11-02,1175.817626953125,1177.2949942065973,1168.0613079775258,1168.984676600433,1368604
2023-11-03,1169.2156982421875,1188.652655824504,1166.2147497570645,1184.3127550010856,2052536
2023-11-06,1172.401123046875,1181.4501808509676,1168.199863343181,1178.449232755801,1175823
2023-11-07,1176.3255615234375,1179.7881942992817,1170.0005081960774,1171.7549313456873,1385282
2023-11-08,1170.5084228515625,1182.6507445025863,1168.8925275330284,1181.9120044134631,937671
2023-11-09,1170.3697509765625,1178.0337557734588,1165.1065948159267,1170.5082788157158,1483749
2023-11-10,1159.2431640625,1173.601592120915,1154.8110620286427,1165.5683296923653,1469902
2023-11-13,1164.367919921875,1166.768655976471,1157.258026084051,1163.4445512304221,730991
2023-11-15,1178.818603515625,1184.6819718698525,1171.2008121922217,1177.2950227077645,2410620
2023-11-16,1210.5823974609375,1216.9535503616291,1180.0650214215443,1185.4206041638035,3936945
2023-11-17,1208.828125,1224.1560224818609,1206.2888611404298,1212.752441873881,2882039
2023-11-20,1223.8326416015625,1229.6497955655655,1213.3062180796132,1214.1833730748247,2831858
2023-11-21,1224.94091796875,1233.620606455556,1220.5088157547418,1233.2512364254117,1514256
2023-11-22,1227.80322265625,1233.3896479560726,1219.2159620237696,1224.9408024454233,1535630
2023-11-23,1227.156982421875,1232.9280367033925,1224.1098206748723,1231.7276123264753,1307344
2023-11-24,1208.828125,1230.5272888908721,1205.5963346332744,1227.0646563550947,1795933
2023-11-28,1215.7532958984375,1218.7542438636558,1196.0393987316443,1208.8280313633186,2152951
2023-11-29,1231.7276611328125,1236.206089605448,1220.2317656348746,1222.540187438951,1835524
2023-11-30,1238.14501953125,1243.5929169959222,1227.803223237183,1234.5438593281008,4104385
2023-12-01,1234.266845703125,1245.6243253347916,1226.2335834281714,1242.8542193481314,1854324
2023-12-04,1235.4210205078125,1246.5476576494875,1229.003653578865,1246.5476576494875,1547057
2023-12-05,1216.584228515625,1243.7773861175888,1208.04306977651,1243.7773861175888,3932040
2023-12-06,1227.664794921875,1237.2677384058761,1218.4311087134922,1223.4634226107025,2077245
2023-12-07,1226.233642578125,1234.5439609389707,1223.786692962028,1229.003748698407,1985003
2023-12-08,1259.5672607421875,1264.9689452638977,1227.1570408960163,1230.8505158121818,4509751
2023-12-11,1269.9090576171875,1277.0189517415322,1261.3678968770507,1265.107472598592,2824656
2023-12-12,1269.9090576171875,1280.7124266561862,1265.0151582689077,1271.4787393695517,2730422
2023-12-13,1264.2763671875,1276.834271563353,1253.057527759634,1273.6485819484576,1896931
2023-12-14,1306.197265625,1310.490952377131,1276.0954702731688,1284.405788096945,5145574
2023-12-15,1377.0196533203125,1382.2828093114933,1313.0301635544045,1313.0301635544045,7374290
2023-12-18,1389.0235595703125,1394.1944016692312,1367.509024098073,1375.6808144267816,3075527
2023-12-19,1374.24951171875,1389.346565557645,1364.4617145338054,1386.437931968379,2590417
2023-12-20,1329.604736328125,1387.8693924283168,1325.0341062743778,1371.202542033067,4368383
2023-12-21,1313.0765380859375,1336.160756168979,1311.275901445915,1312.2454836917661,2841508
2023-12-22,1350.611328125,1354.9050150459975,1313.9536364803223,1321.3405859475342,2303438
2023-12-26,1346.4100341796875,1354.90498076569,1331.6361356190564,1350.6112939533264,1363265
2023-12-27,1359.244873046875,1362.8921341460684,1345.8560275556026,1353.1505497539895,1402329
2023-12-28,1359.6141357421875,1369.078664489169,1355.9206611092193,1357.9059262676199,1928616
2023-12-29,1353.7508544921875,1368.293911796128,1345.8561195853074,1360.9992763830335,1481617
2024-01-01,1370.0482177734375,1381.128641438665,1343.547582927128,1348.118212602675,1222315
2024-01-02,1356.9366455078125,1374.7114946508243,1349.364953827733,1370.325492914237,1440888
2024-01-03,1327.5732421875,1352.7350372489568,1325.495662778756,1348.1181941184143,1651716
2024-01-04,1311.1373291015625,1334.0831312701805,1308.5519643935397,1326.8808103863146,3392241
2024-01-05,1323.002685546875,1328.588998413415,1312.9379444239767,1315.800364779615,1776925
2024-01-08,1336.945556640625,1341.285344422733,1320.925132318283,1325.0340779265364,2025264
2024-01-09,1348.487548828125,1367.4627062500501,1341.054386385841,1348.6721774648954,3119270
2024-01-10,1377.75830078125,1392.4398844402115,1353.7046157651198,1361.8764055411023,4368914
2024-01-11,1371.017822265625,1385.0529807171993,1361.0453957181012,1385.0529807171993,2271368
2024-01-12,1422.7265625,1435.8383531790014,1383.6680207323045,1389.6699173854643,5862043
2024-01-15,1466.493896484375,1495.4876917043698,1454.7671609020815,1486.6233761043168,9712071
2024-01-16,1436.253662109375,1465.3859868974432,1420.1409249201436,1465.3859868974432,4459799
2024-01-17,1455.13671875,1463.5393511566779,1400.3348103839382,1403.520387229117,3846289
2024-01-18,1447.426513671875,1462.8005108979335,1419.2637709894354,1456.1523019740107,3205598
2024-01-19,1458.9647216796875,1479.4821134035146,1449.7529427853356,1460.8722754990679,2374099
2024-01-23,1417.743896484375,1458.918159874394,1411.6026731365087,1450.5437334221867,3196630
2024-01-24,1466.827392578125,1471.2936853602157,1417.7904033461268,1423.7455739743466,2136023
2024-01-25,1442.4949951171875,1460.8722092139876,1429.9333551016532,1460.8722092139876,2641656
2024-01-29,1465.10595703125,1478.1792990974766,1442.4949601177295,1456.2197146165115,2521598
2024-01-30,1450.916015625,1481.7617301897492,1446.914855157273,1470.1771518639816,1939386
2024-01-31,1466.4552001953125,1471.386852584458,1438.866093286734,1450.9160312619344,7025931
2024-02-01,1467.7578125,1485.9954293668789,1457.4758325044618,1466.4551012412028,2845408
2024-02-02,1473.666259765625,1501.7206078067386,1465.5244572254835,1474.643321504608,2337374
2024-02-05,1447.2403564453125,1478.086181437919,1443.6114158134608,1474.7828902095391,1452864
2024-02-06,1510.885986328125,1513.9100845301675,1449.7527234933118,1457.1500875072172,4988311
2024-02-07,1503.070068359375,1516.608770942256,1487.8099784781102,1514.8408136146845,3320199
2024-02-08,1520.237548828125,1533.171293984498,1504.8844341225306,1512.9796673513104,3496692
2024-02-09,1517.2598876953125,1532.287352797507,1502.4185891020823,1526.0065332247832,3341297
2024-02-12,1551.0833740234375,1567.8787976760395,1525.0761717454177,1525.0761717454177,4885445
2024-02-13,1549.8272705078125,1558.5739169979029,1534.0089083651471,1558.5739169979029,3129897
2024-02-14,1555.3170166015625,1560.341694951102,1512.4678245239581,1535.0788203041745,1386643
2024-02-15,1546.9893798828125,1578.5795349866846,1535.404687381072,1561.3654345462169,2555162
2024-02-16,1551.5487060546875,1560.4349493219129,1535.3582375204146,1558.5739654825309,1776881
2024-02-19,1558.8062744140625,1565.9710153180474,1544.2906261083974,1553.9211928198683,762624
2024-02-20,1547.4544677734375,1556.480192999614,1530.659044976455,1545.5469141069252,2240414
2024-02-21,1522.563720703125,1549.082736009099,1518.609130701357,1540.4756871817215,2890991
2024-02-22,1569.181396484375,1573.8338554910379,1525.076062384125,1529.7285213907878,3820901
2024-02-23,1549.9666748046875,1579.3701921889558,1547.8264982871924,1579.0445427846644,2191549
2024-02-26,1535.12548828125,1552.8512897422097,1525.5413768625194,1549.9667877454965,1844253
2024-02-27,1543.4998779296875,1557.0850357976242,1533.450520829884,1534.3810126507758,2049420
2024-02-28,1537.0794677734375,1555.7823307308072,1529.9146125727627,1548.9896949770578,936575
2024-02-29,1548.1988525390625,1561.1327120599835,1522.8895194794002,1528.0072246895506,3532888
2024-03-01,1529.8216552734375,1562.4818970764331,1525.1691959400923,1558.9925525764245,2371138
2024-03-04,1524.0989990234375,1539.0334378539533,1521.354093646441,1534.3809788519764,1788071
2024-03-05,1506.7919921875,1516.655183326583,1495.3470102981103,1511.1188021150763,3339546
2024-03-06,1529.9144287109375,1535.3113260791997,1492.369110817538,1500.8831327065145,2366177
2024-03-07,1523.81982421875,1539.545157377856,1516.79456613149,1535.3113745169906,3181239
2024-03-11,1524.7506103515625,1544.4305372144222,1518.6093863848635,1539.964130555674,2970902
2024-03-12,1521.9124755859375,1549.268959204289,1519.5397894753528,1522.1916685803276,2414182
2024-03-13,1518.0972900390625,1536.4745021005222,1498.4173668105927,1524.8433552261806,2564135
2024-03-14,1562.5284423828125,1566.0177868276155,1498.0918816354492,1520.4236860821889,3513306
2024-03-15,1532.7991943359375,1560.4347554836788,1528.6584376564163,1560.4347554836788,3931561
2024-03-18,1529.170166015625,1547.6869745740382,1520.6561437785329,1535.2183623959586,1183544
2024-03-19,1487.99609375,1527.44897167879,1483.297064381414,1527.44897167879,1915379
2024-03-20,1476.7835693359375,1506.5593080705457,1468.409142816829,1493.2067729488308,1815178
2024-03-21,1484.87890625,1507.3501930534849,1473.2942148269315,1496.2308611303752,2684744
2024-03-22,1449.566650390625,1462.2213163497697,1403.367709087156,1451.5672305087319,7468824
2024-03-26,1453.6610107421875,1481.8549615215313,1447.426760274957,1453.6610107421875,4496344
2024-03-27,1438.7264404296875,1467.2460380993846,1432.957436444408,1459.9416998579716,2589697
2024-03-28,1436.2606201171875,1452.5442261273283,1424.582902944318,1441.3317548404627,5301493
2024-04-01,1448.4964599609375,1459.9415539056463,1440.4012271803317,1441.3317189291563,1014857
2024-04-02,1422.070556640625,1456.2195577034008,1419.092914952857,1450.6366073224292,2031775
2024-04-03,1429.095947265625,1450.125041273224,1412.486689737772,1419.3257824156601,3343884
2024-04-04,1432.631591796875,1444.5883876182102,1413.1377222152873,1433.7016799862677,3388449
2024-04-05,1437.842529296875,1440.1221888921655,1417.8835245751386,1435.2371066861738,2773570
2024-04-08,1433.0037841796875,1445.984097925744,1430.7705813885884,1445.984097925744,1820136
2024-04-09,1433.4227294921875,1453.2422518093103,1427.8863482853492,1432.957483555968,2432095
2024-04-10,1432.1666259765625,1444.2630206374945,1429.4216067291661,1433.93458329794,1829986
2024-04-12,1415.7431640625,1435.702166192672,1410.8115124702454,1430.1657858455883,4319991
2024-04-15,1400.436767578125,1424.117739105891,1390.1547874708926,1402.3442076693818,3295684
2024-04-16,1374.6156005859375,1397.2264834874047,1365.3106824572449,1383.0364833411486,2446933
2024-04-18,1364.8919677734375,1377.9654238947237,1351.1672127816285,1374.383052935982,5180223
2024-04-19,1346.886962890625,1354.330897745979,1335.2558146791341,1341.769257677569,5219506
2024-04-22,1364.008056640625,1370.8937192042458,1349.6784591077785,1351.2602498545655,1939632
2024-04-23,1383.315673828125,1397.0868844825352,1368.8464807298933,1372.3823950465996,2783858
2024-04-24,1376.4300537109375,1392.899713837478,1373.685148218324,1386.4328409865113,1321471
2024-04-25,1399.599365234375,1409.741749307336,1377.081393889339,1377.081393889339,4558032
2024-04-26,1371.4052734375,1425.0015767091554,1363.1238739617388,1411.4164195749272,4328477
2024-04-29,1290.96435546875,1336.1862345620518,1285.009185188157,1316.6459066192922,11493223
2024-04-30,1271.610107421875,1300.7345470265054,1267.7485436246807,1280.7289727560621,7606726
2024-05-02,1266.1202392578125,1282.1247675374639,1263.6079566485755,1263.6079566485755,6555505
2024-05-03,1254.349365234375,1274.7736123484206,1240.8572357606142,1274.7736123484206,5964228
2024-05-06,1264.3524169921875,1270.1214212368916,1254.7683051560061,1263.6079780510615,2504082
2024-05-07,1255.06396484375,1271.9905893744017,1250.5377126715211,1271.0946858964521,5096525
2024-05-08,1238.7501220703125,1257.9398105510415,1232.7622007168059,1255.0636652399298,6832455
2024-05-09,1244.785400390625,1262.6548914586388,1239.551795983854,1240.0232877282374,5653762
2024-05-10,1241.154541015625,1247.4725980268522,1229.2729747678459,1244.8321988116732,3357203
2024-05-13,1238.0430908203125,1246.5299425304079,1227.4345261826932,1241.1548673811715,2316566
2024-05-14,1245.7283935546875,1251.2919040933905,1234.082455289736,1246.6241818318576,3200462
2024-05-15,1256.902587890625,1263.880688022762,1243.087858157395,1244.0308415506493,2975965
2024-05-16,1271.2833251953125,1280.3831396841765,1252.7536749895532,1268.3129039224307,5055915
2024-05-17,1257.185546875,1273.9706990952038,1254.3565963958843,1273.9706990952038,2487831
2024-05-21,1265.389404296875,1272.8860760269174,1239.080145312701,1239.080145312701,4966721
2024-05-22,1266.473876953125,1275.7622402416716,1263.5977315945643,1272.0373868174474,2390777
2024-05-23,1276.3753662109375,1280.9958932862505,1261.7119266988338,1269.8687570198047,3326149
2024-05-24,1268.501220703125,1282.4574210349697,1264.3992659446644,1282.4574210349697,1769966
2024-05-27,1276.1396484375,1282.080375569564,1261.711954483371,1273.9707402892632,1942325
2024-05-28,1280.94873046875,1285.5693723560075,1268.8784963686019,1280.4300435316038,2147233
2024-05-29,1275.9508056640625,1288.6810814657495,1270.151434776794,1288.1153144521745,3845920
2024-05-30,1255.91259765625,1274.489442355841,1249.5474587970853,1269.2558376941877,4150461
2024-05-31,1248.604248046875,1264.446414590915,1240.730359987119,1255.912369110831,10319045
2024-06-03,1239.5045166015625,1277.50679466258,1235.166815869828,1273.5463103227967,5384064
2024-06-04,1229.22607421875,1249.4530223860959,1164.5845152051536,1249.4530223860959,5447244
2024-06-05,1267.0867919921875,1279.534242365255,1241.0604722816386,1244.738130689824,3005139
2024-06-06,1317.819580078125,1319.9884884007288,1273.8765673709258,1276.7997935068202,5936709
2024-06-07,1349.8809814453125,1356.6233369978188,1318.2910318271372,1326.7778839633634,5884025
2024-06-10,1337.857666015625,1359.7820295291851,1317.8192692559196,1357.8960627753304,3293739
2024-06-11,1347.3348388671875,1355.9630455991778,1334.6988372450255,1343.7514556081176,2269082
2024-06-12,1356.717529296875,1388.0717311033884,1352.709849366719,1388.0717311033884,5990861
2024-06-13,1361.8095703125,1374.5869269748102,1355.161490955782,1365.20428770539,4232861
2024-06-14,1349.4564208984375,1363.5539764783596,1343.1855583579998,1361.8094802359026,3065114
2024-06-18,1355.255859375,1357.660513378217,1345.6846688025016,1349.456602855992,2223029
2024-06-19,1363.41259765625,1369.117693570754,1348.7492740803432,1357.9433627144433,3117522
2024-06-20,1361.1492919921875,1366.3357004990285,1348.0419153085722,1366.3357004990285,3163919
2024-06-21,1365.298583984375,1397.4542970530174,1357.1417540067591,1378.641823008878,6489262
2024-06-24,1358.69775390625,1361.6209797362428,1345.2602390218217,1355.868803404265,1988692
2024-06-25,1365.3929443359375,1367.420381929851,1345.1187986173898,1358.7920596833872,2079037
2024-06-26,1361.3851318359375,1370.4378648520903,1356.1987229709794,1365.3928114134053,1917424
2024-06-27,1371.9466552734375,1377.2745348301157,1342.3369516872913,1353.1812614480245,6613193
2024-06-28,1376.378662109375,1384.959788741124,1359.7821759108838,1384.299746350331,4943575
2024-07-01,1385.1011962890625,1394.2952847856982,1372.0408987287185,1381.4707330842423,3723295
2024-07-02,1396.3701171875,1407.3557836951686,1389.0147992937596,1390.900766434688,3811366
2024-07-03,1396.558349609375,1404.1022164539902,1387.3170666806122,1404.1022164539902,2070876
2024-07-04,1435.551025390625,1447.0554940959385,1400.330611812551,1400.330611812551,6822557
2024-07-05,1432.769287109375,1442.0576524322273,1419.708987433259,1436.1640050052524,3061687
2024-07-08,1445.970947265625,1452.1946154526493,1420.321726549896,1440.8788132543168,2939620
2024-07-09,1443.802001953125,1458.1354201014115,1438.049825672493,1445.9709100294026,2658608
2024-07-10,1423.8580322265625,1445.2166336603789,1403.0181178137527,1443.8021582688718,3507096
2024-07-11,1425.69677734375,1446.5366896815103,1422.0663138890977,1428.620003173069,3304053
2024-07-12,1471.2427978515625,1476.7121481480785,1424.3765643535587,1442.7647424435252,6430647
2024-07-15,1480.10693359375,1543.0982797792644,1478.032415860756,1489.9139853803376,10337489
2024-07-16,1480.059814453125,1492.7428966209804,1466.3393583358336,1475.769193437672,3540650
2024-07-18,1503.63427734375,1508.0662534294595,1468.2252034326518,1469.2153820802357,4399468
2024-07-19,1503.63427734375,1524.2855224136326,1498.023456857912,1518.6748170380768,5633838
2024-07-22,1487.17919921875,1503.5871345272762,1481.3327477814792,1498.0235090632552,2704495
2024-07-23,1518.7738037109375,1521.101896503033,1473.876213495106,1495.6361269781773,2907674
2024-07-24,1504.85302734375,1518.4411263736476,1498.34408826719,1514.6402724903594,2484299
2024-07-25,1508.5589599609375,1514.6403496827024,1485.0411753595279,1491.8352252207296,2934731
2024-07-26,1553.931884765625,1558.350401480594,1514.6405731463822,1523.0024997466,2814159
2024-07-29,1551.0809326171875,1563.1011561962341,1539.3458194759266,1558.5400851487932,1639491
2024-07-30,1549.08544921875,1551.698536159619,1537.4453346639702,1547.897682427446,1783877
2024-07-31,1560.8206787109375,1563.1012143194587,1538.5856595153593,1540.296090219965,1984986
2024-08-01,1558.8729248046875,1573.0785713350297,1554.644404805801,1558.3978180178149,1785188
2024-08-02,1529.1787109375,1557.400006948139,1521.4344473138951,1539.3935065901494,1692851
2024-08-05,1484.613525390625,1516.2555638485455,1460.4780804334277,1496.5861917258612,3279717
2024-08-06,1503.950439453125,1525.0926901420096,1485.1837225495083,1485.1837225495083,2138704
2024-08-07,1515.21044921875,1534.594828141211,1510.8394902442883,1525.092692982442,1897787
2024-08-08,1480.2901611328125,1522.242112718734,1477.1545260019577,1517.4910449511974,2373805
2024-08-09,1510.7921142578125,1522.2422348937073,1497.3941252766115,1505.993605023192,2021762
2024-08-12,1506.3260498046875,1520.8168066313845,1495.4935919946815,1510.8395642261178,1273739
2024-08-13,1513.3575439453125,1528.3234064711412,1499.1043415397614,1499.436893063986,1973825
2024-08-14,1545.1898193359375,1548.610564987774,1518.6788375466851,1520.4367094517945,3932148
2024-08-16,1585.19384765625,1590.6575758888432,1551.413707577591,1553.599245267777,3101056
2024-08-19,1594.933349609375,1601.1097373201053,1576.451743549025,1582.105467440935,1631947
2024-08-20,1602.7725830078125,1610.6594012673916,1586.096290082265,1596.358642035349,2786109
2024-08-21,1593.74560546875,1604.7680589572774,1590.41985819247,1602.05997365945,1410370
2024-08-22,1592.7005615234375,1603.0103559669744,1589.7073654610244,1603.0103559669744,1749127
2024-08-23,1578.7322998046875,1602.0125324219466,1574.6464510226854,1592.605510811716,2158185
2024-08-26,1633.8446044921875,1647.6702577231686,1584.1009494947923,1587.8068054529497,2672708
2024-08-27,1626.3853759765625,1669.3825361265244,1620.2089883307117,1639.9259181232355,3556487
2024-08-28,1633.8446044921875,1651.2335584535388,1608.7590601446714,1627.2882239425962,2516461
2024-08-29,1664.631591796875,1668.5750012455442,1612.7499549339407,1628.6660319674618,5112407
2024-08-30,1665.9619140625,1678.3622473431574,1655.462007890427,1664.6315918879181,4792561
2024-09-02,1716.7032470703125,1721.7868661088723,1672.3757639909577,1676.3666143033379,4445349
2024-09-03,1701.309814453125,1726.6805859867384,1698.079181157948,1716.085681641816,2553290
2024-09-04,1696.3687744140625,1706.2510187323146,1677.1269496377652,1677.2219477961119,2644961
2024-09-05,1701.4051513671875,1708.1990863858653,1679.3126833039928,1702.7829148062344,2878565
2024-09-06,1668.6700439453125,1706.3460355752143,1653.4191855883776,1698.9818803332773,3351716
2024-09-09,1659.785400390625,1678.3621203687821,1654.4642280877295,1670.8078535879497,1418238
2024-09-10,1690.5250244140625,1700.2172729124052,1660.1657457191857,1662.3511674446404,2307528
2024-09-11,1690.1922607421875,1707.391101869369,1685.393636176809,1689.6695969207808,2303930
2024-09-12,1717.60595703125,1723.8773431430982,1688.6244443088503,1710.3843573875197,3349489
2024-09-13,1722.5472412109375,1729.3887326572687,1706.2510549546316,1715.135528816687,1599349
2024-09-16,1721.6441650390625,1733.4268346676054,1718.1758628510247,1728.4382142033023,836199
2024-09-17,1723.4500732421875,1736.9906182697277,1717.226127200797,1721.739642209977,830317
2024-09-18,1669.050048828125,1718.0810432894054,1653.4665238927003,1718.0810432894054,2629136
2024-09-19,1650.0457763671875,1687.5792103818744,1635.7925735768001,1687.5792103818744,4167373
2024-09-20,1672.4234619140625,1678.172184491221,1635.697683759818,1660.97334185027,4644317
2024-09-23,1665.5343017578125,1676.1766467687235,1646.2449209335675,1676.1766467687235,1541597
2024-09-24,1687.1990966796875,1694.7058066585246,1651.803643190464,1662.8736538561357,1907389
2024-09-25,1693.6605224609375,1695.2283978945752,1667.6246500255008,1690.2397771466358,2240579
2024-09-26,1695.038330078125,1718.366117918183,1690.3348196466566,1693.5180116755291,4303250
2024-09-27,1718.3662109375,1737.5130372122394,1707.1062035428931,1719.8865294223942,4099016
2024-09-30,1706.678466796875,1730.0536960084626,1700.0745292813926,1717.9860307954837,2117894
2024-10-01,1726.0628662109375,1731.7165902811503,1700.882207826908,1700.882207826908,1642542
2024-10-03,1690.0023193359375,1719.2213853688677,1681.8779472613437,1689.4796554975533,3552386
2024-10-04,1688.1494140625,1717.8911453556686,1679.2649403352655,1689.4797362660076,2982759
2024-10-07,1688.4818115234375,1714.3751290778628,1679.882449050618,1696.0835194293238,3419048
2024-10-08,1700.359619140625,1704.6831372627134,1656.22224540073,1685.6788659442886,2353030
2024-10-09,1719.601318359375,1734.1396312541558,1701.0247140969975,1703.7803564356443,2499596
2024-10-10,1718.6036376953125,1748.3452500909998,1707.5336274296542,1729.3885375191824,3753869
2024-10-11,1748.0604248046875,1760.5557565027693,1711.002095414511,1714.185287689196,2977110
2024-10-14,1763.5013427734375,1772.6233696141549,1741.1713244480918,1754.1417625462805,1751092
2024-10-15,1776.994384765625,1789.0146096971257,1738.843286501674,1738.8908435776073,5696544
2024-10-16,1772.3858642578125,1791.152582295122,1761.743518654055,1775.9491651509725,2144442
2024-10-17,1774.808837890625,1783.5983128458208,1759.2727542295856,1776.8042630602597,2399099
2024-10-18,1765.211669921875,1780.605199066697,1751.2435770985392,1774.048702356469,2366406
2024-10-21,1751.813720703125,1794.478333346907,1748.3929750374948,1781.935560575307,1284980
2024-10-22,1743.34912109375,1771.3249607821288,1740.240694461708,1750.0920624889934,2089660
2024-10-23,1765.347412109375,1783.7588641928671,1715.3734707398967,1715.3734707398967,2522186
2024-10-24,1764.534423828125,1781.7980786008827,1757.6479926276274,1764.6300443824068,1621637
2024-10-25,1771.6597900390625,1790.0234892197363,1760.039032630313,1778.9765718707056,4078295
2024-10-28,1790.2147216796875,1795.0447853940248,1764.7255986455334,1764.7255986455334,2418907
2024-10-29,1790.2147216796875,1794.183966932197,1770.5598532713286,1790.2147216796875,1719955
2024-10-30,1758.7001953125,1788.01495918398,1755.3526585928244,1779.933095804746,1732047
2024-10-31,1689.119140625,1763.577893335124,1680.032970135899,1759.8477578890368,3616088
2024-11-01,1680.845947265625,1703.7048630604625,1674.724714222872,1699.592128597398,242223
2024-11-04,1686.1541748046875,1704.4700059443742,1668.9861405755373,1686.2020434582648,2843690
2024-11-05,1696.2923583984375,1705.6653901226484,1684.767222268796,1691.9405144442237,1818350
2024-11-06,1758.317626953125,1772.2816141620683,1705.330878602789,1713.0780117955135,3477029
2024-11-07,1752.1483154296875,1781.4154411642553,1735.1715237990088,1769.459954100397,2173869
2024-11-08,1757.4566650390625,1773.381397762631,1748.4183631771275,1758.843454889943,1521324
2024-11-11,1785.9586181640625,1792.3667128589661,1754.109152285669,1766.255881066567,1679869
2024-11-12,1791.2667236328125,1810.4911238155648,1783.2326128354937,1808.6261145022609,2711052
2024-11-13,1783.5196533203125,1797.7227493432895,1778.1157495347006,1784.715202089129,1254074
2024-11-14,1777.9722900390625,1814.364841871021,1765.9211815985996,1790.4538660951773,2462563
2024-11-18,1755.0654296875,1783.806466122739,1735.9366511622957,1777.9720952703128,2483933
2024-11-19,1741.2451171875,1783.758785233633,1738.1366903499616,1756.978492479455,2354204
2024-11-21,1756.356689453125,1759.4173642266592,1740.9101766469703,1755.0655201866548,1841245
2024-11-22,1815.7037353515625,1819.1468922386778,1756.5001406920778,1765.92104104738,2765950
2024-11-25,1809.295654296875,1836.3150567143796,1796.6707058861032,1835.4064863430567,6531524
2024-11-26,1816.8038330078125,1831.5329008854037,1806.8568435981363,1807.7654139889494,2079873
2024-11-27,1808.674072265625,1833.4936183639497,1804.89606804986,1814.1257280291195,1631975
2024-11-28,1760.7086181640625,1817.7123604992437,1755.0656045862204,1802.9831762164592,3631255
2024-11-29,1767.547119140625,1790.7407646083655,1754.0612360024977,1761.7606165599218,2482280
2024-12-02,1789.9754638671875,1796.7184050488115,1755.4957936168228,1767.5470175799635,2014744
2024-12-03,1808.38720703125,1813.6954906748729,1790.501842772978,1801.931243182269,2954648
2024-12-04,1814.9864501953125,1827.7548872027612,1795.8098019827223,1800.018156837047,3730643
2024-12-05,1840.1885986328125,1853.6743649084067,1801.931039409677,1802.8874783902554,3881814
2024-12-06,1838.9451904296875,1854.869922886312,1831.8676353403484,1842.1014857824619,2250408
2024-12-09,1826.7027587890625,1842.1492710538757,1818.1904288541773,1831.5805740430033,1379520
2024-12-10,1852.0006103515625,1858.1697118734755,1828.9025854496772,1832.9674511471153,2695207
2024-12-11,1846.7880859375,1850.5182213829855,1832.5371215063308,1842.3406212429904,1387117
2024-12-12,1851.857177734375,1864.0996438512484,1837.7975708877239,1841.0972387947513,2306173
2024-12-13,1883.037109375,1888.9669843462561,1829.0460589352936,1854.5351810872864,2569918
2024-12-16,1869.264404296875,1893.749219337751,1865.2951590977016,1884.9977791402498,1371189
2024-12-17,1865.6298828125,1877.6809908151913,1853.578774809809,1860.560826183848,1987909
2024-12-18,1874.9552001953125,1886.0498694216537,1861.9476529384706,1864.0996407227838,3460812
2024-12-19,1849.9923095703125,1861.4217099930652,1826.7986616410997,1826.7986616410997,1916115
2024-12-20,1828.089599609375,1872.3727705645813,1813.7908837273742,1869.4555850087092,3786921
2024-12-23,1820.103515625,1854.9179204620316,1816.4212486260326,1834.9283209283042,2058339
2024-12-24,1814.31689453125,1839.8538856039963,1806.9523610128151,1825.4594321101026,1310301
2024-12-26,1817.9515380859375,1825.7465397531653,1804.1310404096641,1822.590244163083,1065107
2024-12-27,1809.5826416015625,1820.0078503609286,1800.687711936963,1817.2341538282076,1328546
2024-12-30,1844.9229736328125,1883.1805338668037,1784.3804546142062,1805.7568430443873,6262203
2024-12-31,1833.876220703125,1843.8232099723618,1796.7185877132538,1831.7719847840262,1968650
2025-01-01,1828.66357421875,1852.5745501977226,1824.7900661618437,1833.8762370338534,880695
2025-01-02,1886.2890625,1890.210556038001,1826.8464684786386,1828.6636092856363,3487645
2025-01-03,1861.85205078125,1905.3221577527042,1856.4481469411373,1893.749268904406,2853344
2025-01-06,1867.9732666015625,1887.4367772234918,1845.9273005851599,1866.2516296719136,1789037
2025-01-07,1832.44140625,1894.7055584966804,1825.7463336051353,1874.6203405620868,2494547
2025-01-08,1848.079345703125,1854.0570897376158,1812.0216403882027,1823.2597991730452,2372138
2025-01-09,1850.5181884765625,1859.7477312476349,1836.362844846416,1842.8666766230358,2742139
2025-01-10,1908.19140625,1915.1255889298677,1850.9485560295154,1851.6658852722603,4802079
2025-01-13,1902.73974609375,1924.5464849686496,1879.7852103815571,1908.0001605277942,5694121
2025-01-14,1734.5499267578125,1854.5351478756718,1719.4381444525472,1851.7614515344771,15819311
2025-01-15,1746.170654296875,1763.2431840319339,1733.5935747144458,1756.0220228034866,3350594
2025-01-16,1714.177734375,1757.8869483579,1707.5305302718773,1753.1526221840563,5362008
2025-01-17,1728.3319091796875,1732.3896594889736,1690.7973060382847,1712.9702236877545,2424374
2025-01-20,1735.384521484375,1738.0897667398146,1702.9221681054837,1729.491077824964,3401004
2025-01-21,1741.374755859375,1759.1034419574432,1730.747191470232,1730.747191470232,4005357
2025-01-22,1765.8179931640625,1769.4410262938272,1742.9688252421668,1746.9782208892855,3009261
2025-01-23,1745.8189697265625,1767.0257440156777,1743.1137243694504,1755.528746091155,3750930
2025-01-24,1732.1480712890625,1767.4606169260542,1730.4573223886894,1739.0560118123294,3171259
2025-01-27,1653.987060546875,1719.49154763156,1649.494593752443,1714.9023722691495,4174844
2025-01-28,1635.9202880859375,1671.909085210521,1633.746468125392,1653.9871001386684,5079829
2025-01-29,1660.7984619140625,1665.7257636062814,1638.577191044939,1638.577191044939,3733620
2025-01-30,1655.0982666015625,1674.276166696466,1640.3645972738043,1663.6969562229247,2543744
2025-01-31,1667.030029296875,1679.3483424760545,1651.1853914005399,1651.1853914005399,2033832
2025-02-01,1636.64501953125,1673.3100718198589,1630.8481658611277,1667.56157243857,569018
2025-02-03,1634.712646484375,1643.0214460409877,1605.2453085897098,1608.626806380901,2659929
2025-02-04,1673.8897705078125,1677.1263233961658,1634.7610101286127,1637.707673172577,3647768
2025-02-05,1654.856689453125,1687.657288812703,1652.1032076944243,1671.426052228862,2681942
2025-02-06,1665.1461181640625,1669.9284749838764,1654.856679921284,1665.4842443540108,2057798
2025-02-07,1667.2232666015625,1672.3921036464053,1643.0697122450285,1664.807911165909,2428098
2025-02-10,1675.1456298828125,1681.0874280002695,1654.1320370328092,1665.580798515355,1823071
2025-02-11,1664.856201171875,1689.7827172461298,1656.9338822625002,1683.792682747557,1702553
2025-02-12,1659.156005859375,1683.406150887176,1641.620501779214,1665.5325206329032,2214307
2025-02-13,1645.436767578125,1671.3776622237708,1642.6832858782689,1654.0354567996449,1838463
2025-02-14,1653.3109130859375,1665.049564924085,1642.3934585667596,1653.0693775252237,1460459
2025-02-17,1652.0067138671875,1661.9096722714025,1636.7416186155301,1653.3109823622358,1127023
2025-02-18,1667.078369140625,1669.9767957459114,1643.6494207478922,1648.2385962062626,1511900
2025-02-19,1654.3253173828125,1672.9717908679559,1645.7748646604261,1664.8561728929824,1294110
2025-02-20,1630.413330078125,1656.49916969081,1626.548761246616,1647.465645697333,1681532
2025-02-21,1643.117919921875,1646.4511811272835,1628.0944801366097,1632.7802460125636,1222563
2025-02-24,1588.3861083984375,1632.7802946794557,1582.154420535075,1627.9495837484515,4455420
2025-02-25,1580.7052001953125,1596.018530190741,1576.019434200624,1580.6086095645796,1951519
2025-02-27,1574.038818359375,1603.7960451675156,1560.5128276169983,1565.1503573321536,2266866
2025-02-28,1521.7222900390625,1560.2712687283688,1509.5488042031996,1557.4211964680562,4910121
2025-03-03,1519.162109375,1549.112519359364,1515.3457766952652,1521.7224099449918,1784684
2025-03-04,1483.51123046875,1507.1817124918593,1471.4344539263473,1507.1817124918593,3246644
2025-03-05,1519.693359375,1527.85733190497,1479.2120946641812,1480.129882599235,3112003
2025-03-06,1531.7701416015625,1540.7069571720203,1521.8189474584497,1526.5047136565845,2011489
2025-03-07,1505.2012939453125,1533.267773906609,1502.9308832109803,1529.0650786430938,2091986
2025-03-10,1496.84423828125,1519.210337066457,1494.6220639266126,1504.2834864471465,1855766
2025-03-11,1514.76611328125,1520.6595574585015,1471.0481761741867,1478.1492981720755,1846190
2025-03-12,1488.438720703125,1512.0126150946132,1456.0729554598856,1503.3173348800117,3113860
2025-03-13,1482.786865234375,1495.5398961640974,1477.3764920501683,1488.4387739887454,1983351
2025-03-17,1492.834716796875,1495.153481777532,1467.618427733285,1476.2653536705113,2029100
2025-03-18,1492.834716796875,1492.834716796875,1492.834716796875,1492.834716796875,0
2025-03-19,1492.1583251953125,1508.4861525271813,1473.4634965665346,1505.7326707494562,4522829
2025-03-20,1509.114013671875,1528.533446982503,1494.6702359400012,1495.4430788850243,4608677
2025-03-21,1513.655029296875,1538.1468299009719,1469.9854463852864,1483.1249575141221,8109210
2025-03-24,1549.8370361328125,1556.358495992976,1507.18183434888,1537.1322425955566,2487843
2025-03-25,1569.8846435546875,1602.781718038102,1564.136026119406,1567.0828073031237,4906013
2025-03-26,1578.0966796875,1589.2555512405208,1567.082635113427,1569.8844710571277,3096513
2025-03-27,1574.956787109375,1589.3039757038034,1558.9188496046233,1570.6091470542583,3383080
2025-03-28,1538.58154296875,1570.5125917104574,1528.050568788916,1561.3824766271716,2211077
2025-04-01,1478.5357666015625,1531.3354640765813,1474.4296620448904,1523.6063260875512,4126827
2025-04-02,1475.83056640625,1486.4581306179255,1455.3966352663454,1463.7054346080174,3167863
2025-04-03,1420.32568359375,1449.2133601604044,1415.3983817566616,1449.2133601604044,3966161
2025-04-04,1373.9508056640625,1406.8962312556212,1371.052379050073,1399.9400545569586,4421312
2025-04-07,1327.5760498046875,1336.8993461584896,1258.6418234565292,1299.461333754774,6484139
2025-04-08,1355.835693359375,1376.0280898289989,1325.5471576235818,1333.2762955689088,3938359
2025-04-09,1333.2762451171875,1341.681635139753,1311.1033286504771,1333.904261138938,3306801
2025-04-11,1343.4691162109375,1376.7526686392682,1313.9534241048455,1313.9534241048455,4859622
2025-04-15,1378.201904296875,1380.4240786220748,1358.395988392153,1371.9219797417193,3265147
2025-04-16,1383.225830078125,1387.4768796206802,1357.9129499749583,1367.0913014689193,2553111
2025-04-17,1389.3123779296875,1393.273537060948,1337.1407030978355,1371.9218196524034,3549969
2025-04-21,1431.82275390625,1448.24717146118,1381.5833590323464,1386.4140700779142,2840104
2025-04-22,1429.7939453125,1449.1167903929115,1414.9153310131258,1439.5519584906503,2608145
2025-04-23,1540.0306396484375,1545.827492746236,1491.4336406703164,1502.351094512748,13293318
2025-04-24,1532.9779052734375,1549.0159614375018,1522.7368207144577,1540.9969333554695,3193118
2025-04-25,1524.765625,1563.2181330496833,1515.0076120338092,1536.1661505247198,3800415
2025-04-28,1514.11328125,1533.7567583224293,1502.1902887075348,1529.45666460708,2618810
2025-04-29,1533.3658447265625,1544.8978981613313,1512.9404887096887,1519.6838040470393,2231069
2025-04-30,1531.8997802734375,1551.836490268637,1518.7063850366328,1535.3202901496463,3682256
2025-05-02,1536.6885986328125,1545.0932566245697,1521.7360355269539,1531.4112164014552,1370848
2025-05-05,1532.974853515625,1561.4139275341602,1527.795295583931,1544.1159672656072,1012225
2025-05-06,1543.2364501953125,1547.8297783303724,1529.5544093893036,1540.988757927368,2055057
2025-05-07,1527.79541015625,1542.552445065166,1509.9109799560442,1516.7520005772044,5469936
2025-05-08,1544.800048828125,1561.7071893987334,1520.465658023644,1526.4270946492481,2789018
2025-05-09,1533.7567138671875,1541.8681374630637,1521.9315459661677,1530.4339088517308,2035161
2025-05-12,1632.365234375,1636.9584431829692,1557.7980647365093,1562.4890978451,4028207
2025-05-13,1582.816650390625,1649.7609219305975,1578.516556534311,1646.7313510197612,3118470
2025-05-14,1600.5054931640625,1605.0011161642653,1580.2756668548495,1592.980418660114,1569126
2025-05-15,1657.4814453125,1663.9315261339664,1588.0939555617997,1612.5261702627506,4961582
2025-05-16,1622.201416015625,1655.0382900272623,1620.3445437645119,1653.4746520834565,2586263
2025-05-19,1612.13525390625,1626.2082336338199,1600.896434983901,1623.2763678279898,1642018
2025-05-20,1601.0919189453125,1628.1627647334162,1599.2350467946155,1623.080911866382,2421580
2025-05-21,1614.480712890625,1619.8558000098128,1591.4167265660574,1607.6396929207494,1420835
2025-05-22,1595.9122314453125,1603.4373056992788,1577.3437486544608,1601.1896135717705,2202093
2025-05-23,1610.7669677734375,1632.8537848172423,1585.6506993306352,1595.9122292800785,1459454
2025-05-26,1635.5902099609375,1637.74031650289,1608.2261286111677,1614.871738943854,1078813
2025-05-27,1614.5784912109375,1637.447068579784,1604.2192557885498,1635.7857256593927,2740015
2025-05-28,1619.660400390625,1628.9446418377852,1609.5942803655878,1626.2081861131378,1775441
2025-05-29,1626.8922119140625,1637.4469760410148,1617.9989099115317,1632.0718889814948,2374051
2025-05-30,1599.4305419921875,1626.8923285324765,1590.3418293460747,1626.8923285324765,4408910
2025-06-02,1594.446533203125,1598.062453717386,1569.2324367210683,1588.191861588404,1883100
2025-06-03,1593.3714599609375,1614.1876369033746,1580.2757680175937,1609.4967228998926,2380133
2025-06-04,1589.1689453125,1607.2487841475554,1585.3574959687687,1593.9576832419102,1659720
2025-06-05,1595.325927734375,1616.3376325452718,1587.703028967531,1597.7691492240142,1409322
2025-06-06,1600.5054931640625,1602.557894663253,1585.1621098568744,1594.1531172614302,1261281
2025-06-09,1610.8648681640625,1620.3445199888556,1601.77603634604,1610.571633861058,1299786
2025-06-10,1630.215087890625,1646.6335840705608,1611.5488995120772,1615.751288206324,3055223
2025-06-11,1682.7933349609375,1686.2138452047698,1628.1628760641452,1637.9357624750944,5085821
2025-06-12,1662.563232421875,1686.8000361647303,1656.5040911351205,1685.8227476153882,3607962
2025-06-13,1656.79736328125,1672.1407461373924,1626.7945325520482,1628.1627604119788,1988422
2025-06-16,1683.8681640625,1690.1228346139003,1645.1675615164684,1653.5722191490133,2116100
2025-06-17,1690.3182373046875,1699.309363464099,1680.9362911670594,1688.754599498069,1777245
2025-06-18,1676.9295654296875,1705.368640386869,1671.1635387172182,1688.657028859282,1794428
2025-06-19,1674.9749755859375,1680.6431779554941,1658.6541841904886,1680.6431779554941,2514527
2025-06-20,1700.3843994140625,1703.0230308224286,1670.283863869687,1674.974896704472,2719770
2025-06-23,1664.5179443359375,1690.513917292285,1660.6087898219519,1689.9274486768445,2221446
2025-06-24,1653.376953125,1693.250257678503,1650.8359072468563,1680.8387397878778,3601071
2025-06-25,1678.1021728515625,1681.6203878296467,1662.3678507982415,1663.3451393642604,1307518
2025-06-26,1684.9432373046875,1687.679693080965,1664.0292375800627,1671.1634920195497,2971055
2025-06-27,1684.1614990234375,1712.698278541594,1671.945391473212,1695.5957279712784,6478283
2025-06-30,1689.341064453125,1695.4003254033596,1674.3886203248433,1685.8228493228191,1855229
2025-07-01,1679.2750244140625,1705.368581931321,1675.072635776667,1689.3410252673389,1639826
2025-07-02,1679.568115234375,1699.01618166813,1672.140745950055,1682.890920237285,2069447
2025-07-03,1673.0203857421875,1691.1979299245538,1667.74300341881,1677.027245160667,1839063
2025-07-04,1686.702392578125,1689.7319633318016,1667.449735876389,1676.0499231428803,768500
2025-07-07,1671.554443359375,1686.3114773426612,1664.615718167014,1686.3114773426612,1366412
2025-07-08,1669.306640625,1679.8614052673206,1649.1745192422793,1661.390626792222,2139193
2025-07-09,1635.9810791015625,1675.365856502806,1633.0492133684056,1671.1634678994455,2894808
2025-07-10,1625.9149169921875,1641.7470631206315,1611.5488229903374,1636.958325354042,2740853
2025-07-11,1601.0919189453125,1617.9012347035837,1592.980376059705,1605.880537520897,2548153
2025-07-14,1583.0120849609375,1605.0987829445833,1570.5027434544527,1602.753266499877,3334703
2025-07-15,1530.824951171875,1584.575826428627,1514.7973935993668,1553.8889392406409,14685607
2025-07-16,1527.306640625,1538.2522250024176,1524.5701848816846,1530.8248556536041,5218099
2025-07-17,1508.8359375,1531.215870953708,1507.3700045571536,1528.0884757635454,4966082
2025-07-18,1525.4814453125,1526.6633301202655,1506.9644484412943,1520.7536656165742,3902458
2025-07-21,1507.3585205078125,1527.352814206147,1503.0247422895857,1525.4815165452098,3368842
2025-07-22,1497.2135009765625,1516.6169718680485,1495.4406737376653,1510.0177742647013,3218227
2025-07-23,1506.767578125,1512.874183637855,1495.1451892983487,1501.153324444694,3471536
2025-07-24,1484.5076904296875,1514.7455462558817,1478.9920275496038,1506.9644638665545,4654421
2025-07-25,1467.6651611328125,1489.4324014259423,1464.2178568256334,1478.4995460982325,2733655
2025-07-28,1444.0264892578125,1471.703393813639,1441.465658700526,1467.6651471387913,4404841
2025-07-29,1450.231689453125,1455.2548802216168,1439.0033028790403,1444.0264936475323,6223556
2025-07-30,1454.2698974609375,1461.952509184248,1446.6858763290873,1458.209673681624,1642426
2025-07-31,1445.7994384765625,1460.3765387150347,1437.5258841615207,1442.9430765992654,2306285
2025-08-01,1430.2373046875,1444.8145254719295,1428.1689461223614,1442.943107633972,2152783
2025-08-04,1452.2015380859375,1453.186482140495,1418.9103809489254,1430.2372375763357,2384774
2025-08-05,1460.3765869140625,1463.036008156187,1449.0497296249407,1457.6188155396505,2614394
2025-08-06,1441.170166015625,1461.361520163538,1434.4726182426073,1458.6037488096254,1735697
2025-08-07,1453.2850341796875,1456.9292792933993,1429.1539034867683,1436.0485122561738,1495363
2025-08-08,1453.48193359375,1459.8840701262184,1437.0334155186883,1452.595580105969,2815614
2025-08-11,1465.5968017578125,1507.9493975075343,1443.5340301579827,1452.7925286241757,2374556
2025-08-12,1476.5296630859375,1487.1671073639752,1466.5817518112065,1467.566695902416,3422656
2025-08-13,1478.49951171875,1484.8031777803567,1466.5817125803987,1477.416097293887,2916128
2025-08-14,1467.3697509765625,1493.3721787241154,1463.429974623002,1478.4010766735587,4227538
2025-08-18,1462.6419677734375,1479.287546874046,1453.6790006369354,1475.5447112541108,2795155
2025-08-19,1453.8759765625,1460.2781132767866,1447.0798381577704,1454.0730375239393,2515817
2025-08-20,1473.4764404296875,1477.711748344754,1436.048562932142,1445.8980043788645,10219330
2025-08-21,1471.0140380859375,1482.340895426405,1463.7254275768885,1477.416174843593,2157601
2025-08-22,1444.2236328125,1469.0441769141178,1441.9582132097007,1467.1727590116886,2802805
2025-08-25,1481.5528564453125,1486.9700489562556,1453.9744218441479,1457.7172574901363,2764914
2025-08-26,1470.3245849609375,1483.8182708946867,1462.6419729695385,1479.2875521292813,4092265
2025-08-28,1427.9720458984375,1465.5968635222293,1424.22921011636,1465.5968635222293,4367902
2025-08-29,1432.896728515625,1440.5792203762308,1417.5315043295445,1427.9720080027619,3404604
2025-09-01,1446.2919921875,1450.3302390953695,1424.229219512329,1424.229219512329,2105254
2025-09-02,1443.632568359375,1455.1564868606395,1437.7229035584512,1446.8829320928585,1295198
2025-09-03,1444.0264892578125,1452.7925156018284,1430.7297441997619,1452.7925156018284,1800307
2025-09-04,1421.56982421875,1443.8295361526164,1419.205934404439,1443.0415328037025,2192155
2025-09-05,1397.6356201171875,1430.4343053841567,1381.679574449836,1426.1989978362844,3895199
2025-09-08,1381.8765869140625,1407.0911320942328,1379.90669869323,1402.4619428682502,2929976
2025-09-09,1405.6136474609375,1410.2429566938608,1387.8846543370264,1388.9680687592238,2906889
2025-09-10,1441.8597412109375,1449.7392942796687,1410.5384696697556,1413.2963613367867,3205017
2025-09-11,1445.6024169921875,1448.2618382191527,1436.3440385771949,1441.859701527013,1982922
2025-09-12,1445.10986328125,1457.7171952248143,1440.9731463607454,1452.7924749706763,2110883
2025-09-15,1444.4205322265625,1446.1934797112908,1430.1388426818744,1445.1099450081597,1725617
2025-09-16,1460.7706298828125,1462.8389885301765,1439.1018588043655,1441.8597504891434,1724524
2025-09-17,1459.1947021484375,1476.4312241110413,1453.0880967460891,1468.3547304843955,2656774
2025-09-18,1471.3094482421875,1480.2724149182607,1463.7253070297977,1470.1274432601965,2792406
2025-09-19,1445.3070068359375,1471.3095553104206,1441.958172825239,1471.3095553104206,3197957
2025-09-22,1418.2210693359375,1427.3809775570503,1393.6959365821042,1401.5754895804482,4457129
2025-09-23,1408.2730712890625,1422.4561696296425,1399.0145730377624,1422.4561696296425,3106480
2025-09-24,1420.5848388671875,1422.948608380378,1398.620538653115,1403.6437292172852,2894044
2025-09-25,1402.363525390625,1420.7819328570436,1394.6809129466715,1418.5165132246768,2713246
2025-09-26,1374.2926025390625,1405.0228115224993,1371.0422387937742,1398.6206746315802,2568054
2025-09-29,1366.5113525390625,1381.4824534968982,1362.1775748199761,1376.0652614061464,2990852
2025-09-30,1364.24609375,1383.8465060313804,1361.0943206192737,1371.1407026768466,2782077
2025-10-01,1368.579833984375,1375.7699740443054,1361.192753196406,1365.2309999806755,2253527
2025-10-03,1372.5196533203125,1378.724849469203,1359.6169091870397,1375.474485727891,2793839
2025-10-06,1396.3551025390625,1399.6054659294057,1369.8602043312653,1372.519505117964,1970901
2025-10-07,1411.8189697265625,1420.190995007908,1395.8628023450046,1400.590582361564,1592836
2025-10-08,1431.3206787109375,1436.737871112136,1405.7121328143633,1411.6217972520342,1735807
2025-10-09,1464.119384765625,1468.6501035176059,1430.6312858204308,1431.320698588094,2681316
2025-10-10,1472.98388671875,1475.938718988998,1451.7091184194492,1468.5516383133775,2129445
2025-10-13,1472.1959228515625,1479.5830037253727,1454.269988024091,1467.5667335969492,1820492
2025-10-14,1472.885498046875,1511.889262130931,1467.7637163549157,1492.5843809410892,5802489
2025-10-15,1473.1807861328125,1486.6745919280122,1463.7253471796544,1475.3477352096886,1710696
2025-10-16,1492.1903076171875,1497.016557741116,1475.446257960757,1477.3176757923743,2021043
2025-10-17,1475.5111083984375,1490.5026052102426,1468.5614528351703,1488.2190984767906,3210161
2025-10-20,1484.64501953125,1499.0407346788663,1478.390281024646,1479.184575854568,2354881
2025-10-21,1475.3126220703125,1492.1903573160696,1470.3485822921484,1491.8924664524288,274400
2025-10-23,1512.9400634765625,1536.370306923643,1494.6723729069756,1499.1400086944757,5011470
2025-10-24,1512.8408203125,1521.5774576588615,1505.4940171584299,1514.032141389429,1491451
2025-10-27,1522.470947265625,1538.355874005925,1515.8191826700736,1520.3860748694353,1394846
2025-10-28,1511.1529541015625,1530.9098565142488,1501.1256180606642,1523.9602008750792,1936466
2025-10-29,1546.099853515625,1547.7875785367585,1511.053684754937,1518.9961482753308,2596355
2025-10-30,1538.65380859375,1548.6811446451054,1527.0378828693122,1546.4968944408054,2183395
2025-10-31,1530.4134521484375,1546.993296406407,1526.541476911987,1538.6538065954383,1723467
2025-11-03,1532.3990478515625,1538.5544085723318,1517.2090379673377,1529.0234766336932,2252136
2025-11-04,1518.1025390625,1530.8105286880013,1514.0320509018281,1525.3500852257325,1666863
2025-11-06,1515.4219970703125,1520.8824404996724,1503.4090457641944,1518.102529913232,2474769
2025-11-07,1501.522705078125,1507.876699931102,1479.7801876431495,1504.2032379541695,2238714
2025-11-10,1529.420654296875,1533.7890335362633,1500.5299670520405,1507.0824753149343,1558896
2025-11-11,1558.70849609375,1561.1905159919884,1530.1155783890918,1536.6682078743436,2270763
2025-11-12,1582.535888671875,1588.4927364335006,1562.1833254863207,1563.672537426727,2331564
2025-11-13,1587.00341796875,1593.4566692773499,1568.6364719365813,1587.8969693114916,1944022
2025-11-14,1583.1314697265625,1586.5070408604847,1562.778907562833,1578.5645775770781,2543918
2025-11-17,1594.8466796875,1596.1372572784026,1574.0969697549983,1582.5358371425214,2000978
2025-11-18,1583.7271728515625,1592.46393117536,1578.6638766106146,1592.46393117536,1640123
2025-11-19,1650.6424560546875,1657.4928550760465,1577.1746685281062,1583.8265544385058,6342672
2025-11-20,1633.566162109375,1656.400744077912,1630.7862514797346,1650.6424097132451,2724035
2025-11-21,1596.4351806640625,1631.6798628242454,1594.449564767714,1624.2338032129392,2958835
2025-11-24,1598.81787109375,1628.2049607815773,1591.371811821883,1602.689846153595,6392688
2025-11-25,1589.584716796875,1607.2567460310713,1581.1458495813354,1606.6610855249191,2285950
2025-11-26,1606.263916015625,1615.7948475599933,1589.5846949187028,1589.5846949187028,1243303
2025-11-27,1617.2840576171875,1621.4538022906338,1602.3919392229225,1607.4552352384987,2106176
2025-11-28,1612.5185546875,1625.127287826632,1607.3560020460795,1617.2840811198662,1841289
2025-12-01,1631.0841064453125,1634.6581906102379,1616.2912446483251,1618.2768604279913,2034350
2025-12-02,1623.7373046875,1641.0121862182775,1612.320013948334,1639.1258269881153,2326220
2025-12-03,1628.701416015625,1642.6999836490309,1617.0856116627165,1623.7373763447454,2371611
2025-12-04,1642.699951171875,1659.9748331234766,1633.2682759836734,1638.1330590034308,3935708
2025-12-05,1670.895751953125,1678.8382154205196,1639.1258980835469,1650.7417024276615,3391204
2025-12-08,1676.4554443359375,1683.206586728738,1664.8396400459083,1670.8957441731231,2702407
2025-12-09,1645.6783447265625,1674.866921117288,1644.4870237279085,1674.866921117288,2817704
2025-12-10,1654.0179443359375,1658.981983784725,1645.0826733281203,1651.33741151054,1482249
2025-12-11,1660.3719482421875,1665.3359877184005,1637.1402192550368,1655.5071653170248,1408684
2025-12-12,1661.1661376953125,1665.8324075629043,1648.0611218299982,1665.336003610546,1284337
2025-12-15,1671.8885498046875,1675.8597815144374,1648.0611595461885,1661.1661757114134,1689723
2025-12-16,1639.82080078125,1669.9029293771819,1633.5661835709452,1668.910121452463,1929309
2025-12-17,1643.09716796875,1652.5288435552777,1634.4597872243548,1639.1259361428438,1394918
2025-12-18,1649.4510498046875,1661.8611484080207,1639.3243366289462,1645.0826708578404,1822056
2025-12-19,1630.5877685546875,1668.9101304161918,1620.758945808705,1662.953282835884,3487150
2025-12-22,1658.287109375,1661.4640462269583,1632.1762127260945,1640.0194194953087,1339691
2025-12-23,1667.818115234375,1674.7677709501743,1644.2884938811706,1663.0525885523043,1614314
2025-12-24,1662.6553955078125,1667.917326025199,1653.124463597572,1663.9460942965677,989858
2025-12-26,1648.9547119140625,1664.343234798626,1638.6294852240096,1656.0036239646458,921138
2025-12-29,1619.0711669921875,1648.8554039037997,1613.7099801096233,1647.7632182631444,1516288
2025-12-30,1603.583251953125,1623.9358136537296,1599.512763851478,1619.0711519572365,3323273
2025-12-31,1611.6251220703125,1619.9646115256955,1605.1718706821791,1612.816443080404,1359963
2026-01-01,1622.7445068359375,1633.8639067998354,1606.7603239406958,1611.227959474964,773806
2026-01-02,1628.403564453125,1631.183475212849,1613.4121885237892,1620.262587673384,950573
2026-01-05,1596.0379638671875,1621.7517128456075,1568.7357464792142,1613.3128456529612,3245802
2026-01-06,1604.675537109375,1614.3057257417076,1585.8121860705728,1588.7906099188046,2112043
2026-01-07,1635.849609375,1642.6007519063255,1605.0725629506446,1609.1431724961542,3816569
2026-01-08,1634.8568115234375,1648.6568663406495,1623.63815434392,1641.409440982351,3266398
2026-01-09,1649.4510498046875,1662.95321284664,1635.2538485255266,1635.2538485255266,3281306
2026-01-12,1655.6064453125,1665.137377003319,1629.6941831182085,1647.2668346358942,4175707
2026-01-13,1653.025146484375,1685.3906596485378,1614.3056385487048,1672.881304400103,7149266
2026-01-14,1656.5,1665.8324186046716,1637.3387588350079,1653.0251723104584,2470615
2026-01-15,1656.5,1656.5,1656.5,1656.5,0
2026-01-16,1698.0,1700.9000244140625,1664.800048828125,1670.0,3098089
2026-01-19,1716.800048828125,1719.0,1685.0999755859375,1698.0,2087629
2026-01-20,1687.300048828125,1720.0,1681.800048828125,1720.0,1739341
2026-01-21,1682.5,1694.9000244140625,1668.9000244140625,1687.5999755859375,1728435
2026-01-22,1703.0999755859375,1709.0,1681.5,1690.5999755859375,1853439
2026-01-23,1707.0,1721.0,1698.800048828125,1712.699951171875,1874357
2026-01-27,1720.199951171875,1725.5,1700.5,1720.0,2671530
2026-01-28,1729.5999755859375,1734.4000244140625,1691.0,1705.0999755859375,2713867
2026-01-29,1721.5999755859375,1725.0,1696.0999755859375,1722.800048828125,2235602
2026-01-30,1695.5999755859375,1713.199951171875,1683.0,1713.199951171875,4448681
2026-02-02,1676.800048828125,1688.5,1653.5999755859375,1670.0,1916380
2026-02-03,1695.300048828125,1780.0999755859375,1689.0999755859375,1780.0,3200948
2026-02-04,1621.800048828125,1645.0,1586.0,1642.0,5834470
2026-02-05,1610.0,1631.800048828125,1600.199951171875,1613.699951171875,3184531
2026-02-06,1593.699951171875,1612.0,1574.0999755859375,1612.0,3342992
2026-02-09,1602.0,1619.9000244140625,1594.4000244140625,1600.4000244140625,1863558
2026-02-10,1573.0999755859375,1602.4000244140625,1567.800048828125,1595.0,3234785
2026-02-11,1551.5999755859375,1578.0999755859375,1546.0999755859375,1574.0,2944646
2026-02-12,1476.0999755859375,1535.0,1469.5,1529.0,5397659
2026-02-13,1455.199951171875,1476.800048828125,1396.0,1423.0,7214938
2026-02-16,1461.800048828125,1467.0,1446.800048828125,1451.0999755859375,2388700
2026-02-17,1482.5999755859375,1510.699951171875,1458.0,1464.0,2840341
2026-02-18,1467.199951171875,1483.199951171875,1443.4000244140625,1483.199951171875,2036245
2026-02-19,1450.4000244140625,1501.800048828125,1443.0,1470.0,2397127
2026-02-20,1436.5,1455.0,1431.0,1443.0,2392491
2026-02-23,1426.199951171875,1441.5999755859375,1415.5,1438.199951171875,2629763
2026-02-24,1339.199951171875,1406.699951171875,1322.5,1402.300048828125,10004684
2026-02-25,1378.199951171875,1391.4000244140625,1354.0,1355.0,5703505
2026-02-26,1373.5,1405.0,1368.0,1391.0,2329520
2026-02-27,1389.0999755859375,1404.800048828125,1382.0,1398.0,8651443
2026-03-02,1371.0,1386.0,1350.0,1351.0,2088938
2026-03-04,1364.0,1382.0,1356.0,1356.0,3161598
2026-03-05,1354.0999755859375,1378.199951171875,1332.5,1378.199951171875,2217963
2026-03-06,1356.699951171875,1380.800048828125,1354.199951171875,1356.0,1871596
2026-03-09,1358.5999755859375,1372.699951171875,1328.0,1330.0,2256550
2026-03-10,1361.5,1364.4000244140625,1345.0,1361.0,1671877
2026-03-11,1350.300048828125,1376.0,1346.9000244140625,1367.199951171875,1837000
2026-03-12,1358.0999755859375,1363.4000244140625,1341.0,1350.0,2616965
2026-03-13,1325.4000244140625,1356.699951171875,1321.0,1350.0,2190786
2026-03-16,1328.5999755859375,1337.699951171875,1302.4000244140625,1312.800048828125,3618375
2026-03-17,1321.0999755859375,1328.5999755859375,1297.699951171875,1328.5999755859375,2285672
2026-03-18,1357.199951171875,1378.4000244140625,1326.5,1326.5,2564106
2026-03-19,1311.800048828125,1354.199951171875,1309.199951171875,1341.4000244140625,1663249
2026-03-20,1333.699951171875,1352.5,1328.9000244140625,1334.9000244140625,5050431
2026-03-23,1358.5999755859375,1365.0,1310.0,1314.800048828125,5166409
2026-03-24,1373.300048828125,1394.0,1360.0,1380.0,3555664
2026-03-25,1381.300048828125,1411.4000244140625,1348.0,1348.0,4167275
2026-03-27,1364.4000244140625,1407.4000244140625,1359.800048828125,1377.0,8956139
