Date,Close,High,Low,Open,Volume
,HEROMOTOCO.NS,HEROMOTOCO.NS,HEROMOTOCO.NS,HEROMOTOCO.NS,HEROMOTOCO.NS
2020-01-01,1934.700439453125,1958.5605911534178,1930.5647186599565,1952.4761359651961,314519
2020-01-02,1932.235107421875,1950.1700296863833,1922.3729875516387,1946.8296467738478,546945
2020-01-03,1934.54150390625,1947.7838110687785,1920.7423045043283,1924.7189966461592,544720
2020-01-06,1883.48095703125,1931.8375809261343,1877.0388311183913,1931.8375809261343,624665
2020-01-07,1867.494384765625,1908.7325646501108,1858.7058565363361,1891.3147312124122,620687
2020-01-08,1843.23681640625,1865.1086255940613,1837.669446794807,1846.7760339672072,595883
2020-01-09,1872.6636962890625,1880.9749420819915,1850.0363621420208,1861.8868242765082,732115
2020-01-10,1879.74267578125,1899.0296337577001,1869.840750624103,1874.6127814636372,578287
2020-01-13,1882.3675537109375,1895.2121939000049,1870.9147560143151,1895.2121939000049,434063
2020-01-14,1917.879150390625,1923.764771700647,1877.8339740642168,1882.5661992282346,787340
2020-01-15,1969.496826171875,1972.8770148994854,1919.9471972828348,1924.6794226666009,1051367
2020-01-16,1936.251220703125,1968.422618252488,1930.2861830546249,1968.422618252488,590255
2020-01-17,1951.7607421875,1968.3832397058716,1925.9918516230175,1944.602695455761,457663
2020-01-20,1921.2197265625,1956.2542315697494,1916.845364884693,1951.7606467886856,320280
2020-01-21,1907.7784423828125,1918.8733757466098,1888.9289585575682,1916.7658063678903,568473
2020-01-22,1908.056396484375,1916.7653120757332,1892.1098246589913,1915.7313334459593,346888
2020-01-23,1932.4732666015625,1936.5295696688577,1892.9051855177358,1906.4259368428625,315469
2020-01-24,1963.41259765625,1968.304046651666,1930.3664334852422,1940.626223966755,519690
2020-01-27,1953.1522216796875,1987.1529373375545,1928.735372311142,1953.351056274178,897656
2020-01-28,1963.5714111328125,1995.4643664923315,1940.6258191667466,1953.9477382122561,904634
2020-01-29,1977.4901123046875,1996.299791635777,1964.4862491395893,1975.620989013255,787135
2020-01-30,1974.268798828125,2005.8436984663194,1959.7140654325974,1977.9670451860532,797868
2020-01-31,1989.817626953125,2005.7640079219645,1982.0232711196272,1994.7088808692163,574957
2020-02-03,1889.8433837890625,1963.6906366777598,1875.408068564665,1901.6542374631526,1507692
2020-02-04,1958.1629638671875,1976.0978837806347,1909.4484864364981,1918.3562377603696,1187298
2020-02-05,1887.537353515625,1971.5647998736176,1865.5065128846452,1966.0770411421574,2176980
2020-02-06,1917.7996826171875,1930.2864577031667,1873.0220881297723,1904.835626781658,1632634
2020-02-07,1943.3701171875,1985.165200610569,1925.7932501451082,1972.4397826579373,2709754
2020-02-10,1897.4390869140625,1954.5046262830056,1889.0482266109875,1948.181723821963,949025
2020-02-11,1905.988525390625,1943.2900100282013,1900.8586319343015,1920.742090427338,680119
2020-02-12,1927.14501953125,1932.6725833524522,1908.812428002422,1916.7658131190985,467714
2020-02-13,1915.9305419921875,1941.6598188108644,1909.6076400779605,1923.9237323401026,514501
2020-02-14,1874.21533203125,1938.876396325144,1869.9205814417624,1927.9006852721197,798770
2020-02-17,1867.5494384765625,1909.7938346462302,1856.2623942925068,1909.7938346462302,818134
2020-02-18,1842.4398193359375,1867.426669882501,1819.8249953342709,1867.426669882501,839607
2020-02-19,1841.5810546875,1863.1735035652814,1821.5015988105042,1859.901908300022,729471
2020-02-20,1832.2978515625,1861.5377346975783,1828.3718972470583,1854.1766452369993,886179
2020-02-24,1786.4547119140625,1815.7355320520926,1778.9300820780636,1815.7355320520926,808263
2020-02-25,1786.413818359375,1810.8281806132115,1769.9741701334078,1791.362146684603,861921
2020-02-26,1752.389404296875,1795.288163529946,1747.032126332558,1783.0196794967117,972076
2020-02-27,1725.9710693359375,1765.5572942874821,1718.405504880846,1756.7648815423756,1093297
2020-02-28,1678.1240234375,1725.7666330952236,1663.565383468285,1701.2296667478981,1879071
2020-03-02,1615.71826171875,1725.7665931775086,1603.8996631379596,1717.5876045842504,1207967
2020-03-03,1680.65966796875,1688.020758215173,1616.1682585479807,1616.1682585479807,1689926
2020-03-04,1673.707275390625,1695.7906439662165,1636.206633452438,1693.0506029725302,976550
2020-03-05,1688.0615234375,1711.9443319632023,1678.5740156494521,1686.2621857261768,899516
2020-03-06,1667.123291015625,1679.5143789069289,1612.078657644615,1612.078657644615,606826
2020-03-09,1599.8511962890625,1645.2036507263308,1566.5218158430778,1631.7083187666071,844134
2020-03-11,1665.282958984375,1676.5290679389236,1594.00305571513,1609.6249034583059,1848085
2020-03-12,1559.8966064453125,1618.5808474152645,1467.1060242488022,1599.8101092296347,2248848
2020-03-13,1540.8804931640625,1589.1774600251224,1255.4747303852614,1440.3198698426354,1184611
2020-03-16,1458.7225341796875,1509.0233112203664,1452.0158038440625,1486.9400432512878,883109
2020-03-17,1505.87451171875,1556.9522557813152,1436.516648193523,1458.3136728627055,1236906
2020-03-18,1375.0106201171875,1521.291803989564,1362.6194330358137,1505.7517264219287,1118487
2020-03-19,1400.6107177734375,1463.2209089567655,1277.516952095409,1347.8971816437952,1276786
2020-03-20,1485.0589599609375,1509.5959264184592,1369.9806272116293,1410.8755713074988,1244977
2020-03-23,1321.724365234375,1368.4672982429183,1243.2060861115408,1336.5692473492668,750837
2020-03-24,1330.7623291015625,1434.6763153776353,1206.4007722679187,1349.5330672827563,1488860
2020-03-25,1363.9688720703125,1376.9325473054023,1247.5410048339556,1275.9220515571294,1027510
2020-03-26,1473.771728515625,1495.0779303389204,1345.9341182112425,1382.1670715661228,1448305
2020-03-27,1358.693359375,1497.0409524792376,1341.8446651451718,1484.4862266736723,1514916
2020-03-30,1270.60595703125,1341.3542127655296,1261.445529173224,1337.264718214415,1250949
2020-03-31,1305.734375,1336.2420372717238,1280.0115001256297,1302.9126643451298,1456425
2020-04-01,1341.06787109375,1347.3656523103743,1280.011701894571,1300.5409430877135,1641556
2020-04-03,1293.956787109375,1327.4497017550873,1262.1405050349986,1316.8579526356489,1592821
2020-04-07,1447.026611328125,1463.2210485600021,1327.9814931344984,1333.175130884742,1374508
2020-04-08,1489.925537109375,1540.7579732334693,1390.4281168939908,1392.063914678572,1376705
2020-04-09,1628.3546142578125,1646.7573358267086,1515.5663585406573,1536.9544304656276,2416795
2020-04-13,1569.5887451171875,1655.0182355505024,1544.2338821065298,1596.5384708646309,1560999
2020-04-15,1491.92919921875,1614.5322507949695,1481.7872340074284,1586.7236912574674,1537624
2020-04-16,1458.0272216796875,1478.311050705768,1433.408489356939,1472.2177449755259,1453445
2020-04-17,1501.58056640625,1533.5603924893944,1482.032763301751,1504.8929969493242,1327762
2020-04-20,1477.00244140625,1537.6087189643076,1461.62600477256,1533.5192252040993,2291195
2020-04-21,1494.7509765625,1504.0341078791603,1437.86607566883,1460.0311129535132,1650618
2020-04-22,1543.90673828125,1558.0972629387318,1469.6824198499166,1472.2178862413214,2737381
2020-04-23,1525.3812255859375,1573.1873693682394,1517.2022377811873,1554.0076829025636,1882834
2020-04-24,1549.754638671875,1586.2329040654752,1504.9337458693037,1506.9784928066263,1711725
2020-04-27,1582.7977294921875,1594.0847729518623,1551.9220495645668,1561.3688207106748,1322269
2020-04-28,1589.2593994140625,1613.5510576696802,1566.7671787187749,1595.148331646263,1056981
2020-04-29,1611.4649658203125,1650.9285793723136,1587.541428071172,1608.193370914447,1836009
2020-04-30,1772.1416015625,1797.8237482067648,1615.3504139753863,1649.7839395404992,2785165
2020-05-04,1636.3701171875,1697.099104125299,1623.529145744525,1677.510467467013,1328847
2020-05-05,1607.4576416015625,1677.5107049022597,1590.9361231572313,1663.6064230966338,1318956
2020-05-06,1657.67626953125,1683.9716341213482,1581.202737422617,1620.2574022160634,1881161
2020-05-07,1636.0430908203125,1677.837601766381,1622.2205804456717,1635.797681231661,1112730
2020-05-08,1605.208251953125,1668.5136424740504,1598.9922407042982,1668.5136424740504,1139464
2020-05-11,1708.30419921875,1746.0503475537823,1627.6185648109724,1648.0660342181457,4445410
2020-05-12,1729.283447265625,1745.3960134514634,1652.155551626971,1711.8621631461635,2919966
2020-05-13,1789.2353515625,1852.540633743322,1756.846481801614,1799.2546110606702,3253820
2020-05-14,1833.19775390625,1844.3619938631261,1732.8823354062383,1746.9910912351247,2570474
2020-05-15,1794.1021728515625,1839.4546269408238,1774.8406138112882,1839.4546269408238,2080650
2020-05-18,1693.50048828125,1814.508582093116,1684.994220509817,1796.9237569792995,1803530
2020-05-19,1695.913330078125,1740.4478842206308,1687.1618519862186,1733.1277291707484,1389745
2020-05-20,1655.0999755859375,1691.2511620984096,1628.722739542934,1684.0536127920714,2782627
2020-05-21,1733.53662109375,1742.124559060952,1652.155685118837,1670.9673587612792,2636698
2020-05-22,1758.9732666015625,1766.5795658143986,1704.3785208496158,1733.127584245313,2241339
2020-05-26,1728.7518310546875,1774.7586415435003,1718.4054904354716,1765.0257250641353,1513568
2020-05-27,1779.46142578125,1788.7446569373242,1730.0604186495998,1738.0349318663987,1403554
2020-05-28,1879.61328125,1909.7936666008713,1771.6913766184966,1797.41445320144,3727629
2020-05-29,1930.9366455078125,1956.3322459173746,1840.2724750316493,1860.7199469764453,3368722
2020-06-01,1902.677978515625,1962.1391800934564,1891.2683304311206,1930.854551648865,2028590
2020-06-02,1896.093994140625,1956.0460193118631,1866.3632913033812,1930.159401103001,2408304
2020-06-03,1881.330810546875,1939.2380864690028,1873.642641574252,1921.080772748947,1562885
2020-06-04,1905.0908203125,1915.2326857747087,1850.9459585403954,1864.8093035580123,1532156
2020-06-05,1914.4150390625,1933.472123952807,1887.7107190323202,1917.0732105689365,1138282
2020-06-08,1950.116455078125,1995.509845607992,1926.151976537598,1929.4235722514625,2354805
2020-06-09,1952.56982421875,1987.0851132718185,1938.4201351941592,1950.6886170624769,1980625
2020-06-10,1874.8287353515625,1957.3546536886674,1866.6088115497716,1952.3246553753645,3106338
2020-06-11,1889.3056640625,1917.973062567411,1881.1676093411709,1894.2539927105006,2056461
2020-06-12,1964.4703369140625,1975.2256263939603,1824.486835755877,1833.729132246484,3296719
2020-06-15,1920.54931640625,1958.8270267410635,1894.2539453538368,1958.8270267410635,1416097
2020-06-16,1959.6448974609375,1992.1563798631357,1930.2414709229677,1946.5994494901115,2145404
2020-06-17,1932.9405517578125,1954.7784129196493,1914.7013659602087,1944.3502017210194,1731506
2020-06-18,1934.28955078125,1946.5989665355091,1915.6823547776016,1930.4454667081661,1087739
2020-06-19,1926.8470458984375,1948.889379514781,1907.5445535636748,1942.5097286799132,3602756
2020-06-22,1973.2628173828125,2001.4803273074128,1931.0591574487376,1939.3607507855054,3042752
2020-06-23,1978.37451171875,1999.7215497203765,1967.537353059901,1999.7215497203765,996657
2020-06-24,2039.67626953125,2081.5526523052044,1995.468795073329,2003.852258604224,3354520
2020-06-25,2093.57568359375,2114.2685648027555,2007.2464185064384,2022.6229570960172,3281309
2020-06-26,2077.831298828125,2118.8897852180853,2069.938654018795,2110.17924147795,1351753
2020-06-29,2048.059326171875,2069.2837579823076,2018.5740374309626,2069.2837579823076,1131627
2020-06-30,2083.1474609375,2100.6506163458366,2054.561935725243,2084.8241935364827,1441648
2020-07-01,2083.556396484375,2106.1304847363617,2069.2841014130727,2090.549471625223,1336764
2020-07-02,2184.934814453125,2196.0583182097253,2085.641978188007,2085.641978188007,3353340
2020-07-03,2239.61181640625,2249.2221291398473,2190.0063245947103,2191.9692022162876,2637811
2020-07-06,2266.356689453125,2272.9817497508407,2220.5952905295076,2249.467158736946,1716058
2020-07-07,2248.6494140625,2280.7110099845195,2230.9010484344485,2259.0366898250827,1223502
2020-07-08,2224.03076171875,2272.0823245303286,2216.506131393664,2257.401078467348,974918
2020-07-09,2201.333740234375,2230.9825724739458,2180.968139479298,2228.774285595326,1383528
2020-07-10,2192.9912109375,2236.544323098776,2185.0985671981066,2200.147825611888,1205528
2020-07-13,2199.903076171875,2220.06440794252,2184.0768490665237,2209.9223397225787,713590
2020-07-14,2136.229248046875,2193.318429548983,2129.80866203072,2185.425785309556,921721
2020-07-15,2165.8369140625,2191.9687402646387,2131.566835216881,2131.566835216881,1188285
2020-07-16,2220.431640625,2228.774168217276,2137.2104400319326,2167.431759917718,1607439
2020-07-17,2260.71337890625,2269.669331466922,2210.78061367751,2220.8408095696686,969122
2020-07-20,2339.3134765625,2350.191571950814,2242.842340518144,2260.7135114905414,1674943
2020-07-21,2346.67431640625,2360.2105817956967,2328.557937440298,2339.3541619134603,1289304
2020-07-22,2263.94384765625,2339.19053623442,2251.7163006987616,2339.19053623442,1349352
2020-07-23,2266.56103515625,2284.350333432544,2245.418471726918,2269.6690904237444,1117663
2020-07-24,2241.615234375,2286.0271798082777,2231.309829151987,2251.6754297002462,701462
2020-07-27,2243.9873046875,2256.5828667675287,2198.8391296297223,2256.5828667675287,662841
2020-07-28,2323.85498046875,2331.0115950148484,2245.173155338398,2251.3483312546396,1836163
2020-07-29,2273.759033203125,2355.9169410671047,2264.2713257096225,2338.57752362807,1092469
2020-07-30,2231.626220703125,2302.6038121697466,2218.4623937474285,2288.614664383043,1497969
2020-07-31,2208.970947265625,2236.3715553692336,2184.170018879583,2232.492588213531,1260570
2020-08-03,2171.666748046875,2285.973683410801,2162.959572960357,2228.3662489718454,2281990
2020-08-04,2233.400634765625,2255.4366592080037,2178.8881571574248,2198.4482192693267,2033677
2020-08-05,2224.858154296875,2261.3785932573264,2205.25678875313,2244.211883345418,997234
2020-08-06,2232.0390625,2255.6020144389126,2207.7334023505637,2242.396880069713,859485
2020-08-07,2233.482666015625,2244.872131097257,2203.688711936978,2236.618924732929,854109
2020-08-10,2230.140380859375,2243.2217953260956,2207.0313998920715,2243.2217953260956,684596
2020-08-11,2238.9716796875,2290.2652883403407,2231.667509791813,2248.999247108983,1617202
2020-08-12,2289.439453125,2307.5965071872747,2232.7399655112104,2245.6974592477018,1798834
2020-08-13,2318.8623046875,2327.4044548268794,2266.5783574233524,2302.644832967019,1299029
2020-08-14,2314.034423828125,2346.7996182200754,2274.6253569141077,2311.310824978133,2158769
2020-08-17,2415.87890625,2421.573740432736,2319.151352761107,2321.4622912050722,2723654
2020-08-18,2413.36181640625,2446.250931969912,2397.804639709187,2415.7140613616507,1530968
2020-08-19,2420.70751953125,2474.9723690085957,2411.133716440164,2431.3540786028248,2016727
2020-08-20,2439.689453125,2446.993420895211,2387.363996468463,2403.334033642768,1185217
2020-08-21,2503.569580078125,2517.0223507045584,2440.5151455209107,2458.383261953336,2012976
2020-08-24,2488.38330078125,2538.2738984804823,2476.8288105914507,2506.4990504585353,1706107
2020-08-25,2450.99609375,2519.6627341481667,2441.174858238412,2512.276154348009,1323587
2020-08-26,2608.633056640625,2625.6347479215297,2533.7351843349584,2566.748020612938,4651022
2020-08-27,2592.951171875,2616.266480414976,2564.6839393973305,2607.1879531958703,1431518
2020-08-28,2524.90380859375,2611.3148507452743,2517.76466321582,2574.216723363671,1838010
2020-08-31,2480.95556640625,2549.3332720055505,2447.984041605404,2533.734789890277,1808588
2020-09-01,2472.3310546875,2537.283760970575,2455.742026106322,2500.7633157831424,1357833
2020-09-02,2429.372802734375,2508.8099206309344,2373.74606629256,2504.807034611928,2809547
2020-09-03,2427.59814453125,2481.0376580544366,2418.9735838059055,2455.328999713977,1512714
2020-09-04,2405.97509765625,2456.5673017712,2366.6899494232302,2408.9876393999725,1508195
2020-09-07,2360.541259765625,2422.233990983275,2353.8149756887947,2418.1899995680815,1476038
2020-09-08,2363.058349609375,2396.071179867942,2353.8147974358412,2369.4958918086604,1263479
2020-09-09,2396.7314453125,2409.9365772425963,2335.822733986066,2349.6881628115316,1995585
2020-09-10,2433.66455078125,2440.8034946393946,2383.7326456274504,2409.9365793238658,1629594
2020-09-11,2469.566650390625,2482.317818964182,2433.665188516787,2433.9952363040834,1525239
2020-09-14,2499.484375,2508.150244551758,2439.648609047383,2488.3012363748107,1537220
2020-09-15,2506.62255859375,2518.6310144796694,2480.1298863395,2499.4836154919476,915275
2020-09-16,2522.34521484375,2562.620907407178,2496.3063050992505,2503.197813902084,1603512
2020-09-17,2526.306884765625,2556.843753349855,2500.7632471541688,2511.28608700414,914287
2020-09-18,2568.934326171875,2576.5274376001694,2537.9436959278073,2541.987686649755,1362732
2020-09-21,2521.643798828125,2578.67334095859,2503.2391060617733,2576.651345448246,826132
2020-09-22,2476.086181640625,2518.8791468264853,2442.949631260287,2508.9752969700244,1099375
2020-09-23,2440.267333984375,2511.451254693313,2414.022091615429,2476.3751198512277,1256820
2020-09-24,2408.53369140625,2433.8709992515073,2393.4302807152835,2402.7977522392644,1020064
2020-09-25,2477.613037109375,2488.46592501197,2414.145948302142,2421.945189549139,1263899
2020-09-28,2549.33349609375,2554.9870245209227,2469.772646653916,2514.7526330340793,1422073
2020-09-29,2620.351806640625,2659.2244905835482,2562.208006054783,2562.6206663875346,3394236
2020-09-30,2597.532470703125,2639.3761994194397,2587.3809834834096,2639.3761994194397,1175373
2020-10-01,2600.957275390625,2640.201320944546,2568.150772574887,2612.1404128757385,1459005
2020-10-05,2582.59375,2665.786125100773,2553.707522638227,2661.659521191948,1374983
2020-10-06,2588.4951171875,2622.7870371597187,2572.525078212025,2593.6533724774663,849216
2020-10-07,2668.798828125,2682.2515989952635,2589.8982715599564,2591.507607004288,2071160
2020-10-08,2706.3505859375,2717.616335609303,2670.449131598942,2682.2925655244526,1414044
2020-10-09,2746.171875,2756.570995881585,2696.363894219499,2723.558169583602,1358012
2020-10-12,2710.930908203125,2769.40496137106,2701.8936866862678,2765.484687980679,1438726
2020-10-13,2713.69580078125,2726.0343050967367,2687.409255570345,2709.940551251933,847392
2020-10-14,2732.4716796875,2750.7524516971425,2698.7985564820747,2726.0341382447377,1188612
2020-10-15,2735.36083984375,2789.2130234633087,2715.3881162561306,2733.4625616548437,1817305
2020-10-16,2761.894775390625,2801.8815282068963,2724.3839849963438,2735.938476298964,1461910
2020-10-19,2681.2197265625,2771.839993537078,2666.2402341714924,2766.516714509368,1056638
2020-10-20,2672.05859375,2717.3686232251807,2666.1574293739623,2681.4671698887205,1198126
2020-10-21,2623.158203125,2707.0519741027438,2585.02822448944,2682.292352388389,2045833
2020-10-22,2543.2255859375,2621.961095441496,2527.4618809064177,2621.961095441496,1640304
2020-10-23,2567.6142578125,2602.195117962689,2550.1586023856257,2558.494422877249,1707899
2020-10-26,2391.73876953125,2575.001323925529,2372.7976943224025,2575.001323925529,4182675
2020-10-27,2403.29248046875,2457.7223382603866,2356.7444753605723,2414.0629554921143,3089586
2020-10-28,2431.5595703125,2504.8480816663746,2418.478359382251,2471.835256866818,5321192
2020-10-29,2388.47802734375,2444.8887759335057,2381.0501412877397,2422.316174932241,2345545
2020-10-30,2310.733154296875,2416.951898115283,2300.169008040735,2404.9021341600355,3110768
2020-11-02,2340.320556640625,2383.526175777812,2320.8018027310277,2383.526175777812,2671709
2020-11-03,2424.297119140625,2434.2422745946774,2349.6882030554566,2360.417372932422,2352020
2020-11-04,2449.5517578125,2457.8049645436745,2401.7657714367238,2426.4427789652123,1868196
2020-11-05,2430.033447265625,2472.5785745215007,2415.5490265143576,2467.709262260596,1195194
2020-11-06,2430.94091796875,2461.9317518587286,2414.2281730893874,2428.9189224673946,1182126
2020-11-09,2438.203857421875,2466.8837538576577,2418.189828973883,2451.2026594035606,1175877
2020-11-10,2435.728271484375,2465.2334932397553,2412.371650047678,2465.2334932397553,1352612
2020-11-11,2525.60498046875,2537.8610730779214,2437.3369746649496,2459.455609031612,2829916
2020-11-12,2546.7744140625,2558.4939265886605,2506.498727435407,2525.4811017294523,2093558
2020-11-13,2582.345703125,2587.297627028716,2534.6423307146442,2549.41548976301,1274593
2020-11-14,2571.451904296875,2605.496386344111,2556.843766844563,2605.496386344111,199281
2020-11-17,2501.794921875,2598.1098166468737,2476.7876619305175,2596.789222800528,1933560
2020-11-18,2461.931640625,2516.361500325876,2429.496496914618,2510.501844270254,1956934
2020-11-19,2466.471435546875,2588.8252552958543,2455.453321265161,2499.8969309926333,4282399
2020-11-20,2474.84814453125,2491.60219712569,2447.6125580409107,2475.137087409943,1531471
2020-11-23,2525.275146484375,2537.0359670865164,2461.1064586376033,2496.265202930155,1653325
2020-11-24,2537.15966796875,2566.458554189042,2510.3367439642575,2522.1801771608925,1517541
2020-11-25,2483.18359375,2554.2437848327663,2476.787358485667,2541.575031808268,1110258
2020-11-26,2496.223876953125,2516.939306568186,2456.237127519335,2482.56477844837,859782
2020-11-27,2565.79833984375,2573.803910338167,2502.372363425044,2516.4028153307913,3266924
2020-12-01,2566.953857421875,2583.1713295283785,2537.902607380333,2575.0007347178685,1503427
2020-12-02,2580.117431640625,2622.1263745325114,2551.066184429963,2569.2232391234147,1748207
2020-12-03,2591.383544921875,2613.790923615637,2579.5401110706266,2604.712394989249,974736
2020-12-04,2624.891357421875,2642.6770600078007,2599.760380707237,2600.585701463017,1089915
2020-12-07,2619.609619140625,2655.8411229574854,2587.8760735456153,2624.437625096534,991744
2020-12-08,2614.5751953125,2644.9883498010154,2603.5983875035267,2620.3937477125905,644753
2020-12-09,2633.351318359375,2644.3281264741345,2604.8364413658464,2620.3525143668758,669455
2020-12-10,2636.322265625,2647.4227900603896,2612.965646740299,2624.520137913503,559968
2020-12-11,2628.894287109375,2673.6266325126817,2615.441518269081,2641.026462120877,1276394
2020-12-14,2569.759765625,2652.5807800362413,2562.620822032523,2652.5807800362413,1421591
2020-12-15,2568.687255859375,2587.3806912607015,2542.895981026234,2544.092655879625,1058918
2020-12-16,2572.937744140625,2595.634067465041,2562.6212335386176,2583.3368674251874,1025407
2020-12-17,2568.934326171875,2605.950039154741,2559.360727209648,2587.3803239113577,969196
2020-12-18,2587.628173828125,2594.808424015563,2559.319631956826,2559.319631956826,1109264
2020-12-21,2471.0927734375,2602.1124337655833,2430.5281403826443,2598.1095477972062,1397172
2020-12-22,2516.485595703125,2525.4815113385944,2393.9254635352227,2492.468681125018,1073505
2020-12-23,2509.016357421875,2536.6232958923615,2485.8660703522996,2514.422248570941,711716
2020-12-24,2536.29345703125,2545.041736704168,2500.7220495895185,2513.1018617161994,640601
2020-12-28,2544.1337890625,2578.301987038197,2527.7097854699855,2555.1930063605178,742559
2020-12-29,2537.036376953125,2563.446645028109,2526.3072055476628,2555.1934362546763,478502
2020-12-30,2559.649658203125,2565.0555493400448,2530.103336955469,2541.9878749940763,505754
2020-12-31,2566.74755859375,2573.1851008080594,2546.114539633993,2564.271596318579,605742
2021-01-01,2560.68115234375,2575.660843729397,2552.7168883012837,2570.87394343954,408952
2021-01-04,2512.15283203125,2578.260908118672,2506.7056340790255,2568.3983647226696,1599835
2021-01-05,2531.423583984375,2537.3247478235876,2501.547015259028,2518.8787497758344,1150326
2021-01-06,2544.91796875,2577.9721067720975,2513.927132708129,2543.0609969677957,1370394
2021-01-07,2521.5615234375,2570.6681139438515,2504.023455399517,2553.542706330292,880259
2021-01-08,2608.921630859375,2612.9243157957976,2528.040193408601,2533.7348262640344,1576465
2021-01-11,2639.1279296875,2661.576612153009,2597.3255173434814,2608.8387006682583,1596027
2021-01-12,2680.848388671875,2719.432137512146,2624.891596044228,2632.773450277313,1586336
2021-01-13,2687.90478515625,2738.4143771299427,2654.8093409289477,2690.545771381439,1424073
2021-01-14,2695.992919921875,2719.4319492968384,2672.4299715342613,2694.672326086245,803208
2021-01-15,2643.502685546875,2699.500785880598,2619.5683808697413,2682.2927655408503,1199320
2021-01-18,2610.61328125,2655.5108514880803,2543.8449123674714,2641.0264318520267,1280163
2021-01-19,2668.17919921875,2674.658047284246,2616.6792683529125,2616.6792683529125,770832
2021-01-20,2703.4208984375,2717.3687393874184,2666.0338258245097,2673.214076499878,841752
2021-01-21,2680.06396484375,2761.5230781040227,2657.285032794838,2703.4205810871267,1300181
2021-01-22,2785.375,2875.3762707173028,2689.637790201388,2694.672327521288,3813020
2021-01-25,2867.947998046875,2905.2524517215184,2770.642772461496,2820.90472024843,2266967
2021-01-27,2771.881103515625,2875.4175534820647,2748.276848971399,2847.3566473918268,1333633
2021-01-28,2803.944580078125,2858.993634211439,2744.315157068226,2755.704623492164,1986409
2021-01-29,2687.28564453125,2876.2427882710226,2662.8147636139292,2822.5143273242425,1718833
2021-02-01,2757.10791015625,2773.7382455361712,2655.263401809008,2723.5586995010417,1285163
2021-02-02,2718.482666015625,2806.090377649517,2691.3708004456103,2806.090377649517,1751516
2021-02-03,2790.244384765625,2824.2475587923736,2697.148165439356,2720.711112752692,1077971
2021-02-04,2839.681396484375,2901.0027756831764,2809.4747743966295,2839.9290330372146,2425660
2021-02-05,2830.189697265625,2938.141684862235,2778.0294694512027,2888.6224429825343,2719249
2021-02-08,2884.49609375,2894.317330324121,2818.8004798010525,2870.465640647353,1004959
2021-02-09,2888.168701171875,2919.984856855643,2852.5974972153117,2856.4351581620635,1543021
2021-02-10,2920.768798828125,2945.3633972320727,2876.449115293333,2880.369388816794,1477082
2021-02-11,2922.87353515625,2933.1900448807883,2866.7930285925245,2908.430421541896,757116
2021-02-12,2901.621337890625,2954.648194453086,2891.0158859804055,2918.292776230854,566161
2021-02-15,2918.168212890625,2952.4832582032504,2906.8843293050904,2937.9994028943465,809861
2021-02-16,2914.9267578125,2934.926327231259,2890.043041902361,2922.0423529723753,759332
2021-02-17,3018.039794921875,3027.3027518817357,2911.3052681343897,2916.5261663942365,1946207
2021-02-18,2966.54638671875,3055.975988514249,2952.3571379763007,3014.376765727535,1701157
2021-02-19,2854.4228515625,2966.5468820928418,2837.8337753582105,2966.5468820928418,995322
2021-02-22,2875.01123046875,2890.842507085256,2821.117662812659,2863.095781729844,921345
2021-02-23,2867.685302734375,2930.0840353620224,2843.770112754197,2875.011418950385,1069537
2021-02-24,2898.127197265625,2947.3050042442273,2821.9183107273097,2896.7797756000405,823330
2021-02-25,2892.063720703125,2913.621231704559,2864.9907039210507,2905.200361092696,897962
2021-02-26,2714.888671875,2883.011270576612,2694.5102062123287,2867.3064291980068,1880371
2021-03-01,2821.16015625,2831.981057700689,2736.7830700986465,2740.993505591106,1176879
2021-03-02,2927.431640625,2938.884107922463,2822.255039456199,2822.6760830246694,1402320
2021-03-03,2883.6005859375,2956.48304841716,2858.0431642694516,2955.7252523823736,965062
2021-03-04,2879.811279296875,2913.620989760922,2836.3595083127816,2861.411596302778,934953
2021-03-05,2915.052490234375,2940.14672363728,2858.04324216667,2875.727068944955,1017875
2021-03-08,2916.94775390625,2938.463121793185,2882.211658828454,2915.0109123358907,749107
2021-03-09,2904.23193359375,2938.8837326186476,2876.9903359574814,2917.873702352558,564852
2021-03-10,2879.390625,2926.25269016279,2869.7066232915477,2904.3584254306365,787897
2021-03-12,2821.454833984375,2879.095652000936,2787.308162656653,2825.2020802758525,1098158
2021-03-15,2748.69873046875,2837.3284043615176,2730.8886692089836,2829.4128672655515,781236
2021-03-16,2741.035400390625,2778.8871708886845,2735.098645771651,2778.002938398599,523881
2021-03-17,2686.720703125,2761.118965783715,2673.6262092346838,2742.6773428275164,991815
2021-03-18,2616.53271484375,2709.583329395025,2587.143960446778,2709.583329395025,1472097
2021-03-19,2626.59619140625,2637.4592395717073,2556.5767233942165,2597.8389959391166,1554560
2021-03-22,2606.9755859375,2647.479854505715,2594.596740360573,2637.0802015543295,619756
2021-03-23,2583.06005859375,2637.416822538507,2577.2497397829966,2617.122440998464,944310
2021-03-24,2554.765869140625,2598.638480925819,2545.629142447884,2583.5230595534595,975533
2021-03-25,2477.125244140625,2568.0287040341527,2464.873042252152,2554.1342679573936,1075251
2021-03-26,2473.8837890625,2511.7777126303135,2468.1575550502694,2502.6831298565,611318
2021-03-30,2495.819580078125,2506.345667337277,2456.0309702385293,2471.48314298238,899455
2021-03-31,2453.5048828125,2494.261813327282,2443.736590910119,2488.872538504514,1212659
2021-04-01,2489.294189453125,2530.4300280563216,2469.841891840776,2483.3152877730818,1067722
2021-04-05,2431.020751953125,2503.4823756616297,2413.9265512100224,2493.4194776511827,1152927
2021-04-06,2431.9052734375,2465.630901164194,2415.1056777796816,2442.052463584755,788062
2021-04-07,2477.08349609375,2483.230567454851,2421.042558459934,2425.2108484882388,649751
2021-04-08,2465.630859375,2518.1350686872593,2453.336306324748,2500.156428102587,953450
2021-04-09,2452.915283203125,2482.472620862982,2443.020760375737,2465.6308798801933,557093
2021-04-12,2346.13916015625,2433.5897899144775,2308.245237286844,2420.158540592748,859305
2021-04-13,2412.874267578125,2424.3686738453134,2335.3179662179627,2357.001708264339,714921
2021-04-15,2410.5166015625,2433.631852609018,2374.6857523728136,2401.6325410522213,683426
2021-04-16,2437.7158203125,2463.0625175952136,2390.0536102382785,2390.0536102382785,709663
2021-04-19,2345.67578125,2376.8330041987538,2309.92922468714,2325.297314384836,740714
2021-04-20,2377.801025390625,2398.979636834257,2358.559460755923,2392.579693386795,740095
2021-04-22,2400.91650390625,2427.358161658947,2315.7394777155255,2318.5184062063176,1436707
2021-04-23,2411.779541015625,2419.9898900402604,2367.9910128842375,2373.0013898894304,682515
2021-04-26,2412.2001953125,2423.862976128324,2383.106050294732,2408.4108040664482,831133
2021-04-27,2446.684326171875,2474.8942469864537,2417.0007527774305,2421.000666922781,811184
2021-04-28,2464.1572265625,2533.8399298510253,2454.725892733428,2465.6308788979068,1389833
2021-04-29,2408.453369140625,2495.7777592849725,2399.9903527657925,2495.7777592849725,1009327
2021-04-30,2373.9697265625,2408.369066265024,2362.054276529158,2387.1485128126697,670258
2021-05-03,2352.159912109375,2398.264183187148,2329.7603118712204,2340.9601119902977,668727
2021-05-04,2338.265625,2374.4753744823083,2329.84475302737,2352.7916291527868,642256
2021-05-05,2347.906982421875,2357.843650351601,2330.8968657761543,2346.8122281809674,365152
2021-05-06,2453.252197265625,2460.5783133438817,2359.654100084089,2373.0012618080286,2249529
2021-05-07,2409.042724609375,2522.0507679873,2374.6855311266063,2483.2726173987107,2287493
2021-05-10,2388.41162109375,2424.3686982165245,2383.1064313833845,2409.04275451032,781259
2021-05-11,2390.1376953125,2394.600591898741,2358.769954869237,2383.5272301920836,684120
2021-05-12,2391.653564453125,2406.6849012322778,2370.475156392184,2391.3589573244694,486996
2021-05-14,2368.243408203125,2401.547783901211,2360.159290933562,2391.6532618537685,518143
2021-05-17,2403.94775390625,2428.915550085529,2368.7906232553746,2387.316536412722,926624
2021-05-18,2447.90478515625,2458.6413945010927,2405.463682216401,2422.0106096775116,1288013
2021-05-19,2454.683837890625,2479.062217736019,2437.0000092128535,2454.683837890625,717841
2021-05-20,2412.66357421875,2456.199431511592,2409.84250050062,2451.6100984253208,637388
2021-05-21,2428.916015625,2433.7160766967922,2387.3169939790946,2420.158391779865,1658538
2021-05-24,2442.431396484375,2495.6934035620084,2435.31580187375,2458.89423978954,1587246
2021-05-25,2467.062255859375,2479.8199973295864,2448.283674542308,2463.02019712042,501532
2021-05-26,2496.535400390625,2515.103460695681,2459.3151944293086,2477.4200657459423,817054
2021-05-27,2518.935302734375,2550.2187577470095,2471.651986475744,2500.998805536727,2097924
2021-05-28,2519.145751953125,2554.386974390652,2489.672702905225,2547.313524854226,1077246
2021-05-31,2532.57666015625,2538.892312675343,2492.577527535328,2516.9980506091542,662303
2021-06-01,2506.6826171875,2572.575928616045,2497.630181432141,2540.155577306154,971553
2021-06-02,2503.18798828125,2520.366481462774,2477.504333859394,2502.6826538280534,793261
2021-06-03,2533.29296875,2538.050678928977,2494.2621469766523,2512.7880643410977,851280
2021-06-04,2567.018310546875,2572.5761678089634,2530.3455807099526,2530.4718115436776,1023321
2021-06-07,2570.260498046875,2590.7654023402465,2560.5764958427503,2581.2076309732765,612460
2021-06-08,2573.375732421875,2591.943791931899,2560.239298544399,2575.102051893355,555729
2021-06-09,2546.05029296875,2602.0490839336653,2535.1874518437053,2573.375977667931,845692
2021-06-10,2533.839599609375,2563.228351547259,2525.418730218849,2559.060062316475,567660
2021-06-11,2529.924072265625,2558.260216590234,2522.0504768557444,2542.260564149413,467264
2021-06-14,2514.17724609375,2540.534613212889,2478.2623138250333,2534.6821490361367,489598
2021-06-15,2532.19775390625,2547.3131744353705,2502.935230662736,2513.6296944428364,454939
2021-06-16,2505.54541015625,2538.7659045567307,2500.99822289513,2532.997526757088,444814
2021-06-17,2453.92578125,2491.6932594213213,2443.736446429897,2481.6303610023797,782315
2021-06-18,2434.768310546875,2479.9461955067013,2401.6321051222794,2453.92578964629,904203
2021-06-21,2437.7158203125,2452.9996182944083,2412.579439208198,2416.789874529678,577938
2021-06-22,2447.9892578125,2477.4623052607117,2439.1473435780363,2442.8945899217765,522538
2021-06-23,2465.92578125,2522.0508028581717,2459.7363589812085,2491.6935225276043,1911546
2021-06-24,2447.90478515625,2475.735801869627,2436.57875602373,2475.735801869627,844653
2021-06-25,2475.06201171875,2483.5671724559998,2443.694271698285,2448.7889390473247,631005
2021-06-28,2478.809326171875,2491.230109476277,2466.8095863693175,2490.0512699061724,407079
2021-06-29,2465.209716796875,2490.5144725138057,2454.683629193131,2478.809339745853,470337
2021-06-30,2444.241943359375,2467.315046197972,2439.862926247532,2463.104610965552,758083
2021-07-01,2460.99951171875,2481.630645349925,2446.262987696482,2446.262987696482,634751
2021-07-02,2458.768310546875,2500.114667325128,2448.0736389960316,2492.5780282558785,928741
2021-07-05,2474.09375,2485.7565315904944,2463.1887644739977,2473.125226597987,480881
2021-07-06,2458.262451171875,2487.524974141207,2452.494073042143,2473.2094952785123,452807
2021-07-07,2453.294677734375,2460.5786493380333,2434.642324031718,2458.0523878910744,668763
2021-07-08,2442.38916015625,2471.399223054309,2433.757768026023,2451.315364984523,524837
2021-07-09,2439.358154296875,2458.599722771847,2421.884845525655,2442.3895447551727,328728
2021-07-12,2440.536376953125,2463.9464354684733,2437.9260307397626,2453.841391987399,392467
2021-07-13,2445.5048828125,2458.0518965894967,2438.936563245709,2458.0518965894967,317264
2021-07-14,2442.641845703125,2458.8941667584777,2438.684077716627,2458.8941667584777,429264
2021-07-15,2429.12646484375,2453.3364689095865,2426.9371617417028,2450.4734550116514,349469
2021-07-16,2446.010498046875,2449.33670116444,2425.2109866056753,2431.1055966425643,459445
2021-07-19,2431.189697265625,2437.3367684955792,2416.8742168681606,2430.263319240134,338468
2021-07-20,2390.684814453125,2441.210030679679,2381.4218581449236,2431.947074371478,481836
2021-07-22,2419.886474609375,2427.346707729372,2392.5606648076487,2417.158202413398,613062
2021-07-23,2417.115478515625,2441.8408220348324,2405.1791057822143,2429.9471208348054,430659
2021-07-26,2396.01416015625,2416.1355615139387,2394.095814151321,2412.852975088404,313614
2021-07-27,2382.031494140625,2409.6555917450873,2379.1752069932477,2405.8615714976568,427442
2021-07-28,2368.26171875,2392.3476152581748,2354.023372002483,2384.1201267921374,415048
2021-07-29,2340.978515625,2374.3151839426923,2336.1187481810825,2374.3151839426923,611448
2021-07-30,2355.984130859375,2388.979632330392,2340.9783225696506,2356.5809078376888,745920
2021-08-02,2372.0986328125,2384.5466495967476,2357.6471351823216,2361.7823196483237,464874
2021-08-03,2403.5595703125,2406.032021729563,2373.8891125385026,2373.8891125385026,530085
2021-08-04,2391.964111328125,2416.5189796943246,2388.127419650714,2414.387484317985,308031
2021-08-05,2403.30322265625,2414.3016533138534,2374.485369361426,2392.389926904187,316844
2021-08-06,2416.0927734375,2430.8000920992495,2397.250270325253,2412.852858710228,445529
2021-08-09,2418.224365234375,2443.4611475728398,2408.589963748608,2429.904919180012,422204
2021-08-10,2384.759521484375,2424.661153596952,2378.7486633387207,2424.661153596952,574570
2021-08-11,2371.5869140625,2399.9358003596426,2345.710478947787,2395.800616390107,551805
2021-08-12,2372.73779296875,2388.3403795152244,2365.9596798410525,2387.2746319116923,410605
2021-08-13,2363.572265625,2399.5518615983747,2346.349826696437,2384.588932387956,1083905
2021-08-16,2342.38525390625,2368.4319568986216,2337.6532932636837,2365.9595059017274,396756
2021-08-17,2372.439697265625,2378.748840318911,2313.098782718712,2348.0553068954414,877329
2021-08-18,2356.240234375,2383.0117319301403,2346.776312034959,2379.175040411827,613650
2021-08-20,2299.883544921875,2336.971565016074,2285.986153232819,2285.986153232819,809463
2021-08-23,2285.474853515625,2311.308412851933,2264.9271533164087,2302.8677738029814,758426
2021-08-24,2281.4248046875,2297.7519757247123,2261.0902558894013,2285.8156018248437,567946
2021-08-25,2279.8046875,2308.835694940488,2276.4369665772165,2287.520742069915,407780
2021-08-26,2257.296142578125,2284.962909308198,2252.9904805398933,2280.6999188057575,445529
2021-08-27,2279.89013671875,2284.8777110303704,2247.4487353085833,2257.6799131627954,517155
2021-08-30,2324.395751953125,2326.740396911537,2284.963086743466,2284.963086743466,518747
2021-08-31,2337.696044921875,2341.234243565225,2302.9526744101186,2325.034880627228,708031
2021-09-01,2336.843505859375,2356.5810679389397,2328.1043756327563,2352.318077584491,442282
2021-09-02,2327.891357421875,2335.138441433215,2304.2317596201465,2323.3298742237903,422436
2021-09-03,2386.805908203125,2399.16858168277,2329.298203199272,2329.298203199272,981491
2021-09-06,2401.939453125,2412.8527510147755,2388.1274048029636,2408.419282290323,580935
2021-09-07,2385.3564453125,2408.589744619002,2379.601407869605,2402.834707176107,311022
2021-09-08,2385.86767578125,2395.629881165462,2370.2224193559928,2386.4217812149004,341207
2021-09-09,2384.4609375,2392.6459620851083,2355.7284246927816,2372.7803857835725,403669
2021-09-13,2378.578369140625,2398.2732615848568,2361.696884078536,2361.696884078536,279930
2021-09-14,2431.354248046875,2439.2834529465745,2387.274962688014,2387.274962688014,880592
2021-09-15,2451.177001953125,2459.745654964272,2438.4307012817394,2438.4307012817394,681873
2021-09-16,2489.927490234375,2494.70212301364,2457.102462299985,2463.155992271499,1118060
2021-09-17,2499.903076171875,2518.9585196065527,2469.6783057476146,2507.491116315714,1024040
2021-09-20,2463.58203125,2489.5862714137397,2449.983134172185,2489.5862714137397,442234
2021-09-21,2430.2880859375,2468.2713709449827,2399.551884402568,2464.0083806670123,580932
2021-09-22,2427.51708984375,2438.430386350488,2408.674798114241,2429.904405978633,561230
2021-09-23,2432.5048828125,2457.187554471798,2427.5597725433126,2429.9044171563582,448036
2021-09-24,2415.7939453125,2440.39148274591,2402.0672413601756,2429.904484917082,603710
2021-09-27,2483.575439453125,2496.407081691628,2422.231051600381,2422.231051600381,1187306
2021-09-28,2490.055419921875,2505.78581321928,2464.8611044630616,2496.3645625935924,788979
2021-09-29,2460.725830078125,2490.055328502248,2443.1197632398807,2485.323367595272,613787
2021-09-30,2414.984619140625,2454.5026325335675,2410.465806642614,2436.1290980369563,920513
2021-10-01,2428.15673828125,2430.757204139525,2389.1930464047646,2410.4653275531214,329726
2021-10-04,2434.636474609375,2446.956475161916,2429.90451366253,2439.7520630591907,386779
2021-10-05,2425.25830078125,2438.132408970852,2421.378937261555,2432.4627140870484,316991
2021-10-06,2385.697021484375,2429.9043112505806,2371.075048978198,2421.378331211105,468624
2021-10-07,2422.78515625,2437.8763082003093,2395.800511332287,2404.3264917996617,552458
2021-10-08,2423.1689453125,2448.6615431583673,2421.3784061872434,2445.03800152939,300133
2021-10-11,2436.554931640625,2454.2463425048227,2424.106915915607,2425.641634151461,658779
2021-10-12,2486.730224609375,2495.9809974772734,2434.3807832782186,2450.2816549621834,956819
2021-10-13,2494.02001953125,2512.478894021585,2478.54544666326,2494.702139669105,754779
2021-10-14,2496.2373046875,2510.1771617785657,2472.5350306935243,2501.52337243269,572466
2021-10-18,2476.030029296875,2515.1641957247607,2469.2943799482373,2505.785617367821,440831
2021-10-19,2452.114990234375,2498.1126195332363,2443.1200379769584,2476.030410355898,447221
2021-10-20,2400.91650390625,2452.072395324707,2388.9801292419434,2440.988618850708,424722
2021-10-21,2350.527587890625,2417.115581891387,2323.3297921178237,2417.115581891387,737326
2021-10-22,2339.656982421875,2387.2746693561,2325.4186358461247,2365.1071188549363,387942
2021-10-25,2290.7607421875,2348.780087701284,2284.153106550566,2339.4866430099346,326076
2021-10-26,2302.44091796875,2308.8354030214314,2289.2256488598755,2299.371481881939,282346
2021-10-27,2293.61669921875,2327.038711316683,2286.668107953876,2313.9085756628283,444512
2021-10-28,2274.518798828125,2313.7809867192404,2267.911162921118,2313.7809867192404,366561
2021-10-29,2265.4384765625,2304.4448393239763,2250.0063678150063,2285.8154877271813,614962
2021-11-01,2285.5595703125,2295.8760900661814,2252.56406712952,2280.699803017209,502481
2021-11-02,2288.62890625,2303.3362220920003,2282.0212715963476,2297.751663431377,813089
2021-11-03,2252.09521484375,2299.457081039494,2250.858989226646,2299.457081039494,504184
2021-11-04,2282.83154296875,2289.2260290835084,2259.3850938813025,2259.3850938813025,93301
2021-11-08,2287.435302734375,2310.28497288081,2276.863169817014,2308.579776722924,644351
2021-11-09,2314.25,2344.6450424708523,2288.0326054341895,2297.7094700808007,723569
2021-11-10,2318.043701171875,2329.255282660589,2303.592205348903,2313.95118875775,390217
2021-11-11,2302.782470703125,2323.330171259109,2289.737884338046,2323.330171259109,264937
2021-11-12,2287.5634765625,2319.066936141447,2284.9630106099553,2319.066936141447,352693
2021-11-15,2296.260009765625,2374.3154134660294,2290.078673064316,2331.8559831835087,2023708
2021-11-16,2345.412109375,2360.8442187686096,2302.867546007228,2312.416603419511,1246961
2021-11-17,2344.090576171875,2364.8085426539697,2329.1701100158994,2345.4119366512014,570038
2021-11-18,2289.09814453125,2355.728604312428,2274.0069912921717,2353.1708099537827,559569
2021-11-22,2246.255126953125,2300.4802433797245,2232.698691731094,2289.225989642418,636253
2021-11-23,2244.208984375,2256.742136529763,2216.7553634279343,2238.027647303903,626376
2021-11-24,2234.7021484375,2266.1202615169477,2227.8386925415393,2256.4007270613024,564230
2021-11-25,2212.236572265625,2250.8593134799744,2200.641361300622,2250.8593134799744,625134
2021-11-26,2156.5615234375,2207.973229844083,2135.8860197755835,2199.7030700100827,685448
2021-11-29,2123.6513671875,2156.177901105183,2085.5827375231975,2152.810180275716,594113
2021-11-30,2088.268798828125,2142.280769542088,2066.740694423098,2111.033128984056,1527406
2021-12-01,2087.330810546875,2114.4434741444984,2077.8244241565158,2114.4434741444984,769987
2021-12-02,2108.21923828125,2117.171518153081,2053.823438953074,2070.108145600507,921229
2021-12-03,2099.47998046875,2129.3209115631817,2089.7604461738047,2118.7061077046396,499760
2021-12-06,2063.287353515625,2110.521203884162,2056.168076286385,2109.967098393716,347297
2021-12-07,2098.926025390625,2110.1802785789464,2071.8987074937336,2076.0763548847412,347226
2021-12-08,2123.523681640625,2131.4955582901753,2097.519435829485,2097.519435829485,308181
2021-12-09,2149.357421875,2156.135536032669,2115.6371209444983,2140.021513080183,402958
2021-12-10,2154.387451171875,2169.6915444339584,2142.493541932651,2149.143848307939,327197
2021-12-13,2127.232421875,2175.830517284569,2122.9694310495993,2174.125320954409,332491
2021-12-14,2117.68310546875,2121.2639756940607,2097.3912299868925,2114.4431912062983,365318
2021-12-15,2137.591552734375,2151.957916061545,2111.161007806519,2117.9393302062695,470021
2021-12-16,2106.85546875,2152.810427889748,2096.7947684859223,2142.579249618589,496003
2021-12-17,2084.303955078125,2105.0648030027305,2064.1400923732726,2105.0648030027305,492339
2021-12-20,2009.2752685546875,2076.0764142628313,1969.5016496702835,2076.0764142628313,687713
2021-12-21,2001.388427734375,2037.70918517517,1989.1537715357526,2037.70918517517,401977
2021-12-22,2002.5823974609375,2017.247042700182,1992.777519611803,2007.8684638879663,367785
2021-12-23,2040.011474609375,2048.7932768525357,2005.7370719082774,2016.3945483796285,472868
2021-12-24,2039.79833984375,2057.3192729202333,2026.28478447257,2057.3192729202333,343453
2021-12-27,2047.9404296875,2054.9316917717406,2021.509891252732,2037.7092535192025,223494
2021-12-28,2061.41162109375,2067.5502854651913,2042.73959877808,2049.645726292091,265463
2021-12-29,2074.584228515625,2082.726581615546,2054.761323629983,2064.1399022855558,270407
2021-12-30,2073.433349609375,2078.506475105098,2056.7652223651794,2067.5505056589345,366389
2021-12-31,2099.18212890625,2117.5129903584093,2073.5188396116837,2073.5188396116837,253608
2022-01-03,2111.54443359375,2128.5110516855325,2099.949016744028,2099.949016744028,234912
2022-01-04,2118.62060546875,2128.596168208195,2104.5527390097177,2124.67413429749,181575
2022-01-05,2136.61083984375,2142.536355011433,2112.695421494062,2118.663608197536,294097
2022-01-06,2128.0849609375,2139.1687367757163,2100.80182041266,2122.9693720890928,406402
2022-01-07,2130.72802734375,2144.7105531346538,2116.14851635071,2139.1686654004557,308537
2022-01-10,2198.083251953125,2203.1134974977977,2122.37249879844,2122.37249879844,783876
2022-01-11,2189.6845703125,2210.0615769878955,2183.3327575486974,2203.6670926980705,372092
2022-01-12,2208.655517578125,2212.4922092705015,2184.356470193073,2195.4402461932723,410716
2022-01-13,2211.29833984375,2216.7548839889655,2191.176943019862,2215.902285956662,243121
2022-01-14,2190.921142578125,2212.3214366516704,2178.3879930161925,2208.2289244273734,267065
2022-01-17,2303.293701171875,2322.860785375607,2209.465241323836,2215.9023984252094,2357848
2022-01-18,2295.918701171875,2325.0348407974893,2263.8182602707743,2304.572487963188,1082632
2022-01-19,2301.844482421875,2336.1188857573275,2280.742678618045,2297.751969750364,763040
2022-01-20,2310.07177734375,2352.5312024600676,2298.6470465750303,2302.0147672890034,1022978
2022-01-21,2344.72998046875,2367.6647847512654,2265.566168268023,2305.1693060581074,1170753
2022-01-24,2307.30078125,2361.1849359114776,2274.3479501650854,2336.118636720602,593277
2022-01-25,2371.970458984375,2377.895973831966,2261.814831981547,2305.510482271575,971148
2022-01-27,2314.803955078125,2361.696852878971,2292.6364033904524,2330.1507216311293,559824
2022-01-28,2278.269775390625,2348.9076064542337,2270.511258098258,2319.237152952469,466238
2022-01-31,2322.73291015625,2331.0457411470084,2285.090581341702,2285.090581341702,442531
2022-02-01,2324.822021484375,2361.5264137248087,2283.257861386323,2342.9397322963464,414159
2022-02-02,2304.061279296875,2339.0178052977985,2300.309930499782,2304.5729214755042,283071
2022-02-03,2371.501708984375,2402.578869328254,2288.373390945196,2305.6811746907883,1436881
2022-02-04,2320.558837890625,2370.222676342771,2312.8854551254867,2357.4337050675404,585251
2022-02-07,2257.722900390625,2331.0036803872395,2238.0704685502938,2320.5593515340047,688838
2022-02-08,2278.09912109375,2294.895259595729,2259.3846371451386,2268.3795874256657,625615
2022-02-09,2326.6123046875,2333.219939667822,2279.037291198418,2285.3037620616547,359950
2022-02-10,2331.08837890625,2345.4972024866074,2302.9099721202037,2340.7225702123847,448648
2022-02-11,2317.872802734375,2342.086500548791,2263.647491429574,2276.4364603077074,1235994
2022-02-14,2258.106201171875,2304.700606826343,2242.9725840033643,2285.8156410578804,576694
2022-02-15,2369.071533203125,2376.9156019346224,2242.33291393376,2259.38487525645,1131545
2022-02-16,2376.020263671875,2425.300472101109,2358.45666075553,2358.45666075553,1127829
2022-02-17,2381.690185546875,2448.9176308206024,2370.6917530194787,2387.274744884426,1166885
2022-02-18,2365.14990234375,2402.621548814615,2343.7496058546594,2370.222819625489,662754
2022-02-21,2364.539794921875,2394.7353355020327,2339.8341978977282,2370.2912150175825,522214
2022-02-22,2379.921142578125,2398.2215248535335,2305.8917815913346,2331.0765082871726,644900
2022-02-23,2327.32861328125,2407.3274480782834,2322.40502544021,2392.1207485303476,631227
2022-02-24,2170.25048828125,2287.1987900902463,2126.329665537918,2281.9701105848253,1934361
2022-02-25,2229.5087890625,2258.789478515834,2182.7121514452756,2252.427876090826,715496
2022-02-28,2209.509521484375,2219.531158663735,2169.0744791846537,2202.1458393254325,1008620
2022-03-02,2114.3916015625,2177.3100235708444,2109.772890560342,2176.874300132067,855090
2022-03-03,2106.634765625,2150.7300453357866,2095.8289137084957,2127.200988924091,831912
2022-03-04,2014.1748046875,2094.609377825373,2005.2860908790742,2091.4720845962615,1266961
2022-03-07,1916.0496826171875,1995.4385565322566,1891.126436395117,1995.4385565322566,1284637
2022-03-08,1962.1925048828125,1968.8155836491644,1870.8650782447075,1900.6248923044495,1081826
2022-03-09,1996.0482177734375,2013.564377609207,1947.8135686661058,1974.6977784215715,670764
2022-03-10,2022.409912109375,2100.578637894456,2014.828368433896,2047.8997278711759,716132
2022-03-11,2031.5166015625,2043.542609148257,1993.0859279094611,2020.0135471239487,467988
2022-03-14,2040.8411865234375,2048.7714375472638,1988.903084624325,2030.4710546512651,382149
2022-03-15,2020.3619384765625,2074.0431401472974,2004.3274043440267,2043.5425057333664,612285
2022-03-16,2064.892822265625,2070.9929487715794,2034.827913057706,2048.073859490959,493507
2022-03-17,2108.81396484375,2116.9620772888375,2069.6860897647375,2076.6576639618397,781757
2022-03-21,2084.108154296875,2133.2576573289166,2074.042903537428,2121.7546047847704,516893
2022-03-22,2112.081298828125,2121.97230205283,2043.585729174915,2095.828906134315,470208
2022-03-23,2086.809814453125,2126.1557617314193,2028.0307754161076,2111.515414203578,1137046
2022-03-24,2102.060302734375,2115.2192344490973,2033.0853739704376,2057.485884245265,692836
2022-03-25,2072.64892578125,2124.587238704133,2062.4966559487316,2108.9011967448737,467568
2022-03-28,2072.256591796875,2089.5985083959386,2047.0282529419924,2065.328633236493,493636
2022-03-29,1926.46337890625,2092.3433275662405,1877.139628033845,2078.400181693246,2475877
2022-03-30,1979.6219482421875,1987.7700605544867,1940.188982332459,1960.755210980971,3115035
2022-03-31,1999.229248046875,2019.054659344803,1986.8983630451007,1986.8983630451007,1338490
2022-04-01,1952.171142578125,1957.2691906211808,1873.6103115919584,1904.1109445713623,3541517
2022-04-04,2014.56689453125,2020.8848830617362,1960.7550611853844,1960.7550611853844,1417392
2022-04-05,2032.431396484375,2050.2088225787697,2017.3989421637166,2030.3834118080465,715666
2022-04-06,2045.197998046875,2047.1587529521055,2010.0352543997224,2028.7277419451484,812337
2022-04-07,2048.422607421875,2063.7599410094413,2036.440215827433,2047.8996543228136,853476
2022-04-08,2058.7490234375,2074.0429541589783,2030.9499613810233,2052.2567886741153,694946
2022-04-11,2035.176513671875,2058.1392190437223,2031.4728652412894,2054.8276790723257,408871
2022-04-12,2002.4969482421875,2026.9410665952425,1991.691096091476,2026.0696200425882,502227
2022-04-13,1982.018310546875,2014.0439771139274,1977.2253536456835,1996.963749264826,426929
2022-04-18,1991.6041259765625,1999.9264841904862,1960.0141843245078,1978.096702649477,422209
2022-04-19,1972.3018798828125,2028.2923342216927,1954.1321298317082,2011.2991223989977,484466
2022-04-20,1982.41064453125,2017.3991450329509,1970.9073776899083,1978.184042861684,424461
2022-04-21,2019.7081298828125,2023.2811460494333,1984.2839106512586,1988.6411436566414,341987
2022-04-22,1999.3165283203125,2008.6845800493932,1981.3646417651623,1999.970113324667,598737
2022-04-25,1994.3929443359375,2033.0414766961683,1974.6981643902895,1976.7025342927197,596296
2022-04-26,2097.789794921875,2102.800612793222,2005.4600716522393,2013.9130609884528,1311255
2022-04-27,2178.61669921875,2203.5401593600272,2065.328630859375,2082.757564453125,2082863
2022-04-28,2193.692626953125,2215.1737011110395,2176.9172794578963,2213.300175973522,1182758
2022-04-29,2184.41162109375,2223.931811067397,2171.165674801507,2186.111112235311,839920
2022-05-02,2167.54931640625,2183.496832809143,2133.388649941507,2143.9330268568556,667551
2022-05-04,2099.75048828125,2196.0453332511934,2090.426052631642,2126.329608386076,1263034
2022-05-05,2180.054443359375,2211.8622463249567,2117.7026052846936,2117.7026052846936,1675043
2022-05-06,2233.822509765625,2264.8894929292705,2097.789623645243,2100.186101561963,2491483
2022-05-09,2172.298583984375,2230.90336977234,2166.4163192398582,2226.5461366282534,996952
2022-05-10,2152.25537109375,2195.4792101816897,2142.538826015703,2165.5449325510554,644415
2022-05-11,2152.73486328125,2195.522769347653,2098.3564605951083,2148.5518764968474,575504
2022-05-12,2092.517822265625,2142.887485250854,2066.200173863267,2142.887485250854,966472
2022-05-13,2134.30322265625,2178.616364614715,2104.4997933394216,2104.4997933394216,691344
2022-05-16,2175.043701171875,2189.03046305056,2126.3299164665173,2135.0879982227434,473407
2022-05-17,2199.095703125,2212.4724948025937,2180.4032143378745,2191.6884063243015,517525
2022-05-18,2212.603271484375,2225.8492193730294,2188.8999627222224,2200.7081085929913,332168
2022-05-19,2192.1240234375,2221.3174858843918,2179.09593871753,2187.4182966826,556405
2022-05-20,2257.177490234375,2277.4386251596015,2217.8317584817933,2217.8317584817933,751633
2022-05-23,2287.2861328125,2352.862497614615,2274.955246991795,2278.876757179297,744827
2022-05-24,2298.0048828125,2312.8194762928993,2277.4386561727906,2291.861141200404,616849
2022-05-25,2261.142578125,2326.108968373876,2251.5130501002473,2300.793400663545,525893
2022-05-26,2297.525146484375,2307.024041252729,2243.974800116197,2272.732535418657,362813
2022-05-27,2370.160888671875,2376.348032879511,2298.8765027084996,2305.1072618042945,654718
2022-05-30,2414.38671875,2429.1140830090144,2373.820831952421,2373.820831952421,924244
2022-05-31,2417.305908203125,2448.721604187543,2398.351942539478,2418.177354900304,1859231
2022-06-01,2403.101318359375,2439.963340701654,2380.3564761538823,2439.963340701654,430807
2022-06-02,2320.74951171875,2381.6635435931858,2300.9675038123373,2379.572156867868,1093645
2022-06-03,2251.600341796875,2343.058627594711,2244.105815305419,2331.1198507234217,753558
2022-06-06,2214.128173828125,2260.924818449927,2200.4901182551816,2235.2607560244574,965347
2022-06-07,2240.35888671875,2246.633260555854,2178.6168014630675,2200.402969477698,550257
2022-06-08,2253.517578125,2280.6196559196624,2225.10854302033,2251.8182995908915,539786
2022-06-09,2264.105712890625,2268.8550547633067,2230.903509156048,2248.288827936059,327503
2022-06-10,2267.460693359375,2278.310162198603,2244.367355861872,2248.3324808889665,324452
2022-06-13,2264.71533203125,2276.4798604320436,2210.467784405369,2230.9031634097205,625967
2022-06-14,2228.812255859375,2278.7459836000335,2204.760240856898,2262.232110513105,509259
2022-06-15,2270.380126953125,2290.161924464937,2228.812161971137,2237.0036758377064,673444
2022-06-16,2195.218017578125,2286.8941747740773,2188.246443452873,2283.6262494028656,493824
2022-06-17,2150.20751953125,2194.30280800319,2139.96802072504,2194.30280800319,725864
2022-06-20,2137.266357421875,2179.8800101831916,2121.0137510128475,2139.488588757272,377385
2022-06-21,2177.919189453125,2200.2719212601214,2148.115759799303,2148.115759799303,381831
2022-06-22,2199.92333984375,2225.2389062747366,2161.187580795515,2174.259279872907,873408
2022-06-23,2330.335693359375,2341.272179182625,2241.840238887054,2241.840238887054,1846048
2022-06-24,2405.149169921875,2411.9028815458773,2344.3657653058526,2365.9776850537673,1354569
2022-06-27,2401.271484375,2447.8938848155963,2379.5725457207564,2429.201394853608,1005184
2022-06-28,2411.031494140625,2433.689107887683,2379.049443441078,2394.7354837275025,714029
2022-06-29,2398.56982421875,2426.76121020984,2379.049503141346,2387.8075850721507,653929
2022-06-30,2370.072998046875,2416.521138941126,2365.1057955594,2392.120636997256,643735
2022-07-01,2408.50439453125,2413.907321436064,2338.396551158339,2365.9777536819183,393346
2022-07-04,2405.5849609375,2439.179273221617,2386.805242309963,2396.4783856232393,499627
2022-07-05,2385.367431640625,2414.648125274441,2379.049443192586,2408.068660270548,401190
2022-07-06,2467.762451171875,2476.6511636768964,2382.6221634304957,2385.584996680332,739745
2022-07-07,2474.428955078125,2499.9623824856385,2461.967226402562,2489.7228851456102,382303
2022-07-08,2483.012939453125,2509.7226937114756,2456.6516787465353,2482.2285098283737,532145
2022-07-11,2499.396240234375,2505.757630621444,2447.0658259683055,2453.1223376789644,428940
2022-07-12,2505.844970703125,2513.7316058415618,2469.679932871729,2487.5445901137437,422887
2022-07-13,2477.827880859375,2520.049427878472,2470.551216336913,2514.123548194707,539917
2022-07-14,2433.7763671875,2497.566222575157,2415.693848304585,2473.1657151668865,620757
2022-07-15,2440.094482421875,2454.386123829496,2425.0184112963593,2440.007252645814,816619
2022-07-18,2455.693115234375,2471.292138370001,2444.6257850131205,2466.1504753342438,369313
2022-07-19,2441.096435546875,2480.878104762806,2425.628256735566,2453.1224424695924,661056
2022-07-20,2463.362060546875,2473.8194213770025,2448.765327721489,2457.4797950799284,201509
2022-07-21,2481.7060546875,2487.1089818938326,2453.166174113911,2457.4797929014044,314132
2022-07-22,2502.4462890625,2512.729189343774,2475.1699663247537,2484.538017826555,576270
2022-07-25,2473.90625,2506.1061591169923,2467.4574175471257,2505.4089592902606,421977
2022-07-26,2440.70458984375,2481.618973961624,2427.545658251606,2474.9088762496654,347002
2022-07-27,2455.530029296875,2460.2953065165725,2409.464892864072,2440.0425551609696,498259
2022-07-28,2453.89697265625,2481.5184695498506,2430.687848574794,2469.163825675847,294368
2022-07-29,2486.857421875,2512.2285649136547,2461.7510642880648,2470.92871332985,400652
2022-08-01,2506.93408203125,2566.236336680641,2488.5785658319837,2501.771519039985,961562
2022-08-02,2445.734375,2496.476668398817,2419.789705945685,2493.961744864321,1137765
2022-08-03,2472.60595703125,2477.812687411739,2426.2760318845467,2458.5746944517105,600314
2022-08-04,2477.106201171875,2495.5940009446217,2452.5291973929156,2488.49003732799,396416
2022-08-05,2445.072265625,2479.665225928647,2436.512305323908,2477.9886104127254,512072
2022-08-08,2416.260009765625,2465.0167392478666,2409.15604500487,2444.455034675271,675310
2022-08-10,2449.264404296875,2457.692080913471,2411.7150620895627,2457.692080913471,895054
2022-08-11,2457.95654296875,2486.8134192580696,2442.1601183825082,2462.4130827819827,422152
2022-08-12,2437.306640625,2466.5166376109346,2428.4379427836907,2462.060097555365,435760
2022-08-16,2485.931396484375,2511.214212154428,2454.603542535069,2475.3416993747505,1213957
2022-08-17,2571.0458984375,2584.76842325519,2478.0331502666886,2484.1663064060635,2510869
2022-08-18,2566.412841796875,2593.240201552028,2561.956301537675,2583.8417168661645,805655
2022-08-19,2505.03662109375,2591.739756911679,2499.9184403961644,2569.766223936989,510610
2022-08-22,2453.764892578125,2502.3891157600883,2440.5277730361895,2501.8155934257684,570304
2022-08-23,2473.929443359375,2479.7538624539156,2432.232514533415,2448.86724850876,396875
2022-08-24,2476.532958984375,2492.108551250521,2453.279664474663,2454.471091498092,324008
2022-08-25,2470.75244140625,2489.505026756714,2463.78076276016,2478.0770237150705,363945
2022-08-26,2494.535400390625,2507.022331427524,2485.975438745519,2501.8158167886872,475372
2022-08-29,2494.80029296875,2499.124333078253,2436.601126111739,2461.1337518809923,339203
2022-08-30,2504.197998046875,2527.407121899708,2498.770865720555,2507.9926817175174,918526
2022-09-01,2538.57080078125,2543.4685785353345,2464.6635434566065,2488.578694393961,838699
2022-09-02,2493.12353515625,2549.469635962002,2488.66720988165,2548.851946706429,776170
2022-09-05,2508.037109375,2513.287790426231,2478.032971427496,2495.6382975159345,930716
2022-09-06,2529.65771484375,2532.4815905937535,2495.4618226456464,2508.0370862281748,481401
2022-09-07,2519.244873046875,2537.1149873052864,2498.286097064788,2506.228370068526,551689
2022-09-08,2521.49462890625,2535.790673833411,2511.522623187711,2531.8637050912307,519141
2022-09-09,2504.8603515625,2539.9828888679976,2499.786121870503,2534.1145180990347,522672
2022-09-12,2522.0244140625,2532.6141106939076,2507.419629816694,2512.4055258014764,313906
2022-09-13,2532.7021484375,2561.8238107714506,2499.1681130226484,2502.6980114873695,766550
2022-09-14,2516.37646484375,2532.4374603865213,2497.4032598659696,2497.4032598659696,519643
2022-09-15,2462.369140625,2519.465209283451,2441.410366992607,2519.465209283451,1010823
2022-09-16,2369.620849609375,2474.7236649410956,2356.2072782311243,2474.7236649410956,1906557
2022-09-19,2386.564697265625,2404.699596996166,2351.6629922444345,2381.490467305261,534862
2022-09-20,2445.822265625,2491.4461545969357,2395.609336853372,2398.5215458192147,1009201
2022-09-21,2450.322998046875,2477.944495960172,2442.3367753203815,2457.6917470943426,447919
2022-09-22,2450.587890625,2470.3554516858935,2411.803173568826,2450.323105145345,328914
2022-09-23,2437.439208984375,2481.739394394608,2420.0984524243613,2462.898473982949,408930
2022-09-26,2401.522216796875,2431.0851143939108,2356.3835140329656,2417.9802810709944,610918
2022-09-27,2328.188720703125,2413.5681421863155,2320.9083049177366,2413.5681421863155,740040
2022-09-28,2286.801025390625,2316.4962144943975,2272.4608107294694,2294.4343457849272,923391
2022-09-29,2238.220458984375,2298.272900962748,2228.2484525231057,2294.478216944117,1057406
2022-09-30,2249.6044921875,2287.5067379689917,2215.011526575194,2249.428040334729,706844
2022-10-03,2228.73388671875,2271.4455734332723,2224.23317984211,2240.1618903021686,658511
2022-10-04,2313.671875,2319.0548406182324,2260.105711591386,2276.784394816114,391128
2022-10-06,2335.116455078125,2350.603714137405,2321.1291445132347,2342.0879192236953,463669
2022-10-07,2316.451904296875,2413.4799537862505,2303.1706170661955,2369.3562190982284,1065099
2022-10-10,2268.4013671875,2294.257920706418,2233.896517943928,2294.257920706418,1076512
2022-10-11,2248.677734375,2272.8135026734126,2236.014352184475,2272.372265340337,407068
2022-10-12,2250.3544921875,2263.0620407868737,2220.3945213374045,2250.310325366048,401910
2022-10-13,2247.177490234375,2271.75449498766,2234.425774853721,2252.957742180707,239037
2022-10-14,2237.86767578125,2281.1972730264215,2231.8228528951863,2272.8137627387036,250851
2022-10-17,2253.57568359375,2267.960064837755,2225.204207094116,2227.3662271013595,257635
2022-10-18,2260.899658203125,2291.5656469316805,2236.8080613785987,2264.870793434161,454003
2022-10-19,2242.544189453125,2271.489396570483,2234.6019188357454,2271.489396570483,375698
2022-10-20,2264.032958984375,2267.959928221868,2208.613505975595,2238.352859610166,364460
2022-10-21,2267.82763671875,2274.1372444852827,2248.5013120079234,2268.8423964189606,360297
2022-10-24,2278.4609375,2285.609067480929,2272.371949329495,2282.0791693072133,35097
2022-10-25,2281.7265625,2296.1990607158145,2264.4741398420106,2282.167799829115,410336
2022-10-27,2303.920654296875,2312.083544674064,2274.181302174428,2292.6691026958847,473043
2022-10-28,2338.425537109375,2360.046166030933,2311.2011079820445,2315.481196213028,717856
2022-10-31,2362.252197265625,2377.5188353456183,2344.293753143133,2354.4422109489474,511816
2022-11-01,2358.98681640625,2374.6067886919022,2329.115181407169,2374.0772177694453,368266
2022-11-02,2333.21923828125,2344.912029551192,2321.21771009559,2338.514087158205,565598
2022-11-03,2335.336669921875,2354.795061877248,2319.1431753456127,2328.850395638155,311401
2022-11-04,2284.638671875,2327.262243109363,2271.0044808064727,2312.9661960137432,855256
2022-11-07,2313.010009765625,2316.4957412199774,2285.6091313370443,2293.551402449799,314060
2022-11-09,2339.881591796875,2344.338131978133,2313.892755807289,2320.9083863570736,459177
2022-11-10,2393.712646484375,2402.096156213998,2317.6875365364936,2339.837522448109,706321
2022-11-11,2354.8837890625,2410.8767669270137,2347.4269207720677,2405.7144190865283,474615
2022-11-14,2372.444580078125,2389.741168064545,2343.7641561630226,2356.648371239427,352558
2022-11-15,2409.8173828125,2430.379082963153,2375.621493923373,2377.8276803033164,1012827
2022-11-16,2417.4951171875,2431.217640972955,2390.667974224894,2409.6411790455536,647740
2022-11-17,2421.510498046875,2440.1307997904696,2406.6848804794536,2418.8630740329754,517393
2022-11-18,2403.110595703125,2417.186237784383,2384.9759152209167,2413.5680057830264,469583
2022-11-21,2362.78173828125,2402.5372648535335,2351.794971840098,2395.9187048952595,467604
2022-11-22,2369.84130859375,2374.606800576032,2353.5596957453827,2356.030667649393,361527
2022-11-23,2346.3681640625,2380.475728262317,2337.455082570829,2374.7396421701183,264132
2022-11-24,2358.943115234375,2365.605626602564,2334.8515137694194,2351.7949842625153,498023
2022-11-25,2389.87353515625,2397.462903001303,2350.4711298956368,2358.85463871261,423634
2022-11-28,2456.368408203125,2474.459140147858,2393.3156319048494,2400.287096084867,1223958
2022-11-29,2495.85888671875,2504.4188475896285,2447.1904967722035,2456.0591944966213,731879
2022-11-30,2516.7294921875,2524.7600980774364,2488.666969292828,2499.1241651419414,1379225
2022-12-01,2534.290771484375,2545.056919245971,2494.402959944999,2519.4651541079224,782249
2022-12-02,2488.975830078125,2528.290122719954,2482.4014363739025,2528.290122719954,526214
2022-12-05,2495.32958984375,2499.9625821869045,2458.2656510985153,2479.753997002604,397713
2022-12-06,2469.8701171875,2492.99091014957,2451.5587680244544,2490.34348617419,339117
2022-12-07,2435.232666015625,2472.6936672424076,2427.687465590244,2464.795563179301,340800
2022-12-08,2434.04150390625,2452.220567631681,2422.6135004315524,2426.805254962852,190468
2022-12-09,2428.12890625,2455.2650006956433,2410.1704616328275,2437.394889719244,254995
2022-12-12,2445.734375,2448.778869514346,2414.4948579388515,2427.6878111329606,166357
2022-12-13,2435.144775390625,2484.2104550422264,2424.952149484375,2456.721238783071,440848
2022-12-14,2424.466796875,2455.8385980785533,2407.037922673954,2437.792034716926,438317
2022-12-15,2445.204833984375,2456.6328369759894,2413.215129703039,2416.6566944672504,299314
2022-12-16,2404.611083984375,2442.3808258253857,2397.8158569686916,2422.481195258594,271086
2022-12-19,2453.80908203125,2457.6918842868654,2390.66797814428,2404.611120613299,276490
2022-12-20,2446.705078125,2462.6337882836656,2420.9808133956567,2444.45472472926,234062
2022-12-21,2433.379638671875,2469.208195024393,2415.333075479558,2446.705091836695,328455
2022-12-22,2407.126220703125,2467.8846905982937,2397.948569908492,2433.1592246192026,483991
2022-12-23,2326.953369140625,2400.331050175463,2319.716904645736,2395.9186769214643,328855
2022-12-26,2370.59130859375,2380.916217224533,2304.670506084114,2334.145068405815,175951
2022-12-27,2384.75537109375,2398.78663134645,2369.885587595288,2378.2249296491723,181947
2022-12-28,2379.68115234375,2406.2876760232475,2369.4443605473252,2371.73888074415,225857
2022-12-29,2402.2724609375,2422.39292614589,2357.4868722300666,2375.2688657836384,243791
2022-12-30,2416.9658203125,2439.9101615825466,2402.890177059658,2414.3183963198026,211762
2023-01-02,2396.712646484375,2426.4522124473033,2391.506132596258,2416.965610629809,131296
2023-01-03,2400.68408203125,2417.89233864061,2384.4466337687672,2384.6230856187653,136701
2023-01-04,2390.888671875,2407.3909051513733,2380.6960463240903,2388.858937039871,178937
2023-01-05,2441.93994140625,2445.425889060108,2384.4467970785176,2389.6533119736437,258988
2023-01-06,2420.230712890625,2449.1759223288486,2412.4648934636043,2441.807173374959,162618
2023-01-09,2428.879150390625,2446.5725944827636,2418.2011211166664,2432.982571268552,110658
2023-01-10,2393.3154296875,2433.9092637921453,2371.8270856725057,2426.8052997342497,206381
2023-01-11,2377.166259765625,2400.33122099768,2368.6062981332702,2393.3597569393946,150551
2023-01-12,2377.607421875,2382.946436812907,2350.0300879477127,2373.856904460889,163626
2023-01-13,2407.787841796875,2422.3045062542096,2367.944198751524,2367.944198751524,196440
2023-01-16,2434.394775390625,2440.0425272492116,2391.5064191122474,2410.920862367033,362194
2023-01-17,2441.675048828125,2443.572283128819,2408.890986616715,2440.042384561641,254062
2023-01-18,2444.410888671875,2458.8836038287895,2424.555206813129,2441.719297596991,159791
2023-01-19,2444.057861328125,2453.0590602258785,2428.2174834694038,2437.3951342185,140565
2023-01-20,2423.672607421875,2442.2487430284427,2408.582419254032,2442.2487430284427,300399
2023-01-23,2448.51416015625,2481.518624675114,2426.8493652047296,2428.0847434902,434312
2023-01-24,2446.13134765625,2459.4568007862104,2437.6155536317583,2450.6320544611795,129633
2023-01-25,2457.69189453125,2464.7516917148228,2440.924876220265,2452.397046643571,356744
2023-01-27,2414.5830078125,2479.842182711151,2395.565850830149,2460.3394061176364,464092
2023-01-30,2384.71142578125,2439.9983795775206,2366.003005223918,2403.02277581302,459196
2023-01-31,2438.498046875,2446.2196999683347,2369.0915026780785,2404.2579877829753,579601
2023-02-01,2406.728759765625,2491.093414441837,2360.663630516853,2449.3523243866653,408279
2023-02-02,2348.220703125,2394.3300001766966,2324.9676270863274,2372.974158316016,453723
2023-02-03,2342.308349609375,2368.6942555761343,2313.0102341957904,2360.0020095058403,328028
2023-02-06,2378.269287109375,2386.9175821520844,2334.233886302734,2340.3670423023555,252416
2023-02-07,2340.852294921875,2378.0926813010947,2307.715329402116,2370.3268614502463,421543
2023-02-08,2307.3623046875,2371.1652662784736,2287.4185064578905,2346.5443092185146,793670
2023-02-09,2258.42919921875,2306.7888556556686,2249.5163340567,2306.7888556556686,1266011
2023-02-10,2279.697021484375,2285.3006067717283,2250.575355287252,2258.42929423397,283858
2023-02-13,2260.502685546875,2296.1987373558545,2254.766601076155,2289.094774267925,327921
2023-02-14,2243.692138671875,2274.2258523822416,2238.000219403771,2271.8429981067115,409279
2023-02-15,2269.724853515625,2272.372277528279,2238.838240034658,2245.898037401736,643367
2023-02-16,2256.222900390625,2285.6093494010784,2247.2217020269677,2285.6093494010784,433077
2023-02-17,2295.928955078125,2299.143508030925,2257.354761780957,2257.354761780957,705628
2023-02-20,2288.594482421875,2304.033224405659,2276.1892386911873,2299.958494788907,182493
2023-02-21,2282.346435546875,2304.485753483596,2278.679135026118,2299.9582765612313,203273
2023-02-22,2263.240478515625,2295.1138730185276,2259.211068118796,2270.0770131358004,310260
2023-02-23,2259.663818359375,2275.14787845324,2248.164070750472,2264.236614439464,294710
2023-02-24,2250.744873046875,2271.48085330022,2246.896517048941,2260.1168401985537,255112
2023-02-27,2207.1904296875,2252.872629918957,2200.3538949771164,2250.7446272310945,293892
2023-02-28,2190.48388671875,2238.384502243195,2182.560802416716,2216.607294890822,542868
2023-03-01,2201.35009765625,2212.985581657407,2186.1377297393237,2186.771532346648,293122
2023-03-02,2230.55224609375,2248.616835629044,2210.223696925207,2212.578073460126,525446
2023-03-03,2228.92236328125,2244.542159752545,2224.8023147809736,2241.73503543766,197868
2023-03-06,2245.357177734375,2256.268442871713,2228.605510756096,2238.3849065030095,203422
2023-03-08,2243.863037109375,2246.5342044649246,2209.9522768259576,2224.802313732495,286894
2023-03-09,2212.849853515625,2255.634514080941,2209.40892654752,2251.061717785711,244591
2023-03-10,2209.680908203125,2212.850142733291,2177.988562901469,2188.5828169743713,224485
2023-03-13,2161.462890625,2211.1291818652876,2155.0791036882465,2211.1291818652876,249618
2023-03-14,2149.147705078125,2183.601844326648,2144.5749097494777,2168.615853389559,302570
2023-03-15,2154.5810546875,2180.2972575164135,2146.069486080738,2173.1890299702645,217071
2023-03-16,2146.88427734375,2167.7559905558523,2141.496623920046,2145.4807152581934,577586
2023-03-17,2132.577392578125,2151.0496312897953,2108.7177215443426,2150.551564608559,628419
2023-03-20,2118.27099609375,2133.7548365740145,2086.261641594251,2132.577648204953,352432
2023-03-21,2127.053955078125,2133.664115529952,2110.7097193440372,2123.3413356129568,291142
2023-03-22,2130.8115234375,2145.3447674050058,2124.2920014064125,2127.0538063209415,166790
2023-03-23,2139.23291015625,2158.565325623467,2134.252685391865,2141.496648685516,371585
2023-03-24,2094.728271484375,2153.9022745179977,2086.3524374370936,2139.6860382405875,272040
2023-03-27,2090.4267578125,2110.6191282711466,2079.5154940865596,2100.7039979072233,238881
2023-03-28,2036.912109375,2090.426981382673,2033.7428751528118,2083.54512721577,456838
2023-03-29,2086.39697265625,2096.67443306161,2037.3644890471273,2037.3644890471273,712847
2023-03-31,2125.51513671875,2134.1624426473613,2095.99589240319,2095.99589240319,302919
2023-04-03,2201.35009765625,2204.4286937879565,2147.880546616489,2159.606668590789,787785
2023-04-05,2202.345703125,2210.8121729097393,2190.483846912149,2210.133051410478,289012
2023-04-06,2197.139404296875,2207.7789759014818,2182.515741114429,2202.346003167215,211340
2023-04-10,2228.107177734375,2234.6269214986505,2188.7181276549113,2200.353832025211,261131
2023-04-11,2236.437744140625,2244.5872021649666,2216.697901601358,2240.1954613579037,575155
2023-04-12,2243.18359375,2250.1558634795374,2217.7390869067167,2241.1009103065817,464883
2023-04-13,2215.792724609375,2243.183962459836,2207.597946427244,2243.183962459836,458472
2023-04-17,2232.906494140625,2235.6682995181145,2190.8462740721257,2200.353976439457,656224
2023-04-18,2209.13720703125,2241.0559216709116,2195.826468118568,2237.4339398678294,397381
2023-04-19,2214.79638671875,2220.365315962318,2192.294959103468,2204.8812564935397,247426
2023-04-20,2217.151123046875,2229.556367587801,2202.0293919173555,2218.464047351046,315314
2023-04-21,2226.929931640625,2242.368449492721,2217.1505382872947,2219.3236385577297,699932
2023-04-24,2264.689697265625,2285.470775995356,2212.487745989123,2227.473741606388,686216
2023-04-25,2261.700927734375,2294.5251329712364,2258.1695844258243,2268.175130822782,538138
2023-04-26,2268.401611328125,2285.4702872812586,2256.539754760099,2272.7933522487956,560280
2023-04-27,2271.571044921875,2288.0512387684425,2261.067430469013,2263.7385978007733,685268
2023-04-28,2316.800537109375,2324.406609773678,2277.456586513219,2281.8483274755235,721370
2023-05-02,2260.026123046875,2299.913243912406,2232.9518961077374,2299.913243912406,997629
2023-05-03,2266.1376953125,2280.0371364180974,2244.63218221086,2254.6832683403745,863935
2023-05-04,2276.8681640625,2293.393454972876,2267.6321552741783,2270.937125028969,684323
2023-05-05,2306.5234375,2319.879496270488,2275.1027875213817,2297.2421085238984,1527593
2023-05-08,2332.873046875,2347.0439607570743,2323.5010815210853,2323.5010815210853,855245
2023-05-09,2346.636962890625,2357.910337919333,2331.877341676944,2342.924342825283,556418
2023-05-10,2341.656494140625,2358.045828734928,2329.0248771425827,2354.2881111386673,549062
2023-05-11,2341.113037109375,2357.9100209886624,2331.695973379102,2354.2880393896016,506829
2023-05-12,2359.630615234375,2366.9652171501607,2341.7923982476173,2349.76080279444,718178
2023-05-15,2437.5029296875,2462.94743834177,2359.720964823034,2378.736367839643,1383562
2023-05-16,2432.160888671875,2460.7293156247615,2427.225982459885,2444.7925065568775,602177
2023-05-17,2465.61865234375,2504.9623832142693,2428.900769702886,2434.8318087796188,1169727
2023-05-18,2476.66552734375,2498.3974158246397,2466.7957164192935,2485.630063983038,610410
2023-05-19,2456.609130859375,2484.724808509505,2415.1373954576143,2481.64599136989,458137
2023-05-22,2437.7294921875,2464.7586198515905,2427.7239442994796,2454.390741141907,241924
2023-05-23,2454.300048828125,2461.272319439112,2421.3401035389747,2437.7294382130844,224454
2023-05-24,2479.88037109375,2485.358662838198,2450.270713777271,2454.798191075455,402069
2023-05-25,2474.53759765625,2498.261530279628,2453.032084302085,2480.1063053185794,208718
2023-05-26,2485.720947265625,2490.0220510011372,2457.1527403611854,2476.0321893803302,167210
2023-05-29,2514.47021484375,2530.6787159634023,2477.48085852627,2499.16743023806,462628
2023-05-30,2516.507568359375,2530.85975953753,2499.3484739528994,2514.425105698055,399817
2023-05-31,2499.076416015625,2523.6154273279344,2480.196971455324,2516.4167838317567,773286
2023-06-01,2535.74951171875,2546.8418316022626,2487.260404511127,2498.126350519466,552629
2023-06-02,2619.281494140625,2637.3914043099708,2567.9852620132488,2567.9852620132488,2090599
2023-06-05,2599.315185546875,2643.865515045447,2594.244322875923,2635.036934889063,620625
2023-06-06,2630.283203125,2636.8027260912513,2590.5771395812612,2598.7719175418583,729992
2023-06-07,2678.455322265625,2697.470725162034,2632.3656960535163,2642.190188242403,996180
2023-06-08,2684.613037109375,2740.029316143576,2669.5817237488427,2696.1581044526765,1150017
2023-06-09,2625.302978515625,2739.123711331525,2614.4370332144754,2705.5297420148477,826404
2023-06-12,2653.4638671875,2660.572095135533,2606.106630419832,2631.6415587520282,617327
2023-06-13,2673.4296875,2676.5536022270403,2629.6038012232407,2641.3299217289664,973087
2023-06-14,2654.55029296875,2687.102807034979,2647.3514279827555,2673.42973863479,304861
2023-06-15,2574.368896484375,2681.5341508982715,2544.4422274953836,2662.0659986238406,951322
2023-06-16,2564.408203125,2576.0436859718016,2539.914509188172,2574.3233331985643,1029235
2023-06-19,2519.631591796875,2560.4693017499126,2514.606048106591,2553.4970313743415,671364
2023-06-20,2536.020751953125,2544.0797931118727,2485.6300247604945,2512.749565952359,872568
2023-06-21,2556.711669921875,2562.552071241626,2535.387208295602,2536.2927037271356,407191
2023-06-22,2558.069580078125,2591.5275877043455,2550.599243740403,2562.55173766712,578572
2023-06-23,2514.017333984375,2571.3805558613712,2503.6947748769053,2558.2508725934813,381689
2023-06-26,2581.7939453125,2588.8115351682377,2512.7499160866946,2514.0175213107623,583691
2023-06-27,2575.31982421875,2595.964944637831,2560.2431915950624,2587.9061231644387,415101
2023-06-28,2561.42041015625,2590.9396520510113,2530.8599368578766,2580.662189640411,781032
2023-06-30,2635.08251953125,2644.0468364741937,2567.07971965902,2571.561878130492,962194
2023-07-03,2624.804931640625,2636.667010444626,2591.890083656582,2603.2994147362815,818522
2023-07-04,2743.469970703125,2752.615341480756,2640.152858507787,2672.207527883061,2177103
2023-07-05,2859.73583984375,2872.231721939733,2743.8324160075945,2761.761271095897,3069147
2023-07-06,2872.322265625,2903.788233172562,2823.968674939752,2842.3502771739877,1676341
2023-07-07,2850.680419921875,2872.231253490202,2830.578467342488,2852.310355767382,931135
2023-07-10,2828.495849609375,2885.225267312248,2794.2680803304233,2858.1508230455897,570281
2023-07-11,2809.39013671875,2832.3896316172563,2792.7288885977196,2806.130264827966,663715
2023-07-12,2787.885009765625,2819.0792866589168,2768.507272721527,2806.945513877679,739038
2023-07-13,2782.678466796875,2835.061251792409,2766.7416566685874,2787.8850662162317,665215
2023-07-14,2839.905517578125,2845.5195453393726,2782.6782474670467,2787.929944395426,811153
2023-07-17,2799.4296875,2859.0111084003074,2777.15441207013,2847.4660419660413,909246
2023-07-18,2821.885986328125,2825.1458584382303,2794.2683745709564,2806.130453621819,578275
2023-07-19,2804.00244140625,2846.560728233039,2791.1897690122846,2829.673326249275,486164
2023-07-20,2795.400390625,2807.2171513090602,2762.666816185983,2803.3687953704202,735511
2023-07-21,2808.892333984375,2829.311301533987,2761.308501686251,2788.0659376771823,749722
2023-07-24,2837.867919921875,2856.838004454132,2798.0261220784573,2834.1099813479877,784541
2023-07-25,2843.527099609375,2878.569725536745,2832.5251984358115,2878.569725536745,748386
2023-07-26,2848.416748046875,2888.439599283504,2830.6691713931086,2865.847533961303,509747
2023-07-27,2872.453369140625,2892.5984065510834,2836.6044488074135,2845.5323631143215,524436
2023-07-28,2905.00634765625,2907.295556756058,2867.4174895262886,2881.6105859450977,445865
2023-07-31,2933.575439453125,2957.657962309357,2905.4639982686035,2920.801698227948,933273
2023-08-01,2840.5419921875,2970.477396786231,2776.581407646439,2953.033580679073,3043469
2023-08-02,2741.052978515625,2813.8956522994417,2721.274347243929,2802.9074492966456,2692656
2023-08-03,2703.46435546875,2766.784014857556,2685.7460107345196,2721.4118446741636,1250490
2023-08-04,2696.41357421875,2733.315669679644,2675.123929555416,2725.9902005481745,642027
2023-08-07,2704.97509765625,2714.9559591580464,2682.6322843902453,2701.2665344825436,444210
2023-08-08,2808.3095703125,2828.3173437365417,2728.7367654665786,2751.628852425191,2020469
2023-08-09,2801.717041015625,2821.5417249107,2750.8051674467683,2820.1681995230506,548711
2023-08-10,2779.92333984375,2804.6467933798285,2758.9542779335115,2794.116433540388,476401
2023-08-11,2745.402587890625,2814.216346145114,2728.7371906988137,2788.1649682820726,816082
2023-08-14,2756.802734375,2769.9428834260407,2703.2810727931374,2756.1159716766297,526850
2023-08-16,2730.33935546875,2762.479936674973,2706.7605046585477,2751.628997462428,753515
2023-08-17,2738.85546875,2744.6699254602263,2711.1102110373063,2744.6699254602263,565973
2023-08-18,2680.251708984375,2737.6191967359996,2673.7960949344647,2737.6191967359996,560922
2023-08-21,2684.32666015625,2696.0932846571145,2666.837012757219,2682.0374509969834,328451
2023-08-22,2707.447021484375,2715.550909381309,2673.7956549367973,2692.109323806227,255764
2023-08-23,2702.869140625,2724.158784910435,2687.348347889314,2718.664683159355,325912
2023-08-24,2680.892578125,2720.9079055133034,2673.7960304414655,2705.84495546388,273751
2023-08-25,2665.46337890625,2696.688279991539,2646.3256805349906,2684.601300833082,429528
2023-08-28,2684.55517578125,2702.3651756404297,2666.333163046721,2678.374311984363,303029
2023-08-29,2736.19970703125,2740.640861665325,2690.324095367913,2699.4351019677174,590653
2023-08-30,2702.960693359375,2754.3762374927405,2694.0783836958817,2754.3762374927405,415898
2023-08-31,2670.08740234375,2715.0017251728127,2646.3712878260135,2715.0017251728127,920121
2023-09-01,2680.572021484375,2698.6567721813776,2662.8078494624556,2685.65411006224,331811
2023-09-04,2694.71923828125,2714.9557092041764,2676.313910776201,2701.2662857889977,643279
2023-09-05,2687.85205078125,2723.1514761101903,2681.3047786494662,2715.0019811707275,306742
2023-09-06,2690.2783203125,2705.8449409541995,2670.911702289315,2705.8449409541995,275916
2023-09-07,2711.247314453125,2718.1607699174724,2683.5022819302726,2692.109617816717,242002
2023-09-08,2755.06298828125,2771.7742137191003,2710.5606765971324,2719.397157331854,569352
2023-09-11,2796.818115234375,2801.0759542813953,2764.494441498703,2773.5137902518286,486566
2023-09-12,2765.409912109375,2810.5073230692483,2756.20724851204,2810.5073230692483,429664
2023-09-13,2741.9228515625,2779.008036945175,2733.407173022781,2765.4102697715325,290774
2023-09-14,2745.585693359375,2773.5598728303544,2725.0744695697886,2753.2775699471495,311245
2023-09-15,2806.432861328125,2841.3660998822174,2751.583281695936,2760.419762224328,949607
2023-09-18,2852.03369140625,2864.258156271639,2781.8466364300634,2808.172538601678,897322
2023-09-20,2803.68603515625,2868.699573424655,2791.2326482628887,2851.988347038762,575906
2023-09-21,2747.92041015625,2804.692788303762,2737.893720339694,2799.244516079747,585566
2023-09-22,2767.83642578125,2783.677794785049,2738.0308836292697,2756.2072902312493,323540
2023-09-25,2723.884033203125,2767.836847180966,2718.115181657419,2760.969219996928,408884
2023-09-26,2778.504638671875,2782.7624780166034,2719.6261381080244,2724.1587272456054,372568
2023-09-27,2752.865478515625,2778.184040617151,2747.05079823713,2778.184040617151,222370
2023-09-28,2719.580322265625,2763.7162275656906,2710.4693150553435,2753.0027740375763,331995
2023-09-29,2799.4736328125,2811.148598490269,2721.5488705135576,2733.3613228620497,375842
2023-10-03,2761.33544921875,2806.478470148136,2739.267385870576,2800.160342969153,387906
2023-10-04,2737.024169921875,2765.3645332585597,2725.1202828581795,2761.655969885294,307263
2023-10-05,2762.296875,2791.782066111173,2741.007231049652,2765.364504518299,537209
2023-10-06,2781.846435546875,2788.2562199605777,2767.6533414879623,2783.6778025222184,180660
2023-10-09,2705.936767578125,2792.7892252092183,2677.413088547974,2766.3718867816337,976306
2023-10-10,2725.806884765625,2749.8894072694784,2715.917457538863,2724.1586096352385,467743
2023-10-11,2839.397705078125,2848.691804603734,2735.650703934479,2747.0509205436197,1048795
2023-10-12,2827.860107421875,2868.012925965925,2806.524633097569,2854.1401841656298,927642
2023-10-13,2837.199951171875,2856.017294827752,2820.351461490281,2823.968367184606,374642
2023-10-16,2894.4755859375,2906.654221377166,2838.4816285137586,2842.2816256722554,966651
2023-10-17,2905.41796875,2918.7870375121174,2899.5118547801267,2913.7966070586754,416816
2023-10-18,2887.287353515625,2915.5362790587474,2883.4873563932147,2902.7167099925346,344063
2023-10-19,2990.485107421875,2998.863522191428,2873.460709081433,2883.945240654016,1129769
2023-10-20,2940.489013671875,2989.7070080618673,2933.4382945354923,2985.1285899790773,458086
2023-10-23,2884.265869140625,2960.175944690913,2874.7426262532044,2935.269397275941,313646
2023-10-25,2876.02490234375,2903.6326732490097,2829.4623022199435,2884.4033177970296,391029
2023-10-26,2849.5615234375,2866.135485956495,2824.883895222761,2865.17397346905,461475
2023-10-27,2849.79052734375,2887.058806095984,2842.327795237077,2861.694414445065,314423
2023-10-30,2848.096435546875,2864.761831541623,2797.4132613406255,2849.83614487966,265215
2023-10-31,2827.95166015625,2874.880446725168,2820.442875460762,2852.4003686429905,207132
2023-11-01,2831.705810546875,2879.504451552414,2816.2308465474293,2834.91070326734,473455
2023-11-02,2794.7578125,2884.35731245571,2785.051477586274,2874.3306224373873,1268028
2023-11-03,2828.912841796875,2847.959105504997,2813.025865372615,2824.8839233543504,411691
2023-11-06,2899.878173828125,2907.5242209686653,2834.6815491327425,2847.775868738697,850503
2023-11-07,2866.318359375,2912.972390347991,2858.123036522367,2907.249368306271,355269
2023-11-08,2868.012939453125,2899.4207107877887,2863.2056001399924,2893.8351744811193,459324
2023-11-09,2906.2880859375,2926.5247829010636,2870.6680833525766,2879.8249193441316,604807
2023-11-10,2843.380615234375,2911.0039372139145,2834.1779505205404,2906.242427296753,820659
2023-11-13,2855.833740234375,2872.45330631227,2840.541870518384,2840.541870518384,386501
2023-11-15,2909.905029296875,2913.3388425745725,2866.181140227531,2879.778906673881,570652
2023-11-16,3003.488037109375,3020.8401966195224,2910.134138793704,2917.367949812003,963718
2023-11-17,3053.575927734375,3084.7549994608144,3003.488078826156,3012.3243362673024,947293
2023-11-20,3064.1982421875,3084.022704891421,3036.040968382449,3073.9501841806714,677714
2023-11-21,3091.805419921875,3108.7455651220985,3049.2719649275587,3072.072395261316,742294
2023-11-22,3125.77783203125,3138.688837507342,3084.7551593412013,3101.420557246526,775145
2023-11-23,3267.158935546875,3274.4844040122266,3131.5919400488483,3131.5919400488483,1726414
2023-11-24,3249.394775390625,3277.9640577950563,3234.8811015202823,3267.1589470594768,514405
2023-11-28,3316.605712890625,3322.099814016341,3255.300745873952,3259.8333345915585,659645
2023-11-29,3430.974365234375,3468.746309042479,3319.9935714111266,3328.509472544425,1561256
2023-11-30,3497.041748046875,3556.973199253153,3463.2987155451005,3479.5979295049506,2909100
2023-12-01,3442.970458984375,3539.117240418779,3424.977365023881,3534.538822255236,1060628
2023-12-04,3476.942138671875,3552.8522164516735,3464.946594601323,3552.8522164516735,1018705
2023-12-05,3485.7783203125,3502.489544938678,3460.4597598216346,3477.7660893273464,713163
2023-12-06,3443.931884765625,3502.489806891295,3415.087851061814,3466.045554516319,672675
2023-12-07,3454.553466796875,3490.5398751408197,3444.1605926036773,3461.283830333635,500651
2023-12-08,3402.451171875,3481.520536326868,3381.069871428548,3468.6093087701,779332
2023-12-11,3392.287109375,3414.2635154514537,3372.4626491490912,3402.451286607585,451738
2023-12-12,3431.20361328125,3474.057649235446,3401.9933967065854,3413.668362269605,598126
2023-12-13,3537.560546875,3543.695582371092,3419.8952026024717,3424.6567126790396,1355603
2023-12-14,3556.1943359375,3576.568294961679,3514.851313002792,3551.0208132929074,1067427
2023-12-15,3568.0068359375,3607.793242081321,3558.483592738773,3606.8775585173407,924599
2023-12-18,3561.7802734375,3615.6683425735378,3556.8356714331408,3571.166030312038,725829
2023-12-19,3499.605224609375,3584.717964888687,3479.551620962432,3582.8865978098183,560186
2023-12-20,3493.79052734375,3576.5682294748976,3469.295992785646,3529.4563563163088,595832
2023-12-21,3525.51904296875,3541.772426499246,3435.690617984246,3456.7513403054522,410786
2023-12-22,3603.855712890625,3611.455931087544,3525.5189402625415,3543.695348202027,573168
2023-12-26,3724.4970703125,3735.073260195285,3603.3064846647985,3616.9042514664725,1149831
2023-12-27,3721.613037109375,3751.510241882634,3682.8795746932565,3721.3382873081537,683058
2023-12-28,3821.37646484375,3835.798481095182,3712.318462053554,3721.6127844378125,1714818
2023-12-29,3790.517578125,3839.827225642376,3764.8784392825787,3823.894421641091,383687
2024-01-01,3771.288330078125,3828.839130985162,3740.567325623993,3790.5176847508556,392408
2024-01-02,3743.497314453125,3771.654806193765,3685.809252805616,3767.16759926564,507848
2024-01-03,3653.440185546875,3719.460836889331,3636.820394598205,3662.7342843712436,896596
2024-01-04,3614.1572265625,3668.365649265315,3598.499171628637,3660.4450757968216,630734
2024-01-05,3653.852294921875,3696.6146741099283,3620.384014803599,3626.107037274044,593042
2024-01-08,3671.43310546875,3708.518288352273,3656.8279979084477,3676.377707097667,508360
2024-01-09,3765.748779296875,3798.9423095703123,3691.212224187851,3706.6413586091994,1043602
2024-01-10,3789.144287109375,3824.810341655884,3741.5747930468615,3748.991695965813,511944
2024-01-11,3976.0810546875,4024.4289644259316,3811.074709884125,3822.978595330663,2133475
2024-01-12,4013.578125,4024.429064117279,3884.924590640847,3884.924590640847,905401
2024-01-15,4003.735107421875,4041.415400249697,3971.457258714356,4013.578706673104,490217
2024-01-16,4014.951904296875,4074.791915443648,3974.158379808062,3974.158379808062,972808
2024-01-17,4002.3154296875,4056.4780208369525,3974.9821870097544,3979.5606046404955,443836
2024-01-18,4023.513916015625,4039.6756428468484,3934.6009451083887,3968.5728975902866,570816
2024-01-19,4028.779052734375,4066.4137393649416,4005.2001992522655,4024.4295554901023,383901
2024-01-23,4069.481201171875,4175.517182352965,4030.5185960391627,4030.5185960391627,1399043
2024-01-24,4059.8203125,4078.088378304026,3947.4201558940536,4055.562473382771,596736
2024-01-25,4067.603759765625,4102.308078317966,4009.320588829509,4073.739018647796,664356
2024-01-29,4206.1923828125,4235.036414609299,4053.1359670018687,4072.960426417764,418127
2024-01-30,4201.4775390625,4268.917556468642,4193.8770958239475,4236.868625864523,709726
2024-01-31,4231.87744140625,4245.933274349774,4137.195844828343,4182.3849207506355,645505
2024-02-01,4199.9658203125,4320.057625690144,4189.252144181302,4232.014743819898,660378
2024-02-02,4319.55419921875,4367.16974787143,4203.033457563874,4210.313321250426,994506
2024-02-05,4346.42919921875,4371.793812199974,4303.712651367294,4322.026322224176,425966
2024-02-06,4380.12744140625,4387.956358317955,4333.931019181737,4346.338354664308,261001
2024-02-07,4389.19189453125,4411.076642256764,4331.320514526261,4386.124265174093,265821
2024-02-08,4402.5146484375,4417.898399637667,4362.682415841793,4391.572498784183,444060
2024-02-09,4494.95361328125,4508.826130658265,4388.047550983453,4431.908706820878,718094
2024-02-12,4292.2666015625,4531.763453040975,4237.371194395141,4531.763453040975,1321957
2024-02-13,4344.73583984375,4422.615006776247,4309.482017402446,4329.352532532017,938269
2024-02-14,4408.146484375,4418.173398704597,4268.092945111761,4310.122733202599,735284
2024-02-15,4410.80224609375,4445.460512273766,4383.422949073787,4422.935053656845,530347
2024-02-16,4481.63037109375,4505.163620067429,4422.75209043205,4422.75209043205,848705
2024-02-19,4443.44580078125,4527.139182491667,4435.433570229712,4513.358324787455,524294
2024-02-20,4270.15283203125,4470.366944239075,4260.6754181778815,4443.445938175708,1153742
2024-02-21,4243.48388671875,4323.116263839468,4218.358920224266,4299.441526366307,1112050
2024-02-22,4206.33447265625,4284.609830654743,4155.336122492168,4266.971317271946,1441798
2024-02-23,4228.88671875,4309.080648661226,4196.930958730507,4243.624776131272,819122
2024-02-26,4207.2236328125,4238.945451097865,4182.9407492860055,4233.28434909784,605090
2024-02-27,4145.41748046875,4228.652593119037,4124.784383816932,4212.557516661777,830187
2024-02-28,4093.951416015625,4172.69511637039,4069.621924565639,4154.728539920639,569688
2024-02-29,4142.095703125,4167.828817738337,4070.510857018807,4097.647596065599,1548190
2024-03-01,4217.51708984375,4234.266916207836,4164.085696602182,4173.349526208332,510674
2024-03-04,4315.396484375,4332.520518780674,4269.825297450587,4295.043931182024,570306
2024-03-05,4295.09033203125,4346.322618671492,4278.106569485726,4315.349217923638,442519
2024-03-06,4337.47998046875,4350.299932877521,4244.653893387761,4285.733209847074,353334
2024-03-07,4353.94921875,4401.766114651072,4323.911565233786,4351.235636294108,684934
2024-03-11,4371.54150390625,4421.416773850861,4304.962555636321,4398.023034306677,644170
2024-03-12,4359.56396484375,4395.216117987383,4335.328140224728,4366.488420890755,312738
2024-03-13,4222.19580078125,4385.624374687594,4188.929628834585,4347.4925790363395,700123
2024-03-14,4374.90966796875,4381.3196437381785,4168.764225827764,4168.764225827764,708629
2024-03-15,4290.69189453125,4380.10303121243,4211.4807926774765,4355.913815847903,1278695
2024-03-18,4261.5908203125,4288.072350043454,4236.652729061672,4267.485859765014,232124
2024-03-19,4249.9404296875,4302.202132342048,4219.856173666977,4261.403361434882,388757
2024-03-20,4220.6513671875,4294.107700364296,4192.157613147073,4250.174080114733,418716
2024-03-21,4229.4951171875,4252.982526814202,4159.594886436775,4236.887448679581,633619
2024-03-22,4383.05126953125,4432.037854072734,4227.342622388285,4247.180240410704,902115
2024-03-26,4371.02685546875,4420.995795045454,4335.8425774944435,4383.051329768468,551123
2024-03-27,4278.76220703125,4396.15219237762,4267.018730787984,4390.537694047636,693528
2024-03-28,4418.89013671875,4444.810583304985,4288.727733374836,4308.1911422181365,1086607
2024-04-01,4380.009765625,4472.648972332659,4362.558127662371,4435.452927215189,664163
2024-04-02,4267.76708984375,4384.408656592369,4231.460183899865,4351.236146646257,1342779
2024-04-03,4264.3984375,4307.489525611193,4235.670740819869,4290.318428354203,681469
2024-04-04,4232.3486328125,4295.090457715544,4176.016326834432,4290.411709940255,1378250
2024-04-05,4234.17333984375,4272.258531922664,4181.256881900192,4192.626148336111,605460
2024-04-08,4299.8623046875,4312.728859372481,4234.359844473054,4248.302419622634,711580
2024-04-09,4231.17919921875,4372.991870015491,4215.5519979499895,4318.484455169634,945922
2024-04-10,4206.1005859375,4259.251434839098,4188.321344381722,4259.251434839098,515061
2024-04-12,4155.4765625,4232.20802825203,4146.30639935664,4219.294866779303,438331
2024-04-15,4099.70654296875,4155.242919082686,4088.2436097740742,4145.37094305414,645166
2024-04-16,4045.15185546875,4160.763992723022,4012.5408905188065,4064.8962634154796,719918
2024-04-18,3978.15185546875,4116.0346422222,3959.7178635888667,4077.99651462294,1103254
2024-04-19,3942.96826171875,3978.105476341009,3900.3445934075658,3978.105476341009,674079
2024-04-22,4034.8583984375,4056.4743044520123,3936.6046955614997,3967.437826037124,619635
2024-04-23,4065.87890625,4088.1966271810547,4011.465154516962,4059.282053863828,547228
2024-04-24,4111.07568359375,4122.304679031524,4056.5682682395563,4079.8683423911384,658601
2024-04-25,4209.2822265625,4224.909427585379,4086.3248209820113,4118.233973599835,1103462
2024-04-26,4203.01318359375,4249.05179183699,4179.479171478104,4220.464823036099,497777
2024-04-29,4171.29150390625,4238.946022562345,4159.9688414708025,4238.946022562345,590104
2024-04-30,4251.1572265625,4293.406688408492,4178.122149798273,4178.122149798273,828084
2024-05-02,4268.42138671875,4327.841480559951,4258.876558960209,4327.841480559951,808478
2024-05-03,4260.23388671875,4285.686457976931,4226.640568285992,4283.393688749674,347594
2024-05-06,4219.9970703125,4288.260191438389,4178.590147453954,4278.200882495352,241049
2024-05-07,4189.1171875,4243.110124319278,4147.4297239346515,4237.963501315704,456294
2024-05-08,4317.455078125,4362.464726205747,4131.00696643549,4203.995436758109,1313834
2024-05-09,4458.7529296875,4605.759275053632,4336.123134191072,4355.91414574861,3589872
2024-05-10,4564.025390625,4636.031511150618,4468.017382227183,4480.931001936154,1520297
2024-05-13,4571.6513671875,4594.4840234125295,4426.657237905458,4592.659128892343,624906
2024-05-14,4719.40625,4726.470976337851,4589.898146772345,4599.115371220249,1335266
2024-05-15,4732.36669921875,4775.130642587148,4698.16523099538,4733.021906761865,882851
2024-05-16,4811.01611328125,4823.742398736163,4717.768760590518,4739.524937958166,1296732
2024-05-17,4762.216796875,4836.515219829537,4746.9172003370495,4805.073943539676,609690
2024-05-21,4729.13818359375,4793.6578440443645,4706.118652167549,4748.92919615257,480490
2024-05-22,4674.9580078125,4742.331973405335,4645.996377339224,4725.535086719654,422368
2024-05-23,4814.619140625,4824.2105742559725,4644.1719813532545,4678.74811266948,644911
2024-05-24,4789.44677734375,4864.166470891217,4753.654356769711,4777.095157330244,458258
2024-05-27,4757.25732421875,4799.272390090334,4725.535503999442,4796.652473960622,380940
2024-05-28,4850.87939453125,4889.29173342451,4720.856802895054,4758.240182740049,727224
2024-05-29,4813.26171875,4867.909400758245,4777.983778164425,4838.80749854717,409279
2024-05-30,4806.009765625,4853.686388723204,4767.363491355816,4799.459518670294,457454
2024-05-31,4790.66357421875,4856.4936476338235,4682.022958116789,4842.504008844685,1905070
2024-06-03,4829.029296875,4972.573188774735,4823.414799484588,4940.757703562402,962485
2024-06-04,4969.48583984375,5005.324868608979,4604.122206912195,4833.146933326861,1945233
2024-06-05,5294.93896484375,5404.141122900662,4973.508986152608,4973.508986152608,2058534
2024-06-06,5178.67236328125,5366.945370635748,5120.749552862966,5291.757796868866,1498100
2024-06-07,5223.2138671875,5275.194573420571,5182.181156858747,5225.13197105655,637134
2024-06-10,5354.546875,5413.311770750332,5222.465445265113,5226.161839177286,1018162
2024-06-11,5414.80908203125,5470.766729019284,5338.451818279317,5361.845559814284,1015127
2024-06-12,5418.17724609375,5482.556632594978,5405.450960787518,5427.347408952188,668529
2024-06-13,5442.31982421875,5464.777815240285,5362.781106017479,5446.250155411118,547596
2024-06-14,5431.27783203125,5487.937285679771,5391.414809003613,5448.869741167706,573273
2024-06-18,5385.0986328125,5515.822576715866,5368.114869093474,5449.805625740449,527069
2024-06-19,5284.83251953125,5408.444660278701,5263.59082357742,5403.765912879965,447054
2024-06-20,5150.92724609375,5304.764386161042,5142.879708297952,5304.764386161042,840321
2024-06-21,5101.70703125,5254.234222389719,5082.992038472121,5128.843770777926,669719
2024-06-24,5169.501953125,5178.438178855821,5043.690239254224,5043.690239254224,464982
2024-06-25,5155.97998046875,5221.342177410567,5121.778517445376,5208.288288525834,1118588
2024-06-26,5102.64208984375,5187.795295450898,5079.248352039588,5173.7590527684015,384494
2024-06-27,5132.7734375,5155.979842776505,5072.6981356971755,5109.098700555678,874237
2024-06-28,5221.1083984375,5245.110283555093,5101.80032811891,5146.6226411940615,539635
2024-07-01,5243.09814453125,5360.253708449515,5226.1609871035225,5235.518482156528,1018344
2024-07-02,5209.41162109375,5309.443160637608,5146.622732376955,5305.700162286789,689851
2024-07-03,5221.2490234375,5266.352338586904,5196.2643254311415,5240.104287192089,329072
2024-07-04,5201.2236328125,5243.893903921953,5175.2565826492855,5234.583013081828,676316
2024-07-05,5200.9423828125,5237.390009001232,5036.765405380364,5201.223381810946,613329
2024-07-08,5148.400390625,5268.2700001269095,5134.972293114998,5208.054424818267,478557
2024-07-09,5230.044921875,5239.683417151795,5151.348287080536,5170.063279568684,570084
2024-07-10,5154.810546875,5286.985176282051,5119.111791447032,5235.518948902314,354244
2024-07-11,5171.1865234375,5203.2359490747285,5149.430343990331,5174.695584638656,491353
2024-07-12,5190.50927734375,5240.197671647777,5151.441732202447,5178.344532748853,265681
2024-07-15,5246.1396484375,5276.691780255805,5173.3851199901,5190.602820549557,249438
2024-07-16,5219.70458984375,5295.4066360940515,5204.638930898589,5256.105155493954,336316
2024-07-18,5148.681640625,5219.61127766183,5069.049258148004,5189.199415610197,841644
2024-07-19,5078.96826171875,5172.589825974975,5025.911076895951,5165.2911618944445,370397
2024-07-22,5112.140625,5137.265594562861,5043.690629270277,5073.634618163904,415035
2024-07-23,5159.3017578125,5296.202191366294,4987.264568266274,5132.586290876082,908996
2024-07-24,5069.6572265625,5158.787372994151,5057.726419559838,5158.787372994151,723617
2024-07-25,5056.04248046875,5100.115921615735,5009.0676672371355,5053.983648561137,438831
2024-07-26,5126.87841796875,5189.854640512414,5050.568220466683,5062.405361584709,517306
2024-07-29,5075.83349609375,5177.174996247057,5050.521194959416,5151.535548275918,418301
2024-07-30,5094.501953125,5191.539380620105,5062.967462106958,5104.514657765441,412385
2024-07-31,5135.81494140625,5180.449922020818,5057.913789230864,5102.548769845431,870466
2024-08-01,5063.6103515625,5172.577251325622,5019.825494289752,5172.577251325622,868140
2024-08-02,4971.5634765625,5065.731063573277,4935.979593833317,5019.4483584874115,402666
2024-08-05,4886.44482421875,4945.924202950711,4829.039392360681,4882.8156473211375,439371
2024-08-06,4876.92431640625,4953.55955369375,4862.031113231839,4901.856784913508,552856
2024-08-07,4940.40966796875,5009.786549149306,4923.489925582688,4929.899553516321,515480
2024-08-08,4862.87939453125,4950.637357486829,4851.567961117343,4934.612826817128,243559
2024-08-09,4908.408203125,4945.594264413247,4892.90192900718,4906.287309354299,333635
2024-08-12,5007.05322265625,5019.448576383747,4887.481853248775,4915.5717287821435,569618
2024-08-13,4944.51025390625,5097.025894618741,4916.702980530931,5043.01398501543,1042924
2024-08-14,4781.39013671875,4993.620810436242,4704.613599639905,4977.0306163291325,2185163
2024-08-16,4833.84716796875,4844.074681634449,4731.996854457144,4826.211857937687,679493
2024-08-19,4891.15771484375,4924.243747851554,4814.475534566012,4853.5472928192285,714915
2024-08-20,4943.47314453125,5043.013846335903,4892.194740651091,4900.678315345861,962948
2024-08-21,4981.46142578125,5000.785125414977,4915.76066292121,4943.473584001771,612911
2024-08-22,5024.11474609375,5074.120524054351,4961.430552363559,4981.743817504597,761731
2024-08-23,5075.91162109375,5131.431817236635,5010.022610517057,5024.161902926795,757678
2024-08-26,5037.12255859375,5113.710386970029,5021.333683205409,5099.571095577485,553070
2024-08-27,5049.1875,5087.269689987361,5020.390662935108,5046.784004760527,672259
2024-08-28,5006.62890625,5074.309259615209,4963.834074831856,5057.153401343127,688591
2024-08-29,5066.10791015625,5078.173254239569,4987.304837121333,4995.8827656206395,516725
2024-08-30,5142.3662109375,5201.374282344069,5076.80721031343,5090.145183881474,1569946
2024-09-02,5258.11962890625,5306.051456344351,5200.431138533321,5217.398287435551,1054947
2024-09-03,5322.50048828125,5371.988007210633,5231.4433613985075,5280.553924617296,805935
2024-09-04,5357.61279296875,5362.844146316844,5283.381518291593,5283.381518291593,532554
2024-09-05,5405.16796875,5466.249517483588,5325.799236727414,5363.5040100847755,817503
2024-09-06,5414.1708984375,5439.197262728819,5325.517716188483,5391.783684711643,683920
2024-09-09,5415.630859375,5439.24375065132,5359.875015928767,5414.216930326,469914
2024-09-10,5344.36962890625,5527.6617030562575,5333.576452201111,5464.364899643854,775935
2024-09-11,5329.99462890625,5381.131733068538,5280.884064469144,5371.0455210454575,592210
2024-09-12,5470.162109375,5484.160100618847,5330.513126332,5372.93100266886,855863
2024-09-13,5463.2333984375,5511.590050382212,5438.914001737856,5492.548954173721,332581
2024-09-16,5447.822265625,5488.401849596083,5398.381690448564,5448.3405222267675,333195
2024-09-17,5619.14306640625,5641.5302776145045,5432.881377100895,5467.192631910553,1250736
2024-09-18,5622.4892578125,5793.292083020272,5587.942347677522,5641.859903037466,1446956
2024-09-19,5661.41943359375,5712.273937655636,5636.958734721735,5655.716769956074,532623
2024-09-20,5668.20654296875,5742.4378264275765,5642.284507475191,5701.669534242253,993542
2024-09-23,5835.33251953125,5853.666651522616,5659.769650957001,5702.847542948764,887240
2024-09-24,5774.76904296875,5887.836424042506,5759.687132576966,5835.756702220878,631130
2024-09-25,5738.94970703125,5814.453615630427,5687.624355087454,5791.453793529116,341785
2024-09-26,5704.21435546875,5716.986664240638,5565.319294747343,5660.995163901575,1255943
2024-09-27,5615.51416015625,5739.892522366987,5599.630930123167,5719.909265873132,718197
2024-09-30,5384.619140625,5552.028443468862,5363.97586715782,5552.028443468862,1346723
2024-10-01,5420.15576171875,5461.536660239864,5339.938760831694,5384.618827166209,742940
2024-10-03,5337.818359375,5404.367385456532,5299.406616291775,5404.367385456532,1219791
2024-10-04,5204.060546875,5325.75280674922,5169.324928995647,5323.018842204794,943922
2024-10-07,5185.8681640625,5286.634557560508,5124.173993494166,5250.343706544983,682783
2024-10-08,5212.54443359375,5226.825026690635,5100.514016126786,5148.587609699594,473756
2024-10-09,5235.8740234375,5267.357420620455,5212.685493205282,5223.101253891951,439340
2024-10-10,5143.02587890625,5273.908676646986,5132.562711353843,5267.35728761162,579335
2024-10-11,5162.06640625,5173.425246112312,5127.84950633331,5147.173203921515,303034
2024-10-14,5236.5810546875,5255.1034348311305,5184.265675201737,5188.177453867362,407147
2024-10-15,5189.732421875,5267.027212888244,5150.472415809363,5245.676975472018,302887
2024-10-16,5088.4482421875,5202.316481893108,5077.890720775172,5189.732420818277,504211
2024-10-17,4918.0703125,5055.315343994909,4807.359467711737,5055.315343994909,1947589
2024-10-18,4916.8916015625,4985.184102367538,4850.766481054213,4918.0698758372255,427617
2024-10-21,4941.44677734375,4952.381254940268,4793.266816730509,4916.891724947645,740720
2024-10-22,4878.8095703125,4971.751940232487,4859.203269837335,4961.006170543917,531833
2024-10-23,4850.43701171875,4977.030617758266,4826.729764713219,4878.809488506996,411524
2024-10-24,4820.1787109375,4931.03084569607,4801.326322722211,4863.963106409476,349453
2024-10-25,4687.92919921875,4849.494543662916,4595.2698899533625,4826.211658781787,709797
2024-10-28,4645.0400390625,4728.037959534427,4615.111870897075,4687.92922493736,419927
2024-10-29,4512.74365234375,4675.345506832282,4472.729272742516,4645.08733055304,953917
2024-10-30,4627.6015625,4748.445562203272,4468.110624936003,4472.729368268889,1039340
2024-10-31,4703.24658203125,4739.019173422812,4637.640638064892,4653.712115204063,897452
2024-11-01,4732.42138671875,4753.630326306674,4722.665182455616,4750.519865939156,49631
2024-11-04,4530.2763671875,4833.281596478235,4455.291168357752,4833.281596478235,1676556
2024-11-05,4544.08544921875,4598.379957534395,4487.716533889284,4541.54019277623,673746
2024-11-06,4612.0478515625,4637.687282432513,4563.220352491015,4579.244881718932,602657
2024-11-07,4539.6552734375,4634.812891067262,4513.308875691653,4634.812891067262,373373
2024-11-08,4495.2578125,4554.737191972688,4464.198777715265,4552.851953068726,333494
2024-11-11,4484.51171875,4511.517672045132,4446.853890259142,4489.696125361272,424955
2024-11-12,4453.123046875,4520.991648144932,4432.950622175709,4484.51209085698,310558
2024-11-13,4260.2626953125,4427.247628520352,4234.246308045653,4422.440177569406,1304908
2024-11-14,4339.8203125,4364.328420259557,4210.681436997719,4260.26331628705,889483
2024-11-18,4461.41796875,4562.231305561432,4443.60255275084,4556.763836456257,1783519
2024-11-19,4501.76171875,4575.42779589077,4462.831720145043,4486.8215688987675,704072
2024-11-21,4494.2685546875,4543.426070430026,4469.147836620486,4524.526733225831,572418
2024-11-22,4519.01171875,4532.490991948788,4469.901156379448,4504.212410191854,394712
2024-11-25,4579.52734375,4626.98831945076,4538.71211053732,4571.703787353271,1174601
2024-11-26,4561.05322265625,4601.1614988378005,4525.563229773289,4581.130834182169,384827
2024-11-27,4591.734375,4612.613300941943,4534.564605139658,4564.162759815243,296689
2024-11-28,4509.02001953125,4628.214429929013,4486.962817038714,4613.17946599476,778790
2024-11-29,4488.47119140625,4528.768172644487,4460.569563806159,4523.44200457421,462448
2024-12-02,4475.9814453125,4504.778284979083,4425.221296627445,4461.889100637893,510429
2024-12-03,4427.4833984375,4509.491287657015,4420.885062523286,4477.442227502262,664696
2024-12-04,4369.84228515625,4453.876713529209,4350.659888104564,4435.071272188954,586762
2024-12-05,4377.8544921875,4409.620489735061,4325.114752775692,4388.8359161191,796988
2024-12-06,4363.951171875,4449.163879549278,4350.188835618627,4389.7319063229515,733835
2024-12-09,4332.232421875,4392.2300630295995,4326.623651554644,4372.765061747952,329145
2024-12-10,4325.0205078125,4350.141683607635,4299.947199409866,4336.049339150041,384707
2024-12-11,4383.60498046875,4387.281104417919,4323.088625255955,4323.088625255955,571443
2024-12-12,4295.28125,4392.748010693244,4281.377612881988,4383.6048780347,821540
2024-12-13,4312.908203125,4320.024795630382,4241.787383883203,4295.281035891063,552194
2024-12-16,4278.54931640625,4326.62290423104,4256.586469211251,4326.62290423104,835965
2024-12-17,4161.75927734375,4296.9777629646005,4143.378197840868,4254.324232323297,778939
2024-12-18,4137.5810546875,4175.709734598002,4121.320869466677,4146.064629585321,738092
2024-12-19,4154.0771484375,4202.292043331703,4076.8292970731377,4081.1180316502387,691740
2024-12-20,4090.921142578125,4205.5432904218305,4076.82879880984,4154.076640733098,800108
2024-12-23,4027.435791015625,4124.431236439727,4014.0034643971203,4114.533732615566,931177
2024-12-24,4014.71044921875,4067.4027825530284,4006.1325204751724,4027.435811342612,561434
2024-12-26,4029.6982421875,4060.663383890676,4011.4115164861623,4024.985144828216,375676
2024-12-27,3994.774169921875,4099.121863945152,3985.9131791302743,4034.8824422863904,744900
2024-12-30,3947.313232421875,4028.7554594368953,3929.0734543279923,4008.7247964717494,1819173
2024-12-31,3921.8623046875,3975.450308769278,3911.870447155344,3923.5588354748934,492605
2025-01-01,3944.249755859375,3956.1737997530563,3893.018297112252,3935.247464026415,329310
2025-01-02,4064.103515625,4074.1423201144576,3908.1000059796474,3944.86216233112,1062633
2025-01-03,3999.628662109375,4053.074908522618,3923.606495866217,4020.6962987734873,1269643
2025-01-06,3961.640625,4053.2634146647497,3947.454387154025,4014.616019315621,813031
2025-01-07,3923.22900390625,3982.425780108045,3916.866322770973,3959.095949278697,396158
2025-01-08,3900.653564453125,3956.17375695722,3864.7396720335005,3956.17375695722,438731
2025-01-09,3903.62255859375,3925.4441054741133,3876.3809502073404,3911.2578677245074,340998
2025-01-10,3885.666015625,3925.0673238677864,3851.9199637238153,3907.1575546186295,355269
2025-01-13,3811.622802734375,3885.43017709868,3768.121009956656,3864.739497391442,801718
2025-01-14,3867.237548828125,3897.0244151491024,3824.9140280755328,3833.633257885082,242769
2025-01-15,3875.956787109375,3918.657723941565,3848.8564781826235,3886.608662949929,281045
2025-01-16,3840.325927734375,3935.4361365629416,3825.1024857977536,3930.723039393405,349664
2025-01-17,3862.854248046875,3888.3049714966714,3817.608517469459,3842.116621532226,211342
2025-01-20,3857.293212890625,3881.2356552992915,3813.4142306762615,3881.2356552992915,254936
2025-01-21,3793.854736328125,3882.649440805271,3779.903922706758,3858.0469815748747,287082
2025-01-22,3822.981689453125,3838.3464326435346,3795.928557037209,3795.928557037209,272889
2025-01-23,3865.06982421875,3878.8791073599496,3794.043355315625,3822.9817269310697,282745
2025-01-24,3819.3994140625,3888.304983520101,3809.2193087564515,3869.499542585363,216273
2025-01-27,3785.51220703125,3840.985448922053,3770.477474129495,3812.8953457134517,328160
2025-01-28,3795.31591796875,3829.2030412003433,3770.477803386262,3789.3301924031935,444089
2025-01-29,3838.7705078125,3878.6903031777397,3801.631393780084,3804.412075112907,479893
2025-01-30,3938.0751953125,3946.747478008175,3827.0819896822,3845.133059369159,807120
2025-01-31,4090.166748046875,4121.885797800627,3936.37848985532,3947.689922297433,1056018
2025-02-01,4149.55224609375,4263.4209552784105,3992.9830586294784,4081.542342758438,1141242
2025-02-03,4040.67919921875,4175.803776919599,3985.5833736248587,4166.377583292241,846135
2025-02-04,3993.972900390625,4100.394542557425,3977.854015998237,4075.8864372455873,554233
2025-02-05,4025.362060546875,4043.8374940642793,3970.878839720557,3994.8212820150156,408928
2025-02-06,3987.3271484375,4085.925233181514,3974.9317949462875,4042.894748117946,576470
2025-02-07,4029.3681640625,4072.0691015617103,3973.706669311441,4072.0691015617103,1344288
2025-02-10,3955.6552734375,4073.0113860140477,3930.817160771236,4059.201643913824,779450
2025-02-11,3851.118896484375,3995.7638034271054,3837.4037376154156,3959.0016452922487,593081
2025-02-12,3880.30029296875,3929.4352363374946,3821.6477278649922,3871.8454271121914,619474
2025-02-13,3823.096923828125,3889.3348021738557,3812.033175723601,3869.912674165892,557075
2025-02-14,3732.12255859375,3846.819039495804,3720.1409004455645,3826.4790011576524,475952
2025-02-17,3745.69873046875,3755.0715058812425,3630.905763274472,3715.357935197997,913565
2025-02-18,3710.96142578125,3760.627629371038,3681.490178941951,3749.129106114113,482022
2025-02-19,3748.307861328125,3767.3917024079715,3686.321707322262,3711.34801721146,453662
2025-02-20,3777.24755859375,3805.1726776350806,3725.455372936022,3734.151806175919,438563
2025-02-21,3722.6533203125,3784.7361915597867,3699.510956235717,3768.4544414695583,426337
2025-02-24,3753.8154296875,3759.8546193205057,3671.9240182639423,3710.3332643298586,272543
2025-02-25,3699.124755859375,3752.317989956256,3688.35093497903,3746.2304390953564,661184
2025-02-27,3632.741943359375,3681.7801663464465,3599.5988213317687,3679.7025434350053,877741
2025-02-28,3556.93798828125,3620.566751226765,3538.626975865343,3619.2624277579744,995134
2025-03-03,3508.2861328125,3589.6944111818325,3494.9999152744786,3521.137575866811,691809
2025-03-04,3396.29541015625,3517.127327848641,3377.1148494814065,3502.7299940973103,946922
2025-03-05,3467.702880859375,3487.8497129621346,3394.991033618785,3396.4404392116207,611959
2025-03-06,3525.678955078125,3534.616955854959,3461.85675099859,3507.078250758768,654829
2025-03-07,3529.302734375,3607.7638458608358,3502.730297634326,3540.4148442847363,621576
2025-03-10,3462.001953125,3542.1056739074234,3455.0929783090487,3529.785726463566,675889
2025-03-11,3527.514892578125,3539.9315614086263,3432.9171160896676,3458.281713738631,618870
2025-03-12,3488.4775390625,3545.6806967321027,3475.6744568957306,3527.514766929404,385877
2025-03-13,3410.113037109375,3503.26164382832,3405.4751279830007,3502.730147935048,359751
2025-03-17,3375.279052734375,3429.293470917625,3344.8415367203133,3368.418438889502,673556
2025-03-18,3375.279052734375,3375.279052734375,3375.279052734375,3375.279052734375,0
2025-03-19,3417.698486328125,3467.7997021256174,3395.6191127990846,3464.0794666345287,674188
2025-03-20,3475.8193359375,3511.426493115277,3441.1303243276775,3458.2816232414903,771668
2025-03-21,3506.59521484375,3586.6989351164443,3489.9270507610677,3506.59521484375,1195882
2025-03-24,3504.034912109375,3562.977409078109,3462.002147877573,3534.617277239821,663262
2025-03-25,3505.58056640625,3551.7199768994487,3493.06741220759,3529.302551338374,544164
2025-03-26,3522.9736328125,3545.536141752077,3483.7913196310406,3526.887075241544,755658
2025-03-27,3644.8203125,3661.1985486123035,3488.5744358726183,3511.4266364890764,1525094
2025-03-28,3597.376220703125,3680.282265489547,3582.3025445002263,3651.5357220308497,509889
2025-04-01,3635.157470703125,3687.8675662497135,3582.3025289642515,3582.3025289642515,506307
2025-04-02,3656.31884765625,3661.971623881409,3606.990696355983,3642.839422703017,321687
2025-04-03,3626.7509765625,3678.6880087919108,3609.647802340878,3652.5019874822765,339509
2025-04-04,3535.776611328125,3618.6342983818995,3510.025599451599,3618.6342983818995,330498
2025-04-07,3407.93896484375,3425.428553371403,3231.2082038008384,3361.6063465427897,605866
2025-04-08,3453.59521484375,3500.7008962851546,3391.850631378282,3478.573398749894,450859
2025-04-09,3489.10546875,3554.6670055386503,3418.6644554796453,3468.9105130502903,584571
2025-04-11,3542.347412109375,3579.1624100181944,3498.333746646264,3498.333746646264,436704
2025-04-15,3675.595947265625,3687.28791368131,3562.155894598048,3622.547795700008,604277
2025-04-16,3654.337890625,3687.8676618555846,3615.7837964575046,3680.5239125351777,491227
2025-04-17,3644.57861328125,3669.50843590263,3540.7045489470443,3654.3378024333256,970749
2025-04-21,3784.881103515625,3799.858294504773,3629.3115713057664,3666.0298459888386,1031160
2025-04-22,3704.294189453125,3771.25653745366,3692.3122953065445,3769.4207181106917,927543
2025-04-23,3807.58837890625,3820.8262357451317,3693.665197066827,3731.8328765407005,800615
2025-04-24,3821.1162109375,3853.486268610128,3792.5145133778515,3807.685147041647,1227984
2025-04-25,3764.106201171875,3859.3805533793047,3710.381474596685,3826.430639620235,652719
2025-04-28,3779.760009765625,3802.2741580606007,3716.7592246455147,3763.62334069785,521342
2025-04-29,3722.749755859375,3820.536268770531,3716.662205431351,3802.7569885706293,428581
2025-04-30,3698.30322265625,3737.0507599334824,3678.1082657238007,3722.7499108784864,892342
2025-05-02,3611.3388671875,3781.982312705647,3599.3572086940558,3675.306155835822,881303
2025-05-05,3640.520263671875,3666.512841714894,3616.073576644774,3641.872947799034,640182
2025-05-06,3741.978759765625,3776.1846367804656,3653.4682987888796,3657.3333803004252,1210118
2025-05-07,3737.533935546875,3763.4300296444526,3684.968919750546,3691.152955995104,448141
2025-05-08,3672.310546875,3744.2976895515394,3648.3469944807,3738.5000673225563,739365
2025-05-09,3723.909423828125,3764.686223691566,3609.019966901425,3609.019966901425,859973
2025-05-12,3850.49072265625,3864.5983644924227,3778.1171659370852,3797.3458520356517,547435
2025-05-13,3926.536376953125,3960.1623971648933,3824.0149961494803,3864.115216576569,1197629
2025-05-14,3930.0146484375,3969.2450823862537,3800.3412170211013,3932.720252549169,1199813
2025-05-15,4179.119140625,4200.377087698699,3930.014604552936,3945.2817228143062,2629014
2025-05-16,4198.73486328125,4215.838039238248,4149.455069561069,4183.951113889896,765257
2025-05-19,4239.70458984375,4304.347981689417,4177.28343107129,4177.28343107129,753807
2025-05-20,4098.53271484375,4287.535303681332,4088.6765678182023,4260.286289066039,842529
2025-05-21,4119.9833984375,4144.236878990039,4069.9307821959533,4097.952622814111,396931
2025-05-22,4132.0615234375,4139.501993523077,4061.137377294561,4106.648803098291,394809
2025-05-23,4163.4658203125,4188.782294183121,4132.158752891332,4144.237133209046,461297
2025-05-26,4212.359375,4269.272611083455,4154.963003683559,4164.5289869343405,765160
2025-05-27,4191.87451171875,4227.336352935315,4154.96279306497,4223.084857462896,411809
2025-05-28,4215.06494140625,4235.549590866292,4165.1085728379885,4220.669121019912,424160
2025-05-29,4209.65380859375,4236.129523754872,4185.980183289919,4236.129523754872,369150
2025-05-30,4163.94873046875,4232.26423457806,4144.623323004924,4195.159546609853,914311
2025-06-02,4089.5458984375,4173.032035859174,4054.47047272937,4164.722016314405,771163
2025-06-03,4066.6455078125,4136.120251930193,4059.301758756861,4106.649006121556,417447
2025-06-04,4058.915283203125,4097.662818186449,4049.9286859571293,4070.896941052763,353642
2025-06-05,4037.947265625,4085.197793652133,4032.0529218439287,4085.197793652133,394746
2025-06-06,4124.0419921875,4151.967111877224,4017.8489715213964,4047.7066319759692,551467
2025-06-09,4202.6962890625,4212.938849434936,4130.805867278521,4159.697257227671,495256
2025-06-10,4231.2978515625,4243.859366079584,4183.660912157004,4222.698139832373,469185
2025-06-11,4261.54248046875,4335.365922092105,4218.640165808542,4227.433321479571,1241569
2025-06-12,4215.64404296875,4275.7462467322375,4193.613267981449,4261.541884035367,813687
2025-06-13,4187.62255859375,4200.37751686586,4108.001970326754,4122.206334229253,521000
2025-06-16,4217.287109375,4265.214214992928,4167.041049187694,4170.422995546454,360242
2025-06-17,4223.56787109375,4241.927008488117,4187.622423891671,4221.635330315396,331648
2025-06-18,4210.90966796875,4282.510398735953,4203.2762261961625,4205.208766989816,370443
2025-06-19,4236.41943359375,4255.455150580585,4203.566237608342,4227.3365855366055,425692
2025-06-20,4192.1640625,4234.583238010598,4063.070244788574,4232.747418642676,1159015
2025-06-23,4109.64501953125,4178.8300793639855,4101.818134382445,4174.288419442206,580717
2025-06-24,4147.7158203125,4183.95096143346,4118.244572200786,4138.63297263386,469217
2025-06-25,4155.7353515625,4210.90948316219,4145.299820459449,4156.411929535272,412213
2025-06-26,4133.70458984375,4179.02257525319,4104.813200513633,4160.663438458652,795726
2025-06-27,4174.57763671875,4203.179333662652,4140.4684818242,4153.996266828994,543489
2025-06-30,4094.184326171875,4197.478535550403,4068.9645748625107,4197.478535550403,871009
2025-07-01,4083.458740234375,4120.177015702644,4048.769726983275,4114.669085657715,480538
2025-07-02,4100.56201171875,4178.733195128211,4087.4206395109572,4139.888935125067,808159
2025-07-03,4165.205078125,4203.2760356719655,4095.0537561328256,4100.851378250994,650625
2025-07-04,4198.44482421875,4227.143243387462,4161.823270977436,4179.119416512334,437195
2025-07-07,4161.7265625,4212.552479288045,4148.198777063501,4193.613485314604,353771
2025-07-08,4155.34912109375,4182.984548811605,4096.986483474522,4159.890780684553,467771
2025-07-09,4186.9462890625,4197.478541870136,4145.493384012727,4154.962645037197,276485
2025-07-10,4175.5439453125,4202.213101785646,4164.625278897612,4184.047407623257,368728
2025-07-11,4076.4052734375,4193.613688494934,4048.673123224371,4155.059592495311,556464
2025-07-14,4108.2919921875,4115.345577286293,4055.6302561081147,4076.694761815184,293675
2025-07-15,4303.76806640625,4314.397040077212,4116.408343059523,4131.578504211976,1756329
2025-07-16,4275.26318359375,4319.228484724616,4223.567719626688,4303.768159052223,791606
2025-07-17,4293.71923828125,4313.334338651341,4263.184999318169,4287.3417592871065,414759
2025-07-18,4248.4013671875,4332.756586582489,4239.22179814813,4299.903392125797,370997
2025-07-21,4259.51318359375,4272.847525818028,4199.604421359305,4261.252281514587,269975
2025-07-22,4195.93212890625,4282.220351275194,4173.128055069628,4268.982259211636,463290
2025-07-23,4216.51416015625,4229.365367224141,4179.988857448241,4212.938771098299,376802
2025-07-24,4219.65283203125,4237.406877933998,4173.747782431995,4227.598065716558,584473
2025-07-25,4149.814453125,4208.765032484859,4114.796801283032,4196.209944192804,630896
2025-07-28,4209.0595703125,4224.655486185809,4134.90485303373,4134.90485303373,462891
2025-07-29,4242.5078125,4251.531632714169,4184.047193681376,4207.98060060894,422393
2025-07-30,4170.02001953125,4243.09566832754,4135.101032256451,4228.578818265829,547169
2025-07-31,4179.24072265625,4220.731805860108,4120.681923406533,4129.509854211261,446590
2025-08-01,4229.16748046875,4239.368549166226,4158.936290713744,4173.747692632588,473918
2025-08-04,4449.17919921875,4463.00972073593,4227.696402897742,4233.385322611738,1454995
2025-08-05,4459.87060546875,4493.907375884438,4429.5614711117305,4449.277279714463,803505
2025-08-06,4389.34521484375,4462.911305325653,4376.790126979866,4462.617232542087,574216
2025-08-07,4571.59326171875,4585.521487577974,4337.750797346443,4345.30377426608,2121194
2025-08-08,4511.857421875,4621.91249067183,4500.381398516567,4570.906665222989,972461
2025-08-11,4474.9765625,4536.281639695783,4452.219926266559,4514.996325315041,455558
2025-08-12,4556.3896484375,4580.32305448836,4483.608070116058,4501.263932129204,723767
2025-08-13,4677.5283203125,4701.853982235643,4561.293899347667,4579.04746572229,1342794
2025-08-14,4618.0869140625,4682.236449316643,4600.823309001721,4678.803365086496,373862
2025-08-18,4888.7119140625,5021.1308764217365,4806.317893038974,4806.317893038974,3698091
2025-08-19,5020.34619140625,5040.748328145747,4888.711746930999,4888.711746930999,1509894
2025-08-20,5037.80615234375,5066.251708889305,5013.382304754166,5022.112052180685,916240
2025-08-21,4999.64990234375,5060.26817185994,4943.641487323186,5037.806087081723,819430
2025-08-22,4902.34619140625,5025.348601552422,4886.750275677314,4999.649800758037,1357460
2025-08-25,4966.986328125,4982.778612185291,4880.865145156597,4914.215107965143,693190
2025-08-26,4976.40283203125,5044.672262739089,4944.622375358303,4966.986276253286,1662083
2025-08-28,4994.35302734375,5145.702805826195,4981.307019938564,5130.008706532786,1584393
2025-08-29,4990.4296875,5049.8707076203555,4964.632223462689,5002.003894579548,783364
2025-09-01,5143.7412109375,5158.944870123147,5011.812684455598,5015.736209406733,659443
2025-09-02,5210.44091796875,5245.752641057394,5108.429273490446,5188.861531636801,962257
2025-09-03,5246.7333984375,5260.956175457008,5156.001889864782,5223.192250267281,659989
2025-09-04,5248.6953125,5413.483354454775,5238.886500478882,5399.75101762521,1187848
2025-09-05,5260.4658203125,5315.885607530038,5246.243043061982,5257.523176743427,517415
2025-09-08,5338.9365234375,5418.878343511017,5233.00135082474,5267.332193801098,726543
2025-09-09,5319.80908203125,5383.075918168618,5287.930443667459,5361.006091609071,608443
2025-09-10,5248.205078125,5353.649811495421,5215.8359971833825,5345.80276157018,536616
2025-09-11,5200.63232421875,5260.466079740693,5184.938224409716,5248.205064264886,765635
2025-09-12,5200.1416015625,5286.459145830632,5184.937943197091,5204.555566894393,537933
2025-09-15,5187.39013671875,5253.599616576652,5167.282072465609,5222.211418718091,588879
2025-09-16,5214.36474609375,5246.733827474693,5182.976545966774,5205.536814808038,925160
2025-09-17,5247.71435546875,5284.987840610397,5208.969548545196,5241.8290683411215,616629
2025-09-18,5267.33203125,5284.007011609637,5237.905595321229,5257.523219273743,420977
2025-09-19,5304.60546875,5331.0892608462,5269.293745955067,5286.949607352533,579031
2025-09-22,5325.6943359375,5393.865577552318,5296.758341295239,5305.586271864065,672445
2025-09-23,5267.82275390625,5408.579213302125,5248.695569528413,5345.802813292815,507377
2025-09-24,5176.1103515625,5273.217595224559,5164.339776573159,5267.332307729889,410267
2025-09-25,5252.12841796875,5271.255601487359,5130.989589017561,5169.243956054779,640474
2025-09-26,5226.13525390625,5349.726290316195,5207.008069699949,5252.128606801993,689941
2025-09-29,5199.16064453125,5325.203874947676,5168.2628876587405,5226.134876721536,8318930
2025-09-30,5367.87255859375,5378.662252178863,5221.2308139597135,5221.2308139597135,1141788
2025-10-01,5328.63720703125,5413.483432232944,5306.567379666648,5367.872455679432,701001
2025-10-03,5444.38134765625,5477.240869347356,5267.822723644336,5360.516001250591,1634394
2025-10-06,5474.78857421875,5488.030470797081,5421.330547291415,5421.330547291415,844413
2025-10-07,5507.64794921875,5540.997910086682,5465.960498133835,5474.788428951817,858678
2025-10-08,5407.10791015625,5550.807013800311,5387.490285085388,5504.705594883787,789561
2025-10-09,5406.6171875,5431.139217559416,5361.4966521906745,5409.55983110713,872880
2025-10-10,5394.8466796875,5461.056161665483,5371.795971147018,5406.617254261364,835407
2025-10-13,5452.71875,5474.298137030041,5379.643098466451,5394.846757510344,417645
2025-10-14,5464.9794921875,5484.106675189862,5434.081735029839,5475.769185163191,375269
2025-10-15,5431.6298828125,5501.762891683126,5342.860130325903,5473.317335637697,484777
2025-10-16,5472.82666015625,5504.705299183955,5445.361986532381,5470.374457154118,294066
2025-10-17,5485.578125,5517.456764081359,5444.3811144948595,5475.278872373715,435204
2025-10-20,5533.15087890625,5585.137582785355,5499.310477324569,5512.552373595661,368799
2025-10-21,5538.5458984375,5559.634845009076,5523.342239281247,5558.653963773189,40575
2025-10-23,5481.65478515625,5607.6980239309805,5455.170991795023,5605.736261459778,489097
2025-10-24,5434.572265625,5517.456726674601,5379.642918657218,5507.647914716068,546761
2025-10-27,5538.5458984375,5553.749557593753,5443.8908591743775,5463.508483892123,424721
2025-10-28,5502.2529296875,5556.691834687528,5468.412529282077,5532.169805408236,539756
2025-10-29,5445.36181640625,5530.698478214292,5421.330227736169,5529.717597044085,432099
2025-10-30,5409.56005859375,5480.673948756587,5387.980671233992,5463.998967614956,402078
2025-10-31,5438.00537109375,5517.456748268821,5395.827479506984,5409.069375702829,424188
2025-11-03,5433.10107421875,5472.826763604173,5377.190844713339,5472.826763604173,223771
2025-11-04,5207.49853515625,5370.324821996698,5152.078744755736,5370.324821996698,2003141
2025-11-06,5224.17333984375,5305.0960399070445,5203.574834373093,5250.166691985293,815323
2025-11-07,5194.7470703125,5222.211745155541,5157.473583025514,5203.575001512049,436406
2025-11-10,5257.03271484375,5306.567214722398,5199.160724886518,5208.479096150819,347961
2025-11-11,5313.923828125,5326.184842956853,5229.077605488578,5272.726818289974,348232
2025-11-12,5428.19677734375,5450.757045843733,5317.847637941659,5335.993940865558,534031
2025-11-13,5403.18408203125,5487.539865103718,5380.623814465358,5447.8141765637765,585663
2025-11-14,5432.61083984375,5521.871034197055,5358.063864339891,5415.935858481044,938647
2025-11-17,5687.6396484375,5698.9197822578035,5464.489175035839,5482.145036667619,1770568
2025-11-18,5688.62060546875,5769.543305693109,5678.811793320343,5708.728670372984,1182455
2025-11-19,5764.1484375,5803.383685947205,5723.441867236024,5739.1359666149065,935374
2025-11-20,5884.796875,5926.4843268189015,5808.288139897075,5836.2432546462205,1276202
2025-11-21,5887.7392578125,5922.560539553831,5843.599604900953,5855.860619598605,703572
2025-11-24,5867.63134765625,5933.350388159923,5857.822535640777,5888.229852888744,1349305
2025-11-25,5965.22900390625,5971.114291092543,5855.370309762125,5885.287186292444,707293
2025-11-26,6019.177734375,6028.496106162918,5936.293269524566,5967.191028610822,452071
2025-11-27,6033.400390625,6081.463570456023,5980.4328046887695,6019.668053530421,352120
2025-11-28,6056.451171875,6119.718011390092,6010.8401945501655,6034.381344137177,504441
2025-12-01,6175.1376953125,6212.411181520407,6091.762791952709,6110.8899756646615,912454
2025-12-02,6150.61572265625,6218.78696780809,6111.8709142606,6208.978155556027,809216
2025-12-03,6092.74365234375,6173.666352386954,6072.63558748453,6173.666352386954,543787
2025-12-04,6218.787109375,6229.576803097891,6120.208543997684,6128.546034601735,883433
2025-12-05,6229.0859375,6266.359422363396,6184.455843781985,6213.882279200457,651633
2025-12-08,6049.09423828125,6229.576375437688,6027.024411726794,6189.360247049568,707514
2025-12-09,5886.26806640625,6046.15170160442,5851.937224492533,6046.15170160442,1186776
2025-12-10,5831.8291015625,5928.936339146335,5802.402665931035,5912.751799549029,820197
2025-12-11,5865.17919921875,5904.414447645667,5792.593989628954,5831.8292380558705,695094
2025-12-12,5846.05224609375,5922.070542917956,5836.733874224977,5888.72058044024,679186
2025-12-15,5845.5615234375,5862.236503871838,5764.14838366985,5825.9438993971025,652031
2025-12-16,5832.81005859375,5871.554866012308,5819.077721787173,5846.542395400327,388048
2025-12-17,5705.7861328125,5856.8418427064535,5671.455289654783,5855.860961473375,538205
2025-12-18,5638.595703125,5674.3978677182085,5407.598175407171,5674.3978677182085,1016539
2025-12-19,5670.47412109375,5686.658660619446,5615.5447748247225,5615.5447748247225,769295
2025-12-22,5590.53271484375,5682.735552846261,5572.386411619852,5682.735552846261,1213460
2025-12-23,5634.181640625,5642.519130866176,5586.1184615876355,5600.831679660298,351302
2025-12-24,5589.5517578125,5640.0671417779895,5581.214267255089,5634.1818543256995,313655
2025-12-26,5529.2275390625,5610.640681823222,5503.724626872395,5589.551735204481,249826
2025-12-29,5459.5849609375,5542.959866018292,5444.381301775708,5529.227528710867,572147
2025-12-30,5601.8125,5632.71025761688,5460.075167440028,5463.508251619681,2980473
2025-12-31,5660.66552734375,5674.888305050644,5575.81930171297,5600.3413322420965,473265
2026-01-01,5729.8173828125,5744.040159847642,5620.4491318181335,5660.665259986466,384697
2026-01-02,5819.568359375,5914.223398424332,5762.677247822034,5787.199278663829,1069537
2026-01-05,5871.064453125,5929.426884828439,5811.72114021646,5846.051982394954,653817
2026-01-06,5885.287109375,5921.579713216146,5846.0518619791665,5895.095921223959,453152
2026-01-07,5866.650390625,5933.350311468087,5830.3577866368505,5918.146653040619,609748
2026-01-08,5738.1552734375,5870.574241286058,5718.537648571047,5866.650716312767,562060
2026-01-09,5662.62744140625,5778.371428602844,5641.048053962818,5738.155297458265,500234
2026-01-12,5617.01611328125,5681.263830983149,5519.418435245541,5662.627088443666,314329
2026-01-13,5624.86328125,5669.493376166188,5571.8956960747455,5669.493376166188,336437
2026-01-14,5567.97216796875,5631.239005779722,5532.170003936184,5610.6405004459175,368182
2026-01-15,5567.97216796875,5567.97216796875,5567.97216796875,5567.97216796875,0
2026-01-16,5543.4501953125,5622.411133244493,5510.100233949919,5514.514199424379,588398
2026-01-19,5652.328125,5676.850155911063,5483.1261117136655,5517.456954989154,581040
2026-01-20,5473.8076171875,5733.2506984071215,5448.795146219257,5668.512538254021,394664
2026-01-21,5432.61083984375,5534.132049904927,5398.770436490025,5473.807852622199,406596
2026-01-22,5383.56640625,5556.691936122119,5361.006138901225,5486.068490508564,401574
2026-01-23,5281.064453125,5418.8782636123815,5265.370353710066,5408.579010871332,460330
2026-01-27,5277.14111328125,5320.790328809319,5197.199291583774,5314.414600698478,400942
2026-01-28,5407.10791015625,5418.388044571995,5226.625759504323,5303.624937907454,547414
2026-01-29,5473.3173828125,5488.030601583501,5367.3822076612905,5416.426270231295,337842
2026-01-30,5428.19677734375,5488.030532930662,5360.515971843801,5434.572505398093,466102
2026-02-02,5515.4951171875,5542.469350821264,5314.414466463076,5443.890787905144,449861
2026-02-03,5652.818359375,5680.283032993341,5567.972135518339,5624.372804556004,592655
2026-02-04,5739.62646484375,5765.6198172009845,5607.207500005006,5637.124377246352,490202
2026-02-05,5655.76123046875,5777.390504242272,5635.16272442646,5768.072132461236,331312
2026-02-06,5643.5,5729.327105240289,5606.226514295647,5661.646302250804,770475
2026-02-09,5646.44287109375,5704.805305008468,5558.6539999111055,5689.111205132242,543956
2026-02-10,5643.5,5733.250630051273,5608.678717302511,5674.397757886504,816528
2026-02-11,5682.5,5750.0,5546.0,5695.0,684908
2026-02-12,5733.0,5805.0,5683.5,5704.0,560676
2026-02-13,5584.0,5724.5,5560.0,5702.0,394003
2026-02-16,5492.0,5623.5,5459.0,5578.0,285719
2026-02-17,5577.0,5588.0,5446.5,5490.0,288723
2026-02-18,5592.0,5628.0,5546.5,5595.0,197770
2026-02-19,5414.5,5644.5,5387.5,5600.0,307768
2026-02-20,5465.0,5472.0,5375.0,5400.0,560735
2026-02-23,5488.5,5549.0,5437.0,5504.5,310190
2026-02-24,5511.0,5523.0,5436.5,5480.0,396015
2026-02-25,5737.5,5840.0,5500.5,5511.0,898486
2026-02-26,5787.0,5829.0,5718.5,5760.0,489797
2026-02-27,5710.0,5800.0,5689.0,5775.0,584546
2026-03-02,5591.5,5725.0,5503.0,5565.0,432301
2026-03-04,5500.0,5529.0,5427.5,5520.0,455955
2026-03-05,5588.5,5622.5,5480.0,5513.5,545405
2026-03-06,5512.5,5571.5,5490.0,5571.0,431008
2026-03-09,5480.0,5510.0,5337.5,5447.0,306358
2026-03-10,5711.5,5733.5,5527.5,5546.5,493375
2026-03-11,5575.0,5766.0,5554.0,5729.5,511965
2026-03-12,5394.5,5589.0,5376.0,5589.0,476478
2026-03-13,5206.0,5377.5,5168.0,5338.0,496250
2026-03-16,5278.5,5329.0,5124.5,5198.5,466610
2026-03-17,5355.0,5384.0,5232.0,5276.5,403766
2026-03-18,5426.0,5488.0,5365.0,5370.0,390261
2026-03-19,5172.5,5366.5,5151.0,5349.0,397483
2026-03-20,5275.5,5367.5,5216.0,5218.0,1043098
2026-03-23,5065.0,5200.0,5051.0,5191.0,340775
2026-03-24,5253.0,5317.0,5124.5,5185.0,435050
2026-03-25,5289.5,5364.0,5278.0,5305.0,531702
2026-03-27,5143.0,5244.0,5125.5,5212.0,535331
