Date,Close,High,Low,Open,Volume
,IOC.NS,IOC.NS,IOC.NS,IOC.NS,IOC.NS
2020-01-01,53.14777374267578,53.48535356155672,53.06337999523621,53.14777374267578,3191238
2020-01-02,53.59085464477539,53.67525323535225,53.168881008384915,53.25327476983832,3838770
2020-01-03,53.527557373046875,53.80184191689848,53.232174389600786,53.379868295885466,13278157
2020-01-06,52.70469665527344,53.37986111889006,52.53590916121125,53.37986111889006,18947248
2020-01-07,52.557010650634766,53.780739370153874,52.36711987966276,52.873492049506154,12677539
2020-01-08,51.41767120361328,52.282721572932566,51.269982150597116,51.92404332934225,13328638
2020-01-09,52.535911560058594,52.957885143604464,51.83965345701492,52.7046990618278,13828252
2020-01-10,52.93678283691406,53.06337828311138,52.346016965653206,52.74689691130182,12566014
2020-01-13,53.56974792480469,53.84403243625897,52.87348984217912,53.12667591653097,8621076
2020-01-14,53.54865264892578,54.0972217042189,53.44316045718595,53.84403561492031,6732202
2020-01-15,53.04227828979492,53.59084244347107,52.746895362835915,53.56974400791131,7152738
2020-01-16,52.38821029663086,53.379856046506255,52.32491499237213,53.1899653046079,10577692
2020-01-17,51.75525665283203,52.43042117044363,51.607567583716474,52.388219464430456,11573763
2020-01-20,49.582088470458984,50.51043424851671,47.978583004563454,49.77197441628167,67893711
2020-01-21,48.442752838134766,49.982962968379134,48.21066518941009,49.79307219594569,69767703
2020-01-22,47.957481384277344,49.32890407460684,47.24012479495002,49.223407049736466,107592835
2020-01-23,49.940757751464844,51.016792404550955,48.54823692080514,48.56933535542709,314893702
2020-01-24,50.48932647705078,51.33327842612451,50.25724367508164,51.26998311649656,39238492
2020-01-27,49.56099319458008,50.72142186935831,49.37110240751722,50.32054668458486,20398282
2020-01-28,49.750877380371094,50.46823396528119,49.09681611251956,49.85636957546871,31914822
2020-01-29,49.91965866088867,50.61591665250849,49.70866948831942,50.130643004335845,32001970
2020-01-30,49.434383392333984,50.61591499339768,49.03350832380234,50.59481655974454,42007012
2020-01-31,47.87308120727539,50.025155515759316,47.51440296071516,50.025155515759316,55113961
2020-02-03,45.594417572021484,47.430010558565485,45.38342837372548,46.43836953608282,37608319
2020-02-04,48.020774841308594,48.18956233099115,46.20628035248606,46.41726954371176,31528422
2020-02-05,48.400543212890625,48.885811991540336,48.06296346235815,48.46383851065515,23615974
2020-02-06,49.39219284057617,49.582083596856826,48.69593478275135,48.73813165545315,19620445
2020-02-07,49.582088470458984,49.6875806625827,48.52714723272979,49.24450862654008,16255411
2020-02-10,48.864723205566406,49.94076279647607,48.63264040127992,49.539882839917794,20656924
2020-02-11,48.970211029052734,49.53987354361608,48.822517170372066,48.949112596258594,15500902
2020-02-12,48.5693473815918,49.35000414326749,48.3794614229769,48.97022739691436,17915650
2020-02-13,48.421653747558594,48.843627333908124,48.210664539822396,48.50604749900393,13542210
2020-02-14,48.5693473815918,48.82253348886833,47.97858623677767,48.400559862823,17713123
2020-02-17,47.17682647705078,48.65374126919555,46.94473883204456,48.527145813227214,14507611
2020-02-18,47.53550338745117,48.56934129778121,46.60715766313765,47.2190220002789,21775992
2020-02-19,48.18956756591797,48.3161630260547,47.5355063141011,48.02078005789969,12031689
2020-02-20,47.3878173828125,48.295064728426205,47.2612219223065,47.915283176031224,16438315
2020-02-24,46.64934539794922,47.72538480098967,46.480557933391836,47.598789373449854,11890494
2020-02-25,46.6071662902832,47.66210766221253,46.45947720252233,47.219030740682655,16818484
2020-02-26,45.721012115478516,46.96583931687326,45.573323044388395,46.50166883575266,17215348
2020-02-27,44.5816764831543,45.721006522415614,44.30739198413144,45.721006522415614,26486947
2020-02-28,44.623878479003906,45.32013661001482,42.577296133985385,43.80102488745816,36326827
2020-03-02,43.864315032958984,47.64098779616549,43.505632000811715,45.76320304600272,21871314
2020-03-03,45.0036506652832,45.488924361684546,44.01200966516149,44.51838179800441,19908892
2020-03-04,44.9825553894043,45.88980270750468,44.623877115573514,45.06694914110027,20416750
2020-03-05,44.222999572753906,45.74210633756607,44.07530568615556,45.383428083145276,15247762
2020-03-06,42.535091400146484,42.95706975182112,41.90212870175667,42.95706975182112,37025709
2020-03-09,41.9443359375,44.41289203713996,41.353574791570765,43.16806476737702,49467889
2020-03-11,40.88939666748047,42.23971604459128,40.10874237212772,42.218617606144115,30382858
2020-03-12,37.091617584228516,39.517976493854235,36.817333071659085,39.243691981284805,42261342
2020-03-13,38.927207946777344,39.34918149096448,32.07011008628254,33.88460453579532,62382150
2020-03-16,37.851173400878906,39.07490207444972,36.98612540323974,38.14655635067609,44735226
2020-03-17,37.72458267211914,39.45468118785019,37.53469431121629,37.97776876303062,25862538
2020-03-18,36.965030670166016,38.54743776367378,36.479756907899464,38.08326244071245,27207225
2020-03-19,37.11271286010742,38.31534299388457,34.770752727848475,35.635800651685905,31804096
2020-03-20,38.23094940185547,39.22259035647881,37.17601072625034,37.55578739389638,30046032
2020-03-23,35.751583099365234,38.62941873334884,35.41952504415936,36.30501234690772,21036792
2020-03-24,35.28669738769531,37.19049804344792,34.37907332007954,36.70347944779504,23489107
2020-03-25,34.46762466430664,35.84013051818606,34.09129037098347,34.44548526660385,27131977
2020-03-26,34.53404235839844,34.755413580331016,33.05084934462502,34.53404235839844,27474744
2020-03-27,34.047019958496094,35.48593907882839,33.67068816192065,34.75540981873268,20163504
2020-03-30,34.00273895263672,34.66685493790931,32.96228871788195,33.20579926362932,17237094
2020-03-31,36.150054931640625,36.52638672535834,34.11343029882285,34.53403835852061,36416907
2020-04-01,34.954647064208984,36.39356630449537,34.53404149965588,36.15005821976497,15719215
2020-04-03,35.19815444946289,36.349289229282185,33.91419593862561,35.86227057115087,25509141
2020-04-07,36.74775314331055,37.05767429786182,35.41952107146316,36.305008274894206,24115600
2020-04-08,36.1943359375,38.07599781761202,35.90655155110797,36.68135469393172,30641683
2020-04-09,36.92485809326172,37.27905304666539,36.238605054366836,36.614936875682965,20377549
2020-04-13,36.81417465209961,37.411877700528635,36.216469070268374,37.411877700528635,14518111
2020-04-15,36.8363037109375,38.20880953123832,36.65920626746003,37.19049859789244,20492952
2020-04-16,37.500423431396484,37.98744208202513,36.5485229960675,36.85844418586772,17985256
2020-04-17,38.075992584228516,38.43018753415036,37.63324763012514,38.09812945192336,13740103
2020-04-20,38.76224136352539,39.625591775911495,37.9653015469375,38.850791357991525,26531673
2020-04-21,36.74775314331055,38.43018009653036,36.52638197580319,38.43018009653036,20456791
2020-04-22,36.74775314331055,37.079811161272396,35.043189326680164,36.725616279899974,22974556
2020-04-23,36.79203796386719,37.63324910279847,36.659214219098274,36.924859175233884,13770837
2020-04-24,36.083641052246094,37.36759953764164,35.90654359219863,36.415699106510324,15625792
2020-04-27,36.083641052246094,36.76989402660526,35.99509358892331,36.482112237404316,9480783
2020-04-28,35.26456832885742,36.52639009080991,35.10960771715445,36.34929261077826,27725482
2020-04-29,35.640899658203125,35.928684009250816,35.33098097253887,35.41952844461375,18324982
2020-04-30,37.279056549072266,37.41188030242811,35.995100355705446,36.105784705666665,31786479
2020-05-04,35.308837890625,36.61493323480315,35.19815356206881,36.592796369091914,18414820
2020-05-05,34.84395980834961,36.30501326133396,34.7111360762414,35.86227086550924,20327146
2020-05-06,33.89206314086914,34.22412124157446,32.23177263734255,34.002750018905,39446902
2020-05-07,33.537864685058594,34.09129395090576,33.47145408518165,34.02488335102882,20133519
2020-05-08,32.91801834106445,34.091289865433836,32.78519462382606,33.69282124712034,21801681
2020-05-11,33.36076736450195,33.78137289903209,33.117256763751236,33.44931483139166,19354492
2020-05-12,33.16153335571289,33.95847069914147,33.028709620674114,33.582138894366636,24453981
2020-05-13,33.6485481262207,34.48976423610805,33.53786379602652,34.48976423610805,27360669
2020-05-14,33.272216796875,33.84778545545194,33.205806197840104,33.64854859154333,13589103
2020-05-15,33.427181243896484,33.82565248419648,33.294357497129816,33.53786812176908,23720979
2020-05-18,31.678340911865234,33.560002495378804,31.501243440478145,33.449315625736105,26546949
2020-05-19,31.899709701538086,32.49741520557321,31.78902284027924,32.25390461748413,18603873
2020-05-20,32.80733871459961,32.984433651716984,31.833301360041748,32.032535697700844,19387255
2020-05-21,32.962303161621094,33.18367694264994,32.32032375676202,32.80734506166446,15359784
2020-05-22,33.427181243896484,33.604278728451284,32.231772589801004,32.652378165592815,21714805
2020-05-26,34.1577033996582,34.46762456579065,33.71495851469732,33.914192826239116,23229154
2020-05-27,34.334808349609375,34.51190583561172,33.64855274127273,34.17984773268204,21470166
2020-05-28,34.401214599609375,34.888233257781074,34.17984340349568,34.268390868580376,14966770
2020-05-29,36.8363037109375,37.50041975732844,34.17983952537375,34.40121069637018,51853494
2020-06-01,38.14241027832031,38.62942649260443,37.41188089008929,37.76607588233361,44693584
2020-06-02,37.987449645996094,38.45233152326261,37.52256776872958,38.34164463817942,26984125
2020-06-03,38.518741607666016,39.35995533595143,38.12027288025801,38.20882036039206,29209218
2020-06-04,38.03172302246094,38.36378114112817,37.23478303097908,38.098133632833424,43910230
2020-06-05,39.581321716308594,39.86910605826151,38.1645419406673,38.34163941262246,36188166
2020-06-08,41.2194709777832,42.680524337270974,40.77672861029071,41.13092351764543,59083390
2020-06-09,40.13475036621094,41.440845702203916,39.8912397781096,41.330158840939504,25168882
2020-06-10,39.824832916259766,40.710320289212575,39.44850109943008,40.11261726249522,20502175
2020-06-11,39.11643981933594,41.330159337402606,38.91720295998636,39.891240257288224,44547292
2020-06-12,39.09429931640625,39.2049861758754,37.6332434117012,37.6332434117012,32426287
2020-06-15,38.16454315185547,39.05003053973306,38.03171941032329,39.02789367171139,52647790
2020-06-16,37.56683349609375,39.07216315847513,37.12409111700632,38.673694510616066,27930165
2020-06-17,37.34546661376953,38.009582792398035,37.12409539869409,37.41187721827151,18840036
2020-06-18,37.56683349609375,37.85461781588189,37.07981485237608,37.323325440935854,22264542
2020-06-19,37.76606750488281,38.12026495195977,37.50042258632742,38.07598868769899,32306059
2020-06-22,38.983619689941406,39.09430402935208,37.85462169413758,38.009582302714655,33907947
2020-06-23,39.55918502807617,40.06834057892749,39.02789260980549,39.31567695306123,47684919
2020-06-24,38.56300354003906,40.06833304201914,38.09812181147133,40.06833304201914,44463766
2020-06-25,37.65538024902344,39.00574920240817,37.50041966966768,37.721790840146625,38596161
2020-06-26,39.47063064575195,39.82482552923419,37.96529859084997,38.03171171487892,69744400
2020-06-29,38.56300354003906,40.15688302844225,38.29735611417133,39.625588176706785,32176755
2020-06-30,37.78821563720703,39.1607218782578,37.522568123854164,39.09430873321836,24516958
2020-07-01,37.92102813720703,38.14240185854422,37.32332516976109,37.92102813720703,21495316
2020-07-02,39.11643981933594,39.359947876960454,38.053852525278494,38.29736058290301,34968828
2020-07-03,38.89506149291992,39.44849320701786,38.607277204261116,39.1385720551394,14983935
2020-07-06,38.93933868408203,39.55918104299094,38.51873317868086,38.98361494786255,20282865
2020-07-07,38.14241027832031,38.98362401825117,38.03172339321806,38.961484614508784,19184709
2020-07-08,38.49660110473633,39.3599516215815,38.098129881529374,38.18667988670941,25017399
2020-07-09,38.29736328125,39.1607163101897,38.07599207386658,38.71797136202078,22957249
2020-07-10,38.14241027832031,38.31950777444247,37.81035215641596,38.275231500360114,16636411
2020-07-13,38.695831298828125,38.85079189121932,38.164538924944814,38.51873384086702,24988323
2020-07-14,38.253082275390625,38.87292457832841,38.03171111008496,38.408042851125074,23018217
2020-07-15,37.92102813720703,38.51873363805483,37.67752008381836,38.43018364283959,24790735
2020-07-16,37.30118942260742,37.876758114348746,36.52638892228164,37.832484379107754,33913996
2020-07-17,38.47446060180664,38.82865552225892,36.99126778903654,37.4782864380089,76724497
2020-07-20,39.09429931640625,39.18284931066193,38.14240144521818,38.49659635543725,30911083
2020-07-21,41.37443923950195,41.92786856820444,38.8286612873878,39.09430625046799,140856196
2020-07-22,40.73245620727539,41.70649356151705,40.511085002548484,41.41870922199064,45722652
2020-07-23,41.75076675415039,42.259922291798446,40.378260742525384,40.62176881122575,67380397
2020-07-24,41.08665084838867,41.883590726353106,40.643908442165575,41.573669521955715,33916906
2020-07-27,41.507259368896484,42.34847298987932,40.46681140962337,41.44084876726708,58704537
2020-07-28,41.352294921875,42.17137159952565,41.02023687778425,41.50725551134414,36878059
2020-07-29,40.99810028076172,41.48511891750674,40.75458969568828,40.86527655557637,22325277
2020-07-30,39.204994201660156,40.953832245552505,38.784388609697125,40.73246101469841,65433094
2020-07-31,39.16072082519531,39.82483705731643,38.629425812776525,39.537052681156645,62121741
2020-08-03,38.16454315185547,39.11644367720022,37.81034819670443,39.11644367720022,47168151
2020-08-04,38.49660110473633,38.717972317583204,37.98744554180701,38.20881675465389,38247546
2020-08-05,38.34164047241211,38.983619776020106,38.20881673142388,38.518737949262366,32501715
2020-08-06,38.60728073120117,39.05002563624584,38.20881209004225,38.43018327586367,29495152
2020-08-07,38.253082275390625,39.13857200341649,37.92102426073133,38.8286508519476,33404328
2020-08-10,38.56300354003906,38.828650965906796,38.164534934639065,38.34163237408369,24383290
2020-08-11,38.54087829589844,39.05003390447465,38.47446768611116,38.607288905685714,25075380
2020-08-12,38.00958251953125,38.62942242397316,37.94316938210387,38.54087495193952,32229642
2020-08-13,38.45233154296875,38.54087902435875,38.05386027650649,38.25309464303641,17667426
2020-08-14,37.544700622558594,38.74010922664388,37.434013749316605,38.74010922664388,29847123
2020-08-17,38.76224136352539,38.850791357991525,37.699656630342766,37.74393036087491,29222049
2020-08-18,38.518741607666016,38.91721033507402,38.36378098402904,38.56301534773304,20316855
2020-08-19,38.96147918701172,39.4042241323421,38.56301050959582,38.56301050959582,36676200
2020-08-20,39.42635726928711,39.714141583193346,38.56300686097022,38.917201770361665,48216841
2020-08-21,39.33781433105469,40.046204231276604,39.227127459119224,39.82483302080779,28550986
2020-08-24,39.11643981933594,39.58131906874655,39.005752956741944,39.382084742798874,14608251
2020-08-25,39.09429931640625,39.42635736141186,38.784380670015935,39.116438715021545,29319889
2020-08-26,38.91720962524414,39.33781774841637,38.784388407465656,39.31568087878662,24184395
2020-08-27,38.60728073120117,39.13857563061551,38.540870135475295,39.02788877100389,23164723
2020-08-28,38.87293243408203,39.40422485822442,38.6958349593679,38.87293243408203,26414010
2020-08-31,37.987449645996094,40.62177521703484,37.78821527956828,39.1828583779654,106272406
2020-09-01,37.4782829284668,38.341633282898584,36.96912492791809,37.987438395613836,41665981
2020-09-02,37.76606750488281,37.921028096290904,37.43400945663718,37.81034376914359,18785175
2020-09-03,37.677520751953125,38.319499995091824,37.38973642915262,37.94316567550582,21040962
2020-09-04,37.14622497558594,37.566830455010624,36.6370669740692,37.19049870323029,19053739
2020-09-07,37.101959228515625,37.61111484091551,36.21647175769024,37.4118804766551,22352622
2020-09-08,36.6370735168457,37.36760282044635,36.548526045743884,37.16836847706513,24253434
2020-09-09,35.66303253173828,36.68134347461722,35.10960079896369,36.614930349315394,36580713
2020-09-10,36.991268157958984,37.16836561995136,35.72944652453665,35.72944652453665,44145243
2020-09-11,36.79203796386719,37.19050666477172,36.3271561238771,36.88058543811165,26782867
2020-09-14,36.61493682861328,37.10195552226779,36.459978753425254,36.836310574257595,17809224
2020-09-15,36.41569519042969,36.9248506499877,36.21646088597684,36.61492949488254,17563498
2020-09-16,36.61493682861328,36.76989743720345,36.06150753130676,36.41570248425511,19186668
2020-09-17,36.21646499633789,36.6592099157945,36.03936753523563,36.482112454692235,19320018
2020-09-18,35.72944259643555,36.68134293336866,35.53020829027322,36.57065608176664,31549788
2020-09-21,34.401214599609375,35.862270574124466,34.091293405009026,35.77372057563782,33783609
2020-09-22,33.7149658203125,34.711140127281816,33.3829077179894,34.578316379672124,30794221
2020-09-23,33.626407623291016,34.179839348012784,33.360762726154086,33.86991819018499,28680514
2020-09-24,31.87757682800293,33.29435666921078,31.722616216195547,33.20580919583638,36837364
2020-09-25,32.80733871459961,32.94015991743764,31.811164492902076,32.032535697700844,37129638
2020-09-28,33.49358367919922,33.91418912056261,32.89587827648115,33.20579940874967,24144234
2020-09-29,33.1393928527832,33.75923265928647,32.78519542040766,33.6485458033315,22316817
2020-09-30,32.718788146972656,33.405041150046245,32.32031694514147,33.139396215560794,28453927
2020-10-01,32.80733871459961,33.2058073899178,32.519554374979776,32.74092557977854,21384946
2020-10-05,33.449317932128906,33.71496542422746,32.67451739141224,32.98443608765756,24256462
2020-10-06,33.36076736450195,33.759236032309666,33.072983030306375,33.714962298864805,24136560
2020-10-07,33.29435729980469,33.44931791454702,32.895888595268545,33.272220431041816,22736065
2020-10-08,33.427181243896484,33.560004990663145,32.89588879023208,33.250083759341685,19814497
2020-10-09,33.86992263793945,34.31266503577525,33.02870904196906,33.02870904196906,27042081
2020-10-12,33.51572799682617,34.29052846645582,33.250080529100465,33.869922931525785,17767720
2020-10-13,33.69282531738281,33.80351218401995,33.00657231771694,33.449314717461505,19361826
2020-10-14,33.05084228515625,33.60427148847953,32.65237113070606,33.29435032392995,29406442
2020-10-15,33.006568908691406,33.559998117913146,32.76305833392066,33.05084263741273,26723415
2020-10-16,32.85161209106445,33.294354495839706,32.696651489372506,33.028709559654956,34841572
2020-10-19,34.00273895263672,34.26838382670489,33.02870183645007,33.02870183645007,34811296
2020-10-20,33.22793960571289,33.958466252669,33.161529013590226,33.91419252458722,28033734
2020-10-21,33.6485481262207,33.98060618360711,33.382903200352736,33.53786379602652,42114562
2020-10-22,34.401214599609375,34.644722661994244,33.42717728326598,33.58213788056616,32920879
2020-10-23,34.64472198486328,35.08746690183918,34.40121392723778,34.40121392723778,20601655
2020-10-26,34.57830810546875,35.065326707898,34.53403437799382,34.644718696681146,18775899
2020-10-27,34.57830810546875,34.75540554877014,33.69282088896177,34.334800070954955,22736478
2020-10-28,34.55617141723633,34.68899513373738,34.13556593728495,34.57830828108622,17121504
2020-10-29,34.71113586425781,34.93250706081824,33.73709854594878,33.95846974250921,28496598
2020-10-30,35.22028732299805,36.26073512011874,34.9767767548369,35.41952163023793,82144678
2020-11-02,34.622589111328125,35.64090025773164,34.3348072888417,35.44166590880959,28796602
2020-11-03,34.53404235839844,35.021061073371904,34.26839486535755,34.55617922725147,22913029
2020-11-04,34.51190185546875,34.75540992061315,34.02488319177798,34.53403872199079,16097115
2020-11-05,35.33097457885742,35.50807202436085,34.644719127454714,34.84395597037256,29509615
2020-11-06,35.530216217041016,35.81800057536979,35.28670559586983,35.419529340744816,22566856
2020-11-09,35.9508171081543,36.06150397004555,35.4638009959973,35.618759055882414,23981305
2020-11-10,37.30118942260742,37.389739426491516,35.90654649529933,35.90654649529933,32965273
2020-11-11,37.63324737548828,37.72179737907065,36.814173142712406,37.30118929550808,27599802
2020-11-12,37.76606750488281,37.85461750000252,37.16836453808178,37.63324377890419,20550207
2020-11-13,37.52256393432617,37.69966141232037,37.05768210456559,37.19050584641178,16663137
2020-11-14,38.36377716064453,38.51873776883793,37.58897411967754,37.743934727870936,10134573
2020-11-17,37.611106872558594,38.51873355459028,37.41187255050833,38.51873355459028,37552521
2020-11-18,37.743934631347656,37.832484635832635,37.27905280795631,37.411876547982715,19304127
2020-11-19,37.500423431396484,38.34163700368199,37.41187343428131,37.74393149000985,23130708
2020-11-20,37.56683349609375,37.965302143952805,36.924854259674916,37.522559764865385,23413747
2020-11-23,38.275230407714844,38.363780419949286,37.21264546131557,37.85462481645767,32626279
2020-11-24,38.14241027832031,38.67370276668679,37.96531024879573,38.5187421409046,26754673
2020-11-25,37.965301513671875,38.56300700893953,37.85461718743848,38.29735955917572,25653117
2020-11-26,37.89889144897461,38.18667576801756,37.43400967207489,38.03171517571766,22684284
2020-11-27,37.45615005493164,38.164539904966695,37.190502594467524,37.89889244450258,47815935
2020-12-01,38.00958251953125,38.07599312355648,37.23477947222617,37.63324816318184,21580450
2020-12-02,39.138572692871094,39.55917816770129,37.89888806515757,38.009574916461034,67092000
2020-12-03,39.802696228027344,39.89124369902071,38.7843851111909,39.60345935148803,58976355
2020-12-04,40.02406311035156,40.48894488299661,39.40422074682483,39.97978937964304,37284490
2020-12-07,40.599632263183594,40.82100600017898,40.02406612048007,40.068339854518335,32007978
2020-12-08,40.31184768676758,40.86527692439924,39.86910277662113,40.732453198015115,25684155
2020-12-09,41.595802307128906,41.728626029322655,40.333983279792776,40.466807001986524,51701644
2020-12-10,40.93168640136719,41.5736656168301,40.3561203139808,41.5736656168301,33364783
2020-12-11,41.55153274536133,42.54770696163308,41.197337806251646,41.41870900984469,82795728
2020-12-14,42.59197998046875,42.857627447041295,41.88359011414463,42.060687580725656,52441758
2020-12-15,42.259925842285156,42.614120808371915,41.772909663967546,42.614120808371915,31439902
2020-12-16,42.65839385986328,43.16755196550357,42.414885774619925,42.72480953171525,33946033
2020-12-17,42.2377815246582,42.94617133190232,42.060684072847174,42.724802683890765,24968898
2020-12-18,41.595802307128906,42.3927421068896,41.30802053134454,42.2377815198972,36546885
2020-12-21,38.56300354003906,41.352291378043844,37.45614517686058,41.352291378043844,73823025
2020-12-22,38.93933868408203,39.18284926796846,37.27904846086303,38.07598827468851,51043984
2020-12-23,39.02789306640625,39.227127408913404,38.40805063780434,39.05002993408459,31573149
2020-12-24,39.95765686035156,40.400401843869254,39.07216942671846,39.07216942671846,32996755
2020-12-28,40.599632263183594,40.732455998700416,40.24543732407342,40.28971105811168,19819689
2020-12-29,40.378265380859375,40.953831585159804,40.02407040384337,40.73246035787538,22058307
2020-12-30,40.24543762207031,40.59963256380311,39.84696894597142,40.444674493521816,20131573
2020-12-31,40.267574310302734,40.57749551629215,39.935516237228654,40.0683399731387,22766266
2021-01-01,40.51108169555664,40.62176602218371,40.333984239551484,40.42253170085314,10716213
2021-01-04,41.55153274536133,41.64008274683977,40.73245599864442,40.73245599864442,31411359
2021-01-05,41.175201416015625,41.28588575239278,40.64390900119906,41.175201416015625,28072567
2021-01-06,41.6622200012207,42.32633615157661,41.26374879096592,41.33016192604275,37066479
2021-01-07,41.83932113647461,42.25992671738653,41.52939990138042,42.06069236151234,27214861
2021-01-08,42.569847106933594,42.68053145055284,41.90573091160919,42.1049677969283,33813061
2021-01-11,42.5034294128418,42.924034915258744,41.883587058330704,42.59197687297092,24338116
2021-01-12,43.36678695678711,43.986624310345924,42.14923898344524,42.32633645592008,47912310
2021-01-13,44.69501876831055,45.49195611885349,43.47747080855495,43.588155144240325,83906529
2021-01-14,45.691192626953125,45.86828756264302,44.40723407598515,45.04921335146914,46080657
2021-01-15,44.849979400634766,46.001111757941416,44.49578443940162,45.75760620552165,41757006
2021-01-18,43.52173614501953,45.09347874249422,43.16754127236648,44.960652498497375,42899784
2021-01-19,43.63243103027344,44.4072366186934,43.388925479756985,43.83166791113671,36623602
2021-01-20,43.52173614501953,44.1858521645944,43.27822558669458,43.7873835662101,28395798
2021-01-21,42.8133544921875,44.09731304829666,42.59198075488466,43.47747063729196,38452279
2021-01-22,42.37061309814453,43.10114243895873,42.17137874461421,42.7248106008012,33756312
2021-01-25,41.37443923950195,43.16755350725292,41.24161549126072,42.946179749050096,33799852
2021-01-27,40.46681213378906,41.52939697928726,39.95765404524381,41.175202030787865,41240343
2021-01-28,40.99810028076172,41.15306087124431,39.95764987797808,40.04619987256892,36206854
2021-01-29,41.285884857177734,42.636253998915116,41.08665052261684,41.5293954587315,111293214
2021-02-01,42.414886474609375,42.68053143258597,41.35230157589853,42.414886474609375,79766275
2021-02-02,43.74311828613281,43.92021322325019,42.83549153299396,43.18968647403281,57962112
2021-02-03,45.09348678588867,45.33699232084495,44.230133779722486,44.54005498192542,87238200
2021-02-04,45.868282318115234,46.200340351370706,45.381266233848834,45.51408742042963,76757127
2021-02-05,45.33699035644531,46.311027654478615,45.18203229546001,46.26675392276853,47134357
2021-02-08,46.089656829833984,46.222478018721986,45.35913015734281,46.045383100204646,56887465
2021-02-09,46.61449432373047,47.61644465975559,46.28051087838876,47.61644465975559,71867815
2021-02-10,46.161231994628906,47.11547116858635,45.851104126587984,46.80534330054543,34008033
2021-02-11,46.04195022583008,46.51906704209611,45.75567795199467,45.85110022320998,29268846
2021-02-12,45.37398910522461,46.32822285759388,45.135427937037214,46.06581157879692,28558101
2021-02-15,44.920719146728516,45.85109993571789,44.849149713671046,45.588685961426414,22194036
2021-02-16,45.612545013427734,46.041953454290955,44.84915313970253,44.9207225782272,37303716
2021-02-17,45.326271057128906,45.66025447774168,45.15927934682252,45.588687771936726,24688639
2021-02-18,47.2347412109375,47.64029129128903,45.46940203399087,45.46940203399087,81083085
2021-02-19,46.54292297363281,47.95042332581617,45.851100581536265,47.3301676376904,63290026
2021-02-22,45.63639831542969,46.99618481869735,45.37398433413059,46.51906799268176,29230623
2021-02-23,46.590633392333984,47.28245577377968,45.80338874039631,45.99423328138026,53269024
2021-02-24,46.733768463134766,47.664146445256854,46.280501794727606,46.94846855430649,29676166
2021-02-25,48.141265869140625,48.64224369649606,47.16317670180724,47.42558793879511,94125667
2021-02-26,46.7814826965332,48.64224424435135,46.37593259279496,47.47330506767178,68584740
2021-03-01,48.04584503173828,48.42753957527511,47.616439352783026,48.188983898183,45069373
2021-03-02,48.76152420043945,49.668052176584006,48.54682408569782,48.78537976874408,68580370
2021-03-03,48.95237350463867,49.62034032796259,48.37982895316403,49.14321804833721,45034914
2021-03-04,48.4036865234375,49.19093121913888,48.2605531097426,48.427542092386645,25305613
2021-03-05,48.4036865234375,49.07165337439314,48.11741423585798,48.52296982837298,60217765
2021-03-08,49.42948532104492,50.097452076760256,48.71380743423406,48.78537413087736,74599173
2021-03-09,47.97427749633789,49.095505539787766,47.33016625898452,48.88080543412955,44887903
2021-03-10,47.16317367553711,48.618385009852005,47.091606979132564,48.618385009852005,31741065
2021-03-12,48.33211898803711,48.809235819030654,47.80729101996317,47.831146588503366,52481499
2021-03-15,48.21283721923828,49.000081837336616,47.711859400310836,48.49910401840917,31646668
2021-03-16,47.9027099609375,48.95237128423704,47.68800439882584,48.713810155245106,41291265
2021-03-17,46.853050231933594,48.30826170190426,46.75762796116554,48.30826170190426,31383499
2021-03-18,46.39978790283203,47.47330480448993,46.04194893561274,47.187032538676625,32120652
2021-03-19,47.11547088623047,47.52102103117975,45.51712041593516,46.256653996758544,51668046
2021-03-22,47.30630874633789,47.61643656861368,46.87690309249031,47.544869869670606,31878691
2021-03-23,47.60152053833008,47.970524573510936,47.42931565228316,47.82292521166049,33229980
2021-03-24,46.51910400390625,47.60151611523008,46.37150184049353,47.23251211433683,28562503
2021-03-25,44.72328186035156,46.59290167583451,44.50188003238487,46.42070244374251,41865562
2021-03-26,44.72328186035156,45.36289026922977,44.57568251855842,45.16608833156194,28462275
2021-03-30,45.043087005615234,45.239888947393716,44.32967891093935,44.772482576121675,30887440
2021-03-31,45.19068908691406,45.412090919118896,44.74788260722736,45.0430869270185,20242771
2021-04-01,45.830299377441406,45.92870176585596,44.87088946296679,45.264493386070356,22265911
2021-04-05,44.64948272705078,45.75649469549006,44.30507862816607,45.75649469549006,25774072
2021-04-06,44.846282958984375,45.19068704475143,44.501878873217315,44.72328069541702,16560441
2021-04-07,45.60889434814453,45.70729672971011,44.846286448300575,44.846286448300575,20614233
2021-04-08,45.731895446777344,46.100899441436354,45.51049079776029,45.756495337717666,19175106
2021-04-09,45.11688232421875,45.73189079629485,44.920080401431896,45.65808831570179,15445974
2021-04-12,42.804466247558594,44.50188417363047,42.68146396934101,44.32968211023675,29943736
2021-04-13,43.6900749206543,43.911476761438045,42.853664525688046,42.90286430913395,23964055
2021-04-15,44.329673767089844,44.45267602215757,43.34566417237823,43.39486394829463,23591248
2021-04-16,44.35428237915039,44.84628868091793,43.86227889266013,43.86227889266013,15435475
2021-04-19,43.34566879272461,43.69007289140393,42.73066308238411,43.27186630570646,22902361
2021-04-20,43.19806671142578,44.280478790565425,42.97666488052836,43.4686711388492,16299066
2021-04-22,43.22266387939453,43.44406569634555,42.97666217336861,43.29646354661926,14235285
2021-04-23,43.321067810058594,43.5670695249379,43.001263610021624,43.12426587509975,12005517
2021-04-26,43.394866943359375,43.69007124978589,43.17346512117795,43.64086865519686,10600021
2021-04-27,43.71467208862305,43.837674354851,43.39486788559653,43.39486788559653,13128622
2021-04-28,43.98527908325195,44.05908157813875,43.788477122349356,43.88687951043931,9505056
2021-04-29,43.7392692565918,44.52647695479218,43.640866886678346,44.403474696219575,13435744
2021-04-30,44.69868469238281,45.80569671491476,43.29646833773148,43.591672669850865,44723547
2021-05-03,44.99388122558594,45.21528302866069,44.05907142294399,44.20667356341938,20483677
2021-05-04,44.96928405761719,46.00249347287604,44.821681908215396,45.51048724662902,22283461
2021-05-05,45.362892150878906,45.97789787969166,45.16609020504774,45.6580936619871,34464111
2021-05-06,45.5596923828125,45.83029399242175,45.26448806753241,45.68269465005871,22084128
2021-05-07,46.592899322509766,46.863503732683405,45.36288797803072,45.70729205537344,27762753
2021-05-10,48.78232192993164,48.97912666768382,46.83890259357731,46.88810237037697,55456126
2021-05-11,51.02095031738281,51.36535441766345,48.118118170969204,48.51172205263935,115361688
2021-05-12,50.578147888183594,52.447767779364916,50.33214334468067,51.119351127224995,58626690
2021-05-14,49.71714401245117,50.9963553435777,49.20053499694356,50.57815153089105,32738629
2021-05-17,50.184539794921875,50.3075392410974,49.24972711232669,50.012334939722415,29540865
2021-05-18,51.9311637878418,52.1033630247712,50.40594802425058,50.72574660711946,53646370
2021-05-19,52.74296569824219,53.60397305007596,51.21775010102647,51.414549207478295,111262026
2021-05-20,51.51295852661133,53.972981338065786,51.41455333493214,53.972981338065786,84723675
2021-05-21,51.31615447998047,52.59536568387384,50.947150490128955,52.0541624596835,57868768
2021-05-24,53.849979400634766,54.07137840294548,51.66055548335107,51.66055548335107,124798564
2021-05-25,54.268184661865234,55.05539239761227,53.92378057365668,54.317384441530194,61080268
2021-05-26,55.10459518432617,55.49819907367859,53.75158427804468,54.169788058571996,55487863
2021-05-27,54.24358367919922,55.941004196211985,54.095984343178,55.44899514836709,51485233
2021-05-28,54.046783447265625,55.1045956687476,53.3579808577593,54.858596754836135,45369177
2021-05-31,53.75157928466797,54.366582137462295,53.30877002354738,54.12058324856602,27328504
2021-06-01,54.071380615234375,54.58798956953677,53.6531768520944,53.87458149401741,25662061
2021-06-02,54.53879165649414,54.80939045743204,53.899183229532674,54.02218268450445,26079462
2021-06-03,55.32599639892578,55.57200092594849,54.194384583507436,54.194384583507436,31434373
2021-06-04,56.383811950683594,56.55601118861172,55.301399849187135,55.35059963145232,42494730
2021-06-07,56.433013916015625,56.94961728033858,56.2362091487875,56.50681359226828,28815546
2021-06-08,57.417030334472656,57.810634264721884,55.76880930172828,56.65441673715035,34179129
2021-06-09,56.55600357055664,57.98281958627238,56.33460458018562,57.61381563843394,31520341
2021-06-10,57.048011779785156,57.31861054196033,56.67900783717479,56.82660716199761,19462978
2021-06-11,56.62980270385742,57.73681453700912,56.28539864706222,57.269411042270406,22644016
2021-06-14,56.45761489868164,56.92501848786491,55.35060284184474,56.703619454830225,15977089
2021-06-15,56.94961166381836,57.26941585992764,56.359208681469845,56.359208681469845,18716286
2021-06-16,57.02341079711914,57.638419293902245,56.82661168170296,56.94961112883807,17840275
2021-06-17,56.383811950683594,57.220219510299984,56.113207517670936,56.55601118861172,14332735
2021-06-18,55.252197265625,56.875812520275005,54.6125888674976,56.67901340119203,24316953
2021-06-21,55.424400329589844,55.84260411713019,54.44038777443038,54.85859719252499,22640152
2021-06-22,56.014808654785156,56.50681211415399,55.59660486973852,55.891803567027274,18181960
2021-06-23,55.54739761352539,56.334611005175745,55.44899805102686,56.334611005175745,8197572
2021-06-24,54.83399963378906,55.89180627815972,54.63719486216262,55.596607566551825,11987605
2021-06-25,54.809391021728516,55.3014001077894,54.71099145673802,54.85859643477796,7819713
2021-06-28,54.53879165649414,55.07999488892406,54.464991983511084,55.05539499792971,9776194
2021-06-29,53.21036911010742,55.05538888251443,53.038169892274404,54.538785598461864,22785070
2021-06-30,53.08736801147461,54.07137477233651,52.939763055958,53.25956722393178,17106526
2021-07-01,52.91516876220703,53.60397694595732,52.816769201829544,53.08737362342157,13216218
2021-07-02,53.35797882080078,53.99758160310777,53.013574723918246,53.013574723918246,17907844
2021-07-05,53.53017807006836,53.849982276595064,53.3579788368523,53.849982276595064,9305578
2021-07-06,53.33336639404297,53.82537540048505,53.234966844975865,53.4809713481969,9301320
2021-07-07,53.111968994140625,53.33336798615082,52.71836515556907,52.96436403558039,11177004
2021-07-08,52.91516876220703,53.677776616240436,52.816769201829544,53.11197351351594,14297863
2021-07-09,52.79216384887695,52.93976317416982,52.423159905091445,52.91516328662101,10924398
2021-07-12,52.74296569824219,53.28416887153822,52.57076084954332,52.81676536316162,9438729
2021-07-13,53.038177490234375,53.18577684094981,52.57076828519354,52.81677283360691,11227437
2021-07-14,52.693763732910156,53.21036699644178,52.47235911679473,52.9151627184723,9119790
2021-07-15,52.30016326904297,52.76756678806232,52.22635797188948,52.644567343729236,11451739
2021-07-16,52.20176315307617,52.84137158683692,51.88196456674999,52.17716326182031,11793582
2021-07-19,52.127960205078125,53.08737279545719,51.70975644944228,52.0295606462353,17532862
2021-07-20,51.95576095581055,52.54616393917938,51.43915201098976,52.2017598528168,19243816
2021-07-22,52.49696350097656,52.644568467881804,51.758955558111644,52.39856394340891,16258848
2021-07-23,52.15256881713867,52.74297753004727,51.88196998506412,52.49697296124289,10996716
2021-07-26,51.48835372924805,52.27556712097304,51.414554057367155,52.15256203728417,10937572
2021-07-27,51.14394760131836,51.83275006627457,50.79954355356365,51.53755142295899,11591373
2021-07-28,51.168556213378906,51.537560210998095,50.72574691179255,51.168556213378906,13733836
2021-07-29,51.11935043334961,51.41455475543529,50.774951959896136,51.29155530063048,15139800
2021-07-30,50.750343322753906,52.300164510919714,50.62734387550018,51.29155215177784,39367890
2021-08-02,51.90656280517578,52.07876203848356,50.996349966029754,51.41455373461695,19968907
2021-08-03,52.22636413574219,52.39856900868608,51.808160345098884,52.152564460432366,15159726
2021-08-04,51.80815887451172,52.89057097332752,51.61135974593838,52.39856752134003,17376739
2021-08-05,51.883026123046875,52.307273271631054,51.184264097642334,52.157535287947205,20246398
2021-08-06,52.85630416870117,53.030997553669685,51.80816099465244,51.8830328521651,13803814
2021-08-09,52.107627868652344,53.13081559367618,51.883029446619084,53.00603869254659,12460222
2021-08-10,51.03452682495117,52.357184758305095,50.85983917212638,52.357184758305095,12318604
2021-08-11,52.23240661621094,52.382144614780124,51.05948656836857,51.30904609137014,16287054
2021-08-12,51.95789337158203,52.656655411950226,51.783200005529906,52.232402542360845,13442644
2021-08-13,52.23240661621094,52.407099995888224,51.78320404434459,51.90798666180568,10050325
2021-08-16,53.50515365600586,53.62993056097639,52.057718710665405,52.28232285153293,32819128
2021-08-17,52.7564811706543,54.02922274600092,52.2573678353671,53.55506479188205,25693791
2021-08-18,53.00603485107422,53.15576712157828,52.25736207471396,53.10585636474359,18888795
2021-08-20,51.65842819213867,52.65666059257869,51.408868664048484,52.63170521096175,15736258
2021-08-23,51.40885925292969,52.357180716532156,51.00956750823382,52.357180716532156,10432123
2021-08-24,52.85630416870117,53.006042171805724,51.73329484906055,51.85807175838036,17847588
2021-08-25,52.95613098144531,53.38038393931679,52.60674988855907,53.155779768203736,11312487
2021-08-26,52.706565856933594,52.93116426805375,52.25736332277316,52.856298131013695,11929699
2021-08-27,52.88125991821289,53.13081945050831,52.5568342398051,52.78143839006305,8356207
2021-08-30,53.580020904541016,54.00426810211517,52.95612494297394,53.1058629439488,19240269
2021-08-31,55.32693099975586,55.5515294529443,53.60498096570518,53.90445128187763,33485407
2021-09-01,55.27701950073242,55.75117749644213,54.70303425967242,55.401796417518895,17700178
2021-09-02,54.97754669189453,55.07736822079063,54.40356147690022,54.802853304405495,17265598
2021-09-03,56.4499397277832,56.649582794901484,54.95259387671161,55.252064189310154,22906791
2021-09-06,55.70126724243164,56.79932125602302,55.526573845401494,56.77436587243602,11302936
2021-09-07,55.82604217529297,56.125512479609476,55.25206266128055,55.70126526179482,11374723
2021-09-08,56.20037841796875,56.35011071360772,55.451705515932005,55.451705515932005,12497221
2021-09-09,56.300193786621094,57.223559977766456,56.10055074761907,56.22532764699533,19983877
2021-09-13,56.89914321899414,57.02392013786908,56.150470281902116,56.30020258455204,13133424
2021-09-14,57.52302932739258,57.84744926057775,56.89913341665758,56.89913341665758,13852611
2021-09-15,58.097007751464844,58.32161187474004,57.498072942597865,57.62284983779512,19025859
2021-09-16,59.07029342651367,59.39471911404048,57.97223945023872,58.2467543722877,21129102
2021-09-17,59.020381927490234,59.61931681770107,57.94728334729138,59.24498036934896,52041975
2021-09-20,57.1986083984375,58.745864901191574,57.09878116038317,58.14692432054839,13756386
2021-09-21,57.39824676513672,57.72267241050801,56.57470781792049,57.1736483496706,14070891
2021-09-22,58.12196350097656,58.296656867286366,57.4232014595777,57.4232014595777,11751877
2021-09-23,58.89559555053711,59.22002121335898,58.29666069849102,58.396482221845275,13392397
2021-09-24,58.52126693725586,59.36976713478357,57.89737662109647,58.89560341172002,11883868
2021-09-27,59.22002029418945,59.31984181599436,58.646040831890815,58.97046077775675,14908830
2021-09-28,61.366214752197266,61.840372673124534,59.24497322985492,59.24497322985492,30580264
2021-09-29,63.61223220825195,63.886747089650356,60.89205590907175,61.01683280428915,29772804
2021-09-30,62.539127349853516,64.13629429226216,62.06496948481087,63.61222567425918,17995564
2021-10-01,63.587276458740234,64.31099387062493,62.3894011358718,62.71382106154692,20085250
2021-10-04,63.01329040527344,64.06143343953403,62.638954015317516,63.78691856372101,11345266
2021-10-05,64.8350601196289,65.1844411230826,63.01328896846032,63.01328896846032,30310881
2021-10-06,64.93488311767578,67.3306394407505,64.56054672768786,65.33417488620157,38136735
2021-10-07,66.00798797607422,66.33241364066575,64.81011255352742,65.13453821811895,19049433
2021-10-08,65.78338623046875,67.10603849120018,65.30922259201608,66.65683594438423,13639896
2021-10-11,65.65861511230469,66.85649639604145,65.48392742371382,65.95808543323888,9461719
2021-10-12,65.50887298583984,66.15772429859265,64.53559601671063,65.80834326187349,14989111
2021-10-13,65.50887298583984,66.05789706530116,65.03471504740683,65.85825402255902,13747222
2021-10-14,67.08108520507812,67.63011499981523,65.38409648371716,65.88320980554325,21061104
2021-10-18,68.05437469482422,69.87614636559164,67.72994897680574,69.87614636559164,22145724
2021-10-19,66.7816162109375,68.50356605781474,66.55701778216257,68.20409577419427,15474921
2021-10-20,65.15949249267578,67.0311745935989,64.71028993083833,66.48215050955767,16132831
2021-10-21,65.70851135253906,67.6301097737072,65.23435344784875,65.90816009299394,27519955
2021-10-22,65.23436737060547,66.7067578679776,64.88498628418219,66.1577337104103,16376905
2021-10-25,65.10958862304688,66.08285999138975,64.11135615959058,65.68356814839146,15055837
2021-10-26,65.63365936279297,66.0828619857326,64.90994180453197,65.38410552333832,15198604
2021-10-27,65.28425598144531,66.38230963583068,65.00974685178845,65.75841953832759,13412194
2021-10-28,64.21117401123047,65.58374285580544,63.761971427599626,65.28427256274462,13901230
2021-10-29,63.861793518066406,64.88497551164812,63.11312070173231,63.88674889781619,12613387
2021-11-01,65.70851135253906,66.30745186198368,63.18798384576634,65.9331154715608,26818699
2021-11-02,65.28425598144531,66.38230963583068,65.15947910432855,66.15771125702051,14533176
2021-11-03,66.15772247314453,67.38055321196063,65.08462401225357,65.28426704948708,31141038
2021-11-04,67.20586395263672,67.3805573328202,66.65683985474706,67.3556019516398,4986216
2021-11-08,70.10073852539062,70.32534268286715,67.00622535792427,67.3805618124378,37249699
2021-11-09,69.72639465332031,70.62480547573166,69.35205823862901,70.59985009554693,19382632
2021-11-10,69.60161590576172,70.52497637193927,69.22727950100213,69.5766605262391,15366904
2021-11-11,69.00628662109375,70.19694230712004,68.64391263627374,69.44631090458846,19049466
2021-11-12,68.82510375976562,69.78280864847075,68.35919599536197,69.36866775518543,14255041
2021-11-15,68.7733383178711,69.4463195050724,68.33331397988218,68.9804117309864,8808997
2021-11-16,67.81562805175781,69.10981741432546,67.63443810488242,69.05805055074329,9738892
2021-11-17,66.49555969238281,68.02270610332167,66.34025907744207,67.76386582074838,9331351
2021-11-18,66.96146392822266,67.42737759713769,66.05553187352706,66.49555618364602,10891344
2021-11-22,64.45073699951172,67.24618946763488,64.21778015869371,67.0650054214842,11624364
2021-11-23,65.30490112304688,65.66727513366303,64.06247848279372,64.19189565646433,18446718
2021-11-24,66.05553436279297,66.93558301619503,65.43432006372174,65.58962660065886,12152407
2021-11-25,65.04606628417969,66.26261151564613,64.4507413112334,66.0555380961394,9581943
2021-11-26,62.61298751831055,65.02018268984065,62.380036586810895,65.02018268984065,11587932
2021-11-29,61.49997329711914,62.61297869716335,61.00818214223294,61.88823071925837,15803560
2021-11-30,61.577640533447266,62.5871064569374,61.00819305282381,61.60352397126295,27563893
2021-12-01,60.93053436279297,62.09530667738628,60.30932009194119,61.940000147504165,19871665
2021-12-02,62.45768356323242,62.69063448229683,61.03407091603985,61.08583778694305,20686078
2021-12-03,63.26008605957031,63.59657666684715,62.50945453356944,62.63887171931476,14866089
2021-12-06,62.61298751831055,63.72599307515907,62.380036586810895,63.389502471987285,9379269
2021-12-07,62.431800842285156,63.85540758143165,62.250610867711686,63.05300922457167,14464680
2021-12-08,62.32825469970703,63.4412600942501,62.121187235236555,62.97535237485344,14700337
2021-12-09,61.96588897705078,62.89770445103449,61.83646588253094,62.63886418633311,19297434
2021-12-10,62.14706802368164,62.794165671291374,61.914111211727544,62.12118459172427,20332264
2021-12-13,61.24113082885742,62.79416031108145,61.008174036788894,62.638853808256655,20362045
2021-12-14,61.03406524658203,61.70704635448766,60.64580782653464,61.60351262229851,17422254
2021-12-15,59.895179748535156,61.2929089081285,59.79164601059148,60.930534900987205,17936938
2021-12-16,59.921058654785156,60.64580661429853,59.7657580596057,60.41285572152935,15950560
2021-12-17,58.419795989990234,60.050481864394115,58.160961664162606,60.02459843181135,17648721
2021-12-20,56.29732894897461,58.23861615411167,55.986721811285,57.97977588531393,17713881
2021-12-21,56.685577392578125,57.09971820231693,56.245553152501735,56.685577392578125,12582459
2021-12-22,56.45262908935547,56.97030962267495,56.0384882173029,56.97030962267495,16343983
2021-12-23,58.05742263793945,58.212729159455115,56.78911665464133,56.89265038609309,15427636
2021-12-24,57.07384490966797,58.756291877803854,56.840888070913515,58.73040844286874,17403219
2021-12-27,57.33269119262695,57.46210838086722,56.45263653957579,57.047967454159256,6689944
2021-12-28,58.135074615478516,58.23860833936959,57.5656272854024,57.59151071637517,8475690
2021-12-29,57.72093963623047,58.23861423240579,57.462099375973715,58.18684736522208,6332934
2021-12-30,57.22914123535156,57.850355475969685,56.892650682044916,57.720938310981765,8269432
2021-12-31,57.72093963623047,58.2903810995895,57.25502598290066,57.25502598290066,8717971
2022-01-03,58.47157669067383,58.65276074326729,57.64328896294453,57.720945195537645,10026562
2022-01-04,59.041015625,59.48103994352277,58.62687474142925,58.85983158033589,8322088
2022-01-05,60.69758224487305,60.80112191428311,58.9116014450388,59.041018626377856,21374004
2022-01-06,60.69758224487305,60.904655659354354,58.52334397668281,60.72346568114086,10795557
2022-01-07,61.34468078613281,61.70705482286336,60.542282402873504,60.904656439604054,11303518
2022-01-10,61.96588897705078,62.19883988337756,61.241140975357546,61.60351497620416,9923601
2022-01-11,61.39644241333008,62.35414725869389,61.189374938227665,62.35414725869389,8919054
2022-01-12,61.68117141723633,62.12119576398605,61.267030507099015,61.70705485384873,10748385
2022-01-13,62.71651077270508,62.897700724562654,61.52585510456222,61.93999594894504,12559629
2022-01-14,63.82951736450195,64.398964739134,62.82005162890396,62.897701927897955,22431007
2022-01-17,64.0624771118164,64.70957481499804,63.77775341149589,64.70957481499804,14548522
2022-01-18,64.16600799560547,64.99428970122165,63.85540087491488,64.29543108509041,21395779
2022-01-19,64.76134490966797,65.02017926436469,63.6742228469259,63.98482999690058,14870110
2022-01-20,64.96841430664062,65.2013711570665,64.3730893489682,64.76134681678545,10007508
2022-01-21,63.001243591308594,64.96841436849978,62.5094523780955,64.19189943212592,14728332
2022-01-24,62.3023796081543,63.38950171519055,62.06942867943581,62.63887020730878,19665838
2022-01-25,62.87181854248047,63.0012357075684,61.75881314971012,62.22472086836471,9651480
2022-01-27,63.51892852783203,64.0624866508918,62.0176654244851,62.58710698557917,12890338
2022-01-28,64.24366760253906,65.77081406988283,63.8295266897288,63.8295266897288,14995069
2022-01-31,64.8131103515625,66.26260640325908,64.2954357292445,65.58962524720874,19787082
2022-02-01,63.02711868286133,65.22724601940637,61.86234643251479,65.22724601940637,34627617
2022-02-02,64.42485046386719,64.68369072739274,63.26007816450961,63.415378768021974,14749194
2022-02-03,64.52838897705078,65.14960328576983,64.26954869436139,64.9166464389155,13117138
2022-02-04,64.26954650878906,64.89076079638289,64.03659559419526,64.65780395745058,10723602
2022-02-07,63.622440338134766,64.50248877647246,63.41536698093563,64.45072191825697,13452373
2022-02-08,62.82006072998047,63.95894971990342,62.1211960891102,63.725992864833685,23545662
2022-02-09,64.80074310302734,65.14870331358405,63.03418247772869,63.435674085867085,17581473
2022-02-10,64.21189880371094,65.01488211002973,64.05129846668132,64.82751607120791,18120168
2022-02-11,65.33605194091797,65.65724024091749,63.73008593582387,63.97097716082351,26486850
2022-02-14,62.39179229736328,64.77397620323372,62.17766671100673,64.77397620323372,16463770
2022-02-15,63.56949996948242,63.703334584216776,61.29438503430449,62.63268829771948,12978223
2022-02-16,65.04163360595703,65.41635947547965,63.83715890955042,63.83715890955042,17673190
2022-02-17,64.98810577392578,66.35317472078444,64.50631709422716,65.76432325143622,16774602
2022-02-18,64.85427856445312,65.4699019277697,64.55985585930499,64.98811319306934,7978566
2022-02-21,63.81039047241211,64.85426482202294,63.48919600857999,64.23864771542998,8595442
2022-02-22,62.686214447021484,63.515963258577365,62.365019975324856,62.63268305611788,11409610
2022-02-23,62.71299362182617,63.328617002087974,62.36503337988815,63.06095386376419,8525215
2022-02-24,58.88543701171875,62.20443262178784,58.510711108039104,61.535277909586554,19848141
2022-02-25,60.14345169067383,63.435682066329285,59.42076547985275,60.49141194500533,28048713
2022-02-28,61.562034606933594,62.20442352682464,59.20661673569948,60.38432567131654,24781798
2022-03-02,60.08990478515625,62.31148812256434,59.661647534826685,60.89288789530856,22390246
2022-03-03,61.37467956542969,62.36502259123649,60.49139932592086,61.56203944145115,28291584
2022-03-04,60.6252326965332,61.77617612085382,60.38433528166581,61.535278705986435,25005861
2022-03-07,60.08990478515625,60.999950676322214,59.52781293228467,60.999950676322214,25392553
2022-03-08,62.65945816040039,63.03418407926879,59.74195403414178,59.95607962990891,33483859
2022-03-09,62.605918884277344,63.64979328485194,61.99029562135375,63.64979328485194,23476054
2022-03-10,64.7472152709961,64.98811269965536,63.007420248679885,63.7301064083816,27592384
2022-03-11,66.21935272216797,66.59407864893419,64.45278588847692,64.66691761503307,18598243
2022-03-14,64.66691589355469,66.83496817005584,64.26542427744144,66.83496817005584,22317814
2022-03-15,63.703338623046875,64.80074455053663,63.275081306551286,64.66691605359297,16501842
2022-03-16,65.28253173828125,65.63048578954019,63.944222420646156,64.39924538318303,15176752
2022-03-17,64.96134185791016,65.79109075299912,64.29218715169947,65.52342764525973,41700111
2022-03-21,63.168006896972656,65.20223050523605,63.060944108715475,65.20223050523605,18166521
2022-03-22,64.58663177490234,65.22901481401115,63.43568809391421,63.70335126720453,30929289
2022-03-23,65.14871215820312,65.84463267379505,64.58662628101064,65.22900926547683,25271163
2022-03-24,64.55986022949219,65.38960925272025,64.42602559181645,65.20224321048484,12377631
2022-03-25,63.59626007080078,64.69367195841929,63.48919728945506,64.26541470676145,12238471
2022-03-28,64.21189880371094,64.61339045687033,63.007423844232754,63.917469957720336,15342876
2022-03-29,63.32859802246094,64.93456411854177,63.16799773708817,64.39923800233184,14627074
2022-03-30,62.7397575378418,64.07806706510429,62.15090600181616,64.07806706510429,159640347
2022-03-31,63.67656707763672,64.74720720744436,63.16800658338899,63.16800658338899,31701618
2022-04-01,65.36282348632812,65.55018334477403,63.70332594928001,63.7568573374074,16052676
2022-04-04,65.46989440917969,65.84462029897433,65.1486999141735,65.36283161960277,14095200
2022-04-05,65.6572494506836,66.1122785253916,65.49665527815723,65.73755266322176,13071195
2022-04-06,67.47735595703125,67.6647158488198,65.0416406061256,65.55019501011311,23580340
2022-04-07,66.13904571533203,67.85207476608852,65.97844541290166,66.54053728199528,30238785
2022-04-08,67.95913696289062,68.25356574290592,66.4067021017055,66.8617250564882,21699732
2022-04-11,68.97625732421875,69.2974518258369,67.77178253785733,67.93237672552863,19137451
2022-04-12,67.47735595703125,68.94949389761572,67.0223329506976,68.76212787955141,14583673
2022-04-13,68.46769714355469,69.05655475376321,67.26322235133789,67.47735406221615,17675811
2022-04-18,68.57477569580078,68.7889013104847,67.71826098451217,68.3606439548404,17471850
2022-04-19,69.75247955322266,71.19784571922823,68.78889598294296,69.21715330541971,30183165
2022-04-20,71.41197204589844,71.89376073148408,69.93983416512654,70.12720017557822,28690066
2022-04-21,72.29524993896484,72.48260981696035,71.41196969014969,71.97405545041153,22154311
2022-04-22,71.92052459716797,72.83057054967844,71.6528615003162,72.21495339107737,13678113
2022-04-25,68.38739776611328,71.17107315694,68.20003788584124,71.09077606539483,16604310
2022-04-26,69.08332061767578,69.59187500860352,68.38740021349533,69.27068050465287,14133414
2022-04-27,68.17327117919922,69.05655142566782,66.96879644503059,68.30709966312618,14967738
2022-04-28,69.56510925292969,69.72570956790999,68.30710306258277,69.32421796987265,15773589
2022-04-29,67.4505844116211,70.34132251829267,67.23645271329067,70.34132251829267,13013304
2022-05-02,67.79855346679688,68.1465136932071,66.37994686114564,67.42382754037632,8623737
2022-05-04,67.37028503417969,68.89595418836147,66.9687934739358,67.9056050724132,8118435
2022-05-05,67.29000091552734,68.6015386314105,67.02233778168899,67.98591526146514,8015140
2022-05-06,67.58441925048828,68.38740247376646,65.63049259034126,66.915270648607,13680673
2022-05-09,66.37993621826172,67.2632164295356,64.96133596633474,67.2632164295356,12361746
2022-05-10,65.30929565429688,67.61117610048603,64.90780409520545,66.59406741813443,15563373
2022-05-11,64.47955322265625,66.59407400948899,63.62303250237941,66.05874779353151,14615373
2022-05-12,65.36282348632812,66.37993211329808,63.99774858398071,64.47954332967666,30617643
2022-05-13,64.93458557128906,67.04910666270668,64.61339102070343,66.91527815257787,22601469
2022-05-16,65.36282348632812,66.37993211329808,64.58660610593147,66.37993211329808,12566889
2022-05-17,66.59408569335938,67.45060043763532,65.09518182773814,67.45060043763532,27391533
2022-05-18,63.19477462768555,66.59407340072114,63.034180440131735,66.37994169104051,64902469
2022-05-19,62.76652145385742,63.382144799100416,61.82970971242777,62.632692955446316,21865050
2022-05-20,62.605918884277344,63.810393587746205,62.17766162035121,63.70333080333346,24237945
2022-05-23,63.00741195678711,63.48920062442527,62.472091895664185,62.95388056330235,17487906
2022-05-24,63.54274368286133,64.02453243894456,62.73976038063047,63.00742352346623,18454173
2022-05-25,61.45497512817383,63.944221605402724,61.1337806509854,63.86392451767439,17317285
2022-05-26,61.133785247802734,61.99029983385883,59.87577906664062,61.56204254083078,23782918
2022-05-27,61.10702133178711,61.856473148009414,60.571701231460786,61.77617605190183,11616970
2022-05-30,62.15090560913086,62.231202709952996,61.05349351906666,61.69588257819597,12222628
2022-05-31,62.09736633300781,62.900349491942066,61.82970323793795,61.93676602545577,19925845
2022-06-01,63.27507400512695,63.73009696850536,62.49885655987109,62.632685041372035,16686021
2022-06-02,62.980648040771484,63.83716261329553,62.09736777074828,63.62303090702679,16274652
2022-06-03,63.32859802246094,63.7033238532981,63.087700657539024,63.194763430271216,13564659
2022-06-06,62.927120208740234,63.489206014323656,62.33826257786635,63.328611820235764,12162841
2022-06-07,63.27507400512695,63.97098823520706,62.44531904099553,62.82004491547336,14801011
2022-06-08,63.168006896972656,63.78363018200221,62.98064701752258,63.51596708508388,12953038
2022-06-09,63.32859802246094,64.61336967407071,62.579146360786616,63.16799773708817,32112393
2022-06-10,62.76652145385742,63.16801307536669,62.36502983234815,63.11448167600225,16173466
2022-06-13,60.812599182128906,62.25797157551673,60.5181764641455,62.25797157551673,15123129
2022-06-14,59.01926803588867,61.02672613234748,58.91220523775112,60.785828710262045,23524399
2022-06-15,58.45718002319336,59.42075742278225,57.97538519712322,59.42075742278225,14386729
2022-06-16,57.89508819580078,59.260163328095956,57.547127988083886,59.17986010610305,14897512
2022-06-17,55.78057098388672,57.81479483829729,55.43261075367126,57.81479483829729,23651413
2022-06-20,55.16493606567383,56.44971391612445,54.361952972279596,56.262347926985896,19163382
2022-06-21,56.61031723022461,56.87798034669113,55.432608094558056,55.70027121102458,14169558
2022-06-22,56.50325393676758,57.06533973749601,55.459373305385334,56.71737952703526,18641673
2022-06-23,57.4400634765625,57.60065766319576,56.2891200935309,56.74414308193399,16579252
2022-06-24,58.08245086669922,58.16274795779153,57.44006188541001,57.600656067594635,11807979
2022-06-27,58.64453887939453,59.34045928143093,58.24304728226208,58.88543628818423,17830735
2022-06-28,57.975379943847656,59.23338603953859,57.573888376019696,58.61776890288245,22631172
2022-06-29,58.77836227416992,58.91219687912898,57.81478497509503,58.13597945021168,18903900
2022-06-30,59.62150192260742,61.02672250664194,59.17985871711492,59.38060451483414,34424950
2022-07-01,59.862396240234375,60.34418490463506,58.49732121044466,60.22373620696607,22029311
2022-07-04,59.70179748535156,59.982840369695836,58.85866883231873,59.982840369695836,12798384
2022-07-05,59.09956741333008,59.82225358117671,58.93897320993135,59.82225358117671,17464685
2022-07-06,58.29657745361328,59.902543808403045,58.01553456678017,59.42075512722121,21856830
2022-07-07,58.37688064575195,58.85867550355079,57.93524352780449,58.85867550355079,17846046
2022-07-08,58.37688064575195,58.81852388997552,57.97538901510366,58.61777807465137,11692575
2022-07-11,58.256431579589844,58.497322855426575,57.854939993586534,58.3768741543705,11548617
2022-07-12,56.73076629638672,58.21628404327017,56.53002048934096,58.17613243135067,16729806
2022-07-13,56.5300178527832,56.97165493192043,56.4095691489183,56.73076365046619,13704386
2022-07-14,56.81106185913086,57.01180766075323,56.36941864505137,56.530018962114674,8917897
2022-07-15,56.489871978759766,57.09210943296035,56.20882905872139,56.77091489879813,7310057
2022-07-18,57.132259368896484,57.21255646850937,56.489870319441415,56.77091323122451,6697658
2022-07-19,57.814796447753906,57.93524516560865,57.011813163757324,57.21255898475647,7585011
2022-07-20,58.09583282470703,58.69807021983449,57.975384120426426,58.617773125739284,10590222
2022-07-21,58.256431579589844,58.41702576348099,57.29284809741665,58.095831269423265,9537111
2022-07-22,57.935237884521484,58.57762075522067,57.81478918180429,58.537475271831944,8740051
2022-07-25,57.89508819580078,58.095833998231626,57.21255369279105,57.97538529151797,10124538
2022-07-26,57.533748626708984,57.935240234534895,57.37314830781316,57.895088623242,8202210
2022-07-27,57.89508819580078,58.05568851351088,57.33300239950469,57.61404529765274,8726504
2022-07-28,57.854949951171875,58.33673871204283,57.73450122938501,57.854949951171875,11715079
2022-07-29,58.57761764526367,58.818515037908526,58.01553189745926,58.21627768257157,16983013
2022-08-01,57.092098236083984,58.21627582204045,56.85120697741295,58.21627582204045,30168751
2022-08-02,57.77463912963867,57.89508783560294,57.21255333683964,57.33300204280391,15655719
2022-08-03,57.01180648803711,58.13598417925351,56.81106069054402,58.05568708551139,18893830
2022-08-04,57.17239761352539,57.49359209756715,56.65046346901716,57.41329500812552,25024630
2022-08-05,58.69807052612305,58.85867084142708,56.9315099417081,57.373147024674026,48935830
2022-08-08,58.8988151550293,59.22000965297852,58.13598358289096,58.69806935959547,16091607
2022-08-10,58.216278076171875,59.17985540071566,58.135980986839094,59.139709919186885,29085499
2022-08-11,58.92218780517578,59.25437901086938,58.63152287620147,59.25437901086938,16670568
2022-08-12,59.420467376708984,59.545033513013806,58.797611351108344,58.92217748741316,12294928
2022-08-16,60.749229431152344,60.83227563922383,59.17132613371601,59.586563510092965,26772067
2022-08-17,60.915321350097656,61.28903878739832,60.79074887099744,60.87380141441057,18542371
2022-08-18,60.33399200439453,61.164466756454964,60.167893252370725,61.039894276442,18850835
2022-08-19,59.91876220703125,60.417045854087704,59.62809727425002,60.333999635581684,13357442
2022-08-22,59.21286392211914,59.91876633204758,58.880672689205525,59.87724005192559,13714233
2022-08-23,59.0052375793457,59.46199492164247,58.75609260280568,58.797618877569,11581331
2022-08-24,58.59000015258789,59.337422409872026,58.34085517614655,59.17132998292443,19584234
2022-08-25,59.33742141723633,59.752658813678906,58.79761787067685,58.8806640827614,13090152
2022-08-26,59.71113586425781,60.043327031862574,59.54503711244568,59.6696095922999,10546886
2022-08-29,59.0052375793457,59.33742243337246,58.42390141275897,59.088283792852394,14387511
2022-08-30,59.378944396972656,59.66960929115254,59.254371917747136,59.33741812522432,14284488
2022-09-01,59.08828353881836,59.37894845285211,58.797618624784604,58.96371105108391,17854146
2022-09-02,59.21286392211914,59.420482650687546,58.83914640908353,59.33743009044357,13349456
2022-09-05,58.92218780517578,59.50352399914464,58.83914158775744,59.37895150500701,11658725
2022-09-06,58.71456527709961,59.129802673220595,58.63151906507938,59.088282735220396,10545363
2022-09-07,59.29590606689453,59.42047856266937,58.71456986528536,58.79762241981548,19254652
2022-09-08,60.66617965698242,61.247509415330434,59.62808627706157,59.7111324802514,24401527
2022-09-09,60.25094985961914,60.956852179271515,60.0848510963939,60.87380596566887,9906299
2022-09-12,60.33399200439453,60.583130628400944,59.752655876340505,60.50008442039881,21463828
2022-09-13,60.001800537109375,60.707702805636174,59.79418185012976,60.66618286985195,11555561
2022-09-14,59.62809371948242,60.00180484849064,59.461994956352136,59.75265987180519,9024753
2022-09-15,59.420467376708984,59.96027086341423,59.212848701508776,59.794178457661715,9985561
2022-09-16,58.091705322265625,59.54503611210377,57.71799422500072,59.42046997036175,25993505
2022-09-19,57.842567443847656,58.465423504615536,57.801041172055335,58.34085102525806,13595148
2022-09-20,57.38581085205078,58.25781197871964,57.34429091117434,58.13323948404977,20693245
2022-09-21,56.846004486083984,57.55191322133469,56.638385760662175,57.55191322133469,24710729
2022-09-22,56.30619430541992,56.67990543320893,56.0570493295473,56.63837915855685,15775504
2022-09-23,56.01552200317383,56.43075939781862,55.80790330585144,56.30619324824104,13578280
2022-09-26,54.85286331176758,55.974003029415,54.72829082402455,55.80790426708432,19194238
2022-09-27,55.4341926574707,55.72485756899504,54.89438277262843,55.143527745946365,14140070
2022-09-28,54.603721618652344,55.14353154064156,54.43762918235734,55.14353154064156,15974881
2022-09-29,54.72828674316406,55.89095264870398,54.146950622384374,54.89437915709,24560255
2022-09-30,55.60028839111328,55.807907102560335,54.39610239912846,54.76981354532506,16041026
2022-10-03,55.39266586303711,56.513811896418936,55.26809971356784,55.8494295311571,13288633
2022-10-04,55.89095687866211,56.472286707418746,55.72485811614598,56.472286707418746,10513995
2022-10-06,56.26466751098633,56.5553324228059,55.9324763248983,56.4307599360204,13000167
2022-10-07,56.01552200317383,56.34771318609362,55.68333715627385,56.18162076264363,14879891
2022-10-10,56.09857177734375,56.223137920762646,55.51723565197105,55.64180813140945,9042660
2022-10-11,54.76980972290039,56.22314060160077,54.64524357354192,56.22314060160077,14905741
2022-10-12,55.849430084228516,56.347713695099436,54.76981031399161,54.811336588239136,14459865
2022-10-13,55.517234802246094,56.26466333141714,55.18504364083458,55.890952234841315,9890714
2022-10-14,55.06048583984375,56.47229056967754,54.977433284895575,56.47229056967754,10119406
2022-10-17,54.85286331176758,55.3926668652875,54.43762590997076,55.22657443897674,10841451
2022-10-18,55.39266586303711,55.475718410709696,54.89438225710063,55.143527228078774,8153819
2022-10-19,55.64181137084961,55.84943006999457,55.18504769832275,55.47571894594159,7157066
2022-10-20,56.347713470458984,56.63837838097325,55.26810004054603,55.35114625269013,19426605
2022-10-21,56.057044982910156,56.51380862458609,55.80790002635611,55.97399877606529,9542021
2022-10-24,56.51381301879883,56.84599787200722,56.430760469476795,56.67990544540302,3745316
2022-10-25,56.38924026489258,56.67990517808905,55.80790410247972,56.34771399042741,12609170
2022-10-27,56.72142791748047,56.88752033294989,56.347710478645,56.389236750522116,10404151
2022-10-28,56.846004486083984,57.46886066234943,56.51381959422562,56.88753076557662,9586976
2022-10-31,56.67989730834961,57.13666091996736,56.55532483827031,56.88751597980877,10549071
2022-11-01,56.88752746582031,57.01209996105172,56.596862534293905,56.80448124767281,7840600
2022-11-02,56.9705696105957,57.344287069569276,56.76295091206145,56.92904967250077,6785578
2022-11-03,57.053611755371094,57.42732918770181,56.887519342792594,56.887519342792594,6466688
2022-11-04,56.88752746582031,57.302764892578125,56.72143502952531,57.01209996105172,8971834
2022-11-07,58.216278076171875,58.38237682598148,57.05361217158245,57.17818464993479,13032194
2022-11-09,57.759525299072266,58.54847383046488,57.63495281095239,58.423901342345005,10410493
2022-11-10,57.801048278808594,58.00866699125835,57.6349558432569,57.67647578413468,5974147
2022-11-11,57.92560958862305,58.13322826098371,57.63494471452194,58.09170199210395,8792244
2022-11-14,57.67647171020508,58.257807865614375,57.178188102725564,58.13323537973954,10222979
2022-11-15,57.801048278808594,57.96714705038057,57.42733713080714,57.96714705038057,6477425
2022-11-16,57.551910400390625,57.884095275966736,57.34429168514538,57.842575334529904,5638631
2022-11-17,57.38581085205078,57.88409449471001,57.30276463427762,57.67647578226698,5264089
2022-11-18,57.510379791259766,57.7179984908672,57.09514239204489,57.59342600389876,6231903
2022-11-21,58.17475891113281,58.46542380712454,57.42733036714015,57.59342278312984,14820946
2022-11-22,58.133235931396484,58.29932835679252,57.67647225752756,58.17476220575544,13456815
2022-11-23,58.050193786621094,58.382384996711664,57.88409501356564,58.174766282407596,7949141
2022-11-24,59.83572006225586,60.37552368730602,58.25781645913345,58.25781645913345,29444796
2022-11-25,60.915321350097656,61.413604930479046,59.50351681634714,59.960274125021954,22422462
2022-11-28,63.28217697143555,63.489795670601694,61.37208874071886,61.37208874071886,40695313
2022-11-29,62.53476333618164,63.69742314282962,62.2856183284595,63.489804415068086,17421133
2022-11-30,63.65589141845703,63.94655631632733,61.828843150664504,61.87036942294008,29122442
2022-12-01,63.28217697143555,64.07113182987885,63.11608454651057,63.94655934317518,15072561
2022-12-02,63.94655227661133,64.11264468318187,63.116077571720275,63.28216997829082,18220281
2022-12-05,63.98808288574219,64.52788641171388,63.69741165050253,63.98808288574219,10947250
2022-12-06,62.94999313354492,64.27875156236493,62.82542064483868,63.94656037115493,10369691
2022-12-07,63.697425842285156,64.6109533519672,63.240668423465145,63.738952124005614,20909569
2022-12-08,63.73894119262695,64.3617972954865,63.53132249167377,64.32027102088789,11996025
2022-12-09,63.94655227661133,65.06769186101042,63.69740733073635,64.36178962905686,24702723
2022-12-12,65.52446746826172,65.6490399639849,63.78047153619809,63.94656397314879,20455051
2022-12-13,64.56941223144531,65.81512436452786,64.32026727042098,65.77359809235061,16409283
2022-12-14,64.90160369873047,65.35836101467905,64.40332011041403,64.69398500893031,16268873
2022-12-15,64.8600845336914,65.19227574097688,64.61094588024253,64.9016108106097,9555282
2022-12-16,63.905033111572266,65.5659827060097,63.65589447401858,64.98465288236456,18672807
2022-12-19,64.73550415039062,64.90160290180297,63.614364506440225,64.11264808863824,12681354
2022-12-20,64.61095428466797,64.90161925284409,63.9880980659958,64.73552045958552,9368946
2022-12-21,63.44827651977539,64.90160743197434,63.24065781803269,64.61094251673855,8618706
2022-12-22,62.36865997314453,63.738944742966105,61.9949488250206,63.44827981264523,15215404
2022-12-23,60.62466049194336,62.36865630738432,60.45856806609942,61.95341890675457,15286836
2022-12-26,61.787330627441406,61.95342306443176,60.08485463619878,60.62466456044793,9571856
2022-12-27,62.36865997314453,62.4517061909476,61.74580383559112,62.2025675375384,5815217
2022-12-28,62.1195182800293,62.41018319612701,61.82884702791162,62.16103821888899,6599386
2022-12-29,62.0779914855957,62.41018267379284,61.53818159677784,62.11951776012781,10191269
2022-12-30,63.53132629394531,64.36180114746094,62.45170644996688,62.45170644996688,15567911
2023-01-02,64.77704620361328,65.23380996125232,63.48980749464588,63.94657125228491,16878293
2023-01-03,65.1922607421875,65.52445187304572,64.52787848047106,64.77702341261943,11509540
2023-01-04,64.8600845336914,66.0227505911804,64.27875467295705,65.52446694826234,11974831
2023-01-05,65.6905517578125,65.81512423808535,65.06769569246784,65.3998868611889,14449439
2023-01-06,66.47950744628906,67.10236351979201,65.60750640897709,65.85665137278612,19075518
2023-01-09,66.52103424072266,67.26846287318432,66.14732309250196,67.14389037843733,16438468
2023-01-10,66.93626403808594,67.10236279082743,66.18883549079814,66.89474410191524,11953196
2023-01-11,69.38616943359375,69.80140681778995,66.93626506522435,67.14388375732246,44099830
2023-01-12,67.7667465209961,69.67684121119906,67.4345553136538,69.55226871644317,16440461
2023-01-13,68.34808349609375,68.47264965624774,67.35150986271941,67.72522735124242,8018070
2023-01-16,68.30655670166016,68.68026785133407,67.89131927490234,68.47264913795516,9367702
2023-01-17,67.7667465209961,68.68026758917219,67.2684628779928,68.34808271785018,8776414
2023-01-18,68.22351837158203,68.84637458373399,67.47608964979547,67.64218210529424,7980164
2023-01-19,69.13702392578125,69.26159640726586,68.01588426445899,68.2235029549268,9857262
2023-01-20,68.84635925292969,69.38616911712664,68.72178677103506,69.0954978806993,9411562
2023-01-23,69.30311584472656,69.42768832531418,68.59721356942282,69.0539772195709,6972772
2023-01-24,69.0539779663086,69.5937878306793,68.68026052050443,69.5937878306793,7069973
2023-01-25,68.51416778564453,69.26159633778276,68.34807536784476,68.8463589572637,8188678
2023-01-27,67.2684555053711,68.97093129639634,66.43798074604553,68.55569391673356,10838959
2023-01-30,67.89131164550781,68.51416771565009,66.77017198645564,67.26845557536554,10783051
2023-01-31,67.89131164550781,69.17855005820968,67.39302805659791,68.51416771565009,21752061
2023-02-01,66.27188873291016,68.0574044075378,65.0676965229296,67.84978571643974,20031377
2023-02-02,65.23379516601562,66.43798103792008,64.9016039936221,66.10578986552656,10817457
2023-02-03,65.15074157714844,65.52445901611134,63.863509516772744,65.52445901611134,11116563
2023-02-06,65.81513214111328,66.10579707263969,64.86008479236625,65.19227600097656,9507602
2023-02-07,65.64904022216797,66.23037008980198,65.31684901093982,65.81513265977188,6876198
2023-02-08,65.81513214111328,65.93970463634469,65.02618356468156,65.60751342773438,6093832
2023-02-09,66.10579681396484,67.01931788205331,65.52446695318679,65.77360560665441,8609974
2023-02-10,66.27188873291016,66.81169226094941,66.02274376918463,66.14731625104739,6286269
2023-02-13,66.02275085449219,66.6456069946289,65.81513214111328,66.43798828125,6470826
2023-02-14,65.7320785522461,66.3134083501128,65.31684117204999,65.98121717875199,5013825
2023-02-15,66.02275085449219,66.2303695678711,65.15074972389266,65.15074972389266,3686045
2023-02-16,66.27188873291016,66.47950742400822,65.7735988054591,66.31340866951798,8603036
2023-02-17,66.8947525024414,67.30998993241057,66.10579758388776,66.35494257627741,9145422
2023-02-20,66.06427001953125,67.22692962047259,65.8566513285032,67.01931092944454,6867570
2023-02-21,65.77359771728516,66.64559873987828,65.60750530156243,66.43798005221511,4633296
2023-02-22,64.1957015991211,65.4414137413859,64.02960284520735,65.3168412599555,9878001
2023-02-23,64.11265563964844,64.69399183403054,63.73894449299015,64.52789306305554,6290065
2023-02-24,64.23722076416016,64.48636572402899,64.02960207627598,64.36179324409457,6103178
2023-02-27,63.821983337402344,64.27874698479042,63.28217348213085,64.23722071283895,6945215
2023-02-28,63.15761184692383,63.98808665708183,62.94999314438433,63.86351416835413,10000095
2023-03-01,63.905033111572266,64.11265181087695,62.99151210183566,63.11608458862244,6694749
2023-03-02,64.6939926147461,64.90161132895514,63.78047153943031,63.94656397638942,5273986
2023-03-03,64.94313049316406,65.15074920488904,64.52789306971411,64.90161055243122,5522499
2023-03-06,65.81513214111328,66.271895844955,64.81856485130265,65.02618356468156,8582554
2023-03-08,65.77359771728516,65.89817019708697,65.19226792623608,65.39988661389926,5969771
2023-03-09,65.35836029052734,65.98121635302672,65.23379414684308,65.85665020934246,6135751
2023-03-10,65.52446746826172,65.81513240093561,64.36180140154586,65.19227625834,6305111
2023-03-13,64.61095428466797,65.52447547151625,64.4863817737293,65.19228422102022,7151999
2023-03-14,64.52788543701172,64.86007660368239,64.15417433451941,64.65245791651566,8316642
2023-03-15,65.27531433105469,65.64903177158774,64.7770307463635,64.98464943465312,8183051
2023-03-16,66.35492706298828,66.8116843275557,65.39987993013804,65.60749859658293,27348566
2023-03-17,65.85665130615234,67.14388338847756,65.48293386081693,66.93626469751999,22904016
2023-03-20,66.93626403808594,67.01931024644689,65.35836073514939,65.77359811297376,18090005
2023-03-21,66.06427001953125,67.3930283749068,65.8566513285032,67.10236347467146,9942587
2023-03-22,66.10579681396484,66.39646174435387,65.69055938883187,66.2718955856302,8162089
2023-03-23,65.60751342773438,66.10579707263969,65.44142099143937,65.89817835926078,7065528
2023-03-24,65.10922241210938,65.7735984180987,64.77703124110492,65.48293351947714,10269895
2023-03-27,64.02960205078125,65.1092217617569,63.73893715506304,64.77703059407058,4845906
2023-03-28,63.86351013183594,64.27874751066969,62.90846289331438,63.86351013183594,7446988
2023-03-29,63.86351013183594,64.40331999152374,63.65589144241906,63.82198385954473,9921198
2023-03-31,64.6939926147461,65.06770376591426,64.11265641334853,64.19570896784842,9748505
2023-04-03,64.3617935180664,64.98464958437027,63.86350993222722,64.15417482929844,11416090
2023-04-05,64.07113647460938,64.98465754996067,63.946563978875034,64.8185651129951,6867318
2023-04-06,64.52788543701172,64.65245791651566,63.86350943968989,64.07112812685662,5063531
2023-04-10,64.61095428466797,64.9431391991429,64.27876303417192,64.52790172002813,5706517
2023-04-11,64.6939926147461,64.8600850517052,64.48637390053703,64.61094639626653,2998570
2023-04-12,64.77704620361328,64.94313865947053,64.40333500992394,64.69399997568466,4182972
2023-04-13,64.11265563964844,64.90161054573409,63.9465632046937,64.7770380515079,6411454
2023-04-17,64.15418243408203,64.32027487037703,63.78047128440812,64.11265615699813,7736935
2023-04-18,64.77704620361328,64.86009243154191,64.11266370814216,64.11266370814216,5096362
2023-04-19,65.23379516601562,65.39988758420257,64.52788654867203,64.73550523941553,7940271
2023-04-20,64.94313049316406,65.69055912257802,64.86008427567812,65.52446668760615,7789377
2023-04-21,64.98465728759766,65.39989471435547,64.65246607898735,65.39989471435547,5001767
2023-04-24,64.98465728759766,65.27532221912406,64.73551229713485,65.02618356468156,7060879
2023-04-25,65.15074157714844,65.48293274422007,64.81855674609633,64.98464916162239,4656411
2023-04-26,65.15074157714844,65.48293274422007,64.90160295385937,65.06769536938542,5090493
2023-04-27,66.81169891357422,67.0608439021078,65.23380177292907,65.23380177292907,17036886
2023-04-28,67.60064697265625,67.7252194543051,66.77017220969,67.22692952770967,11996476
2023-05-02,68.22351837158203,68.68027579221418,67.60066215943007,67.89132712456345,11768608
2023-05-03,68.68025970458984,69.42768825129917,68.47264101583835,68.47264101583835,12067736
2023-05-04,69.17855834960938,70.1751256468728,68.84636713851478,69.0124595760519,15811123
2023-05-05,68.7633056640625,69.30310913430864,68.43111452666714,69.17854300180197,5895640
2023-05-08,69.13702392578125,69.30311634374766,68.43112164539461,68.92940523531344,6051050
2023-05-09,69.75988006591797,70.00902502913266,69.34464268457322,69.55226137524559,7286472
2023-05-10,69.96749877929688,70.2581636791286,69.63530760690935,70.17511747003662,7349573
2023-05-11,69.7183609008789,70.13359832455542,69.59379474259215,70.00903216626867,4455253
2023-05-12,69.38616943359375,69.88445302742527,69.22007067830347,69.63530806249967,4700410
2023-05-15,69.92596435546875,70.21663555743655,69.386160891286,69.59377955782362,7167177
2023-05-16,72.25130462646484,72.7911144914527,70.59035509482197,70.92254626835448,44298431
2023-05-17,72.70806884765625,73.58006355694005,72.50045015458586,72.91568754072664,20861152
2023-05-18,71.42082977294922,72.87416061135225,71.25473735439672,72.74958812942806,16119484
2023-05-19,71.46235656738281,71.62844898714803,70.42426310380095,71.42083029443167,11201198
2023-05-22,72.3758773803711,72.5004498629161,70.83950032503505,71.46235640174044,9226502
2023-05-23,73.91226196289062,74.65969059825875,72.04369354248047,72.62502340553328,27392800
2023-05-24,74.45206451416016,74.65968320698491,73.70463595278711,73.99530085553783,19866440
2023-05-25,74.03683471679688,74.61816458188079,73.5800710113593,74.61816458188079,9684940
2023-05-26,74.9088363647461,74.99188892679913,73.9122689803187,74.07836143238296,9846321
2023-05-29,74.78425598144531,75.11644082244426,74.24444611079245,74.9918746750795,6891927
2023-05-30,74.99188232421875,75.53168591391163,74.57664489459633,74.74273733203715,9269698
2023-05-31,74.74272918701172,75.90539513045805,74.36901807548452,75.07492036171348,17157711
2023-06-01,75.15797424316406,75.69778416515328,74.65969059825875,75.15797424316406,11770478
2023-06-02,74.57664489746094,75.49016597546131,74.49359234271698,75.15797476454652,7123634
2023-06-05,74.11988067626953,74.74273681640625,73.62159703136422,74.65969059825875,9227005
2023-06-06,74.24446105957031,74.57665230347413,73.78769730719993,74.24446105957031,5740801
2023-06-07,75.44864654541016,75.65626527907173,74.32750665084187,74.36903293198256,11403972
2023-06-08,74.78425598144531,75.44863199946292,74.49358474154167,75.36558578921317,10809055
2023-06-09,74.99188232421875,76.11302211699524,74.86730982812796,74.90882976947799,9921823
2023-06-12,76.27910614013672,76.40367862248601,74.90882150633385,75.32405889015172,10813997
2023-06-13,76.32063293457031,77.31720012813675,76.15453417829612,77.10958143480877,19796495
2023-06-14,77.35873413085938,77.64939906335772,76.40368677891882,76.5697792157692,19246845
2023-06-15,77.1511001586914,77.81547611072033,76.90195521666864,77.4832913027154,8742159
2023-06-16,76.52825927734375,77.40025407487042,76.32064056326307,77.234161638014,15146569
2023-06-19,76.32063293457031,77.10958143480877,76.11301424124233,76.5282516278983,6800507
2023-06-20,76.32063293457031,76.90196274148079,75.82234933778709,76.32063293457031,9394894
2023-06-21,76.4036865234375,77.10958888172172,76.15454153297469,76.3621602463536,9499893
2023-06-22,76.4036865234375,77.10958888172172,76.1960678100586,76.4036865234375,9694937
2023-06-23,74.1613998413086,76.7358703731124,73.78768239145371,76.652824162929,18134295
2023-06-26,74.36901092529297,74.70119573203723,73.66310237091376,74.16139225306827,10963542
2023-06-27,74.20291900634766,75.15796625356931,73.82920789640075,74.5351101796447,10668117
2023-06-28,75.28254699707031,75.6977844252549,73.9122622168571,74.4935920819074,14388441
2023-06-30,75.82234954833984,76.36215308367584,75.28253967698414,75.53167830805775,12595671
2023-07-03,79.10272216796875,79.80862445816925,75.8223493473795,76.07148797779277,32972732
2023-07-04,78.60443878173828,80.05776963911214,78.35529381463773,79.72557846165131,11918401
2023-07-05,79.31034088134766,79.47643330166511,77.56634512393558,79.01967597778226,14283796
2023-07-06,81.88481140136719,82.05091015768198,79.72557825743233,79.72557825743233,32778334
2023-07-07,82.38309478759766,84.08557060335745,82.05090994785692,82.59071348044546,37546405
2023-07-10,80.88825225830078,84.25167162418285,80.63910726704121,83.87796047331383,24042759
2023-07-11,81.4695816040039,82.13396401911504,80.47301431735748,81.22044295035245,17508261
2023-07-12,81.30348205566406,82.50766794968587,81.13738329840675,81.5941469608397,14979586
2023-07-13,79.89167022705078,81.96785714912612,79.72557780769262,81.71871852008887,11491737
2023-07-14,80.22386169433594,81.09586273919534,79.55948567846087,80.14081548435402,24048036
2023-07-17,80.84671020507812,81.30347382125007,80.47299912713315,80.88823647419161,19126927
2023-07-18,81.05433654785156,81.71871890041564,80.72214537156954,81.42805399717624,9527821
2023-07-19,81.59414672851562,82.25852908361371,81.13738306738323,81.38652803454994,15283446
2023-07-20,82.00938415527344,82.4661478166221,81.76023918798877,81.96785788205275,8940131
2023-07-21,82.5076675415039,82.92290492856333,81.88481146091476,82.09243015444447,18598910
2023-07-24,82.92291259765625,83.62881495373843,82.63224766703655,82.88139265672217,19073238
2023-07-25,82.21700286865234,83.25509633921614,81.96785790130915,83.00595137187294,11983867
2023-07-26,82.71528625488281,83.21356985226976,82.09243017414421,82.92290494846235,14912431
2023-07-27,81.88481140136719,83.42118846516586,81.46957401460973,83.37966852810192,16349608
2023-07-28,81.58502197265625,82.7413438117557,80.72848630890134,82.39872823928403,27278447
2023-07-31,80.30023193359375,82.3987420475185,79.657830078125,82.22743750000001,25418124
2023-08-01,80.51435089111328,81.15675262694664,79.91477855160818,80.34304637549708,16132927
2023-08-02,80.38587188720703,81.07110304195992,79.65781786956248,80.85696912295572,16780965
2023-08-03,80.08609008789062,80.68566247995663,79.78630389185761,80.42870568400647,8703991
2023-08-04,79.0582504272461,80.42870628713752,78.84411649492404,80.12892008885642,10743670
2023-08-07,79.52934265136719,79.6578243201437,78.8012885747658,79.1867270462462,6947500
2023-08-08,79.10107421875,80.04326222502644,78.75845861605427,79.65782375627442,14652588
2023-08-09,80.42869567871094,80.55717732812744,78.97258121007084,79.18671511414897,9339961
2023-08-10,80.38587188720703,80.77131686232376,80.08608570757087,80.42870128494732,6480305
2023-08-11,80.08609008789062,80.77132128012232,79.95760842249106,80.5143579493232,9294868
2023-08-14,79.3152084350586,80.12892131120485,78.37302042543845,80.08609191014749,6762888
2023-08-16,79.91477966308594,80.04325478416077,78.8441100884725,79.31520078039333,7026509
2023-08-17,79.01541900634766,80.08608864058002,78.80128507950118,79.91478411304237,6856243
2023-08-18,78.28736877441406,79.10107512211633,78.03040543574537,78.92977058623663,7603578
2023-08-21,78.8012924194336,78.92977409447865,77.7306226854739,78.20171998235594,7450923
2023-08-22,78.67279815673828,79.14389537824475,78.50149364065324,79.14389537824475,5274379
2023-08-23,78.20171356201172,78.80128594986459,78.11605476244794,78.67280428536786,6805550
2023-08-24,79.01541900634766,79.87195471373354,78.41584662511708,78.54432175334588,9936618
2023-08-25,78.6299819946289,79.82912677909141,78.50150032919393,78.75845712521492,7021529
2023-08-28,78.71562957763672,79.22954967395754,78.5443185222974,79.01541575591982,6866040
2023-08-29,78.71562957763672,79.14389741371217,78.45866626205202,78.84411123542907,6510089
2023-08-30,77.73062133789062,78.37302316712939,77.602139665073,78.37302316712939,10926964
2023-08-31,76.31733703613281,78.41585362753183,76.18885536158194,77.7306223864935,15918998
2023-09-01,76.2745132446289,77.08821961551965,76.01754989863744,76.53147005577102,14735373
2023-09-04,77.13103485107422,77.51647326441659,76.48863313893817,76.48863313893817,13063008
2023-09-05,78.24454498291016,78.54433120961792,77.43083857686767,77.55932025541375,12849665
2023-09-06,78.24454498291016,78.54433120961792,77.51649085094851,78.330197256991,8805552
2023-09-07,78.54432678222656,78.71563785558142,77.98758376465878,78.33019284166996,7697172
2023-09-08,80.51435089111328,81.32805714256284,78.41584116799703,78.97258411117389,29294769
2023-09-11,81.54220581054688,82.22743706670929,80.60001773446075,81.79916916532018,23997873
2023-09-12,78.41584777832031,82.14177685327358,78.24453671341449,82.14177685327358,21373206
2023-09-13,79.74346923828125,80.08608481182561,78.24453182201714,78.7156290524967,11716054
2023-09-14,81.07110595703125,81.45654441115857,79.78630239680841,80.17174085093572,16430876
2023-09-15,78.75846862792969,80.98546706112622,78.58716407222992,80.81415597057654,35184771
2023-09-18,79.3152084350586,80.00043964288186,78.62998376208445,79.48651950443897,17302409
2023-09-20,78.67279815673828,79.61498606490282,78.28735972812272,79.18671823984181,18228395
2023-09-21,79.44368743896484,79.78630303138569,78.62998112495814,78.71563338935113,15173388
2023-09-22,79.01541900634766,79.95760697750237,78.80128507950118,79.48651625934943,10983768
2023-09-25,78.75846862792969,79.31521823622883,78.62999347857982,79.22956595837894,10885789
2023-09-26,78.8012924194336,79.48652366310758,78.71564014768671,78.97259696292737,8786944
2023-09-27,77.43082427978516,79.14389558449346,77.17386097013954,78.8441094131392,17576586
2023-09-28,76.91690826416016,78.28736407345268,76.65994494092146,77.77344396182409,17116633
2023-09-29,77.90191650390625,78.0732275586644,77.30234414937406,77.60213032664015,7353379
2023-10-03,77.08821868896484,78.28737006442971,76.9169141502624,78.28737006442971,12491467
2023-10-04,76.31733703613281,77.21670222313945,75.97472141561364,77.08822054858858,10554372
2023-10-05,76.7884292602539,77.7306172533244,76.4029842620553,77.473653921192,9293183
2023-10-06,76.87408447265625,77.0882184126915,76.53146886163,77.0882184126915,8500414
2023-10-09,74.90403747558594,75.88905474714053,74.51859905990501,75.76057309696417,10345543
2023-10-10,75.6749267578125,75.84623781638959,74.7755682059654,74.90404333133733,9460129
2023-10-11,76.83125305175781,77.30235032139569,75.9318944481524,76.2316806493542,12124613
2023-10-12,77.34517669677734,77.68778575054984,76.95973170901006,76.95973170901006,9922340
2023-10-13,77.81626892089844,78.15888451615822,77.13104426522779,77.34517819540903,12881848
2023-10-16,77.85910034179688,78.07323427753623,77.25952140081723,77.94475260912279,8631278
2023-10-17,78.67279815673828,79.05824312020223,77.73061024857373,77.94474416110424,13355267
2023-10-18,77.73062133789062,79.22955893944774,77.51648739481104,79.22955893944774,11466227
2023-10-19,77.64495849609375,77.85909241001853,77.17386127151987,77.2166906682442,6724121
2023-10-20,77.34517669677734,77.81626741313893,76.65994551953472,77.55931062280956,8772287
2023-10-23,75.33232116699219,77.34518552943909,75.07536434731887,77.34518552943909,9592121
2023-10-25,75.03253173828125,76.40298765588219,74.34730704690543,75.76058583186463,9057651
2023-10-26,73.83338165283203,75.20384412928271,73.2338092205219,74.98971018419347,10108394
2023-10-27,74.4329605102539,74.94688067074054,74.13317429454082,74.13317429454082,6454064
2023-10-30,75.58927154541016,75.8890577176574,74.30446806305191,74.90404040754639,10175983
2023-10-31,76.83125305175781,77.0882163869874,75.07535871051921,76.2316806493542,29025469
2023-11-01,79.18672180175781,79.65781904445481,77.4736504244577,78.80128335580477,54027867
2023-11-02,81.4137191772461,82.65569330204198,79.9147817339448,80.38587243807316,63995437
2023-11-03,82.14176940917969,82.869823398215,81.71350158800028,82.6556894876253,34490201
2023-11-06,84.79703521728516,86.08183878118341,82.74134820807816,83.08396379875414,63500708
2023-11-07,89.12255096435547,89.33668491041605,84.58290869393129,85.65357842423421,79534919
2023-11-08,88.6086196899414,91.56367191388024,88.26601062181727,90.27886830386747,69412828
2023-11-09,88.18035888671875,89.50799200406823,87.79492038676548,89.16537637363776,32091128
2023-11-10,88.2703857421875,88.99058872358583,87.68521609775563,88.0903298455153,28403392
2023-11-13,89.12562561035156,89.35069032148881,87.82025303312747,88.49544716653922,23502134
2023-11-15,91.55632019042969,91.82640058658568,89.26066429682292,90.02588292802518,35721107
2023-11-16,93.71694946289062,94.66222404867202,91.55632674426909,91.82640715975813,43421272
2023-11-17,92.45658111572266,95.69751846934822,91.37627324346744,94.52717921738011,50796419
2023-11-20,92.59162902832031,93.58191247176796,91.82641031603941,92.72666924070647,16980763
2023-11-21,90.97116088867188,92.90671195012571,90.79110499494428,92.72666292482816,20429383
2023-11-22,91.15119934082031,92.45657179388505,90.34096508410494,90.92613465108988,16652996
2023-11-23,93.4468765258789,93.80697459097475,90.70108413472599,91.82640775922631,18589035
2023-11-24,93.13177490234375,94.79725926274233,92.7266611688808,93.7169445261246,26009963
2023-11-28,97.40800476074219,97.7681096741994,93.7169448517732,94.25709878774404,61127565
2023-11-29,97.72309875488281,98.80340660363262,96.73280854702739,97.85813208465419,36828919
2023-11-30,100.60392761230469,101.27912175735372,96.41772253931474,97.72310200746753,46269884
2023-12-01,100.15380096435547,102.5844972066801,99.56863131537206,101.594213806786,24131009
2023-12-04,104.34001159667969,106.3655941937611,101.81928383960614,103.07964771814292,50645500
2023-12-05,105.9604721069336,108.03107036972551,104.0699297491495,108.03107036972551,47272168
2023-12-06,107.40087890625,107.98604163869213,105.69038579155931,106.95074950072244,31094949
2023-12-07,109.24641418457031,110.28171327471284,107.62595231465306,108.30114647755947,38173544
2023-12-08,106.95075988769531,110.23669937243069,105.64538036383014,109.9666258239426,22610433
2023-12-11,105.78041076660156,108.93131661922374,104.9701764593842,107.94103329637127,28917089
2023-12-12,105.82543182373047,107.0407799120018,105.24026219058354,106.23054556367757,15735665
2023-12-13,107.71597290039062,107.89602192322626,106.27556011241572,106.68067384801087,23660687
2023-12-14,108.12108612060547,108.48119103299018,107.44589198554536,108.48119103299018,20038925
2023-12-15,111.4520492553711,112.48734144628298,107.71597362475298,108.30114325554882,43200717
2023-12-18,111.94718933105469,113.25256881618091,110.91189025483186,112.03721384454579,19345644
2023-12-19,112.26228332519531,113.38760696265088,111.81215387021308,112.53236374555681,22074723
2023-12-20,108.07608032226562,113.79272278531907,107.13080575936972,113.07251294040505,27660494
2023-12-21,111.76712799072266,112.08221718744325,105.64536558973955,106.23053516560886,20805929
2023-12-22,111.36201477050781,112.53235399947427,109.92160201300051,111.85715987547742,12915880
2023-12-26,115.27814483642578,115.68325855871477,111.27198895983268,111.54206935364516,30770511
2023-12-27,113.97277069091797,116.04336195491989,112.93747162470198,115.59323252338513,16455934
2023-12-28,119.95948791503906,120.58966634245537,113.88274087243859,114.33287028300158,54672874
2023-12-29,116.89862060546875,118.87918738634924,115.50321659955512,116.76357353188081,30650133
2024-01-01,117.3037338256836,119.28430059766907,117.03365341658098,118.92420254343907,18629028
2024-01-02,117.52879333496094,118.33902078949959,115.77329135888745,117.93390706223026,17271309
2024-01-03,119.46434783935547,120.49965376929919,117.30373207254601,117.52879678729116,24221613
2024-01-04,118.11396026611328,118.83417010503095,115.9533444862204,118.83417010503095,23880980
2024-01-05,119.46434783935547,121.17484791353465,118.42905564627178,119.55437921999754,21903222
2024-01-08,119.41932678222656,122.5252306956157,119.05922874956146,120.63468168197531,26199907
2024-01-09,118.744140625,121.44491726153701,118.42905825952022,121.44491726153701,15051378
2024-01-10,117.52879333496094,117.93390706223026,115.68325998088999,117.88889137323153,17547639
2024-01-11,119.95948791503906,120.54465065402718,118.02393694436195,118.24900164964346,21653666
2024-01-12,121.8050308227539,122.30017596067634,119.50936790101207,120.13954637797674,24471509
2024-01-15,123.92062377929688,124.23571986790866,121.71499236959363,122.84031591912179,22824583
2024-01-16,129.2771759033203,129.9523700384626,123.78559144275245,124.46078557789474,54350562
2024-01-17,129.72731018066406,130.89763573587874,127.43164728791311,128.7370199173251,43031636
2024-01-18,130.08740234375,131.1226945147176,125.94620618616008,129.45722390329755,26958686
2024-01-19,133.82345581054688,134.40863223193148,129.4572091765726,130.62754828248362,23970656
2024-01-23,125.09097290039062,136.6593053981846,124.10069634068964,136.38922497758952,38167576
2024-01-24,129.1421356201172,130.76260437698028,124.28074308638848,125.09097059638975,40122151
2024-01-25,129.36720275878906,131.3477696155474,127.83676535751492,131.3477696155474,38252600
2024-01-29,132.06796264648438,133.59839985255192,129.1871372462056,129.36718625806196,28420760
2024-01-30,132.96823120117188,137.01939608112076,131.88792331389087,133.59840965734747,41378967
2024-01-31,132.29302978515625,135.12885328741112,131.52781803644064,133.05825527073122,27393172
2024-02-01,134.8137664794922,135.66900966304178,132.38307026529742,133.68844288617422,27883335
2024-02-02,146.6521759033203,150.16319401316238,135.98411570119478,136.74932755845404,94675914
2024-02-05,156.6000213623047,159.5258625715973,148.2726271512411,151.19846836053372,101043319
2024-02-06,166.09776306152344,167.4481513790968,154.25936430554108,158.94070772575668,97077698
2024-02-07,167.853271484375,173.43487399437387,166.59291450164847,169.4287245812136,82890137
2024-02-08,173.2097930908203,177.17094017792814,168.1233362050629,169.15862836298746,83103687
2024-02-09,164.2972412109375,174.51518472071788,160.0210116451734,174.11005724605224,84137345
2024-02-12,157.9053955078125,165.96272313910694,155.8798131118276,164.2972387854421,54071070
2024-02-13,157.05014038085938,159.750916702927,155.1596051975273,157.50026976787063,37121416
2024-02-14,165.24252319335938,165.9627330579028,153.85423991097204,155.7447890882909,52764452
2024-02-15,170.91415405273438,172.26454237423548,165.19750466363553,166.54789298513663,70678699
2024-02-16,168.34840393066406,174.74024722170594,167.5831784180535,171.0491804643111,54056644
2024-02-19,169.6988067626953,171.85942268031414,167.8082575321331,169.7888381496215,30664067
2024-02-20,169.9238739013672,170.7791171418429,165.46759492258437,168.79855023314622,34936800
2024-02-21,164.1171875,171.67935617926645,163.03687965108475,170.68907970811895,22131487
2024-02-22,161.77651977539062,163.39698852466017,157.90540380126347,163.39698852466017,39618423
2024-02-23,158.31051635742188,162.6767633196509,157.59030656603443,161.7765045146314,31342100
2024-02-26,159.79595947265625,160.96629882461693,155.3396805333262,158.3555396953414,36264939
2024-02-27,155.96983337402344,160.56115863908454,154.93454127349926,159.7959331826214,27603342
2024-02-28,150.7033233642578,156.14989205904288,150.07314492763152,155.2946489138458,35971734
2024-02-29,149.03785705566406,151.64860225553826,147.95754917078025,150.7033277049424,52797150
2024-03-01,152.5038604736328,154.66449019345984,150.703342575541,151.19848774488852,33401242
2024-03-04,157.77035522460938,158.85066304082974,153.4941259103903,155.0245631281074,28643745
2024-03-05,158.31051635742188,159.6158888773283,157.1401771635247,158.85066339831803,21719198
2024-03-06,159.66091918945312,160.42613100169547,154.93456003017926,158.625613226734,37730619
2024-03-07,157.18521118164062,160.56118209415988,156.64505034089322,159.66092318415474,17880714
2024-03-11,156.8701171875,159.7959586845409,154.93456599958657,156.60003676347787,22843402
2024-03-12,155.65475463867188,158.3555312748792,154.34938201187705,157.54530377876114,20208400
2024-03-13,147.0572967529297,156.55501715477178,145.61687701874192,155.74478963982907,26725350
2024-03-14,153.35910034179688,154.30436114326528,144.58157656863122,145.16673932543165,25912125
2024-03-15,144.94168090820312,151.87367159557118,138.27977063449575,149.4429753463461,108719847
2024-03-18,144.76162719726562,146.96725865326576,144.1764506971121,146.3370801996743,22670787
2024-03-19,139.76519775390625,143.0511373271281,138.86493883117578,143.0511373271281,50547948
2024-03-20,142.46595764160156,142.73603803379163,139.54011648940437,140.44037530546504,23956154
2024-03-21,148.0925750732422,148.31763977700092,143.86136138995,144.94166922062,26756447
2024-03-22,148.677734375,150.4782519634922,147.23732854632166,149.17287945920717,25141774
2024-03-26,150.7483367919922,151.91867600637616,147.23733288569971,147.95754268969444,21189137
2024-03-27,149.62301635742188,154.34937526416175,148.85780458606553,152.14374385505508,31466480
2024-03-28,151.01841735839844,152.59387029656355,150.07314284812747,150.1181585365898,17007401
2024-04-01,152.3688201904297,154.16933800656474,151.91869073639592,152.9989986787048,14548989
2024-04-02,156.8250732421875,157.095153617555,152.41381081299957,152.50382844688306,29081495
2024-04-03,156.37496948242188,157.72535784364635,155.87982433593407,156.82509893616336,18996701
2024-04-04,152.72891235351562,157.50028712915633,152.18876527167683,156.64504394693304,17913673
2024-04-05,151.24349975585938,152.00872533865427,148.18262489840188,151.96370964492615,26551221
2024-04-08,153.3140869140625,154.70949089724408,151.91868293088092,152.14374764633408,14541348
2024-04-09,152.0537109375,153.80922664601005,151.24348348500277,153.49413056067243,10074537
2024-04-10,155.789794921875,156.82508709254964,152.05371249585747,152.1437438745508,26458888
2024-04-12,153.17904663085938,156.14990375386768,152.81894856492048,155.6997743030137,23635268
2024-04-15,149.8030548095703,152.99897621127087,146.42708440006805,150.16316656203247,30165832
2024-04-16,152.1437530517578,153.7642218079652,148.99284692346697,149.8030744331404,19347109
2024-04-18,152.1437530517578,157.6353377986661,151.28850985002242,155.11461014866128,29756025
2024-04-19,150.0281219482422,150.7933474149422,146.02197307772445,147.19231225279432,28613815
2024-04-22,153.854248046875,155.0245874215387,151.69363207585073,152.99900479738045,19022799
2024-04-23,151.33352661132812,156.37496821009734,151.198479534188,156.37496821009734,19730937
2024-04-24,151.91868591308594,153.58417033487726,150.83837800507607,152.50384869000703,17496649
2024-04-25,153.22406005859375,153.94426991668718,151.91868741778342,152.5488658922925,14757776
2024-04-26,154.4394073486328,155.38468188167263,152.90897006206632,153.67418183691967,17306072
2024-04-29,159.12075805664062,160.24608166383044,155.0245773790976,155.74478723507116,40527426
2024-04-30,152.0087127685547,161.86654445795043,151.10845391588185,161.59646405477656,67530236
2024-05-02,156.10488891601562,157.18521059346799,151.46856104158223,154.84453194146892,60555113
2024-05-03,153.71920776367188,157.45527671823498,152.50385274927336,157.36525907000666,30968452
2024-05-06,149.6680450439453,154.84453381990133,148.6327527834985,154.70950047701206,28686100
2024-05-07,144.0414276123047,151.4235480300631,143.59129815101625,150.79336953163147,40995072
2024-05-08,146.87722778320312,147.9125337162149,143.7263217674335,145.3918061562272,28458714
2024-05-09,140.9805450439453,146.74219633792976,140.4853999162919,146.74219633792976,27225782
2024-05-10,143.0961456298828,144.1764535339905,140.03527094543432,142.69103188294997,24021566
2024-05-13,142.4209442138672,144.67159128974012,139.31505399653446,143.90637952605908,28720880
2024-05-14,143.4562530517578,144.6715942555281,141.38565495213524,142.4209471335166,17592865
2024-05-15,145.66189575195312,146.3821056340822,143.8163622217664,144.58158779718997,17906679
2024-05-16,146.60716247558594,148.00255273461053,145.07671140708376,146.78721150221554,23017120
2024-05-17,147.68746948242188,148.18261460531525,146.42709882988783,146.60716159229278,13305287
2024-05-21,150.25318908691406,151.60357729465815,147.23733033173448,148.5427028518486,26148240
2024-05-22,150.29820251464844,151.42352600418138,147.86750652462908,151.42352600418138,20053145
2024-05-23,151.198486328125,152.45885708709616,150.07316265236213,150.79337255222262,17423296
2024-05-24,151.96371459960938,153.44913638304124,150.61332616490347,151.15347329666892,17579600
2024-05-27,152.0537109375,153.44911487178712,150.16317563605324,152.23377369304126,14367479
2024-05-28,150.38824462890625,152.86395648268788,149.26292105900552,152.23377803091546,12934677
2024-05-29,148.5877227783203,150.2531933732676,148.0925776739837,149.44296592025103,12374782
2024-05-30,145.7969207763672,148.76777778510592,145.25677369823478,148.27263266083946,13980050
2024-05-31,146.20204162597656,147.41739665035743,144.9867003384565,147.10230053681843,34520338
2024-06-03,157.81536865234375,158.80564507934113,151.24347673722355,153.7642040968824,62214295
2024-06-04,139.08998107910156,159.34580356634936,134.13855780444098,159.34580356634936,88989411
2024-06-05,143.36624145507812,143.95140429280312,133.05827896125334,142.6910472253054,36919071
2024-06-06,147.28236389160156,151.33352900642953,145.97697747622385,147.6424619626197,35722401
2024-06-07,147.82249450683594,148.13759058646988,145.30176708034236,147.3723650998499,33444357
2024-06-10,148.7317657470703,149.80306220427323,147.73247790705562,149.17288377743048,19825323
2024-06-11,150.9553985595703,152.14374684459366,147.91253296374325,149.352938892937,28559865
2024-06-12,151.9997100830078,154.1603396951293,151.70262299620885,152.1437548045214,28047986
2024-06-13,152.09872436523438,153.22404788633978,151.28849692478224,153.0439988703348,17279580
2024-06-14,153.3681182861328,154.93457383519373,152.28781027227018,152.32381458675889,22000973
2024-06-18,152.67489624023438,154.75449200171326,152.14374681152574,154.75449200171326,17723479
2024-06-19,150.1181640625,153.3140857449357,149.48798561140873,153.04400534107947,18053095
2024-06-20,152.11672973632812,152.7919238327833,149.5329913896878,150.6583148837798,15794096
2024-06-21,150.00112915039062,152.5938791026198,149.67703540636197,152.3148010496513,19269862
2024-06-24,149.71304321289062,150.96440241234632,148.2816349983708,150.00111888962135,13445384
2024-06-25,147.9755401611328,150.4692609778416,147.6874644773958,150.32521626754328,14775324
2024-06-26,147.88552856445312,148.75878076814772,147.64245482299685,148.6777470297555,10441389
2024-06-27,147.26434326171875,148.43468250558956,146.00397263875794,148.0925797492794,24654739
2024-06-28,149.10987854003906,150.0191350382621,147.46240318706978,147.55242083044814,15335579
2024-07-01,150.93739318847656,151.1984621953654,149.10085755011838,149.44296028874294,19014104
2024-07-02,151.51358032226562,152.78294870752939,150.35223861256094,151.2434998965068,31012683
2024-07-03,152.42282104492188,152.86395281902003,151.01841946124244,152.50384104316655,20184032
2024-07-04,153.19703674316406,154.21433357230495,152.30577559522882,153.13402577099072,26156046
2024-07-05,154.19631958007812,154.79049365955004,152.78292046760427,153.85421685489274,26431264
2024-07-08,153.10702514648438,155.5737255383755,152.81893572844365,155.0335784848384,30322381
2024-07-09,154.5474395751953,155.4747051184107,153.4941383388301,154.20533680656274,28600182
2024-07-10,154.75448608398438,155.2856492292416,150.52327236585293,155.11459785507907,34673112
2024-07-11,157.04115295410156,158.26550551589216,155.06958391284192,155.6547466592786,55143055
2024-07-12,156.66598510742188,158.73873949462384,155.7937495677306,158.02594439838765,35355791
2024-07-15,159.16079711914062,159.7423018182401,156.0657403975217,157.09743074177587,32915517
2024-07-16,160.13621520996094,161.599329282427,158.73874635298063,158.97322012898206,33837471
2024-07-18,159.07638549804688,160.99907327919234,158.18538803199698,159.44216400773652,22673600
2024-07-19,155.21226501464844,160.28626662145248,154.893369804665,160.28626662145248,26361146
2024-07-22,157.7445831298828,158.50427589022453,153.7022574369033,155.21226915836243,17140562
2024-07-23,155.5217742919922,158.8325428914134,150.68223208092863,158.8325428914134,21714840
2024-07-24,158.30731201171875,158.73875006655777,155.2779147620297,155.52177665390806,16076455
2024-07-25,165.8667449951172,166.5326424650852,156.19703502701992,156.52530401834005,75894556
2024-07-26,165.58538818359375,167.80819506373675,164.64749305291483,167.2642141706057,27261949
2024-07-29,169.18690490722656,170.41554525937693,166.9453360795037,166.9453360795037,42913186
2024-07-30,171.58790588378906,174.4203530962275,167.23607318713658,168.82111819777643,75819147
2024-07-31,170.3874053955078,173.36991933049822,168.89615558358452,172.103755189118,32726809
2024-08-01,168.56787109375,171.1564705565501,166.82338575144053,170.6968968361338,26184112
2024-08-02,166.2794189453125,168.1552091787404,163.79400261047803,166.94533077508265,27097002
2024-08-05,159.99551391601562,164.01909171414948,156.6191003064267,161.31794937756413,37579908
2024-08-06,156.6378631591797,163.56890771468855,155.9532037098174,161.31796508906623,18084781
2024-08-07,161.5242919921875,161.78690146997195,158.56992821154094,160.60515881994195,15591095
2024-08-08,159.65786743164062,161.43048847124484,158.69183669271646,161.30857184855373,14932165
2024-08-09,158.58868408203125,162.25585747465908,158.3167007912603,161.41175758219646,14137851
2024-08-12,158.6543426513672,160.38006624529703,157.3694165995785,157.56638087257252,11563339
2024-08-13,153.92733764648438,158.21352507867167,152.88627352376497,157.85712036477784,16620160
2024-08-14,153.57095336914062,155.35294838740043,152.97070105982894,154.7620698773544,14369897
2024-08-16,156.7879180908203,157.05052756713056,154.61200895694373,154.98716126277458,10622879
2024-08-19,159.51719665527344,160.20185605540107,158.8044015476846,159.44216333166253,11457875
2024-08-20,161.53367614746094,162.63101174523055,160.40820484034936,161.3085904727251,15526789
2024-08-21,163.090576171875,163.9909617526618,161.42112406123198,162.2558501165535,15640289
2024-08-22,162.9967803955078,164.5912134876533,162.6310018850947,164.01909691381297,11809546
2024-08-23,162.37777709960938,164.59121002431814,161.94633907302807,162.81858892482438,13815705
2024-08-26,162.68728637695312,163.5407600206783,161.6931055738285,163.19374342170372,8952470
2024-08-27,162.4903106689453,163.7846103637959,161.08346815233108,162.06826077618948,11132430
2024-08-28,162.9592742919922,165.5384858275489,162.47156483087582,162.4903267400728,14449023
2024-08-29,165.85736083984375,166.2887988691957,162.40591384960055,163.09057324397563,21375638
2024-08-30,165.9792938232422,167.6768816320512,165.18207727900415,166.94532461290856,22288432
2024-09-02,167.62998962402344,169.9465916991948,166.01680888395728,168.11769909014996,26940504
2024-09-03,165.1914520263672,167.7987989987875,164.69436881795812,167.50805383663982,11874065
2024-09-04,166.03558349609375,168.53976192331623,165.172721643021,166.0074477854285,23923887
2024-09-05,170.077880859375,172.57268506730477,166.86090778426217,167.55494094551042,46162315
2024-09-06,165.6697998046875,170.0310065561903,163.85028091203054,169.84343038719507,31875186
2024-09-09,164.45053100585938,166.20440465556104,162.86548592376138,164.60059766347504,15121584
2024-09-10,164.64749145507812,165.7635889395378,163.70959633350108,165.17271043337826,14875095
2024-09-11,159.1983184814453,166.84215777663496,158.58867808337638,165.99805791610063,29731172
2024-09-12,162.4997100830078,162.91238624271708,159.50783654740434,160.83964595573786,18368650
2024-09-13,162.43405151367188,165.06953440385968,161.74000400109864,162.49032292879937,15061240
2024-09-16,161.14915466308594,163.29692830127522,160.93342847038443,163.00618308892786,8492383
2024-09-17,159.92050170898438,161.27107305559608,159.48907794118296,160.68020882481198,6417946
2024-09-18,157.98843383789062,160.43634073142462,157.19123155372463,160.0049169802628,10726650
2024-09-19,154.7902069091797,159.38590166109762,152.11721435894574,158.4011089063192,19197503
2024-09-20,156.67538452148438,157.3319082510633,154.75269664039013,155.1278489683941,20652037
2024-09-23,159.18893432617188,159.62974617639918,156.62848466187347,157.1443298388569,9393577
2024-09-24,159.33900451660156,160.33317107368643,158.31670225025158,158.6637188719507,10027795
2024-09-25,159.27334594726562,160.3237838348255,158.03531759880474,159.0670078891888,8749024
2024-09-26,160.7176971435547,161.22415417618265,158.1384857431663,159.63912355512213,11349547
2024-09-27,168.8304901123047,169.52453763138254,160.8490080430545,160.94280327657486,52095985
2024-09-30,168.96180725097656,171.12835709067397,165.22898852347458,168.5491454021786,33375167
2024-10-01,167.9394989013672,170.07789864285914,166.26067292343436,168.8211226092206,17390545
2024-10-03,160.6895751953125,165.25711992315163,160.1268323898604,162.46219642799937,25392543
2024-10-04,158.17599487304688,159.90173264604314,155.31542641195583,158.9732113920956,25223563
2024-10-07,152.633056640625,160.1831008908825,152.03280433760858,160.1831008908825,19798152
2024-10-08,154.03988647460938,154.75268155278056,150.77600143238263,151.9858940478533,14948163
2024-10-09,154.5088348388672,158.72936254064484,154.24622537120354,157.36940327671348,20278252
2024-10-10,154.18057250976562,156.81605540984225,153.82416779776324,154.91212953145438,10145184
2024-10-11,153.017578125,154.5088421937499,152.50174727469798,154.18057318797284,8750905
2024-10-14,155.19351196289062,155.69996904812118,152.73623124395462,153.95548349276928,14345120
2024-10-15,157.50071716308594,159.11389787884497,156.15953404037631,157.56637668938873,22551022
2024-10-16,157.93215942382812,160.98969237733243,157.20060237169432,157.80085467885908,21433632
2024-10-17,154.07740783691406,158.1291215896414,153.81479835047548,157.56637879804805,13215492
2024-10-18,155.08094787597656,155.66243821104024,151.69514626835104,153.15826021537728,11701011
2024-10-21,150.17576599121094,156.32835585071777,149.8287493672348,154.8464941158847,20627025
2024-10-22,145.66448974609375,150.75726772265654,145.2424398015738,150.0632201773246,15190259
2024-10-23,143.44168090820312,145.88019961593233,140.8249455280323,145.27994731590658,16503290
2024-10-24,143.75119018554688,144.7547305300828,143.04776883998792,143.44168307616368,8648491
2024-10-25,137.2234344482422,144.38895268297648,136.41684406242274,143.96690273588183,20505003
2024-10-28,137.88934326171875,140.43103099894043,135.99479112989243,139.3712192548162,21349891
2024-10-29,135.16943359375,136.08858107103038,131.83052941741434,132.25257933882432,35275184
2024-10-30,134.494140625,136.40745448688887,133.41556707259588,134.68173107858536,17388536
2024-10-31,133.76260375976562,135.43205600741376,132.80596099615454,134.49416084306563,18657930
2024-11-01,135.98541259765625,136.4637339357287,134.11899623923853,135.33826270364204,4076745
2024-11-04,130.30177307128906,135.6008895300311,127.89138985269837,135.6008895300311,46651179
2024-11-05,132.05563354492188,132.33700493843472,129.120017288958,129.42015059167665,18594095
2024-11-06,135.62899780273438,136.1260810125353,132.59021282203824,132.8153127761742,18107864
2024-11-07,135.19757080078125,136.68883486264818,134.23154000796202,135.67590645334252,14637973
2024-11-08,131.62420654296875,135.42268489621563,131.30532561543458,134.87870397275717,15316464
2024-11-11,130.77072143554688,131.9618523518493,129.120031028378,130.17985718855502,17669364
2024-11-12,130.1704559326172,133.14359602312783,129.89847264780298,130.9301629925679,10561738
2024-11-13,127.54435729980469,130.64878773014235,127.0847835578055,129.65462123342138,12503679
2024-11-14,126.39073944091797,128.34156298040787,125.44347053505746,127.08478697196475,17425507
2024-11-18,125.80924987792969,127.38492110947118,125.04955712622764,126.73777119175648,12693551
2024-11-19,124.85260009765625,128.19150460362818,124.41178822411163,126.48454284085193,12696762
2024-11-21,122.59226989746094,125.11519559383864,121.45741057510725,124.85258612127038,15787410
2024-11-22,124.37425994873047,124.833833663402,122.6110127205908,123.32382209935825,12070416
2024-11-25,127.92889404296875,129.39202251328302,126.78466080338322,127.33802982400825,22201129
2024-11-26,128.45411682128906,129.19504763970633,127.68503598413952,128.7729977147272,9265539
2024-11-27,130.36741638183594,131.0708376932487,126.85030982477201,129.56082603897022,18242345
2024-11-28,129.19505310058594,132.33700748483994,128.7261055394223,130.55499816573177,17331637
2024-11-29,130.02040100097656,130.61126517652949,128.3696964822424,128.4916274235971,14012364
2024-12-02,129.10125732421875,130.0391524426254,128.37908838706915,129.63586441105954,16069119
2024-12-03,130.84573364257812,131.07083360722447,129.35448394354586,129.42951726509463,13089770
2024-12-04,131.17401123046875,132.33700632396446,130.50809940255454,130.84574221607627,12745610
2024-12-05,130.78009033203125,131.67108778276977,129.48579056099746,131.67108778276977,14056789
2024-12-06,133.1436004638672,134.6254621922906,131.58669109571022,131.91494580825196,20687458
2024-12-09,133.49061584472656,134.2596824111131,132.53395880303913,133.14359922547908,16119047
2024-12-10,134.62545776367188,135.46957194917732,133.11544606444943,133.2749008269217,13694082
2024-12-11,134.29721069335938,135.46957964722816,134.0627369025856,134.57858210451678,9714837
2024-12-12,132.6934051513672,134.29721219509733,132.12128852303593,133.4155884421464,14929334
2024-12-13,135.281982421875,136.08857270904673,132.13065459189505,135.75092993043666,36825429
2024-12-16,134.26907348632812,135.94789951264661,133.36868784289217,135.3570352980628,12428446
2024-12-17,131.60543823242188,134.30656620270963,131.30530495175518,134.1189900578642,11896291
2024-12-18,128.2196502685547,131.95246890065002,127.86324553750569,130.50810237776813,12013629
2024-12-19,130.94891357421875,131.58668970491615,125.24650946198811,125.67794751903142,18879012
2024-12-20,128.56666564941406,132.85283893543942,128.11647999584426,131.0051843914657,19545043
2024-12-23,129.2231903076172,131.11774248380462,128.74486894169624,129.50456170980644,12517478
2024-12-24,129.68275451660156,130.79885193263223,128.8761641890524,129.3451117210893,7802858
2024-12-26,129.2888641357422,130.94892840108966,128.59481650839896,129.71091413013315,8620779
2024-12-27,127.78820037841797,130.17044750508347,127.64752184557771,129.47641432821462,6146307
2024-12-30,126.25006103515625,128.33218931939263,125.77173968218331,127.78820843952386,29229520
2024-12-31,127.93828582763672,128.71674054978428,125.88429307937847,126.16566449756291,8243910
2025-01-01,128.52914428710938,128.8292776026559,127.2723682283326,127.36616346722693,4144374
2025-01-02,129.39199829101562,129.6264720370183,127.22544885659191,127.93825820357073,10625223
2025-01-03,129.56082153320312,131.14586645624604,128.61355268545552,129.1669073298484,14567050
2025-01-06,124.62750244140625,129.87970628718804,123.84904780997118,129.56082539560543,19711596
2025-01-07,125.9874496459961,127.81634221636538,124.92762361061703,125.19962120201292,13658286
2025-01-08,126.2406997680664,127.0847997244349,124.8244688555469,125.81863547873714,14259056
2025-01-09,123.98973083496094,126.42826384847055,123.80215467495489,126.27819719600824,9734279
2025-01-10,122.18897247314453,124.74004828982797,121.69188921507654,123.98972934766046,12948066
2025-01-13,114.413818359375,120.41634827907677,113.6353708842457,120.078705479148,30291583
2025-01-14,118.7656478881836,119.3002477817332,115.098481954852,115.36109142458567,17430438
2025-01-15,119.06578063964844,120.86653752273345,118.38112122056643,120.29442093661189,11472116
2025-01-16,119.20646667480469,120.3038093882865,118.69062865927086,120.00367608468191,11843193
2025-01-17,120.11622619628906,120.51014040084867,118.45614794689,119.112671621156,24617689
2025-01-20,122.39531707763672,123.03307891030121,118.93448168427908,120.84779580456109,8234561
2025-01-21,122.93928527832031,125.35905623266795,122.53598296369098,123.52077563167963,20272605
2025-01-22,122.41407775878906,124.36490136858323,120.4632541489949,123.98973472565505,9202153
2025-01-23,121.76692199707031,122.57351235185118,120.83840070027753,122.30151475984668,7058477
2025-01-24,120.29441833496094,124.50557241459224,119.95678268780998,122.8548822185836,12630632
2025-01-27,116.45843505859375,120.02243936842288,114.89215192922242,120.02243936842288,18934026
2025-01-28,114.96717834472656,118.03409204707918,114.27313084727321,116.45842805769094,19861475
2025-01-29,115.96134948730469,116.6647708116723,115.26730911748871,115.5392995549128,12017314
2025-01-30,119.22523498535156,120.51952772656472,116.16769476865049,116.67415901231794,17776744
2025-01-31,120.51013946533203,120.84778225392526,118.31546133947603,119.22522067787605,9686000
2025-02-01,117.63079833984375,121.69188572332342,116.87110562048682,120.84778588206974,10535114
2025-02-03,113.44779968261719,116.48657805069853,112.64120925843937,116.40217091949431,26047332
2025-02-04,116.73042297363281,116.9367610399698,114.89214944124156,115.07972559850877,14405748
2025-02-05,118.57807922363281,120.50075990871011,117.66831982065948,117.69645552911071,11469878
2025-02-06,118.19353485107422,120.25690832073012,117.5370111572033,120.09746787444313,9804040
2025-02-07,117.34005737304688,118.87820477560702,116.7022884142606,118.20291915388368,8892600
2025-02-10,115.52991485595703,118.7562761822709,115.22978872017701,117.23688359487556,12773729
2025-02-11,112.98822784423828,116.05514178142505,112.54741598673206,115.52992279660334,14532810
2025-02-12,112.94132995605469,113.67288701333263,109.9963398172029,113.19456564854136,14799271
2025-02-13,112.62244415283203,114.42320100874724,112.50051321153552,113.4853059185116,10136689
2025-02-14,109.96819305419922,113.71039224711052,108.79582425831222,113.01635192350538,12351973
2025-02-17,111.09367370605469,111.42194272134292,107.29520277692801,109.96820242829239,12518983
2025-02-18,111.60951232910156,111.84398609449883,109.08657232364405,111.09366718299898,8678689
2025-02-19,112.42549133300781,112.7068555774731,110.57783678984072,110.77479390763801,9158990
2025-02-20,115.16414642333984,115.31420592656764,111.59076818863886,112.39735143518607,9940851
2025-02-21,113.7948226928711,116.02701062145397,113.32587510787343,114.42321073943062,9657933
2025-02-24,112.75375366210938,113.77605591903163,111.98467994180989,112.78188937111503,8764985
2025-02-25,111.28125,113.21331152860657,111.04677623563235,112.75374495400597,7607411
2025-02-27,109.18975067138672,111.60952185413295,108.88024355731108,110.91548145288591,10709253
2025-02-28,106.44171142578125,108.9927872074496,105.90711151238543,108.79583009783762,24161878
2025-03-03,107.44525909423828,108.18619707313539,103.84374538754885,107.57656383423812,18881646
2025-03-04,110.70913696289062,111.09367022778403,104.9598426537822,106.07593294187373,14145658
2025-03-05,114.65767669677734,114.96718379906294,110.43714872020885,110.70913915958967,19577861
2025-03-06,118.02471160888672,119.0001233356839,116.2520905075218,116.86172373121647,19384187
2025-03-07,117.08682250976562,118.45615567208766,116.01762265304876,117.94031049754362,14763396
2025-03-10,114.03865814208984,117.64955988653672,113.57909156128756,116.29898869577069,12727300
2025-03-11,117.06806945800781,117.47136464881343,112.86629614088002,113.66351272323372,18090217
2025-03-12,117.50888061523438,119.86299937343557,116.46781645806686,117.23689017136816,14079943
2025-03-13,117.86528015136719,118.6155991232082,116.60850410244136,117.23689212690428,10882226
2025-03-17,116.40216064453125,118.17478179907158,115.50178221330216,117.6401818819177,13126112
2025-03-18,116.40216064453125,116.40216064453125,116.40216064453125,116.40216064453125,0
2025-03-19,119.81609344482422,119.95677913438644,117.52762721762163,117.52762721762163,11273526
2025-03-20,121.18543243408203,122.86425836986636,119.50659218715417,120.42572538005282,13947925
2025-03-21,123.34258270263672,125.16210153441668,120.7539973103642,121.23231867197016,42928510
2025-03-24,125.36843872070312,125.9874529333316,123.21127708681661,124.74005070890529,13965745
2025-03-25,122.89238739013672,125.89364869116918,122.34840654320853,125.67793683655475,12380949
2025-03-26,121.0728759765625,125.0214206755209,120.89467361637799,122.77046383113105,16379725
2025-03-27,122.26400756835938,122.81736225065012,120.5382839941931,121.03536725945682,13141045
2025-03-28,119.76919555664062,123.1174877694141,119.58161940803306,121.92635704348469,15396398
2025-04-01,123.08936309814453,123.33321068208203,119.3471563444482,120.05057769814829,12740476
2025-04-02,123.1550064086914,123.33320877198527,120.05057583889061,122.69544695719021,8531198
2025-04-03,122.92052459716797,124.92761945840206,121.81381529280529,122.0201533514395,9909642
2025-04-04,122.05767059326172,125.91242011676832,120.87592789166361,124.65564408807994,21497796
2025-04-07,120.13497924804688,121.56058379914185,114.75146340791251,114.8452514862702,24739154
2025-04-08,122.84548950195312,123.53953699017396,120.23814241081443,121.43864692855558,12634136
2025-04-09,123.44574737548828,124.2710996356532,120.78212875004755,123.8021520898583,14769184
2025-04-11,123.6427230834961,124.3649063779711,122.92053978902109,124.27111113567497,10020795
2025-04-15,124.61812591552734,125.11520920777284,123.80216170205729,125.11520920777284,10142685
2025-04-16,125.51850128173828,125.81862026795399,124.09289674156959,124.73067284288584,9200167
2025-04-17,125.95931243896484,126.42825998020362,124.64625073681032,125.20899351075414,10404917
2025-04-21,130.06727600097656,131.02393293950496,125.96867929597826,126.77526959490564,20249817
2025-04-22,129.7202606201172,130.7706984847645,128.67919655385333,130.50808901860265,12648948
2025-04-23,129.10125732421875,130.53623571048942,127.338024233192,130.32052384037615,12689457
2025-04-24,129.79530334472656,130.6769270354933,128.78237491136542,129.101255813217,8177419
2025-04-25,126.28756713867188,130.8363640134164,124.5712317314417,129.8046736981723,14663542
2025-04-28,128.0133056640625,128.81989601187905,125.34967273869458,125.49973938739146,10943944
2025-04-29,127.3473892211914,129.66399114826152,127.11291545781299,128.77299370965213,15222917
2025-04-30,129.2982177734375,131.21151746151938,127.97578226090587,128.02267987766848,39902398
2025-05-02,134.10023498535156,135.1412991001224,129.5326905098514,131.10834738023794,45858781
2025-05-05,139.3336944580078,140.4404181232973,135.76031639904897,135.99479017521313,47549493
2025-05-06,135.13192749023438,140.49668859779223,134.70987755819735,140.0277410486081,18018626
2025-05-07,135.5164794921875,136.1261056337488,131.30532498875047,131.30532498875047,19316740
2025-05-08,132.2338409423828,137.29846897399298,130.8363720317522,135.56335724051212,12047287
2025-05-09,131.2959442138672,132.1025345969651,129.0637492280777,129.42952775581142,15348575
2025-05-12,133.50938415527344,135.47895544006337,132.90913181450725,135.05690547269015,13526883
2025-05-13,132.89035034179688,134.1002286449866,132.24320047522045,133.50936450209977,9484801
2025-05-14,134.55979919433594,134.97247529147742,133.13419476179507,133.1717185767037,9987794
2025-05-15,135.9947967529297,136.9326919029499,134.65361355775005,135.05690160290948,10181275
2025-05-16,135.732177734375,137.7298988433466,135.46018014570865,135.99478721306738,14529013
2025-05-19,135.70404052734375,136.76386654037725,135.15068586843762,135.9947857104591,6802870
2025-05-20,133.1060791015625,136.75449069361446,132.6089958127307,135.99479790544302,11330045
2025-05-21,134.48477172851562,134.70987169433715,131.82115319977035,132.80594587241814,8705960
2025-05-22,134.3909912109375,135.24447924141182,133.05918180076324,133.7344674610128,7157328
2025-05-23,135.11317443847656,136.3980862279074,134.1190078588167,134.38161735868366,9699995
2025-05-26,134.66297912597656,135.7321789591991,134.0252030211518,135.11316476334832,5996548
2025-05-27,134.5035400390625,135.16943754737366,133.65005206139946,134.66298048909678,4970656
2025-05-28,135.24447631835938,135.47895010334653,133.8470217189682,134.48478354478405,6390053
2025-05-29,134.77552795410156,135.83535403556363,133.76259949158936,135.29137314026204,7054326
2025-05-30,133.15296936035156,135.43204759886746,132.44017423171417,134.77552388681414,28315951
2025-06-02,134.47540283203125,134.58794566347314,132.67464597324394,133.15296731801538,7051525
2025-06-03,132.2807159423828,135.0568916793616,131.86805412805617,134.96309644679366,7002799
2025-06-04,131.93370056152344,132.61835996994014,130.46121271236885,132.24320765848688,11904779
2025-06-05,130.59251403808594,132.86221837866535,130.39554977747954,131.92432331341055,9478214
2025-06-06,132.036865234375,132.31823661424656,130.5925131407105,130.5925131407105,5702365
2025-06-09,134.4191436767578,134.57858413955762,132.0837795333248,132.24321999612462,9972191
2025-06-10,133.3592987060547,134.49414369599012,133.181096357765,134.25966993479688,7906157
2025-06-11,136.13546752929688,138.05815533930507,133.35930605796287,133.5562560139829,28652440
2025-06-12,134.10963439941406,135.7790866432936,132.71216545567796,135.69466520222304,30425949
2025-06-13,131.62420654296875,134.2972135388837,128.50101386634998,130.3674304324672,23705826
2025-06-16,133.04043579101562,133.36869051432743,130.27363358639784,131.30532399942257,15176810
2025-06-17,132.88096618652344,134.55980637022998,132.43078056160778,132.52457579273906,9983651
2025-06-18,132.0743865966797,133.26550299521142,130.83635827270777,132.26196274272743,9045315
2025-06-19,130.0579071044922,132.42140667828858,129.7390262166784,132.01810435805342,5943647
2025-06-20,130.03915405273438,130.5174897281764,128.49163281265993,129.70151123348163,33690253
2025-06-23,131.23028564453125,131.4647594284111,127.92889076038279,128.49163356615202,14001242
2025-06-24,133.96893310546875,136.27616135622765,133.33117130464615,135.43204717666748,25393037
2025-06-25,133.162353515625,135.05690578444396,132.87160829989998,134.40975582111034,15297425
2025-06-26,137.19529724121094,137.8236852553386,133.19048106490376,133.27490250231614,24194161
2025-06-27,138.07691955566406,139.08984799412366,136.93268637394917,137.19529586045977,19189378
2025-06-30,137.8330841064453,140.21533160401785,137.32661268707926,138.1144412159321,10645295
2025-07-01,138.0018768310547,138.99604329244565,137.11087939741995,137.4109983710744,9899904
2025-07-02,138.72406005859375,139.69946461213297,137.88933403787274,138.80846717828467,7881728
2025-07-03,138.6865234375,139.5118755835427,138.33950688115996,138.7990805645049,8006482
2025-07-04,142.2036590576172,142.55068999712145,138.67717842097457,140.40290207436493,22612766
2025-07-07,144.2013702392578,145.27994386943558,142.38185147296002,142.57881573897038,24354631
2025-07-08,144.26702880859375,145.3456024316214,143.33850752266036,145.18616198454777,13876094
2025-07-09,140.9187469482422,144.1826180784255,140.76868028886392,143.92939669076205,12440150
2025-07-10,142.86956787109375,143.16968687300135,140.68427048554764,141.38769183797538,14545796
2025-07-11,141.29388427734375,145.37373349007058,140.92810577842735,145.37373349007058,12767735
2025-07-14,140.77806091308594,142.1849035698677,140.32786095889242,141.29389177165774,8021902
2025-07-15,141.997314453125,142.46626200985415,141.19072408310515,141.2001121933717,4853043
2025-07-16,142.59756469726562,143.1978169887785,141.27514348282585,141.80973624799438,7218210
2025-07-17,141.5846405029297,143.00085685099194,141.26574531518656,142.9070616232188,6727858
2025-07-18,140.74053955078125,142.19427985038757,139.37122068852423,141.16258949295243,9017783
2025-07-21,141.6878204345703,141.80973706668817,139.81203022387035,140.2340801590491,5030900
2025-07-22,142.54129028320312,142.97272831700275,141.29388810918658,141.90352849800902,11381024
2025-07-23,142.88833618164062,143.12280997628648,141.35956246098337,142.5694409444523,7597121
2025-07-24,141.82850646972656,143.2634849118407,141.35018509273664,142.57882545587995,5879844
2025-07-25,137.8330841064453,142.31622199210358,137.47667935290218,141.6221743960314,11646131
2025-07-28,138.3957977294922,139.40872614797345,137.5892073765058,137.83306925998707,6023438
2025-07-29,138.752197265625,138.9960448288611,137.40162609139432,137.40162609139432,4240012
2025-07-30,139.7838897705078,140.86247780215913,137.16716854441034,138.33953750632838,9331773
2025-07-31,136.57627868652344,138.05815464888482,135.35702651611444,137.44852856368033,11960546
2025-08-01,132.27134704589844,137.2046702033496,131.92433043259348,136.30429890635733,8981850
2025-08-04,133.53750610351562,134.02520124121506,131.04270175541447,132.91849191588574,8163596
2025-08-05,132.49644470214844,134.11899921702442,130.74257113465592,133.66881357642313,11034758
2025-08-06,133.43434143066406,134.38161034063154,132.90912245835958,133.64067949994705,7574568
2025-08-07,132.87159729003906,134.11899949216354,131.30531418813214,132.2525830884777,8365458
2025-08-08,134.05975341796875,136.06235785202148,133.48483619846212,134.1364100219531,9551412
2025-08-11,135.4970245361328,136.97262387615694,133.5231646074668,135.67908213317992,11260944
2025-08-12,136.68516540527344,137.8349997832927,134.97001967195544,135.20956606391755,12858483
2025-08-13,136.474365234375,137.40380641726807,135.77489385430914,136.68516723177868,4990372
2025-08-14,134.2705535888672,137.17385480412094,134.01183938154944,137.0205415982473,11453732
2025-08-18,134.44302368164062,136.63727696646106,133.42734925107848,136.06235973898129,11766741
2025-08-19,136.07192993164062,136.18692214417933,132.99616238532522,134.52925055190786,8913748
2025-08-20,135.52577209472656,136.7330806738168,135.30539350299026,136.07193027785604,5531826
2025-08-21,135.52577209472656,136.92471486753325,135.37245889145268,135.7269828808657,8746473
2025-08-22,134.0980682373047,135.87071739856486,133.61897545001833,135.48743439628484,5874783
2025-08-25,134.107666015625,134.5005110086605,133.3698589932739,134.09807480212874,8282860
2025-08-26,133.1494903564453,134.54843328085593,132.75663071326358,133.66690419762722,10846493
2025-08-28,132.69912719726562,134.07890216101188,132.3254354031934,133.18779658312877,8420916
2025-08-29,130.9073028564453,133.6573052786152,130.75400428291655,132.6991197454935,10577763
2025-09-01,133.72438049316406,133.89686150459545,131.04145787905267,131.27142768737718,6229505
2025-09-02,133.78187561035156,134.77839687275142,133.28362959990434,133.7243868107425,3714758
2025-09-03,134.61549377441406,135.48743151697408,133.6764614043475,133.76270921599735,4902101
2025-09-04,133.83937072753906,135.77490992333964,133.52318231476414,135.27664926862047,4768126
2025-09-05,133.81060791015625,134.81670567459568,132.67995596474435,133.6189737218705,4533550
2025-09-08,135.0083465576172,135.95695557468525,134.1459853571932,134.1459853571932,5069174
2025-09-09,135.0466766357422,136.1581754064215,134.62507264543268,135.2383108256779,3636766
2025-09-10,135.2383270263672,135.7844998849011,134.92212399575595,135.3533046299519,4302236
2025-09-11,137.91165161132812,139.31060907342305,134.97960590364218,135.15208692096326,15031791
2025-09-12,136.6468505859375,139.1285478097448,136.4647929805053,138.91774580563933,9001678
2025-09-15,137.96914672851562,138.16078092008868,136.3593873536484,136.7714147552445,8158591
2025-09-16,138.91775512695312,139.07106834399926,137.8062708552513,138.02664946678445,6389632
2025-09-17,139.83761596679688,141.08326023475803,138.86026251091934,138.97524011016867,9549049
2025-09-18,140.99700927734375,141.1120014947872,139.42558543263897,139.94301385925348,8002633
2025-09-19,142.2905731201172,143.67993942845254,140.59458037699582,140.84371801044773,14995288
2025-09-22,142.0989227294922,142.86547410842516,141.10240155065387,142.29055691903756,9720233
2025-09-23,142.04144287109375,142.90380408867824,141.38029244792784,141.89770625432806,7296186
2025-09-24,140.63290405273438,142.66425283810494,140.38376644043294,141.84021264051563,6288775
2025-09-25,140.1059112548828,141.9360494120839,139.64598622243938,139.91427704309416,8605676
2025-09-26,138.97523498535156,140.10590161236917,137.78709418158138,139.91426741376935,11925305
2025-09-29,143.06668090820312,143.67991907013095,138.97522455086778,138.97522455086778,16918652
2025-09-30,143.526611328125,144.9255687054538,142.7696511544636,143.76615772267945,13201863
2025-10-01,143.4403839111328,145.62504594778156,142.77923349621895,144.11111091874386,7658596
2025-10-03,144.10153198242188,144.53271257881983,142.4247071802895,143.72784018277673,5989839
2025-10-06,148.36546325683594,148.79664387727732,144.22610883154468,144.66686604506154,18473741
2025-10-07,147.91510009765625,149.23740084801585,147.36894193169337,148.28879188092074,11389659
2025-10-08,147.14857482910156,149.74524970958066,146.96651721932392,147.5605876337541,9953844
2025-10-09,148.75833129882812,150.62679050693322,146.91861649232823,147.5797669707547,13999206
2025-10-10,147.66598510742188,150.42556434595525,147.2731254979011,149.00743911462442,7992863
2025-10-13,148.7678985595703,149.1895025843354,145.75919620736352,147.28272250062878,11375913
2025-10-14,146.4203338623047,150.22433172537788,146.21912308125627,149.2278251708134,5976061
2025-10-15,147.2635498046875,148.47085841854354,146.439509589301,146.8323692012212,19147599
2025-10-16,147.24436950683594,148.0396652559047,145.7400258186765,147.46474808622216,7119984
2025-10-17,146.5161590576172,148.13549501067882,145.67295107714688,147.3210314276562,7126668
2025-10-20,147.4168701171875,147.8959629487406,146.32453904607655,146.8898650783285,5564426
2025-10-21,147.68515014648438,148.51876693385964,147.2731227386511,147.46475693312505,1188949
2025-10-23,143.8428192138672,147.56058406239148,143.54578401384114,147.56058406239148,13612250
2025-10-24,144.08236694335938,144.9638959589179,142.9133793177649,143.72784294274132,8519673
2025-10-27,148.7104034423828,148.87329324125795,144.81059562048452,144.97348541935966,16809115
2025-10-28,148.058837890625,150.8950589810172,147.03357231608527,149.86021681427903,22709449
2025-10-29,156.27047729492188,156.8837154599508,148.51875973146628,148.51875973146628,58449093
2025-10-30,156.6729278564453,160.11282539657327,155.3697948085054,156.270491644387,33405636
2025-10-31,158.96299743652344,159.93077432435197,156.27049803244213,156.67293426095134,25385134
2025-11-03,160.7164764404297,161.64591769903174,158.962994930513,160.01700500338734,19190570
2025-11-04,162.17291259765625,163.0352737882795,160.1415638068314,160.97518059915066,23469790
2025-11-06,161.3297119140625,162.92030358924782,160.35237308586653,162.91072699629584,19729771
2025-11-07,162.08668518066406,162.46037699268877,159.1546394831238,160.2182261205406,12104934
2025-11-10,162.30706787109375,164.22343918529086,161.45428322110615,162.06752145681912,12402893
2025-11-11,165.2295379638672,166.23563583353953,160.3236320510115,161.8375525313436,20113006
2025-11-12,165.09539794921875,167.2034035512152,164.3384230635713,165.47866637839869,16003745
2025-11-13,165.23910522460938,167.1554764411795,164.2809196163243,165.46907503406854,11618468
2025-11-14,164.08929443359375,166.92553042306628,163.2748307735054,165.19120209535762,11051895
2025-11-17,165.88108825683594,167.10756466895378,164.00305264735954,164.00305264735954,13233156
2025-11-18,164.41506958007812,166.7243004691195,162.69992372677402,166.24520765167952,17543851
2025-11-19,162.24957275390625,165.0283052030028,161.78964775021663,164.3384103870922,10315121
2025-11-20,161.6459197998047,163.56229114211595,161.109338163278,162.9873885118744,9529662
2025-11-21,160.3523712158203,161.55967984755753,159.2504489675837,160.97518602774574,9261908
2025-11-24,158.76177978515625,160.79312864737594,158.1485415651983,160.01700062438644,16397744
2025-11-25,157.25741577148438,158.48389216809377,156.270485774537,158.00479936876974,9625540
2025-11-26,158.66595458984375,159.05881420620108,156.7304301487341,157.2574205473937,5855993
2025-11-27,156.9603729248047,159.05880162288463,155.7530643928243,158.66594203760684,4631417
2025-11-28,154.9865264892578,156.85498555369497,154.7469800804645,156.66335135081084,5937318
2025-12-01,156.15550231933594,157.5640362661331,155.25480555109814,155.25480555109814,10208196
2025-12-02,155.55184936523438,158.21560420758797,154.96735555474658,156.67292478126788,13247668
2025-12-03,157.2478485107422,157.67902913157158,154.26789053727282,155.41771039973548,11250522
2025-12-04,155.95428466796875,157.81316709125932,155.2356454602483,157.14244008820398,6382061
2025-12-05,156.81666564941406,156.98913204698061,155.13024956252735,155.90639221383458,6124074
2025-12-08,155.3218994140625,157.54488251498836,154.26788935279203,156.8166666858623,8744916
2025-12-09,156.19383239746094,156.5004588133209,153.6259019580188,155.41770438584973,10272407
2025-12-10,156.25132751464844,159.52832040110187,155.65724252067048,156.42379389884266,12155035
2025-12-11,154.9865264892578,157.14244416839742,153.78879444529136,156.4429727485317,8829634
2025-12-12,156.82623291015625,158.004797085653,155.28355353379396,155.56143554100768,13492656
2025-12-15,161.502197265625,161.93337789207462,155.65725884252112,158.26352502914256,33661881
2025-12-16,160.72605895996094,162.61368577515637,159.06838733313316,162.42203695718058,26675256
2025-12-17,161.1284942626953,162.31663505131442,160.2565418563202,161.5884192576204,17416464
2025-12-18,159.73605346679688,161.76053196498967,159.27190422339845,159.98294072099594,10014354
2025-12-19,160.57546997070312,160.871722609284,158.4127352962535,159.1928923591857,14335462
2025-12-22,161.6222686767578,162.35304527337365,160.10143481850042,160.57546917548535,9224512
2025-12-23,161.2371368408203,163.4393669925121,160.6347313204523,161.6123952312379,8439146
2025-12-24,159.16326904296875,161.37538420718482,158.99538752278474,161.26675321544204,7879339
2025-12-26,158.30410766601562,159.9236874227751,157.62269644521285,159.09414987953772,7762050
2025-12-29,159.9631805419922,160.77297794358242,157.54368853991676,157.57331380399427,8219066
2025-12-30,159.5583038330078,160.86186071538359,158.97563845366483,159.98294268241133,8132881
2025-12-31,164.38742065429688,165.24658350139515,159.42003509485025,159.5583064271951,24383706
2026-01-01,163.81463623046875,166.10574212068394,162.86658254116446,164.92068631065524,9679405
2026-01-02,164.71328735351562,165.2663274387981,162.85670552230127,164.62441156203866,9638213
2026-01-05,162.95545959472656,166.6883937129827,161.56302691831206,164.72318079239102,9692902
2026-01-06,161.95803833007812,162.83695634997096,159.2916590054775,162.64931962626315,11514726
2026-01-07,160.64459228515625,162.9455832385385,159.98293627056506,162.05679517566713,10582454
2026-01-08,154.42303466796875,160.67422174175937,153.86013956514324,160.64459647681076,13567688
2026-01-09,155.64759826660156,156.44751054443103,153.17872577018875,153.26760156354717,10896400
2026-01-12,156.26976013183594,156.63514844203377,152.8429638755638,155.04519393964583,6011542
2026-01-13,155.44020080566406,157.41529873238812,153.81075104363723,156.72401747179498,7763679
2026-01-14,157.1782989501953,157.6029377776976,154.1465163548031,155.04518954126806,10309941
2026-01-15,157.1782989501953,157.1782989501953,157.1782989501953,157.1782989501953,0
2026-01-16,159.31141662597656,160.1310690596789,157.85971834752644,158.00784467438774,15011308
2026-01-19,158.89662170410156,160.22981882818945,157.35604773685415,158.9953826276641,8651736
2026-01-20,156.45738220214844,159.34103856785552,156.03274336146814,158.8966294589363,10243937
2026-01-21,156.84254455566406,158.4423691661034,154.66005456383056,156.45738596698547,11797545
2026-01-22,157.06967163085938,159.9335577063854,156.0919926950506,157.81033338164733,8809678
2026-01-23,154.08726501464844,158.40284920360463,153.6724962543443,157.10916246029385,9542103
2026-01-27,156.92152404785156,157.90907300993698,153.7021198562216,154.74891934502392,11148012
2026-01-28,160.82235717773438,161.95803247549927,156.56600842256668,157.02028758295356,15795631
2026-01-29,161.05935668945312,162.59993066005816,159.75579989463398,160.69396839531768,16100725
2026-01-30,161.20750427246094,161.78028450102872,158.82750756465384,160.97048708756333,11627532
2026-02-02,162.56044006347656,163.34059713634437,157.0696700827612,158.5016131064108,14590517
2026-02-03,165.49346923828125,166.58964927084196,162.35305546845768,166.40201254301948,14585846
2026-02-04,170.62872314453125,171.53726645956485,164.24916473909016,164.92069085806182,28164545
2026-02-05,173.5814971923828,175.6849663791339,170.2732019149333,172.07054838224798,34830200
2026-02-06,173.01858520507812,178.64761160254702,171.12249289586765,174.78630638853727,34240417
2026-02-09,173.96664428710938,175.08256446696853,172.82108377244793,173.75925235630928,12380924
2026-02-10,175.99111938476562,176.67251555812928,173.01858715843582,174.58878650067777,21506950
2026-02-11,179.05250549316406,179.33890313963641,174.61842015903972,175.78372073764646,25578553
2026-02-12,175.89234924316406,179.98080141325633,173.1173390233287,179.98080141325633,24014261
2026-02-13,174.5690460205078,175.6849661761401,173.84812438002763,175.07269060037007,9835632
2026-02-16,172.96920776367188,173.70986954125334,171.29037741491436,173.70986954125334,6184219
2026-02-17,173.62098693847656,173.9567499813056,170.02630918827873,172.77169419739016,5249228
2026-02-18,176.51451110839844,176.77126841988218,173.6703652078944,173.6703652078944,8191312
2026-02-19,172.12979125976562,175.77384942882185,171.23111806606525,175.49733691826813,13677449
2026-02-20,171.62612915039062,172.26804502323506,170.15469082668554,171.43850750357296,8935995
2026-02-23,174.26290893554688,175.09244650647867,171.5076386958631,172.71244972122693,11422407
2026-02-24,177.9464569091797,178.74636918901726,174.31226874955968,174.78630311959833,22691029
2026-02-25,180.7510986328125,181.51151560886842,178.26247084586734,178.74637529768518,24353791
2026-02-26,184.1482696533203,184.47416264293435,180.1585631157446,181.2152478155964,17206460
2026-02-27,185.1358184814453,186.60727196585654,183.45698813856686,184.7803002266991,24422609
2026-03-02,176.87989807128906,180.1289275789846,174.6480428055384,179.05250280936158,31464579
2026-03-04,168.31785583496094,173.97650744836034,167.10317477077407,172.82107691382134,27718538
2026-03-05,169.40414428710938,173.23583912637804,167.17228903172585,168.870874471682,32355154
2026-03-06,166.5797576904297,170.78672606444815,165.957612068696,169.91767812450033,20979104
2026-03-09,159.212646484375,160.13105979538548,154.3539073499935,156.03273758877063,40458725
2026-03-10,157.94859313964844,164.78243057012037,157.13879570781452,162.39256374286765,26772223
2026-03-11,158.6300048828125,160.96062118713638,157.67208112200126,158.5016186874041,22703344
2026-03-12,160.16000366210938,162.25,154.05999755859375,157.39999389648438,21636039
2026-03-13,156.5399932861328,160.33999633789062,155.8000030517578,158.99000549316406,11958819
2026-03-16,148.9600067138672,154.60000610351562,146.8800048828125,153.00999450683594,35687077
2026-03-17,146.67999267578125,149.8000030517578,145.50999450683594,149.0,19101788
2026-03-18,148.27000427246094,149.0800018310547,145.9600067138672,146.8000030517578,20318430
2026-03-19,142.72999572753906,146.6300048828125,142.0500030517578,145.88999938964844,20076945
2026-03-20,144.60000610351562,148.1300048828125,143.60000610351562,143.60000610351562,34636614
2026-03-23,138.11000061035156,142.69000244140625,137.75,141.49000549316406,21048472
2026-03-24,138.6999969482422,142.5,137.02000427246094,141.5800018310547,30509694
2026-03-25,140.52000427246094,141.69000244140625,139.0,141.32000732421875,22848464
2026-03-27,137.75999450683594,144.3699951171875,137.35000610351562,142.99000549316406,29985724
