Date,Close,High,Low,Open,Volume
,LTIM.NS,LTIM.NS,LTIM.NS,LTIM.NS,LTIM.NS
2020-01-01,1658.3624267578125,1674.089022281925,1628.5843007361218,1628.5843007361218,96053
2020-01-02,1695.0736083984375,1701.0757174340565,1658.7349378152112,1662.829453508252,136403
2020-01-03,1686.698486328125,1711.311926731549,1666.8773728971655,1694.9804379472687,103417
2020-01-06,1693.1190185546875,1698.2837075964242,1654.5470860857217,1676.8806800486336,121078
2020-01-07,1705.8212890625,1712.149186183317,1680.4168938448097,1689.908625931501,320013
2020-01-08,1683.6739501953125,1734.5758903819012,1675.9502030996803,1700.1449311844065,104102
2020-01-09,1690.4669189453125,1708.19425450682,1671.2042396817883,1671.2042396817883,90617
2020-01-10,1694.0030517578125,1702.8898924822872,1675.950041364025,1695.0266520514,83728
2020-01-13,1700.0982666015625,1705.169921720495,1689.0246171376784,1702.9365396053847,40504
2020-01-14,1747.55712890625,1762.4927650936686,1695.5385579187623,1702.9365153756141,196390
2020-01-15,1799.3431396484375,1863.924469498236,1754.1176360480154,1757.8399015887007,1110275
2020-01-16,1769.5653076171875,1821.5839998595447,1756.025632633198,1809.9519181235323,377999
2020-01-17,1770.26318359375,1784.8265722436356,1751.9775288912188,1772.7292075725368,133212
2020-01-20,1764.2608642578125,1787.6180582289353,1744.8585774951605,1787.6180582289353,90779
2020-01-21,1776.21875,1786.6876227897837,1763.5164949628208,1765.2845939751146,104946
2020-01-22,1790.549560546875,1794.1322188666784,1769.937489774078,1782.0348543203781,142099
2020-01-23,1800.971923828125,1805.2990809420762,1785.7571836741465,1785.7571836741465,167063
2020-01-24,1824.6549072265625,1837.8689065854592,1788.5488802315203,1791.3405798364602,122603
2020-01-27,1812.7900390625,1831.8200777445093,1805.298933616636,1814.6045982229075,75736
2020-01-28,1812.83642578125,1822.8865885866535,1790.689013072356,1814.5114907803286,45498
2020-01-29,1822.42138671875,1828.5631026652827,1807.4392893598404,1819.2574380206756,57942
2020-01-30,1814.4185791015625,1828.5631442451845,1809.9518145327652,1816.465779932112,66300
2020-01-31,1805.531494140625,1819.1177411366793,1781.1041256462602,1815.5350831430792,36496
2020-02-03,1820.4205322265625,1848.1048828125,1787.292390882969,1833.2158203125,111165
2020-02-04,1805.90380859375,1836.9381770628083,1791.3404208945826,1824.7477792551085,69255
2020-02-05,1791.0611572265625,1824.3754807624616,1785.9430418762981,1814.5579595164131,101884
2020-02-06,1780.964599609375,1813.9997089923747,1769.0068432980984,1793.201571296915,270273
2020-02-07,1809.6259765625,1823.9101481158273,1782.0346600213313,1782.0346600213313,113586
2020-02-10,1814.7906494140625,1833.0298427505156,1804.0426750492288,1818.3268473697922,81940
2020-02-11,1857.829345703125,1869.4149661750594,1793.2015511175293,1828.0047591046234,201195
2020-02-12,1878.62744140625,1903.00823496902,1860.527857273911,1865.6925460877994,254798
2020-02-13,1880.0233154296875,1907.6610916613101,1849.9659757183827,1884.2108641674806,149499
2020-02-14,1891.3763427734375,1905.80012300123,1879.8372958722957,1896.308390482692,96950
2020-02-17,1852.57177734375,1898.309028553298,1847.1744463699413,1889.0499375974714,87972
2020-02-18,1826.3297119140625,1884.3970817445045,1800.6461003336376,1858.3412208611237,91588
2020-02-19,1829.400634765625,1851.5480484577809,1815.6282056570778,1836.93820040705,55627
2020-02-20,1866.669677734375,1870.4385171993815,1826.9345367620326,1829.5401681939552,71624
2020-02-24,1860.43505859375,1879.744313297174,1845.1272852425875,1870.4386483798612,77015
2020-02-25,1858.85302734375,1872.2996668893109,1847.1743731487486,1853.8279458767306,51801
2020-02-26,1859.64404296875,1864.8551924442975,1833.2159326922485,1851.87383571914,61515
2020-02-27,1848.291015625,1859.1787111175563,1827.492878433146,1859.1787111175563,37212
2020-02-28,1777.5216064453125,1833.1694144799014,1723.78139156156,1798.7850280570317,180561
2020-03-02,1774.357666015625,1811.8129674747197,1746.7663466939298,1769.0534824269369,108079
2020-03-03,1824.9339599609375,1847.1745222678574,1792.3176719436146,1803.4378962998023,82575
2020-03-04,1765.8896484375,1835.9612419763457,1743.7421189577847,1829.49384984731,67995
2020-03-05,1760.8177490234375,1785.7569747231485,1749.4648840435223,1764.3539468864458,43705
2020-03-06,1765.749755859375,1800.5994223356247,1717.8255859375,1730.853515625,91570
2020-03-09,1740.9500732421875,1758.7704419736835,1721.6873947917154,1754.1176101166102,164511
2020-03-11,1649.3360595703125,1768.0763202537057,1593.3624628181092,1740.857250586642,145952
2020-03-12,1498.5841064453125,1586.6156624152532,1442.3778749229575,1565.445277476868,198480
2020-03-13,1507.8431396484375,1768.355253538936,1260.9173851376238,1394.918937506493,234803
2020-03-16,1421.254150390625,1477.739487111284,1390.2662429120014,1477.739487111284,168799
2020-03-17,1387.1490478515625,1418.5090950894014,1326.0573312407541,1409.8083205822754,163058
2020-03-18,1280.8782958984375,1451.6838334008226,1265.5705214263583,1400.967955887781,216453
2020-03-19,1267.4315185546875,1315.8209744760118,1125.9854166308164,1233.9311259937706,226828
2020-03-20,1406.5045166015625,1488.9062153977961,1220.623881272994,1256.2646192418904,275061
2020-03-23,1203.315673828125,1386.5442640593028,1142.7358095737075,1153.9026090157956,116594
2020-03-24,1290.323486328125,1307.4459326489848,1184.7507623289123,1237.6534451410319,83425
2020-03-25,1323.079345703125,1340.0156086524478,1212.062729354037,1286.0427577483908,151453
2020-03-26,1329.08154296875,1405.1553508719148,1279.5288791052205,1340.01569884474,147627
2020-03-27,1297.070068359375,1376.3078270292935,1284.1817453011665,1340.0157342273042,78304
2020-03-30,1250.6348876953125,1301.909196224613,1247.0522291444117,1270.9678579853357,90379
2020-03-31,1329.639892578125,1367.002159478841,1252.6355163379112,1265.5704131322148,71623
2020-04-01,1295.581298828125,1386.5441804660848,1284.181858418253,1345.5992516469519,126701
2020-04-03,1260.1265869140625,1295.5811461069338,1251.6118811376018,1284.1817070408106,76516
2020-04-07,1272.223876953125,1298.140128483879,1260.9174724700044,1298.140128483879,88414
2020-04-08,1261.383056640625,1281.6228806774627,1242.8182979619007,1265.57060644135,92208
2020-04-09,1301.5367431640625,1344.6684739164552,1270.2697342403444,1281.3899574968575,247085
2020-04-13,1302.0950927734375,1326.0106048730731,1296.7909094967201,1314.890381339194,110210
2020-04-15,1368.3980712890625,1385.7065858880565,1306.8410731089011,1315.7744890056838,146529
2020-04-16,1365.931884765625,1418.6484947100646,1332.2454260981547,1345.6456051462346,164504
2020-04-17,1344.3892822265625,1405.2483497501005,1335.3628332514575,1405.2483497501005,131889
2020-04-20,1388.4981689453125,1405.1553310186796,1360.3020738372225,1372.5389317052327,275764
2020-04-21,1349.22802734375,1385.4270771541117,1335.6882429809903,1349.3210612497612,147847
2020-04-22,1319.9620361328125,1347.4603222632263,1288.8812052103888,1347.4603222632263,151232
2020-04-23,1357.8360595703125,1369.793815745652,1321.4043602981153,1330.710024807257,122755
2020-04-24,1334.246337890625,1367.9328008827067,1322.846897883269,1353.9743029145159,151941
2020-04-27,1349.92626953125,1367.9327079682507,1322.6606265808698,1351.415153161151,447191
2020-04-28,1364.07080078125,1369.747233377246,1344.6685131205288,1362.2096678911178,51626
2020-04-29,1363.3265380859375,1389.3358271210136,1344.8547016186374,1376.9127866838176,101143
2020-04-30,1482.3458251953125,1535.4346881852302,1377.2383869782673,1384.6829187997714,236847
2020-05-04,1438.05078125,1460.9892660117016,1398.8739580459176,1460.9892660117016,78506
2020-05-05,1428.7918701171875,1478.204930045698,1419.113955504998,1444.4253196342192,137671
2020-05-06,1429.4432373046875,1458.6164755725233,1405.2020471295273,1428.7918861654503,148484
2020-05-07,1482.625,1489.8368900047074,1429.257036684073,1429.443104536702,73424
2020-05-08,1474.6221923828125,1501.934295798783,1461.0824046873304,1493.7918391146197,84477
2020-05-11,1502.1202392578125,1558.4195065258618,1484.9513345948728,1488.9062417996531,115867
2020-05-12,1533.8992919921875,1540.08758203468,1480.34525722076,1501.9343549268722,82129
2020-05-13,1541.4368896484375,1571.726875764851,1530.87498220753,1571.726875764851,316636
2020-05-14,1533.8060302734375,1551.3937575105704,1514.9620611467656,1530.7816895494038,173331
2020-05-15,1531.526123046875,1542.832413167094,1522.4531012600914,1535.4344562249107,66726
2020-05-18,1531.386962890625,1552.185103883826,1488.906574468898,1540.0877379662663,205525
2020-05-19,1554.1856689453125,1563.3517262882724,1526.1290661385517,1545.6709627171551,59442
2020-05-20,1660.13037109375,1706.6586886692476,1592.1990274335237,1600.5275508417276,842330
2020-05-21,1660.968017578125,1675.0195477318578,1624.5828934546341,1641.4725830186371,104118
2020-05-22,1662.596435546875,1711.3115625279913,1648.033049068555,1661.0144045536722,125113
2020-05-26,1663.15478515625,1683.9994950691691,1644.3573894637468,1670.3666746988215,82065
2020-05-27,1669.6219482421875,1683.4409481614666,1662.9219165679124,1662.9219165679124,113020
2020-05-28,1668.877685546875,1692.6535872157742,1651.8482762026579,1662.9220382923959,90551
2020-05-29,1673.9493408203125,1686.1863116619309,1656.59425479429,1656.59425479429,46008
2020-06-01,1714.9874267578125,1730.8536304749823,1670.3668100551577,1670.3668100551577,170384
2020-06-02,1729.50439453125,1762.4929311468416,1691.6302702511475,1717.825739649984,321389
2020-06-03,1720.0123291015625,1749.5578113805138,1716.0109618630195,1726.1540444311947,154333
2020-06-04,1732.016845703125,1739.5079512392138,1718.2909902435567,1721.501399133572,50379
2020-06-05,1728.29443359375,1740.8105061431966,1720.7102947710405,1735.5528968977792,54930
2020-06-08,1740.1593017578125,1753.978191141099,1726.200804684889,1743.0906088620345,54420
2020-06-09,1754.4901123046875,1763.4235280391697,1721.734103152194,1727.1314343222687,210894
2020-06-10,1756.4442138671875,1767.145728282802,1749.0927160279878,1754.11779768988,48949
2020-06-11,1740.5313720703125,1756.8627438094024,1737.1813558362321,1750.8606361231136,44855
2020-06-12,1721.5479736328125,1740.5315523852933,1675.9502164933488,1693.6309794657939,68224
2020-06-15,1731.2259521484375,1746.9059750707281,1713.172939195744,1717.8257717302245,44690
2020-06-16,1745.7890625,1751.8842039921515,1722.4783297791173,1730.8534270065684,59204
2020-06-17,1751.6983642578125,1776.358375971997,1730.85365239182,1730.85365239182,57194
2020-06-18,1747.4178466796875,1756.9095796914737,1733.6454168247965,1749.4184738105855,104370
2020-06-19,1740.0196533203125,1786.7806174195562,1730.8535965093185,1749.4649255040424,159380
2020-06-22,1747.1385498046875,1763.376889290489,1736.995352548964,1740.1593012701815,38770
2020-06-23,1754.397216796875,1775.5210327019968,1734.0177859982089,1749.4651684904372,91005
2020-06-24,1792.643310546875,1805.2989921024996,1758.7706675637753,1758.7706675637753,104080
2020-06-25,1761.3763427734375,1786.5946725787228,1750.395612472686,1763.6561852944487,148027
2020-06-26,1794.78369140625,1817.3965044104682,1761.422902715475,1774.5438685844745,171354
2020-06-29,1801.995361328125,1809.9517499340304,1758.910202738346,1791.3404208858656,61906
2020-06-30,1821.9560546875,1842.5215502823505,1799.7154940636694,1805.2988927008887,153842
2020-07-01,1802.87939453125,1832.285270516416,1791.340348270239,1824.0962406293672,84097
2020-07-02,1826.4691162109375,1833.2157222955277,1800.6458998181959,1807.1598643136622,79238
2020-07-03,1840.89306640625,1859.9696784933612,1821.1651032466616,1824.8873690197563,203491
2020-07-06,1861.551513671875,1870.4384682498796,1844.336035232759,1856.7126138186927,225856
2020-07-07,1869.6009521484375,1884.3969807905885,1842.5214923285755,1861.5515299807216,225411
2020-07-08,1911.1507568359375,1926.2724609375,1871.6016845703125,1879.744140625,219843
2020-07-09,1952.1722412109375,1967.1745254853731,1908.7125218451008,1913.7288877576962,229155
2020-07-10,1978.0985107421875,1987.8032075912329,1932.3417143800941,1950.203630824339,167520
2020-07-13,2059.1103515625,2090.9432762858473,1984.5208270219714,1990.6155047331185,478574
2020-07-14,2100.8828125,2113.02524249818,2034.6851309583506,2062.8144184831203,266985
2020-07-15,2054.1884765625,2165.9554843435412,2024.0431146143267,2109.9782390380155,269713
2020-07-16,2148.32763671875,2190.334089701862,2073.41005115909,2118.1355773272717,365530
2020-07-17,2122.8232421875,2164.0795242794834,2077.8163889962457,2164.0795242794834,122822
2020-07-20,2109.41552734375,2117.1510825192395,2058.1264982059784,2062.8147134638507,110405
2020-07-21,2137.497802734375,2142.514284419958,2105.2429746581665,2109.696778969324,99336
2020-07-22,2185.317626953125,2203.461111072702,2137.826099253515,2156.578959773283,315764
2020-07-23,2120.901123046875,2211.899404173602,2109.696337172787,2185.3171387585435,230141
2020-07-24,2132.5751953125,2161.267163320682,2068.1122376212647,2068.1122376212647,154741
2020-07-27,2275.659912109375,2333.7937870787946,2120.0111500944777,2120.0111500944777,500141
2020-07-28,2265.064208984375,2315.9782710089344,2236.2786139094364,2259.719689526936,248944
2020-07-29,2250.765380859375,2333.418759209486,2246.592914760142,2265.345777153799,272337
2020-07-30,2237.6845703125,2287.7546048948607,2206.5079468208214,2269.0956045071234,137769
2020-07-31,2266.095947265625,2283.161006334544,2212.8846999927355,2212.8846999927355,87307
2020-08-03,2335.387451171875,2342.1384352106934,2263.1420098610015,2266.283205581074,400660
2020-08-04,2295.865966796875,2344.1076565860635,2273.7844268884814,2344.1076565860635,194655
2020-08-05,2343.919921875,2371.2990505783614,2304.7264002853353,2304.7264002853353,373103
2020-08-06,2314.9931640625,2367.501161288595,2279.503521144526,2353.483447098183,169207
2020-08-07,2313.72802734375,2353.2026614705223,2293.5217743080098,2320.666494183901,75157
2020-08-10,2362.2041015625,2366.6109779647413,2303.835823678861,2320.666470072399,205400
2020-08-11,2359.53173828125,2372.2368470199845,2309.743031134559,2367.5486319072966,280142
2020-08-12,2340.966064453125,2372.236546864852,2321.6038300542973,2344.107259747877,66881
2020-08-13,2317.712890625,2360.938094633284,2303.8357287439662,2360.938094633284,75354
2020-08-14,2287.848388671875,2329.151599012999,2273.783746938236,2317.8998856260882,88007
2020-08-17,2288.69287109375,2314.94687697457,2251.1871484068647,2298.2570135123174,99081
2020-08-18,2271.111328125,2306.554270369889,2260.8441856476506,2298.3498961889745,110602
2020-08-19,2236.5595703125,2287.426695707925,2231.5900173476684,2261.2663224402486,218023
2020-08-20,2225.5888671875,2253.5304373038603,2207.914210226299,2231.5896890704284,76165
2020-08-21,2219.9169921875,2245.6552497889916,2210.0248115877466,2228.121369404892,47903
2020-08-24,2194.45947265625,2239.091368725172,2183.770434573252,2239.091368725172,95077
2020-08-25,2197.1318359375,2238.2942697512203,2189.443209554118,2197.4131746049957,111386
2020-08-26,2317.525146484375,2343.0759173204124,2200.4605594718773,2216.259706106686,307900
2020-08-27,2341.153564453125,2370.079708072543,2302.522497172568,2315.97776319343,306226
2020-08-28,2362.4853515625,2372.236747019122,2339.513098478718,2344.1074575287766,239015
2020-08-31,2305.0546875,2372.2367147522764,2256.531663789158,2358.172070198409,140050
2020-09-01,2317.525146484375,2390.9895644732187,2298.6317322769,2325.4014847526837,329890
2020-09-02,2324.604736328125,2372.237051767523,2287.849172455635,2344.1077586635606,153680
2020-09-03,2333.08984375,2360.5158973739076,2326.291933022707,2343.122576557283,68054
2020-09-04,2324.041748046875,2332.996054471873,2275.753139433654,2299.100355720737,206186
2020-09-07,2259.719482421875,2342.2320610331303,2253.155981850525,2320.666273441552,105555
2020-09-08,2333.18408203125,2352.3588358560737,2260.235409865702,2282.2230927284,227660
2020-09-09,2302.382080078125,2350.3893495055327,2261.5946150064906,2324.979364937373,122396
2020-09-10,2318.556884765625,2367.408179930061,2306.695791581634,2316.025294278078,131035
2020-09-11,2343.544921875,2353.484029662589,2318.6037543688694,2319.7288802331655,88596
2020-09-14,2486.34716796875,2518.6489140599697,2344.106812377047,2349.732668726752,869710
2020-09-15,2523.009521484375,2606.6472210676625,2482.8314322836045,2485.691288867041,317535
2020-09-16,2529.385498046875,2531.635749368516,2503.5533911912717,2520.384034926878,168792
2020-09-17,2567.219482421875,2587.8945553594526,2508.288760060199,2526.947763294828,478651
2020-09-18,2538.10546875,2620.1025233044484,2508.1947518737834,2578.5179692160386,405293
2020-09-21,2491.364013671875,2563.79692480241,2448.7012634267053,2479.1277285325,349426
2020-09-22,2418.97802734375,2531.588797638284,2345.9824390232825,2494.130011111883,340180
2020-09-23,2295.7724609375,2516.634363797009,2251.2813366157297,2455.124877943746,663967
2020-09-24,2263.844970703125,2361.031796548965,2167.4554618213747,2295.818685788455,841246
2020-09-25,2319.44775390625,2339.3257423846962,2222.2142075693764,2240.0294269549536,270255
2020-09-28,2377.9091796875,2399.3341813172697,2333.7461101799686,2333.7930381054985,209712
2020-09-29,2345.513916015625,2401.866350717457,2312.368145084086,2376.64361718879,242930
2020-09-30,2384.94189453125,2410.680149055789,2348.186334774737,2360.985070137097,219526
2020-10-01,2369.658447265625,2433.183765220812,2358.3598024954085,2405.0544731373343,93535
2020-10-05,2420.14990234375,2429.104207875272,2362.8598361776835,2394.270869714173,137708
2020-10-06,2514.008544921875,2548.5138555634826,2433.3712411770407,2437.871973681036,234362
2020-10-07,2500.78759765625,2530.6983161245216,2467.032451535286,2522.2595295942806,121336
2020-10-08,2682.9716796875,2774.4857311599862,2548.513760490991,2548.513760490991,843440
2020-10-09,2744.71533203125,2766.0467091953838,2638.761678424783,2671.344771016152,357820
2020-10-12,3072.375244140625,3293.659026123126,2752.9202707653462,2754.0923246953384,1359930
2020-10-13,3047.10546875,3112.9748922994077,2958.732612244211,2958.732612244211,859404
2020-10-14,3122.86669921875,3276.7806942628044,3047.3395155950407,3056.715944873795,1614845
2020-10-15,3090.892822265625,3177.67171648833,2995.76899798767,3100.034840334601,606071
2020-10-16,2883.392822265625,3154.6999198702047,2836.4639725592274,3117.663020825808,796043
2020-10-19,2827.2275390625,2949.074178861174,2776.547898391064,2897.644607060189,481161
2020-10-20,2779.923828125,2899.1919640449246,2766.984309798374,2836.369887204365,458852
2020-10-21,2906.55224609375,2943.260871674585,2802.614445822024,2802.614445822024,968628
2020-10-22,2861.6865234375,2938.479395917171,2842.1365747234613,2917.47628364213,407235
2020-10-23,2870.26611328125,2912.0850875346036,2851.466552067872,2886.9092784760464,204794
2020-10-26,2812.17919921875,2908.5689577209027,2790.19151384203,2892.6290246837475,191704
2020-10-27,2731.65380859375,2851.709842557278,2724.397715124276,2851.709842557278,473219
2020-10-28,2722.655029296875,2778.8195414015345,2708.896769130357,2746.967861182916,339972
2020-10-29,2764.118408203125,2779.855706450328,2663.804664004081,2713.9379541982726,356589
2020-10-30,2750.265869140625,2811.801759339429,2724.35108024175,2764.118455738549,275917
2020-11-02,2688.636474609375,2784.6624760895197,2667.8103112722265,2732.832886856043,279552
2020-11-03,2767.08740234375,2826.1259194714685,2699.8502031629737,2714.833572996497,311155
2020-11-04,2863.86669921875,2892.4201285566546,2775.2380821932993,2779.9498616197734,337813
2020-11-05,2995.75,3005.173560868198,2863.867311663056,2863.867311663056,379717
2020-11-06,2985.61962890625,3043.715788791882,2958.998069838436,2995.7499566931174,263716
2020-11-09,3090.503662109375,3100.3512362840956,3015.5391963857464,3019.3086203812286,313385
2020-11-10,2849.495849609375,3088.10032025391,2827.067732914779,3085.791594285502,512059
2020-11-11,2808.267822265625,2926.015149162911,2732.8321844033626,2877.8606693349266,670169
2020-11-12,2811.33056640625,2882.666866182248,2799.73954214693,2827.0678648403873,310817
2020-11-13,2847.8466796875,2887.2372021284214,2775.8505512390198,2812.9323477496982,191905
2020-11-14,2862.735595703125,2869.4733474970817,2836.2081424797907,2868.4838279155133,21361
2020-11-17,2825.1357421875,2882.1954362856845,2813.8746355236403,2874.185411368755,282279
2020-11-18,2843.6064453125,2927.9001450256214,2817.6916548431714,2836.4916113701706,498558
2020-11-19,2811.048095703125,2873.9975258242034,2784.332209672418,2853.4541179312982,274028
2020-11-20,2913.3876953125,2927.994212278125,2818.7278577620245,2835.2190865941816,491454
2020-11-23,3075.9912109375,3099.9271911099677,2930.727127190676,2940.15068708518,710638
2020-11-24,3143.652099609375,3220.9724467509673,3046.6366063036503,3062.6094926987303,817267
2020-11-25,2929.21923828125,3180.969776557115,2902.64484563989,3174.5617098750977,598000
2020-11-26,2910.84326171875,2996.6448187421465,2857.977229878268,2953.720458324477,409436
2020-11-27,3015.963134765625,3062.65691934949,2909.1941567637505,2935.768779317854,5781528
2020-12-01,3160.143798828125,3271.247713369424,3017.4711871890004,3082.682178782476,865205
2020-12-02,3198.120849609375,3204.9529309823893,3043.8100461843924,3154.0657042040743,577260
2020-12-03,3110.386474609375,3204.0096122168175,3090.9269200209296,3204.0096122168175,358686
2020-12-04,3076.93359375,3138.0454722255495,3069.0650592099237,3128.621912248896,251735
2020-12-07,3082.3994140625,3146.5267879954417,3048.5217607562904,3063.363868246835,322749
2020-12-08,3073.447021484375,3137.103217188782,3048.5217505574374,3109.774892376984,334352
2020-12-09,3077.59375,3128.5279129655164,3067.7459447369506,3081.5987634104094,142608
2020-12-10,3063.976318359375,3105.0631334880245,3031.2766099776986,3081.504232626962,117946
2020-12-11,3080.231689453125,3105.062860807013,3055.0236677455114,3089.749576592107,215585
2020-12-14,3048.47412109375,3127.6791791616147,3025.9990712995723,3099.408502640118,264171
2020-12-15,3075.04931640625,3085.2268086330787,3032.0780148792396,3048.5220833493568,220098
2020-12-16,3099.361572265625,3123.9099909074976,3076.8393569674786,3077.2633711337658,364862
2020-12-17,3115.4287109375,3127.6793380524996,3098.654729335797,3114.486355005577,282060
2020-12-18,3162.923095703125,3204.009902956208,3124.9932725872463,3133.3332139204094,722305
2020-12-21,3199.72265625,3250.1858664114425,3090.9277013132883,3175.739741898104,753013
2020-12-22,3367.037841796875,3409.443859955526,3126.8313998540443,3201.1831929985965,867964
2020-12-23,3463.11083984375,3485.303367758184,3348.1905814910983,3368.9224117170493,909379
2020-12-24,3416.605712890625,3463.110839465615,3393.4236652499203,3463.110839465615,239343
2020-12-28,3430.882568359375,3462.1215773805893,3374.6711256194144,3430.1758013673348,165151
2020-12-29,3401.85791015625,3461.0379114731113,3376.602723981457,3440.588832803729,153207
2020-12-30,3450.106201171875,3463.063594758995,3360.252704409971,3401.8576252463986,269551
2020-12-31,3448.552001953125,3463.1585208847478,3402.8948968545324,3432.060770901293,263584
2021-01-01,3486.05712890625,3533.174922581983,3416.0872052977866,3442.4260059490507,285207
2021-01-04,3623.688720703125,3684.5176161819145,3495.6224028254665,3514.611014182453,373949
2021-01-05,3891.317626953125,3956.8582991003536,3583.779671213206,3623.3586210399094,840857
2021-01-06,3728.80810546875,3919.258331872072,3708.1706025286376,3907.950060657245,597076
2021-01-07,3659.07421875,3796.752529841192,3646.9179177178985,3767.586656073439,363617
2021-01-08,3856.30908203125,3876.8524883378136,3694.0354288488647,3694.8365234560506,582258
2021-01-11,4000.441650390625,4033.2828421957183,3830.676344281681,3910.7765876430444,426541
2021-01-12,4038.13623046875,4187.829554897928,3929.6240422872092,3981.6892049578014,559357
2021-01-13,4148.67529296875,4179.348796246941,4024.8024146044386,4052.130738187564,376243
2021-01-14,4137.6025390625,4221.754743079356,4087.940195419251,4165.213384913114,322695
2021-01-15,4040.681396484375,4224.582083767531,3957.895327196884,4174.637214162428,219119
2021-01-18,3777.763671875,4044.591662124511,3739.833845593427,4042.660016516858,194306
2021-01-19,3855.508544921875,3929.436101495161,3818.1439892302255,3851.409204047936,432450
2021-01-20,3855.13134765625,3995.68388730654,3827.8501866525953,3870.2562079227496,233400
2021-01-21,3749.964111328125,3939.0008003550365,3731.7294323024294,3929.624174924528,193223
2021-01-22,3702.941162109375,3796.5643334545657,3684.612381824523,3741.153748297533,147463
2021-01-25,3669.392578125,3765.5598127457706,3646.9172980981507,3726.075192940591,173743
2021-01-27,3793.73681640625,3877.7949252735516,3628.0705862219133,3688.0986171804725,349263
2021-01-28,3741.9541015625,3816.4943168857853,3722.3058885793826,3760.000125425756,117674
2021-01-29,3735.404541015625,3815.175107721512,3562.105379273169,3775.6433228724163,236889
2021-02-01,3710.668212890625,3778.8477652202478,3679.9003798466506,3766.5971365549453,128714
2021-02-02,3805.75146484375,3863.659188868317,3723.2481598094437,3747.985002177198,158015
2021-02-03,4057.31298828125,4096.420754862059,3805.7511478188894,3816.54107595844,343177
2021-02-04,4055.6171875,4127.471823397662,4007.0384657729533,4068.1503366584307,146650
2021-02-05,3886.88818359375,4070.977501286508,3881.18711443403,4053.072739128072,142196
2021-02-08,3865.449951171875,3925.2895566579,3840.1006670165584,3921.8969830600863,111277
2021-02-09,3833.31591796875,3929.4833971729054,3813.149360817287,3884.109046200047,90282
2021-02-10,3769.329345703125,3863.659265154951,3729.65629958183,3840.100367196689,109185
2021-02-11,3794.2548828125,3816.447180863492,3750.5765935218014,3753.403661305863,87408
2021-02-12,3807.02392578125,3842.645028720183,3760.0004532425883,3794.2551859901855,65326
2021-02-15,3799.76806640625,3840.100951865086,3770.3666032913393,3825.965610937975,69804
2021-02-16,3717.546630859375,3824.080004752912,3694.0348986277513,3801.4163007516886,92060
2021-02-17,3652.4775390625,3745.4410967749996,3644.090662664908,3727.9603469103636,105727
2021-02-18,3648.142578125,3748.079471071139,3614.924531407636,3618.364038544331,147042
2021-02-19,3600.41162109375,3698.7465415567212,3588.490912165094,3698.7465415567212,120226
2021-02-22,3575.015869140625,3632.735173461786,3557.3938581613547,3601.6845896404498,63480
2021-02-23,3538.122314453125,3629.0124930447346,3533.834549186641,3581.7534377005536,90928
2021-02-24,3504.386474609375,3604.511802455357,3487.6596551339285,3569.9745461006164,50985
2021-02-25,3445.724365234375,3546.839199813319,3430.175492808184,3514.987524223771,251215
2021-02-26,3392.340087890625,3438.2327756851055,3364.2106713427875,3416.040247511934,240333
2021-03-01,3400.06787109375,3482.194110729529,3383.058297983168,3383.058297983168,190862
2021-03-02,3611.861572265625,3669.5337046613163,3417.9246910135066,3430.6936588806384,394399
2021-03-03,3685.695556640625,3738.326230971525,3629.0129355864237,3645.032987496309,232927
2021-03-04,3698.464599609375,3783.559393629004,3591.460028279192,3656.624084643271,251366
2021-03-05,3623.499755859375,3694.035188149844,3599.7995966154094,3684.6116289964007,132490
2021-03-08,3643.336669921875,3727.0179275578894,3624.301125003197,3646.9176686849637,162750
2021-03-09,3671.89013671875,3694.035502614526,3637.352881508248,3664.822466752013,100893
2021-03-10,3890.94140625,3910.7778181168837,3709.160776374677,3727.0183784704277,1096653
2021-03-12,3784.548828125,3934.289333311635,3769.423968438166,3927.7397751125686,354537
2021-03-15,3851.739013671875,3882.506846043785,3738.326373363033,3814.657211841078,311584
2021-03-16,3878.690185546875,3956.0103077703857,3838.215813136918,3882.5065431191015,361187
2021-03-17,3814.939697265625,3947.293546471962,3788.2709774556342,3878.690216307262,319928
2021-03-18,3776.4443359375,3897.584240289768,3722.30603219163,3835.3887470936543,327009
2021-03-19,3840.19482421875,3859.0888769640596,3684.6117648327513,3741.1531218378577,279744
2021-03-22,3857.157470703125,3950.3094541771825,3840.1950625488726,3854.2360750496055,251199
2021-03-23,3801.935302734375,3897.678764883478,3788.742318662425,3882.5067411737823,198149
2021-03-24,3743.225830078125,3830.6764982408563,3723.907535314549,3797.694043766458,129661
2021-03-25,3616.4794921875,3760.612793066132,3566.6761167709287,3760.612793066132,269938
2021-03-26,3719.714599609375,3745.8649777559735,3636.928535684095,3642.488573943076,138918
2021-03-30,3923.027587890625,3999.3584153273628,3693.09274968613,3764.711797651464,354158
2021-03-31,3820.593505859375,3934.335815025195,3790.862131710803,3934.335815025195,229616
2021-04-01,3875.7216796875,3947.529392922771,3837.5564907018043,3846.697298140547,213617
2021-04-05,4023.388916015625,4049.115050595571,3843.9172629881887,3877.794914955919,456022
2021-04-06,4012.127197265625,4099.15385707565,3990.406077720162,4052.13038946669,286197
2021-04-07,4050.669921875,4075.6892870863476,3942.864038289149,3981.9248745857485,246137
2021-04-08,4076.67919921875,4135.0114067238555,4024.3315047828664,4042.7074477270803,291750
2021-04-09,4126.2001953125,4193.48432366982,4028.5720188063997,4033.2837989453546,379136
2021-04-12,4012.316162109375,4136.000384122611,3886.4173115226654,4127.519180327417,294617
2021-04-13,3871.433837890625,4073.9460398483893,3830.676942986768,4023.8599130512916,335455
2021-04-15,3812.018310546875,3874.5908847772553,3733.802765309431,3873.083023203559,265495
2021-04-16,3854.141845703125,3934.3364361043273,3818.7093969178054,3858.9479534963402,307827
2021-04-19,3829.12255859375,3854.2362553701205,3733.897433459207,3825.9655737903886,174917
2021-04-20,3740.446044921875,3882.506192625339,3689.4175664802087,3830.7709472796746,269477
2021-04-22,3689.559326171875,3768.4816411113793,3659.1683451951703,3756.2310131207696,202748
2021-04-23,3676.17724609375,3759.999750918426,3628.0699350967266,3692.15013135298,184712
2021-04-26,3707.275146484375,3765.6068826546234,3676.1302390505966,3733.001507680127,152758
2021-04-27,3684.3291015625,3736.4414328819967,3676.1306506110136,3736.4414328819967,156767
2021-04-28,3666.56591796875,3719.903129285995,3613.1341489575984,3703.459063174181,297881
2021-04-29,3629.0126953125,3713.636304047101,3609.2232207340626,3713.636304047101,257788
2021-04-30,3666.000244140625,3703.1761404525405,3610.165653956104,3618.646857528436,303588
2021-05-03,3697.427978515625,3712.8825244075283,3628.0704870479653,3678.0153534930414,178549
2021-05-04,3624.67822265625,3716.605101447741,3613.9354557014617,3713.8251971106806,249163
2021-05-05,3689.46484375,3736.394216558538,3590.6589594116613,3678.345227478964,390169
2021-05-06,3592.590576171875,3679.899757521204,3576.193445613953,3679.899757521204,517358
2021-05-07,3551.36279296875,3642.11148863164,3535.7195918732773,3642.11148863164,269501
2021-05-10,3454.158935546875,3579.068275918707,3424.3334586078436,3579.068275918707,680722
2021-05-11,3410.244873046875,3444.1696867630326,3381.8327035191724,3435.3114029189487,612773
2021-05-12,3450.907470703125,3480.1205049990826,3406.616741286673,3409.4438091217658,307626
2021-05-14,3390.9267578125,3486.622824237433,3384.9427052681613,3484.8324398891036,256284
2021-05-17,3377.073974609375,3392.4815871780947,3321.804887445218,3392.4815871780947,371290
2021-05-18,3425.8408203125,3446.054540035016,3381.173239113701,3416.040410197092,655849
2021-05-19,3531.667724609375,3544.1067784630736,3440.5891043512784,3458.446705495604,718564
2021-05-20,3461.980224609375,3549.336576505744,3445.300570051067,3537.5099631377,360209
2021-05-21,3444.923583984375,3488.9787265318096,3425.5583524372146,3488.601876162634,259149
2021-05-24,3453.02783203125,3482.005277848255,3433.002767848767,3472.581718232969,169770
2021-05-25,3493.784912109375,3528.1809065239377,3453.7347816266647,3475.408969887896,317127
2021-05-26,3580.811279296875,3597.9149474312376,3476.3510322351585,3514.987625437013,364653
2021-05-27,3698.087890625,3710.9981224881303,3581.8953437220375,3598.6693274146146,788685
2021-05-28,3703.8828125,3764.61760606754,3687.3915837541854,3731.7294761956905,464949
2021-05-31,3715.14404296875,3741.1531594797398,3685.648485488211,3740.210803520173,186099
2021-06-01,3666.37744140625,3736.441705129648,3634.4788274369407,3727.9605007548266,180333
2021-06-02,3617.18603515625,3628.0702920458602,3552.681818444907,3626.138416396363,383860
2021-06-03,3616.291259765625,3657.37807463969,3592.2611810362378,3657.37807463969,199548
2021-06-04,3634.29052734375,3655.9647170477083,3609.2237637461244,3627.1285291537424,170587
2021-06-07,3665.576171875,3681.8789756079977,3589.386602297561,3629.248304469177,149995
2021-06-08,3770.554443359375,3813.808717924388,3566.0160458717505,3665.7645115616256,662186
2021-06-09,3709.58447265625,3811.830100824217,3679.9474218413166,3788.318364139162,391867
2021-06-10,3802.26513671875,3809.002889982093,3702.3282385324387,3718.5367154550568,290365
2021-06-11,3933.25244140625,3967.3185166900735,3807.11800651494,3816.5415659370065,651592
2021-06-14,3927.080078125,3985.223628909513,3887.8310417187367,3972.0306445622127,420066
2021-06-15,3913.933837890625,3958.837002991161,3874.9673307068924,3927.268081401015,308870
2021-06-16,3966.847412109375,4002.9868551885615,3887.2183335196987,3913.9342170024743,505404
2021-06-17,3929.8125,3972.972213330024,3896.075884916054,3956.952164082725,297058
2021-06-18,3837.744873046875,3989.699780543206,3769.565323299861,3957.895265020718,463743
2021-06-21,3843.728515625,3856.968432175828,3776.962507025511,3818.5204949007157,108975
2021-06-22,3873.837158203125,3905.123563859394,3818.426805202284,3844.624350027369,181327
2021-06-23,3881.469970703125,3929.6244535153605,3873.083094471974,3875.344656806758,139644
2021-06-24,3943.713134765625,3981.4543105071675,3850.0899691886343,3882.5069252756284,258001
2021-06-25,3972.454833984375,3988.992997937507,3934.33634925327,3957.8952495482,255481
2021-06-28,3884.532470703125,3981.4538717743308,3874.543405648767,3976.7420920444206,261465
2021-06-29,3895.841064453125,3912.662211507878,3852.021509338694,3887.171665113502,226795
2021-06-30,3836.614013671875,3920.2478782744224,3817.531304747187,3881.564348680997,343166
2021-07-01,3808.642822265625,3884.6394555061347,3764.2680294245124,3873.83008348047,303755
2021-07-02,3833.343017578125,3854.8666202896175,3781.5249307395975,3830.5457061942034,267215
2021-07-05,3836.945556640625,3854.0602209480335,3807.883984859679,3834.4329767859917,150414
2021-07-06,3812.86181640625,3869.4680120579897,3802.194811013755,3840.1219412981814,182484
2021-07-07,3825.7099609375,3862.5940052705528,3783.658159530056,3811.7243306111054,125022
2021-07-08,3833.0107421875,3887.5309939316635,3817.5079345307972,3829.5972077436336,204842
2021-07-09,3844.009521484375,3861.408453413235,3807.172704014683,3828.6488487009974,134881
2021-07-12,3826.326171875,3866.576295437205,3805.0396147957044,3854.344887651268,142743
2021-07-13,3809.63818359375,3834.9070420852645,3787.972217364478,3826.3259823789494,129863
2021-07-14,3996.334716796875,4008.898079985097,3804.8975997545294,3824.3352560080048,743692
2021-07-15,4191.18505859375,4361.620105091623,4025.016814372596,4039.3816227753514,2524847
2021-07-16,4066.357177734375,4171.035959876366,4030.7055843224443,4171.035959876366,921642
2021-07-19,4152.64208984375,4235.275742352823,4001.312729104811,4048.6267372633733,908381
2021-07-20,4131.78173828125,4229.96541333682,4095.18196431903,4171.984404492645,424083
2021-07-22,4177.8154296875,4195.688681979145,4139.129942963364,4166.295156749461,331876
2021-07-23,4135.19482421875,4195.688406332563,4118.885974487832,4182.888001025109,215746
2021-07-26,4125.90185546875,4171.983401085341,4091.103998978052,4145.434415805707,123859
2021-07-27,4124.00634765625,4170.751812711068,4056.3537375842934,4134.05712960357,146187
2021-07-28,4131.4970703125,4159.041927373516,4042.084042919176,4123.53246528652,196069
2021-07-29,4399.2158203125,4418.464119616288,4132.161466587624,4160.843863183373,1180829
2021-07-30,4451.19287109375,4492.479927389004,4346.572857734922,4405.249334526774,551524
2021-08-02,4468.39208984375,4537.663498035995,4451.668013270635,4501.222224679663,248112
2021-08-03,4485.35400390625,4489.820254088734,4429.005757525416,4472.7161769303,205148
2021-08-04,4461.21826171875,4513.57583419092,4417.127845312946,4513.57583419092,216436
2021-08-05,4470.52978515625,4625.6542260619435,4442.545435493677,4485.06806171438,566028
2021-08-06,4525.5,4561.086159901133,4441.357648203729,4499.3214514858055,224775
2021-08-09,4512.00732421875,4612.493759448463,4485.068314744606,4582.846512115849,207846
2021-08-10,4550.63427734375,4588.880890345021,4489.819787105705,4530.679522734391,136226
2021-08-11,4517.7568359375,4589.594053041535,4445.159623214969,4565.838390241112,191033
2021-08-12,4634.3017578125,4667.512358085012,4523.077936580753,4523.077936580753,502105
2021-08-13,4620.4755859375,4673.403378754642,4615.249341058805,4627.602283499357,167996
2021-08-16,4537.14111328125,4631.593994538838,4517.37658851453,4603.847196330016,120823
2021-08-17,4712.02978515625,4727.375847120713,4519.228961493336,4546.832849944243,611602
2021-08-18,4733.8369140625,4798.642529457324,4665.610855373358,4711.696828181018,403770
2021-08-20,4673.451171875,4840.406142379116,4638.958137817026,4657.107091574145,383809
2021-08-23,4801.5888671875,4852.805974712499,4685.56613693114,4685.56613693114,538165
2021-08-24,4734.3603515625,4866.109142301442,4713.122699827212,4840.453030830609,291671
2021-08-25,4834.6572265625,4879.412986674976,4705.568866144784,4776.9787574727925,351741
2021-08-26,4881.97802734375,4956.998118111881,4799.6405442267005,4854.041001910166,513667
2021-08-27,4973.10498046875,4988.688600635187,4846.154640617039,4891.5752769517285,331314
2021-08-30,5010.49609375,5060.335186186722,4969.778802865229,5007.692740495835,293439
2021-08-31,5048.03076171875,5107.467241420829,4983.937801163209,5036.200256656818,282387
2021-09-01,5017.76611328125,5120.010576755188,5006.696067429936,5089.413098080025,199409
2021-09-02,5120.77001953125,5163.482881384715,5003.654616876355,5019.095795725378,280435
2021-09-03,5189.423828125,5225.294874041542,5110.032599508749,5131.222462233921,421953
2021-09-06,5173.12744140625,5240.498397822973,5144.667976211393,5225.29477599792,191851
2021-09-07,5135.783203125,5263.113534328367,5121.720038702578,5173.03226172483,224631
2021-09-08,5129.60693359375,5177.783597139507,5055.204392876157,5163.530201294931,188426
2021-09-09,5164.05224609375,5187.0005828342655,5087.511701841103,5112.217586086129,121111
2021-09-13,5215.7451171875,5245.249459807835,5117.919128718297,5167.330898991849,230196
2021-09-14,5302.6435546875,5387.783936855583,5221.4943091748555,5226.150325954365,482838
2021-09-15,5368.63671875,5423.892291113572,5264.254255916117,5321.267839915208,322366
2021-09-16,5389.96923828125,5431.494319209908,5328.822538182634,5403.937752509928,146820
2021-09-17,5430.78125,5494.874204116087,5387.78350684572,5392.819521005299,358488
2021-09-20,5271.333984375,5510.363265851482,5203.772789975371,5430.544242859323,240211
2021-09-21,5454.0625,5479.956171871597,5240.214213858892,5321.268347924561,313977
2021-09-22,5557.208984375,5587.331347468607,5437.955568710491,5482.901556745993,269591
2021-09-23,5736.232421875,5794.481119959441,5568.327215966271,5622.442800012891,280558
2021-09-24,5921.193359375,6175.0462488652665,5796.381029172598,5862.896877048349,1103223
2021-09-27,5682.5439453125,6051.421545178075,5634.842395764016,5986.426154015734,448074
2021-09-28,5484.08935546875,5725.1141947041915,5398.093864245393,5725.1141947041915,458096
2021-09-29,5458.67041015625,5625.292694253049,5355.047947786719,5373.530035977231,783825
2021-09-30,5478.197265625,5576.735922213056,5430.543507692495,5473.303692792436,282121
2021-10-01,5464.56201171875,5511.3133380394265,5397.286165528266,5471.403827660521,211279
2021-10-04,5452.54150390625,5568.326683107365,5397.570814076956,5511.217983886093,264342
2021-10-05,5478.4345703125,5514.210497405613,5370.7263273342705,5468.552309672659,310789
2021-10-06,5405.69580078125,5510.363150831727,5387.783939509552,5510.363150831727,237547
2021-10-07,5490.02880859375,5556.924662487508,5425.793403352201,5444.797933661665,299275
2021-10-08,5685.7265625,5701.310645470094,5494.2086315753395,5556.923569258489,504760
2021-10-11,5586.52392578125,5661.686933261653,5330.770561087211,5661.686933261653,359610
2021-10-12,5534.07080078125,5652.84909161458,5435.294588533174,5586.570805329582,262597
2021-10-13,5655.13037109375,5698.508116470092,5540.960754002046,5547.42210837959,183586
2021-10-14,5795.33544921875,5960.912392306191,5729.864945866662,5758.371736642118,485930
2021-10-18,5611.89404296875,5922.902922946849,5567.18561751514,5838.190341756771,703972
2021-10-19,6513.9443359375,6711.781655663106,6062.444360125866,6123.258849004871,3798353
2021-10-20,6594.7138671875,6798.870108524848,6176.471796703216,6467.241084363398,1863489
2021-10-21,6322.14111328125,6700.426335423299,6224.220468480088,6631.630036948595,633550
2021-10-22,6217.8056640625,6436.78549591065,6149.911810755793,6328.507025698212,499076
2021-10-25,6106.32666015625,6273.23644103153,5966.084347837363,6243.04487096983,386502
2021-10-26,6196.99560546875,6294.332049066473,6114.469409638682,6143.04169659961,363082
2021-10-27,6341.66748046875,6370.6685421190305,6234.99759308389,6257.331786772616,313943
2021-10-28,6371.00146484375,6528.768027376188,6327.476158643736,6375.4300766238075,568697
2021-10-29,6364.28662109375,6504.814939625755,6295.427591548627,6381.144457394221,280562
2021-11-01,6478.43212890625,6509.718873707424,6343.999622204118,6400.191782196618,294832
2021-11-02,6431.5263671875,6579.245181630953,6415.573507200193,6499.242779306546,220667
2021-11-03,6415.478515625,6476.385295710246,6328.190268582009,6409.716623548523,203300
2021-11-04,6443.05078125,6482.004239897295,6428.812072072166,6473.527887680155,24255
2021-11-08,6502.95751953125,6551.435075943006,6362.096230432081,6463.051649657501,252226
2021-11-09,6514.1484375,6602.294227846076,6436.574952107036,6523.05356055565,228146
2021-11-10,6510.4814453125,6588.722267040849,6463.051632611457,6495.433559447412,137693
2021-11-11,6618.0556640625,6666.7713180898145,6441.193029861327,6513.528719053562,174895
2021-11-12,6898.54052734375,6920.207844776818,6623.436933651852,6666.866902482484,594614
2021-11-15,6854.8251953125,6955.923379393173,6824.96706191983,6932.494010676466,179625
2021-11-16,6944.3037109375,6976.400099460361,6838.300711825992,6846.872397955022,304970
2021-11-17,7045.02197265625,7204.931933032766,6895.446215558647,6927.828145300221,571581
2021-11-18,6807.49072265625,7059.069637987007,6782.299766510906,7046.8789805188235,310851
2021-11-22,6504.576171875,6761.155204385552,6432.050279700765,6761.155204385552,353527
2021-11-23,6597.67431640625,6618.2938899275005,6285.902960644913,6466.813338688841,246188
2021-11-24,6427.859375,6669.295191702786,6400.192064073834,6609.722161409585,336544
2021-11-25,6523.814453125,6552.5774062454775,6392.953479910176,6438.28826543887,158382
2021-11-26,6331.9052734375,6538.292643105564,6301.2853943449,6538.292643105564,171743
2021-11-29,6427.3837890625,6468.766173288098,6088.135759648648,6219.234851526984,249304
2021-11-30,6485.6240234375,6619.199473633274,6433.765133226342,6489.719198816371,299419
2021-12-01,6583.24609375,6599.960696899575,6491.766868883383,6495.433739002864,199325
2021-12-02,6618.0556640625,6645.722974651027,6461.146195358878,6590.673890313006,303243
2021-12-03,6522.91064453125,6665.914854334082,6509.862446868602,6637.342566060039,286743
2021-12-06,6244.044921875,6539.62534133557,6210.472482669501,6539.62534133557,317321
2021-12-07,6244.37890625,6366.811453038272,6183.996223870894,6333.52454778091,253149
2021-12-08,6331.42822265625,6400.192380379611,6291.665122673981,6323.047204366107,335995
2021-12-09,6291.71337890625,6357.048772835754,6241.187768774366,6276.3794907834435,236607
2021-12-10,6298.47607421875,6314.428936846127,6156.471693583605,6295.4281771321175,380321
2021-12-13,6448.384765625,6563.530997449984,6285.903588938532,6346.857805558542,404491
2021-12-14,6352.61962890625,6464.956530116334,6325.666622554531,6464.956530116334,264969
2021-12-15,6357.95361328125,6394.85948853216,6252.569574767087,6366.8587368344215,241189
2021-12-16,6514.0537109375,6524.00657852372,6401.288493158348,6451.6234398422885,355537
2021-12-17,6646.2001953125,6790.014055075026,6540.292519334844,6588.008336675405,865305
2021-12-20,6415.478515625,6607.294181565302,6295.427471271283,6577.3407135551415,416395
2021-12-21,6644.43798828125,6697.629691192174,6419.2405574837785,6444.003206518582,427382
2021-12-22,6786.87060546875,6855.348760640357,6676.676632045595,6684.010371762516,431510
2021-12-23,6698.77294921875,6860.7779158554395,6658.819180316523,6857.349148272553,405769
2021-12-24,6825.4912109375,6843.063355048349,6733.536244981466,6734.488654634221,363446
2021-12-27,6839.49072265625,6881.15863828601,6714.486975766971,6852.3956853652435,380141
2021-12-28,6925.87548828125,6952.590392745455,6859.301682211588,6873.540392389582,206301
2021-12-29,6917.4462890625,6946.59011595888,6862.11119805142,6918.112696759168,155943
2021-12-30,6945.44677734375,6997.97207203065,6884.0637946447605,6935.351142910273,258400
2021-12-31,6983.0673828125,7011.639671612878,6907.065280620999,6976.2098474829045,194116
2022-01-03,7174.3583984375,7209.740320342987,6988.781303920322,6988.781303920322,311684
2022-01-04,7201.88330078125,7227.645794472301,7082.213127417379,7190.692487968848,273052
2022-01-05,6968.87646484375,7190.1689311965665,6935.827665290465,7171.64437822601,376964
2022-01-06,6849.015625,6923.875113541517,6794.9189450345375,6904.9696897271,559885
2022-01-07,6862.5400390625,6933.541989767132,6838.5865652359225,6857.349220648812,417838
2022-01-10,6765.48974609375,6967.73403912698,6747.8227321562235,6949.733588785316,241841
2022-01-11,6832.7294921875,6890.683711505181,6715.440338607192,6762.108410737635,401888
2022-01-12,6829.49169921875,6885.874538179646,6795.919258065807,6885.874538179646,242957
2022-01-13,6793.1572265625,6895.445930926886,6748.44140705645,6857.302110102737,198001
2022-01-14,6741.48828125,6802.061622087992,6695.677288546494,6749.917198838759,291638
2022-01-17,6764.96533203125,6788.584903895545,6644.1046478142125,6740.869555370952,212781
2022-01-18,6542.57763671875,6818.10954332848,6524.005649832366,6740.202625381556,212064
2022-01-19,6378.333984375,6417.33534020271,6238.282350597767,6381.143778474051,555061
2022-01-20,6292.046875,6649.962232991698,6257.474125916436,6619.056354044177,977600
2022-01-21,6089.51611328125,6276.2837226797,6044.038556383706,6262.092913117276,538820
2022-01-24,5685.02783203125,6185.8999120388635,5548.737934955876,6103.040282732107,632383
2022-01-25,5746.98193359375,5778.697450306461,5476.354855773281,5548.737980823502,528975
2022-01-27,5472.26025390625,5714.4578393115635,5449.6879594234615,5714.4578393115635,548141
2022-01-28,5630.216796875,5803.984114783246,5485.879307704545,5485.879307704545,720772
2022-01-31,5971.9423828125,6019.229432417588,5723.030009398305,5781.127002337778,746524
2022-02-01,5995.7998046875,6126.184596832127,5915.035649864935,6085.897853397574,435210
2022-02-02,6092.32666015625,6116.327570265835,5981.132829293196,6028.753313602855,303718
2022-02-03,5903.32080078125,6074.469008244606,5885.5110185886215,6074.469008244606,224304
2022-02-04,5983.03759765625,6000.180971861569,5817.603850557409,5857.31952015058,219167
2022-02-07,5836.03271484375,6028.752894454862,5794.650795882002,5990.46584171428,157433
2022-02-08,5851.55712890625,5923.987692733182,5742.124894187161,5847.794924980986,183679
2022-02-09,5991.32275390625,6019.085398407476,5866.842643615941,5866.842643615941,232924
2022-02-10,6016.7529296875,6038.277481858721,5952.560609087856,6038.182147880217,141271
2022-02-11,5714.31396484375,5906.652775364294,5691.598906320332,5866.842246140101,424193
2022-02-14,5605.263671875,5707.409596727966,5400.257515002263,5523.975423283963,394155
2022-02-15,5812.22265625,5819.222960184672,5607.64524949375,5690.6476574637345,204594
2022-02-16,5717.2197265625,5867.795783434422,5682.075903906795,5866.843373795819,222936
2022-02-17,5651.78955078125,5733.506113019061,5638.360481660606,5714.505354417708,185919
2022-02-18,5581.73828125,5664.9313386895565,5571.595213741411,5610.6440007095125,170126
2022-02-21,5582.3583984375,5638.2650299376655,5465.688218341662,5571.596355597187,129520
2022-02-22,5705.93310546875,5728.743500436442,5426.829670072626,5457.30677597686,317699
2022-02-23,5630.45556640625,5784.269735359266,5598.740508918289,5739.220941862995,246058
2022-02-24,5334.39892578125,5511.832654584977,5314.445757930653,5494.4511787637875,403007
2022-02-25,5443.306640625,5528.737971525512,5379.781196533131,5459.21206766309,355116
2022-02-28,5571.40576171875,5587.787393649121,5323.9699216803465,5414.734374935849,277884
2022-03-02,5582.3583984375,5599.216234966813,5481.308108365016,5571.596355597187,221723
2022-03-03,5730.17236328125,5751.601579299504,5604.9305007745625,5682.075678440278,419327
2022-03-04,5817.9365234375,5980.179583814096,5631.2168165728835,5695.409127441996,549363
2022-03-07,5917.08251953125,5947.750293513639,5665.64639460167,5723.981480404461,378431
2022-03-08,6131.375,6149.899553032376,5871.605277464953,5896.367927459128,388105
2022-03-09,6071.1826171875,6214.282164007519,6054.372680237029,6211.615603062655,289547
2022-03-10,5986.46533203125,6166.851600908543,5938.273317631624,6166.851600908543,458366
2022-03-11,5927.98779296875,5968.750736281535,5814.460386947307,5952.5597736970785,281687
2022-03-14,5973.84619140625,6000.132788247814,5905.272703146727,5933.511553567077,229657
2022-03-15,5750.45849609375,5999.228069597993,5716.362418435809,5962.084095202959,435081
2022-03-16,5738.9345703125,5899.082147569316,5719.314840030659,5899.082147569316,340735
2022-03-17,5822.8896484375,5903.987234574419,5743.030008789118,5809.651247727816,651022
2022-03-21,5707.22021484375,5895.321144488112,5693.029402274284,5895.321144488112,355524
2022-03-22,5826.41357421875,5857.319453940388,5676.409051617838,5714.458003844281,249080
2022-03-23,5783.79345703125,5881.129914672993,5766.840750339267,5854.462442995125,162694
2022-03-24,5883.36865234375,5906.654792457652,5762.079173751956,5781.032035380818,293186
2022-03-25,5888.986328125,5924.93978850372,5809.698233382525,5916.368102585615,182884
2022-03-28,5782.45947265625,5888.939143493503,5639.550600165326,5888.939143493503,268188
2022-03-29,5737.55419921875,5847.795623223326,5707.26775643847,5809.699234798419,207146
2022-03-30,6010.0380859375,6028.229202528927,5772.983426604469,5800.174534999815,440177
2022-03-31,5862.46142578125,6028.752219829848,5847.7944122836125,6014.466077128829,284013
2022-04-01,5879.70068359375,5923.89239616024,5790.650385721227,5856.319213859695,306433
2022-04-04,6000.51416015625,6036.372290044336,5900.225146175481,5915.416265930163,234871
2022-04-05,6035.9912109375,6123.993765507741,6001.65656562096,6071.611237186912,331358
2022-04-06,6024.466796875,6085.849780309079,5948.893003711002,6028.7526399839935,283948
2022-04-07,5910.89208984375,6044.8484072980855,5895.415433817976,5966.846153936934,238341
2022-04-08,5860.3671875,5958.989019782484,5801.127121827644,5920.178326921792,281009
2022-04-11,5771.36328125,5886.271390705525,5695.408626077809,5860.175464256982,362950
2022-04-12,5629.26416015625,5733.362804484667,5524.927878480663,5714.4573816383345,450430
2022-04-13,5751.41064453125,5798.269380734706,5572.548315814514,5633.5025274385325,310273
2022-04-18,5594.12109375,5780.507856470026,5525.119290598981,5620.169591831899,744191
2022-04-19,5211.91845703125,5641.693263424327,5110.058070362815,5618.26389565155,1130004
2022-04-20,4924.24365234375,5200.109492104323,4857.2894369074265,5194.442468410412,1681039
2022-04-21,4835.3359375,5000.102792601286,4753.666817124651,5000.0548930966925,2007738
2022-04-22,4851.431640625,4946.815367221024,4763.952727539384,4813.478025786495,691316
2022-04-25,4624.94775390625,4838.240037646339,4604.8997208700885,4838.240037646339,739432
2022-04-26,4587.8525390625,4695.522262124393,4553.279790336265,4683.950578084808,718852
2022-04-27,4587.71044921875,4623.949455120336,4488.802601129809,4552.137851133002,564255
2022-04-28,4653.52099609375,4737.285611039881,4557.280186736194,4655.378380933441,517809
2022-04-29,4608.7568359375,4719.188899430032,4593.089979263282,4700.140710128599,390073
2022-05-02,4492.1826171875,4571.566049832401,4447.752802649441,4571.566049832401,414490
2022-05-04,4512.6591796875,4582.089742310079,4457.276657813371,4523.945325772118,415254
2022-05-05,4538.4228515625,4594.376920982622,4520.13639945364,4571.56652283554,240462
2022-05-06,4374.4169921875,4480.181884981775,4272.509171990665,4457.276621693338,682606
2022-05-09,4237.17529296875,4520.993374971335,4202.983878783236,4332.511594059583,1042480
2022-05-10,4125.98095703125,4277.747512494868,4112.5044548486785,4266.794802622066,590200
2022-05-11,4048.45458984375,4181.077609695715,3910.307781035175,4125.980628367866,717491
2022-05-12,3962.928955078125,4104.885421514627,3887.736030306892,3988.6914490262775,655789
2022-05-13,3915.0703125,4074.1701495026437,3893.593197082825,4023.9305433110094,574894
2022-05-16,3899.927001953125,3975.5959006012354,3861.2590779413395,3928.6897262933694,488253
2022-05-17,4078.074951171875,4095.932630350398,3904.879180370361,3909.6412281513003,792352
2022-05-18,4013.454345703125,4209.365200660158,3975.881598238533,4119.171818976273,935441
2022-05-19,3801.876220703125,3920.87951700046,3771.5418830040553,3895.355126638027,776622
2022-05-20,3851.068603515625,3890.593605876426,3793.6859193653054,3885.831557399221,494449
2022-05-23,3949.78564453125,3971.643632334698,3819.9723933625737,3859.1639580222813,437040
2022-05-24,3819.30517578125,3984.8342394454003,3798.495166017397,3962.0238440373532,491561
2022-05-25,3641.728271484375,3813.733525522688,3623.9182597869026,3809.638118041422,717220
2022-05-26,3689.872802734375,3716.2545015060527,3555.6307193954476,3666.776870498121,480870
2022-05-27,3807.733642578125,3816.971969343636,3706.825890325334,3762.0179810364166,461722
2022-05-30,3991.644287109375,4014.406785362817,3858.2592654472114,3885.831479070058,586924
2022-05-31,4051.264892578125,4074.4082597894435,3941.499686420871,4009.4537391955905,687879
2022-06-01,4003.263916015625,4092.9811049621776,3981.072953750297,4071.4091160564867,540298
2022-06-02,4127.36279296875,4143.553757963055,3971.4531381531287,3979.1677497768223,662287
2022-06-03,4128.74365234375,4242.985386535216,4110.124227966941,4171.554656122165,634553
2022-06-06,4128.79052734375,4146.83840839011,4015.358462585961,4113.171104511312,322336
2022-06-07,4063.646484375,4121.933676569928,4028.6928638179797,4095.361540051374,218604
2022-06-08,4109.74267578125,4130.409684661697,4030.5973465952648,4084.884692709615,266121
2022-06-09,4162.69677734375,4176.26861398923,4040.7404504260153,4071.5509936439767,318613
2022-06-10,4125.314453125,4144.171975839861,4062.0266537103153,4104.88508264747,266771
2022-06-13,3892.40283203125,4016.3588526279086,3880.2121747590963,3941.8806984314006,430669
2022-06-14,3991.739501953125,4009.5971828497163,3828.686784229141,3828.686784229141,553323
2022-06-15,4001.8828125,4041.026944389513,3967.071958751298,4015.359316818798,202139
2022-06-16,3868.02099609375,4171.553876640846,3843.1630135461164,4171.553876640846,519669
2022-06-17,3812.78173828125,3900.022325909911,3773.732941198131,3833.4489819403757,355025
2022-06-20,3768.541748046875,3864.4016743918064,3714.397173167725,3844.8772789943864,260560
2022-06-21,3922.45166015625,3949.2618984607343,3790.6856937128073,3811.543371779006,309393
2022-06-22,3830.543701171875,3919.165459960409,3814.9719438999796,3919.165459960409,237650
2022-06-23,3936.308837890625,3948.690162568239,3823.9721731854183,3857.2588418720134,274113
2022-06-24,3841.7822265625,4007.88236790454,3816.3052697455064,3995.3108402024045,368631
2022-06-27,3965.166748046875,4003.930005237826,3898.1648714162147,3936.975795592098,312125
2022-06-28,4021.645263671875,4033.4076163921127,3882.0219096345522,3921.26137501344,299984
2022-06-29,3892.40283203125,4003.9300929477536,3871.7832565071017,3962.024069139547,386244
2022-06-30,3814.255615234375,3942.1984729762316,3800.3915726545056,3922.242047213234,374541
2022-07-01,3838.57763671875,3853.1132485027547,3746.90190282986,3785.0401399817674,268702
2022-07-04,3814.927001953125,3878.0110044527705,3770.6483623362196,3857.0471076649897,201981
2022-07-05,3798.568603515625,3882.0887588215883,3789.8374918000054,3849.8032748981063,274199
2022-07-06,3850.091064453125,3875.228673272035,3798.472472761571,3799.431925267952,319962
2022-07-07,3881.22509765625,3950.6415774390366,3849.2272641397244,3895.3770215646437,408992
2022-07-08,3902.90869140625,3952.9440423231085,3866.641342422109,3924.1124497292603,280222
2022-07-11,3795.114501953125,3856.9511709817066,3732.2703609145888,3842.6074024326294,478264
2022-07-12,3823.466552734375,3893.9863174004713,3764.939945324417,3780.1471281803897,472230
2022-07-13,3852.6337890625,3890.5801851892497,3795.594380421374,3861.7005690329815,420839
2022-07-14,3716.535400390625,3923.153361430025,3677.725358300172,3914.566308166017,763471
2022-07-15,3813.39208984375,3852.201897731029,3690.0544205911674,3716.535404045456,1269258
2022-07-18,4044.812255859375,4066.4959780875947,3837.810359589041,3845.485980308219,1112673
2022-07-19,4136.15234375,4159.179205985138,3989.0201948968606,4015.3091022521003,1109853
2022-07-20,4264.43115234375,4279.15884430489,4162.921248766565,4203.314299266978,871377
2022-07-21,4346.2724609375,4353.9958669178595,4218.089500819577,4264.430873667156,741668
2022-07-22,4322.14111328125,4375.007035797514,4298.394665671658,4351.596490234483,457298
2022-07-25,4318.30419921875,4346.416442299083,4279.734484676101,4300.266677211667,421761
2022-07-26,4138.982421875,4328.090620492646,4130.875328603472,4326.171715318408,469178
2022-07-27,4233.96826171875,4245.529946575232,4100.316702661802,4138.9824548375345,345740
2022-07-28,4460.5908203125,4471.096544354305,4269.659768152603,4279.158254437892,824934
2022-07-29,4538.93017578125,4638.953104666774,4461.454381944261,4490.237958601966,777901
2022-08-01,4575.67626953125,4608.489728923292,4490.237220915215,4566.993412725732,328694
2022-08-02,4500.7919921875,4550.203799392288,4481.602940845835,4538.1628570684725,360188
2022-08-03,4591.8916015625,4626.479674698871,4490.2374279532805,4495.034690162632,724743
2022-08-04,4706.3544921875,4716.1410953229515,4593.7626448273995,4643.750215011977,583827
2022-08-05,4725.6396484375,4757.589230537534,4696.999896501647,4733.69895605454,306170
2022-08-08,4701.509765625,4758.78880411834,4678.290825570145,4730.101265393932,191049
2022-08-10,4659.6767578125,4729.1410199373295,4592.419048880103,4720.505948081083,231234
2022-08-11,4798.7021484375,4841.397788866465,4725.304025003436,4730.101287972983,447931
2022-08-12,4712.2548828125,4809.735349847249,4697.479408109342,4809.735349847249,248304
2022-08-16,4688.84375,4781.430904056681,4682.127583384489,4778.072820748926,244252
2022-08-17,4759.8916015625,4796.303011053883,4688.844331870439,4694.601046826696,330123
2022-08-18,4724.4873046875,4738.735266110634,4655.358948666233,4738.735266110634,254556
2022-08-19,4694.3134765625,4816.40380829075,4672.533717222625,4728.181962725481,464374
2022-08-22,4530.24755859375,4676.32421790402,4519.0217757068685,4674.453097928634,286006
2022-08-23,4475.65478515625,4519.02223475979,4395.156797006445,4437.372715972354,391813
2022-08-24,4469.51416015625,4515.184200290072,4438.524026752626,4496.954599821413,197958
2022-08-25,4443.896484375,4533.365433074951,4432.670702346116,4506.548547385218,253146
2022-08-26,4470.041015625,4554.952554340489,4462.41318153378,4490.237301564844,256985
2022-08-29,4290.52783203125,4355.9144273711345,4221.59107498524,4270.523153354387,346911
2022-08-30,4453.4912109375,4471.672556169305,4322.3338563603,4355.9146965318005,404437
2022-09-01,4350.0146484375,4413.482349836974,4330.00996626397,4384.698769294559,241724
2022-09-02,4338.64404296875,4412.521882709704,4327.130613398731,4384.601722305879,176676
2022-09-05,4314.177734375,4388.055569479387,4304.58321033547,4334.326234858015,216426
2022-09-06,4280.2138671875,4360.568018300425,4270.04357645458,4342.482244025037,245531
2022-09-07,4327.37109375,4342.482472216064,4236.4151745664,4250.375022518153,228545
2022-09-08,4340.03515625,4387.528050160272,4326.842685719369,4383.738025778425,210685
2022-09-09,4484.09765625,4509.379325343083,4325.212215848809,4360.711961187409,482895
2022-09-12,4616.98193359375,4641.831662148062,4516.670883533973,4546.845855088811,755745
2022-09-13,4584.16845703125,4653.3450827831875,4553.609798203441,4648.739897723209,313539
2022-09-14,4431.0869140625,4453.969946615046,4360.7109895446165,4421.1564884095915,568515
2022-09-15,4410.07568359375,4475.366239604059,4350.157686861358,4442.265127959437,304309
2022-09-16,4201.92236328125,4384.698070600596,4176.209222820472,4384.698070600596,516498
2022-09-19,4177.6484375,4211.996651042535,4088.563175455103,4210.077745962333,332316
2022-09-20,4227.107421875,4313.937864292225,4212.57181167516,4221.590570561199,311399
2022-09-21,4232.048828125,4295.468730416694,4192.519667246049,4207.1991027199465,283595
2022-09-22,4252.1015625,4283.955574094628,4185.131962866913,4197.604845837402,331517
2022-09-23,4238.765625,4336.725830939673,4223.510422078859,4232.145495636039,346327
2022-09-26,4232.048828125,4303.14435021641,4110.726343755314,4199.523482920229,337094
2022-09-27,4330.05712890625,4357.833467528952,4199.523797308283,4253.253139928631,353988
2022-09-28,4342.6259765625,4377.981896002559,4279.302109559176,4316.576934059942,374946
2022-09-29,4260.208984375,4410.267262426961,4209.597864747551,4365.508896775238,466182
2022-09-30,4277.09521484375,4298.15491511495,4137.734745930118,4240.779845771104,410491
2022-10-03,4270.23583984375,4317.53666524996,4200.483448992072,4276.280203782016,243677
2022-10-04,4402.064453125,4411.083213633605,4316.577134994582,4351.117427695138,282151
2022-10-06,4477.09228515625,4489.037654231398,4423.55503175717,4427.872567304921,277078
2022-10-07,4456.89697265625,4494.939172693272,4421.157365050321,4480.643423347438,205622
2022-10-10,4507.02783203125,4523.770464484219,4361.478709647426,4384.697646063399,236016
2022-10-11,4417.9912109375,4564.019603547258,4395.587900875129,4535.332066865272,332326
2022-10-12,4454.06640625,4465.771914807682,4371.218052957168,4421.253409976543,272767
2022-10-13,4410.4111328125,4451.907454079227,4375.583193916964,4427.873355975614,286696
2022-10-14,4479.251953125,4620.723417064194,4442.265245225751,4538.210498902334,837508
2022-10-17,4453.634765625,4499.78452545029,4390.45472360043,4499.78452545029,290860
2022-10-18,4530.91845703125,4593.666557731123,4482.562144036975,4503.670099338518,317650
2022-10-19,4504.24560546875,4548.476457503092,4478.724076375564,4548.476457503092,151545
2022-10-20,4565.650390625,4573.709697276097,4471.096073314202,4503.6696704455635,213951
2022-10-21,4572.03076171875,4586.23047050605,4530.342365607016,4552.793927597203,163643
2022-10-24,4546.173828125,4604.365000041172,4525.977539350114,4604.365000041172,27128
2022-10-25,4614.67919921875,4624.561373266468,4523.818853724356,4555.480788437591,223452
2022-10-27,4486.6396484375,4605.228068366991,4464.380163563817,4577.691594866436,327850
2022-10-28,4398.27392578125,4503.622087576894,4370.498057996156,4486.639591545427,279801
2022-10-31,4547.6611328125,4557.399482220077,4437.611741080346,4442.265179511359,284185
2022-11-01,4649.17138671875,4658.142362204502,4543.055835708135,4543.055835708135,271134
2022-11-02,4662.79541015625,4670.614854476145,4596.2572843812595,4648.547446577018,172526
2022-11-03,4642.791015625,4649.4593984218,4581.913562279985,4603.357421051794,123015
2022-11-04,4611.9921875,4636.746343405986,4557.926944737451,4619.763846545864,210847
2022-11-07,4663.37109375,4676.5153119181,4598.319933122291,4635.067244983419,161003
2022-11-09,4640.91943359375,4698.198934074937,4606.954909479233,4653.536608498951,222628
2022-11-10,4665.337890625,4706.018583882192,4594.290618727422,4594.290618727422,307460
2022-11-11,4852.9111328125,4869.2218266159425,4730.197241952552,4770.398211218614,771362
2022-11-14,4946.6494140625,4977.639542246645,4870.180862845792,4889.369912738802,664125
2022-11-15,4927.22021484375,5142.665072610137,4889.36962873531,4998.7472067721665,1013747
2022-11-16,4843.36328125,5007.045946979384,4800.140139979026,4931.5851128307395,426335
2022-11-17,4730.10107421875,4824.127424172794,4661.596255805914,4824.127424172794,451474
2022-11-18,4697.38330078125,4820.289257104184,4654.351763378285,4734.850201196066,460492
2022-11-21,4573.56640625,4700.357964945282,4563.971880908205,4700.357964945282,304871
2022-11-22,4563.30029296875,4604.412929702959,4533.413438809436,4562.197016198703,535654
2022-11-23,4549.771484375,4622.066323058979,4502.710527220827,4587.62207242838,309325
2022-11-24,4745.0205078125,4782.871099392348,4553.08220705444,4574.6221048148955,549567
2022-11-25,4738.06396484375,4770.349915379173,4706.114384853403,4763.681533291977,259072
2022-11-28,4740.9423828125,4811.126706966312,4708.033349927894,4730.100757111171,288290
2022-11-29,4712.97412109375,4760.610840150161,4703.235772706846,4734.657839527765,156295
2022-11-30,4642.3583984375,4737.776130624107,4624.560743136532,4712.830367279388,647389
2022-12-01,4642.3583984375,4642.3583984375,4642.3583984375,4642.3583984375,0
2022-12-02,4642.3583984375,4642.3583984375,4642.3583984375,4642.3583984375,0
2022-12-05,4773.66064453125,4900.644297078232,4768.479693892382,4874.019485910121,286244
2022-12-06,4620.29150390625,4750.24953818836,4605.372204262599,4750.24953818836,529007
2022-12-07,4497.52978515625,4620.14763141975,4483.137997168389,4620.14763141975,622933
2022-12-08,4373.9521484375,4508.323760718017,4366.37256690085,4499.832511855184,705770
2022-12-09,4223.27001953125,4419.285976851136,4215.018634378372,4403.886951700673,720644
2022-12-12,4155.3408203125,4211.996300699927,4107.415982527651,4202.4017760969655,671381
2022-12-13,4142.72412109375,4203.313925700871,4135.864128911907,4190.888827521069,640427
2022-12-14,4262.9912109375,4283.95534141115,4173.618305742106,4178.367782931358,881860
2022-12-15,4155.67626953125,4269.563464390178,4140.996834226518,4265.725654534546,476697
2022-12-16,4160.5224609375,4210.989762427898,4057.572913758884,4111.254475221671,728348
2022-12-19,4195.3017578125,4202.401612045001,4088.2267737268826,4088.2267737268826,435967
2022-12-20,4185.32421875,4192.80776145746,4120.848818183019,4173.6187099176095,217063
2022-12-21,4244.857421875,4275.70372386436,4197.6043896034635,4206.28724671919,644975
2022-12-22,4200.96240234375,4292.5901080474905,4173.618008494989,4263.806535575111,334180
2022-12-23,4093.551513671875,4167.189486520367,4053.686453223168,4125.645384345473,429859
2022-12-26,4172.611328125,4177.888317116372,4070.5734563862134,4088.2272894971734,248624
2022-12-27,4212.42822265625,4236.558358227078,4178.942957157181,4193.479036651069,245105
2022-12-28,4156.34814453125,4216.793650788283,4131.594457933337,4189.928981340713,312640
2022-12-29,4240.97216796875,4274.360927891195,4106.456738804561,4132.457995496796,1092863
2022-12-30,4188.39404296875,4288.705087559612,4177.600201845947,4250.374771023783,317547
2023-01-02,4146.8505859375,4208.015695231677,4120.561675796242,4188.3947002296945,268574
2023-01-03,4172.80224609375,4187.722011768519,4143.538948354283,4158.266636159028,191007
2023-01-04,4104.490234375,4146.7539319196985,4092.2572143305815,4136.1999538421605,428917
2023-01-05,4087.45947265625,4124.686039938612,4077.7206556032465,4116.05096797782,218691
2023-01-06,4027.39794921875,4105.929230849935,4010.5114913481184,4077.673167040551,264197
2023-01-09,4121.087890625,4151.550504099732,4058.6274461503644,4058.6274461503644,388187
2023-01-10,4060.019775390625,4124.639002644712,4044.140553538151,4121.80843004012,225477
2023-01-11,4054.1669921875,4124.68675882477,4040.254929381508,4080.35986097397,243019
2023-01-12,4102.7626953125,4120.848468550868,4069.038033789111,4082.4703687273445,252469
2023-01-13,4113.60546875,4119.362184673951,3978.370429776767,4100.604604198767,437340
2023-01-16,4103.578125,4134.712544367863,4040.9260674637835,4124.206352656652,347903
2023-01-17,4100.93994140625,4130.395321219317,4075.322371680478,4107.416245928562,225154
2023-01-18,4100.46044921875,4126.845395075086,4083.4301659842063,4121.184718569722,205896
2023-01-19,4066.87890625,4105.8327678247315,4051.767530780006,4079.591650693011,233112
2023-01-20,4094.9912109375,4170.740176085801,4034.545701139155,4034.545701139155,449630
2023-01-23,4191.705078125,4222.551389145791,3953.9046295546027,3972.086445855757,1266347
2023-01-24,4326.60302734375,4360.663589234502,4197.412380484689,4213.627501635694,1009385
2023-01-25,4250.998046875,4322.333432628338,4233.871726369941,4307.941645394282,312847
2023-01-27,4220.67919921875,4286.785849163724,4188.969482489893,4221.590866457977,449822
2023-01-30,4268.5087890625,4282.996617733909,4164.0244894635225,4220.632195656691,745273
2023-01-31,4210.34423828125,4296.555024763071,4187.550809221089,4287.206118771347,486171
2023-02-01,4229.1865234375,4269.376089555659,4174.202287706307,4233.908977460236,363833
2023-02-02,4421.60595703125,4428.593400372425,4235.836342684833,4235.836342684833,902731
2023-02-03,4339.15380859375,4471.963217636863,4250.292627107449,4471.963217636863,646511
2023-02-06,4429.6044921875,4445.410944918286,4279.446956030729,4327.39526661291,528238
2023-02-07,4427.8701171875,4460.012447451938,4396.450625816873,4416.063748588589,312037
2023-02-08,4543.95849609375,4556.728650627246,4450.085436478348,4462.325697364854,610010
2023-02-09,4525.59765625,4569.787299602327,4492.684487418801,4510.514512736241,553507
2023-02-10,4521.6953125,4529.791015088156,4482.083641631377,4514.370449930409,252444
2023-02-13,4453.65185546875,4523.0443968220825,4387.15067000514,4520.15304093236,253166
2023-02-14,4468.73486328125,4544.247533056251,4457.603331688789,4462.325785376552,318114
2023-02-15,4571.08935546875,4577.016541140206,4420.88331737421,4486.227774636952,488248
2023-02-16,4768.80908203125,4794.879282973231,4582.943015504626,4600.243147766243,994748
2023-02-17,4682.35791015625,4730.258227553966,4658.697169404846,4683.996533396959,396974
2023-02-20,4709.8740234375,4776.037786454381,4665.6843757896595,4682.3576723058095,693618
2023-02-21,4702.2119140625,4745.485779066289,4691.7067486176675,4733.438463051967,410733
2023-02-22,4631.27685546875,4640.625760192756,4585.690003530038,4640.625760192756,411601
2023-02-23,4677.828125,4692.766796188117,4592.436658798594,4654.456332979881,422276
2023-02-24,4677.77978515625,4768.134653758785,4647.8544409144,4698.45316733182,344150
2023-02-27,4602.07470703125,4662.504232261318,4509.213901283853,4629.590588506229,479625
2023-02-28,4551.0419921875,4679.177430559218,4527.8631449572,4607.857321421961,500908
2023-03-01,4572.0048828125,4597.256247927239,4538.850759965982,4551.042550864404,290531
2023-03-02,4535.13916015625,4558.5594223615435,4481.601081709741,4534.609266547169,292898
2023-03-03,4539.76611328125,4584.726602726272,4516.345848486659,4557.837087382809,297149
2023-03-06,4646.6015625,4669.539462850135,4582.798791713601,4588.533502100264,385377
2023-03-08,4608.29150390625,4624.386436382025,4553.885634384182,4604.002470995393,191475
2023-03-09,4566.4140625,4644.480660022688,4549.065929717181,4606.893038993246,225194
2023-03-10,4472.0595703125,4510.514503692284,4433.508164298036,4510.514503692284,331578
2023-03-13,4448.83251953125,4545.355513979854,4436.158838167399,4474.806719122665,248598
2023-03-14,4401.55908203125,4483.817773767792,4320.745597520977,4423.774143028728,410671
2023-03-15,4425.99072265625,4510.514875550636,4400.546886708693,4415.100137798603,320108
2023-03-16,4388.162109375,4438.086466149216,4317.757787266133,4414.136309303323,416508
2023-03-17,4504.68408203125,4611.712241635979,4453.988885736041,4471.963385828828,1180000
2023-03-20,4508.828125,4536.536949580505,4395.824309971677,4395.824309971677,317984
2023-03-21,4504.82861328125,4552.824929236178,4478.9508858761565,4524.007845134795,332833
2023-03-22,4481.3603515625,4621.350155544317,4465.698841650593,4544.1993364945,409812
2023-03-23,4435.2431640625,4479.673757367748,4377.994415413726,4444.013703791456,400901
2023-03-24,4434.8095703125,4542.319620491587,4422.713783765742,4479.673582865456,477503
2023-03-27,4392.6435546875,4494.563829387875,4385.22222115089,4452.687178399365,249140
2023-03-28,4389.9453125,4445.411435635037,4352.550633282975,4403.486777533222,313376
2023-03-29,4453.21728515625,4494.082151981638,4384.114172282479,4401.606778629691,333288
2023-03-31,4587.2802734375,4604.676879188805,4464.253183012349,4471.963464848294,328337
2023-04-03,4568.19775390625,4605.929853501721,4529.790816375411,4587.617933180203,257102
2023-04-05,4658.408203125,4672.431090870042,4540.199560702639,4567.378494148747,430407
2023-04-06,4600.388671875,4664.721347483371,4579.619284693206,4664.721347483371,192083
2023-04-10,4623.66357421875,4634.361685330647,4581.835385684079,4610.7489451225565,220328
2023-04-11,4599.56787109375,4626.168433707204,4555.041282278231,4626.168433707204,186260
2023-04-12,4652.86572265625,4661.828736246009,4577.979428813012,4602.026056367853,327375
2023-04-13,4478.1318359375,4616.531496421699,4448.398965896214,4616.531496421699,912484
2023-04-17,4175.6962890625,4327.396001314075,4030.357183318634,4319.685718906388,1763639
2023-04-18,4162.203125,4206.922667020031,4082.0160029929784,4204.850622827179,771432
2023-04-19,4042.645751953125,4202.104230308164,4026.743293283381,4162.20360994738,823131
2023-04-20,4002.45556640625,4088.328924087247,3986.312163884897,4042.115234301744,548732
2023-04-21,4019.803466796875,4061.294230088748,3982.5532641295404,4011.4183475861296,480473
2023-04-24,4031.94775390625,4059.752583004237,3997.9743224824824,4046.934426904938,280999
2023-04-25,4034.79052734375,4067.125805247835,4024.2373610821746,4057.535953650137,299754
2023-04-26,4009.490966796875,4064.330251393413,4002.647997652885,4028.6221974282353,496132
2023-04-27,4163.69677734375,4194.05601289138,4012.5754375237398,4033.4412941852356,888098
2023-04-28,4259.400390625,4282.531233797173,4129.28939778153,4178.008547973634,1138300
2023-05-02,4383.5361328125,4447.868796334786,4263.833820086789,4270.484314592414,757405
2023-05-03,4335.10498046875,4379.439090984883,4296.987471514249,4373.897327170366,404872
2023-05-04,4338.044921875,4359.152192947388,4304.312441930543,4318.528272764279,331451
2023-05-05,4325.3232421875,4385.222394622982,4312.022724873451,4335.105567255862,217630
2023-05-08,4354.1884765625,4370.76576981631,4327.395436929489,4356.30899218737,172189
2023-05-09,4455.2421875,4497.600741239023,4356.309716920137,4369.224346297539,535062
2023-05-10,4428.30419921875,4470.035911576963,4405.896192546874,4469.987910554607,246174
2023-05-11,4489.5048828125,4516.249924947747,4461.314162723997,4496.058434627947,272084
2023-05-12,4517.4541015625,4550.945636698185,4446.952838891816,4471.963252649701,232055
2023-05-15,4536.681640625,4546.175019447123,4488.347904508216,4512.442535732761,162309
2023-05-16,4564.53466796875,4616.531067289521,4544.247177926951,4549.0661038844555,254021
2023-05-17,4568.24560546875,4584.726427338558,4511.478748448979,4572.1972191074465,185117
2023-05-18,4542.126953125,4604.62852091582,4530.754475376339,4577.787007494054,246516
2023-05-19,4629.06103515625,4667.8533954862605,4558.849178302643,4579.570563323642,527489
2023-05-22,4806.83056640625,4833.768079728425,4635.806698610125,4642.553194845109,569846
2023-05-23,4681.92431640625,4833.383075798404,4664.094289107692,4807.360873795103,447041
2023-05-24,4651.56494140625,4702.115194387705,4608.62802702794,4654.118878147458,501671
2023-05-25,4732.7158203125,4745.919867450958,4618.025367101013,4674.358807358917,289085
2023-05-26,4819.98583984375,4837.237499308014,4746.641698364608,4746.641698364608,443908
2023-05-29,4808.2275390625,4871.644882950697,4795.987750275198,4860.368408694811,303516
2023-05-30,4810.4931640625,4838.346463870501,4790.350146310598,4817.9624998043455,306273
2023-05-31,4817.3837890625,4845.670978446911,4772.134356849699,4808.37230343602,512681
2023-06-01,4789.337890625,4857.477696552052,4778.013413852284,4836.997259835439,320472
2023-06-02,4813.2880859375,4838.202029151491,4799.650618560642,4838.202029151491,269222
2023-06-05,4764.18359375,4847.791966955222,4751.5579124373935,4828.564262341913,156817
2023-06-06,4707.9462890625,4737.438210682533,4626.169019668092,4712.909688786869,920055
2023-06-07,4724.71630859375,4759.8944707159735,4684.285328545474,4737.004570704938,286467
2023-06-08,4631.18115234375,4719.656451598153,4623.374397562885,4717.7288810645205,415304
2023-06-09,4648.38427734375,4661.106430925672,4603.13484206364,4637.734638534884,274316
2023-06-12,4721.92138671875,4759.171592732574,4617.350686473411,4648.38428934855,337136
2023-06-13,4765.8701171875,4786.976920295111,4724.475351965952,4751.557811934289,263147
2023-06-14,4729.0048828125,4779.362657954948,4694.356617704864,4765.869665572282,361987
2023-06-15,4791.12060546875,4838.2016056513585,4704.2834665942855,4725.7761584763375,452221
2023-06-16,4829.14208984375,4908.557894109061,4772.760657131129,4819.263291804359,689468
2023-06-19,4867.0673828125,4957.711194939461,4825.672619179993,4829.527760078079,770658
2023-06-20,4840.2734375,4886.728069398687,4777.77187717056,4884.463080204364,372934
2023-06-21,4819.408203125,4894.101560937656,4788.422601068179,4862.296647288396,335601
2023-06-22,4844.0322265625,4855.164227545594,4790.976041619104,4842.827495109669,248629
2023-06-23,4777.14599609375,4829.431345148873,4733.004820522461,4818.878179173201,263039
2023-06-26,4825.96142578125,4837.093427158815,4747.6538785723415,4775.459175608629,234908
2023-06-27,4976.0712890625,5006.2860510264345,4799.120692137292,4833.383069826666,771183
2023-06-28,4904.6064453125,5021.320927988661,4879.6925035942895,5020.357142781753,700215
2023-06-30,5008.984375,5040.596339713409,4928.797262197777,4939.398898858742,581634
2023-07-03,5022.6220703125,5040.596570080424,4950.964546941326,5036.741429300248,364676
2023-07-04,5060.40185546875,5084.304009190479,4958.674522645787,5021.224083826381,384232
2023-07-05,5052.25830078125,5233.353438921905,5016.54977810702,5228.534513103376,1432005
2023-07-06,4990.6728515625,5074.329221041411,4982.769624460418,5064.691368769728,415786
2023-07-07,4929.32763671875,5059.872536397101,4916.461480176237,5002.0454216954195,606865
2023-07-10,4854.7255859375,4953.078037656008,4820.04705027514,4953.078037656008,560058
2023-07-11,4783.32958984375,4879.4964435564025,4774.344303006962,4854.726193357689,537188
2023-07-12,4678.37158203125,4845.4977155602155,4639.516290371368,4819.027548116921,5055302
2023-07-13,4753.2646484375,4802.416685916695,4658.312032017047,4667.491784146011,837160
2023-07-14,4947.34716796875,4968.03742073788,4761.715920043096,4784.057712405599,1374038
2023-07-17,4987.90234375,5144.440501692013,4934.621931381312,4978.334133529374,1526990
2023-07-18,4858.0283203125,4932.63076285789,4803.7281465541855,4905.480438824859,1983506
2023-07-19,4847.6826171875,4894.794651439297,4808.3416401318755,4886.052212093603,526765
2023-07-20,4842.388671875,4874.395905256557,4813.87898360111,4861.767936590089,361901
2023-07-21,4781.87255859375,4876.339494010589,4716.0614030719935,4754.916697844987,859135
2023-07-24,4739.42236328125,4820.581634616083,4726.746014678912,4781.871957205222,254263
2023-07-25,4729.3193359375,4758.800877344738,4713.631609984761,4750.0584385008715,283808
2023-07-26,4721.4521484375,4796.200207727111,4716.0611662815445,4749.088165180324,384319
2023-07-27,4723.2978515625,4758.656070902836,4699.158907582358,4750.05924305539,406914
2023-07-28,4705.423828125,4753.458868372461,4675.359833160001,4730.631386323467,217121
2023-07-31,4751.662109375,4763.658775582074,4663.6063991781275,4701.878766746823,343283
2023-08-01,4835.0068359375,4855.648709031565,4759.7730899256785,4787.943175559933,442346
2023-08-02,4726.69775390625,4833.598183165745,4701.490194236777,4832.626800894208,542161
2023-08-03,4730.53515625,4758.754100159277,4692.796854339896,4720.918565145527,346102
2023-08-04,4799.501953125,4838.406092679733,4741.510723559399,4745.2017859932885,238713
2023-08-07,4902.61376953125,4914.513200089867,4789.739455674112,4814.169620285985,451430
2023-08-08,4937.09912109375,4950.1644032862905,4877.7964189760805,4913.251874376385,340699
2023-08-09,4958.12939453125,4966.191677360155,4888.966789663307,4929.764843540887,201844
2023-08-10,4960.41162109375,4997.664223606217,4926.413243837365,4939.478524248978,255038
2023-08-11,4961.189453125,5023.940844166336,4949.241166326546,4968.620432811054,353239
2023-08-14,5044.67919921875,5055.0247995249365,4920.051047501674,4944.335603511059,396400
2023-08-16,5049.1474609375,5088.780139426707,5012.3321702847425,5050.216076222941,405856
2023-08-17,4951.66943359375,5039.531148447353,4937.3415453054695,5039.531148447353,344151
2023-08-18,4939.62451171875,4967.648985389154,4868.179534669193,4954.049633454182,338124
2023-08-21,5000.23876953125,5004.707222973598,4911.308909673538,4940.450378678722,202004
2023-08-22,4992.8076171875,5022.046318273427,4962.7920000114,5022.046318273427,175355
2023-08-23,5026.41796875,5095.774573660159,5007.524392324365,5007.524392324365,359052
2023-08-24,5022.19189453125,5080.231984541447,4973.7200146395135,5069.64401277352,296417
2023-08-25,4980.6650390625,5041.376427070117,4958.080402723667,4984.162109873283,206278
2023-08-28,4983.14208984375,5009.272175025534,4949.677784786379,5002.618112383447,165824
2023-08-29,4989.74755859375,5039.482517382881,4975.516904103389,4993.875932979115,196122
2023-08-30,5025.59130859375,5063.815292146247,4988.047482288697,5031.1767561153,349680
2023-08-31,5044.7763671875,5103.059300857724,5010.437910571914,5046.330673613585,636436
2023-09-01,5151.580078125,5161.925204080815,5048.321861814016,5075.27771887334,435444
2023-09-04,5212.14599609375,5226.036572725666,5121.953058150866,5162.94510504745,397768
2023-09-05,5270.865234375,5305.689379816256,5188.49221659013,5212.145467145285,600824
2023-09-06,5252.5068359375,5323.563354890518,5203.792109434722,5293.013666755168,388092
2023-09-07,5328.90576171875,5340.611202352863,5199.809156250448,5245.464121754609,602474
2023-09-08,5321.71728515625,5343.573384255641,5294.032892963687,5342.602002073446,244392
2023-09-11,5351.0048828125,5363.001548789346,5310.8381308159305,5323.174875451117,239456
2023-09-12,5347.896484375,5377.572021758978,5261.0061542353005,5350.956243535951,327724
2023-09-13,5380.5830078125,5391.170978476257,5301.172516372782,5340.659106245488,247607
2023-09-14,5341.2421875,5433.329029090728,5324.485844776758,5386.3142261085095,401195
2023-09-15,5374.4638671875,5390.491675338712,5337.891417994925,5371.695807043961,296245
2023-09-18,5355.958984375,5365.527194583835,5314.52962547394,5362.0301235547495,184125
2023-09-20,5316.81201171875,5369.509495269941,5297.141522466924,5318.317464382844,145121
2023-09-21,5239.78125,5311.517921026098,5201.751731363342,5311.517921026098,313418
2023-09-22,5272.17724609375,5296.4618027316765,5196.895120516179,5231.864882074793,180055
2023-09-25,5223.2197265625,5302.775840035611,5206.608994795911,5293.062017284126,254576
2023-09-26,5209.5712890625,5255.663565689197,5199.809087355008,5227.007789848179,159123
2023-09-27,5281.30859375,5289.176885631505,5222.2487367061,5245.464679965129,320128
2023-09-28,5114.23046875,5305.690010911183,5068.769967790084,5305.690010911183,484805
2023-09-29,5060.755859375,5151.2883995842885,4981.248128146681,5114.3274950647965,481064
2023-10-03,5063.572265625,5099.610637989715,4990.572992444387,5046.330232587766,255939
2023-10-04,5037.783203125,5050.216707160624,4979.937101092476,5032.731825312404,199894
2023-10-05,5076.6865234375,5104.613763341606,5046.670906541246,5068.381394858681,283699
2023-10-06,5089.26611328125,5114.27920641219,5067.458391877003,5099.756851939285,139350
2023-10-09,5057.4541015625,5084.215497040649,5025.44686166217,5066.682234390525,353035
2023-10-10,5115.638671875,5142.740140012248,5063.184033812827,5090.042656403491,172958
2023-10-11,5094.36572265625,5190.04687225133,5080.329059718449,5128.898171188032,238862
2023-10-12,5007.232421875,5117.629914626065,4989.893154651952,5108.984707861984,307844
2023-10-13,4949.33837890625,5056.044818300032,4929.765120628754,4958.906589322125,272672
2023-10-16,5014.71240234375,5043.416557627958,4953.078009889245,4971.971584058767,244025
2023-10-17,5064.54443359375,5080.3293958658,5028.069218189749,5043.416868706545,313332
2023-10-18,5007.669921875,5056.044567786055,4893.483654784452,5051.28488966352,333664
2023-10-19,5301.60986328125,5323.174738990769,5051.187708531386,5051.187708531386,1808046
2023-10-20,5261.201171875,5355.230791810376,5235.7991444683485,5304.718910588875,548231
2023-10-23,5052.88818359375,5252.264412686385,5036.617529088017,5252.264412686385,268286
2023-10-25,5055.12158203125,5143.468986931189,5032.683031619439,5087.080437335803,293641
2023-10-26,5022.5322265625,5049.876543687744,4921.6056995615945,5005.533036162182,405185
2023-10-27,5042.52294921875,5085.4297389626345,5031.796251782779,5041.547794906389,183188
2023-10-30,5021.263671875,5049.152698158196,4956.756847372812,5042.521840751589,276530
2023-10-31,4934.6708984375,5035.696982708587,4925.602153587651,5035.696982708587,259121
2023-11-01,4874.50341796875,4979.13727162276,4865.092799158203,4939.155950013568,323448
2023-11-02,4895.322265625,4995.080818116305,4881.767718542651,4939.838432267883,312381
2023-11-03,5007.3681640625,5020.093735694933,4933.3050133800825,4951.832942863028,324952
2023-11-06,5021.70263671875,5049.787362842291,4987.913639551687,5045.447736273789,155164
2023-11-07,5058.076171875,5079.675741763974,5007.416721689441,5017.60727334528,200866
2023-11-08,5103.37255859375,5109.906283043074,5046.4722083956285,5061.050956040971,236117
2023-11-09,5124.1435546875,5134.187453643158,5079.091235004822,5103.372482148264,269946
2023-11-10,5131.40771484375,5148.765745755343,5053.492987420389,5110.783298194849,229733
2023-11-13,5130.38427734375,5139.014487950997,5086.794690571279,5128.336358125997,140187
2023-11-15,5267.44140625,5308.983068957067,5161.198645539757,5187.820163815327,468132
2023-11-16,5382.36376953125,5410.594674934067,5232.969951117424,5285.3359236994975,466812
2023-11-17,5381.388671875,5410.155721946634,5350.183736204075,5402.354488028903,338819
2023-11-20,5418.0546875,5497.5783270647735,5373.099980815357,5381.38879203803,457451
2023-11-21,5383.09521484375,5472.565616720823,5373.099883843859,5446.236452135744,268090
2023-11-22,5415.66552734375,5437.557931613729,5368.224366365905,5372.368772098339,203308
2023-11-23,5335.41015625,5460.863651879798,5316.638437446663,5441.16534610428,249485
2023-11-24,5336.62939453125,5374.41662278618,5302.645172728842,5353.59698373065,152012
2023-11-28,5343.11328125,5353.596188175845,5273.243582876472,5342.8209254700005,263892
2023-11-29,5449.64990234375,5456.183626729623,5353.597202087713,5353.597202087713,354830
2023-11-30,5399.13671875,5476.417692952503,5378.560868874379,5460.8637922273265,612934
2023-12-01,5438.4833984375,5470.614918947087,5385.386539325655,5460.863377202083,195286
2023-12-04,5438.82568359375,5492.069205424549,5412.1065500898885,5470.61581009086,168191
2023-12-05,5351.3046875,5441.360270358503,5318.490844898795,5436.484499506928,268002
2023-12-06,5499.7236328125,5529.026826716523,5371.637030554665,5371.637030554665,605990
2023-12-07,5428.87890625,5524.0535796954255,5404.304828802488,5524.0535796954255,273629
2023-12-08,5566.86376953125,5611.0380706600345,5446.236987249964,5459.889148005827,780096
2023-12-11,5627.27392578125,5655.8947990026645,5554.088787850526,5593.484925358497,497043
2023-12-12,5614.93798828125,5675.397549808419,5592.509441263107,5655.894465444816,362937
2023-12-13,5585.19580078125,5633.3197568175365,5474.515796697676,5633.3197568175365,387503
2023-12-14,5796.609375,5816.795258982189,5647.947391246002,5665.694913387534,958532
2023-12-15,5977.0126953125,6060.583604175831,5788.515571100199,5801.192576225587,1618791
2023-12-18,5986.6669921875,6050.73433890486,5923.135313683089,5987.446925105554,413220
2023-12-19,5960.87451171875,6015.726941686306,5883.00834479267,6015.726941686306,431913
2023-12-20,5882.61767578125,6132.7447265625,5850.973731723584,5987.446751644737,886292
2023-12-21,5959.216796875,5995.102762625284,5802.216946610167,5833.8123284526955,513420
2023-12-22,6074.33349609375,6084.962582297663,5956.2422199798275,6033.2308392653495,540467
2023-12-26,6104.17333984375,6132.013803634921,6051.904976037556,6084.962610373619,271488
2023-12-27,6130.990234375,6198.080658977744,6099.5900758190355,6122.018624459137,357171
2023-12-28,6097.78564453125,6167.850571950027,6078.477781026698,6145.275846509477,335511
2023-12-29,6138.54736328125,6149.322627155417,6046.2000664478865,6104.806931403774,245328
2024-01-01,6106.318359375,6161.7559742306275,6084.962576332204,6152.052998893487,166927
2024-01-02,5991.34716796875,6127.868750572205,5971.307940410683,6075.210425853729,475149
2024-01-03,5812.94287109375,5961.361533797282,5807.043378524159,5958.1922825831425,421251
2024-01-04,5720.64453125,5870.428312322551,5706.310050130549,5814.844522654381,618173
2024-01-05,5799.8759765625,5860.676938197836,5755.360281072151,5797.2919130758955,429330
2024-01-08,5700.36181640625,5839.223687286837,5690.0736533115705,5839.223687286837,193870
2024-01-09,5762.57666015625,5809.8716431725,5729.031447844738,5768.037619404532,351316
2024-01-10,5799.72998046875,5809.481523100896,5738.782839017838,5768.037466914276,259576
2024-01-11,5811.87109375,5849.853068260961,5766.135975900625,5829.813837741984,232299
2024-01-12,6082.0859375,6089.838604646284,5865.553115604066,5875.889846415925,899942
2024-01-15,6082.0859375,6082.0859375,6082.0859375,6082.0859375,0
2024-01-16,6080.96484375,6143.423764815822,6040.008361536181,6133.720788688669,255823
2024-01-17,6119.6787109375,6166.876086069023,5997.199229810956,6041.081175394939,472635
2024-01-18,5463.78955078125,5646.143405144287,5277.291290637236,5558.379518017691,2798324
2024-01-19,5511.71826171875,5555.6492484657,5443.311283049358,5547.6527927745965,974885
2024-01-23,5498.4072265625,5581.782914754589,5441.36070306265,5490.118415455684,754748
2024-01-24,5479.92822265625,5576.809898767743,5458.96240495163,5509.963261150747,729576
2024-01-25,5358.130859375,5509.621157583775,5321.708755253815,5509.621157583775,911916
2024-01-29,5312.9814453125,5377.097833534242,5265.832644827522,5360.42260159572,772171
2024-01-30,5219.8056640625,5387.435066502167,5212.248218356972,5358.472793790194,830778
2024-01-31,5313.17724609375,5330.632890544887,5178.362152058909,5218.051126079097,536486
2024-02-01,5231.36083984375,5298.987878275418,5209.273692629239,5295.087261508193,495519
2024-02-02,5349.55029296875,5403.329957193671,5241.502911221072,5241.502911221072,593677
2024-02-05,5303.32763671875,5402.354356898481,5290.8453770636415,5402.354356898481,301000
2024-02-06,5334.38623046875,5370.02840484556,5257.398086285837,5295.5752808534435,836565
2024-02-07,5312.54296875,5381.827966841902,5303.864190786677,5363.34860256053,354265
2024-02-08,5286.11572265625,5353.5965840848485,5266.905470512357,5320.392773872871,380430
2024-02-09,5317.80859375,5334.093860529901,5228.777199298232,5334.093860529901,196922
2024-02-12,5379.4384765625,5410.155835759766,5328.7790222837,5334.045236208579,421078
2024-02-13,5419.07861328125,5436.485212734896,5333.3140784400375,5378.902541883151,256808
2024-02-14,5368.3701171875,5379.925789834395,5270.367118840871,5343.796516724623,332342
2024-02-15,5385.09375,5451.111878595927,5374.123265450053,5437.020710203083,226420
2024-02-16,5441.75048828125,5455.9392678047525,5358.813812722919,5428.6835170250515,319063
2024-02-19,5377.048828125,5450.136825903007,5373.00203342334,5427.708279294352,156372
2024-02-20,5367.59033203125,5451.112197392883,5345.259395182391,5391.530178144962,413919
2024-02-21,5285.43359375,5379.0484008306685,5272.756588624493,5363.348322329942,567794
2024-02-22,5350.427734375,5369.491810048507,5271.732593687074,5361.398220001595,536659
2024-02-23,5404.93896484375,5417.1283937723165,5373.100271712247,5408.20582702652,310531
2024-02-26,5330.33935546875,5400.306673523986,5308.7883511235705,5400.306673523986,227438
2024-02-27,5307.47216796875,5371.247159980302,5266.808045735715,5329.217917042341,321866
2024-02-28,5275.53662109375,5330.193833555754,5246.3305569941385,5313.616209119156,263858
2024-02-29,5169.14599609375,5295.038492693527,5136.1369327277525,5277.534285157129,513879
2024-03-01,5142.5244140625,5215.563847020829,5126.385801969032,5182.94474747297,565313
2024-03-04,5087.2333984375,5187.674283306796,5080.114486926953,5168.317376769556,456225
2024-03-05,5004.052734375,5089.769176152076,4987.914121567577,5080.4075998728895,549757
2024-03-06,5035.8916015625,5050.6650927309165,4947.201135001885,5021.99565396012,608117
2024-03-07,4995.42236328125,5072.70332980205,4981.087406791729,5050.177173668298,461048
2024-03-11,4995.71533203125,5005.466874744565,4931.3551501233715,4990.839560674593,343534
2024-03-12,5079.7734375,5089.573546727816,4995.714955192145,5015.2180391476095,493480
2024-03-13,5065.92626953125,5144.133829926847,5031.942049086105,5101.76318779983,617665
2024-03-14,5133.4072265625,5141.159417210495,4985.768491236511,5056.126251749397,414994
2024-03-15,5065.29296875,5119.511644508319,5041.547865680757,5117.658470369164,571117
2024-03-18,5039.06103515625,5090.25663343907,5022.044402981478,5070.802115631784,189164
2024-03-19,4978.84521484375,5049.44628689069,4950.078164641167,5038.6219795506595,487996
2024-03-20,4974.310546875,5030.479528602883,4944.861173324473,4988.011750191406,229758
2024-03-21,5031.6982421875,5063.975942597451,5002.833581600213,5031.795852840911,374029
2024-03-22,4880.6474609375,4951.833727600524,4822.186767923582,4919.605067194425,846359
2024-03-26,4851.58740234375,4919.994374752064,4840.665484762802,4880.646807259836,388110
2024-03-27,4805.072265625,4878.598796235408,4792.882838264206,4856.267860540334,517721
2024-03-28,4815.7021484375,4843.981624597057,4786.106118675081,4813.3133059689435,1169945
2024-04-01,4761.2880859375,4856.0242231037055,4745.198041320559,4831.889156178294,626289
2024-04-02,4778.9873046875,4795.760148647421,4745.734448739365,4760.6055514066065,454393
2024-04-03,4748.31884765625,4810.436369709534,4743.199287360087,4778.987642175958,545022
2024-04-04,4812.58203125,4844.22550482707,4745.198769137563,4780.158148488152,791246
2024-04-05,4805.072265625,4822.137463930111,4771.429446109209,4822.137463930111,340663
2024-04-08,4775.720703125,4832.864841884869,4761.678576054039,4817.262372661673,376850
2024-04-09,4771.0888671875,4849.540225629203,4758.753259807466,4813.361903772469,330892
2024-04-10,4796.14990234375,4804.633458455022,4754.218270453808,4796.539868805844,271550
2024-04-12,4767.43115234375,4829.938630209717,4758.800942662537,4793.857925724,218620
2024-04-15,4695.513671875,4769.918223357073,4681.032536710411,4734.37366214849,335329
2024-04-16,4546.998046875,4668.014783386345,4534.515786903231,4668.014783386345,1337626
2024-04-18,4580.4453125,4638.662206884833,4560.796051212488,4605.555532367163,638832
2024-04-19,4544.75537109375,4556.506266586359,4482.150748124276,4534.467683261451,375613
2024-04-22,4560.0166015625,4583.2250827985545,4517.889746511852,4582.249928525619,270101
2024-04-23,4606.04345703125,4623.4986227543595,4563.819468761142,4563.819468761142,298146
2024-04-24,4609.3583984375,4636.126570039975,4592.586032919388,4622.2791907923465,489912
2024-04-25,4519.54736328125,4571.27910315527,4477.420511362044,4544.17000684259,1495381
2024-04-26,4669.0869140625,4703.704888438403,4524.423168259149,4525.203101165561,757962
2024-04-29,4626.08349609375,4690.443680786219,4598.047809579985,4681.813469881634,338991
2024-04-30,4589.46533203125,4659.871651134646,4583.175873541559,4631.982147605483,362707
2024-05-02,4576.1064453125,4630.471293631813,4559.382169349359,4597.803626928728,423233
2024-05-03,4536.369140625,4606.385027427803,4525.25200091993,4588.14945194276,399976
2024-05-06,4587.0771484375,4621.256115361819,4544.218927534516,4558.846241678941,232694
2024-05-07,4582.63916015625,4611.503817236472,4536.4169502609575,4593.024456267774,283096
2024-05-08,4596.68212890625,4611.358486747213,4559.480087752816,4607.604047478615,249942
2024-05-09,4542.2685546875,4610.236997243006,4512.574916934804,4599.8026561745255,576158
2024-05-10,4493.16943359375,4534.41874450658,4452.164387395609,4534.41874450658,315816
2024-05-13,4479.419921875,4513.8917222068585,4452.067033746156,4493.315870890636,242264
2024-05-14,4519.69384765625,4554.018992149897,4475.909516317027,4485.563448326192,156781
2024-05-15,4533.7841796875,4559.772419739539,4517.889356869304,4533.443256641013,246664
2024-05-16,4652.65625,4666.990732099348,4550.021262938757,4550.021262938757,612681
2024-05-17,4645.92724609375,4670.988901012023,4607.603874171568,4666.113129716604,383213
2024-05-21,4613.2109375,4661.724861114781,4593.951641190614,4631.982656687629,380590
2024-05-22,4657.09326171875,4685.616525688864,4605.1662939782855,4622.231494644166,276807
2024-05-23,4711.26220703125,4728.4740592558255,4661.236987975746,4661.236987975746,491869
2024-05-24,4719.50244140625,4739.249313546025,4701.705877625959,4722.671692490411,233454
2024-05-27,4770.50390625,4793.079111596837,4706.777946940135,4729.450286807573,429985
2024-05-28,4764.55517578125,4810.875003410016,4734.569182105786,4792.88321674492,321798
2024-05-29,4759.53271484375,4771.332176602541,4710.043636220541,4763.628553189625,209717
2024-05-30,4654.55712890625,4749.683705874142,4630.032096246388,4729.449256422349,393085
2024-05-31,4585.078125,4656.995758029617,4563.722340048918,4651.388620539173,965092
2024-06-03,4533.8818359375,4705.119008448986,4524.520260400632,4705.119008448986,448138
2024-06-04,4515.59765625,4559.77242676193,4401.40700533174,4533.979407967737,683878
2024-06-05,4572.35205078125,4655.386339038808,4515.597883586612,4519.791332505879,457063
2024-06-06,4680.98388671875,4699.268027727234,4586.150142021412,4622.230846944821,622901
2024-06-07,4853.5380859375,4883.524080128198,4700.243642249139,4705.119413662261,1002806
2024-06-10,4781.6201171875,4855.097606232693,4744.1252472300575,4853.586307662035,428520
2024-06-11,4781.71728515625,4823.454171463141,4768.796491740885,4802.390745080643,268670
2024-06-12,4828.0869140625,4899.1755726636275,4813.410555050969,4837.399447869966,705428
2024-06-13,4921.798828125,4965.631726926286,4847.540449452509,4871.919306232829,739500
2024-06-14,4907.51220703125,4944.227144540579,4871.139144880272,4921.798597354302,278048
2024-06-18,4963.14453125,5004.490970931935,4920.676283404413,4930.379257410729,697624
2024-06-19,4938.794921875,4993.890693709727,4890.241676866246,4990.102763316689,351127
2024-06-20,4970.86865234375,4989.118934694627,4919.265366490462,4948.7809586894045,333475
2024-06-21,5042.68994140625,5188.693641830242,5028.079627145747,5116.035996075801,1417846
2024-06-24,5028.669921875,5066.794227718345,4978.2964533502845,5017.650575511157,258477
2024-06-25,5041.115234375,5052.08509912428,4988.577580835457,5028.718590632711,179424
2024-06-26,5093.89892578125,5106.197088325386,5053.167507514466,5071.7622332018045,401368
2024-06-27,5290.2265625,5302.9186504720155,5042.246606899004,5097.3423747012175,1326532
2024-06-28,5298.09765625,5361.999103783242,5229.178942496868,5290.177831383944,413940
2024-07-01,5359.53955078125,5460.384489552261,5265.729065318281,5285.701570698448,1092209
2024-07-02,5385.611328125,5453.497185202205,5317.725471047794,5362.047856589413,502427
2024-07-03,5378.1337890625,5414.536349019739,5347.535865559591,5401.254333900206,251028
2024-07-04,5371.34619140625,5430.869306083433,5357.080320946429,5391.318217891184,255625
2024-07-05,5334.15673828125,5404.502237487726,5311.577116656859,5370.854268086093,213468
2024-07-08,5302.6728515625,5371.493082560127,5260.908098409274,5334.156148425204,198972
2024-07-09,5290.32568359375,5341.043599932756,5248.708888969568,5318.2180154958005,241090
2024-07-10,5289.4404296875,5339.321975910051,5234.443135388944,5312.806941699605,300436
2024-07-11,5320.2841796875,5337.058683073019,5251.807907075229,5305.919828185971,266246
2024-07-12,5482.6689453125,5568.313646900409,5381.775000894505,5432.098991464574,1174862
2024-07-15,5389.6943359375,5550.898749658065,5372.378426672357,5521.383159000543,322248
2024-07-16,5472.53515625,5487.735397766244,5350.4878960998985,5401.451772770477,339480
2024-07-18,5663.943359375,5684.702754193317,5514.49618159459,5514.49618159459,2592299
2024-07-19,5669.69873046875,5784.219120654867,5639.740215227623,5687.65404725866,961356
2024-07-22,5626.01611328125,5686.7195574591115,5569.6410459921635,5640.429464201775,271458
2024-07-23,5596.74658203125,5666.993594044696,5457.973820452772,5654.203504335915,319279
2024-07-24,5573.67529296875,5622.720466079487,5560.540758005328,5602.059550981032,144400
2024-07-25,5507.51123046875,5547.8986888877125,5471.2071467754495,5519.415949183649,273149
2024-07-26,5694.98486328125,5718.055931025687,5494.868751591646,5509.430066206984,497275
2024-07-29,5693.1640625,5764.0999623292555,5657.154945376985,5718.104832990755,199536
2024-07-30,5580.90673828125,5703.396449857453,5560.098341189276,5693.164473644549,368957
2024-07-31,5566.7880859375,5617.210555177157,5545.487763303952,5573.5275754664935,410606
2024-08-01,5587.203125,5674.225121540721,5535.157393472805,5597.140137125273,472017
2024-08-02,5420.93212890625,5576.430400439803,5391.5150171366795,5494.819593194955,425166
2024-08-05,5303.06689453125,5317.726210206157,5172.164946298959,5173.099798938755,733853
2024-08-06,5372.57568359375,5438.739802940301,5284.274870042033,5284.274870042033,393965
2024-08-07,5477.60205078125,5496.787185938903,5414.733934728651,5434.804441583408,260682
2024-08-08,5252.1025390625,5457.432862537614,5234.934591596482,5457.432862537614,496812
2024-08-09,5286.783203125,5394.466108315924,5279.060341236078,5352.160428458623,325943
2024-08-12,5313.24951171875,5347.733369713282,5233.95085808275,5286.783479779897,204264
2024-08-13,5297.9501953125,5318.611109372043,5217.175763790794,5260.268815638896,223672
2024-08-14,5339.91162109375,5352.111783669384,5280.339508936162,5307.887395325246,241696
2024-08-16,5473.912109375,5509.5767804987645,5398.352391401234,5440.3136256233165,445477
2024-08-19,5584.44873046875,5618.293181353456,5478.045112764182,5478.045112764182,281113
2024-08-20,5615.63623046875,5659.1227273123895,5574.019438732327,5588.285307916268,326477
2024-08-21,5621.1953125,5638.461741097838,5567.033914708947,5593.302982890656,247285
2024-08-22,5612.291015625,5675.848016166934,5566.099405031667,5642.3480133265075,223201
2024-08-23,5550.50537109375,5610.9138512845375,5529.254049486078,5599.107614879941,252213
2024-08-26,5647.267578125,5661.779410796539,5558.523839730752,5568.608333621144,333622
2024-08-27,5658.6796875,5705.363705808234,5613.914374753962,5622.720051507857,269054
2024-08-28,6028.6083984375,6098.806407702272,5676.831942251081,5681.7512073656835,3580339
2024-08-29,6033.08544921875,6050.696322924773,5957.279282658377,6015.277612741798,613085
2024-08-30,6056.6484375,6073.373939519021,5971.004220790809,6052.762506151428,1700749
2024-09-02,6054.1396484375,6100.872667581203,6003.471217155378,6003.471217155378,343399
2024-09-03,6046.4658203125,6079.227934386926,5986.745748623473,5998.551985103914,406722
2024-09-04,5973.1689453125,5989.844966595636,5893.03392067505,5908.037679978909,482013
2024-09-05,6050.00732421875,6099.8888656498775,5979.858794422574,5991.468068169368,636255
2024-09-06,6065.84765625,6215.934731171608,6047.695855243311,6104.808334123324,1157210
2024-09-09,6047.3515625,6098.856368381103,6006.423177447326,6035.938770456896,361840
2024-09-10,6240.92431640625,6296.659495391527,6077.555229854028,6105.447559791919,929755
2024-09-11,6197.5849609375,6262.224294676848,6173.677525388409,6229.757145937753,331331
2024-09-12,6289.13330078125,6306.498211477601,6176.9740502183095,6199.258226290229,426550
2024-09-13,6312.59814453125,6343.14658963768,6237.628349808507,6267.143941369115,278354
2024-09-16,6319.73095703125,6348.8036219978285,6287.903215334058,6341.916650766775,161324
2024-09-17,6351.509765625,6409.262135802197,6293.265468888873,6306.203521706357,367663
2024-09-18,6263.50341796875,6295.67560454364,6131.37214682231,6295.67560454364,757933
2024-09-19,6274.1787109375,6468.785142676798,6241.711558583932,6336.013974453927,753347
2024-09-20,6270.1943359375,6346.836396937843,6234.037734234281,6234.037734234281,393050
2024-09-23,6223.95263671875,6306.4978083650685,6185.139443227665,6296.659278242814,278381
2024-09-24,6241.662109375,6252.386011332349,6105.0050194631995,6223.854273436418,627620
2024-09-25,6004.01220703125,6241.662198266449,5992.20597049238,6241.662198266449,617659
2024-09-26,6064.51904296875,6095.953339257511,6004.553489369022,6035.889304275945,535600
2024-09-27,6037.02099609375,6256.3217521212555,6006.472069641458,6119.566173642745,5261322
2024-09-30,6143.52294921875,6172.005207057944,5925.746978381785,6001.503663976239,685928
2024-10-01,6172.15283203125,6184.450994605018,6089.066253524082,6143.522613480122,526014
2024-10-03,6083.99951171875,6203.193207404147,6053.1556238785115,6099.839641206426,297603
2024-10-04,6015.37646484375,6163.495360092319,6001.504039754419,6100.824204505561,330589
2024-10-07,6153.95166015625,6194.338634603312,6050.69609320368,6070.274672287658,608166
2024-10-08,6273.83349609375,6284.8528416379995,6085.179687016717,6187.943323024765,386713
2024-10-09,6336.5546875,6382.254854685803,6262.470743608572,6290.756519324961,485153
2024-10-10,6243.58056640625,6383.238701486761,6218.000386653066,6381.270995351901,200473
2024-10-11,6307.43310546875,6354.362609221572,6237.628537172346,6237.628537172346,383832
2024-10-14,6344.42529296875,6381.123299390916,6266.553421373578,6308.465656719391,208260
2024-10-15,6356.4775390625,6445.910164862266,6336.062588449133,6385.895129324175,597153
2024-10-16,6256.666015625,6365.529259980978,6237.6283629489035,6355.69072944005,155322
2024-10-17,6291.19970703125,6321.256227362076,6210.769715344581,6285.739034036325,310484
2024-10-18,5894.95263671875,6276.982591967632,5863.764302214277,6276.982591967632,1019092
2024-10-21,5847.1376953125,5970.561783548471,5826.624261253921,5931.650584000995,307418
2024-10-22,5781.76025390625,5899.97010840256,5765.379195786024,5872.57018374362,201412
2024-10-23,5839.216796875,5931.40401894466,5766.756116508987,5781.120466982181,379455
2024-10-24,5873.947265625,5897.5102583855005,5821.458608323014,5846.497861083781,179275
2024-10-25,5827.40234375,5905.782741111231,5752.674148704763,5893.640385489983,191734
2024-10-28,5814.17431640625,5885.496620778298,5750.798938614152,5833.91751484834,132878
2024-10-29,5777.10693359375,5870.591175543859,5730.908039809139,5848.72519660217,114850
2024-10-30,5720.73974609375,5804.302737388418,5706.031159605533,5766.988285007659,130223
2024-10-31,5637.5224609375,5783.7209450032615,5549.023668386254,5721.579033742052,492437
2024-11-01,5658.00634765625,5686.683152827508,5627.848320474516,5628.786315278417,23678
2024-11-04,5663.48486328125,5677.897495596264,5501.097044265197,5626.811965905804,198497
2024-11-05,5646.40673828125,5710.81892275857,5612.004118828576,5661.362114596637,163042
2024-11-06,5913.23583984375,5922.91029617098,5687.57098796353,5714.66872030393,517708
2024-11-07,5810.42333984375,5925.476636719469,5745.319949746739,5922.9595717061675,206546
2024-11-08,5850.84814453125,5916.049869612076,5813.582854596683,5823.2568297750095,169926
2024-11-11,5897.8857421875,5947.638505649854,5783.671146875992,5814.371916726579,146972
2024-11-12,5927.94482421875,5959.484778273364,5888.211635163672,5929.869978977654,289914
2024-11-13,5871.18310546875,5932.535483409023,5838.2120587680765,5927.944803924538,181293
2024-11-14,5917.6787109375,5933.818873648972,5844.036477124704,5870.689797635189,143974
2024-11-18,5766.49462890625,5908.102911159966,5638.163840280416,5878.537278975728,276072
2024-11-19,5810.37451171875,5888.409315798197,5757.610617668564,5766.4950575415205,218021
2024-11-21,5854.89453125,5870.195509697804,5773.256696738719,5804.549376357226,132376
2024-11-22,6054.94287109375,6069.305854833274,5854.894531760678,5903.117389275297,301184
2024-11-25,6036.72998046875,6117.232682869862,6010.965008960693,6071.033789278085,532812
2024-11-26,6147.19287109375,6183.964578542459,6045.12063057806,6069.99725365676,241508
2024-11-27,6181.2998046875,6220.637744059136,6110.569406910288,6147.983155550517,234693
2024-11-28,6080.65869140625,6193.342906806177,6007.41122803014,6189.394266883189,304005
2024-11-29,6093.1455078125,6169.749210411298,6051.290025571401,6051.290025571401,148132
2024-12-02,6133.5703125,6155.336996382612,6051.488059852547,6093.14592013322,114428
2024-12-03,6087.8154296875,6205.386276483188,6047.095081629351,6143.0963870512915,295648
2024-12-04,6141.61572265625,6168.762621695557,6073.452519873144,6120.391783407337,160443
2024-12-05,6265.65185546875,6278.336956571075,6160.0753934956765,6174.685167193721,259179
2024-12-06,6296.99462890625,6316.688663089524,6249.6605976068295,6264.517162333367,205466
2024-12-09,6307.01416015625,6355.335833083552,6248.722557225673,6296.994582947873,159761
2024-12-10,6494.8212890625,6538.947531787301,6318.119657391316,6318.169304596006,738557
2024-12-11,6513.87353515625,6557.357736765107,6456.815402655215,6549.411292225195,381763
2024-12-12,6582.03662109375,6647.929544521474,6516.291675248923,6534.949382997345,495471
2024-12-13,6628.23583984375,6651.4832621807245,6554.988384045051,6564.613192861652,338031
2024-12-16,6651.92822265625,6681.049441464822,6611.503829505435,6613.971729404466,269421
2024-12-17,6610.96142578125,6673.102859241381,6564.910025677458,6651.928566221081,228608
2024-12-18,6489.638671875,6649.41060607115,6471.869792787644,6613.774035499169,179125
2024-12-19,6140.72705078125,6288.208645370813,6125.870004884631,6288.208645370813,734279
2024-12-20,5749.515625,6207.261896254629,5726.514990485545,6207.261896254629,1118998
2024-12-23,5656.87109375,5819.308075469229,5633.721999440693,5802.427543428122,373162
2024-12-24,5652.18212890625,5713.682003275731,5628.786244415726,5689.9901635938695,196609
2024-12-26,5678.48974609375,5699.812497834054,5578.145031611646,5656.426624376433,380345
2024-12-27,5605.09423828125,5745.22178704296,5598.381743375412,5694.925794407279,341033
2024-12-30,5571.037109375,5634.659760175462,5530.069971953354,5607.512861884009,908239
2024-12-31,5514.1767578125,5547.839009056267,5439.2514127936,5547.839009056267,299147
2025-01-01,5600.50390625,5609.931090812145,5530.810318528558,5553.3173722122065,150254
2025-01-02,5679.18017578125,5697.245491495088,5572.566904593396,5587.325138178238,371309
2025-01-03,5659.78271484375,5705.784464541526,5626.81166918455,5705.784464541526,285435
2025-01-06,5657.75927734375,5813.384947100416,5635.1037636805295,5768.913584145733,394865
2025-01-07,5683.03076171875,5765.0142041286035,5664.373052743287,5710.522781175309,152237
2025-01-08,5806.32666015625,5824.243516265817,5588.805875820156,5676.169528564144,254792
2025-01-09,5765.705078125,5826.513742960938,5736.485048391818,5822.170335760039,211300
2025-01-10,6045.76220703125,6073.7974527714105,5806.47473528776,5806.47473528776,1095351
2025-01-13,5953.31494140625,6078.881881389452,5927.8955723822955,6015.752809008778,453385
2025-01-14,5678.044921875,5965.308452242132,5650.256467143881,5953.314555881714,469510
2025-01-15,5762.59521484375,5829.623759214789,5617.927120954369,5691.964115168316,315806
2025-01-16,5902.03173828125,5954.104425838082,5780.364273989697,5801.983462584733,507014
2025-01-17,5814.66796875,5903.21640766972,5695.912821447205,5779.821415870604,766633
2025-01-20,5750.5029296875,5823.010024170563,5716.347579448379,5809.436574230772,173144
2025-01-21,5684.4619140625,5806.376171198581,5667.236261674183,5746.258225013171,157604
2025-01-22,5774.78662109375,5797.688923651732,5618.91416878711,5671.282808845082,203767
2025-01-23,5924.9833984375,5981.893557213556,5746.258275859208,5746.258275859208,283420
2025-01-24,5921.13330078125,5970.294155025775,5885.052797760203,5946.256714071963,219285
2025-01-27,5612.69580078125,5851.983288207374,5547.839196023055,5780.364541051683,418147
2025-01-28,5592.65576171875,5654.945649600495,5537.967198090037,5577.453595224369,262239
2025-01-29,5807.21533203125,5863.730240493923,5602.08368241596,5602.08368241596,248653
2025-01-30,5765.2607421875,5847.836573371138,5741.766528817084,5837.125791800746,178832
2025-01-31,5838.2119140625,5878.537494368272,5748.47917113015,5789.693098987392,225354
2025-02-01,5830.462890625,5872.466837655021,5787.867033206848,5838.212192994687,104183
2025-02-03,5716.29736328125,5794.430972755451,5659.832106358905,5774.885399592267,315896
2025-02-04,5826.46484375,5841.667010652967,5745.221772267225,5757.363646907694,251536
2025-02-05,5947.3427734375,6018.665080183184,5794.776913191791,5824.243734249613,372380
2025-02-06,5868.517578125,6006.818775343896,5830.5119222974645,5973.008549055764,82706
2025-02-07,5880.1171875,5919.9983539792265,5807.610094728706,5898.182022188702,96121
2025-02-10,5723.45458984375,5922.959712564297,5700.848723343135,5889.396274193099,107380
2025-02-11,5604.79833984375,5742.260365307439,5578.440975908868,5690.97721219512,173609
2025-02-12,5632.2412109375,5639.743723114641,5535.055119050039,5605.094311752367,181440
2025-02-13,5529.52734375,5671.184797830756,5508.352569830113,5602.181931104708,240957
2025-02-14,5440.8310546875,5584.4131849017995,5405.737228110738,5559.685020150593,325701
2025-02-17,5402.33203125,5453.664352379276,5342.658015132524,5414.621884313337,334769
2025-02-18,5595.81494140625,5612.0042680462975,5405.687840250048,5430.613628775672,368623
2025-02-19,5399.86328125,5584.363363865974,5389.89287019767,5584.363363865974,300572
2025-02-20,5325.974609375,5379.922803117206,5286.290587406363,5369.162856288518,319665
2025-02-21,5230.46728515625,5352.776313342159,5199.371745006694,5315.955437969754,186213
2025-02-24,4982.640625,5215.16595573763,4876.5700967904395,5167.782278683795,1199262
2025-02-25,4899.47265625,4996.954705283935,4863.737271799457,4969.807805552966,486917
2025-02-27,4815.958984375,4916.056914299967,4799.572031591654,4887.429273634364,243046
2025-02-28,4606.0390625,4786.7384946586735,4590.738083603896,4763.046656367931,562521
2025-03-03,4772.12890625,4791.328878405047,4571.586973303661,4607.963914497375,460970
2025-03-04,4624.8447265625,4719.612089155883,4580.422525346851,4653.4723673459175,456566
2025-03-05,4712.2080078125,4752.8295432361765,4609.049793333312,4609.049793333312,437483
2025-03-06,4761.17138671875,4784.764413792713,4722.030589989901,4742.365699929148,331678
2025-03-07,4661.3203125,4752.23736206549,4637.036080318052,4752.23736206549,324150
2025-03-10,4610.974609375,4718.6242009026455,4602.830540409007,4672.178521604281,253711
2025-03-11,4594.6865234375,4617.93394594429,4463.937003753758,4540.935474849024,241860
2025-03-12,4428.30078125,4609.148679261196,4408.656394390278,4561.666188642516,582088
2025-03-13,4409.6923828125,4519.217965139272,4380.472835750769,4453.078252674368,483273
2025-03-17,4303.81982421875,4387.926046073019,4184.571093206643,4371.341951459472,1122866
2025-03-18,4303.81982421875,4303.81982421875,4303.81982421875,4303.81982421875,0
2025-03-19,4309.3974609375,4401.746078549584,4270.45380933068,4401.746078549584,596998
2025-03-20,4364.3818359375,4457.026887690838,4329.387307166948,4376.672169329486,867249
2025-03-21,4462.20947265625,4474.499806036009,4205.1034876601525,4294.145502141405,748890
2025-03-24,4561.07373046875,4583.77840928834,4446.168408844988,4500.462206022269,465723
2025-03-25,4547.25341796875,4616.996170817524,4501.794895868773,4616.996170817524,646427
2025-03-26,4560.43212890625,4599.128991325759,4522.377306056543,4565.614718586808,359284
2025-03-27,4596.1181640625,4618.921656546533,4501.00520131943,4528.152101416679,390826
2025-03-28,4433.68115234375,4566.996917236612,4417.5409899780225,4481.755555027653,447846
2025-04-01,4369.7626953125,4425.882839550215,4318.825141244278,4417.146376862152,230709
2025-04-02,4442.12109375,4451.055180768283,4340.147660709056,4392.615117198245,269265
2025-04-03,4286.19970703125,4392.862156014734,4248.243210878518,4334.619713946224,505177
2025-04-04,4083.140625,4290.197438803264,4048.3432343608342,4254.659678150499,661108
2025-04-07,4005.055908203125,4047.355808605155,3753.182142516292,3849.9238179414883,433019
2025-04-08,4122.23193359375,4183.041082325792,4010.63345412841,4116.901366317835,390791
2025-04-09,4055.10498046875,4118.036425472641,3973.071894578989,4061.916287525659,564545
2025-04-11,4186.34765625,4198.637990235757,4113.544611101023,4181.955083749718,473127
2025-04-15,4262.16162109375,4272.42798750798,4186.3474526259815,4270.453667735564,344488
2025-04-16,4221.39208984375,4273.909194333046,4200.365774774711,4252.784066862257,254885
2025-04-17,4138.07568359375,4177.167313879971,3988.224996510213,4096.713778235113,783069
2025-04-21,4242.22119140625,4294.145902631213,4146.071905988757,4155.943505764921,556193
2025-04-22,4264.92578125,4304.017411944311,4193.554309173125,4244.787814532233,551413
2025-04-23,4478.44873046875,4501.449364460549,4343.404960327917,4343.503772725091,1156118
2025-04-24,4475.5859375,4530.866899010667,4389.209435139583,4526.128723685874,1019766
2025-04-25,4440.54150390625,4540.738240943832,4389.209185423942,4466.997680331077,589535
2025-04-28,4429.0908203125,4471.735841714241,4355.547402711739,4452.091454757452,246396
2025-04-29,4539.06005859375,4585.357761766626,4437.283775918404,4437.283775918404,446566
2025-04-30,4527.609375,4584.765843039496,4498.58696717799,4538.9617150877575,299487
2025-05-02,4514.18359375,4654.459117642693,4478.843460698555,4540.935724529457,417574
2025-05-05,4561.86376953125,4613.985622266942,4531.162998577669,4540.836973316469,269019
2025-05-06,4478.349609375,4638.66427753352,4462.949818839975,4547.845568545845,386507
2025-05-07,4500.56103515625,4532.446108812442,4421.291801775616,4442.219785570091,203025
2025-05-08,4541.13330078125,4612.80072605819,4490.09693961816,4506.385078455952,551222
2025-05-09,4562.2587890625,4600.560404565586,4442.515990893272,4453.177608185975,223407
2025-05-12,4876.96484375,4913.094993753174,4641.724824175454,4689.0096886332285,719620
2025-05-13,4856.3330078125,4974.496237721575,4842.216814396669,4905.1974216526705,526485
2025-05-14,4969.56103515625,4997.299845381385,4876.5703709063455,4906.08635832791,347597
2025-05-15,4969.26416015625,4990.093330599267,4891.377339885136,4975.285931992147,348072
2025-05-16,4982.98583984375,5023.459398094589,4958.010885727789,4975.286184981196,191664
2025-05-19,4955.64208984375,5014.180485953837,4917.833572045888,4982.492553056309,215837
2025-05-20,4951.001953125,5064.13058062672,4928.790854087164,4985.157784047746,456026
2025-05-21,4969.16552734375,5009.244317424428,4919.017995053361,4994.042150707396,236378
2025-05-22,4958.7021484375,5033.331056474784,4906.382670087337,4936.293424339447,342893
2025-05-23,5026.037109375,5065.083770749147,4963.3835647254355,4980.416687068975,263133
2025-05-26,5091.57958984375,5115.784219943979,5021.455421471349,5034.703135064365,232194
2025-05-27,5087.69482421875,5096.958204285235,5036.197123483711,5080.0247883241545,147941
2025-05-28,5079.32763671875,5136.801840613457,5052.134755786592,5114.987712502418,194327
2025-05-29,5108.11474609375,5256.132340376836,5094.966251542243,5129.729462612337,539696
2025-05-30,5049.046875,5139.491536424656,5027.133040955134,5110.206296378724,349175
2025-06-02,5052.6328125,5101.9389385165105,4981.412852698373,5036.197437161163,225717
2025-06-03,5041.177734375,5095.464275873407,5000.338317834914,5077.534775928979,229510
2025-06-04,5132.8173828125,5150.248841030862,5023.746258531893,5065.08371659258,220305
2025-06-05,5161.20556640625,5186.107648652734,5103.432735594407,5164.691857920758,217932
2025-06-06,5183.61767578125,5198.5589258075215,5138.295884034892,5179.63334244091,154159
2025-06-09,5237.40625,5266.292667126284,5190.092290913845,5190.092290913845,132596
2025-06-10,5363.90869140625,5423.673690753395,5238.900234438473,5259.319942548746,428695
2025-06-11,5372.87353515625,5397.775618652525,5312.11245142534,5388.810868593866,196348
2025-06-12,5393.791015625,5477.462011989266,5335.520143157029,5388.810599174746,339679
2025-06-13,5407.736328125,5466.505243829434,5286.214163448034,5290.198496716131,209830
2025-06-16,5428.15625,5476.96433445729,5344.983289751353,5398.771790989999,176060
2025-06-17,5492.9013671875,5532.74469925523,5428.653994228284,5438.614827245217,349300
2025-06-18,5429.15234375,5521.788096060568,5408.732634907347,5492.901678673401,181165
2025-06-19,5346.97509765625,5433.634343836596,5239.39810239789,5433.634343836596,377075
2025-06-20,5355.44189453125,5412.716684624349,5223.9588981436145,5346.975186430531,442064
2025-06-23,5306.6337890625,5370.3831203623595,5284.221914777393,5304.143580808599,123073
2025-06-24,5315.5986328125,5378.84992358053,5303.1475913227305,5373.869506984623,171186
2025-06-25,5414.708984375,5443.097359293081,5320.081067981398,5339.006651260118,345355
2025-06-26,5351.95556640625,5438.614813433486,5329.543692175068,5438.614813433486,275607
2025-06-27,5272.26904296875,5403.752041962114,5259.319959734555,5373.371500528041,275493
2025-06-30,5296.1748046875,5304.143470934914,5220.472475337067,5298.665012889816,137935
2025-07-01,5283.22607421875,5366.89707539416,5264.798532293214,5296.175157733992,242101
2025-07-02,5283.72412109375,5361.418622261685,5254.837703992851,5299.163412992506,201256
2025-07-03,5303.6455078125,5318.5867572476,5276.751258829321,5306.135716051684,149303
2025-07-04,5295.1787109375,5329.54358406153,5270.774670603044,5303.645418808638,154919
2025-07-07,5329.0458984375,5353.9479820750585,5284.720189562646,5296.175148035923,218259
2025-07-08,5347.97119140625,5393.292981163931,5314.602401145101,5330.041692161454,199345
2025-07-09,5308.6259765625,5367.892933238636,5270.774810954212,5353.449725309158,248609
2025-07-10,5299.1630859375,5327.551459612166,5256.331504603795,5319.084751674108,164263
2025-07-11,5185.60986328125,5256.33178035635,5150.2489047437,5219.476696810171,372811
2025-07-14,5137.7978515625,5185.60985173214,5081.519143029487,5180.629435047802,181796
2025-07-15,5229.935546875,5252.845463564482,5138.295880117073,5142.778255121536,152240
2025-07-16,5306.1357421875,5317.092658493875,5220.970619987945,5238.900119398377,210384
2025-07-17,5174.15478515625,5314.104491059504,5133.813410856736,5306.135824531205,501952
2025-07-18,5103.93115234375,5218.480739096195,5050.640692419786,5218.480739096195,1230478
2025-07-21,5133.8134765625,5146.762559836717,5096.958393397422,5104.927060027709,182552
2025-07-22,5155.22900390625,5184.115418960502,5122.358255741067,5141.781879656857,179391
2025-07-23,5277.24951171875,5289.202511745293,5138.295886410187,5179.633344835315,312770
2025-07-24,5185.60986328125,5282.727988842126,5169.672529855876,5281.233863833498,282828
2025-07-25,5076.04052734375,5203.53919051094,5050.640403040911,5169.672358107155,364335
2025-07-28,5027.232421875,5114.88775239313,5008.306839149495,5070.064003832723,172801
2025-07-29,5036.6953125,5069.068020431622,4986.393104790863,5025.24035430881,198271
2025-07-30,5119.3701171875,5128.8329085316545,5025.738287045341,5037.193244988265,152345
2025-07-31,5086.00146484375,5129.829131207464,5047.154215112276,5050.142465091621,152446
2025-08-01,4997.84814453125,5079.526978183779,4987.88731115899,5072.056353154584,277363
2025-08-04,5069.06787109375,5082.514995530725,4920.153418995398,4994.8596658674805,226983
2025-08-05,5111.4013671875,5129.330866283159,5025.2401632000265,5080.024743770096,183181
2025-08-06,5015.77734375,5111.89938002681,5002.330219504021,5104.92679708445,231816
2025-08-07,5017.76953125,5069.565861895161,4939.576993641439,4991.3733242866,236366
2025-08-08,4992.36962890625,5034.703170252721,4972.4479623902635,5011.295212096437,130871
2025-08-11,5046.65625,5055.122958403237,4967.467624346195,4992.369707885127,79531
2025-08-12,5086.99755859375,5119.86830843389,5026.2364755559165,5046.656183789943,156885
2025-08-13,5094.46826171875,5111.899720234749,5035.699344436239,5109.907553547207,237765
2025-08-14,5087.99365234375,5251.351318550558,5080.024985699515,5129.8291522259815,493674
2025-08-18,5069.56591796875,5128.832873881735,5004.820503946161,5128.832873881735,285502
2025-08-19,5090.98193359375,5102.43689196517,5023.746308370197,5071.558308529168,89784
2025-08-20,5160.20947265625,5219.476428282743,5059.605060584388,5060.103102228309,330652
2025-08-21,5214.49609375,5232.923634864494,5122.358388177531,5185.609677948902,192476
2025-08-22,5204.037109375,5236.907857697208,5182.621318801441,5214.495983841157,94919
2025-08-25,5272.26904296875,5329.045792534066,5228.441376637628,5232.425709940458,230351
2025-08-26,5145.2685546875,5284.22218228965,5125.844929323758,5229.4375979303795,239811
2025-08-28,5102.93505859375,5168.676560422207,5047.652432056184,5145.268601437832,318813
2025-08-29,5113.3935546875,5129.330887282221,5053.130515813712,5090.981680726174,204015
2025-09-01,5176.64501953125,5194.574519310269,5094.468145544079,5100.942687130947,137689
2025-09-02,5222.962890625,5248.861056955933,5147.7585999332505,5169.672432982502,251752
2025-09-03,5170.66845703125,5214.4961226273535,5117.876041654125,5209.515706082342,257165
2025-09-04,5189.59423828125,5215.492405305303,5151.245029418711,5214.496321958223,107889
2025-09-05,5175.15087890625,5244.378669510424,5049.146339173473,5177.1430455423415,245302
2025-09-08,5069.06787109375,5221.4686147127995,5052.632496781892,5181.625283047689,153438
2025-09-09,5165.18994140625,5187.6018156096325,5084.507194274072,5084.507194274072,177812
2025-09-10,5286.21435546875,5377.8540239637805,5158.715686258273,5189.594270207685,589857
2025-09-11,5270.77490234375,5314.104526883474,5194.5745281532,5314.104526883474,172477
2025-09-12,5311.6142578125,5331.535924039646,5270.276800391175,5285.716091717212,119090
2025-09-15,5320.5791015625,5333.030143174319,5274.261226766533,5319.084976569082,93202
2025-09-16,5354.44580078125,5367.892925385575,5304.641635580048,5334.0260930487575,203709
2025-09-17,5401.759765625,5422.677515040107,5352.453642003677,5354.445808614639,233186
2025-09-18,5502.8623046875,5596.992178484761,5429.6501806229635,5433.634513905387,603028
2025-09-19,5487.9208984375,5543.20352115522,5456.046233086742,5502.862147820668,130106
2025-09-22,5239.3984375,5358.928439876426,5171.166727810123,5334.026356048003,488338
2025-09-23,5241.888671875,5278.245714444774,5196.0688374035035,5259.818172320368,263293
2025-09-24,5186.60595703125,5254.339624225052,5174.1549152676835,5243.382707473113,262080
2025-09-25,5193.57861328125,5217.484613802682,5164.692195984519,5164.692195984519,246653
2025-09-26,5055.123046875,5178.637383389778,5022.252296028325,5169.672633158867,284891
2025-09-29,5137.7978515625,5167.182310000091,4990.377517706112,5080.025018024186,212172
2025-09-30,5137.2998046875,5161.7038464160205,5064.0876795019385,5105.425137940045,319322
2025-10-01,5102.93505859375,5124.848892536569,5000.338472406915,5100.942891871676,308270
2025-10-03,5099.94677734375,5134.809694766998,5074.546651792526,5102.9350274086,119918
2025-10-06,5253.34326171875,5260.315844735821,5101.440560275422,5105.424893428035,220778
2025-10-07,5248.36279296875,5479.454113517004,5234.915668712709,5353.947620460624,448771
2025-10-08,5321.5751953125,5372.375445188201,5245.374820498947,5274.261237094935,278405
2025-10-09,5412.716796875,5428.654130100985,5303.147630946356,5346.975297317814,214355
2025-10-10,5450.06982421875,5483.936656718693,5359.426243115961,5429.152074733491,347012
2025-10-13,5476.46630859375,5492.403642340112,5392.795306425348,5428.654307354663,184814
2025-10-14,5447.57958984375,5593.007752234897,5436.124631847187,5538.223170512205,445186
2025-10-15,5587.529296875,5607.949004618282,5477.46209172219,5477.46209172219,339385
2025-10-16,5600.478515625,5645.8003070809245,5568.105807442196,5607.949140590263,226385
2025-10-17,5583.046875,5729.471119536129,5563.6232507248,5727.4789529438,956634
2025-10-20,5574.580078125,5676.678614354396,5565.117286962275,5591.5134938898755,207857
2025-10-21,5539.21923828125,5649.784484720599,5511.8269474967265,5589.023403344019,34204
2025-10-23,5595.0,5653.768915791348,5578.066583585544,5589.023500089016,463480
2025-10-24,5546.0,5662.0,5520.5,5618.0,182417
2025-10-27,5640.0,5658.5,5557.5,5574.0,159713
2025-10-28,5596.0,5658.0,5570.0,5658.0,179145
2025-10-29,5674.0,5676.0,5571.0,5599.0,189897
2025-10-30,5699.0,5710.0,5626.0,5674.0,217590
2025-10-31,5684.5,5750.0,5652.5,5728.0,219226
2025-11-03,5704.5,5728.0,5665.0,5684.5,251579
2025-11-04,5620.0,5719.0,5587.0,5675.5,165665
2025-11-06,5652.0,5681.5,5601.0,5620.0,315445
2025-11-07,5567.5,5638.0,5508.5,5635.0,129338
2025-11-10,5643.0,5695.0,5575.0,5575.0,139341
2025-11-11,5710.5,5725.0,5612.0,5665.0,159819
2025-11-12,5893.5,5910.0,5729.5,5750.0,513138
2025-11-13,5847.0,5906.5,5833.5,5900.0,126590
2025-11-14,5809.0,5844.5,5765.0,5825.0,145287
2025-11-17,5848.5,5875.0,5796.5,5826.0,108410
2025-11-18,5756.0,5862.5,5749.0,5848.0,160191
2025-11-19,5972.0,6039.0,5789.0,5791.0,868072
2025-11-20,6027.0,6091.0,5959.0,6000.0,398886
2025-11-21,5926.0,6014.0,5909.5,5999.5,198141
2025-11-24,5922.0,6025.0,5905.5,5930.0,416887
2025-11-25,5833.0,5918.0,5805.0,5850.0,356220
2025-11-26,5890.0,5902.0,5832.0,5833.0,287745
2025-11-27,6025.5,6049.0,5862.5,5917.0,258165
2025-11-28,6096.5,6124.0,6010.0,6031.0,399436
2025-12-01,6152.5,6172.0,6100.5,6122.0,372204
2025-12-02,6164.0,6176.0,6091.5,6140.0,277406
2025-12-03,6159.0,6216.5,6120.0,6164.0,349340
2025-12-04,6266.0,6289.5,6159.0,6185.0,502306
2025-12-05,6292.0,6380.0,6240.5,6266.0,319657
2025-12-08,6256.0,6346.5,6205.0,6335.0,253030
2025-12-09,6245.5,6255.5,6160.0,6225.0,282890
2025-12-10,6220.5,6298.0,6195.0,6231.0,208454
2025-12-11,6294.5,6312.0,6215.0,6224.5,166721
2025-12-12,6284.5,6318.0,6250.0,6314.5,170630
2025-12-15,6269.5,6303.5,6233.0,6271.0,107413
2025-12-16,6216.0,6259.0,6181.0,6240.0,198232
2025-12-17,6252.5,6292.5,6212.0,6217.0,405919
2025-12-18,6245.0,6308.0,6182.5,6280.0,318467
2025-12-19,6197.5,6290.0,6027.0,6288.0,635441
2025-12-22,6191.5,6249.5,6183.0,6205.0,236460
2025-12-23,6202.5,6217.0,6126.0,6197.0,160279
2025-12-24,6163.0,6243.5,6134.5,6202.5,174322
2025-12-26,6035.5,6174.5,6020.0,6160.0,113668
2025-12-29,6033.5,6117.0,6019.0,6020.0,128969
2025-12-30,6074.0,6093.5,6003.0,6015.0,239568
2025-12-31,6063.5,6105.5,6036.5,6052.0,93136
2026-01-01,6112.0,6120.0,6040.0,6063.5,54661
2026-01-02,6067.0,6145.0,6052.0,6130.0,134408
2026-01-05,6059.0,6150.5,6012.5,6067.5,334004
2026-01-06,5982.5,6083.0,5970.0,6050.0,361933
2026-01-07,6102.0,6124.0,5977.5,5985.0,292945
2026-01-08,6018.0,6134.0,6000.5,6107.0,146676
2026-01-09,6037.0,6100.0,5999.5,6001.0,174207
2026-01-12,6000.5,6021.0,5901.0,6000.0,327804
2026-01-13,6100.5,6108.5,6003.5,6039.0,197592
2026-01-14,6030.5,6105.0,6014.5,6105.0,165031
2026-01-15,6030.5,6030.5,6030.5,6030.5,0
2026-01-16,6308.0,6370.0,6030.5,6030.5,872154
2026-01-19,6407.0,6429.5,6266.5,6300.0,530829
2026-01-20,5976.5,6247.5,5911.5,6245.5,1490878
2026-01-21,5844.0,5949.5,5751.5,5900.5,726770
2026-01-22,5947.0,6041.5,5864.0,5902.5,378212
2026-01-23,5893.5,6022.0,5854.0,5960.0,238727
2026-01-27,5940.5,5995.0,5841.0,5894.0,240005
2026-01-28,6015.5,6035.0,5934.0,5960.0,149076
2026-01-29,5995.0,6015.5,5902.0,6015.5,182049
2026-01-30,5974.5,5992.5,5889.0,5966.0,260551
2026-02-02,5986.0,6068.5,5929.0,6068.5,174587
2026-02-03,6044.0,6275.5,6016.0,6200.0,169450
2026-02-04,5706.5,5800.0,5545.0,5800.0,824065
2026-02-05,5683.5,5741.0,5619.5,5700.0,303053
2026-02-06,5561.5,5650.0,5500.0,5650.0,390513
2026-02-09,5626.5,5660.5,5561.5,5561.5,147369
2026-02-10,5662.0,5680.0,5586.0,5641.5,309623
2026-02-11,5515.5,5692.0,5490.0,5685.0,268051
2026-02-12,5211.5,5438.5,5180.0,5438.5,624232
2026-02-13,5115.5,5178.5,4988.0,5004.0,687029
2026-02-16,5118.5,5144.0,5057.0,5100.0,216966
2026-02-17,5164.5,5234.5,5051.0,5097.0,316641
2026-02-18,5054.0,5195.0,4995.0,5181.5,289565
2026-02-19,4959.5,5117.5,4921.0,5061.0,203502
2026-02-20,4889.5,4961.5,4862.0,4945.0,244127
2026-02-23,4831.5,4876.0,4765.0,4849.5,363966
2026-02-24,4501.0,4780.0,4465.5,4778.0,883696
2026-02-25,4559.0,4661.5,4515.5,4524.0,370208
2026-02-26,4504.0,4655.0,4486.5,4580.0,270646
2026-02-27,4462.0,4649.0,4435.0,4590.0,464787
2026-03-02,4404.39990234375,4477.0,4356.5,4393.89990234375,171388
2026-03-04,4349.2998046875,4434.0,4325.2998046875,4330.10009765625,193103
2026-03-05,4306.39990234375,4412.0,4260.0,4385.0,193854
2026-03-06,4292.0,4388.2998046875,4262.0,4270.0,228424
2026-03-09,4317.2001953125,4356.0,4195.5,4250.0,253802
2026-03-10,4323.10009765625,4369.0,4275.5,4355.0,98559
2026-03-11,4262.7001953125,4373.39990234375,4253.10009765625,4330.0,186094
2026-03-12,4323.60009765625,4372.89990234375,4220.0,4262.7001953125,229386
2026-03-13,4206.5,4299.0,4197.0,4299.0,160275
2026-03-16,4207.10009765625,4274.0,4160.10009765625,4214.89990234375,220848
2026-03-17,4189.2001953125,4229.0,4108.10009765625,4229.0,203282
2026-03-18,4298.7998046875,4372.89990234375,4214.7001953125,4221.5,243300
2026-03-19,4198.5,4279.89990234375,4181.0,4279.89990234375,107184
2026-03-20,4298.7998046875,4389.39990234375,4048.0,4140.0,1110895
2026-03-23,4105.60009765625,4236.0,4071.0,4236.0,569410
2026-03-24,4211.5,4240.0,4105.7001953125,4210.0,317949
2026-03-25,4292.89990234375,4323.60009765625,4170.0,4220.0,537105
2026-03-27,4200.7001953125,4310.2998046875,4182.10009765625,4272.0,432608
