Date,Close,High,Low,Open,Volume
,NTPC.NS,NTPC.NS,NTPC.NS,NTPC.NS,NTPC.NS
2020-01-01,94.73125457763672,95.08196436285111,92.15936299923888,92.7828536685619,9953746
2020-01-02,94.61434936523438,95.19886963815051,93.99085869570474,94.69228421241365,8731299
2020-01-03,93.01666259765625,94.5753833984416,92.82182249755809,94.30260844751376,7392962
2020-01-06,92.66593170166016,92.86077175740543,90.79546597729623,92.74386653474895,6596841
2020-01-07,93.951904296875,94.73126474414548,92.93873333700405,92.93873333700405,8959942
2020-01-08,93.48428344726562,94.10777418467244,91.61382312714186,93.28944333508203,6372683
2020-01-09,93.01666259765625,94.4584781491731,92.66595279589875,93.91292824731742,8309627
2020-01-10,93.75704956054688,94.92609004910209,92.78284915341753,93.48426868971274,5588344
2020-01-13,94.88712310791016,95.08196319642742,93.60117733448665,93.83498781912643,3534313
2020-01-14,96.25101470947266,96.6406949309685,94.57538856783087,94.88713393423721,8631692
2020-01-15,96.5237808227539,97.42004643920414,95.35474026548346,95.86132569617688,6537916
2020-01-16,94.6533203125,96.17307669402176,94.26364010380952,96.17307669402176,8806007
2020-01-17,94.45846557617188,94.84814572449939,93.99085058738828,94.65330565033562,6811534
2020-01-20,92.15937042236328,94.88713191477994,91.8086606089004,94.30261159497637,10655638
2020-01-21,91.30207061767578,93.17253673755816,91.14619497249099,92.2762711024012,5150830
2020-01-22,87.40526580810547,90.21096192275705,86.89868038347656,89.58747125459107,19388739
2020-01-23,88.45740509033203,89.19779508932092,87.52217499202524,87.75597954357796,22793170
2020-01-24,89.43159484863281,90.63960569777399,88.49636486262156,88.84707462086396,9898052
2020-01-27,88.18463134765625,89.86025741393753,87.75598074486986,89.62644691313623,5597365
2020-01-28,87.32733154296875,88.6522417890899,86.4310659312761,88.6522417890899,12128081
2020-01-29,88.22357940673828,89.54849542167003,87.09350940363339,87.36628430651592,18501507
2020-01-30,88.57431030273438,89.47057594843805,87.32733485682175,88.41843465571533,18545239
2020-01-31,87.95082092285156,89.82128709273417,86.89868556043261,88.65224647981354,64518347
2020-02-03,85.92446899414062,87.01557455152958,83.54741781361638,85.30097840533354,14889516
2020-02-04,87.28836822509766,87.5221787326913,85.9244874715805,86.00242232542898,9743806
2020-02-05,86.66487121582031,87.75597692869835,86.11932133240518,86.74281201006342,10671590
2020-02-06,87.28836822509766,87.67804844038827,86.11932757922581,86.11932757922581,11852617
2020-02-07,90.09406280517578,90.60064826425001,87.5221770027227,87.6001118550307,18446803
2020-02-10,88.45740509033203,90.32787123299357,87.32733489270733,90.24993638247601,31637511
2020-02-11,91.0682601928711,91.6138160323651,88.92501912482898,89.23676446939014,20937033
2020-02-12,91.029296875,92.66595252177345,90.71755152655554,91.18516657619824,13679292
2020-02-13,89.74334716796875,91.26309750043616,89.39263143628939,91.02929295869764,20903696
2020-02-14,87.83391571044922,90.01612723393349,87.2104309509166,89.47057732608644,23827224
2020-02-17,85.96345520019531,88.65224622372648,85.10615399635822,88.1456607703813,22137354
2020-02-18,85.41787719726562,86.43104784121722,80.8975915802078,85.41787719726562,34458578
2020-02-19,87.32733154296875,88.6522417890899,86.04138574758778,87.5221716348129,17935374
2020-02-20,86.78176879882812,87.6000994977449,86.47002348752424,87.0545437164513,19663654
2020-02-24,85.4958267211914,86.3141574547115,84.83337162293812,86.3141574547115,11370193
2020-02-25,85.80757141113281,87.63906700312954,85.45686163995911,86.43106205549434,10775289
2020-02-26,85.0282211303711,86.9376577381739,84.36576595870406,85.72964670168543,14998071
2020-02-27,84.98925018310547,85.96345063937194,83.11878411786432,85.10614948101929,22610691
2020-02-28,83.04084777832031,85.88550830266139,82.10561178948217,83.11878262421159,25696761
2020-03-02,80.97554016113281,85.72963702513536,80.04030418959374,85.22305161714097,15614944
2020-03-03,84.87235260009766,85.69067748959849,81.28729578664353,81.56007074981046,17194661
2020-03-04,84.13194274902344,86.50899406341918,83.7812329893474,84.67749853146616,17095867
2020-03-05,84.05401611328125,85.45686718103265,83.43053137454007,84.24885620902185,11579256
2020-03-06,81.94974517822266,83.54743039021808,80.19618432253763,81.63799983689131,13533444
2020-03-09,80.1961898803711,81.36523053184575,77.58533361462067,81.05348516890953,47383195
2020-03-11,80.31309509277344,81.67697585211472,79.10508404179471,80.27412469265867,28434577
2020-03-12,73.53265380859375,77.93604133312493,72.675358543139,77.15668091979367,47225243
2020-03-13,76.41627502441406,78.52054532467139,63.32302042312208,70.14242262253524,49533058
2020-03-16,70.76592254638672,74.81859401018609,68.7785512645721,74.81859401018609,34649740
2020-03-17,68.6616439819336,74.74065694304174,67.2977634024841,70.92179013137367,21241388
2020-03-18,62.777488708496094,70.41521780424065,58.37410083070869,69.36308235104686,88654467
2020-03-19,61.06288146972656,66.20665852619642,58.49099591451539,61.218757105405956,33846928
2020-03-20,63.32304000854492,64.18033536098933,59.50417240651217,61.17979865440955,58499591
2020-03-23,59.54313278198242,62.3488288929559,57.049176058635574,58.3740922402395,37653540
2020-03-24,60.439395904541016,62.037081011684315,58.49099508164862,60.86804051794888,13742927
2020-03-25,62.115028381347656,62.73851914882374,58.68584699837508,60.79011793302176,16472741
2020-03-26,62.46794128417969,64.4678529134012,59.91902973007732,64.31099921119821,39959613
2020-03-27,65.09529113769531,66.19328519697609,62.93851944337408,64.70315082963691,39345541
2020-03-30,64.11494445800781,65.48743562377557,62.11502636588301,62.66402642234208,17043895
2020-03-31,66.03641510009766,66.50698818264428,63.6443631872171,64.8992107789757,28293281
2020-04-01,63.5267219543457,66.15406049277746,63.213008550446645,66.11485005703102,14355207
2020-04-03,62.389522552490234,64.38943444198155,61.84052255616217,64.35022400312053,18310156
2020-04-07,63.95808792114258,64.35022823706966,62.820877414802204,63.997298362583464,47686619
2020-04-08,66.8207015991211,68.07555528725841,62.97773162585453,63.958082329970665,38072700
2020-04-09,68.31083679199219,69.29118750939617,66.899135349082,69.29118750939617,9322342
2020-04-13,69.52647399902344,69.91861428555646,66.46777856734862,68.31083671733667,33266662
2020-04-15,70.50680541992188,73.87920737103696,69.56566539965067,69.76173548925914,24127975
2020-04-16,74.58509826660156,75.52623875849928,68.2324253765379,68.42849556440152,20876392
2020-04-17,74.89877319335938,79.21231510501882,74.50663301957216,79.21231510501882,16969641
2020-04-20,77.56535339355469,77.8790668337374,73.25181004590448,76.07521904037647,17639066
2020-04-21,76.31050872802734,77.17321623601768,74.93801760690157,75.68308182207814,15085097
2020-04-22,76.5457763671875,77.3692732938399,74.42822138948905,76.31049580499068,10342633
2020-04-23,74.66350555419922,76.62420691837026,74.1537279863833,76.42813678195316,14078729
2020-04-24,73.2518081665039,75.56543350926725,72.11459772296695,74.31058576431788,10148964
2020-04-27,72.42829895019531,74.03607627921319,72.07537513825726,74.03607627921319,22675928
2020-04-28,70.85975646972656,72.85967454716155,69.52648174049429,72.27146405186733,19815445
2020-04-29,70.74212646484375,72.42833139820542,70.38920249479519,71.72247747452056,21550996
2020-04-30,74.54586791992188,76.0752125835802,70.89896220244547,71.64402632400504,15151435
2020-05-04,71.72245788574219,73.44787878168047,70.9773937153142,71.40875043519529,10305663
2020-05-05,72.62437438964844,74.4674324005767,71.6440237472839,72.31066098737469,10628539
2020-05-06,74.2713623046875,74.85957269036427,72.31066101909822,72.89887140477501,10232281
2020-05-07,70.93817901611328,74.03609102602968,70.70289842248542,73.8008044488156,8449705
2020-05-08,68.23240661621094,72.5067331429876,67.25205594643779,71.36952875948501,28174665
2020-05-11,67.95791625976562,70.15389838428828,67.33048937642417,69.17354761880864,12243824
2020-05-12,71.87931823730469,73.1341660014706,67.1736346339929,67.84027194774485,18124894
2020-05-13,72.9773178100586,77.25164501383621,72.6636043493257,74.46744627726332,19037031
2020-05-14,70.07547760009766,73.33024362061782,68.62455953801134,73.17338987796563,39115884
2020-05-15,71.25186920166016,71.99693913059396,69.95780541653029,70.58523209525515,16925981
2020-05-18,69.72254180908203,70.97738948727809,68.89904484148596,70.97738948727809,11368562
2020-05-19,71.40875244140625,72.07538976792652,69.17354790015264,70.27154195867286,12262118
2020-05-20,72.85965728759766,73.25179752490057,70.03624877573374,70.50681586378019,10126022
2020-05-21,70.78133392333984,72.66360881995769,70.42840999804329,72.27146846581176,20143324
2020-05-22,71.330322265625,71.52639242686486,69.29119378544779,70.50683117856948,9392095
2020-05-26,72.9380874633789,73.25180086423956,70.7028892055731,70.7028892055731,12350762
2020-05-27,74.2713623046875,74.66350256180534,71.48717006930201,72.93808782392098,11684730
2020-05-28,75.05565643310547,75.68308335173583,74.11452203874649,74.70273253111749,12156645
2020-05-29,76.7418441772461,77.52612466139493,73.95765204866889,74.27135945546023,19891080
2020-06-01,76.78106689453125,78.15355785440025,76.19285648315882,77.17320716877954,10106253
2020-06-02,75.879150390625,77.604565370414,75.33015634712477,77.44771163901001,18170659
2020-06-03,74.2713623046875,76.70263668568657,74.03608174056806,76.6634202665406,23102350
2020-06-04,74.6242904663086,74.89878744346811,72.74201607729495,73.84000996951835,12827335
2020-06-05,76.82027435302734,77.01634448254867,73.84001197445424,74.50664921810971,11744302
2020-06-08,77.29084777832031,78.58490585177724,76.66342096775867,77.60455520001561,14168383
2020-06-09,76.8594970703125,78.19277166687333,76.232070210998,77.64377765266262,14232434
2020-06-10,76.9771499633789,78.54571132388143,76.27129615443542,76.9771499633789,12104423
2020-06-11,76.89871978759766,78.19277806753489,75.91836897941097,76.9771466555353,10258905
2020-06-12,75.99678802490234,76.82027902886429,73.95765975048143,74.11451347021155,10925477
2020-06-15,73.0949478149414,76.0359999960724,72.62438066267764,75.83992985066367,10980359
2020-06-16,72.78124237060547,74.585084167819,72.34988564540976,74.46744088062144,8757035
2020-06-17,71.76166534423828,73.01651294042593,71.25188182540367,72.89886966937405,17081311
2020-06-18,72.70280456542969,73.95765823184716,70.50682261637057,71.99695685755202,16520026
2020-06-19,72.9380874633789,73.76158439268994,72.46752035388064,72.97730388233103,13836691
2020-06-22,74.741943359375,75.17329409798795,73.21259260360335,73.80080305191873,18868376
2020-06-23,79.01626586914062,79.32997928767075,74.50665268057925,74.58507953931534,20331626
2020-06-24,76.11442565917969,81.40831908569986,75.87913911345574,79.99661177852698,24055051
2020-06-25,75.36935424804688,77.290845047768,73.99686338406833,76.11442430721497,69278017
2020-06-26,76.07522583007812,76.38893929825971,74.93802123945494,75.6046586195991,15572219
2020-06-29,74.42821502685547,76.89869961203331,74.07528523835298,76.58498623900384,18130595
2020-06-30,75.13407135009766,76.66341587175228,74.66349828166382,76.07520551979509,18496305
2020-07-01,73.40866088867188,74.27136832757357,72.38909972763749,74.27136832757357,21639137
2020-07-02,73.2518081665039,74.11451561718248,73.0557380193685,74.11451561718248,14333457
2020-07-03,74.11450958251953,74.78114683178275,72.74201866432472,73.40865591358795,15274841
2020-07-06,74.66350555419922,75.60464579915273,74.3890085599324,75.21250552631854,11830916
2020-07-07,72.58516693115234,74.85957572785355,72.3498803739005,74.82036529070206,18786009
2020-07-08,71.36953735351562,72.82045532277641,71.2518940622596,72.82045532277641,26256635
2020-07-09,71.5263900756836,72.15381696446124,71.21268261488103,71.6048229244705,11910945
2020-07-10,70.89896392822266,71.60481763001012,70.3891803667325,71.52638478702254,12213053
2020-07-13,70.50680541992188,72.82043008386809,70.19309207983147,71.40872902883768,17508551
2020-07-14,68.7421875,70.50681863727766,68.54611737363581,70.42839178344906,14240946
2020-07-15,69.055908203125,70.38918280999125,68.82062163316694,69.25197835022804,11582839
2020-07-16,68.03633880615234,69.33040293117097,67.33048510308893,69.17354322849808,10152592
2020-07-17,69.2519760131836,69.5264730131472,68.23240888922068,68.38926260817536,12238969
2020-07-20,68.35005950927734,69.72255064005165,68.23241621563655,69.72255064005165,12349129
2020-07-21,69.29117584228516,69.5264623682794,68.07554474754133,69.01667888434848,20118152
2020-07-22,70.85975646972656,72.62438795560922,69.56569218336196,69.6049086098162,31321718
2020-07-23,71.01660919189453,71.8401002139835,70.78132262353425,71.29110619925751,11161294
2020-07-24,70.11470031738281,70.97740794653484,69.44806287592839,70.82055418981166,11352904
2020-07-27,68.7421875,70.27153209220647,68.42847410110022,70.23232165708488,10071266
2020-07-28,69.44805145263672,69.64412160808337,68.15398722997159,68.93826785175818,13888285
2020-07-29,69.13433074951172,70.31075155869144,68.93826061464843,69.40882774160319,10732504
2020-07-30,67.91869354248047,69.80096803451023,67.52655327262367,69.44804418507337,10668042
2020-07-31,68.23240661621094,68.70297374098492,67.68341263457224,68.15397975934621,7906179
2020-08-03,67.1344223022461,68.3892701428926,66.66385510995197,68.3892701428926,14158505
2020-08-04,67.1344223022461,68.23241640665672,66.938352140158,67.84027608248053,19621505
2020-08-05,67.36970520019531,67.91869923053774,66.97756489749753,67.36970520019531,9478990
2020-08-06,67.5657730102539,68.58533417178657,67.13441629879927,67.84027001591323,12208873
2020-08-07,67.29126739501953,67.99711503823794,66.93833758982514,67.60497479930096,10339288
2020-08-10,69.17354583740234,69.56568613349552,67.56577421357194,68.07555779521029,12215464
2020-08-11,69.2127456665039,70.27152301539356,68.8598218780689,69.80095596961867,11180265
2020-08-12,69.56568145751953,69.91861129043225,68.27162335426321,69.01668747332508,14803880
2020-08-13,70.53581237792969,70.73792072285212,69.92948734316238,70.65707861845459,13723113
2020-08-14,71.46549987792969,72.63772561253292,70.09115966482449,70.61664250607483,25402282
2020-08-17,77.043701171875,78.01381873039513,72.27394314546078,72.27394314546078,115111358
2020-08-18,76.84158325195312,79.06477470022486,76.03314999803612,77.77127655967267,52023697
2020-08-19,76.51821899414062,78.01381948119312,76.19484441556945,77.60960279994342,21840924
2020-08-20,81.73260498046875,82.3793540843199,76.1948381372233,76.47778855721197,112338263
2020-08-21,85.65349578857422,87.18952011498033,82.13681257276015,83.02608786661972,107862545
2020-08-24,85.20887756347656,87.31080307049105,83.87496128299487,86.5832118113322,49154455
2020-08-25,83.91539001464844,86.82574904284014,83.43032503673531,85.6939410408052,50940674
2020-08-26,83.10694885253906,84.56212514689999,82.13682515510827,84.56212514689999,30828711
2020-08-27,82.94525146484375,83.99621717280439,82.46019274111434,83.43031018857316,19363725
2020-08-28,82.09638977050781,84.27915683284947,81.85385735564518,83.38988159144566,21358972
2020-08-31,77.93297576904297,83.02610214689177,77.2053845242483,82.9452600458828,40298594
2020-09-01,80.68164825439453,81.77303200892727,78.01381581633066,78.82224914085222,44304572
2020-09-02,79.99447631835938,81.24755045925178,79.46899958300794,80.68164958986245,20904846
2020-09-03,78.98393249511719,80.60079912689324,78.3371895431208,80.0348982729143,19004282
2020-09-04,76.55862426757812,78.7818156458303,75.9927234748018,77.65001406027767,27339411
2020-09-07,74.69924926757812,77.60960834701987,74.41629880405111,76.63949070982513,28474893
2020-09-08,73.28447723388672,75.38640250446127,73.00152682266913,75.38640250446127,31186005
2020-09-09,73.0823745727539,73.76954167257087,71.54635000572627,72.83984210559176,28307198
2020-09-10,73.20364379882812,73.97165302980899,72.15267795530549,73.56743634658598,27263673
2020-09-11,72.83983612060547,73.48658520132561,72.31435326350241,72.9206782137314,18190992
2020-09-14,73.44615173339844,74.33542698044005,72.55687648635681,73.08235927665363,22533738
2020-09-15,73.64827728271484,74.98219354978649,73.20364263892897,73.48659307913034,26866105
2020-09-16,72.4760513305664,74.05249390178545,72.19310089058567,74.05249390178545,20778500
2020-09-17,71.66761779785156,72.3143607779205,71.38466735858034,71.99099237181453,21804215
2020-09-18,73.20364379882812,73.64827844965916,71.70803713661735,71.99099374915913,44757908
2020-09-21,71.38465881347656,73.8503765380892,70.61664352126772,73.68869235439062,17714694
2020-09-22,70.89959716796875,72.39520369090798,68.95936220345959,71.38466207695258,25113194
2020-09-23,68.79767608642578,71.2634002436507,68.0700848459449,70.85918357314543,24107408
2020-09-24,66.81700134277344,69.24230080227261,66.41278476619024,67.98922694772251,17724521
2020-09-25,68.55514526367188,68.83809568079378,66.57448000810541,67.38291329580034,15999517
2020-09-28,70.73790740966797,71.34423233032227,68.79766643000302,69.20188304377254,22735756
2020-09-29,68.83810424804688,71.86972945420403,68.43388755389259,71.54635486530916,21328822
2020-09-30,68.79767608642578,69.40400109218369,67.42334187385062,69.20189275693104,18475452
2020-10-01,68.63597869873047,69.36356979942344,68.31260419088295,69.36356979942344,18244405
2020-10-05,68.2721939086914,69.08062725831644,67.74671716572071,68.71683471812797,15677842
2020-10-06,68.02967834472656,68.43389508335493,67.62546160609818,68.2722046871888,13094249
2020-10-07,66.93826293945312,68.11048846367405,66.49362226869069,68.07006434165744,19056844
2020-10-08,66.77659606933594,67.38292110537928,66.57448772398816,67.1808127600315,11961568
2020-10-09,67.01912689208984,67.22123523243519,66.00858519036308,66.97870275687794,18016087
2020-10-12,66.89785766601562,68.35304011864267,66.6149072357428,67.62544889232915,11714109
2020-10-13,66.81700134277344,67.42332620764823,66.61489305448184,66.93826754931949,11503196
2020-10-14,63.94707489013672,67.14039023040385,63.13864156366759,66.93828189878657,47114322
2020-10-15,63.8662223815918,65.07887217364734,63.462005784239956,63.94706446749101,20107413
2020-10-16,64.91719818115234,65.07888237830356,63.421591602148155,63.86623239609914,16578267
2020-10-19,66.00857543945312,67.22122530239034,65.07887597763003,65.44266846936874,21839955
2020-10-20,65.20013427734375,66.25109366351091,64.91718391060088,66.00856742109791,14238188
2020-10-21,66.53406524658203,67.74671523648676,65.20014902411548,65.84689198468391,38563701
2020-10-22,68.43387603759766,69.44441760292587,65.80646796774431,66.53405912835187,34256481
2020-10-23,69.72735595703125,70.01030631285107,68.312598010077,69.52524767889493,46258872
2020-10-26,69.4848403930664,71.14213114250609,68.15093036842975,70.41453993134094,34724632
2020-10-27,72.31434631347656,72.79941116132596,70.37411159350196,71.78886967473264,95412168
2020-10-28,71.22296905517578,73.28447633771336,70.73791033218349,72.31435272387249,44763206
2020-10-29,69.9294662475586,71.54633251917845,69.52524967965363,70.33368281546356,41912944
2020-10-30,70.81875610351562,71.74845563546195,69.76779651041439,70.25285525860393,40735912
2020-11-02,72.11224365234375,72.43561818689925,71.10170208676799,71.3846586594142,31922062
2020-11-03,69.4848403930664,74.37586437625637,67.14038873288278,73.93122358947303,118128168
2020-11-04,68.79767608642578,70.41454276844686,68.31261731539084,69.64653356162961,47519427
2020-11-05,70.17201232910156,70.33369652062706,69.20188867637899,69.40399699971412,41267817
2020-11-06,70.57623291015625,71.74845878370502,70.2528583412217,70.49538464202995,46143960
2020-11-09,72.31434631347656,72.63772082275759,70.8995882322459,71.66760346277029,42703600
2020-11-10,73.97164916992188,74.17375750098724,72.39520665475477,72.59731498582013,43483223
2020-11-11,75.10344696044922,75.58850565622278,74.13332340104616,74.3758558328609,51801855
2020-11-12,73.40575408935547,74.8609304868788,73.08237950062008,74.69924627643975,33374610
2020-11-13,73.93122100830078,74.65881219406343,72.1122461278224,72.75899521913507,24025139
2020-11-14,73.48657989501953,74.69922970791472,73.00152120343265,73.20362950558184,12521960
2020-11-17,71.7080307006836,74.69923758878147,71.34423818557681,74.17375471418326,55324429
2020-11-18,71.38465881347656,72.39520038123328,71.22296846192174,71.70802718087371,37574681
2020-11-19,72.5973129272461,74.29502162648343,71.14213051769603,71.46550507180234,55196018
2020-11-20,74.21417236328125,74.45669862954848,72.67814800549802,72.96109840007114,47670803
2020-11-23,75.70978546142578,76.31611048193716,74.37586918272933,75.1034604409144,54262598
2020-11-24,76.11399841308594,76.63948130535813,75.7906238510833,76.19484051162242,35713773
2020-11-25,75.95230102539062,76.72031631011612,75.06302568800085,76.35651764855471,32464332
2020-11-26,76.07357788085938,76.6394849331156,75.5076769964602,75.95231164338611,30825401
2020-11-27,76.55862426757812,78.45844728873301,74.21417283934248,77.40748162459865,216981706
2020-12-01,75.7906265258789,77.77128576527907,75.5480940538533,76.55863574086501,35330973
2020-12-02,76.63948822021484,76.9628566435369,75.8310548261951,76.51822197754042,27650080
2020-12-03,79.67109680175781,80.15615550325276,77.0436888201495,77.48832339324652,43841111
2020-12-04,79.67109680175781,80.68163833314563,78.82223944824965,80.19657346379466,34813873
2020-12-07,80.64122772216797,81.77303566061191,79.79237022637075,80.03490270170055,27049393
2020-12-08,79.38814544677734,81.53049486743507,79.06477706980417,81.28796858470517,30386160
2020-12-09,79.46900939941406,80.76250166626608,79.14563479073665,80.23701869814748,24061383
2020-12-10,78.53929901123047,80.31784986483761,78.01381611471028,79.54984067074744,25985382
2020-12-11,82.78358459472656,83.1878013103572,78.94352579623549,79.14563415405081,63463638
2020-12-14,84.5621109008789,85.16843579668041,83.26861902340684,83.63241149374544,45802433
2020-12-15,85.57266998291016,86.01731079836725,83.14736990119599,84.96634496248161,52215593
2020-12-16,84.80464935302734,86.70446626131236,84.52169894844978,86.46193381861374,25184934
2020-12-17,84.44085693359375,85.41098060827505,84.07706441049869,85.41098060827505,16840984
2020-12-18,83.87496185302734,84.72381935579119,83.14737058892364,84.52171101397667,33596568
2020-12-21,78.8222427368164,84.03663478918637,76.59905127500876,83.83452647447658,34210970
2020-12-22,79.95406341552734,80.68165469928849,78.01382204811672,78.70098919527997,29181188
2020-12-23,79.67109680175781,80.35826380953033,79.06477188292513,80.07531341431294,17602151
2020-12-24,80.80290222167969,82.05597624727818,80.03489308847823,80.27742553467675,23052394
2020-12-28,81.2071304321289,82.09641208308166,80.84333787881711,81.53050501721562,15454893
2020-12-29,79.71151733398438,81.69218250011912,79.18603448713816,81.2475417448209,23647197
2020-12-30,80.11575317382812,80.56039403576504,79.38816183968484,80.0349110628917,30281285
2020-12-31,80.31784057617188,81.04543172045038,79.22645694368217,79.30729903352287,50363279
2021-01-01,80.0753173828125,81.00501070347968,79.87320906651853,80.80290238718572,13493039
2021-01-04,80.0753173828125,80.84332651758704,79.63067661982323,80.64121820129307,22325584
2021-01-05,78.90308380126953,79.54983286705826,78.4180250858561,79.54983286705826,23510160
2021-01-06,79.10518646240234,80.03488586511371,78.62012778163948,79.22645267455701,21952878
2021-01-07,78.41803741455078,79.63068747766239,78.29677117466818,79.30731289392786,24999580
2021-01-08,80.964599609375,81.24755004261873,78.70098380771154,78.90309214115089,43240591
2021-01-11,80.0348892211914,81.85386397621848,79.79235678671205,81.44964736399024,22036573
2021-01-12,80.964599609375,81.65176670949742,79.46899917549518,80.03490004198262,24262426
2021-01-13,82.90484619140625,84.36002258531573,80.96460483166969,81.04544693668845,49236964
2021-01-14,82.62187957763672,83.95579573658851,82.21766293358203,83.8345295098008,29301114
2021-01-15,81.2071304321289,83.75369680888309,80.76249577450973,82.86442132578755,24067229
2021-01-18,78.86266326904297,81.57091332902756,78.25633835257526,81.20711467843333,23613664
2021-01-19,80.56037902832031,81.53049651455149,78.86267034348748,79.22646285886003,22934496
2021-01-20,79.46900939941406,80.60081127799853,79.22647690094159,80.51996916779359,25599184
2021-01-21,77.6904296875,80.15615342737145,77.28621308541325,79.79235478477986,22667011
2021-01-22,76.03316497802734,78.01382437320936,75.10346531928289,77.85214015771358,26029669
2021-01-25,75.34597778320312,77.04369257291442,74.94176115095878,76.84158425679226,18599824
2021-01-27,73.8099594116211,75.26513558494959,73.40574277994268,75.18429349218518,22812859
2021-01-28,74.05248260498047,74.90133996328534,73.04194106788233,73.40573972195129,32227832
2021-01-29,71.9101333618164,74.86091588572712,71.26339047834604,74.37585718116034,36962884
2021-02-01,74.3758544921875,74.69922900615948,71.46549620215133,72.23350527596094,29033297
2021-02-02,76.11399841308594,77.08411593123711,75.10345676173816,75.10345676173816,29279584
2021-02-03,78.37759399414062,79.3072933806821,76.23525101071087,76.88199385119424,31420256
2021-02-04,80.0753173828125,81.00501070347968,78.41802672205944,78.66055916875473,39264443
2021-02-05,80.4391098022461,82.46019296310655,79.34772612895271,81.16670097372712,54911202
2021-02-08,81.08585357666016,81.61133022982493,77.69043038781126,77.77127247538616,53737961
2021-02-09,80.80290222167969,81.81344380107966,80.43910972023822,81.16670089097747,28074809
2021-02-10,80.7220687866211,81.24755169784021,79.75195123349117,80.84333502272658,19070866
2021-02-11,81.09713745117188,81.59722128673361,80.22198596975561,81.59722128673361,18452535
2021-02-12,79.97193145751953,81.5972116803916,79.0134402017478,81.51386544409539,21660998
2021-02-15,79.34683227539062,80.59704500888256,79.18013978782268,80.38867621996724,12574055
2021-02-16,81.6805648803711,82.63906257676985,79.5968770007698,79.88859203213181,32865663
2021-02-17,82.80575561523438,83.47253828471328,80.84709026714246,81.55554287914454,28774857
2021-02-18,86.18133544921875,86.88978808508472,82.97245725694746,83.09747344763892,50705280
2021-02-19,86.84809875488281,88.97346270258349,84.51437240098076,86.38969128698369,61069583
2021-02-22,85.0561294555664,88.59839833725195,84.51436941364429,86.93144827528228,30636415
2021-02-23,86.18133544921875,86.80644183832008,83.80593244241591,85.13949146738321,31233104
2021-02-24,86.01461791992188,87.26483042665858,85.09779668676354,87.09813796932421,16153025
2021-02-25,90.01530456542969,91.84894711486521,85.8479293540672,86.34801310764871,68361756
2021-02-26,89.43190002441406,92.47407970713648,87.34821182588541,89.26520115318472,67331805
2021-03-01,90.39038848876953,91.51558516551287,89.30687447708063,91.26554004647846,27205189
2021-03-02,93.80762481689453,94.76611609239913,89.93196433968389,90.39037182820557,53649872
2021-03-03,93.9326400756836,95.59959025526209,93.34921005639524,95.39122148281477,31702057
2021-03-04,92.34904479980469,94.18268749959546,92.09899972305574,92.93247483367163,28057179
2021-03-05,90.59873962402344,93.6409249704301,90.34870091268813,92.51573487214553,24778407
2021-03-08,92.14067840576172,94.43273501924921,91.26552697341133,92.22402464719731,28163362
2021-03-09,91.26553344726562,93.22419887503659,89.55690676153777,92.84913758251638,20611697
2021-03-10,91.39054870605469,92.18234753105006,90.80711230334866,91.97397874985016,13207045
2021-03-12,90.93213653564453,93.43256195656369,90.51539896549134,92.5157405740088,21763020
2021-03-15,92.0989990234375,92.51573657557975,89.76526618787673,91.64058517251686,20350674
2021-03-16,91.30719757080078,92.89079513590218,91.09882880077056,92.1406726509216,15360040
2021-03-17,88.80677795410156,91.59891837753577,88.47338662915928,91.43221953560932,18850429
2021-03-18,86.51470947265625,90.22367076179428,86.01461937437763,89.51521826777923,20023557
2021-03-19,90.43206787109375,91.30721945857225,85.0144785516273,85.30619362781623,72249183
2021-03-22,91.55723571777344,92.14067208562469,89.05681049275144,90.68209070436185,31980425
2021-03-23,90.55707550048828,91.84895815596096,90.09866162856885,91.68226567103245,14060206
2021-03-24,88.3483657836914,91.1821825617429,88.01497445234816,90.0153160814969,15196366
2021-03-25,85.84794616699219,88.76510938625891,85.55623111684774,88.34837178350652,22543755
2021-03-26,86.84809875488281,88.13998764213775,86.43136122465994,88.13998764213775,17402475
2021-03-30,89.7652816772461,90.59875692535019,87.18150967990572,88.22335374003583,36129962
2021-03-31,88.80677795410156,90.84878948614329,88.43171032895,89.76526926980851,23063667
2021-04-01,89.93196868896484,90.64042128469528,89.14016349228088,89.59857736188269,13753303
2021-04-05,88.59840393066406,89.84861655606998,86.4730399239099,89.51522525084636,15666099
2021-04-06,88.3900375366211,90.0986576886088,88.18166876011695,89.80694267328509,17393454
2021-04-07,87.88995361328125,89.47355769870029,87.7232611238312,89.09849641798222,15692013
2021-04-08,87.51487731933594,88.72341355780095,87.26483226914534,88.34835234142484,11394998
2021-04-09,85.6812515258789,88.30669327040661,85.34786018023556,88.30669327040661,19751417
2021-04-12,82.55570983886719,84.597721256671,81.72223475259456,84.597721256671,20221362
2021-04-13,83.84759521484375,84.30600907120758,82.72240508248126,83.01412010066257,19192856
2021-04-15,84.47270965576172,85.84794499789862,82.76408932309194,84.34768710485635,13865351
2021-04-16,85.38951110839844,85.76457867331358,83.7642374038283,84.93110367427052,14654851
2021-04-19,82.55570983886719,83.68089993355316,82.22231853257608,83.34750862726207,11652043
2021-04-20,82.55570983886719,84.09763747668948,81.80558098943978,82.68072601467986,16528675
2021-04-22,82.47236633300781,83.13914901908112,80.8887685816779,81.72224375981405,18614270
2021-04-23,85.47288513183594,85.847946431906,81.68057039152221,81.68057039152221,29484794
2021-04-26,85.34786224365234,86.63974499575095,84.05597313264258,86.63974499575095,24369413
2021-04-27,85.0561294555664,86.30634200204366,84.76440810759384,85.0561294555664,17763436
2021-04-28,86.3480224609375,86.6397374855497,85.1394860622967,85.7229161115211,15160578
2021-04-29,85.88961791992188,87.51489194097566,85.55622658360267,87.18150060465645,11588556
2021-04-30,85.38951110839844,88.05663492068201,85.05612619590889,85.22281865215366,15321193
2021-05-03,86.88978576660156,87.18150080194947,84.22266778783377,84.51438282318168,12186212
2021-05-04,86.4730453491211,88.39004070524419,86.26467656514731,86.93145921742769,12992684
2021-05-05,86.59806060791016,88.05664197305187,85.68123930731738,87.30651314205411,14956169
2021-05-06,85.88961791992188,87.59823818532776,85.55622658360267,87.51489194097566,13547274
2021-05-07,87.55655670166016,87.93161793126268,86.13964529879618,86.68140535404093,13229291
2021-05-10,89.7652816772461,90.01532679524192,88.01498492800981,88.34837629903375,23980945
2021-05-11,93.9326400756836,94.51607645388223,88.93178953694813,90.01530969723827,45613487
2021-05-12,94.43273162841797,97.30821818761414,93.14084267636728,95.1828541333141,62158914
2021-05-14,92.84912872314453,94.97448644281599,91.80728483342996,94.97448644281599,16227312
2021-05-17,92.97415161132812,93.55758164819812,91.64058634035014,92.68243023398264,12832920
2021-05-18,93.43257141113281,95.182868111109,93.14085635428867,93.84930902345626,14892142
2021-05-19,93.30754089355469,94.3077148931311,92.47406574002973,94.3077148931311,12610425
2021-05-20,93.1408462524414,93.97432138669144,92.432393660111,93.34921503600391,10303689
2021-05-21,94.05768585205078,94.3077309843364,92.7241266506552,93.59927825474298,12171685
2021-05-24,94.09934997558594,94.97449510744033,93.39089733772924,93.64093607872576,11341268
2021-05-25,94.43273162841797,95.72461422155827,94.22436285285562,94.93281541798551,15289982
2021-05-26,92.59908294677734,95.01616202444443,92.432390469246,95.01616202444443,17466748
2021-05-27,91.93229675292969,93.05748675206927,91.09882173743227,93.01581045773051,34169451
2021-05-28,90.8071060180664,92.51573244920588,90.30702224958246,91.93230244579296,13383166
2021-05-31,92.0989990234375,92.80745159029725,89.8486187854335,90.80711006823236,14754293
2021-06-01,91.84896087646484,92.89080483540347,91.26553080302357,92.47406725182802,10271211
2021-06-02,92.64076232910156,92.80745481218116,91.72394095434251,91.76561089565709,6492771
2021-06-03,93.1825180053711,93.51590295567328,92.05732154191512,93.01581917130969,12140851
2021-06-04,93.1408462524414,94.18269017025395,92.55741620203064,92.9324774688789,8930671
2021-06-07,97.01651763916016,97.30823269666125,93.34922537067288,93.47424792643373,28407410
2021-06-08,96.84980773925781,98.76680308532198,96.68311525651772,97.93332795380027,43191813
2021-06-09,98.43339538574219,100.85047413683671,96.51640671749516,97.09983666893783,49807823
2021-06-10,98.76679992675781,99.9336663453539,97.76663234448138,99.47525249411281,22144392
2021-06-11,99.01686096191406,99.64196739132284,97.97501691289945,99.10020721405296,13871562
2021-06-14,98.51675415039062,99.10019053499038,96.8914802510342,99.01684429687909,14179055
2021-06-15,98.18338012695312,99.14187151029029,98.01668127326457,98.51676511650811,8148417
2021-06-16,99.8503189086914,100.51709516923921,97.39156356348607,98.1833687189564,21585917
2021-06-17,97.84999084472656,100.51710897095273,97.47492318519053,98.5167671968275,14466025
2021-06-18,94.64109802246094,98.47508212454878,94.09933794784945,97.84997581359173,43927941
2021-06-21,98.35006713867188,98.72512841046692,94.2243677132834,94.3910601987677,34597018
2021-06-22,98.60011291503906,99.10019673389837,97.47491637396718,98.76680540168859,16712010
2021-06-23,97.7249526977539,99.05851154807341,97.47490763129579,99.05851154807341,12590251
2021-06-24,98.35006713867188,98.76680471129336,96.43307176104872,97.6832844789132,14046692
2021-06-25,96.72478485107422,99.26688001063468,96.43306348813714,99.26688001063468,12768348
2021-06-28,96.80813598632812,98.22504113983435,96.68311344715747,97.43324232327096,10709748
2021-06-29,98.01667785644531,98.80848307631406,96.18303504216865,96.89148765864323,33488455
2021-06-30,97.01651763916016,98.72513803818728,96.8081488325292,98.22505417405523,16739618
2021-07-01,97.80830383300781,98.18337145148284,96.4330686164204,97.34989633341901,12479506
2021-07-02,97.9333267211914,99.2252157023543,97.5165891606757,97.97500302080718,17215972
2021-07-05,98.85015106201172,99.26688863508842,97.72496088648677,98.26672100326863,16409169
2021-07-06,98.05836486816406,99.14187888261142,97.55828098773364,98.43342618875901,14979094
2021-07-07,97.89164733886719,98.51675365995551,97.3915635537786,97.55826238808169,14545289
2021-07-08,97.89164733886719,98.93349120734773,97.68327856517108,97.80830110117081,12037089
2021-07-09,98.18338012695312,98.68346397019667,96.89149103623885,97.51659743002104,9585144
2021-07-12,98.22505187988281,98.97518083801633,97.6416217785074,98.3500744327236,7651672
2021-07-13,99.93365478515625,101.68395103112316,98.4333972263791,98.47507352036556,30663035
2021-07-14,100.64212036132812,100.80881284113673,99.85032154387152,99.97533772427272,9539611
2021-07-15,100.26705932617188,101.01718184589589,99.35023160844605,100.64212058603388,11278872
2021-07-16,99.26689910888672,100.68381082219442,98.60012273695787,100.14205064825063,17198632
2021-07-19,101.18389129638672,101.55895259558231,98.7668119268174,99.26689577871525,14364285
2021-07-20,98.72513580322266,101.68397533396396,98.51676700130879,101.68397533396396,11360716
2021-07-22,99.35023498535156,99.76697255887889,98.80848122689461,98.97517371274125,9520328
2021-07-23,98.76679992675781,100.10035882276317,98.60010744934854,99.51692879292033,10442400
2021-07-26,99.47525787353516,100.01701799277818,98.39174399395984,98.5167601793222,5370055
2021-07-27,99.05853271484375,99.68363915565124,98.51677252769495,99.43360039467517,5280342
2021-07-28,97.34990692138672,99.64196374535086,96.51643171267249,99.64196374535086,11010096
2021-07-29,97.30823516845703,98.55844804000039,96.05802229691369,98.10003411020323,11897018
2021-07-30,98.51675415039062,99.97533557352448,96.8914802510342,97.47491027672359,14546264
2021-08-02,98.14169311523438,98.9751682160007,97.51658678965964,98.85014567910368,11742555
2021-08-03,98.05836486816406,98.76681756201647,97.09986705464067,98.76681756201647,21122697
2021-08-04,98.22505187988281,99.05852708693979,97.14153792605545,98.39175073664092,9432176
2021-08-05,97.09984588623047,98.18336602337479,96.64143205307475,97.55825971938617,11045322
2021-08-06,98.05836486816406,98.93351006918944,97.05819074839167,97.09986705464067,8434733
2021-08-09,97.26654052734375,99.26688201652237,97.1415243508847,98.76679823395529,7816050
2021-08-10,95.30786895751953,97.68327153491559,94.72443897672396,97.43323283982173,9774255
2021-08-11,97.47491455078125,97.76663593532764,95.47457931275859,95.59959549595203,8056886
2021-08-12,99.3085708618164,99.51693966078835,97.09986032093146,97.47492161551654,8640167
2021-08-13,98.5584487915039,99.5586165528002,97.68329723118597,99.5586165528002,9744939
2021-08-16,99.05853271484375,99.51694664833386,98.43342627403626,98.55844883398008,8768804
2021-08-17,97.84999084472656,99.60028751249443,96.84981677820835,99.47526495931575,8758578
2021-08-18,97.14152526855469,99.10019047814309,96.76645765890349,97.8499778304598,9357721
2021-08-20,95.14117431640625,97.51657683943095,94.55773799005527,96.9331468719897,11684504
2021-08-23,94.5160903930664,96.47475587115204,93.51591632246799,96.2663870679746,6271685
2021-08-24,94.9744873046875,96.93315892225375,94.72444858423324,95.18285608452132,11791078
2021-08-25,95.01616668701172,96.05801061998334,94.84947420130055,95.59959674591154,9491958
2021-08-26,93.97433471679688,95.43291640863187,93.30755197125056,95.0995250358587,11668986
2021-08-27,94.5160903930664,95.09952049839873,93.43257007297926,93.93265392882286,8095717
2021-08-30,95.80795288085938,96.26636669439664,94.39104786268761,94.39104786268761,9915170
2021-08-31,96.64143371582031,96.97482502213236,95.59958985791405,96.05800369895691,11386659
2021-09-01,96.18302917480469,97.26654300481309,95.64126908034525,96.68311297010936,7508413
2021-09-02,97.09984588623047,97.26653835706337,95.84963327825325,95.9329795136697,5700524
2021-09-03,97.51659393310547,98.2667228505269,97.09985635219476,97.51659393310547,9364904
2021-09-06,97.05818939208984,98.05836349788571,96.59978182431426,98.05836349788571,7005043
2021-09-07,96.55809783935547,97.43324931746189,96.05801400568507,97.26655046696445,7723357
2021-09-08,97.71473693847656,98.18595707504424,96.3010634554853,97.5433788133795,10508654
2021-09-09,98.14312744140625,98.31447903858043,97.24351521463075,97.62905957659486,5757417
2021-09-13,98.52867889404297,98.95706445445185,97.80042474867685,98.22881030908573,6322443
2021-09-14,99.29976654052734,99.51395930418826,98.35731968774822,98.7428640476801,7369292
2021-09-15,106.41095733642578,106.9678598029189,99.38543763547244,99.38543763547244,48721413
2021-09-16,106.23960876464844,107.69611691531252,105.38283772622385,106.66799428386072,17684303
2021-09-17,106.02542114257812,106.83935105386331,104.1405273813679,106.36813088188305,15763396
2021-09-20,105.12580871582031,106.19677256393032,104.35471997449677,104.95445711478055,7431359
2021-09-21,106.32527923583984,107.43908414466438,104.61173724481375,104.78309536590272,8629222
2021-09-22,106.58231353759766,108.80991682672143,106.23960383081462,106.75366512266719,11698183
2021-09-23,108.12450408935547,108.8099235452431,106.79651288145921,106.92502984651868,11053966
2021-09-24,106.45380401611328,108.55289049473099,106.19677008391157,108.38153889769279,8598140
2021-09-27,108.68140411376953,109.49534051624518,106.66799349567795,107.35341293601068,8490460
2021-09-28,113.05093383789062,114.5074419619168,109.10978844054556,109.23830540128766,35900138
2021-09-29,120.50484466552734,123.58922571867109,111.89430594930478,112.57971234041325,75859390
2021-09-30,121.53297424316406,122.68960727454322,119.1768539415209,121.44729191197084,34614825
2021-10-01,119.86226654052734,123.67490823129431,117.97737281570225,120.7618787717565,22452069
2021-10-04,124.70303344726562,127.95876616954222,120.37633687379865,122.90380894795011,58612212
2021-10-05,124.57450103759766,126.67360049453595,123.54637842859441,124.70302453452823,24390676
2021-10-06,122.7752914428711,126.20237556926924,122.34690592707132,125.47411496309425,14421296
2021-10-07,122.3469009399414,124.78869043649428,121.87567427711221,123.54637510597216,10035682
2021-10-08,120.8904037475586,123.28935229566778,120.20498427383207,122.98949026379869,10686586
2021-10-11,124.0604476928711,125.73114858582747,121.19025951457773,121.66148619548554,17449923
2021-10-12,123.84626007080078,125.30276826676521,123.20368177199686,125.08857550049724,16030831
2021-10-13,125.38843536376953,126.15952399930602,123.97475543423612,124.66017481765043,19100941
2021-10-14,128.0015869140625,129.02972261079267,125.81683124173199,126.3737271830538,29263867
2021-10-18,128.13011169433594,129.97216420170594,127.40185108074951,129.5866198482202,25346029
2021-10-19,128.21578979492188,130.31488944706754,126.88780504949352,129.3295948387913,20234486
2021-10-20,125.302734375,129.0725208123525,124.48880469799042,129.0725208123525,16129487
2021-10-21,126.71643829345703,127.27334734290594,125.00289612276369,126.54508669104555,20818539
2021-10-22,124.14610290527344,126.88778034824172,123.37501429524295,126.67358761509026,11379569
2021-10-25,123.28935241699219,125.30276967180347,122.64677411098295,123.97477189139322,14079380
2021-10-26,122.68961334228516,124.78869982744936,122.04703504642127,124.48883780001957,16224116
2021-10-27,121.0617446899414,123.84625043477278,120.67620035531466,123.37502377098988,15072448
2021-10-28,117.677490234375,121.53295934629908,116.77787816026873,121.06173272907326,19999659
2021-10-29,113.65066528320312,117.29194194870031,110.13791210869607,112.23699839532516,29217522
2021-11-01,115.0643539428711,115.92112498775728,112.15132454628491,114.12190056418085,10043407
2021-11-02,117.07776641845703,120.63337435272172,115.66409932271742,115.66409932271742,21525811
2021-11-03,117.16344451904297,119.04833826959094,116.13532184358853,118.1915671944974,9808728
2021-11-04,117.5061264038086,118.49142080540435,117.33477483453139,118.49142080540435,1026849
2021-11-08,120.2049789428711,120.4620128682805,116.9920875584748,118.83414005621327,12765483
2021-11-09,118.66279602050781,121.14742695335434,118.27725164448533,120.59053097390957,9556650
2021-11-10,117.7203369140625,118.44859753509466,117.163440961477,118.40575636798299,5479056
2021-11-11,117.07776641845703,118.02021986447649,115.10720333307202,117.80602708795293,11418813
2021-11-12,116.9063949584961,118.4057441395369,115.36420461476807,118.4057441395369,9306659
2021-11-15,117.5061264038086,117.934511863645,116.52084507549958,117.63464988573156,3991733
2021-11-16,115.0643539428711,118.06305259997272,114.80732001474752,117.97737026616863,5762128
2021-11-17,116.9063949584961,118.23439256207543,114.80730871969642,114.80730871969642,15264066
2021-11-18,115.9211196899414,117.89169561777827,115.44989302213223,117.03492461204816,9942974
2021-11-22,111.50875091552734,117.29195570982384,111.12320654389875,115.66409588593014,15990636
2021-11-23,114.37892150878906,114.59311424569691,109.79519170964632,111.42306435411824,11510010
2021-11-24,115.96395874023438,117.63465955628455,114.42176834338504,115.23569816932869,7570759
2021-11-25,115.83543395996094,117.12059043083319,113.35080334558967,116.09246786879292,13919886
2021-11-26,110.39493560791016,114.85014166976585,109.66667511416559,114.12188117602128,13323593
2021-11-29,108.38153839111328,110.82334112568314,107.139222976782,109.4953433765888,16077669
2021-11-30,109.02410888671875,110.90900245713608,106.83934023936072,109.49533554764506,22883512
2021-12-01,109.40966033935547,113.90770834647034,107.82463520608195,111.380236366654,17010938
2021-12-02,110.26643371582031,111.63727265243011,108.46721578232555,109.40966264876143,12916313
2021-12-03,108.80992126464844,111.59442712378313,108.29585995182933,110.26642940707659,12827354
2021-12-06,106.53948211669922,109.32398811692512,106.23961354708072,108.80992677805848,8158812
2021-12-07,107.39624786376953,108.2958600646231,106.23960827456082,107.18205510515146,8701301
2021-12-08,109.02410888671875,109.36681859133388,106.9678571956719,106.9678571956719,12093435
2021-12-09,107.99598693847656,109.36681922827677,107.65327723186552,109.02410952166572,11518172
2021-12-10,108.0816650390625,108.55288517615216,106.58231576018392,108.03882387357976,8389566
2021-12-13,107.78179168701172,110.18075304095852,107.52475777885891,109.3239755259971,13223189
2021-12-14,108.25302124023438,109.19546809121431,107.09638162600243,107.09638162600243,11649242
2021-12-15,108.55289459228516,110.05224400122083,107.86748164161565,108.08167441432074,11916145
2021-12-16,109.15261840820312,109.83803123410321,108.16733052578805,109.28113535576048,10758513
2021-12-17,107.5676040649414,109.40965652673013,106.32528216523362,109.15262914298117,13041775
2021-12-20,104.3118667602539,107.48191676993264,102.04142235711674,106.66798695401734,14185935
2021-12-21,104.69741821289062,106.83934580756224,103.54077861909681,105.85406434332872,10168470
2021-12-22,104.99729919433594,106.15393885300101,104.22620390967766,105.42568473729668,7885198
2021-12-23,106.7108383178711,107.43909241277208,105.211488960339,105.4685163567864,9836979
2021-12-24,103.88348388671875,107.09637514094716,103.5836153436529,106.92502355537924,8509575
2021-12-27,104.39754486083984,104.65457877504976,103.32658111270517,103.883483569064,5097217
2021-12-28,106.32527923583984,106.75366473359635,104.48322028815801,104.52606145259124,6511374
2021-12-29,105.51134490966797,106.88217713675859,104.69740857662028,106.75366018557804,8960770
2021-12-30,108.7242431640625,109.53817301405338,104.74025663503305,105.59702765045253,32394253
2021-12-31,106.58231353759766,108.6385652416519,106.23960383081462,108.6385652416519,9155163
2022-01-03,107.9531478881836,108.4243745610833,106.8393429540447,107.43908658652106,9034081
2022-01-04,113.86486053466797,114.20757677823136,108.59572412027738,108.80991687002152,33986738
2022-01-05,113.09378051757812,113.82204115174176,111.97997551903511,113.60784838560997,16122852
2022-01-06,112.15132904052734,113.39365756402708,110.78050315774952,113.39365756402708,8037648
2022-01-07,112.53687286376953,113.26512034898835,110.90900016631038,112.49403170033604,8820039
2022-01-10,112.96525573730469,113.35080005270864,112.02280245672858,113.05092498890151,7324926
2022-01-11,113.35081481933594,114.80732301909954,112.23700981717941,113.22229131526653,11971883
2022-01-12,114.6788101196289,114.97867214275773,113.39365354633439,114.2504245951974,10439580
2022-01-13,115.62124633789062,117.07775445475822,114.37893097565909,115.15001966303363,15114699
2022-01-14,115.96395874023438,116.64936507368934,114.20757559585842,115.15001584100291,9344382
2022-01-17,117.0349349975586,117.67751330887764,115.19286932780379,115.36422092949769,9803141
2022-01-18,115.66407775878906,118.02019786128292,115.15000996165737,117.03491650228217,6473378
2022-01-19,115.49273681640625,115.92112232902402,113.9077051904052,114.89299971339906,21136414
2022-01-20,115.57842254638672,116.82075116865691,114.93584418588429,115.23571931676817,8466412
2022-01-21,114.89299774169922,116.60653976276386,113.5650000607165,114.85015657651498,12437749
2022-01-24,113.60784149169922,115.87827944560657,112.23700264232504,113.9505446673987,14284658
2022-01-25,115.9211196899414,116.22098169797411,112.27984291558843,112.40835333713274,10007486
2022-01-27,115.66407775878906,116.52084870515047,114.07904627870562,114.97865838704251,18760325
2022-01-28,120.07644653320312,123.37502000572681,118.23439417215486,119.94793611667885,34009553
2022-01-31,121.70433044433594,122.86096351954654,118.70563176497042,121.66148927711583,27928927
2022-02-01,120.93321990966797,123.50353287755283,120.33348283181905,123.37502245847371,17413984
2022-02-02,120.93321990966797,122.30405872185501,120.5905167432651,121.66148047988379,10783943
2022-02-03,120.49234771728516,122.21178832758294,120.18374017652957,121.24184816046998,9571728
2022-02-04,118.33204650878906,121.19776305051064,118.06751613710004,120.80097422026392,7213085
2022-02-07,119.16969299316406,120.22781428623269,118.33202484829404,118.33202484829404,10562489
2022-02-08,119.0374526977539,119.61059060669159,117.09758578914959,119.43424151583179,8721631
2022-02-09,119.08153533935547,119.56650539759049,118.02342741066141,119.30197505177391,5144026
2022-02-10,120.31597900390625,120.66869057740305,118.42020306918005,119.16968993554052,6081460
2022-02-11,120.93321228027344,121.41818230413817,118.55246624579452,118.55246624579452,8426925
2022-02-14,116.83305358886719,120.31599853324335,116.21582505327456,118.77292046697528,7705072
2022-02-15,119.34606170654297,119.74285048475399,115.20178448757588,116.48034554063739,12674466
2022-02-16,117.45025634765625,120.53641180287394,117.14164887487651,118.94924344927655,12946623
2022-02-17,117.05350494384766,118.9492813746678,116.78897455814443,118.5965831634464,5811964
2022-02-18,116.7008056640625,118.24388386953214,116.3040033618538,117.05350387205445,6760078
2022-02-21,116.34809112548828,118.28795813064086,115.6426812723672,116.74487996331456,12212740
2022-02-22,116.48035430908203,116.83305248191527,112.77696294875513,115.5545047871787,13578566
2022-02-23,114.80500793457031,117.67072440563656,114.49640038735329,116.39217667099858,9263264
2022-02-24,109.69080352783203,113.74689293831469,109.02948438284183,111.98337521834083,18045779
2022-02-25,114.9372787475586,115.5104166544729,110.21986321991689,110.21986321991689,10424521
2022-02-28,117.71481323242188,118.1116020467851,113.57054909043475,113.70280754369813,13262687
2022-03-02,115.46634674072266,119.03747364086368,115.02546720871945,117.09760639096471,12587947
2022-03-03,116.48035430908203,117.67072073332388,114.84909498693936,116.48035430908203,15628119
2022-03-04,114.80500793457031,117.58255658696311,114.40821911410656,116.39217667099858,15883138
2022-03-07,114.67274475097656,115.06953355507953,111.89520294039667,113.74689523835448,14985637
2022-03-08,117.93525695800781,119.74286545650321,115.06954043379454,115.06954043379454,28572640
2022-03-09,115.95130920410156,118.11161607630487,115.59861098378967,118.11161607630487,14286413
2022-03-10,117.2298355102539,119.03744382969332,116.34807666707098,117.18574487718031,13101323
2022-03-11,116.34809112548828,117.62663891607244,115.951302287662,117.1857594396935,8669803
2022-03-14,116.52442169189453,117.18574080128002,115.28996473620364,116.34807262030608,5670284
2022-03-15,115.55450439453125,117.22984089165575,115.20179276832366,115.7749441154462,6895190
2022-03-16,117.05350494384766,117.27394468950462,115.99539685560909,116.74488391809817,5561866
2022-03-17,117.18575286865234,118.42022340603634,116.30399396533797,117.71481359247022,13995384
2022-03-21,117.18575286865234,117.62663232030954,116.12764487558971,117.18575286865234,9172207
2022-03-22,117.14168548583984,118.287961392374,116.17174522923098,117.53847433460737,10343712
2022-03-23,117.67071533203125,117.9352456768002,116.56851677430414,117.18574527571688,11892811
2022-03-24,119.39015197753906,119.65468234354833,117.58255696138453,117.7148154171025,11276181
2022-03-25,118.8170166015625,120.05147372987916,118.33204649594752,119.9192152713358,7266868
2022-03-28,118.86109924316406,119.47832776579978,117.97934036666369,119.47832776579978,7778682
2022-03-29,118.46431732177734,119.30198561220207,118.067515040642,119.03745524296966,5116935
2022-03-30,119.30198669433594,119.87512462072694,117.6707272814176,119.0374563227041,24047012
2022-03-31,119.0374526977539,119.56651342490653,118.42022415245798,118.42022415245798,11615450
2022-04-01,126.04743194580078,126.48831139538706,120.62462009771885,121.68272808581129,32589741
2022-04-04,127.2378158569336,128.73680334191795,124.76888817042047,125.07750917669966,15437496
2022-04-05,131.4702606201172,132.79289900279613,127.63460392851887,128.2077418458504,23958626
2022-04-06,134.90911865234375,136.93716691777087,130.76485429968977,132.57246282875684,52737388
2022-04-07,135.35000610351562,139.31792159189231,134.20371671595856,134.86503596402133,37738903
2022-04-08,134.07144165039062,136.58444640917935,133.32194121354303,136.58444640917935,17585569
2022-04-11,134.99729919433594,136.31993760530105,133.89510051853168,134.4241478101735,15583159
2022-04-12,134.55638122558594,135.43813991394606,133.01330352095567,134.64454902168004,11306524
2022-04-13,135.7467803955078,137.7307379268131,134.6886724030596,134.95320276481493,19454061
2022-04-18,143.90306091308594,144.38803103648974,136.23176058099335,136.58445878642843,82098517
2022-04-19,141.65455627441406,146.68059256835895,140.64053896153607,145.40203145050515,38522118
2022-04-20,141.5222930908203,143.90303925563933,140.19965483763508,142.97718978749526,20047692
2022-04-21,143.46217346191406,144.07940201443503,141.39004807455268,142.49224672354492,21966151
2022-04-22,141.47824096679688,143.7267293001375,140.94919359426575,142.18365091808082,9922564
2022-04-25,137.642578125,141.8750103412718,137.0253360934343,139.8469755103807,12008027
2022-04-26,138.43614196777344,139.71468963261225,137.55438310173665,138.9652026692245,11735823
2022-04-27,137.2457733154297,140.72873188412666,136.84898448425147,138.25980416685584,17873048
2022-04-28,140.81687927246094,141.16959086921992,136.89305525869761,139.31789198630742,29123808
2022-04-29,137.730712890625,141.96315754563253,137.28983351936526,141.43409691829257,28941216
2022-05-02,138.87704467773438,139.62654522131714,134.9091291155134,136.31994891946633,13368198
2022-05-04,139.89102172851562,142.75673769516308,138.70065547665078,139.3178839170145,24511385
2022-05-05,139.67056274414062,141.74270092329164,138.4361060339458,140.72868387238654,33396072
2022-05-06,140.19969177246094,141.39007189575548,137.59850521350964,137.95120345877993,22604305
2022-05-09,140.19969177246094,140.9051017175771,137.51032392490427,140.15560112815825,22958742
2022-05-10,137.06942749023438,142.18363214352075,136.23175917007106,140.1555838468379,20322427
2022-05-11,134.5123291015625,138.39206305901098,132.30793174970003,135.83496751267998,13794764
2022-05-12,130.98529052734375,134.9091150385301,130.50032042942783,133.2337784689006,11818556
2022-05-13,127.10553741455078,132.2638322542975,126.53239952327795,132.2638322542975,22913410
2022-05-16,130.72076416015625,131.29390209504916,124.90114971622197,126.44422787662855,16286682
2022-05-17,132.7047119140625,132.92515163484998,129.00132729574742,130.05943526461274,13925542
2022-05-18,130.9412078857422,133.05742404550026,129.7949185264673,132.70472583706533,17611218
2022-05-19,130.50030517578125,130.985275217011,128.51634783358188,130.05942576640362,11701170
2022-05-20,131.91114807128906,133.10151461506038,130.19170730599572,133.10151461506038,17841739
2022-05-23,132.39608764648438,136.98124448904497,130.85300963916137,136.14356280712593,26055890
2022-05-24,129.53038024902344,133.89509767621328,129.0013329686122,132.39609674528126,16581141
2022-05-25,134.60047912597656,135.04135853805585,129.97124529914407,130.85300412330264,19926619
2022-05-26,135.92312622070312,136.76080792190533,132.7928929545917,135.04136733907788,22698086
2022-05-27,132.66062927246094,136.67263512345116,131.82296097390935,136.67263512345116,10245727
2022-05-30,133.05743408203125,134.46825393133767,131.2057481662137,132.3079469689296,12513990
2022-05-31,137.5543670654297,139.31788459190955,132.57243543495244,133.2337545073824,124665699
2022-06-01,138.25979614257812,141.25777097589986,137.77482606391857,137.9511751503658,16084988
2022-06-02,140.24375915527344,140.4641988856481,136.0113136411653,137.11351229303858,17646975
2022-06-03,136.6726531982422,140.596478292696,136.40812279145953,140.19968940980974,14063328
2022-06-06,136.84896850585938,139.89103379580106,136.31992127758414,137.37802918870665,18485464
2022-06-07,138.65660095214844,139.05338980608866,135.3500047450225,136.84899233467138,14911957
2022-06-08,138.48020935058594,140.86095519823357,137.64254125941346,137.64254125941346,16416591
2022-06-09,136.80490112304688,139.3179196117983,136.40811227076358,136.9371730435242,13821409
2022-06-10,136.89305114746094,138.08343088709347,135.79085266801277,135.87903392819715,7908849
2022-06-13,131.29388427734375,136.58443725219288,130.2798670056598,135.7908596877943,19208167
2022-06-14,133.49830627441406,134.42415590878375,131.2939087899979,131.2939087899979,17034328
2022-06-15,130.632568359375,135.52633267204905,130.1035211216579,134.51231537549535,15172295
2022-06-16,126.04743194580078,132.3960933289285,125.20976368250147,132.35201614762832,18494040
2022-06-17,123.84303283691406,127.37006838060445,123.04945522141287,124.41618418550746,21387729
2022-06-20,121.02141571044922,124.68070996576624,119.03745807585169,123.8430416554065,16578770
2022-06-21,123.40216064453125,124.5484499544962,121.4622936724379,121.8590825035021,51398446
2022-06-22,121.37411499023438,123.40216328126355,120.4041882107501,123.40216328126355,8317317
2022-06-23,120.36009979248047,122.69675568867332,119.61059928373793,121.59455697262496,11257409
2022-06-24,120.44828796386719,121.59456393049017,118.9933775026862,121.59456393049017,21879039
2022-06-27,122.12361145019531,122.60858155120103,120.5805333271784,121.02141279089751,12872030
2022-06-28,122.2117919921875,122.82902054677969,120.93323079140744,122.12361071814288,14272044
2022-06-29,124.98932647705078,126.17970639675679,120.6246225290843,121.50638144602999,53487394
2022-06-30,126.00336456298828,126.92921426889332,124.46028620467176,125.47431719859651,19270932
2022-07-01,124.01939392089844,126.26788198843578,123.22581622862603,125.2097739138812,9592229
2022-07-04,124.68071746826172,125.38612736059159,122.87312227829561,122.87312227829561,17526429
2022-07-05,124.19576263427734,127.19373790319872,123.62261120183001,124.68071932882727,11370649
2022-07-06,122.5203857421875,125.20975284275255,120.00738116984722,124.76887343133441,15929985
2022-07-07,123.84303283691406,125.87108096545062,123.00536458620218,123.44624402916347,18144208
2022-07-08,126.70877075195312,127.1496502698476,124.32802404623807,124.32802404623807,15375888
2022-07-11,127.6786880493164,129.61855488732786,126.6205800880895,126.97327825697423,16779135
2022-07-12,129.7067413330078,130.58850024498048,127.01737396057655,127.01737396057655,19138561
2022-07-13,131.02935791015625,131.6906769841552,130.0594178864627,130.2798575777957,13644449
2022-07-14,130.76483154296875,131.64659033495832,129.618542422468,131.38206000644718,9775869
2022-07-15,132.0433807373047,132.39607887664417,130.6325612708037,130.8970916025941,11518139
2022-07-18,132.0874786376953,133.6305566277278,131.64659921197173,133.49828472726733,8286352
2022-07-19,132.92514038085938,133.3219291537685,131.6025021681145,132.08747220370196,6798359
2022-07-20,132.74880981445312,134.24779730693274,132.39609816914563,134.1155388490509,7271345
2022-07-21,133.0133514404297,133.3660496610091,132.2638509034801,133.1456099095033,7521568
2022-07-22,131.33799743652344,133.4983042475369,130.63258756130546,133.14560603721506,6800124
2022-07-25,132.35202026367188,132.6606278152359,129.92718321553684,131.5584291569927,7996687
2022-07-26,132.26385498046875,133.1015233710967,131.51435442041605,132.26385498046875,5774871
2022-07-27,131.99928283691406,132.74878315994917,131.4261450284078,131.86702440558827,5403197
2022-07-28,132.5724639892578,133.10151128840877,131.42617465923658,132.30793361239537,6030744
2022-07-29,134.86505126953125,136.18768991575988,132.66065352581685,133.10153307455974,11771461
2022-08-01,137.99526977539062,139.05337777923936,133.14559575772512,134.82093230927117,14221965
2022-08-02,140.68463134765625,141.16960142033955,138.03935471982658,138.52432479250987,18278835
2022-08-03,140.77281188964844,141.91910122292416,138.61250513919072,141.12552354465768,10147608
2022-08-04,136.40811157226562,141.52231634932429,134.95321463648546,140.81690647411372,15754128
2022-08-05,137.20169067382812,138.5684062096722,134.9091121444462,136.14356922668378,33864055
2022-08-08,140.5523681640625,141.08142890428297,136.62854361357682,137.11351371635,16964235
2022-08-10,139.96826171875,141.22639791205836,139.29425724819424,141.00172975520644,14055597
2022-08-11,138.0810089111328,140.95677156409135,137.3620819605458,140.37262627592364,15810624
2022-08-12,142.43960571289062,142.88894200851487,137.13744290958655,138.12597453236663,17998843
2022-08-16,142.6642608642578,143.6078697416389,141.0466476048409,142.8889289916031,8309725
2022-08-17,145.0906524658203,147.06772895189545,142.88890788558544,142.88890788558544,19674110
2022-08-18,144.5065155029297,146.16905110995768,143.69770216660507,145.09064704084327,9585888
2022-08-19,141.76556396484375,145.27038066338292,141.22635506692146,144.73118547811254,9599472
2022-08-22,140.64224243164062,142.84398725433363,140.19290619383986,141.3611831546526,11400211
2022-08-23,142.57437133789062,143.06864390237277,139.87835412724547,140.5972947926147,14362373
2022-08-24,144.5065155029297,146.48359191508143,141.99023019989488,142.79902982356776,20602844
2022-08-25,142.7990264892578,145.5399798140516,142.39462668686397,145.00078464841027,12889454
2022-08-26,146.8430633544922,148.0113402065173,142.799037590857,142.88891031510988,30724938
2022-08-29,144.64134216308594,146.84308713735376,144.41667402871872,145.40521930499636,10928330
2022-08-30,147.3822784423828,148.68535072266596,145.18053373257294,145.40520183995463,24663153
2022-09-01,144.41665649414062,147.60694635733196,144.05719300785978,145.13559717935533,14554158
2022-09-02,145.40521240234375,149.53909765086468,144.91093978766895,146.48361665358163,25106698
2022-09-05,147.8316192626953,148.3708282222711,145.76466986785945,146.12414707846114,15226001
2022-09-06,151.38137817382812,151.74085539736316,148.1012290709128,148.99990156076947,27866331
2022-09-07,150.34791564941406,152.90912410911739,149.76377028261354,151.42631993311306,19415892
2022-09-08,149.8986053466797,152.05541428757593,149.13472808575648,150.9770098171278,11595205
2022-09-09,149.71884155273438,152.19019088758492,149.1346962096319,150.66243669228146,16415150
2022-09-12,149.5391082763672,151.06686259621733,148.730308458633,150.48271720549374,15469466
2022-09-13,150.437744140625,151.8306890093191,148.86506754656915,150.0333443303981,15644741
2022-09-14,154.88619995117188,155.51526791433474,148.2809520563287,148.2809520563287,38751148
2022-09-15,157.35757446289062,158.30116970308455,155.1558156686905,156.72849268588752,29483891
2022-09-16,155.2905731201172,156.9980449713845,153.94256469670063,156.32404075967622,26126152
2022-09-19,153.67300415039062,156.45889450601516,153.26860425042054,155.91968549761856,13304030
2022-09-20,154.48178100585938,155.60512151262873,153.5831086004439,154.48178100585938,15395199
2022-09-21,151.51617431640625,154.6165913987164,151.11176076043523,153.67298262253868,7370283
2022-09-22,151.56109619140625,152.4597685998051,149.9434968264105,150.07829220260922,7447846
2022-09-23,147.3373565673828,151.4263192663645,146.16907955158027,150.213105882136,12264388
2022-09-26,142.52944946289062,147.24747960717565,140.73210464602013,145.98933000777467,21951865
2022-09-27,142.88893127441406,145.27040797725917,141.5409224888064,143.24839479884764,8367800
2022-09-28,141.9453125,143.29332119176192,139.29423148206558,141.8105171158852,14261815
2022-09-29,143.38319396972656,145.31533427682103,141.99024891192067,142.66425325802157,17623352
2022-09-30,143.47303771972656,145.18052344239513,141.4510248966087,143.78757853282795,12015533
2022-10-03,144.1021270751953,147.47214862781772,142.84397746795793,143.65279086817898,10528629
2022-10-04,146.07923889160156,147.38231146384211,145.00083447708028,145.54002982801288,9013773
2022-10-06,146.39373779296875,148.37082816893354,145.9444015643683,147.60695109525136,6456408
2022-10-07,147.65188598632812,148.146158575384,145.0008050065873,146.57348179098565,8825983
2022-10-10,147.3373565673828,148.82017444951254,145.45015250738277,146.21401592000623,10484521
2022-10-11,144.73118591308594,147.74173008301952,144.0571816449834,147.74173008301952,13805741
2022-10-12,148.28094482421875,148.55054928461146,144.82105062659264,145.4950549212482,12496248
2022-10-13,148.05628967285156,149.89857098187304,147.60695343712212,148.14616240505893,9447511
2022-10-14,148.37081909179688,150.52762737206695,148.14615099124157,149.40428686929033,9588164
2022-10-17,151.38137817382812,151.9205871528037,147.38228833649666,148.3708335604006,13426449
2022-10-18,150.03335571289062,152.28003673198947,149.53908314615833,151.8307005281697,20635735
2022-10-19,147.42724609375,151.0668729482741,147.24751431223217,149.62899127081945,6947654
2022-10-20,150.03335571289062,150.88709175761764,145.1355938337857,147.38227485288454,12020720
2022-10-21,148.32589721679688,151.38137819773047,147.83162460476686,150.5276420747626,7414335
2022-10-24,150.03335571289062,150.93202812053016,149.4042877700735,150.03335571289062,685185
2022-10-25,152.190185546875,152.50471267813523,148.6853547492146,150.48269965694197,8131380
2022-10-27,153.35845947265625,154.12233659682764,150.57258289879016,152.68445508520657,16225577
2022-10-28,156.41390991210938,156.99804139723148,152.68441179797065,153.35841599433482,16185760
2022-10-31,155.56021118164062,156.36901092550414,151.92058490894726,152.68444828645087,24233760
2022-11-01,163.378662109375,164.41212999214545,155.91967766857792,156.36901391546144,41101936
2022-11-02,162.61476135253906,164.1874379878879,161.76102535016582,163.46849735491233,22146420
2022-11-03,160.09848022460938,163.42357902591726,159.28968056154403,161.17689805889972,16719953
2022-11-04,159.02008056640625,161.3116979596166,158.48088534677913,160.90729811673307,14881752
2022-11-07,158.03155517578125,161.31170411989893,157.13288272943083,159.82890006848208,12799401
2022-11-09,155.8297882080078,159.73901862135517,154.79632043616556,159.73901862135517,14929008
2022-11-10,154.66151428222656,156.54871795744822,153.2685694209536,155.91965006570766,10668583
2022-11-11,154.07737731933594,156.00953117033364,152.45976428744206,155.47032225548492,16963169
2022-11-14,154.07737731933594,155.82978572361586,153.76285021288444,154.88619069160904,10224241
2022-11-15,154.66151428222656,156.50378159818425,154.0324326778344,154.84124600663077,13899999
2022-11-16,152.72938537597656,155.42540281849213,152.01044464877498,154.6615394373717,9781274
2022-11-17,151.24656677246094,153.49324775923947,150.5276261141613,152.72937073867377,12778124
2022-11-18,149.04483032226562,151.9205794005312,148.3708259892665,151.4712431785318,11134908
2022-11-21,147.74176025390625,149.35937357022152,147.51709211865844,148.28096926356292,12788632
2022-11-22,150.1232452392578,150.5276451254221,148.1461684637234,148.5056319819463,15198091
2022-11-23,151.0219268798828,151.2016586498628,149.40431352475298,150.84219510990286,12004998
2022-11-24,152.32496643066406,152.7743026148253,150.61749441591215,151.60602579347565,10986350
2022-11-25,152.5496368408203,153.89764541378779,151.51616908660617,152.99897303180947,12358833
2022-11-28,153.1337890625,154.48179781732009,152.2351165592866,152.77432554627632,5471921
2022-11-29,152.9091033935547,154.2121893438354,151.9205719810259,153.67298041870873,7693168
2022-11-30,154.75137329101562,155.3355185361548,152.54962881355647,152.86416961575844,9133076
2022-12-01,154.75137329101562,156.0544454337852,153.53817386677565,155.9196500686424,9214914
2022-12-02,154.70645141601562,155.33553307931686,153.8077789971886,154.9311195207224,6376672
2022-12-05,157.40245056152344,157.85178671923563,154.03242937868194,155.51524692672297,9861212
2022-12-06,157.4473876953125,158.16632829372332,156.23418829110486,157.8068648508436,7008295
2022-12-07,154.4368438720703,157.26765619858426,153.9425713529159,156.45885659462354,7718718
2022-12-08,153.08888244628906,154.97608667316342,152.77434155214888,154.43689134233745,4225180
2022-12-09,152.32496643066406,154.34697925938968,150.97695787818031,153.8527067142819,6174919
2022-12-12,151.78578186035156,152.77432710906015,150.57258219619573,152.77432710906015,7153044
2022-12-13,152.0553741455078,152.77431484022776,151.02190632429696,152.5496467301686,5166993
2022-12-14,154.2122344970703,156.09943886228064,152.28008004351005,152.7294163751301,8562333
2022-12-15,154.66151428222656,156.41392259230796,154.30203712076653,154.57164156369865,10644546
2022-12-16,152.59457397460938,155.56019559267494,151.92056968471502,154.4817777587221,9433166
2022-12-19,154.39190673828125,154.7963065382311,152.32495766751916,152.59456210503618,7706855
2022-12-20,152.5496368408203,154.077377147653,151.47123272497677,153.80777269052905,7387632
2022-12-21,150.93203735351562,153.71792747268088,149.71883775657864,152.77431864440533,8454254
2022-12-22,149.08975219726562,151.56110140538135,147.87655263178254,151.4263060245454,6979001
2022-12-23,146.4835968017578,149.49415473642534,145.89946524435769,147.65187362921023,5313321
2022-12-26,148.86508178710938,150.75229936556963,145.49506019175385,145.58493291935787,8321609
2022-12-27,148.46070861816406,151.1567263789515,147.8765769217223,150.0783220171676,9244387
2022-12-28,149.04483032226562,150.61750709926358,148.10122151353622,148.28095325980533,9652984
2022-12-29,149.85362243652344,150.43775401043536,147.38227334086864,148.28094573928854,19571340
2022-12-30,149.58401489257812,150.79722809051015,149.17961506415156,149.85361934907993,8626291
2023-01-02,150.9769744873047,151.47124708678788,149.5390930547451,150.12323838600838,7322962
2023-01-03,150.61749267578125,152.05536022089387,149.89855204689897,150.97695613389644,9629995
2023-01-04,149.71884155273438,151.42631378993318,148.01135560288165,150.84218215948462,11995082
2023-01-05,152.68443298339844,153.08884652745093,150.21308392048928,150.97696093408578,18887530
2023-01-06,151.87564086914062,154.7064535422912,151.47124101764098,153.1787131518186,13216749
2023-01-09,153.1337890625,153.6729980494897,152.28005292697813,152.99899367207968,6012344
2023-01-10,150.93203735351562,153.40338662570454,150.21309664089358,153.13378214438958,7557693
2023-01-11,149.2245635986328,151.69591284496994,148.7302910068347,151.38137200128386,8463293
2023-01-12,149.1346893310547,150.2580298859928,148.7752258385358,149.98842541027702,7628932
2023-01-13,150.7972412109375,151.11176834367882,148.73029181478742,149.3593597929235,5090393
2023-01-16,149.1346893310547,151.5611021871904,147.96641241138838,151.5611021871904,10321015
2023-01-17,150.70736694335938,151.15670316782536,148.99989477544997,149.71883547712622,13015434
2023-01-18,152.28004455566406,152.5047126691167,150.16817251680138,150.5276360132642,5536057
2023-01-19,151.60604858398438,153.13378909726313,150.3479125642617,153.13378909726313,6812613
2023-01-20,151.60604858398438,152.68445284555443,150.66243971286528,152.68445284555443,8545359
2023-01-23,149.94349670410156,152.32497309935488,149.17961967252452,152.23510037352722,7787735
2023-01-24,149.2245635986328,150.57257227845307,148.64041827645198,150.258031434767,7033092
2023-01-25,149.08975219726562,149.71883387490854,147.7417435382934,149.17962492625838,9257370
2023-01-27,149.44924926757812,150.12325368666282,147.38229963985404,149.40431289710813,13756671
2023-01-30,151.74082946777344,154.79630992610174,150.16815287926443,150.61748904740986,30768122
2023-01-31,153.8077850341797,155.1557937153299,150.39284067872183,152.6395218139722,24990701
2023-02-01,152.77432250976562,156.18928069663235,150.25803680825047,154.79633560180665,13878016
2023-02-02,149.9884033203125,153.5381699212377,148.7302675691386,152.77429297132062,19898080
2023-02-03,152.66265869140625,153.49259199560794,149.89619558278866,151.6943937891983,11730514
2023-02-06,153.12376403808594,153.8614904835888,151.27945495980958,151.69442168822945,7588936
2023-02-07,152.3860321044922,154.64530782982195,151.50998813805344,153.53872523690137,8699758
2023-02-08,152.6165771484375,152.84711578461338,151.32556641423722,152.70879823129252,8839686
2023-02-09,153.07765197753906,153.67704679364485,151.8327377336745,153.0315414368475,5507650
2023-02-10,152.15548706054688,152.89321344836588,151.32555366860083,152.24770813563444,9468345
2023-02-13,154.78366088867188,155.106406567876,151.97108644180798,152.24773564609941,9829152
2023-02-14,153.12376403808594,155.38303984478213,152.01718140531244,155.38303984478213,12916373
2023-02-15,152.8932342529297,153.53873965349666,151.41778127652313,153.07766235723992,11855678
2023-02-16,154.36866760253906,154.6453167845288,152.70880065252445,153.0776568478695,7923121
2023-02-17,154.96804809570312,156.44348667752752,153.4925954429194,153.99978317174876,10182025
2023-02-20,154.82974243164062,156.76627260395654,154.23034760595135,154.64531433688714,6679716
2023-02-21,159.76327514648438,160.68542969278442,155.8902288662165,155.8902288662165,26883881
2023-02-22,157.22735595703125,159.71717050990028,155.38304679624494,159.486631864802,12225021
2023-02-23,156.3974151611328,158.28782070590916,155.84411681034462,157.64231534396396,11184381
2023-02-24,157.68841552734375,157.87284360850524,156.21296273613055,156.99679966976768,8338893
2023-02-27,158.97943115234375,159.99380673698573,157.22734321991967,157.82673802023288,17669762
2023-02-28,157.22735595703125,159.53274240801412,156.62796110816058,159.34831430612792,19044910
2023-03-01,158.84109497070312,159.5788213029012,156.7201370422435,157.6422914397512,9318790
2023-03-02,157.5039825439453,158.7949931428543,156.99679478331672,158.7949931428543,7725981
2023-03-03,159.1638946533203,161.37706013536297,158.1495189326557,158.61059624732817,12962719
2023-03-06,163.03692626953125,163.68243163644036,159.2560870089809,159.4405151036747,12402804
2023-03-08,164.92735290527344,165.20398802358366,161.79201887845554,162.0225575243556,22099710
2023-03-09,165.48062133789062,168.0165461995135,164.1435001341362,164.51235630380606,18874546
2023-03-10,166.679443359375,166.90998200855807,163.959090113207,164.14351821836098,12399692
2023-03-13,165.71115112304688,167.4171424764387,165.48061251155934,167.18660386495117,13669178
2023-03-14,164.05128479003906,166.90996945325844,163.4057794350751,164.74290068556363,9217542
2023-03-15,164.3279266357422,165.5728408205654,163.91295993112138,165.480619743556,8548173
2023-03-16,165.6189727783203,165.98782899214,163.17525463113623,164.3279478880261,9405016
2023-03-17,163.17523193359375,167.55546570048827,162.20696691829863,167.55546570048827,47276890
2023-03-20,162.29920959472656,163.7285520388726,161.3309444505655,163.7285520388726,5627841
2023-03-21,163.31356811523438,163.72853482740626,161.65368719558575,163.08302948947653,12894327
2023-03-22,160.7776641845703,163.95909482044277,160.27047632761375,163.95909482044277,7893205
2023-03-23,161.00819396972656,162.16088718522872,160.17824641198774,160.50100614071317,5759884
2023-03-24,159.25608825683594,161.56147463597645,158.93334260633333,161.56147463597645,4977283
2023-03-27,157.91897583007812,160.40879044503137,157.41178798402257,159.20998664643534,12077986
2023-03-28,158.61058044433594,159.532734981803,157.22734863813534,158.01118562336697,8750986
2023-03-29,160.45486450195312,161.74587502473452,158.33390658227566,159.2099504420887,20272070
2023-03-31,161.4692840576172,163.4519109170837,161.00820673486095,161.1926348497708,8125121
2023-04-03,163.9590606689453,164.23570981247605,161.79199212740795,161.93032373465329,9098662
2023-04-05,162.20697021484375,164.42014944777705,161.51535434285728,164.42014944777705,10829323
2023-04-06,161.5614776611328,162.85250250020238,161.23873200458698,162.6680603296481,7159274
2023-04-10,163.77464294433594,164.14349911170825,161.56146372721955,162.1608725879006,10968456
2023-04-11,164.23573303222656,165.75728243032322,162.80639064770315,164.23573303222656,9208605
2023-04-12,162.11474609375,164.42013209033072,161.65366889443385,164.14348295654915,7591360
2023-04-13,159.57882690429688,162.39140072961177,158.8872110818896,162.29917965824015,9944382
2023-04-17,156.3974151611328,160.40877895598192,156.07465544467942,158.93334013881594,17401126
2023-04-18,156.85848999023438,157.45788480179812,155.84411438655275,156.7662689095501,16199789
2023-04-19,154.09202575683594,156.72015769346973,153.8153765869373,155.61357508483647,16314641
2023-04-20,156.48960876464844,156.95068599381415,153.8153664638715,154.09201561556299,15498083
2023-04-21,156.48960876464844,156.7201473792313,155.29080515462553,156.4434982275398,6672391
2023-04-24,157.642333984375,157.91898319248148,155.1064087068315,155.38305791493798,8088991
2023-04-25,157.78065490722656,159.02555515270552,157.0890389694175,157.9650830097832,9175412
2023-04-26,156.6279296875,158.333906876419,156.30517002072537,157.78062268175313,9032416
2023-04-27,157.642333984375,158.0112042855047,155.65970712304446,156.76628988450716,9054900
2023-04-28,158.61058044433594,159.07165771306947,156.3974151827996,158.51835936220462,21552892
2023-05-02,161.93032836914062,162.29918452376504,159.1177544595083,159.20996146268422,8893428
2023-05-03,162.62193298339844,164.74287683248028,161.469239991089,161.9303171880128,11194149
2023-05-04,162.62193298339844,163.63629437405513,161.19259085874288,162.71413998020756,4671155
2023-05-05,160.68540954589844,162.66803594347533,159.5327165075491,162.62193947870932,5958697
2023-05-08,163.2674560546875,163.7285333019072,160.91595927967487,161.19260844219886,6287186
2023-05-09,162.29920959472656,164.74291365626215,161.561483100558,163.4057923004981,7918748
2023-05-10,163.2674560546875,163.5441052172115,161.3309259879804,162.29919102133394,6231734
2023-05-11,165.57284545898438,165.9878121752302,163.17523809917992,163.7746469746116,12125975
2023-05-12,161.33094787597656,165.2962155542316,160.9159811113719,165.1578979896843,8920297
2023-05-15,162.25306701660156,162.99079336511937,160.31655118157204,160.45486871587423,7980565
2023-05-16,163.63632202148438,164.1435098379851,161.8381234638561,163.12913420498364,7874923
2023-05-17,162.29920959472656,164.00520123305614,161.42316553894753,163.63633095049062,6639494
2023-05-18,161.4692840576172,163.86687769337163,161.054303210366,163.22137225570557,6921939
2023-05-19,159.80935668945312,161.69977598053063,159.48659702843045,161.37701631950796,6657753
2023-05-22,160.54710388183594,163.26745683931338,159.67104585113967,159.8093774685469,13339834
2023-05-23,160.59320068359375,161.97643243477359,159.34830055010852,161.3309270984152,8359389
2023-05-24,161.33094787597656,161.65370762120398,159.94771594665244,160.4549038015972,8507023
2023-05-25,160.91598510742188,161.8842502961864,159.90160937234225,161.33095188233148,7986243
2023-05-26,160.91598510742188,163.45191037415776,160.54712887882738,161.37706242864658,6926193
2023-05-29,162.5758514404297,163.95908327786222,161.19261960299715,161.33093715835565,9943211
2023-05-30,163.03692626953125,164.1435089086557,161.9303436304068,163.22135436422505,9727639
2023-05-31,160.3165283203125,163.22130869411276,158.56442673356378,163.22130869411276,41785992
2023-06-01,160.82373046875,161.10037961797153,158.47224787776767,160.08601816543958,11602551
2023-06-02,160.96206665039062,162.20696675080404,159.9015805600822,162.20696675080404,7262018
2023-06-05,160.54710388183594,162.4836198868886,160.03991609326468,162.11476371572456,12239684
2023-06-06,161.7458953857422,162.0686550925471,160.03991798523944,160.91596195533126,4889564
2023-06-07,163.54412841796875,164.14352329600158,161.7459156419445,162.2531035000292,6270083
2023-06-08,167.8782501220703,169.99920854630471,164.23574221466924,164.83513708477426,27382635
2023-06-09,168.56983947753906,169.90696064125643,166.49499192561055,169.67642202437548,10235269
2023-06-12,171.2440948486328,171.935710751956,168.43152069425946,168.56985231750107,17450400
2023-06-13,170.9213409423828,172.12013052676974,170.59858124137963,171.52073573457628,8332566
2023-06-14,172.6273193359375,173.73390192014355,170.92134195598342,170.92134195598342,15061573
2023-06-15,172.16624450683594,172.71954284219746,170.92134435871426,172.4428936745167,9840499
2023-06-16,173.54946899414062,174.01054623061336,171.56684250569214,172.35066536511943,8562558
2023-06-19,171.38241577148438,173.54947035735177,170.78300691678518,173.54947035735177,5363723
2023-06-20,172.9039764404297,173.3650537109375,170.1836233586259,171.52074462890624,6035600
2023-06-21,172.9039764404297,174.01055907545611,171.98182189941406,172.9039764404297,5906854
2023-06-22,170.13751220703125,173.31894254792977,169.07704011705226,172.9039758201537,6683123
2023-06-23,172.16624450683594,172.9039709303309,169.44589151172428,170.18361793521927,15255365
2023-06-26,170.50637817382812,172.8117646503318,170.09141142224993,172.8117646503318,7231775
2023-06-27,171.56686401367188,172.39679751498073,170.41417077798604,170.5063777942635,6787438
2023-06-28,174.37942504882812,175.76265682635676,170.87523506489666,171.56685095366097,32476741
2023-06-30,174.42552185058594,176.73090815086312,173.36504978084298,173.45727086123858,9579059
2023-07-03,176.362060546875,177.60697483794362,174.0105635920576,175.20936734068627,7352149
2023-07-04,178.944091796875,179.6357077037908,174.2872085427829,176.22373871053185,13258826
2023-07-05,178.3446502685547,179.58956430159637,177.37639943281013,178.89794852123077,6558910
2023-07-06,181.43389892578125,181.8027550995331,177.74528090441848,178.436896783424,16276609
2023-07-07,177.60694885253906,182.35603853881966,177.19196810225674,181.4338841087877,12652336
2023-07-10,176.6387176513672,178.29859875690354,175.02494709033843,177.65307927572195,10238356
2023-07-11,177.42254638671875,177.9297342508506,175.94710741129157,177.65308504578203,11236383
2023-07-12,175.94708251953125,179.5895900032221,175.4398947271528,178.6674354974289,9191559
2023-07-13,173.27284240722656,176.8692537627305,172.39679835801388,176.8692537627305,10612659
2023-07-14,172.85784912109375,173.68779657002764,170.3680349162126,173.31892634684803,12369394
2023-07-17,171.9818115234375,174.24108719842724,171.3363061978634,173.78000995573706,9058800
2023-07-18,172.76565551757812,174.42552240225845,171.79739045420703,172.44289580613398,7177677
2023-07-19,177.5608673095703,181.2955961752106,175.39379841676507,176.13152489544103,31761232
2023-07-20,177.8835906982422,179.1285048545732,176.91533976660745,177.69916261940512,8936996
2023-07-21,179.91233825683594,181.06503131570608,177.14587491554758,177.79138021432283,11031250
2023-07-24,180.65003967285156,181.66441513192115,177.9296870320223,180.28118354462225,9981788
2023-07-25,185.03030395507812,185.67582339379828,180.65006986326927,181.20336821904033,18028061
2023-07-26,185.9063720703125,186.4135458410379,184.4309190892138,185.8141509823829,13857423
2023-07-27,186.22911071777344,187.19737582069354,184.98421050341494,186.0446826198272,16013422
2023-07-28,193.65243530273438,194.06740199276248,183.96981353759767,186.13688213246476,39630520
2023-07-31,201.35243225097656,201.9057164851741,193.3296771809884,195.68117387146904,43494779
2023-08-01,207.62306213378906,209.00629376444977,201.8135005417819,202.45900582189827,63510580
2023-08-02,202.04405212402344,207.6230754692568,199.96920454476654,207.53086846386623,22647784
2023-08-03,202.96621704101562,206.19375788583255,200.9835763651941,202.04406251392507,29868065
2023-08-04,200.9835662841797,204.90272282773594,200.66082065846325,204.44164558731754,12879897
2023-08-07,200.9835662841797,204.1188999616011,200.70691712573654,202.59733662564403,12929354
2023-08-08,200.6147003173828,203.24283201677,197.34104925618402,203.15062501576836,15314866
2023-08-09,201.67520141601562,202.59735598496948,199.60035363586945,201.44466277377717,12554174
2023-08-10,200.47637939453125,203.6578236242946,199.64644598648215,202.1362602815902,10970619
2023-08-11,199.16729736328125,202.43999943263094,198.8400214492068,200.9439013509316,7970536
2023-08-14,199.16729736328125,200.10235509738118,198.0452309359311,199.44781753708097,9283695
2023-08-16,203.32830810546875,203.79583698787627,198.279001882607,199.1205481638009,9687712
2023-08-17,201.7387237548828,205.52571076236833,201.17768335827384,205.19843481970477,11865239
2023-08-18,201.17767333984375,202.58025999366888,199.44782502750232,201.78546945054418,14101163
2023-08-21,204.59063720703125,205.2919305149156,201.69195249396972,203.0945391097384,13336739
2023-08-22,207.30230712890625,207.86334750446952,204.6374010146044,205.01141841974692,16930149
2023-08-23,207.30230712890625,208.42437361218333,206.69452527858726,208.42437361218333,13507905
2023-08-24,206.5074920654297,207.9568200392219,205.38541144748407,207.58280267847186,11182959
2023-08-25,203.74908447265625,207.44257411644563,203.0945468804902,207.44257411644563,7413549
2023-08-28,204.4971466064453,205.05818701717945,203.0945598474603,203.74909748141656,4851793
2023-08-29,206.74127197265625,207.3490537963742,204.0763517071417,204.9646537063636,8799235
2023-08-30,206.0867156982422,207.5828137567818,205.47893388762523,207.5828137567818,5490930
2023-08-31,205.99322509765625,207.25554449895105,204.54388273215577,207.25554449895105,18532999
2023-09-01,215.71780395507812,216.60610589764298,202.11271185544948,203.70232132596837,29859815
2023-09-04,220.48658752441406,221.1411249985359,215.5307793326111,218.52296083420163,21895573
2023-09-05,219.3645477294922,221.51516908013835,216.65287176952975,221.51516908013835,13952922
2023-09-06,216.83987426757812,220.5333635856951,213.5671723274681,220.20608768454483,14623019
2023-09-07,218.8970184326172,222.5437378413657,214.45549425301007,217.86844923125295,30334731
2023-09-08,224.64761352539062,227.78006254287357,219.7385605763446,220.6736182809248,28856420
2023-09-11,227.31256103515625,228.06059587452665,222.6840134264144,227.78008994368776,22493483
2023-09-12,219.83209228515625,229.04240296218984,218.8970344945224,228.34110961921445,21174310
2023-09-13,221.74893188476562,222.96450977046467,218.0087010166753,220.76713269617068,9151928
2023-09-14,222.4969940185547,223.66581623368458,220.62687847434688,222.4969940185547,7568464
2023-09-15,220.8606414794922,223.75932626128258,220.29961538059192,220.29961538059192,14098284
2023-09-18,225.5359344482422,226.42423648868856,220.72039257203068,221.60869461247705,11163399
2023-09-20,226.0502166748047,230.0242122109698,224.74114149944296,225.81645223150085,18936709
2023-09-21,223.43206787109375,227.12554348315425,221.70221942891368,224.46063720157403,10134737
2023-09-22,222.4969940185547,223.75932771803468,220.67363421652195,223.1047901311318,7209300
2023-09-25,224.0865936279297,224.6476340089733,221.74894915333059,223.61906473300988,8027642
2023-09-26,224.6008758544922,227.40604919389347,223.52556511486145,224.1801027071519,10681642
2023-09-27,223.7593231201172,224.88138957001524,222.40349223199667,224.32034921114172,9679279
2023-09-28,221.65545654296875,225.53594074433335,220.34636704926933,224.03985681019813,32887087
2023-09-29,229.6034393310547,235.16703023452425,223.94633694301612,223.9930926853006,35038887
2023-10-03,225.5359344482422,230.67875225570475,224.92815259631823,228.48137502595316,14885044
2023-10-04,219.8788299560547,225.3489236437587,216.4658747864321,225.3489236437587,25424437
2023-10-05,218.6632537841797,221.98269727977254,216.98014703264687,221.84244432874837,22472389
2023-10-06,220.2528533935547,222.0762131320162,218.47623512778927,219.03727547863073,8825123
2023-10-09,219.45803833007812,220.95413635035686,215.53079886165662,218.66324784943166,10659145
2023-10-10,220.58010864257812,221.46842488361492,218.56974026810707,219.6450509302012,11665907
2023-10-11,223.1982879638672,224.13334573855272,220.6736348257861,220.9073992694575,14313043
2023-10-12,225.9099884033203,226.98529925288776,223.10481477712602,223.43207647280482,13170027
2023-10-13,226.33074951171875,227.96710070631391,224.03986069285554,224.9281627734943,11880728
2023-10-16,227.63980102539062,229.08914335734354,225.3489124453869,227.0787749493063,6936948
2023-10-17,229.9774627685547,231.1462850170916,227.4995653087963,228.94890775055202,10084205
2023-10-18,226.28396606445312,230.77224593087146,225.90994868718843,229.9306854302533,6987265
2023-10-19,223.9463348388672,226.09697055310255,223.01127707336045,224.60087242115208,11485237
2023-10-20,225.3489227294922,226.42423345861354,222.12297627427884,223.43205144606566,9040953
2023-10-23,221.18792724609375,225.2554201485311,219.7385847907127,225.161922928479,7058625
2023-10-25,216.9801483154297,220.954143653559,213.52043758051036,220.67362348200368,23949207
2023-10-26,216.60610961914062,218.14896337859057,212.9593903110738,215.8580748764538,17410264
2023-10-27,221.23468017578125,222.96452853716355,216.93340860830432,216.93340860830432,10519462
2023-10-30,219.3645477294922,222.91775566595902,215.67105830588557,222.0294536818423,8812268
2023-10-31,220.48658752441406,221.79566247265777,218.38270789969226,219.271009776561,6583581
2023-11-01,217.49444580078125,221.32817414627934,217.02691690978028,221.32817414627934,6718059
2023-11-02,219.9723358154297,220.3931089496046,218.569749189614,218.9905223237889,6057787
2023-11-03,221.2468719482422,222.09654478452845,220.2555773688219,220.2555773688219,6825146
2023-11-06,222.66299438476562,223.93750359019216,221.43567801960648,222.1909507370605,5338605
2023-11-07,225.77845764160156,226.15610118090788,222.04931592542331,223.08781765148066,7002346
2023-11-08,223.4654541015625,227.43061775751872,222.75738864851218,226.43933764775107,9777991
2023-11-09,224.64556884765625,226.2977216130497,222.8046015044865,223.93750337677335,13987058
2023-11-10,229.1771697998047,229.64921340392374,222.61576658367522,224.5511482416889,9589671
2023-11-13,231.96224975585938,236.5882862296041,229.69644596854343,231.2541842716195,18792969
2023-11-15,233.47279357910156,235.03053187124402,232.19826995416386,235.03053187124402,10965645
2023-11-16,238.2404327392578,240.03419282307848,233.80321096394468,234.88891998783933,22145147
2023-11-17,237.53236389160156,238.9484948025476,236.9659057649717,238.85408031289975,5618928
2023-11-20,237.01312255859375,241.119893722414,236.30505707459415,236.96591531186795,6283832
2023-11-21,236.02182006835938,238.66526733425073,233.47278729274683,238.47645275932177,6851869
2023-11-22,239.46774291992188,239.79817924412416,235.40817896903263,236.77710270170198,5275418
2023-11-23,238.61805725097656,241.4031118135319,237.62676273735423,239.79816633728208,8200025
2023-11-24,239.70375061035156,242.48881956415394,238.8540778348505,239.137306895227,7149443
2023-11-28,243.14967346191406,243.85773893945168,239.46773874097008,240.60065502953347,6151585
2023-11-29,243.95213317871094,245.0378277252141,241.78074408570464,245.0378277252141,8637363
2023-11-30,246.69000244140625,247.02043876197428,241.68635122569017,243.5273330036704,21687673
2023-12-01,253.91232299804688,260.0488912247731,247.11488205316854,247.68134026711866,29121320
2023-12-04,259.4351806640625,263.4003588814041,257.97185686144684,260.5680969579481,20464526
2023-12-05,269.4897155761719,270.52818849653744,257.54698887940503,259.81282131612767,18883076
2023-12-06,265.3829650878906,272.1331840114384,263.3531830075595,271.8971621692776,13415314
2023-12-07,267.9319763183594,272.1331765176366,265.571757961745,266.0910232869557,25133786
2023-12-08,269.112060546875,275.5790640066844,265.28851868814985,270.4338057530454,20815064
2023-12-11,271.23626708984375,272.3691833631711,268.49841970910325,270.0561579764851,8071675
2023-12-12,267.5543212890625,272.46358652092863,265.1469103224541,271.37789194405144,8640883
2023-12-13,277.60888671875,278.4113667660107,268.59286362933466,268.82888547786655,23629670
2023-12-14,278.88336181640625,281.8100379899432,277.18401632790386,281.10197256785796,24900443
2023-12-15,288.041015625,289.8347755747752,278.50572897250385,281.33799062307173,28843558
2023-12-18,286.2472839355469,289.4099533752507,284.8783458114525,288.89071687921944,13307504
2023-12-19,292.3365783691406,295.0272324917157,285.5863610519808,287.9465789119145,15650536
2023-12-20,281.007568359375,295.8297499282572,278.647350199442,295.02726999162854,23497233
2023-12-21,285.0671691894531,286.2000566524847,276.80640538892885,279.2610092977928,17868637
2023-12-22,285.8695983886719,291.6757578345257,282.8485365746254,287.002514575974,15207726
2023-12-26,292.2893981933594,293.32789985895073,287.56896226908435,289.315529323317,9917180
2023-12-27,288.9378967285156,294.7912493122202,286.57767855948265,294.17759835052306,12630732
2023-12-28,296.3489990234375,297.8595444723954,290.54286786491184,291.8173914878219,37591916
2023-12-29,293.75274658203125,296.7738373528837,290.92048478857845,296.7738373528837,12682889
2024-01-01,292.4310607910156,295.782559406328,290.59007890802104,294.55525735850483,8024960
2024-01-02,288.8907165527344,293.4223241114112,285.16156015769747,293.4223241114112,13506040
2024-01-03,289.0795593261719,290.7789050389084,286.34168295049915,290.0236466801943,14259987
2024-01-04,299.3700866699219,303.760086824481,291.34534467145073,293.51673392300455,40057506
2024-01-05,297.34027099609375,307.441986607725,295.21607482587285,304.84574684412166,27456415
2024-01-08,298.7564392089844,300.5501993263362,295.1216973222731,298.7564392089844,10136462
2024-01-09,301.8719177246094,303.47687767798476,298.3787831490316,300.07815759576874,12229517
2024-01-10,295.82977294921875,301.87192614658585,290.7788999316605,301.77751165059,14455000
2024-01-11,295.4049072265625,299.55888553957715,294.8856707416573,297.34030345747516,10316319
2024-01-12,295.16888427734375,297.6707098235999,292.38384406972176,297.576324143983,12341629
2024-01-15,299.55889892578125,300.21977158269954,292.2894437559744,297.29309509118247,9706124
2024-01-16,294.08319091796875,299.5116928370003,292.80866731385765,299.5116928370003,10162832
2024-01-17,292.0061950683594,296.5378314680977,289.9292202616637,292.43104588470493,13502940
2024-01-18,282.5653076171875,293.89435482634315,279.969067631756,291.6757727968891,32481018
2024-01-19,291.2037353515625,292.147822639055,284.83114616098817,286.81370641571635,28651237
2024-01-23,285.68084716796875,297.67073961635,283.5094289055577,295.92420101102726,21652362
2024-01-24,291.58135986328125,293.3279270795942,281.57402901289345,286.0112507179851,23922028
2024-01-25,297.1514892578125,299.46451475747625,291.9118160630759,292.6670744080123,32525422
2024-01-29,306.403564453125,307.5364808957415,298.4732357885954,300.0309742887466,24694773
2024-01-30,297.81231689453125,305.8370580441437,296.9154225356609,303.85446917434143,20918448
2024-01-31,299.7477111816406,302.10792937992125,295.12168927526204,300.73899130041553,20931224
2024-02-01,303.9960632324219,308.6693061637571,299.37004194548354,302.15508175977385,24020951
2024-02-02,313.9090270996094,315.0419433835698,305.0346122461126,305.88428505345394,32346639
2024-02-05,317.3077087402344,321.9809230206969,314.42822553832895,319.1014686300459,19651482
2024-02-06,318.5946960449219,320.3106342341467,313.6374960209353,320.3106342341467,12024661
2024-02-07,315.2581481933594,322.1219305055961,314.25715993834564,322.1219305055961,8080437
2024-02-08,315.4487609863281,319.5956454255773,312.6841810576863,318.35636000353634,17754869
2024-02-09,309.7289733886719,319.3573654490851,304.67646551262766,317.4031006706812,18304439
2024-02-12,301.3874816894531,311.4448706243852,299.81453367469777,310.92053522441967,11714289
2024-02-13,306.5353698730469,308.8233263320677,301.14919965196634,303.67545339184574,15426888
2024-02-14,312.6842346191406,313.9712029886801,303.4848414618187,305.91575908783267,14085723
2024-02-15,323.4089050292969,324.9818533546234,314.7338187811085,315.5441343100877,21973316
2024-02-16,321.9789123535156,326.9361122784451,321.0732605485046,325.9351241109213,20307449
2024-02-19,322.9322204589844,325.9351268011953,321.74058864917265,324.5051686294212,8496898
2024-02-20,329.5577087402344,330.3203414702357,322.0265723417457,324.69584508189797,19340526
2024-02-21,320.40594482421875,331.7979266876826,319.0713231074519,330.7969676732504,17751633
2024-02-22,323.69488525390625,324.36221077055296,315.16281810578874,323.170578842667,16083122
2024-02-23,321.9789123535156,324.12384959347247,319.214332396086,324.12384959347247,9665454
2024-02-26,321.8359375,322.69390661783973,318.9283383156978,322.2172538754205,7711995
2024-02-27,320.40594482421875,322.21721923215745,318.49933405953146,320.40594482421875,8882923
2024-02-28,317.7366943359375,320.7872834080509,316.3067361632419,320.0246506863093,12977628
2024-02-29,319.9293212890625,320.31063765823603,315.1627939429578,317.7367012543099,13149469
2024-03-01,327.4604187011719,328.2707341438379,319.3573224596582,319.92931154227966,13027254
2024-03-04,337.3271484375,341.5693403493554,329.60536826484133,331.7503055854369,38075510
2024-03-05,341.52166748046875,343.1422983351302,337.04112035939727,338.32808849779633,15918221
2024-03-06,335.515869140625,342.6656601088789,328.89038453968016,342.6656601088789,13120921
2024-03-07,335.7541809082031,337.3747826683353,333.3709173557388,335.56350818697695,9172926
2024-03-11,331.70263671875,336.65980750986506,330.5110049286878,335.80183843953483,10664917
2024-03-12,328.6520690917969,333.132616551108,326.55478536774166,331.7503119476296,9637912
2024-03-13,307.4410095214844,328.41372955085694,304.58109315384263,327.7940868230493,23722232
2024-03-14,306.8213806152344,311.6832444777552,301.7211903780074,306.0587187606296,20859127
2024-03-15,301.530517578125,310.8252461897208,291.473156204659,307.5840133129101,43285007
2024-03-18,302.3408508300781,307.8223577691587,300.2435960654542,302.2931971893777,13690352
2024-03-19,298.8135681152344,303.0557593894037,295.61998943278036,299.6238543738199,13388060
2024-03-20,299.0042419433594,302.6268200285703,293.9040520804449,301.24451551969446,10026655
2024-03-21,309.8242492675781,311.11121735228085,302.1978062086839,302.43613255427437,23370426
2024-03-22,309.5859680175781,311.96923182063875,306.15406232265565,309.34764163727203,14709219
2024-03-26,313.73284912109375,314.87679827740845,305.1530995321445,305.1530995321445,11208959
2024-03-27,316.11614990234375,318.49941395605174,311.06361265293555,316.4974663324213,45209520
2024-03-28,320.1199645996094,324.1238592032676,314.8767845242624,316.4020790919691,19868037
2024-04-01,326.3641357421875,328.31840033224563,320.45363015006274,323.17055657696807,8580656
2024-04-02,328.6997375488281,329.4623994340394,324.8388617606767,326.98379921911106,9745257
2024-04-03,334.84857177734375,337.56549839177484,326.03049550989766,328.27076935311544,21679943
2024-04-04,338.0897521972656,345.7638780752732,336.1831414090757,338.42341490371325,28962927
2024-04-05,337.9944763183594,341.4740649034834,335.13455962433545,339.75809743152286,11208130
2024-04-08,346.5265197753906,348.9097833226767,336.75513923151783,338.99541278448123,11447140
2024-04-09,345.9545593261719,349.7677813172955,343.5236419438606,347.95650669002674,10010148
2024-04-10,345.5732421875,351.15008515579945,344.4769466859719,347.09853679911845,12886638
2024-04-12,344.8582458496094,357.01289031286444,344.14326676353556,345.5732249356832,30924494
2024-04-15,344.2862854003906,348.90982302677423,336.32617842812255,338.9001149891209,18126999
2024-04-16,342.4750061035156,345.0489426298416,338.0421412793547,344.14329075398507,15328939
2024-04-18,334.75323486328125,344.38162664473583,332.8943065141011,342.7609955882007,22966560
2024-04-19,334.1812438964844,335.94486495601234,326.98379873911165,327.07913511119517,12867942
2024-04-22,326.8884582519531,338.42346090701733,325.93515272827136,338.42346090701733,37382916
2024-04-23,330.9399719238281,332.36993005896716,327.9370656585507,329.84367650540275,14651106
2024-04-24,335.2298889160156,336.65984723281304,331.083003978788,333.4662678401169,11132307
2024-04-25,342.4273376464844,343.7619594905899,332.7989465476369,334.61022112839254,19865014
2024-04-26,339.3767395019531,344.52458310285004,338.4234340539139,343.8572867447667,10986589
2024-04-29,346.0498962402344,346.66953899625423,340.28240960659383,342.9039997296259,13652173
2024-04-30,346.2405700683594,348.38550744850943,342.5226553353725,347.908854697365,14566548
2024-05-02,351.8173522949219,355.2016039787771,346.2405388828888,346.2405388828888,27892188
2024-05-03,347.9088439941406,362.63739609584326,343.52363300000525,354.9156159463444,26844664
2024-05-06,340.1393737792969,351.6267219362613,337.85144651205155,350.62573375569707,15319437
2024-05-07,332.84661865234375,341.7123775014994,330.6540275791264,341.52170475923015,10028071
2024-05-08,338.8524169921875,341.7599868330971,329.081036615509,329.081036615509,9595776
2024-05-09,329.891357421875,341.28336981097533,328.74740827470174,339.8534115575774,9043486
2024-05-10,338.90008544921875,339.7104008953898,331.3212955299917,331.41663189293655,11699095
2024-05-13,334.5149230957031,339.3767873851862,330.32038435103095,338.90013459391486,10691781
2024-05-14,339.1860656738281,340.5683702060254,333.9428857266395,334.18121208787534,10891985
2024-05-15,344.4769592285156,346.5265603003602,339.99641159860573,340.80672711796086,8538183
2024-05-16,344.5722961425781,346.86022360062486,336.5645064005505,346.86022360062486,13114162
2024-05-17,348.385498046875,349.3864571602361,343.5236342978903,345.52558161718684,8509179
2024-05-21,354.6296691894531,356.63161668887676,348.2901930184259,349.86314137776696,10939593
2024-05-22,356.3932800292969,359.7298494013384,353.29503704097255,357.489575575881,14001806
2024-05-23,354.91558837890625,358.0615136508679,352.2463448989739,357.5371782259216,15370357
2024-05-24,357.44189453125,360.4924545534,351.4837353951282,355.5829372437504,13317821
2024-05-27,352.38934326171875,362.7327129041763,350.8163951346567,362.20840655934654,21891930
2024-05-28,348.3377990722656,355.82125253279617,347.0985136475597,355.2016098204432,10200096
2024-05-29,347.57513427734375,349.2434186295186,343.18992387597007,344.61988189211996,18146672
2024-05-30,342.90399169921875,347.76582635765067,340.4730452774284,347.0031936131131,14425073
2024-05-31,342.2366638183594,349.5294448472274,338.90009467249797,346.47888479798434,30515612
2024-06-03,373.50506591796875,374.83971683004967,356.01193407938297,367.02260045603447,39261174
2024-06-04,315.7824401855469,373.600411717231,299.29026702194284,373.600411717231,84042244
2024-06-05,325.0771789550781,326.26881084274333,300.57721570765057,324.1238734449459,46418629
2024-06-06,333.4185791015625,342.95163354335125,328.8903782417128,331.5596218483843,33171039
2024-06-07,343.761962890625,345.0965847479308,331.4643279819346,335.5635299206399,23930193
2024-06-10,347.86114501953125,352.81834488445253,344.9058923728502,347.9564813808899,16072588
2024-06-11,350.24444580078125,354.5820034165549,347.8611819764801,351.53141408441905,11235777
2024-06-12,353.9623107910156,356.53624720734973,348.3378143140135,352.29402621183687,12134524
2024-06-13,352.6753234863281,358.82412549673535,350.76871279921204,358.82412549673535,11243702
2024-06-14,351.2453918457031,353.5333190235268,349.0051183016074,352.72300360214257,10298434
2024-06-18,352.38934326171875,354.86794317629335,351.4837205667789,354.4389440995616,10228382
2024-06-19,345.5732421875,353.5810025327781,344.66759032956486,352.5323606690045,8337334
2024-06-20,340.94970703125,347.8611719219554,340.3777179114352,345.57324453527144,14338604
2024-06-21,342.99932861328125,346.00226439926183,340.09175829432684,343.14234772124365,17931844
2024-06-24,345.81158447265625,347.6228591792907,338.947772950848,340.9020667624763,9335598
2024-06-25,344.00030517578125,347.67053727259895,341.0450522240874,347.24153814849427,14983828
2024-06-26,348.004150390625,349.7677713296745,342.8563066681199,346.04988581300825,15918394
2024-06-27,359.5391845703125,363.30475315295075,347.0985587035007,348.00418152601213,55378829
2024-06-28,360.68316650390625,371.3125177400812,359.1102181394406,360.30185009624444,25141039
2024-07-01,352.48468017578125,364.16267160824464,350.62572296378863,363.92434525248007,23389211
2024-07-02,353.1043395996094,355.20162326666025,348.0994858916041,355.20162326666025,13702830
2024-07-03,355.2492980957031,356.7745927543169,351.4360759954566,353.2473506745585,9207317
2024-07-04,355.5353088378906,363.0664167018712,354.3913305655444,356.4409316353034,14916930
2024-07-05,362.0654296875,363.4477343469648,353.67635263665295,356.8699319897579,15946104
2024-07-08,359.8251647949219,363.44771397919294,358.5858502163006,363.06639760599194,8898299
2024-07-09,359.44378662109375,362.49437551425825,357.5371758360089,361.4934164891174,8355819
2024-07-10,363.5907287597656,365.8786562474587,352.7230513737911,361.11212852619127,17715196
2024-07-11,359.49151611328125,365.40199286040774,357.1082523218813,364.54402371401886,19873143
2024-07-12,359.5391845703125,361.68412207097504,354.62966677620034,361.2551520263886,16151583
2024-07-15,367.6422424316406,370.7881678846579,359.3008197110679,360.92145061952294,22951140
2024-07-16,362.68511962890625,370.5975443076396,362.2561204807796,368.59559677067773,11893034
2024-07-18,360.1111755371094,365.0206933559629,356.72695243381787,365.0206933559629,15709153
2024-07-19,347.6228332519531,360.34946707428185,345.9545486821648,360.1111407071692,13330099
2024-07-22,356.0595703125,359.634465596762,345.43022081914194,347.7181479825552,18715538
2024-07-23,364.59173583984375,367.6422962832354,344.66762566333983,359.1102286776888,49882257
2024-07-24,374.2677001953125,376.5556273021785,363.87667731105785,366.16460441792384,36868466
2024-07-25,373.8387756347656,377.7949879547969,368.2142785575158,372.6948263996479,25973101
2024-07-26,377.79498291015625,380.8455723482241,371.50318946957884,376.5080436744053,20381410
2024-07-29,375.5069885253906,389.2345803675826,374.31535678400985,385.1353788142615,27751449
2024-07-30,387.9476623535156,393.4291686604816,378.4622615418234,378.4622615418234,34447139
2024-07-31,396.5750732421875,397.909695074007,389.4729358944505,390.3785877227783,29727771
2024-08-01,403.6772155761719,404.53518468632683,396.1937617687037,400.29296367976303,28803487
2024-08-02,400.1023254394531,406.3941183938803,394.0488297647423,396.813409864805,24233263
2024-08-05,393.9534606933594,396.241387858908,385.7550283486189,388.61494457869776,42489503
2024-08-06,395.62176513671875,405.1071660824479,393.9534805849374,393.9534805849374,18230579
2024-08-07,399.9935607910156,404.50947401123557,398.74449338399705,404.50947401123557,15556736
2024-08-08,391.7304382324219,400.66614631340633,389.9048376091993,400.04161262124416,16447385
2024-08-09,394.5648498535156,400.04159280751026,392.21083385008035,397.59145861347866,10954753
2024-08-12,385.14874267578125,393.94033202606795,384.42812011719695,393.94033202606795,26254763
2024-08-13,380.6808776855469,388.6557553747369,379.52786989622024,387.21451029918165,11355664
2024-08-14,380.82501220703125,384.3320361726653,378.2307592339828,383.275117208749,9424614
2024-08-16,382.4584045410156,385.2448352520981,377.8944616261004,382.4584045410156,13844122
2024-08-19,387.31060791015625,391.53825436276065,385.72524415570547,386.5419262591875,10677045
2024-08-20,390.3372497558594,392.2108802835712,387.31064063757884,388.7038267664588,10126083
2024-08-21,392.9314880371094,393.65211062478795,389.32837509871626,391.5382726387141,9726854
2024-08-22,387.5508117675781,393.98835559622273,386.4938928338584,393.7481480804777,10445288
2024-08-23,386.20562744140625,390.0008883206909,383.8996120002865,387.5507835672566,11513586
2024-08-26,398.6003723144531,399.6572912874761,386.20566990553044,386.68608495488564,13772637
2024-08-27,393.6040344238281,399.89748900943385,393.07558961137426,399.22489622794086,8441188
2024-08-28,393.02752685546875,398.1679735741486,391.39413333623094,393.98835692168154,15884745
2024-08-29,393.84423828125,396.43849118894053,387.9351392384066,393.0275268605173,19014705
2024-08-30,399.8974609375,402.77995096062796,395.38154817238427,396.5345559105174,22633988
2024-09-02,393.9403076171875,402.68386665069295,391.730410303339,401.43477003321783,11107165
2024-09-03,390.4813232421875,395.4295920945257,389.7126709373954,394.4207322792103,7538160
2024-09-04,389.2322692871094,392.25887815923033,384.235941167711,384.3320300396623,11052003
2024-09-05,387.4547119140625,392.4029807337067,386.10955572846103,389.4724608535676,14246871
2024-09-06,379.335693359375,388.79987524995437,377.3179737049684,387.4547190396146,17956121
2024-09-09,374.5795593261719,377.36596029779395,370.20776549006223,375.8766856142968,12293356
2024-09-10,380.7769470214844,383.75552611864373,374.48352175865654,374.8198181493725,15852309
2024-09-11,374.387451171875,383.659455984709,372.3216722740221,383.37121867699307,11492592
2024-09-12,388.9920654296875,390.3372216830461,375.3482665059757,375.68456289986716,24028069
2024-09-13,385.67718505859375,391.3460766192792,383.7074951397629,388.9920605360675,12017217
2024-09-16,394.99725341796875,395.8619946291736,386.25369378865963,386.6860790553656,11479712
2024-09-17,399.9935607910156,401.2906872965858,394.03643173619383,395.7178844191384,14432501
2024-09-18,397.92779541015625,403.3084500422854,396.8228466169479,402.1074123709266,10303840
2024-09-19,407.3439025878906,414.9344539537507,404.0770570310093,407.391932360466,59601773
2024-09-20,407.3439025878906,413.0127938954466,400.2337369144011,411.28328224964963,36084164
2024-09-23,411.5715637207031,413.63734249357003,408.35277714231654,410.7548523019772,14139629
2024-09-24,411.3313903808594,414.550177226684,410.27447135835155,414.550177226684,12539885
2024-09-25,419.0179748535156,419.8827160014345,408.97728948112103,411.3313347436495,19443168
2024-09-26,417.5767822265625,420.7955690408733,413.6854025893657,420.7955690408733,20041825
2024-09-27,419.7866516113281,425.16730586639505,416.51983523860395,418.92191041299037,53885913
2024-09-30,425.83990478515625,430.88426272411255,416.6159301180519,419.7866576650844,20903229
2024-10-01,422.8612976074219,430.21164139495494,421.61220098827306,428.53018886018964,15984996
2024-10-03,418.29736328125,425.1672921946432,415.0785767866347,415.0785767866347,13563784
2024-10-04,413.5893249511719,422.1407069080299,409.60185661044045,415.94334108393554,18347292
2024-10-07,399.1768798828125,416.03943654026097,393.0275437371532,413.73345014674265,23431004
2024-10-08,404.4613952636719,410.94699768405394,395.1893624197327,397.7836151167672,18706355
2024-10-09,402.0593566894531,408.112574434227,400.6661413515542,407.82433714055463,13916492
2024-10-10,406.14288330078125,413.0608422281992,404.02904541278286,404.22122315613063,15866037
2024-10-11,405.9507141113281,409.93815313105705,403.1643127073131,407.3439294744393,8639087
2024-10-14,407.8723449707031,409.3135900059353,403.5486098650066,407.96843383749297,8483177
2024-10-15,409.89013671875,410.4666406575297,406.95958724754024,409.9381664960615,9365964
2024-10-16,407.6321716308594,412.58044080212534,404.7496813187967,408.6410315111982,6219440
2024-10-17,401.3867492675781,408.92927094710126,400.28180058586076,407.0556406399501,11968387
2024-10-18,408.30474853515625,409.26557860176706,398.2160328357425,401.3387305522277,8828971
2024-10-21,408.3527526855469,411.95586520924286,402.68386151270613,409.3616124632998,9139781
2024-10-22,399.465087890625,409.60183305229253,397.2551905343637,406.2869870179006,14242323
2024-10-23,392.3069152832031,398.50428111257094,385.9654601265195,397.7836585427471,22522821
2024-10-24,395.7658996582031,398.9846862546203,390.86566044060453,393.21970583914117,9400171
2024-10-25,383.2751159667969,391.53826058217504,376.2610680582568,386.73411014558394,19642277
2024-10-28,388.07928466796875,390.5774488770113,382.2182149950405,383.2751340052749,11716022
2024-10-29,396.006103515625,398.07188228097175,388.60772964412655,392.9794946899117,20284308
2024-10-30,392.49908447265625,398.55230219830895,389.9048315489726,397.9277685158538,12264297
2024-10-31,394.57757568359375,396.9944419189493,390.08221038638476,395.3993161041669,12204072
2024-11-01,397.6711730957031,401.63483959064007,396.70442660926784,398.29955241133376,2145479
2024-11-04,387.61700439453125,400.523046015224,380.60809256936017,400.0880278104904,13866505
2024-11-05,389.6955261230469,390.66227263811135,383.94337255730824,386.6986060257945,6665326
2024-11-06,395.3026428222656,397.1394552943553,389.7438503787435,393.1758181977058,9700643
2024-11-07,390.3722229003906,397.2361289158033,388.63209101040394,397.2361289158033,7589295
2024-11-08,384.4267578125,390.758965385453,382.396584166952,389.7438638112974,7536509
2024-11-11,379.496337890625,387.5686773026435,378.77127799438557,384.91012434976545,12243693
2024-11-12,367.6536560058594,381.671479259083,366.4452229667883,380.07635354806126,10549517
2024-11-13,368.6687927246094,374.71095849791567,366.7352996771514,371.2306651119387,20602407
2024-11-14,360.1130676269531,372.3907598545337,359.00131506369064,367.4119918274149,15086601
2024-11-18,354.5059509277344,367.3636674887354,350.5906099278422,367.3636674887354,16383636
2024-11-19,354.5059509277344,365.91354774864834,352.9107956114292,355.76270956803853,17055094
2024-11-21,344.3067932128906,352.2341270769762,343.00167941172515,351.6057476920491,21276150
2024-11-22,353.2975158691406,354.8926416739167,343.87173761038196,345.17682176707785,15949254
2024-11-25,356.1494140625,364.6568011878135,355.27934809017864,361.5632005053791,18388844
2024-11-26,349.6238708496094,358.0829028461915,348.2704316307087,357.6962101411859,11222231
2024-11-27,357.0195007324219,359.24303557144066,349.333883111466,351.7023945343867,14225274
2024-11-28,350.01055908203125,359.48469249879605,347.6420478549115,357.406193421034,16837860
2024-11-29,351.5573425292969,353.2491488258794,348.2220849605476,351.17064984777295,14280017
2024-12-02,346.28863525390625,351.7990730343275,345.1285275618364,351.5573863903766,12510350
2024-12-03,355.23101806640625,357.6962098738917,346.288612819559,347.0619982289922,14205760
2024-12-04,360.3547668457031,362.6749526029096,355.76272085638834,356.6811418553563,22035954
2024-12-05,356.8744812011719,361.51488231902454,352.2824351122292,360.35477466387056,18758283
2024-12-06,357.2128601074219,358.8563410889947,355.8110657700354,357.16453457969027,9736086
2024-12-09,357.5511779785156,360.8864355064634,355.5210045469004,358.56624994294316,10878679
2024-12-10,356.8744812011719,358.85632932016296,354.21592820231035,356.72947511996847,7913822
2024-12-11,353.3458557128906,358.42127498099643,352.5724702921891,356.9711551901091,9998662
2024-12-12,343.77508544921875,354.7959904228358,341.26153847210094,353.8292438549262,22538216
2024-12-13,345.27349853515625,346.385251083718,336.47609968944107,343.9200593672219,14269143
2024-12-16,341.1648254394531,346.9653042947663,340.00474737004714,345.27349796196665,12168143
2024-12-17,337.4428405761719,342.0832412929004,335.70270874662407,340.29475443862253,15646176
2024-12-18,330.3856506347656,339.3280566870599,328.6938440843316,337.92626231559433,14672392
2024-12-19,326.1802978515625,329.27389878131925,323.9084374346566,325.79360511103414,14513129
2024-12-20,322.16827392578125,332.46411833973616,319.99309428187127,326.56695873791665,20375797
2024-12-23,322.55499267578125,327.00203287410466,319.5097468289478,324.7301724953429,8884187
2024-12-24,324.1500549316406,325.64852954780747,320.7181170253142,323.956723354004,7755462
2024-12-26,323.5216979980469,326.1802507717542,321.2015123869999,324.15007729855284,9030212
2024-12-27,323.8600769042969,328.69380939540576,323.08669150682414,325.45520272581047,9090597
2024-12-30,320.3797607421875,325.60018555941105,316.5127750253168,323.8600537879231,36657549
2024-12-31,322.26495361328125,323.4733867455474,315.35272199727143,319.12302746938934,8580998
2025-01-01,322.55499267578125,323.5217392622531,317.86626583083984,321.9266132951274,7843971
2025-01-02,326.7602844238281,327.3403381665524,319.02631319486176,322.55493166752586,16543382
2025-01-03,328.5487976074219,333.04416284542174,325.84188975781973,326.8086362392288,8689629
2025-01-06,316.6094970703125,330.3373099657643,315.594424987681,330.3373099657643,10538077
2025-01-07,317.67291259765625,319.3647190088551,314.28929977525866,316.1261122640077,13891401
2025-01-08,314.57928466796875,319.5096973967305,311.147346618064,319.5096973967305,8993608
2025-01-09,309.6972351074219,315.11102119701246,309.1655068514849,313.2741793163801,12403467
2025-01-10,297.9996032714844,310.3256209250494,297.37122395832546,309.6972416118905,15941143
2025-01-13,288.2838439941406,299.6431163894061,286.97873020136575,291.08740319539794,29630336
2025-01-14,300.0780944824219,302.30162903614274,290.2172983184006,290.4589849327554,22732888
2025-01-15,310.66400146484375,313.51588600969205,302.15661434988056,302.15661434988056,21894626
2025-01-16,314.6759948730469,316.41612682239185,310.95401483958733,313.90260945172975,14865186
2025-01-17,315.30438232421875,318.0596159005053,312.59750377723475,314.48264185371033,7129232
2025-01-20,324.8751525878906,325.79357357265724,313.7575677330373,315.3527230752912,17991880
2025-01-21,313.5158996582031,327.00202605954723,313.03252637504045,326.56697830359525,12774630
2025-01-22,311.6790771484375,316.12611711234416,306.7970189452083,316.12611711234416,11068145
2025-01-23,312.8875427246094,314.289337147395,308.9238756179287,310.3256700407143,6477347
2025-01-24,312.8875427246094,318.92970919736473,311.38909724047244,313.9992954550431,7492600
2025-01-27,311.4857482910156,314.24095233932104,304.52516137281737,312.88751307821667,13803855
2025-01-28,307.6670837402344,313.0808702187769,297.90293786866414,311.77575650031605,22008929
2025-01-29,310.56732177734375,312.16244764623127,302.8816750871184,309.35888861867704,16056888
2025-01-30,312.2591247558594,315.9327497165881,310.4706378002037,311.5340648686554,10375720
2025-01-31,315.6691589355469,317.8613058725993,309.384992489505,314.159025160958,13195557
2025-02-01,309.5311584472656,322.2943012327426,308.60557340577117,317.66643549106175,10097627
2025-02-03,303.2469787597656,305.97497181609333,296.1833945155622,302.1265541020915,15881217
2025-02-04,310.8951416015625,312.2104356494708,302.3213939161228,306.75441980108087,12141064
2025-02-05,311.3822937011719,314.7435677661699,310.21313679767115,312.7462902666593,12226722
2025-02-06,304.7571105957031,314.4025803942938,303.3931140758996,314.3051457001162,13384442
2025-02-07,308.8004455566406,311.0412949899565,304.07514507380057,305.4391416737709,8937447
2025-02-10,302.5162658691406,308.7029973818034,301.0548346330578,308.36199081347183,6806132
2025-02-11,297.74224853515625,304.31868877557804,296.3295198496121,304.31868877557804,13241830
2025-02-12,298.3755187988281,299.5933780592315,292.2862224968112,298.32681632156886,7616083
2025-02-13,298.8139953613281,300.6651357094654,295.3065543300232,298.2781193836465,9086906
2025-02-14,292.6272277832031,300.32409232941427,290.678652974902,298.96009591018185,7446248
2025-02-17,294.5758056640625,295.40395591280685,285.2713430176396,289.8505057580668,6464173
2025-02-18,303.1982727050781,304.36739982991213,289.8505224664086,293.40666578706475,15793327
2025-02-19,306.7056884765625,308.2158519185008,302.61369887807547,303.19827731582916,13079903
2025-02-20,316.7895812988281,318.7381563395503,303.4905625924784,304.5135525956993,22888146
2025-02-21,317.8612976074219,321.27130386527926,313.28213445371256,314.98713758264125,10809296
2025-02-24,311.86944580078125,317.0331578414788,311.2361648498121,313.81802087016086,6034113
2025-02-25,310.5054016113281,313.23339439721417,307.6312419313231,311.86939800427115,10686112
2025-02-27,307.58258056640625,311.08999183623087,306.4134236545345,307.24157398936904,7302366
2025-02-28,303.44183349609375,307.5338228829829,298.66780127871704,305.92625456195884,21127180
2025-03-03,306.31597900390625,309.62855050272066,299.7882707012502,303.2956818571158,9779703
2025-03-04,305.6827087402344,306.80313343923706,300.0805555123257,303.29569242822816,8734999
2025-03-05,317.8125915527344,318.8842840068403,305.4391285201632,305.48783100157,10493615
2025-03-06,329.21173095703125,330.08858373555825,314.889722953373,320.54057839978606,26294903
2025-03-07,321.076416015625,330.0398724142012,320.2482954726346,327.2144447666804,8992315
2025-03-10,320.9302673339844,326.3375803064068,317.90997041239154,320.9789995442844,11383132
2025-03-11,321.80712890625,324.6812887417573,315.3768556012048,318.59199225372737,10299324
2025-03-12,321.6610107421875,326.1914416503799,318.0074326335009,322.48916106006874,6984859
2025-03-13,323.3659973144531,325.9478530992446,320.0047234661789,323.46343200561176,8965150
2025-03-17,323.1224365234375,325.8991617856791,322.00201186895947,324.38902808610794,4353561
2025-03-18,323.1224365234375,323.1224365234375,323.1224365234375,323.1224365234375,0
2025-03-19,332.5243225097656,335.057476037498,327.7016170699998,330.28347308113456,30582397
2025-03-20,332.9627685546875,335.83692870603574,331.5500397210629,335.83692870603574,15002119
2025-03-21,342.2671813964844,344.75163232158565,332.96274781308057,333.20631968419474,36406837
2025-03-24,357.5148010253906,358.53779098150085,344.5567597615945,347.82062875107556,24588471
2025-03-25,357.5148010253906,361.89909466511006,354.78677825427314,359.51207845699406,23189083
2025-03-26,345.5310363769531,359.51206715743194,344.21574237979854,357.5147897886035,18668095
2025-03-27,351.37677001953125,355.0790802443258,341.97490188300185,344.8003295987043,37930538
2025-03-28,348.4051818847656,354.9328896568477,347.2847573158828,352.6920405190821,11327077
2025-04-01,343.0953369140625,353.5689275309925,341.82877505819636,343.2902063070703,18736320
2025-04-02,342.7055969238281,344.3618974161904,338.12643419757393,343.09530594176863,13593404
2025-04-03,349.6717834472656,352.058799753951,342.7056336564081,342.7056336564081,10317410
2025-04-04,341.39031982421875,349.6230607492348,339.5878820777657,349.6230607492348,10872963
2025-04-07,340.8057556152344,342.3646215618517,315.66915000777334,319.5663000078693,18025165
2025-04-08,343.8747863769531,349.03849825419917,341.00062634743813,347.6745016953884,17506712
2025-04-09,340.36737060546875,345.6772200546697,339.2469458397032,344.89780188706686,7462119
2025-04-11,350.8409423828125,352.204938966116,341.97491999199644,341.97491999199644,11246077
2025-04-15,353.17919921875,358.9762214163254,352.25361425177806,357.5634927262931,17497327
2025-04-16,350.0614929199219,353.66636862551644,348.6974963428764,353.1792248670791,11541484
2025-04-17,354.640625,356.05335366856923,348.0641848385989,350.0127597012363,12288196
2025-04-21,355.1764831542969,358.732656184675,352.497192627948,356.3943424844555,7375594
2025-04-22,350.987060546875,357.6122034398902,350.4512143323274,357.6122034398902,12077119
2025-04-23,354.44580078125,354.8842420743632,348.6975101506468,353.6176801454308,9719205
2025-04-24,353.8612060546875,357.0276401984787,352.3023402219348,354.39705224740277,7491123
2025-04-25,347.2847595214844,356.3943230274272,342.0723159263955,353.861199545306,9785640
2025-04-28,352.20489501953125,353.56889143264124,344.60546519442426,344.60546519442426,5315840
2025-04-29,347.7719421386719,354.98166383970954,344.99521676024034,354.64065726114853,9472828
2025-04-30,345.4336242675781,351.7177905909625,342.9492030139025,347.8206405567136,16739088
2025-05-02,339.7340393066406,348.7949005277519,338.66231718525614,345.4335969954307,8221620
2025-05-05,339.6366271972656,342.94919873850176,336.66503249345936,341.97491124208557,9492646
2025-05-06,333.0114440917969,340.5134694755459,331.25773854559543,340.02632574239055,8904223
2025-05-07,333.2550048828125,334.8626029351123,328.33486523462,329.3091526685506,8465490
2025-05-08,331.2577209472656,334.2780178789515,329.6988551374059,332.28071083938704,14286109
2025-05-09,326.1427307128906,330.0398805944487,322.09944365735294,325.606884497334,11322011
2025-05-12,339.5878601074219,340.22117070136795,329.4065746552159,331.6474237736826,7978210
2025-05-13,332.7191467285156,340.80572024633017,331.74485932960346,339.6365932073706,14738980
2025-05-14,329.8450012207031,335.0087424971646,329.06558316114706,333.64474602649494,22485535
2025-05-15,333.1576232910156,334.9113289019259,324.09673168025927,330.7706070173203,43307763
2025-05-16,334.2780456542969,338.6623393840688,333.20632346266257,334.18061095816745,6920351
2025-05-19,336.27532958984375,338.759780590867,333.59603892571175,334.27805207883074,6218209
2025-05-20,333.7908935546875,340.708340546268,332.76787387026775,337.980317787376,9986143
2025-05-21,337.2496032714844,338.4674626143201,331.11160407675004,333.74216241753874,5930972
2025-05-22,332.62176513671875,338.0777813881208,329.5527652868353,337.24963102027374,8717514
2025-05-23,335.7394714355469,336.08047800000486,331.4038802579263,333.2063180418661,4045937
2025-05-26,334.667724609375,342.16974954326605,333.742139678725,341.9748801685317,16655082
2025-05-27,329.8450012207031,335.6420233871655,328.1399981991428,335.15487966671975,24937330
2025-05-28,331.3064270019531,331.93973761456283,328.4322969377317,329.8937280753369,10985957
2025-05-29,330.62445068359375,333.44987832987596,329.35785916429944,332.23201902260837,15884093
2025-05-30,325.3145751953125,331.9884502069465,324.2915852609797,328.8220159790005,19143010
2025-06-02,323.9992980957031,326.19144498331383,321.8071512080924,325.31459217484854,29479727
2025-06-03,319.8098449707031,326.14271318794476,318.59198569815663,324.43771020637973,14081719
2025-06-04,320.7841491699219,321.466162291383,316.4972902528783,320.5405773026706,15654279
2025-06-05,320.1995544433594,323.0737142237834,319.17656454613314,320.73543036377174,16270360
2025-06-06,324.2915954589844,324.9248763779097,320.5892851747618,321.1738636125753,11402511
2025-06-09,328.43231201171875,328.8707235333864,324.19415557156725,325.3145802152433,19416373
2025-06-10,330.47833251953125,332.13460343293355,328.1400187287834,330.0885937324766,12061248
2025-06-11,329.4066162109375,333.7909100476415,328.7733352699927,332.23204407023434,10807496
2025-06-12,325.1197509765625,332.8653187697685,324.0967312607765,329.4553125162716,11881618
2025-06-13,323.41473388671875,324.34028913297107,318.2022900348364,318.39712968688724,11711773
2025-06-16,325.1197509765625,326.0453062627747,322.09945377688626,323.46345033170604,8065112
2025-06-17,326.5811767578125,328.23744764203144,324.53516709340613,325.412019883039,6796992
2025-06-18,323.8531494140625,327.26315556256503,322.2455810334901,326.58117217260093,17835507
2025-06-19,321.5635681152344,324.58386522383717,320.1021369078034,323.85314962012166,11610604
2025-06-20,326.5811767578125,327.36059485239855,321.22259559207384,321.51486994431997,16592862
2025-06-23,324.0480041503906,327.0683011205164,321.8558574397515,325.119726266615,8277787
2025-06-24,321.4661560058594,323.17115904328085,313.0872779896664,322.4891459351549,100814893
2025-06-25,322.343017578125,325.1197428330004,320.9302888439042,322.97629849133307,17963666
2025-06-26,328.48101806640625,329.1142989820799,322.78143035955463,323.8531525345608,13754087
2025-06-27,329.6014404296875,332.52430285052264,325.85045744259764,330.23475107385036,50845169
2025-06-30,326.28887939453125,328.57846097727514,325.0710200135925,327.11702972014865,11858890
2025-07-01,324.0480041503906,326.62985988523155,323.60956291510576,326.62985988523155,8903292
2025-07-02,325.1684265136719,327.0195666655982,322.78141044086397,324.09670440480113,11326880
2025-07-03,325.99658203125,327.7015850442451,322.4891413150814,325.99658203125,15786429
2025-07-04,326.8734436035156,327.3605873346684,323.7070093510226,327.06831298913426,5899185
2025-07-07,328.7732849121094,330.2834184425102,325.1684097498165,326.87341264738103,9454556
2025-07-08,334.37548828125,335.0574717045421,328.3348937726892,329.50405068818344,12092302
2025-07-09,335.1548767089844,336.71374254723264,333.98571989707494,334.4241611347642,9079872
2025-07-10,332.67047119140625,336.1291798444743,332.4268993219537,335.1548923666643,6426072
2025-07-11,333.8883056640625,335.1548673976993,330.7705740741829,331.74486147940877,17234194
2025-07-14,333.30377197265625,336.129199880142,331.20905971708385,334.2293272920089,11516965
2025-07-15,333.206298828125,335.252308363999,332.18330892663425,334.32672341854163,8450777
2025-07-16,333.644775390625,334.96003976527084,332.0371771853544,333.20633411047925,6001484
2025-07-17,333.839599609375,335.6420373968367,333.20631869294095,335.34976304552697,7562006
2025-07-18,333.30377197265625,335.0574776440899,331.8910431524654,334.18062480837307,6370338
2025-07-21,332.76788330078125,333.98574267420366,330.5757364286209,333.303759264824,4463318
2025-07-22,332.0859069824219,333.79091014162015,331.3064591270511,332.7678904063639,4728372
2025-07-23,334.2292785644531,335.15486348176,332.18329882369756,333.01141932215023,5058422
2025-07-24,330.1860046386719,334.76516746057104,327.8477207492971,334.76516746057104,9098453
2025-07-25,324.6325988769531,331.16030712602645,323.99928823127567,330.1860196500847,7790739
2025-07-28,324.3890075683594,327.9451506958595,321.8558543361358,324.87615127713724,4605823
2025-07-29,325.99658203125,326.8734347770689,320.05342272508835,323.46342875107865,7551356
2025-07-30,330.08856201171875,333.49856794048816,323.95056323309075,326.3862817536403,12537358
2025-07-31,325.6556091308594,331.35519716693904,324.43774971002597,327.40931480370114,8935384
2025-08-01,322.3917236328125,326.14273640586663,321.7097402313719,324.43773330292333,7107542
2025-08-04,323.46343994140625,324.7300017588626,318.7868719799893,322.39171777815415,8193399
2025-08-05,325.0223083496094,325.7530239575299,322.78142931225005,323.90188369737683,9855535
2025-08-06,323.56085205078125,326.77598858323086,323.0737083499318,325.02228315332957,13872826
2025-08-07,321.2712707519531,323.9018586300387,320.1995486633667,323.5608520928214,8731389
2025-08-08,326.1427307128906,328.8220212564618,321.1738586673253,321.51486522854043,11247218
2025-08-11,327.5067443847656,330.3809044661656,325.3633296773396,326.3863196816912,11993280
2025-08-12,331.3551940917969,333.0601972651404,327.1170374000495,327.604181163862,7221182
2025-08-13,331.2090759277344,334.18064116446345,330.42962802114,331.55005279566586,5417151
2025-08-14,330.62445068359375,331.6961728205679,327.65285613412476,331.20902909766085,5689423
2025-08-18,327.4093017578125,333.01145487042396,326.8247530454211,332.6704780324939,6511340
2025-08-19,326.4350280761719,331.8910442416087,325.55817523757753,330.1860410482157,10316115
2025-08-20,333.206298828125,334.57029527441017,327.84771799901773,329.11427975637696,10824544
2025-08-21,330.08856201171875,335.49587496707403,328.23742188267954,333.5473001506344,11135121
2025-08-22,328.3348693847656,330.1860095860536,326.87343821539724,329.79630055413406,8534844
2025-08-25,329.16302490234375,332.6217334984358,328.38357709319916,328.38357709319916,7142387
2025-08-26,324.6325988769531,328.72458843617204,323.21987014367994,327.50672909124484,13113388
2025-08-28,322.2942810058594,324.34029062561814,320.24830111899445,322.73272225755545,10486948
2025-08-29,319.1278381347656,322.976285404538,318.59199193750806,322.4891416859791,11813425
2025-09-01,322.1968994140625,323.07375224815706,319.56631117888287,319.56631117888287,6897558
2025-09-02,327.6528625488281,329.55273499851813,322.5865855711445,322.5865855711445,9224639
2025-09-03,325.6556091308594,329.3091873933597,324.9248934783593,327.8477560883596,10778333
2025-09-04,324.81903076171875,329.59216919528404,324.08091749984493,328.2143637799006,7934237
2025-09-05,323.490478515625,326.5413228978578,320.7840629911934,324.8190584732195,5678244
2025-09-08,321.5221862792969,325.70482858302927,321.1777273769136,323.5396840828277,5239184
2025-09-09,318.9633483886719,322.94914796612073,318.52046842055296,322.40787692411345,9735495
2025-09-10,320.4888000488281,322.85075668455676,319.9967244983052,320.3411833904529,6509477
2025-09-11,325.8031921386719,328.21437421770185,320.8332413642303,321.27612134900113,10309925
2025-09-12,326.44293212890625,328.2143920966744,323.1952154761205,326.7381654455649,5257048
2025-09-15,325.8524475097656,328.5096375596649,325.40956748449446,325.754026389271,6566824
2025-09-16,329.73980712890625,330.47792043843276,325.9508495004629,325.9508495004629,8784889
2025-09-17,331.06842041015625,332.1017970741923,329.2477348882994,330.1826904366309,7936518
2025-09-18,331.6097106933594,332.24940287367366,328.804874173928,331.65890623265017,6497322
2025-09-19,333.28277587890625,334.1193103504831,331.1176614021352,331.6097369696617,10646331
2025-09-22,333.8240661621094,334.95583392381485,331.5113050632019,333.77484058661287,6966213
2025-09-23,337.5638427734375,338.6464150398427,332.7415081691703,334.0701182218535,10738268
2025-09-24,342.0909118652344,344.84652279874786,336.82569772743255,337.85904431902344,14653575
2025-09-25,335.10345458984375,345.24019905873377,334.6113790324431,343.7639723865318,13228081
2025-09-26,332.5446472167969,335.34948382934107,331.1176461570167,335.10344605690574,6337702
2025-09-29,335.54632568359375,338.301936718208,332.64306795855805,333.72564016283786,16922231
2025-09-30,335.05426025390625,337.61302913447474,333.77484577971336,335.6939524740484,8308029
2025-10-01,334.857421875,337.6130330245518,332.69227737613147,334.9066174179206,6022078
2025-10-03,336.57965087890625,338.0558774178488,333.3811600445307,334.85738658347327,8506827
2025-10-06,333.7256164550781,336.3828061852815,330.33028342692836,335.2018429831596,8436245
2025-10-07,332.64306640625,335.98917408521186,331.511298666383,333.7256386054779,16130172
2025-10-08,328.5096435546875,333.873279363479,327.03341682205604,333.873279363479,13223442
2025-10-09,330.5271301269531,331.0684011810283,325.9508338346163,328.5096024908693,6824759
2025-10-10,334.3161315917969,336.5304715065776,330.62556506716226,330.67476060726113,8970962
2025-10-13,336.2844543457031,336.6781087923391,330.87162311120863,332.59388759491145,6663149
2025-10-14,331.314453125,337.5638184529958,329.88745208774424,336.5796673787888,7545848
2025-10-15,333.8732604980469,336.3336382467429,331.4128827493509,331.6097249828098,8121744
2025-10-16,336.08758544921875,337.1701576170371,334.26689998978424,334.8082010906468,6788416
2025-10-17,335.59552001953125,338.7448155054184,334.75898559041366,336.0875955620819,7032129
2025-10-20,336.5304870605469,338.9908648573518,334.9066136875287,335.9891859249046,6896835
2025-10-21,336.57965087890625,338.0558774178488,335.6446953906803,337.5146063671322,346988
2025-10-23,337.2193603515625,339.7289636169493,335.64471262240147,338.3511280827413,8710859
2025-10-24,334.21771240234375,337.8098578335593,332.790681324371,337.0225489839997,7584711
2025-10-27,336.3336486816406,337.4654164743728,335.0542642261885,335.3003020086915,6752390
2025-10-28,333.77484130859375,337.46540795294777,331.9541557572641,336.9733324003672,13186584
2025-10-29,341.99249267578125,344.45287032093074,333.77482533420056,333.8732464467879,15423201
2025-10-30,339.67974853515625,343.46873630345164,338.00670967379386,343.46873630345164,6721032
2025-10-31,331.6097106933594,339.5321146892116,330.2811007595333,339.5321146892116,18651312
2025-11-03,329.887451171875,332.1509866227039,328.11596122287625,331.51129443302676,10242245
2025-11-04,325.3603515625,330.6747613633437,324.4746216013439,330.0842647112706,11887651
2025-11-06,321.4729309082031,327.67310047474126,319.45543329165474,326.78734051244567,11587302
2025-11-07,323.6564636230469,324.6489703926429,318.4458030826677,321.96918999917244,8578167
2025-11-10,323.0113525390625,325.79035948383523,321.5722055529706,323.6564759060022,5246998
2025-11-11,324.20233154296875,324.9963551352011,320.43081791879985,323.50759497478134,6103758
2025-11-12,324.6986083984375,325.7903719861034,323.1105913880966,325.045991852091,6850550
2025-11-13,324.5001220703125,327.4776425776202,323.11058826911164,324.6986052641234,7276001
2025-11-14,325.9888610839844,327.4279777287404,323.75572084900506,324.5497141503254,9169855
2025-11-17,327.72576904296875,328.96640258675814,326.0881085340428,326.53474872536896,6283156
2025-11-18,325.9888610839844,327.2791077708557,324.6985841082101,326.58434091552317,6776200
2025-11-19,324.1527404785156,326.4851376137269,322.6143367009101,326.4851376137269,6935056
2025-11-20,324.1527404785156,327.52725768169756,323.7557437997128,325.5422439987782,5155775
2025-11-21,324.20233154296875,325.93921839679183,322.5647014242876,324.4008450132526,6142545
2025-11-24,321.0263366699219,324.64898043320596,319.6368029183904,324.25198377087,13719726
2025-11-25,321.27447509765625,323.16023202926664,320.08345477826816,321.02634838852583,8074651
2025-11-26,323.6564636230469,325.3437069580184,321.5721933491146,321.8699332644323,7101095
2025-11-27,324.8970947265625,326.2865981361298,322.5646977771625,324.6985812585232,6755179
2025-11-28,324.00384521484375,325.6910885402578,321.8203182185401,325.5422185834422,8930988
2025-12-01,324.64898681640625,325.79036360140253,323.0113566215068,324.64898681640625,6936186
2025-12-02,326.13775634765625,327.4776466503896,324.3016126208665,324.99637953010756,5806943
2025-12-03,320.53009033203125,326.5347444905355,318.8924298443442,326.5347444905355,8546132
2025-12-04,320.53009033203125,321.86995031082324,318.69394665325495,320.48044681758057,5965357
2025-12-05,320.87744140625,321.72107825739164,318.54507462043483,319.8353213653072,6574010
2025-12-08,317.1059265136719,320.7782138345562,315.4682963312413,320.7782138345562,7906928
2025-12-09,317.45330810546875,318.99168153992724,313.1855106643288,315.0712978277346,7152584
2025-12-10,319.190185546875,321.2744558363941,317.1059152573559,317.45329868709297,5484712
2025-12-11,320.1827087402344,321.0263456017354,316.7585480683971,319.2398151381619,6317942
2025-12-12,322.61431884765625,323.5075991866605,320.48043531438657,320.48043531438657,4261023
2025-12-15,321.5225830078125,322.8624429276532,319.1405425083109,320.6293026760478,10219819
2025-12-16,318.5946960449219,321.3737030848919,316.6592955889,319.63681611268436,5241263
2025-12-17,318.8428039550781,319.984180697448,317.1555303088596,317.6021704766537,5043027
2025-12-18,316.1134033203125,319.7360469395152,314.62464317908655,319.5871769831731,5554193
2025-12-19,317.5029296875,318.1976965858744,315.12091934706694,316.56006636988315,10833662
2025-12-22,318.29693603515625,321.224812858892,317.1059157851905,317.55255595115347,8925871
2025-12-23,320.82781982421875,322.3165800090179,317.8502994546204,318.6442927709519,6024641
2025-12-24,320.133056640625,324.202340583696,319.8353167157995,321.4729468801477,5678004
2025-12-26,321.67144775390625,323.3090778540973,319.88491740823196,320.1330440988337,4174183
2025-12-29,323.06097412109375,323.35871405541303,320.6293202648354,321.6714706127625,14043845
2025-12-30,322.4654541015625,323.11057746546095,320.9270806731198,322.5647108396016,8035909
2025-12-31,327.0805969238281,328.1723604385753,322.2669632765072,322.316576499899,8497983
2026-01-01,333.780029296875,334.37553944281365,327.1302518191223,327.32873500849905,10357315
2026-01-02,349.4616394042969,350.35488943856933,333.43266114357067,334.276267666054,23128940
2026-01-05,347.972900390625,352.14141090010577,345.78937325072695,347.7247736833141,18248271
2026-01-06,348.17138671875,351.4466774580942,343.5562359789838,347.278136622167,8641743
2026-01-07,346.2359924316406,348.7172593541995,343.7050819972889,346.93072899661536,7165806
2026-01-08,341.8193359375,347.1788666008996,339.6358391503614,344.15173297579446,8805975
2026-01-09,333.4822998046875,341.8193512420237,331.8942827954556,341.8193512420237,10161744
2026-01-12,334.9214172363281,338.09742068511275,331.1995168978991,334.22665039092703,9406174
2026-01-13,335.3680419921875,336.7079322312866,332.5393915516236,334.9214321050904,5583379
2026-01-14,346.484130859375,347.87363432529014,334.9214326664008,336.36054935688634,20389924
2026-01-15,346.484130859375,346.484130859375,346.484130859375,346.484130859375,0
2026-01-16,343.7547302246094,351.3970142775835,342.81183666554153,350.0075108396703,14275582
2026-01-19,340.7772216796875,345.3427590957348,339.4869446442261,340.9260916444588,9974363
2026-01-20,336.211669921875,345.6900975044803,335.16954992402526,340.4298237142528,7718407
2026-01-21,336.1620788574219,339.04034263593076,334.2762916301079,336.2613053103078,6948955
2026-01-22,339.88397216796875,340.6283522819688,334.5740546303211,336.1620715979687,5885972
2026-01-23,334.17706298828125,342.8614977822708,333.581552830341,341.37273753187264,10084314
2026-01-27,342.1170959472656,343.9035960188152,334.5243949209227,337.94855539511275,12203590
2026-01-28,345.4419860839844,350.6030336560542,342.1171124729344,342.1171124729344,13566973
2026-01-29,355.46630859375,357.798705659296,344.69760362777674,347.37738413523886,20624409
2026-01-30,353.3324279785156,356.6573318838472,348.4691506174911,356.30994843900874,22641103
2026-02-02,347.7247619628906,350.10677221500646,335.2191702781529,342.3652313234041,12622760
2026-02-03,355.8633117675781,363.20788654042616,351.1489043252551,363.20788654042616,11559806
2026-02-04,364.49810791015625,365.78835458365774,354.92042372604976,356.7565672913423,15515053
2026-02-05,364.25,367.92228731992134,362.2649863760218,366.97939373297004,18789794
2026-02-06,365.04998779296875,365.95001220703125,361.0,361.79998779296875,7328789
2026-02-09,361.8999938964844,368.6000061035156,361.0,366.54998779296875,7983235
2026-02-10,366.8999938964844,368.1499938964844,361.25,361.8999938964844,8319282
2026-02-11,368.45001220703125,369.0,366.0,369.0,5782448
2026-02-12,368.25,372.0,366.8500061035156,370.0,6763353
2026-02-13,363.0,368.0,362.3999938964844,367.54998779296875,7111972
2026-02-16,369.1000061035156,369.6499938964844,362.5,362.6000061035156,6292850
2026-02-17,368.3999938964844,369.5,366.04998779296875,368.75,4442793
2026-02-18,368.3999938964844,370.70001220703125,367.3999938964844,368.45001220703125,4871319
2026-02-19,363.20001220703125,370.8999938964844,362.20001220703125,367.0,5375352
2026-02-20,372.95001220703125,373.6499938964844,362.70001220703125,362.79998779296875,16736731
2026-02-23,375.45001220703125,376.5,372.1499938964844,374.0,16135451
2026-02-24,382.75,385.0,373.54998779296875,374.95001220703125,20774629
2026-02-25,384.8999938964844,388.54998779296875,382.70001220703125,382.75,12750016
2026-02-26,381.8999938964844,385.8500061035156,378.3999938964844,385.0,10721570
2026-02-27,381.8999938964844,385.20001220703125,380.1499938964844,381.0,11548959
2026-03-02,377.54998779296875,378.95001220703125,365.0,365.0,14732253
2026-03-04,365.79998779296875,373.8500061035156,364.1000061035156,370.75,11433169
2026-03-05,378.04998779296875,379.8999938964844,366.6000061035156,366.95001220703125,16158714
2026-03-06,380.6000061035156,385.54998779296875,374.6499938964844,377.0,14940896
2026-03-09,376.25,379.0,371.3999938964844,373.0,11286578
2026-03-10,377.29998779296875,385.45001220703125,374.8500061035156,385.0,10875834
2026-03-11,379.8999938964844,383.8999938964844,376.45001220703125,377.5,9963701
2026-03-12,390.54998779296875,392.3999938964844,375.6499938964844,379.0,23847146
2026-03-13,384.45001220703125,394.5,383.20001220703125,391.8500061035156,27107369
2026-03-16,382.3999938964844,388.25,375.45001220703125,384.5,16793109
2026-03-17,383.3500061035156,385.8999938964844,378.29998779296875,382.8999938964844,9720902
2026-03-18,378.5,386.3500061035156,377.6000061035156,385.0,10681498
2026-03-19,374.04998779296875,380.75,373.1000061035156,373.5,10568326
2026-03-20,380.95001220703125,383.29998779296875,375.5,375.8500061035156,20930288
2026-03-23,372.3999938964844,379.5,369.29998779296875,377.1000061035156,13148432
2026-03-24,375.54998779296875,378.1499938964844,371.0,378.0,9339144
2026-03-25,378.3999938964844,380.95001220703125,375.6000061035156,376.0,9266292
2026-03-27,375.6499938964844,379.8999938964844,374.6499938964844,379.8999938964844,20263654
