Date,Close,High,Low,Open,Volume
,ONGC.NS,ONGC.NS,ONGC.NS,ONGC.NS,ONGC.NS
2020-01-01,85.37138366699219,86.3426527823192,84.96947938170135,86.2421805438642,2574894
2020-01-02,85.77330780029297,86.17520704414763,85.13695455462857,85.50536986056538,4759843
2020-01-03,86.04122924804688,89.35694612091261,85.77329645425242,87.74932891618404,31381588
2020-01-06,84.56756591796875,86.94550743946196,83.79724647364772,86.87851914044211,14611204
2020-01-07,84.23265838623047,85.5388486589579,83.99821463349612,84.13218103206131,7193304
2020-01-08,82.69202423095703,84.03170873926248,82.52456366741886,83.73028176909008,6236192
2020-01-09,82.85948181152344,83.79726195567498,82.25662789288161,83.69678459907112,10135017
2020-01-10,83.16092681884766,83.86425820351201,82.8594947021417,83.36187645282685,6550218
2020-01-13,84.03169250488281,84.1991530360687,83.22788399938649,83.22788399938649,5737187
2020-01-14,83.76375579833984,84.16566003215944,82.92645318184499,84.03168854722651,12432511
2020-01-15,83.49581909179688,84.06518385677671,83.22788122872117,83.76375695487259,5714614
2020-01-16,83.39534759521484,83.86423505557025,83.09392067219925,83.73026866989443,7322878
2020-01-17,83.99821472167969,84.09869207595433,83.06043459926728,83.4288498614441,8561603
2020-01-20,82.32361602783203,84.902507745946,80.3810724221974,84.40012604330727,16106541
2020-01-21,82.22312927246094,83.39535311137585,81.98868552677602,82.42408397475678,6497799
2020-01-22,77.9696273803711,81.720742403001,77.70168949793538,81.720742403001,23639592
2020-01-23,78.90741729736328,79.6777317789295,77.96963714661969,78.53900202405629,21105999
2020-01-24,79.27581024169922,80.24708433741844,78.57247911427106,79.0413665325565,11172364
2020-01-27,78.53899383544922,79.37629654158408,78.23756690543674,79.27581919474987,12078165
2020-01-28,78.10359954833984,78.84042494671759,77.43375734790727,78.73995270504504,11611352
2020-01-29,78.80693817138672,79.14185928124346,78.00312444143623,78.60598346127647,15562740
2020-01-30,77.43376159667969,78.73995702548808,77.03185727646583,78.73995702548808,21142714
2020-01-31,72.97930908203125,77.70169885858093,71.50565821684063,77.56773245646929,83360147
2020-02-03,69.295166015625,70.29992920643923,68.02247006231887,69.89802495221151,18445537
2020-02-04,71.10375213623047,71.60613379742311,69.52962395325828,69.73057355144103,16896688
2020-02-05,71.53914642333984,71.9410507067426,70.40041165812674,71.27120853090793,11348275
2020-02-06,71.84058380126953,72.20899909572884,71.20423568592088,71.53915682252354,10750236
2020-02-07,73.18025207519531,73.51517313732435,71.37168038389443,71.87406197708799,21415595
2020-02-10,71.13724517822266,73.11328288958434,70.83581820876466,73.11328288958434,32081049
2020-02-11,71.53914642333984,72.10851125070127,71.2042253354225,71.77359016278393,20946852
2020-02-12,71.47216033935547,72.20899084407306,71.33819394421975,71.67311504254943,13053367
2020-02-13,70.56786346435547,72.47691240700736,69.83103818426926,71.6731039397296,17702073
2020-02-14,69.19469451904297,71.2042209219911,68.99373983455219,70.70183932125406,26644685
2020-02-17,66.95069885253906,68.92673561213239,66.1803847215076,67.98895588812948,36666416
2020-02-18,66.51533508300781,67.15168315348298,64.67326896159057,66.95072844149576,35575369
2020-02-19,68.12294006347656,68.45786111611999,66.18040204653646,67.18516520446673,21806183
2020-02-20,68.85977172851562,69.73056341503903,68.12294131081687,68.32389599027832,28378025
2020-02-24,65.67802429199219,68.65881978989403,65.10865438095229,68.65881978989403,20167769
2020-02-25,65.34310150146484,67.15167319929479,65.14214681926602,66.11341585875066,18255196
2020-02-26,64.17088317871094,65.9794550287026,63.969928479605066,65.2426296494649,16192058
2020-02-27,62.52977752685547,64.4388270549931,61.65898560532328,64.10390590582891,29616674
2020-02-28,61.59198760986328,62.09436925467617,59.950876281004014,60.486752079667234,30416954
2020-03-02,59.68294143676758,63.63501160036186,59.1135765655993,62.96516937298963,24442896
2020-03-03,62.52977752685547,62.96517604286714,60.05136306723695,60.88866594014741,24098468
2020-03-04,62.161354064941406,63.56802156917492,60.754681450217824,63.099128994103694,22998427
2020-03-05,62.02738952636719,63.23310758554442,61.62548521013833,62.52977119927592,16357817
2020-03-06,59.281036376953125,61.29056303379899,58.7116715129449,59.95087859590174,17823038
2020-03-09,49.93673324584961,55.26197617889236,49.56831802712769,55.02753245356474,86655504
2020-03-11,48.02767562866211,51.845778593634925,47.59228236018684,51.410380214670106,63562895
2020-03-12,41.86513137817383,45.81720080237137,41.53021032714844,44.6114829744841,76137223
2020-03-13,44.14259719848633,44.879422516206674,33.49210635537811,39.78862337228718,73051747
2020-03-16,40.29100799560547,43.67370792542458,40.190530646890195,42.534978267958785,49829392
2020-03-17,40.190528869628906,42.200055313110354,39.95608513998741,40.92735421014077,46722476
2020-03-18,45.64974594116211,58.14230371660639,38.515925647045975,41.26227758412858,178094829
2020-03-19,40.89386749267578,42.8699025755674,38.917832409784154,41.630695476340534,61258526
2020-03-20,48.46308135986328,49.83625989173075,42.032597366524875,42.23354951220823,128780492
2020-03-23,43.462066650390625,47.13187572322932,43.17423730372151,43.641959305822795,36058875
2020-03-24,44.97316360473633,46.55621676766779,43.246193024336826,45.692734222412106,38808651
2020-03-25,44.28956985473633,45.33294777310615,43.174235974386804,44.03772124286334,28639475
2020-03-26,46.59219741821289,47.20383134425814,42.922388372053284,44.50544153239253,46474588
2020-03-27,46.37632751464844,47.49166424980379,45.1890375553699,47.49166424980379,33298637
2020-03-30,45.584800720214844,47.2398154525845,43.24619604919471,43.92978873278945,32929981
2020-03-31,49.146671295166016,50.11809045024756,45.72870840056988,46.772086258399874,45891607
2020-04-01,47.311767578125,48.391123492454845,46.844045583937785,48.21123084006654,21883386
2020-04-03,50.26200866699219,51.089516010205585,47.851448094065795,49.65037471414346,39757833
2020-04-07,52.456695556640625,53.53605140969953,50.513851727201924,51.233422295907864,30982061
2020-04-08,53.57202911376953,54.93921435531298,51.08951273324991,52.09691267385498,30555738
2020-04-09,55.6228141784668,55.87466281132843,54.68737012510825,54.68737012510825,19209747
2020-04-13,54.003787994384766,56.70217835739755,52.27681706407874,56.70217835739755,22311833
2020-04-15,53.50007247924805,55.011169626222355,52.888438573316535,54.03975042387373,22311032
2020-04-16,54.29160690307617,55.04715833102615,52.81649026787735,53.24823158818216,24473640
2020-04-17,54.90324783325195,55.98260390737967,54.075740411776266,55.98260390737967,14561017
2020-04-20,53.24822998046875,54.43552269287584,53.104318041341834,54.219649294296886,15698459
2020-04-21,49.9022102355957,50.90960997621191,48.3551326507087,50.15405879827802,27607022
2020-04-22,47.02393341064453,47.743503946354124,43.74988802215462,47.41969940123981,73840707
2020-04-23,48.463077545166016,49.68635082712166,47.88742437414677,48.57101423032208,38207377
2020-04-24,48.642974853515625,50.01016018681634,47.92340420334561,48.31917025689447,31588097
2020-04-27,49.25460433959961,50.01015564968672,48.67895116562228,48.93079977235536,16723889
2020-04-28,49.79429244995117,50.1540778158898,48.28319501098672,48.786897817234205,20422626
2020-04-29,50.729732513427734,51.05353712074951,49.43450310436352,49.93820587006119,18023637
2020-04-30,57.49369430541992,58.321201626032845,51.44929992906287,52.240826522301575,54290691
2020-05-04,55.0831298828125,56.01856833927712,53.284203439740736,54.68736386938158,28640967
2020-05-05,56.45030975341797,58.93283154608027,56.2344418735481,56.774119808054536,61865481
2020-05-06,57.02597427368164,58.53707154762486,55.730744901794075,58.53707154762486,38948167
2020-05-07,54.39954376220703,56.34238794400403,54.03975841260264,56.34238794400403,20794229
2020-05-08,54.68736267089844,55.550845148694386,53.787899469074446,54.97519199345965,18523649
2020-05-11,55.44291305541992,56.234439562184924,53.60800595756176,54.68736178221065,15701754
2020-05-12,54.90324783325195,55.658793791208026,53.608018348343144,55.37096440679619,14186736
2020-05-13,56.270416259765625,56.882055634890186,54.86725584717015,56.84607491051071,20493531
2020-05-14,54.795310974121094,55.65879363504502,54.111715501824854,55.40694498309961,13344652
2020-05-15,54.795310974121094,56.486301054198954,54.615418295604535,55.58683766161617,16835999
2020-05-18,52.456695556640625,55.37095306596702,52.09691027228765,55.37095306596702,13014456
2020-05-19,55.514869689941406,56.63020076175791,53.3201772904155,53.53605065393492,42315983
2020-05-20,56.12649917602539,56.48628442715376,54.90323151814384,55.5508405782651,12969847
2020-05-21,55.40694046020508,56.846081770859755,54.97519916498636,56.66618910702792,17999828
2020-05-22,54.795310974121094,55.37096425144075,54.25563293857142,55.37096425144075,12443419
2020-05-26,55.40694046020508,56.27042305064251,55.119111100096454,55.40694046020508,11837966
2020-05-27,56.09053421020508,56.27042688629925,54.61541756016621,55.55085618192258,11655865
2020-05-28,56.7381477355957,58.24924508467573,55.69477243239225,55.76672840332203,18645811
2020-05-29,59.86826705932617,60.26403305444472,55.69476119844344,56.16248314997784,40559441
2020-06-01,60.4079475402832,62.24285470142484,60.19207966184101,61.16349883955042,25047349
2020-06-02,60.65980529785156,61.09154657070594,59.436531953228005,60.76773649864906,15367928
2020-06-03,62.098941802978516,62.926443558786495,61.37937123974533,61.91904916217022,23936651
2020-06-04,61.091556549072266,61.91906399297184,60.44394178906872,61.16351252465287,15120972
2020-06-05,62.56665802001953,63.89786794843979,61.163497623436946,61.23545358148698,18202925
2020-06-08,65.4449462890625,66.99202423412963,64.18569769259432,64.7613563897922,32511374
2020-06-09,64.76136779785156,66.48833870377211,64.29364571022258,66.16452857084936,16702413
2020-06-10,63.50209045410156,65.84069435184468,63.10632452160574,65.19307986680002,17382514
2020-06-11,62.53068542480469,64.43754858798471,62.24285609057013,63.53808534968167,14275999
2020-06-12,60.37197494506836,60.58784283294873,58.6809851188426,58.6809851188426,20601082
2020-06-15,60.51588439941406,61.811113633363306,59.72435786306189,60.44392843972529,17274210
2020-06-16,60.37197494506836,61.70317946827213,59.256638309744964,61.523286816761136,13467530
2020-06-17,60.58784866333008,60.98361473069414,59.86827798804165,60.15610735613473,15440371
2020-06-18,60.1561164855957,60.4079651621902,58.86089236744284,59.72437511287808,18460298
2020-06-19,61.70319366455078,62.09895978488555,60.65981824168903,61.52330097165122,21920473
2020-06-22,61.055564880371094,62.02698410143616,60.51588692534739,61.95502813874394,19227535
2020-06-23,61.631229400634766,62.24286337629696,60.731766057046656,61.52329270142648,23440997
2020-06-24,59.79631423950195,62.35079200041561,59.40055371351152,62.062962669766655,33080229
2020-06-25,58.716957092285156,60.44392754879984,57.565645284571275,59.18467905819985,121277435
2020-06-26,60.5518684387207,61.01959043713187,59.36457582425792,59.796317095911256,23684852
2020-06-29,59.29262161254883,60.5158895000252,58.71696290674331,60.40795280645063,14299071
2020-06-30,58.537071228027344,60.12012995056776,58.033373969425796,60.084149222144056,25762293
2020-07-01,57.88945007324219,58.2492353576996,56.34237774198554,56.8460749442708,35344784
2020-07-02,58.8968505859375,60.55186510776929,58.35717265358642,58.53706529770344,35154027
2020-07-03,59.29262161254883,59.976211522040636,58.71696290674331,59.328596850481496,16786174
2020-07-06,60.2640380859375,61.091545378527975,59.580448208082075,59.76034085908487,17510294
2020-07-07,58.96881103515625,60.30002109488327,58.86087983237903,60.26404036736537,20123433
2020-07-08,58.50109100341797,59.65240284630067,58.28521763105151,59.00478821908918,18626174
2020-07-09,57.70955276489258,59.18467450785172,57.493684905604844,58.71695257789731,17348038
2020-07-10,56.522274017333984,57.67358590362378,55.910634602531424,57.56564921337109,17773167
2020-07-13,56.77413558959961,57.24185769416245,56.41435019991886,56.99000352947443,9360631
2020-07-14,55.65876770019531,56.810079208256525,55.51485582039503,56.48627473376273,9303879
2020-07-15,54.867252349853516,56.27041267300956,54.57942304282762,56.126500764440316,14377090
2020-07-16,54.795310974121094,55.191071572924194,53.967803554967155,54.97520365263765,10604062
2020-07-17,57.81749725341797,58.03337063176795,54.903239585021595,54.903239585021595,24934060
2020-07-20,57.781524658203125,58.46511457107888,56.989992561330176,58.28522191086017,15570346
2020-07-21,59.32859420776367,59.65240427406367,57.81749703469447,57.99738968600956,20976092
2020-07-22,59.43653106689453,60.08414571146276,58.78891642232631,59.54446775597058,17882873
2020-07-23,59.47251510620117,60.33599768713473,59.04077381573439,59.36457841111238,14673501
2020-07-24,58.28521728515625,59.29261720040814,57.745539347330734,59.07674382932277,10000280
2020-07-27,58.14131164550781,59.00479424335766,57.637608888521676,58.57305294443273,8510736
2020-07-28,57.49369430541992,58.465113555753256,57.06195302637047,58.28522089865863,10616766
2020-07-29,57.20586395263672,58.06934649558919,57.061952025440675,57.421737333318895,9905015
2020-07-30,55.910640716552734,57.853484883893586,55.766728773737285,57.56565550837397,9668266
2020-07-31,56.342376708984375,56.73813722069885,55.51486947192659,56.090522622571555,10963756
2020-08-03,54.61540985107422,56.486292320396366,54.36356123806916,56.37835563199762,11874183
2020-08-04,54.75931930541992,55.91063111999737,54.61540738730565,54.90323671342196,13360346
2020-08-05,55.370948791503906,55.76671476969539,54.90323234986149,55.04714425653803,9077292
2020-08-06,56.16249084472656,57.52967067360598,55.44292020220547,56.01857342228935,26386380
2020-08-07,56.59421920776367,57.133897066407535,56.19845324880335,56.234433968667766,11786462
2020-08-10,56.88207244873047,57.38576979960511,56.77413573357465,57.20587710430854,7067852
2020-08-11,56.45030975341797,57.565646347353066,56.270417108582485,57.24184178260435,10835360
2020-08-12,56.19846725463867,56.91803791216257,55.910637893651426,56.45031588679435,10481019
2020-08-13,56.55825424194336,57.16988822079685,56.414342302173814,56.52227900194528,7316635
2020-08-14,55.47889709472656,56.810101725108176,55.37096039715216,56.630209059113675,11635634
2020-08-17,57.061946868896484,57.42173214426182,55.69476172453071,55.76671768162625,13610411
2020-08-18,58.033382415771484,58.93284585839073,56.95402628462839,57.38576763910779,28329507
2020-08-19,57.241844177246094,58.78891659564079,56.918034109063335,58.17728267559079,12081197
2020-08-20,59.112735748291016,59.90426244234421,56.054560188171344,56.84608688222454,37457277
2020-08-21,58.32120132446289,60.04816643173085,58.03337197662217,59.688381119401996,17027574
2020-08-24,58.465118408203125,58.896859723085974,57.99739636295977,58.501099138563646,9797861
2020-08-25,57.9254264831543,59.36456751379167,57.709553132603745,58.57304104491858,22479622
2020-08-26,58.57304000854492,59.0767371644008,58.10531808388603,58.429122614095206,15967425
2020-08-27,57.67359161376953,58.968815555375016,57.56565491283024,58.86088434432438,16308382
2020-08-28,57.81749725341797,58.86087792892546,57.5656486386017,57.81749725341797,14666431
2020-08-31,58.96881103515625,61.52328897205659,58.21326516627447,58.285221131422034,93192019
2020-09-01,57.09793472290039,59.58045696556753,56.126515362677964,59.544476234123096,38005204
2020-09-02,57.781524658203125,58.82489989151628,57.20586594954795,58.39315860496906,31151170
2020-09-03,56.88207244873047,58.50110670639958,56.7021797534339,57.92544788549481,19975929
2020-09-04,56.05455780029297,56.91804043158754,55.65879172518123,56.52227984636448,12855650
2020-09-07,55.01117706298828,56.378362472175866,54.65139171793305,56.27042577068156,16573385
2020-09-08,53.57202911376953,55.15508773183121,53.248224538880194,55.08313176962113,17905003
2020-09-09,52.31277847290039,53.21224168935252,51.017554735142014,53.21224168935252,28166106
2020-09-10,52.99637222290039,53.536050136596145,52.27680167130605,52.888435542183714,18646363
2020-09-11,52.74452209472656,53.032345915088186,52.24081942931877,52.85245328241844,11510019
2020-09-14,52.99637222290039,53.787898731676634,52.70854290428513,53.1402841372642,11989916
2020-09-15,53.10431671142578,53.500077279057884,52.70855065390525,53.06833598260085,8883202
2020-09-16,52.564640045166016,53.57203459903058,52.204854707389075,53.428122659875235,10284798
2020-09-17,52.636592864990234,53.464100190337184,52.420719479286426,52.56463689971838,16070680
2020-09-18,53.46409225463867,53.823877517483105,52.492667653048734,53.10430699179423,25690567
2020-09-21,51.19745635986328,53.32018772712018,51.01756368501478,53.24823175515853,13686080
2020-09-22,50.010162353515625,51.305391775893064,49.47048434250647,51.08951837553395,18042069
2020-09-23,48.678958892822266,50.477885640599226,48.49906621804457,50.154075532066116,17014238
2020-09-24,47.959381103515625,48.46307832247232,47.131873823897095,47.52763984585446,32950752
2020-09-25,49.57841110229492,49.830259692292906,47.59959212534466,48.93079652095187,20235576
2020-09-28,51.701141357421875,53.03234573672328,49.83025908192632,49.97417099162311,28336496
2020-09-29,49.758304595947266,52.312776752741996,49.578411958572104,52.16886483879691,20797874
2020-09-30,49.83026123046875,50.69374370565537,48.64296870967138,49.938197912339,20069170
2020-10-01,49.758304595947266,49.93819723332243,47.959378222195646,48.571012091293674,20869186
2020-10-05,49.79429244995117,50.1540778158898,49.218639158382764,49.65038049953132,12608039
2020-10-06,49.9022102355957,50.51384402779189,49.650361672913384,50.36993213194111,10028285
2020-10-07,50.729732513427734,52.780507836205615,49.722332471920964,49.866249900643965,50074263
2020-10-08,49.25460433959961,51.08951152701809,49.11069241857725,51.01755556650691,21348017
2020-10-09,50.585819244384766,50.80168714695995,49.11069720562313,49.65037519689372,25747313
2020-10-12,49.758304595947266,50.801679696768154,49.50645600159956,50.585811825850534,10564850
2020-10-13,49.72233581542969,50.190057882925785,49.50646789266229,49.72233581542969,9070661
2020-10-14,48.21123123168945,49.50646053536173,47.95938261427766,49.290587154786984,24825690
2020-10-15,47.527645111083984,49.29059106262387,47.27579098381667,48.211235053953274,17333956
2020-10-16,48.39113235473633,48.60700577309227,47.491668928068364,47.95939100791352,18590744
2020-10-19,49.866249084472656,50.69375095405964,48.463082999304234,48.463082999304234,25987617
2020-10-20,48.499061584472656,50.19005146784907,48.3911248919405,50.01015881025821,18530340
2020-10-21,48.78688049316406,49.36253358031984,48.211221916121225,48.930792392481244,19589424
2020-10-22,49.54244613647461,49.722338827957735,48.427114743212805,48.4990707218282,26354156
2020-10-23,49.65037155151367,50.08211281485358,49.36254221265773,49.79428347599764,13177360
2020-10-26,49.07471466064453,50.01015867351448,48.67895410895972,50.01015867351448,14224945
2020-10-27,48.10329818725586,49.25461016117604,47.8514495507559,49.00276152467608,17088331
2020-10-28,47.74350357055664,48.499054823059645,47.56361093804521,48.39111814557529,15025477
2020-10-29,46.34034729003906,47.74350775052053,46.12447391617056,47.527639866539964,29901005
2020-10-30,46.70013427734375,47.4197048964403,46.19643155004328,46.77209024127578,25849220
2020-11-02,47.275787353515625,47.527641461443096,46.19643142772862,47.0599194622911,12847852
2020-11-03,47.707523345947266,48.03132785463047,47.27577668118714,47.4916500135672,10809489
2020-11-04,47.81546401977539,48.13927408266346,47.20383010972633,47.70753282203401,12479581
2020-11-05,48.642974853515625,49.00276017860064,47.63557484529993,48.13927759435197,17947631
2020-11-06,48.93080520629883,49.07471714330313,48.35514647850462,48.71493181090388,10496588
2020-11-09,49.25460433959961,49.39852175050986,48.78688785133299,49.39852175050986,8473527
2020-11-10,50.90962219238281,51.08951485030642,49.290588271070284,49.68635431445753,33795453
2020-11-11,52.06092834472656,52.31277693997566,50.76570464492221,51.41331374988057,23531793
2020-11-12,51.48527908325195,52.456698303902584,50.909620402183705,52.16886896336846,16446681
2020-11-13,51.91701889038086,52.16886749756393,50.405921757394516,51.23342353958349,16264536
2020-11-14,52.276798248291016,53.24821733135862,52.16886157464189,53.24821733135862,5387569
2020-11-17,51.305389404296875,52.744530700463535,51.08951601391653,52.312783919702845,18852045
2020-11-18,51.77311325073242,51.88104996117729,51.01756725739666,51.557245319731834,14032869
2020-11-19,51.91701889038086,53.392135298103376,51.41331618612681,51.44929691139064,27903903
2020-11-20,51.55723190307617,52.312777699797465,50.87363657474237,52.132885059165574,14790440
2020-11-23,55.04716110229492,55.982605251622864,51.66518085144287,51.809092802159924,44111534
2020-11-24,54.75931930541992,56.162485211528995,54.255622102132214,55.227041274122946,31379070
2020-11-25,58.14131164550781,58.86088230701217,55.5148776330392,55.55085287218133,87040163
2020-11-26,57.70955276489258,58.644996624801394,57.16987488184226,58.39314804402204,30469713
2020-11-27,56.486289978027344,58.393153094371435,56.1265046915431,58.14130449181002,44245938
2020-12-01,58.68098449707031,59.004789070403916,55.44291680418229,56.48629197593546,42923229
2020-12-02,61.055564880371094,61.199482295643584,58.24923841627021,58.645004445909485,52652362
2020-12-03,63.8259162902832,64.04178968743221,61.16350700485099,61.45133637108682,53618786
2020-12-04,64.65341186523438,65.48091908349785,62.782529560826234,64.58145590927397,44126894
2020-12-07,65.87669372558594,67.63963958258088,65.30103502254484,65.5888643740654,46638129
2020-12-08,65.30104064941406,67.24387933228411,64.79734335826663,66.92007471510202,34326971
2020-12-09,65.62483215332031,66.81212466222223,65.40896428163028,65.84070551489798,25763702
2020-12-10,65.94864654541016,66.34440708122192,63.825909982847506,65.48092455773445,25329334
2020-12-11,69.65444946289062,75.12318596025068,66.6322490767968,66.6322490767968,146821189
2020-12-14,73.03641510009766,73.79196641777799,70.12215200605976,70.69781067571029,75021883
2020-12-15,72.2808609008789,73.75598275187143,71.3813976965878,73.75598275187143,33553433
2020-12-16,74.04380798339844,74.54750515401096,72.42477430514579,73.3242374597306,34618175
2020-12-17,73.03641510009766,75.98665342980874,72.46075643044713,75.62686813374914,41881430
2020-12-18,71.23749542236328,73.6120807990641,70.6258614586338,73.03642207444317,36480527
2020-12-21,64.65341186523438,71.20150267560665,64.00579728181569,71.16552744257022,58724337
2020-12-22,65.15711975097656,66.41636829566224,62.31481259903898,64.0777638555317,58602960
2020-12-23,65.33702087402344,65.69680621916699,63.53809414830571,65.12114747098184,29216106
2020-12-24,67.02801513671875,68.71900526784498,66.3084444009298,66.56029306047813,46351620
2020-12-28,67.49571990966797,68.46713905597096,67.13593463400852,67.6396318239767,17759262
2020-12-29,67.02801513671875,68.10737124040217,66.20050769258364,67.78356111536372,17678810
2020-12-30,67.09996032714844,67.99942360231128,66.7401750170833,67.27985298218101,15960705
2020-12-31,66.9560546875,68.75498140677847,66.59626934364431,67.13594735942785,43701316
2021-01-01,67.06399536132812,67.96345884787968,66.92008339943565,67.45976149136659,15130377
2021-01-04,69.76236724853516,70.01422134963143,67.42376280609479,67.67561690719106,39545073
2021-01-05,68.3232192993164,69.43855581141325,67.89147808136802,69.43855581141325,26998014
2021-01-06,69.76236724853516,71.45336254497934,69.25867002611858,71.16553320793217,50306161
2021-01-07,70.44595336914062,71.27346054589069,69.8702947705613,70.51790932149123,25285200
2021-01-08,72.42478942871094,72.89251146474108,70.91369211144234,71.20151598910222,36022114
2021-01-11,73.79197692871094,74.04382557384841,70.55390880294401,73.03642550340983,36301647
2021-01-12,74.4395751953125,75.19512650930373,72.49673680203207,73.3962000377893,28353142
2021-01-13,75.73480987548828,77.6416731698559,74.9073025413414,75.51893648748882,42401579
2021-01-14,75.59088897705078,77.31785391664593,74.97924961356587,76.99404936294376,24455634
2021-01-15,72.96446990966797,76.34644999591113,72.42479188591287,75.73481600029976,28185982
2021-01-18,69.54651641845703,73.28828224802113,69.11477505195184,72.96447759561457,33623461
2021-01-19,70.5898666381836,71.23748120163043,70.15812542584816,70.3380180551452,26085121
2021-01-20,71.12955474853516,71.81315013204,70.4099841279331,71.23749143960309,18486566
2021-01-21,68.14334106445312,72.10097979657823,67.56768781553173,71.27347790813567,26939349
2021-01-22,66.74016571044922,68.68300391792513,66.56027308050191,68.07137007408178,27311961
2021-01-25,65.73277282714844,67.4597433550144,64.76135362081382,66.95604613391882,28522112
2021-01-27,64.54547882080078,66.02060070554465,63.969825650815935,65.7687521005583,34022621
2021-01-28,65.22908020019531,65.76875818504544,63.89787560220936,64.04178753554739,26810222
2021-01-29,63.5380859375,66.88408482303224,63.14231991303009,65.30103170492856,33858273
2021-02-01,65.37299346923828,65.62484210266979,63.646022784454665,64.04178884405307,24228098
2021-02-02,66.8121337890625,67.60366040649401,65.62484111797102,66.56028515940997,22141489
2021-02-03,67.17192077636719,68.57508687324591,66.92007214048286,68.07138411158873,25912911
2021-02-04,70.26607513427734,70.94966505644267,67.63964116141493,67.81953382407828,49670027
2021-02-05,70.26607513427734,71.92108433684702,69.65444117919967,71.20151368619366,30514219
2021-02-08,71.7052001953125,72.5327073541222,71.30943423113352,71.59726352418303,29096831
2021-02-09,72.67662811279297,74.36761786694474,71.81314561829906,71.81314561829906,39638657
2021-02-10,71.9570541381836,73.75598049163818,70.94965428227151,73.39619522094726,21467230
2021-02-11,71.5613021850586,72.20891689734414,71.16554160358145,71.95706825642438,11287104
2021-02-12,69.79834747314453,71.52531799313807,69.47454290247173,71.16553269688475,18187705
2021-02-15,70.84173583984375,71.41739461709582,68.79096036695279,69.79836048219944,26118576
2021-02-16,74.65543365478516,75.44696004615973,71.41736665289086,71.41736665289086,76236798
2021-02-17,74.83843994140625,75.75333529521318,73.77716356462146,74.65546087064487,21014091
2021-02-18,81.02310943603516,84.53630892363506,75.64352725771008,75.89969677399667,110000964
2021-02-19,76.92439270019531,82.12099668424352,76.00949743595874,81.02312236715963,48225988
2021-02-22,77.80268859863281,79.44949992808958,77.07077245220758,77.5099210232473,36592043
2021-02-23,82.1209945678711,83.73121354187639,80.1082250384225,80.32780212981149,90860972
2021-02-24,83.14567565917969,84.42652895458454,81.24269473710791,83.43844324351623,26071364
2021-02-25,87.1346206665039,88.19589685981691,84.42652753695953,84.9022741555084,62038881
2021-02-26,81.2426986694336,86.65887969754466,80.54738050904692,84.53632158846469,55154985
2021-03-01,85.67078399658203,86.10993255134096,83.07247953947008,83.6580146685332,41672980
2021-03-02,83.0724868774414,85.37802397367484,82.52354973948475,84.82908683571819,36303917
2021-03-03,83.43843841552734,84.75588967677169,82.85290328073499,83.47503645548069,19434630
2021-03-04,82.4869384765625,85.63417979673993,82.19417651716813,83.401833559861,38272786
2021-03-05,84.13375091552734,86.54907620607159,83.07247483627167,85.08524405036636,57756103
2021-03-08,86.54910278320312,89.5499585070736,85.78058843183516,87.0614419613963,63866178
2021-03-09,85.45121002197266,87.50057746383922,83.58482161655571,87.39078892515404,26817643
2021-03-10,83.73121643066406,85.63419748007237,83.14568122281031,85.56100697511005,23841269
2021-03-12,84.20695495605469,85.92695678489505,83.43844076798193,85.45121017247273,20691698
2021-03-15,83.69461059570312,85.52440096982902,82.56014391419131,84.90227335944164,19679802
2021-03-16,84.2435531616211,85.12185594850651,83.03589031970205,83.29206545592535,20680669
2021-03-17,80.03504180908203,84.06058123379567,79.5958931704743,84.02398877129048,31017863
2021-03-18,80.65715789794922,82.12099020523742,78.68098651674097,80.51077690085123,26710696
2021-03-19,80.8767318725586,82.88950121780327,76.44863707938957,77.76608833899866,50386785
2021-03-22,80.21800994873047,81.42567272848522,79.44950133185172,80.87673560896735,15825065
2021-03-23,78.42481994628906,80.73035703429296,78.02226381292682,80.21801235691582,15815643
2021-03-24,76.70481872558594,77.58311591743539,75.27757880873386,76.85119972953505,31083656
2021-03-25,74.65543365478516,78.82735271362802,74.14309467705921,77.58309771967869,37295495
2021-03-26,74.9482192993164,76.1192840916025,73.37459836714568,75.38736789841401,26637085
2021-03-30,75.75333404541016,77.80270183775777,75.09460828472143,76.15589022807494,31843017
2021-03-31,74.7652359008789,76.26566065916815,74.58225686322824,75.24098251558605,19587582
2021-04-01,76.37545013427734,77.03417579470546,74.03332065728533,75.38736443567375,22299747
2021-04-05,75.71672058105469,76.48523474272235,72.7524636376441,74.7652329729789,24878516
2021-04-06,76.08269500732422,76.41206068348947,74.14312133424485,75.1312071945845,15156974
2021-04-07,76.59504699707031,77.10738620745396,75.7167440283116,76.04610973562558,10330347
2021-04-08,75.8265151977539,77.36353806028782,75.60694369400753,75.9729017843288,26105970
2021-04-09,75.97291564941406,76.77802247823772,75.38738036440868,75.38738036440868,17645822
2021-04-12,71.76438903808594,74.8384349898573,71.32523483005198,73.81375114457427,27005598
2021-04-13,74.6920394897461,75.02139949781315,71.76437511909972,71.76437511909972,25505623
2021-04-15,76.92439270019531,78.13205556580309,75.9729049758358,76.30226503732995,28659714
2021-04-16,78.53461456298828,78.9371651434004,76.26566975815845,76.55843737014402,21627285
2021-04-19,75.42395782470703,77.54651008926626,74.5822531763076,76.08267786042443,19166492
2021-04-20,75.27758026123047,76.85120121239501,74.80183361310016,75.60694590258721,23082015
2021-04-22,75.46055603027344,76.44864174322105,74.3992798171218,74.94821694476794,14844968
2021-04-23,74.9482192993164,75.863114540802,74.36268411113466,74.65545170522553,12790334
2021-04-26,75.24098205566406,77.36353441217574,75.02140497819462,77.03417438004863,11797791
2021-04-27,75.53374481201172,76.119279968477,75.24098281785618,75.24098281785618,8886250
2021-04-28,76.04608917236328,76.41204724770277,75.6069405987713,75.93630063294601,6887787
2021-04-29,76.15589141845703,77.50993542410107,75.78993327725172,76.77801914169045,14990087
2021-04-30,79.15673828125,82.48695364645934,75.60694582203675,76.22907347627785,81358264
2021-05-03,78.82737731933594,81.02312605340187,77.58312193699636,79.15674297989251,33975507
2021-05-04,80.25462341308594,80.73037012490911,78.82738327761642,79.04696040125118,30811922
2021-05-05,81.31588745117188,83.43844551530655,80.8767388547489,82.26738073015281,47588366
2021-05-06,80.69375610351562,82.59673699004843,80.10822094577765,82.19418645517102,26083818
2021-05-07,81.57205963134766,82.23078533926662,80.25461379958726,81.13291102076086,28016564
2021-05-10,83.3652572631836,84.13376593164566,82.34057345448998,83.32865921912837,33477142
2021-05-11,86.4393081665039,86.87845680049267,81.05972483596639,82.37717632201053,48355326
2021-05-12,84.2435531616211,88.67164838729848,83.21886936896016,86.87845035412248,49718697
2021-05-14,82.66993713378906,84.90228390102469,81.64525886431477,84.90228390102469,23626454
2021-05-17,83.62142181396484,84.46312652015499,82.15758948461755,83.40184473093188,19960145
2021-05-18,84.9754638671875,86.00014759362914,83.65801814811431,84.17035721929659,29395737
2021-05-19,84.09717559814453,84.75590131925246,82.99930125765721,83.80440799053237,25295575
2021-05-20,81.8282241821289,83.95077645592868,81.38907004430305,83.03588130891953,21131045
2021-05-21,82.5235595703125,83.47505295641737,81.27930414301659,81.27930414301659,20562816
2021-05-24,82.74312591552734,83.40184600654688,81.13290697817101,82.88950691707007,24785960
2021-05-25,83.87759399414062,85.70738446340232,83.21886830839095,83.73121299023065,25820379
2021-05-26,82.96269226074219,84.4631225616336,82.7065227319277,84.4631225616336,12045621
2021-05-27,81.86483001708984,83.18228147773058,81.46227943706131,82.7065348067171,22821449
2021-05-28,82.23077392578125,84.57290883062258,81.86481587040699,82.85290150310213,19331994
2021-05-31,83.18228149414062,83.69462062666992,81.53546996005369,82.34057670434731,16430926
2021-06-01,86.0733413696289,86.6954690037784,83.58482524895366,83.69461379241,51620011
2021-06-02,86.18312072753906,87.39078340868934,84.90226755324443,86.3660997524383,27162991
2021-06-03,89.65974426269531,90.61123765993065,86.69548109629743,86.95165626145328,64241347
2021-06-04,91.81887817382812,92.7337733552496,90.28185538585545,91.19675056727692,72354379
2021-06-07,91.59931945800781,93.31932152218947,91.41634039619959,92.91676535258027,28709907
2021-06-08,91.34313201904297,92.14823861668238,89.76951127852061,92.03845008425958,15261479
2021-06-09,90.79419708251953,93.6852635280755,90.06228096120644,92.9533474067624,29718157
2021-06-10,90.72101593017578,91.34314920291791,89.62314156756416,90.57463491545867,12245640
2021-06-11,90.42823791503906,92.66057870727445,89.65972376343603,90.72099989271946,18360366
2021-06-14,91.34313201904297,92.07504812309276,88.74482761603558,91.05036446060771,19547491
2021-06-15,91.7457046508789,94.05124205144591,91.37974651060091,91.9286837210179,32779493
2021-06-16,92.73377990722656,93.86825224597457,92.29463130593223,92.95335699991244,31654780
2021-06-17,91.56270599365234,92.95334774603838,90.39164131209243,91.92866405564462,18124616
2021-06-18,88.01293182373047,91.16017403110007,87.02484597204682,91.16017403110007,87912730
2021-06-21,88.5252685546875,89.2937828538642,87.06143604888645,87.3908017131384,15669821
2021-06-22,89.33037567138672,90.90399105575251,88.927819522223,89.80611674066333,23629008
2021-06-23,90.2818603515625,91.05037457985738,89.1107955717472,90.3916488961871,21978870
2021-06-24,89.29376983642578,91.08696216098548,88.81802322458023,91.08696216098548,24358397
2021-06-25,88.4886703491211,91.45292763052602,88.08611420252262,89.98909521973519,34557609
2021-06-28,89.5499496459961,91.12357065770371,89.14739906984241,89.69633624247918,23728169
2021-06-29,87.39080047607422,89.6231416653741,87.17122336968114,89.14740057498543,20857415
2021-06-30,86.14653015136719,88.52525768111437,85.67078911267949,88.08610910013033,19094044
2021-07-01,86.98822784423828,87.64695345465857,85.85376123347578,86.18312124664757,16012542
2021-07-02,86.69546508789062,88.45206495161739,86.36610505647555,87.82993734556835,20014124
2021-07-05,88.5252685546875,88.89122668113777,87.02484358668814,87.20782264991327,12050022
2021-07-06,88.92781829833984,91.48952499829203,88.59845824197697,90.02569259831935,30193164
2021-07-07,87.75675201416016,88.12271010797728,86.21972913694374,87.75675201416016,18479814
2021-07-08,85.67078399658203,87.3907857600993,85.52439742227784,87.3907857600993,17151883
2021-07-09,86.29290008544922,86.84183710178912,85.34140702349627,85.70736503438954,11240925
2021-07-12,86.76866912841797,87.35419874731627,86.36611297836238,87.09802919004342,8420962
2021-07-13,88.12271118164062,88.41547877707679,86.80525979421658,87.09802738965276,8580799
2021-07-14,88.41547393798828,89.1107920530258,87.9031292779969,88.04951585974177,12709481
2021-07-15,85.56098937988281,87.3907795480408,85.04864478235271,87.2443929841423,28589465
2021-07-16,85.48780822753906,85.92695679904853,84.71929403933972,85.78057021916067,19691248
2021-07-19,83.87759399414062,85.30483391061117,83.5848264022433,84.02398058212798,14395883
2021-07-20,82.41376495361328,82.88951161168792,81.68184873629153,82.01121438453286,18634406
2021-07-22,84.53631591796875,84.75589299813977,83.40184364388033,83.73120926413685,11710140
2021-07-23,84.38993835449219,85.45121458899004,83.98738221915723,84.53631935784453,7841690
2021-07-26,83.84099578857422,84.60950438254261,83.51163017623607,84.06056727938933,8149770
2021-07-27,83.91419219970703,84.82908743611013,83.43844555996195,84.42653129846181,9704729
2021-07-28,83.69461059570312,84.31673820609052,83.0358849442024,84.09716671164165,11020097
2021-07-29,83.98737335205078,84.75588749870678,82.92609722959892,83.65801333724207,14142749
2021-07-30,84.38993835449219,85.45121458899004,83.29206407711759,83.65802216957579,12236156
2021-08-02,85.7073745727539,86.00014213086581,84.02397088574469,84.13375383396954,10895726
2021-08-03,86.29290008544922,86.51247154153953,84.2801310255362,85.01204704732275,15163353
2021-08-04,85.89037322998047,86.73207805790655,85.34143602708232,86.14654280785066,14304543
2021-08-05,85.52440643310547,85.81717402848294,83.95078549401929,85.04865978862675,11033147
2021-08-06,85.3780288696289,86.5124956693483,85.01207075667214,85.01207075667214,6606584
2021-08-09,84.17037200927734,85.63420456596043,83.6580328480695,84.90228828761889,8294214
2021-08-10,84.0605697631836,84.68269738165766,83.36525164560854,84.24354880297462,14300982
2021-08-11,85.63420104980469,85.8537781579225,84.06057999916793,84.53632667737129,11308648
2021-08-12,85.08525848388672,86.2929213340219,84.38994032560637,84.97546993676943,13519139
2021-08-13,84.9754638671875,85.59759147764515,84.42652675488773,85.48780852244685,10342014
2021-08-16,84.53631591796875,86.62227584328502,83.95078076023077,85.56099965197167,14771886
2021-08-17,83.32865905761719,84.902280019624,82.48695430267611,84.902280019624,16025745
2021-08-18,82.8529052734375,84.35333560238182,82.6333337806671,83.36524992472248,10074307
2021-08-20,80.65715789794922,81.7916301697284,79.41290267038508,80.98652351753532,23878081
2021-08-23,81.7916488647461,81.97462794498043,79.41292082169979,80.76696489861816,16886027
2021-08-24,82.8529052734375,84.31673756154825,82.04779863179199,82.81631281668095,17368602
2021-08-25,84.64611053466797,85.7805773061209,82.92610856344237,83.07248957134678,18637317
2021-08-26,84.57292938232422,85.08526855071881,83.73122453360901,84.60952184630776,8779246
2021-08-27,85.3780288696289,85.63419843188312,84.13376793512931,84.53632409301282,9706825
2021-08-30,87.93972778320312,88.12270682329132,85.45121172118822,85.45121172118822,15933414
2021-08-31,88.23251342773438,88.56187353369116,87.13463896244068,87.82995722349537,13376290
2021-09-01,87.61035919189453,89.47674757118187,87.39078770167524,89.14738754381445,10964080
2021-09-02,86.84185791015625,87.93973220590013,86.36611126518508,87.0248369594469,13031666
2021-09-03,90.09886932373047,90.39163687577096,86.95163349550586,87.79333252951695,21326802
2021-09-06,89.03761291503906,91.01378455609107,88.67165479009775,90.61123396910232,12505630
2021-09-07,87.7933349609375,89.84270229790118,87.50057298486563,89.65972327081788,8530847
2021-09-08,88.42522430419922,88.83408638463156,87.34732343258752,88.46239564662055,7801721
2021-09-09,90.80404663085938,92.03062717629764,87.86768645583439,88.5367309053053,27242637
2021-09-13,91.47307586669922,91.73325820056752,90.0234788553481,90.84119719245541,9921031
2021-09-14,92.14213562011719,93.22004220932173,91.28725142341634,91.65894217730394,16593684
2021-09-15,95.48735046386719,97.15995882235762,92.36515046330531,92.36515046330531,42437332
2021-09-16,95.6731948852539,97.56881994130524,94.70680235733707,96.37940502763738,22431820
2021-09-17,94.96697235107422,96.41656378957437,92.73682818627404,95.67318240130764,25968166
2021-09-20,95.5245132446289,96.19355199081417,92.95984959345155,92.95984959345155,29857432
2021-09-21,100.50516510009766,101.09987250107697,95.97054527171831,96.34223597944285,51537119
2021-09-22,99.35292053222656,100.54233532095292,98.46086511223184,99.98479926556871,16424387
2021-09-23,102.40079498291016,102.84682839121939,99.91046258220162,100.2078219687747,18688982
2021-09-24,101.17423248291016,103.99907327024728,99.98481747753506,103.25569172766338,33667173
2021-09-27,104.0733871459961,104.63092314856392,102.2149338041033,102.62379580793952,34196564
2021-09-28,105.70884704589844,106.74958795190227,104.81679151439621,105.4114989830982,46109879
2021-09-29,107.60447692871094,110.61517440673569,103.59022118674595,104.70529348652533,68003697
2021-09-30,107.41861724853516,108.57086074023644,105.07697026790072,107.60446260709664,26714630
2021-10-01,108.71953582763672,111.24702819168853,107.1212702655305,107.93898304538227,42893182
2021-10-04,109.7231216430664,110.39216050281223,109.277088174501,109.87179568488746,16099471
2021-10-05,121.65434265136719,122.3605639460057,110.76381137245563,111.50719265683452,131238378
2021-10-06,124.96244049072266,128.41916008901836,123.25266069269709,123.40133473098147,101221817
2021-10-07,119.23835754394531,126.48632531384277,118.569318902425,126.48632531384277,59769140
2021-10-08,119.64724731445312,123.84735949555068,119.31272791601911,121.84022041874414,30561341
2021-10-11,122.65792846679688,123.54998385975362,120.94814901348825,121.72870173598781,18143592
2021-10-12,121.58004760742188,123.28982734029925,120.98534013384257,122.73229121065022,11619888
2021-10-13,118.94100952148438,121.76586076623936,118.71799286001188,121.65434676395381,16690451
2021-10-14,118.23482513427734,120.2419528357123,117.9374657402604,119.6844167329192,14821875
2021-10-18,120.50214385986328,123.02963638429405,119.83309371414832,121.72871877902206,22899876
2021-10-19,117.9002914428711,121.54285566879386,117.45425807748886,121.54285566879386,10331930
2021-10-20,115.1497802734375,118.45783674887029,114.22055347541719,118.38349406778843,17118996
2021-10-21,115.22413635253906,119.16406070289142,114.88961693497464,117.15693285440304,31555789
2021-10-22,116.74805450439453,117.71445262087519,114.85242961112485,116.71088316470292,27317028
2021-10-25,119.98178100585938,121.13402470937336,118.12332707861185,118.19766977294279,34568006
2021-10-26,121.24551391601562,121.87738131599212,119.16404367522775,121.58003328577969,33022684
2021-10-27,117.37993621826172,121.61721991152942,116.71089739464139,121.24552915549552,21652522
2021-10-28,111.65587615966797,116.59936892789841,110.54080413808055,111.50720215874281,24815027
2021-10-29,110.80104064941406,112.8825116028133,108.53372427773104,111.43290826571645,18736450
2021-11-01,113.84883880615234,114.18336945754585,110.31777771649443,111.50719230498689,11444653
2021-11-02,113.70018768310547,115.07544786866661,112.51078419852598,114.44356911463032,20609479
2021-11-03,112.99398040771484,114.62941732920635,111.35854348622333,112.39927297905409,11591857
2021-11-04,113.0311508178711,113.62585824163361,112.43644339410857,112.99397947705457,1114216
2021-11-08,115.1497802734375,115.63298501426841,112.77096193912561,113.70018873714592,16568525
2021-11-09,116.45069885253906,117.5657710203314,115.22412400520777,116.3391961730001,13601954
2021-11-10,117.23123168945312,117.9746130081473,116.3020050410854,116.48785037075893,13900618
2021-11-11,114.10904693603516,116.59937920770987,113.77452756868637,116.41353385439386,14158749
2021-11-12,114.96394348144531,115.67016497505189,113.96038527065419,114.4807500477053,10552485
2021-11-15,117.30559539794922,120.61364059083422,115.96750651568652,116.302025900477,45750584
2021-11-16,116.82238006591797,118.71800486548321,116.56220338713827,118.49498818145793,12956283
2021-11-17,117.00821685791016,118.38347685627441,116.41352086811915,116.71086886301465,11420415
2021-11-18,114.70375061035156,116.71087809236462,114.25771723963763,116.71087809236462,18351511
2021-11-22,112.96931457519531,118.48094809878795,112.54534005129577,116.59234714218141,21558590
2021-11-23,113.08494567871094,113.85580422016415,110.5411101394418,112.39117769635021,21216047
2021-11-24,118.2882308959961,120.13829829747831,114.85791302718769,114.85791302718769,36294271
2021-11-25,119.5601577758789,120.25392571931268,117.59446625299363,118.71220872291123,11554142
2021-11-26,113.39331817626953,117.36323573085448,112.73808358382573,117.36323573085448,23135841
2021-11-29,111.08073425292969,112.58390624201422,109.38483584230167,111.77450232100891,18736522
2021-11-30,109.53900146484375,113.89434744035704,108.76814293732865,110.50257462423764,22980651
2021-12-01,109.65463256835938,110.73382987111466,107.65039556339278,109.77025664995158,14278744
2021-12-02,111.00363159179688,111.50468494611818,108.22853609705473,108.30562665727403,8561767
2021-12-03,112.46826934814453,113.2005944561238,110.3484081168491,111.00364265692447,10690334
2021-12-06,110.50260162353516,112.42974841318613,110.0400816890707,112.391203124919,7749262
2021-12-07,112.46826934814453,112.73807457343891,111.38907197170546,111.77450128648644,10253663
2021-12-08,114.39541625976562,115.89860000174453,113.16204950624687,113.31621888014055,12266948
2021-12-09,113.58602142333984,115.55170147820137,112.81516280970978,115.24336273769693,7989291
2021-12-10,113.74017333984375,114.08705731027318,112.19845634916439,112.73805494342874,10324085
2021-12-13,112.50678253173828,116.01419064798783,112.04427454338509,114.81935776060182,13595587
2021-12-14,113.23910522460938,113.66307973815324,110.96507507679554,111.19633497167099,12331999
2021-12-15,110.965087890625,113.8558075044605,110.69529445075463,112.77661022024255,10361033
2021-12-16,112.04428100585938,112.73804890958714,111.42759189011994,112.00573573068193,12156709
2021-12-17,107.45767974853516,111.85158299906716,106.76391174180289,111.1578032299666,17667617
2021-12-20,103.2950439453125,106.10867290006978,101.48352167863787,105.99304882448111,17238729
2021-12-21,104.87530517578125,105.49199435117758,103.1408734863109,104.10444664712776,8615570
2021-12-22,105.45344543457031,106.33992800699482,104.29715768147715,105.91595347838721,4968143
2021-12-23,108.30562591552734,108.69105518924808,105.72324507665121,106.76390882064439,6324169
2021-12-24,106.76390075683594,109.15356677836176,105.76178236837777,109.11502150142739,5657495
2021-12-27,105.87744140625,106.41704011450348,104.83677751275638,105.26075212723043,4404298
2021-12-28,107.5347671508789,108.30562569676334,106.76390860499447,107.26496195487218,8738089
2021-12-29,107.07225799560547,108.57544171987138,105.95451534508575,108.07437655765969,6571286
2021-12-30,108.30562591552734,108.84522454626278,106.76390882064439,106.95662345750476,11556524
2021-12-31,109.77024841308594,110.19422295105747,107.49621813425188,108.26707665333919,6393760
2022-01-03,110.27131652832031,110.57965523945383,108.8452235240001,109.73171790265272,3765911
2022-01-04,113.93291473388672,114.5496040275321,110.30988130697885,110.30988130697885,16351836
2022-01-05,115.89862060546875,116.47676468212582,113.6245778273872,114.47252717809944,12977680
2022-01-06,116.2454605102539,116.70796853834219,114.35685959690127,116.09129116755781,9012777
2022-01-07,121.06333923339844,121.41022323301915,116.66944779267709,116.78507187176128,30889365
2022-01-10,122.06544494628906,122.87483693995351,120.56226150121635,121.98835439338437,16418985
2022-01-11,124.0696792602539,124.60927788403949,121.48731021700584,122.41233810954795,14457548
2022-01-12,127.15312194824219,127.73126589019755,124.41657160384642,125.4186901223761,21220614
2022-01-13,126.38223266601562,127.5770655416889,125.6884648091038,127.15309106808022,7445346
2022-01-14,124.14679718017578,125.88122927183879,123.4915625739327,125.6114240192986,11646259
2022-01-17,127.84689331054688,129.65840381853565,125.11034314649731,125.26451250171817,32577835
2022-01-18,126.3051986694336,129.8125962326131,125.95830285560712,129.73551742249492,11175409
2022-01-19,131.23867797851562,131.8168219343681,127.11457972182029,127.42293022236295,36648534
2022-01-20,128.61773681640625,131.73970412243403,128.34793165452822,131.73970412243403,14474454
2022-01-21,126.15098571777344,128.27084654064225,125.11033382578529,127.42290926891489,8625926
2022-01-24,127.73126220703125,129.7354991862979,126.22809035376541,127.3458329235083,28783449
2022-01-25,127.30728912353516,128.50212226882837,125.64994789005542,125.64994789005542,14249846
2022-01-27,127.73126220703125,130.0823831889949,126.80623427904983,127.26875412422467,25936832
2022-01-28,130.12094116210938,134.66900244636093,128.15524927193067,129.1573678593129,32790065
2022-01-31,133.05018615722656,134.78461783896253,130.69906530284428,132.27932763201056,24031034
2022-02-01,131.7782440185547,134.82313241288207,129.8896432495946,134.12936454260807,14220953
2022-02-02,132.04806518554688,134.16792608917183,131.43137602474613,131.4699213027401,12478192
2022-02-03,129.1188201904297,132.0095400454393,127.96253224842584,131.0459667604361,12529302
2022-02-04,130.73760986328125,133.12726422090103,130.31363532426832,131.04594856672654,17434362
2022-02-07,132.66477966308594,133.58980769962866,130.4292824988739,131.5855704851447,11723574
2022-02-08,128.69480895996094,133.35850468434322,128.34792502857312,132.5876462757632,13231599
2022-02-09,126.38223266601562,130.73758969509998,125.72701008168019,129.4271210016976,17938632
2022-02-10,130.35220336914062,131.3543102115421,127.30730226957277,127.84691273839772,26763203
2022-02-11,129.61985778808594,131.4313800479461,128.81046573727434,129.4656884337584,12884995
2022-02-14,128.11668395996094,135.94090501299647,127.34582543822546,130.19799961617318,44604164
2022-02-15,126.53643035888672,131.04595772678522,120.56227640369504,131.04595772678522,31146458
2022-02-16,129.92820739746094,130.19800082515303,126.80622800296901,126.80622800296901,15960268
2022-02-17,132.3949432373047,132.89599654169854,129.88965319060168,129.9281984668705,24640791
2022-02-18,129.4271697998047,132.39498047165745,128.5021417210357,131.97100583819704,11829998
2022-02-21,127.28499603271484,130.51776175239627,127.01236087392328,130.4009079246908,14222260
2022-02-22,128.49240112304688,129.6998192349181,127.16814108168397,129.6998192349181,29399172
2022-02-23,125.22067260742188,129.62189211563714,124.36379233274383,129.5050502082979,21301826
2022-02-24,122.02688598632812,126.50600901064848,121.52055509460449,125.22070020165175,28766189
2022-02-25,124.2469711303711,124.94804646375043,122.143733243974,124.1690685883249,20225258
2022-02-28,125.14278411865234,126.07756702727184,121.36474876030591,125.02594219820413,20210070
2022-03-02,126.93441772460938,131.14090456517013,126.11648873731228,129.03765520176137,41103406
2022-03-03,132.65989685058594,133.8283633315607,126.895455079357,131.10194154261958,42345653
2022-03-04,128.72607421875,133.20519631713313,127.63551011451615,132.50412109101956,32658756
2022-03-07,145.62989807128906,147.8499895670511,130.167195794627,130.167195794627,132538155
2022-03-08,139.51495361328125,151.86174681324837,138.50227991544625,148.005808392896,73127816
2022-03-09,136.6326904296875,143.1761105577199,135.42528444533224,142.55292599034678,51977091
2022-03-10,135.8147735595703,137.80115728516708,128.53132694485885,131.06300459680304,62112814
2022-03-11,136.8663787841797,137.41166079402575,133.75046800076635,134.37365253470028,26187452
2022-03-14,133.82838439941406,136.7105997956317,132.89361344472962,135.54213313071176,20214021
2022-03-15,127.55762481689453,132.03674752038853,125.92176655328882,131.10197646386766,42333127
2022-03-16,130.32298278808594,130.75142293716024,126.07755633545668,129.31030931379868,25545119
2022-03-17,132.65989685058594,133.59466765811462,128.219726600133,129.77768190809934,66314748
2022-03-21,134.41259765625,136.32109054665196,132.6598979206502,133.75046189052108,20614652
2022-03-22,136.6716766357422,141.1897510464816,135.38636779451272,137.25591008834832,39742745
2022-03-23,136.7884979248047,138.42434407128292,136.20426461115022,137.48957314668718,10994784
2022-03-24,138.2296142578125,140.52759649072388,137.48958769280827,139.3591297397935,20332589
2022-03-25,136.9442901611328,139.6317610083091,136.39900811603658,139.0475276986509,13608989
2022-03-28,137.37274169921875,138.58014779704135,136.04846991175458,136.71060580548667,15253027
2022-03-29,133.20518493652344,136.47688885595872,132.8546473534154,136.2821444335369,14210783
2022-03-30,126.19440460205078,128.41449610418266,125.53226871228989,126.97338240823628,95239532
2022-03-31,127.67444610595703,128.72607080348374,125.53225733313052,126.07755125703737,33523683
2022-04-01,130.8292999267578,131.06299560970243,127.40180286442408,127.67443792264598,28335224
2022-04-04,130.90725708007812,131.68623509080604,128.804018828365,130.05037651377296,17745513
2022-04-05,133.8673095703125,134.5683846780986,131.8809142499115,132.6209406161869,20054934
2022-04-06,134.60736083984375,135.1526429008088,132.65991641764188,132.8936121255576,12969222
2022-04-07,131.5303955078125,135.3863329246321,131.02405284754397,132.89360654612042,24550313
2022-04-08,133.12728881835938,133.43888704098032,131.41354019584304,131.64723589124455,9529874
2022-04-11,133.3609619140625,134.56837956381074,132.07565363655118,133.20516877228155,9724979
2022-04-12,131.56935119628906,134.13998042160242,131.02406909061858,133.20520939955895,13184429
2022-04-13,135.7368927001953,136.20428417274832,132.9715189078176,133.51680103495684,23458303
2022-04-18,136.9442901611328,139.43701657175637,136.39900811603658,137.10008333312356,23916912
2022-04-19,137.99591064453125,140.060208918298,137.10009094118004,138.1127644447017,17880666
2022-04-20,136.71058654785156,138.15170004943974,136.1653045343137,137.8011505749273,10076403
2022-04-21,135.6589813232422,137.64537712282083,135.46423687007288,136.86639931014358,12246720
2022-04-22,135.5421142578125,137.33376527180488,135.3084185801168,135.6589561535324,10267952
2022-04-25,132.153564453125,134.76314455007125,131.10195167075992,133.2051891217467,12583497
2022-04-26,130.0503387451172,133.75048322149485,129.0766165144915,133.28310368254915,20086229
2022-04-27,128.4144744873047,131.56932456227227,127.24600797472232,130.8292981482213,13981957
2022-04-28,128.37551879882812,129.310289599404,126.5449165710813,129.310289599404,13030499
2022-04-29,124.98698425292969,130.43982879273193,124.24695772835095,129.69980226815318,15964743
2022-05-02,121.79316711425781,124.05219767055344,121.44261764323237,123.19531745333438,23405519
2022-05-04,126.3891372680664,126.81757739876886,123.03953063656118,123.85745963403734,23661920
2022-05-05,128.4144744873047,131.1798357247448,127.28494734947024,127.90813186676539,26878516
2022-05-06,130.0503387451172,130.4008763708909,125.49332583754352,127.67445412513894,16768573
2022-05-09,128.3365936279297,130.32298941186548,126.77863801484405,128.7260825312011,9952775
2022-05-10,120.3131103515625,125.9217477389434,119.10569246942497,124.98697682208943,22602956
2022-05-11,123.54586029052734,124.6364242481968,119.76781392600161,119.96255833888942,15084514
2022-05-12,121.9100341796875,125.41543452351237,119.96258954422923,123.85747881514575,21459069
2022-05-13,119.61203002929688,124.87012958417351,119.1446386476941,124.63643389337213,12934346
2022-05-16,119.5730972290039,121.71528626730854,118.24883729166727,120.11837933422977,13205775
2022-05-17,127.09024810791016,127.51868835874069,121.17002280476378,121.52056050589411,17843200
2022-05-18,127.12916564941406,128.14183909550533,124.79223241362976,126.19439473235175,12616832
2022-05-19,124.63642883300781,126.23333545468195,122.92268031380519,123.5069135739599,8932407
2022-05-20,126.11649322509766,127.59655808483987,124.71434278127278,125.9217487872045,7235654
2022-05-23,120.8194580078125,127.90814864914057,120.4689084990386,125.99965547210061,18029557
2022-05-24,117.35298919677734,122.88373578370015,116.96350033533932,122.61108882619082,19141394
2022-05-25,118.87199401855469,119.37832473601595,114.97710577268141,119.10567780430257,19366472
2022-05-26,118.32671356201172,119.41728952617618,115.36660766876085,119.02780065745823,12824105
2022-05-27,112.01702880859375,121.13106822026178,109.91379077301804,120.74157925492332,52469252
2022-05-30,112.21173095703125,114.74340827660284,109.95268867858336,113.45808804414399,40261336
2022-05-31,117.82038879394531,119.18359990395791,113.26336404311448,113.26336404311448,57675204
2022-06-01,116.65191650390625,119.10569162911834,115.87293876431423,117.7814318490633,22780094
2022-06-02,118.75516510009766,119.10570273835805,113.73076058834368,115.13292302764339,25429955
2022-06-03,118.093017578125,120.11835235495612,117.74246812340384,119.92360794066913,16747177
2022-06-06,119.92362976074219,121.52053662570333,119.02781004653023,119.26150576344664,30327268
2022-06-07,126.07756042480469,126.93442886448857,120.11837318259089,120.58576461242414,61411715
2022-06-08,127.28499603271484,129.6219299516968,126.2723341768311,127.36289858451846,45994327
2022-06-09,128.95977783203125,130.36194025651088,128.14184876056328,129.31031546658664,31122996
2022-06-10,128.25869750976562,129.81665320079836,127.24603581960125,127.75236666468344,17812698
2022-06-13,124.28588104248047,127.71337779927275,123.42900091015484,126.19437382492742,12237777
2022-06-14,121.48158264160156,125.06488519082552,120.97525183815492,124.28590740936446,12844437
2022-06-15,117.9372329711914,122.49425780954732,117.46985342767914,122.26056209466228,16223385
2022-06-16,111.82227325439453,118.05409608279678,111.08224667077351,116.18454210252085,25130676
2022-06-17,110.18638610839844,113.06860103335235,109.56320161175162,110.96536375764305,22922034
2022-06-20,104.69461059570312,108.20001066323235,101.26711306195546,107.96632683440333,28656582
2022-06-21,108.35580444335938,109.2126727944073,105.1619910711406,106.01887130844513,20581784
2022-06-22,105.0451431274414,106.68098909604508,102.04607435561746,106.68098909604508,31824106
2022-06-23,105.0062026977539,106.25255996149521,102.98085580057075,104.38301812275469,26829020
2022-06-24,106.99259185791016,109.83585570863102,105.3177826710247,106.71994490838617,25461812
2022-06-27,110.22535705566406,111.08223737738435,106.91470145505225,109.05689037309519,24188349
2022-06-28,116.34032440185547,118.20986612980116,110.73167544550556,111.23801808292248,54387675
2022-06-29,120.07942199707031,122.61109982349014,113.88655092200266,116.3403381009027,165860322
2022-06-30,118.0540771484375,120.31310780691028,116.26242599537797,119.1835924776739,38725546
2022-07-01,102.08502960205078,117.74247418505064,101.2671006426855,116.02872562834877,125788305
2022-07-04,98.15120697021484,101.22816703369608,96.67114789870482,101.22816703369608,85993413
2022-07-05,99.24177551269531,100.17655246310092,98.15120537545334,98.93018319589345,44595740
2022-07-06,94.21736145019531,96.20375719462331,93.36048706866656,95.81426829909852,59092334
2022-07-07,96.20376586914062,96.71010266760409,94.4510656812413,94.4510656812413,36229792
2022-07-08,94.64580535888672,98.42384660639753,94.2563164479448,98.42384660639753,42778692
2022-07-11,97.76171112060547,98.0733034203726,94.29526238640922,94.64580000919175,31521678
2022-07-12,96.671142578125,98.73543491084335,96.20375709261661,97.29432718755545,25216226
2022-07-13,96.94377136230469,97.29431488947365,94.56789296831299,95.3858159787843,27166975
2022-07-14,99.04701232910156,103.29244421362245,96.43743831268907,96.90482372795088,38464081
2022-07-15,98.57963562011719,100.0207373109572,97.06062545745155,99.39755868328005,18088858
2022-07-18,101.189208984375,101.81239358634633,98.89122690797225,98.96912944056528,21010247
2022-07-19,99.6312484741211,103.75982669568066,96.94377185793176,101.65658929442655,33778758
2022-07-20,103.2535171508789,106.40837984373375,102.98087014687883,105.16201052010308,60317150
2022-07-21,103.68195343017578,103.99353980617785,102.66927987878157,103.60405089304611,20853780
2022-07-22,103.17559814453125,104.22722283640212,102.4745229407886,104.22722283640212,11630255
2022-07-25,101.11131286621094,103.1755991193795,100.02073690021527,102.82506151419615,21705935
2022-07-26,99.86494445800781,102.51347592080637,99.51440685026806,101.92924261248778,22172845
2022-07-27,100.1765365600586,101.4228937431484,99.55335202538552,100.56602540844723,20187969
2022-07-28,101.46183776855469,101.65658217885903,99.90388248612007,101.57867966023508,25736737
2022-07-29,104.49986267089844,104.77250964380536,101.18920716170756,101.61764731073669,19738642
2022-08-01,107.8105239868164,108.27791542661437,103.75984175818029,104.46092891787724,20592826
2022-08-02,106.48625183105469,106.75889878726116,104.85040575258601,106.48625183105469,15037928
2022-08-03,105.6683349609375,107.84947520183256,104.22723314707078,105.94098194839616,15853543
2022-08-04,106.1357192993164,106.83679452550624,104.38301934758458,104.65566631680132,14311959
2022-08-05,106.3304672241211,107.88842278784448,104.07143641122525,105.23990308401778,66480753
2022-08-08,106.3304672241211,107.10944500598278,105.20095181767317,106.17467404500029,12451233
2022-08-10,104.22724151611328,106.52522385829079,103.95459450676213,106.25257684893964,15829467
2022-08-11,103.44824981689453,105.94097629361035,102.86401649174594,104.77250964331317,19479706
2022-08-12,108.43370056152344,108.82318943702192,103.9935297580923,104.3051161039882,40876891
2022-08-16,109.01795959472656,110.53696419028884,106.01890167759282,108.6674219013291,31230003
2022-08-17,108.78423309326172,109.68006459683761,108.0442066416167,109.01792878490137,15694770
2022-08-18,108.1063461303711,110.29957700580681,107.42843353744773,110.25969764690454,42597708
2022-08-19,107.34868621826172,110.45908147875572,106.9100376124301,109.66154298432427,35382493
2022-08-22,105.19530487060547,107.26890947546552,103.52048161542123,107.26890947546552,31231393
2022-08-23,106.67076873779297,107.02965860993245,103.75975823441921,105.19531772297712,24268146
2022-08-24,108.46522521972656,109.58177414096494,107.26891758862664,107.42842283887919,22730039
2022-08-25,108.90386199951172,110.17991603290884,108.58483936406053,109.26275181610875,14620592
2022-08-26,108.98362731933594,110.25969374218776,108.54499089535999,108.86400141633729,12105053
2022-08-29,108.38546752929688,108.94375416463764,106.67076477638071,107.02965463519214,9198908
2022-08-30,110.53882598876953,111.53574897867738,109.70140824335293,109.98053937884507,21720398
2022-09-01,107.4284439086914,108.66463113717403,106.98979525736236,107.66770791573205,20349294
2022-09-02,105.87322998046875,108.265845347259,105.51434010934442,107.4284275349882,17495310
2022-09-05,106.39161682128906,106.79038601802473,105.79346302618555,105.99284762455338,14865879
2022-09-06,105.35482788085938,106.98977187107269,105.03580521804756,106.9499046865077,10870488
2022-09-07,105.673828125,106.03271793756845,103.71986166148815,104.47752063679245,12042788
2022-09-08,105.15544128417969,106.98976984028133,104.8762979807016,104.99592387106647,14629497
2022-09-09,106.87014770507812,107.02965295432594,105.23519151897948,105.67384008151382,12327341
2022-09-12,106.87014770507812,107.9866966192833,106.55113720658248,107.66768612078766,13500202
2022-09-13,106.7904052734375,107.78732844503223,106.47139472631612,107.0296692685147,10846178
2022-09-14,106.23212432861328,106.94991627058343,105.27508057545798,105.63397046170726,8597956
2022-09-15,105.75360107421875,107.18916051791498,105.27507314667285,106.55113950714808,10810473
2022-09-16,104.67692565917969,105.27507952008928,103.68000255766368,104.55729975478634,20909579
2022-09-19,104.11864471435547,107.14929318935074,103.44073217947879,105.35483171764614,19411428
2022-09-20,106.23212432861328,106.55114702597943,104.71680606690668,104.79655261414453,13080582
2022-09-21,104.39778900146484,106.2321300594944,103.71988855075044,105.43459152726174,11156865
2022-09-22,102.60331726074219,104.35791159548549,102.1646808465274,103.9990095555337,11366882
2022-09-23,102.56343078613281,102.96219993822592,101.6861337837405,102.28428751188015,10407849
2022-09-26,98.45612335205078,102.72295910647208,97.81809621610603,101.52665138124796,12848954
2022-09-27,99.25365447998047,102.00516569492665,98.77513264230058,99.1739018544897,14465123
2022-09-28,97.73834228515625,98.85489127939763,96.90092445473954,98.85489127939763,15267018
2022-09-29,101.00823974609375,102.24442061732277,98.49599256493977,98.49599256493977,20597761
2022-09-30,101.12787628173828,105.5940842288565,100.09107387937254,100.09107387937254,33530494
2022-10-03,105.59407806396484,107.66768274763321,104.15851869623913,105.03580362435261,50966493
2022-10-04,106.7904052734375,107.66770253222978,105.11558164684176,107.58794381071328,14137567
2022-10-06,105.79347229003906,108.90387959862359,105.59408767421202,108.86400024156394,14570735
2022-10-07,106.91002655029297,107.06953179878069,104.63703720856421,105.314949726475,13532236
2022-10-10,106.27198791503906,106.87014169317249,105.43457019175831,106.07260332232792,10183057
2022-10-11,104.55729675292969,106.47138418509806,103.87938419557321,106.27199957051923,13176461
2022-10-12,104.75667572021484,105.27507082238537,102.96221428574236,104.55729111638456,9401804
2022-10-13,103.56036376953125,105.15544053351651,101.80577567830647,104.63703328353934,13320136
2022-10-14,101.76589965820312,105.91310303122903,101.32725718458236,105.27506987084499,13205955
2022-10-17,101.9254150390625,102.24442554719019,100.48984341354624,101.2873818533363,9320940
2022-10-18,102.64319610595703,102.96221878771685,101.76590502769173,102.44381149340876,6490293
2022-10-19,101.9254150390625,102.64319476708522,101.60639844619939,102.64319476708522,7381712
2022-10-20,103.3609848022461,104.47753373004613,100.33033635175522,101.28738002836533,18748363
2022-10-21,104.91618347167969,106.3916222735313,102.6830734216259,103.16160135001984,11945173
2022-10-24,105.9131088256836,106.87015253388388,105.59408614330283,106.07261408213847,2154912
2022-10-25,104.27815246582031,105.99285526764196,103.56037272772544,105.63396539859453,10232002
2022-10-27,105.11557006835938,105.43458058034174,103.91926239421903,104.27815226256695,13865026
2022-10-28,106.6308822631836,108.14621253363501,105.11556416220246,105.35482811748113,22918037
2022-10-31,106.91002655029297,107.82719085620013,105.91310353540675,107.18915769277888,8753855
2022-11-01,107.78732299804688,108.2259716052761,106.94991731180309,106.94991731180309,11630848
2022-11-02,108.82411193847656,111.01734253227663,107.94682700263866,108.34559620151138,21117499
2022-11-03,108.78424835205078,109.02351233994776,107.86708392949635,108.78424835205078,7561534
2022-11-04,109.940673828125,110.37931021462485,108.50510226743657,108.78423340707553,7498344
2022-11-07,110.49895477294922,110.85784464185238,109.06338312786556,110.49895477294922,9987481
2022-11-09,110.5787124633789,110.85785581703803,109.26277875492238,110.8179764565907,12033732
2022-11-10,111.5357437133789,112.33328206765557,109.58176500982547,109.66152371304095,15908521
2022-11-11,112.0142822265625,112.69219483348543,111.01735908077701,112.13392030573995,18492513
2022-11-14,111.0572280883789,112.45292036238007,110.53883296868109,112.13390985325387,12743505
2022-11-15,113.52958679199219,114.32712512654929,111.65536683799529,111.65536683799529,24636519
2022-11-16,113.96824645996094,114.28726916074194,112.61243344768891,113.88849991186947,11460200
2022-11-17,114.20751190185547,114.68603987440294,113.01120413995865,113.21058876694144,13368536
2022-11-18,113.05107879638672,114.24738650851779,111.81489172662367,114.16762779325384,19958908
2022-11-21,113.42790985107422,114.18159135443007,112.548621152798,113.88849086235649,16348881
2022-11-22,113.2185287475586,113.8047168126227,111.29247129554103,113.00917495446846,11198874
2022-11-23,114.30720520019531,114.432812402424,112.67424768149587,113.51166310420793,9010911
2022-11-24,116.77755737304688,117.23813832921454,113.46976959720406,114.30718487098417,11803087
2022-11-25,117.69874572753906,118.32680732397424,115.35397987859194,116.40074920598389,9789098
2022-11-28,116.90320587158203,118.24306296997656,116.44262480296828,116.81945921258094,8925344
2022-11-29,117.447509765625,118.15931796629161,116.8194482160762,117.2800292413343,13558920
2022-11-30,118.15931701660156,118.74550523588005,116.9031939275999,116.9031939275999,17720938
2022-12-01,117.28002166748047,118.91297903526322,117.07066783115079,118.45239803974908,27727625
2022-12-02,117.99182891845703,121.25775676063645,117.69874118486676,118.78738379892657,24518337
2022-12-05,120.37843322753906,120.54591370948468,117.74058049755575,118.49424905528193,18440387
2022-12-06,119.28984069824219,119.87602901859299,118.20119794447812,119.62481457983338,10977472
2022-12-07,117.78244018554688,118.70360199652015,117.32187205800184,117.90806012955683,9731670
2022-12-08,119.4572982788086,119.75039877159523,117.53125313630645,118.28492186355123,10150945
2022-12-09,117.8243408203125,119.70852541587595,117.48937978116794,119.33169105235218,9438307
2022-12-12,119.2060775756836,119.33168476425789,116.5682116141284,117.23814643506039,8946335
2022-12-13,120.88090515136719,121.13211952209896,119.37355503725861,119.79226269240301,12593054
2022-12-14,123.60250091552734,124.43991619875464,120.67154742423179,120.88090124503861,17692988
2022-12-15,123.47691345214844,124.64930282397457,122.80697849366874,123.64439399728174,11426194
2022-12-16,123.26753997802734,126.03101325617693,123.10005945952166,124.23057532083793,20540447
2022-12-19,122.09518432617188,123.560661473624,121.42524936031872,123.1419537172091,10635055
2022-12-20,122.13703918457031,122.43012690296418,119.83414687259342,121.84393868823173,6714207
2022-12-21,120.16909790039062,122.93257100003015,119.49916309169868,122.68134384952772,10011408
2022-12-22,119.12232971191406,121.5508290377457,118.53614154132819,121.42522185045722,9123323
2022-12-23,117.07066345214844,120.16909755834276,116.65195579515073,117.74059825893349,8007752
2022-12-26,118.32682037353516,119.62481703823867,116.81946982026487,117.656885374532,7150680
2022-12-27,121.25774383544922,121.76018537288111,118.9967249721456,118.9967249721456,8765357
2022-12-28,120.50406646728516,121.1321279939276,119.49917058024614,120.12723210688858,9534858
2022-12-29,121.13211059570312,122.26262629246115,119.3316729224364,119.54102673458102,36752195
2022-12-30,122.89070892333984,124.56553970934787,121.04839761431997,121.80206635684564,9644998
2023-01-02,125.98912811279297,126.28222857614,123.30940173425851,123.35127505444285,9631496
2023-01-03,125.23545837402344,126.11474697848774,123.93746212723738,125.36106555554268,14991139
2023-01-04,122.47200012207031,124.64928523541835,121.42523089025775,124.6074119105569,13535874
2023-01-05,122.68135833740234,123.10006604503853,120.7134270003342,122.13704342865337,16320559
2023-01-06,123.39315032958984,124.02121180847554,122.51386170356115,122.84882271445612,16804116
2023-01-09,124.06306457519531,125.77976839880317,123.7699769035186,125.02609978255714,18660445
2023-01-10,125.06798553466797,125.8635275482276,124.4399240327087,124.4399240327087,18490715
2023-01-11,122.93257141113281,125.61229787691833,122.47199042999537,125.1935902173286,12538238
2023-01-12,122.38825988769531,124.14683740049944,122.0532988271352,123.68625635877022,13270422
2023-01-13,123.05818176269531,123.51876275567817,122.17889309935421,122.59760076971244,8854484
2023-01-16,123.60250091552734,123.76998141658417,122.2626313511864,123.68623477708418,9696320
2023-01-17,123.8118667602539,124.77488931831144,122.80695810043547,124.18870111871361,18484595
2023-01-18,124.98424530029297,125.40295298974118,124.10495659686278,124.14682992139653,12139643
2023-01-19,127.07779693603516,127.37089746024559,123.97936226814276,123.97936226814276,18437610
2023-01-20,126.9521484375,127.70581700042415,126.07285992879397,127.28710940370145,17512691
2023-01-23,127.58024597167969,128.20830754467198,126.7428305410233,127.7477265022219,16742252
2023-01-24,127.4127426147461,128.29203130317902,126.95217438656427,127.58023591002429,8276792
2023-01-25,127.66398620605469,128.45952834920973,126.5753435363944,126.65909019480905,9827342
2023-01-27,123.64435577392578,129.0875548647024,122.76507998930823,127.66395150424165,13052535
2023-01-30,121.34147644042969,124.64927722268024,119.95974625443574,123.5187614138169,12688399
2023-01-31,121.34147644042969,123.85372243528698,120.79716158605484,121.55083027333447,19050398
2023-02-01,120.79718017578125,122.26265723163995,119.20609591202731,122.09517669513099,11526089
2023-02-02,120.12723541259766,121.42523182563303,117.78246975968612,119.75040104183121,11886667
2023-02-03,120.83903503417969,121.71832368888504,117.3218931933022,120.16910021259733,9250428
2023-02-06,120.16909790039062,120.75528606626722,118.57801391044794,118.66174777531964,6436143
2023-02-07,121.13211059570312,121.3833377258652,119.08044579227432,120.50404915926924,8681511
2023-02-08,120.50406646728516,122.17889720499834,119.87600494064272,121.76018952057004,10325869
2023-02-09,122.43013000488281,122.59761053077187,119.9178837827117,121.13213356783872,8078404
2023-02-10,122.84883117675781,123.10005834120629,121.2577470984914,122.38825017159299,6396208
2023-02-13,124.06306457519531,124.60739215621096,122.76508115587632,123.4768764538992,6563018
2023-02-14,124.3143081665039,124.94236968918204,123.10005844491505,124.48178868362919,6991500
2023-02-15,123.51879119873047,125.10987560129804,121.84396013162905,124.77491449905655,12631259
2023-02-16,130.5530548095703,131.0136358318457,124.27243935475562,125.61230909629403,30949761
2023-02-17,131.13926696777344,132.9815784357124,129.2969427218885,130.21810484483098,19874561
2023-02-20,129.6737823486328,132.14415527157456,129.29693518887365,131.6417009105258,8348393
2023-02-21,129.04571533203125,130.55305279557777,128.50138766757752,129.71563741452096,7599927
2023-02-22,128.6270294189453,129.3806982783199,127.03593225878687,129.17134439761065,9599697
2023-02-23,129.5062713623047,130.80426763618564,128.33389505050843,128.71072938087553,18675946
2023-02-24,133.24574279785156,133.54662552847557,128.7325805417953,130.45188044886436,14648507
2023-02-27,133.46066284179688,134.14838546700176,131.52645033684328,132.38610033904487,11904749
2023-02-28,130.7097930908203,133.63259802209183,129.97908529939303,132.51505033052842,17607584
2023-03-01,133.07382202148438,133.33171964376137,130.5378571563994,130.66679940892894,7707977
2023-03-02,132.4291229248047,133.2887731701884,131.22560471093442,132.815962911783,8219892
2023-03-03,132.60104370117188,133.8475338710288,131.91332091590635,132.38613115060272,8260104
2023-03-06,135.99664306640625,137.2861182151722,131.99927535211958,132.98786771928567,14491522
2023-03-08,136.0396270751953,136.55542237734448,134.4492691579182,134.57822454206521,7339476
2023-03-09,134.36331176757812,136.81330665515296,134.14839924495476,136.72734951643525,5314022
2023-03-10,133.9334716796875,134.7071514273486,132.55802644249232,133.76154430434258,4689681
2023-03-13,133.9334716796875,135.82469904291744,133.41767643643482,134.27732643037734,8785721
2023-03-14,131.7843780517578,134.8361388798368,131.56946550213564,133.93350354797948,7177342
2023-03-15,131.13961791992188,132.77294777013896,130.4948803815911,132.38610787058425,9832270
2023-03-16,130.8387451171875,131.87032263361712,127.22821725107396,129.9790950006262,18551936
2023-03-17,131.65541076660156,133.15979847814975,130.6238332449839,131.95629355579914,16593429
2023-03-20,130.92469787597656,132.5150425087133,130.3229454982595,131.52645025369364,8749355
2023-03-21,130.27996826171875,132.17119575641556,129.76417298261106,131.65540047730786,6148489
2023-03-22,130.27996826171875,131.35453082884408,129.67821584757232,131.01066293703266,4329409
2023-03-23,131.3545379638672,131.65540762867386,129.2054127128786,129.89313541663884,4484564
2023-03-24,128.43173217773438,131.69840549872583,127.9159499379278,131.2685804069433,8301726
2023-03-27,129.16241455078125,131.05364195736567,128.3027645371321,128.5606621646705,7437261
2023-03-28,126.54048919677734,129.16242456513746,126.06767902916826,129.16242456513746,8964539
2023-03-29,128.3887481689453,129.67822332383707,125.93874012776311,126.58347770520899,24012834
2023-03-31,129.8501434326172,131.52645841644178,128.99049337760778,129.033478503802,7998472
2023-04-03,132.08522033691406,135.69576091498396,131.61242331965005,132.81592810086116,20016785
2023-04-05,131.44049072265625,135.26594403568905,131.13962106787758,134.75014874575544,15880397
2023-04-06,129.4633026123047,131.9132973813588,129.29136210874825,131.698384869132,10670936
2023-04-10,135.09400939941406,135.3948921844897,128.94751636618065,129.54926881911223,17431401
2023-04-11,136.72735595703125,136.94226848977817,134.44927523958194,135.0510408250493,13305621
2023-04-12,135.52381896972656,136.72733685530176,134.62119695206792,136.68435173131368,7333339
2023-04-13,136.46945190429688,137.9738395630844,135.82471433624508,135.9536566029677,11610851
2023-04-17,137.67294311523438,137.93084074029295,135.8247008505477,136.77032110335648,9358885
2023-04-18,137.62997436523438,138.0168142533663,137.02820885345315,137.67294637274583,8008560
2023-04-19,137.62997436523438,137.9308440039066,135.86768918905733,136.08260169548822,11374283
2023-04-20,136.81329345703125,137.6299714579922,136.25452619900148,137.20014645420986,5733670
2023-04-21,137.2001495361328,137.41506204285156,136.42645664161427,136.59838402354558,3512214
2023-04-24,137.75892639160156,138.1887514349451,136.94226143269273,137.2001590821427,7028440
2023-04-25,138.102783203125,139.09138868763358,137.54401588547805,137.715943281891,10169778
2023-04-26,138.53260803222656,138.91946107006422,137.32910314203238,137.5440156665113,9177783
2023-04-27,137.58702087402344,138.3177156935562,137.20018089695063,137.71596316064057,6456825
2023-04-28,136.641357421875,137.3720651288973,133.11680048449347,137.3720651288973,12656744
2023-05-02,141.19754028320312,141.6703504996808,136.98525970124695,137.1142019797315,16612560
2023-05-03,138.53260803222656,140.4238487414167,138.27472349662744,140.036995703579,8029435
2023-05-04,138.40365600585938,138.57558338987636,136.8562833152694,138.2317286218424,9929482
2023-05-05,137.8019256591797,139.22034320086885,137.28613030735417,138.44666329035124,5488707
2023-05-08,141.84225463867188,142.14313739539887,137.54400449810606,137.80190212998372,9699470
2023-05-09,142.05718994140625,143.13175264898118,141.32648205336707,141.84227739989126,7600834
2023-05-10,143.51858520507812,144.12033766686903,141.84227009108204,142.05718262152308,10901429
2023-05-11,143.6045379638672,144.9799701207417,142.78787307115758,142.78787307115758,7877677
2023-05-12,142.27207946777344,145.28085456225807,141.84225445427563,144.55014679242444,16373574
2023-05-15,142.35804748535156,143.21769749886886,141.32645697535622,142.27207723711254,8559162
2023-05-16,144.42120361328125,144.85102862403505,143.34664108639672,144.6791012431772,12249266
2023-05-17,143.7764892578125,144.4212268778027,142.78789682071573,144.4212268778027,7360259
2023-05-18,143.0028076171875,144.80806506081763,142.70192481797233,143.9914000422311,7433090
2023-05-19,141.7563018798828,143.34665987500932,140.98262200600615,142.87384967776467,5969632
2023-05-22,142.35804748535156,143.04575700239081,141.06857246507562,141.06857246507562,7331865
2023-05-23,141.84225463867188,143.60453981974754,141.36944449976596,142.35804990242715,10119254
2023-05-24,142.9168243408203,143.08875173162107,141.5413789799759,141.8422617517916,6107980
2023-05-25,142.70191955566406,143.90542447370342,142.05718196731016,142.91683208511537,8077606
2023-05-26,140.76768493652344,143.90540213249622,139.52119508266648,142.7448825239609,14873707
2023-05-29,136.6843719482422,137.75893462079125,134.53524660314403,137.54402208628144,43253971
2023-05-30,136.55540466308594,139.00539923742744,135.17995944726013,137.28609927625402,16117505
2023-05-31,133.1597900390625,137.02821533787963,128.99049508733543,136.68436055820573,83741017
2023-06-01,132.08522033691406,134.10540313096658,131.6983804513261,132.98785548143155,13982606
2023-06-02,132.9878692626953,133.2457669188855,131.87032149735106,133.2457669188855,9851058
2023-06-05,133.58961486816406,134.10541015410593,132.77294992977195,133.67558512156072,11850547
2023-06-06,132.08522033691406,134.01943288207224,131.6983804513261,133.67557812093145,8118800
2023-06-07,132.25717163085938,132.81593894262994,131.13962389009887,132.04225910829848,12180164
2023-06-08,134.19137573242188,134.66417275797465,132.55803279532253,132.8159304293086,13850599
2023-06-09,132.60104370117188,134.87911149031655,132.2142037335916,134.70718407330543,11764248
2023-06-12,133.2887420654297,133.46066945094046,131.18260207918064,133.11681467991892,11017643
2023-06-13,133.80455017089844,134.27736041065995,132.60104512170662,133.41771019917402,10073644
2023-06-14,135.6957550048828,136.1685520015546,133.9764550396247,134.19136753528198,9695952
2023-06-15,135.52381896972656,135.73873147244876,134.2773290773815,135.39487671498054,7426254
2023-06-16,134.96507263183594,136.38349012279835,134.40630528502535,136.03963531202572,11466647
2023-06-19,135.65281677246094,136.2115842074279,134.53526878530468,135.7387739301054,4718221
2023-06-20,135.17999267578125,135.65280290476872,134.57824016489764,135.4378903567945,6059738
2023-06-21,137.7159423828125,138.01682516248547,134.6212099159249,134.96506470650596,8284206
2023-06-22,136.641357421875,138.36065732807592,135.3948676133228,137.71591986325058,10629027
2023-06-23,134.8790740966797,136.68434426785916,133.58959915075647,136.68434426785916,8722650
2023-06-26,134.8790740966797,136.03960679489754,133.97645212830741,134.96504433996154,4273205
2023-06-27,135.6957550048828,136.55540498751188,135.2659300135683,136.55540498751188,9730174
2023-06-28,136.2975311279297,137.67296346956346,134.57823086297245,135.69577865863866,40243993
2023-06-30,137.8019256591797,138.40367815816234,136.6413926761826,138.40367815816234,7840112
2023-07-03,140.03697204589844,140.33785477622595,137.54399242999176,137.80189003924144,9548822
2023-07-04,138.57559204101562,140.03699457222174,137.54401455529478,139.69313978272126,5394282
2023-07-05,139.9510498046875,141.32648220149267,138.7045596860382,139.2633270476746,8795342
2023-07-06,142.1861114501953,142.5299793367226,139.73611670512938,139.9510292152519,9845699
2023-07-07,140.55279541015625,142.70192072223816,139.9510429462173,142.27209565982176,7597171
2023-07-10,139.9080352783203,142.18610249525838,139.69312278173302,140.89662751573468,5437687
2023-07-11,141.4984130859375,141.9282381401266,140.03699740791885,140.33788019273908,6343183
2023-07-12,144.12030029296875,145.28083290328394,142.05714578264894,142.65889808839086,15614026
2023-07-13,144.24929809570312,145.53877332340508,143.73350275773421,144.97999285440204,11350009
2023-07-14,145.4957733154297,145.92559834738074,144.5931381248887,145.28086079945416,9448062
2023-07-17,143.04574584960938,144.7650457425961,142.83083336298603,144.2492636450304,4968847
2023-07-18,143.47560119628906,144.55016385688805,142.74490645741372,143.04577613204947,4322257
2023-07-19,143.34664916992188,144.3782266304595,142.78788187131957,143.7334890779711,5968174
2023-07-20,143.7334747314453,144.50716758753794,142.70189737387292,143.56154735805288,5217131
2023-07-21,146.6133270263672,147.00016694752202,143.1317415015346,143.86244933266448,7842863
2023-07-24,147.00015258789062,148.07471510680796,146.35541507654023,147.55891985084034,8451631
2023-07-25,148.71945190429688,149.02033465503678,147.25804950902776,147.8598018932894,10480578
2023-07-26,148.67649841308594,149.83703142175125,147.85983335231677,149.45019145793646,9103949
2023-07-27,147.00015258789062,149.27821988110807,146.7422549599068,149.10629250152493,7731146
2023-07-28,147.68788146972656,150.39577388503807,145.19488845006921,146.74226116619812,9004252
2023-07-31,152.2010498046875,152.5878897185583,147.3440189658497,148.54753695227132,9277749
2023-08-01,151.900146484375,152.1580440978148,149.83699181129163,150.69664177794596,5584773
2023-08-02,151.25543212890625,153.5764847702043,149.57911706114763,152.15806735530535,8975495
2023-08-03,147.94580078125,151.126503814268,147.43000542790838,150.65369359324166,6152393
2023-08-04,149.02032470703125,149.9659317856836,147.9457622650054,149.02032470703125,4605271
2023-08-07,148.67649841308594,150.0089588370888,147.94580361859602,149.83703142175125,2240015
2023-08-08,149.02032470703125,149.4071645627171,148.37558724181577,148.6334717341281,3631238
2023-08-09,152.07208251953125,152.37296527189196,148.97735033356426,149.02033545778983,4852294
2023-08-10,153.57650756835938,154.52212806348066,152.07211967344372,153.1037104380202,10430692
2023-08-11,152.32998657226562,154.47911170200192,151.90016154631837,153.79138903704253,4112277
2023-08-14,153.01771545410156,155.12385554336862,152.45894814455576,154.73701562774315,12876956
2023-08-16,153.9203338623047,154.26418861260012,151.12647138519608,151.55629638167431,8371665
2023-08-17,152.80279541015625,153.96332821712087,152.24402812811772,153.61946032898902,5199363
2023-08-18,151.1217498779297,153.1476182320069,150.1303557370565,153.1476182320069,6734650
2023-08-21,151.768310546875,151.98382930279098,150.25967925546317,151.12175427912706,3599820
2023-08-22,151.85452270507812,153.36315412115442,151.38039192626033,151.76832308812126,5348036
2023-08-23,151.29415893554688,152.75968377017534,150.863121445702,152.58727140508145,6379611
2023-08-24,149.22518920898438,152.32865134655168,148.9665640756319,151.29416396736258,7976333
2023-08-25,150.60450744628906,151.07865135098805,149.00967650858314,149.2251952694262,4757915
2023-08-28,151.03555297851562,151.5528032936611,150.47520943229296,150.94935336213933,4354221
2023-08-29,151.46658325195312,151.81142116357026,150.82002696617,151.38038363971484,4596468
2023-08-30,151.50970458984375,152.5010857308763,150.8631482402427,151.46659820235917,5937955
2023-08-31,150.13035583496094,151.72519984502011,149.1820812284619,151.55278747604032,15823452
2023-09-01,156.68214416503906,159.26836937821716,150.34588713106407,150.34588713106407,22460960
2023-09-04,157.7166290283203,159.00974161366466,156.72524797457822,158.49250447205978,10998180
2023-09-05,157.84593200683594,160.3459441540006,157.24246900546092,158.19075673257584,13506519
2023-09-06,157.80282592773438,160.99250068666635,157.1993760794316,159.3976567300903,11954407
2023-09-07,156.68214416503906,159.65630052934952,156.03558786174455,159.48388814598198,11137801
2023-09-08,159.00975036621094,159.44078791838513,156.89766899140187,157.32870654357606,9737214
2023-09-11,158.1045379638672,160.3028316809988,157.15626342701992,159.87179421309926,10845871
2023-09-12,155.94937133789062,159.39767153909747,155.3459214335237,159.35457830995946,15524470
2023-09-13,158.53558349609375,159.22524611065845,155.94935855714135,156.81143353679215,10578786
2023-09-14,161.98387145996094,162.8459463759889,158.79419690150146,159.26834073616067,17746404
2023-09-15,160.90631103515625,165.25979289074786,160.00114270982405,165.25979289074786,19924829
2023-09-18,160.99249267578125,161.6390488712663,159.5700743074019,160.1735241256774,5022956
2023-09-20,162.2425079345703,163.36320803478228,160.51835798169662,160.73387672580583,12687099
2023-09-21,160.9494171142578,162.45804852590177,160.3890735659074,162.414942140439,7814108
2023-09-22,159.57008361816406,161.8114706674301,159.4838708587145,160.86319608458606,7814821
2023-09-25,159.9149169921875,160.9494043904033,159.69939823613333,160.3459545042958,5540062
2023-09-26,161.85458374023438,162.1994084838515,159.69939620707547,160.34595246702315,12446655
2023-09-27,161.42355346679688,163.19080995401995,160.60458479834364,163.19080995401995,5630907
2023-09-28,161.595947265625,163.36320354964454,160.77697869133883,162.84595331629546,14890642
2023-09-29,165.38909912109375,165.73392387005828,162.19941099917747,162.5011425201872,10085766
2023-10-03,159.13905334472656,163.19080329237795,158.32007155548376,163.19080329237795,22118500
2023-10-04,157.54421997070312,159.13906412128813,156.9838764335904,159.00974496749322,9360058
2023-10-05,157.070068359375,158.62180604939812,156.03558095076662,156.25109970898592,11128340
2023-10-06,156.42352294921875,158.19077952020714,155.69076701291175,158.19077952020714,5759904
2023-10-09,156.6390380859375,159.22526330415624,156.25110693404903,157.67352554238064,14622727
2023-10-10,158.19076538085938,159.05284039655888,156.94075923893925,157.15627799286415,11819690
2023-10-11,157.97523498535156,159.22524103515568,157.544197509266,158.96661591866038,8499601
2023-10-12,159.00975036621094,159.35458830048358,157.75974409575025,157.9321564857755,8677885
2023-10-13,159.39767456054688,160.56148116220317,158.66491864643353,159.05284979557842,7435899
2023-10-16,160.82009887695312,162.2425174094544,160.56147373807445,162.02699865275898,12376549
2023-10-17,160.5614776611328,161.2511403302531,159.95802775848557,161.2080339470166,4381065
2023-10-18,161.1649169921875,162.11320474430272,160.3890547617081,162.07009836389375,10181113
2023-10-19,160.6045684814453,160.90628682642114,159.52697477606017,160.34594336130888,9148124
2023-10-20,160.5183563232422,161.46664404921322,159.61317497649168,161.20801892811022,7912216
2023-10-23,159.3545684814453,160.30284308575764,158.79421184077754,160.30284308575764,4723090
2023-10-25,158.9235382080078,160.21665076249374,157.75973164728202,159.3545757261698,6812004
2023-10-26,155.94937133789062,158.75111525137117,155.0872962875889,158.19077173036362,8474867
2023-10-27,159.26837158203125,160.173553050013,155.43214009357905,156.03559002082628,6422123
2023-10-30,162.75975036621094,163.10457507853872,159.13903826989096,159.48386298221874,7352638
2023-10-31,160.47525024414062,163.62183177404188,158.79420668515726,163.10458153086847,9404675
2023-11-01,160.9494171142578,162.75978006991937,159.52699847353944,160.47527318261103,9167869
2023-11-02,160.5183563232422,161.76836239531667,160.1304252186977,161.20801892811022,11471209
2023-11-03,163.79425048828125,164.35459397826344,160.1735381083318,160.90629396798383,7464912
2023-11-06,166.63909912109375,167.4149613547042,163.4063178906828,163.96666137559916,8962124
2023-11-07,166.55288696289062,170.69084958364118,165.82013110721036,166.72529933162593,13921916
2023-11-08,168.4063720703125,169.44085953504197,165.77704044655133,166.9839402963654,10186886
2023-11-09,166.12184143066406,169.57014125550074,165.69080395255946,169.39772889510292,5303833
2023-11-10,168.8804931640625,169.39774344390023,166.12185569811038,166.12185569811038,6025889
2023-11-13,168.79428100585938,170.08739345510617,167.32875619422367,168.8804806099438,11181086
2023-11-15,171.98394775390625,175.00120999520286,170.3891038789617,171.1218728278215,19769385
2023-11-16,173.96673583984375,175.34604793311127,173.27707321609975,174.57018570278706,18629240
2023-11-17,169.2684326171875,173.49259488308743,168.57876998183917,173.14777014252363,13199928
2023-11-20,170.56153869628906,171.1218821671382,169.82876970743692,170.6908446805711,6423265
2023-11-21,169.76243591308594,172.20410278658156,169.58486285005932,171.36062057623795,10720353
2023-11-22,169.58486938476562,170.33957186665543,168.4750207631376,169.76244245463477,7538825
2023-11-23,169.27410888671875,170.25078110756164,168.3418468689543,169.58487192461158,6541617
2023-11-24,167.67593383789062,170.33957050856114,167.05440777636883,169.45169161833763,5751331
2023-11-28,172.2041015625,172.648040990889,167.27637119779092,167.67592752170597,9277764
2023-11-29,170.47276306152344,173.58033947149914,170.20639665964822,173.58033947149914,8791333
2023-11-30,173.0919952392578,173.7135077826245,170.51715175332836,171.04987098423237,14965403
2023-12-01,172.7368621826172,176.02201177346342,172.47049577299,173.35837477310835,9935740
2023-12-04,179.39593505859375,182.8142607063287,174.06866164065752,174.46820443741134,28615290
2023-12-05,179.39593505859375,181.0828995550908,176.82107811115043,179.5291114748594,14557746
2023-12-06,179.30714416503906,180.90532892154474,176.77669738619906,180.90532892154474,12662213
2023-12-07,176.59909057617188,178.37484820307338,174.06864408661056,178.37484820307338,16425880
2023-12-08,173.97987365722656,177.84215242264912,172.3373057651864,177.44260961366408,10414387
2023-12-11,175.62245178222656,178.3304851777206,172.47047893002718,174.95654259716855,10108266
2023-12-12,173.4915313720703,175.62244885754353,172.73684243701348,174.86774637452987,10719911
2023-12-13,171.49378967285156,173.49151702960577,170.51713109387848,173.49151702960577,10892122
2023-12-14,173.97987365722656,174.290636701969,171.58260325535892,173.9354770011266,15257294
2023-12-15,178.508056640625,179.30714223630386,174.7789679475288,175.13411409050676,22863981
2023-12-18,176.68789672851562,179.04077033611978,175.2229019989442,178.50805113807405,8061011
2023-12-19,177.84213256835938,180.727738769263,176.95425373731211,179.35152387154858,16739742
2023-12-20,180.4169921875,188.2303293217686,178.41926463573594,179.12957047484346,57762576
2023-12-21,179.9286651611328,183.5689743028883,178.64124338347315,181.08291051446682,22823936
2023-12-22,181.0828857421875,181.57122181117302,179.17395166555556,181.1272823935418,9910694
2023-12-26,184.1016845703125,185.12273982643174,180.81652199402058,181.57122443407815,17052969
2023-12-27,182.5034942626953,186.36575900308273,181.57121879158262,186.0106128940663,20361303
2023-12-28,184.9451904296875,185.47790967792702,182.32595020229257,183.34700558905334,22010872
2023-12-29,182.05958557128906,184.67882582410667,181.3492796854509,184.67882582410667,12171663
2024-01-01,182.32594299316406,183.87973111468568,181.79321021803088,182.90305887626062,4820168
2024-01-02,183.83531188964844,187.12046080510544,180.81651578110115,182.32592060935258,21141219
2024-01-03,184.90077209472656,186.8541028718503,181.57122637873508,182.45910523633282,11650902
2024-01-04,190.5832061767578,191.24911537171218,185.833062048191,186.89851405052653,31054419
2024-01-05,192.18138122558594,193.1136567609196,189.1625984471266,191.29350234392652,20743811
2024-01-08,193.51319885253906,196.04365907535586,192.75850993461506,193.5575955060538,19310595
2024-01-09,192.35897827148438,196.62080014431262,191.73746568643736,196.22125730735084,11951525
2024-01-10,188.3191375732422,190.89398120284145,186.1882198868542,190.89398120284145,16500666
2024-01-11,188.09715270996094,190.00608694938174,187.2092737989825,190.00608694938174,12586419
2024-01-12,198.3521270751953,199.5507689261924,188.54107674944692,189.8284983555086,39228118
2024-01-15,207.31973266601562,209.05109389089407,199.46199862116137,202.88033796224656,57884916
2024-01-16,208.7403564453125,212.158682435851,205.18884047719462,208.60716646773312,34505065
2024-01-17,206.03228759765625,210.64925485754551,204.83364574408952,206.1654640045166,26010955
2024-01-18,207.36412048339844,208.2076027315682,199.46199011875666,204.25654432322577,19232183
2024-01-19,214.91111755371094,215.35505705968927,208.65156780982448,209.53944682178118,26391844
2024-01-23,204.1233673095703,218.1074609175645,202.43640270620173,217.53034501324308,20282617
2024-01-24,208.07443237304688,208.65154825755508,202.52518906832466,205.10003254253286,14458601
2024-01-25,207.8080596923828,210.87123919424468,206.6982110650447,208.6515419395684,18291957
2024-01-29,224.18943786621094,226.364738613143,212.29186519665257,213.97882980497755,54127939
2024-01-30,221.25942993164062,233.77851490174803,220.7710938032984,227.74094892646886,51491099
2024-01-31,223.96746826171875,225.83201950191122,218.68459114511714,222.36928341983344,33293192
2024-02-01,219.88319396972656,226.09834598152693,217.92986318989483,226.09834598152693,29758133
2024-02-02,228.40684509277344,230.84851204711794,221.0818442297399,221.9697231222288,30482663
2024-02-05,233.46775817871094,237.9959187093806,226.49790367558958,230.89288779581236,34001868
2024-02-06,241.7694091796875,242.74608137088578,231.02609636424606,235.5986671958639,36708949
2024-02-07,241.4142608642578,244.7438066478654,237.55198233609042,244.16669079788934,23756939
2024-02-08,242.52410888671875,244.74380607055457,238.9282102872699,242.43531558018276,25252940
2024-02-09,237.552001953125,244.74382685880056,230.0938242011306,244.1667109611663,26743792
2024-02-12,228.98397827148438,236.70853605870212,228.00730599669936,232.57990431556803,30906374
2024-02-13,230.40457153320312,232.97941489030674,226.14275015941382,229.07275320064124,20711842
2024-02-14,238.70623779296875,239.41653004517107,227.29698898154837,229.0727467079667,36168962
2024-02-15,246.2088165283203,248.4729240580835,238.8394322453609,241.1923059914204,32831246
2024-02-16,247.4700469970703,250.4429195777976,243.55124041884838,247.87542371672208,27044984
2024-02-19,247.42498779296875,251.38882708049883,245.3980217092047,247.47004797921127,15322964
2024-02-20,249.1816864013672,253.28065099406237,246.88444182813808,247.56009714511984,18968785
2024-02-21,245.8935089111328,253.2356247095773,244.67732381130173,248.64116293937428,16340579
2024-02-22,247.4700469970703,248.64117195493574,241.8846183692038,246.70429875885662,16791453
2024-02-23,245.21786499023438,248.64117451188133,244.2268982889722,247.65020781061915,9464646
2024-02-26,243.10081481933594,244.94759522166518,241.2540069245185,244.94759522166518,8661999
2024-02-27,242.650390625,243.41613893900757,238.68655096085968,241.47923805872674,19582774
2024-02-28,239.4072265625,243.50619159884195,238.3712271294948,243.23594043979304,9118196
2024-02-29,238.37123107910156,239.94776034881454,235.57851658854082,238.7315751279668,17179832
2024-03-01,243.73141479492188,245.8935340792496,240.08288661447415,240.08288661447415,12930057
2024-03-04,251.52398681640625,252.74014450492393,245.48812109881638,245.71333955854007,22280353
2024-03-05,255.62295532226562,256.7040149408881,249.22674547914036,252.2446783796806,18544484
2024-03-06,252.46987915039062,256.11840699571223,246.43401377228065,256.11840699571223,16807149
2024-03-07,250.53298950195312,256.1634503074965,249.76724133390235,252.46986252056314,11386963
2024-03-11,246.83941650390625,252.69509609250258,246.1187284746119,250.53300451213346,10684598
2024-03-12,243.59625244140625,248.28080686032132,242.3800674006798,246.83940338584864,13780189
2024-03-13,230.03814697265625,244.13681746425286,227.695869424686,243.95663169422107,20079496
2024-03-14,237.15504455566406,238.146011303967,226.29951175173048,227.47065052347645,21404057
2024-03-15,233.10110473632812,239.99278407351335,224.22749196574236,237.785659673918,34961065
2024-03-18,235.66860961914062,236.97486023364334,232.02005395434847,233.2812993648872,9246173
2024-03-19,233.55154418945312,237.78566225564958,231.20926669522717,236.02894726185812,8758348
2024-03-20,237.69557189941406,238.3712272899795,231.70476626823162,233.7317324399279,10484778
2024-03-21,236.88478088378906,240.48827614732653,236.34425109576102,238.46131006158672,12163200
2024-03-22,237.15504455566406,238.95679228258268,232.83086100805477,236.88479339362166,13025089
2024-03-26,239.1820068359375,241.3440985743749,233.59657797686012,235.7136370198566,10830926
2024-03-27,235.80372619628906,241.61437342620127,233.91188564521386,238.73156615861166,28563001
2024-03-28,241.47923278808594,244.1368217338448,235.98392410836334,236.43436104883168,18888942
2024-04-01,243.14581298828125,244.5872164474259,241.25397266643412,241.47919109778533,6440401
2024-04-02,245.48809814453125,246.88444146725834,242.7404441898159,243.3260066318471,14439120
2024-04-03,248.0555877685547,251.34377139402986,246.70427716966205,247.78530915328545,22600929
2024-04-04,242.33505249023438,251.02847917214882,239.04686861479357,251.02847917214882,24624383
2024-04-05,241.38914489746094,244.94757990003527,240.0828668948471,241.29905201926576,13029904
2024-04-08,243.59625244140625,245.03765591587893,240.17294324545767,241.02875679820252,13011300
2024-04-09,242.29005432128906,245.62327136474207,241.4342130913199,243.23596095021034,13173933
2024-04-10,245.03768920898438,246.11874883484285,242.47019321693668,243.19090879833846,11137195
2024-04-12,239.36219787597656,245.48812918525533,238.73157517098227,244.94759936561576,21894584
2024-04-15,252.10958862304688,254.9023034575685,240.62344538617714,242.4251933449018,75063828
2024-04-16,255.08241271972656,263.55062099926664,247.96551514944775,249.5420443102526,79082544
2024-04-18,246.9745635986328,259.1814209158152,246.25387550652476,257.649924354475,34136482
2024-04-19,247.96551513671875,252.96535376373419,246.92951575816895,249.31682584591067,32658724
2024-04-22,249.36184692382812,250.44290643782008,246.6141929401196,249.8122838059105,14184019
2024-04-23,249.36184692382812,251.1185617609437,248.23575471862208,249.40690710752764,8799147
2024-04-24,251.65911865234375,252.60502520971224,248.91143687988907,250.0825893950707,9253985
2024-04-25,254.00137329101562,254.5869357495715,250.44291086269874,251.65909596430615,17050557
2024-04-26,254.85716247558594,257.78500198041365,254.22656738542074,254.9472553434619,11070290
2024-04-29,255.12745666503906,256.97423685314214,254.18152273327883,255.80311197665995,8952420
2024-04-30,254.81219482421875,257.96525355725754,253.5509768295013,256.29863129986757,10658906
2024-05-02,254.76710510253906,256.38869447278086,251.38882828014425,253.14554322478443,15677336
2024-05-03,257.7400207519531,263.9110122850058,255.84818011877428,255.84818011877428,28913016
2024-05-06,254.1815643310547,260.12733754486374,247.96553994536362,260.0823048470466,15491865
2024-05-07,246.47906494140625,256.74902025303044,245.03766143447115,255.75805362373222,13179001
2024-05-08,249.4069366455078,252.46990230792693,245.35300422664724,246.3890036796361,12797721
2024-05-09,238.95680236816406,250.93841426088198,237.11002186712136,249.76728918595094,14869187
2024-05-10,243.46116638183594,244.31700756592775,238.23610886813907,240.53332626808583,9530738
2024-05-13,240.44322204589844,244.9475912393116,236.0739784297901,244.9475912393116,7163239
2024-05-14,245.84844970703125,247.42497882615794,240.03783030631305,241.38914097985023,9123849
2024-05-15,246.34397888183594,248.64119632918582,245.48813768008384,247.2898854795707,6368662
2024-05-16,250.12757873535156,251.6590750310936,246.65920947204188,248.64114262035702,23757779
2024-05-17,249.94744873046875,255.30763138622618,249.18170049607863,251.16360637583847,11529157
2024-05-21,252.33477783203125,255.84818044528208,250.75824855111844,253.23565170683858,17559555
2024-05-22,250.44293212890625,255.84817526837907,249.4519653881719,255.84817526837907,17935064
2024-05-23,255.35267639160156,256.34361552632777,251.43387006591618,252.19961825478333,17719819
2024-05-24,255.17254638671875,257.6049170491844,253.9113283549737,255.8482018493491,11041667
2024-05-27,250.12757873535156,256.02831799954953,248.37089150580664,255.84813226152679,13719808
2024-05-28,247.10971069335938,251.614080392418,245.98361826859474,251.614080392418,6927361
2024-05-29,244.9025421142578,246.65922948634298,243.46113857056946,246.65922948634298,8327205
2024-05-30,240.26304626464844,247.83038045962073,238.73154985349962,245.9385400377562,15390964
2024-05-31,238.14601135253906,241.8395996919733,236.92982613812322,241.8395996919733,24167379
2024-06-03,255.9382781982422,258.14540273799804,246.11875827460977,250.39790926131792,30195397
2024-06-04,212.87648010253906,256.74903108627916,200.89485590259739,256.74903108627916,72779900
2024-06-05,222.96627807617188,224.99324424050073,207.60637617056457,222.51584115076548,37078551
2024-06-06,227.29049682617188,233.7767864168112,224.5428285718312,228.82197976828536,30881233
2024-06-07,234.5875244140625,234.94786842387958,226.8400182330524,228.37150089413927,22010688
2024-06-10,233.46145629882812,237.83070003663522,232.47048955017777,237.83070003663522,14138524
2024-06-11,246.4340057373047,247.74028368463598,238.95676453581706,240.39816804847928,47270206
2024-06-12,248.1907196044922,251.43387062232196,247.37993872315602,250.4429039929177,20560662
2024-06-13,249.13665771484375,250.44293582314702,245.48812953887614,250.44293582314702,16013386
2024-06-14,248.10064697265625,250.62311018898833,247.3799589065542,249.5420505973478,10642648
2024-06-18,248.46099853515625,251.34380587190097,246.83943659104253,251.29877317608768,17044769
2024-06-19,244.6322784423828,249.1817077961661,244.22690171287914,248.55108511584365,13361607
2024-06-20,244.9025421142578,246.83941523898625,242.42513922408548,244.85748192985403,12826509
2024-06-21,242.92062377929688,247.5150858300538,242.2449684039646,244.54221317558688,17406416
2024-06-24,243.14581298828125,244.3619980160747,240.17294069143884,242.92059455693,7282347
2024-06-25,240.53330993652344,243.95661945547909,238.73156229654947,243.3260242769805,14425434
2024-06-26,241.20896911621094,242.4701869856413,237.9207851197536,240.44322085861432,10650910
2024-06-27,240.98374938964844,241.52427918584235,237.3802540716724,240.89365650820153,22830930
2024-06-28,247.01962280273438,248.1457151249706,241.74950523617116,242.33506774523633,19532912
2024-07-01,245.8935089111328,248.46097718662674,244.67732381130173,247.74028916060843,11750972
2024-07-02,247.6051788330078,252.0644878168888,244.5872459898837,246.11874250504746,24470518
2024-07-03,247.4700469970703,250.1726684313631,246.8394243320739,248.64117195493574,9125400
2024-07-04,249.58709716796875,251.25371934253653,245.9836016521418,247.74031671310303,13444669
2024-07-05,259.6318359375,260.62277510740614,249.09160165180356,249.76725699082291,39781962
2024-07-08,269.49639892578125,272.9647686463528,258.86609880057495,261.2534089354532,53136198
2024-07-09,267.9649353027344,271.9287747090788,264.2713470519977,270.98284067947606,18686252
2024-07-10,268.5954895019531,270.08192561590226,260.2173750469788,269.9918602394379,19278800
2024-07-11,274.5412902832031,276.74844208805285,265.89289631311027,270.26213973736157,36020507
2024-07-12,276.6583251953125,280.84738249912823,274.04579690311976,276.38804658354377,31788101
2024-07-15,290.53179931640625,291.5677986836884,278.0546917387393,280.8924386986813,51435537
2024-07-16,290.6669921875,295.12632950882903,288.0544630717435,291.5228334891669,37468292
2024-07-18,298.81982421875,300.2612001781989,289.76602682823795,292.87405216232855,48189915
2024-07-19,287.9643249511719,300.1711822963225,286.5229212711648,299.9909965266384,26579496
2024-07-22,289.0002746582031,291.29751911011715,283.3247812922673,288.27958668847543,22234557
2024-07-23,283.009521484375,289.540857058546,267.91988412335917,288.324671832444,37871058
2024-07-24,287.87420654296875,293.45963499810046,281.1627133508599,282.01852694976026,28259305
2024-07-25,302.513427734375,304.089956971361,284.7662293906541,286.52291690208847,42054664
2024-07-26,298.729736328125,304.945759607446,297.37842572425154,303.14401213561473,25703985
2024-07-29,299.90093994140625,305.8917463599261,297.9640663990641,300.7117210181434,26721790
2024-07-30,299.0000305175781,304.72058506308423,298.1892495369723,299.0901234026429,19792253
2024-07-31,301.0720520019531,303.99989201771047,297.06315236799776,299.13515122830773,21393361
2024-08-01,307.8736267089844,310.53121546396454,303.7296016556623,304.3151641377379,36044960
2024-08-02,297.37847900390625,304.49537729423815,296.0722008557961,304.49537729423815,22939377
2024-08-05,279.4961242675781,291.2525175306691,275.6674102365154,288.5949560516603,37986023
2024-08-06,275.7574462890625,290.4867368477544,274.90160527328095,283.59503101826334,28386636
2024-08-07,296.4775695800781,298.1441915889094,281.0726222833583,281.432966300609,66110716
2024-08-08,290.7120056152344,296.38749993616557,289.81113175524604,296.38749993616557,23478224
2024-08-09,299.5855712890625,302.55847132550764,295.6667922517953,300.84681660345615,29814474
2024-08-12,307.46820068359375,310.53119343560707,297.1982454051828,299.7657410979068,34754596
2024-08-13,302.6035461425781,310.80150436490413,299.945984557271,309.99072333027635,28943385
2024-08-14,295.62176513671875,303.1440677091282,294.40557987178005,302.55850517193244,17812763
2024-08-16,296.9280090332031,302.4683773870676,296.07216792893314,299.5855702392506,16584396
2024-08-19,302.0630187988281,305.1710448653012,300.48648941576016,301.7927676158699,19636518
2024-08-20,297.37847900390625,302.6936294995977,295.531671018906,302.5585039134976,14972714
2024-08-21,295.2163391113281,298.63964836710943,294.13527961345767,297.8739001804916,11835143
2024-08-22,292.1984558105469,297.73882481310983,291.5228003835882,295.98210970602145,13387819
2024-08-23,289.5201721191406,294.87660761962707,288.29454023788503,294.5134646156345,13229612
2024-08-26,297.6456604003906,298.7804997128017,293.06089295462704,293.69641405199246,21346682
2024-08-27,298.55352783203125,301.9126355279345,295.9660886933512,299.05284604035654,20165503
2024-08-28,297.6002502441406,299.86992886926686,294.74046071768913,298.3719465178911,12446738
2024-08-29,299.23443603515625,299.73375425119883,295.01283932576655,296.05688595406156,13799961
2024-08-30,300.27850341796875,303.5922289046537,299.18904651816337,300.00615304603735,19666466
2024-09-02,296.14764404296875,301.36790428062415,295.7844733398693,299.59754407413584,8975511
2024-09-03,292.5162048339844,297.78184838769255,292.0168588914181,296.8739768987057,10321111
2024-09-04,285.4347839355469,287.06896920121244,279.98755512873856,285.9795123574354,25397204
2024-09-05,282.7111511230469,287.7498540648661,281.5763118621917,287.7498540648661,15571640
2024-09-06,280.3507080078125,284.29995457247406,275.72058552445696,282.8019721392685,27946491
2024-09-09,271.36279296875,280.2599505271268,267.504338991944,280.2599505271268,30369085
2024-09-10,268.3668212890625,273.7232576047976,267.82209284714855,272.452243044358,15618589
2024-09-11,259.0157165527344,265.4616094623597,257.1545911414516,265.4616094623597,44826300
2024-09-12,266.9595947265625,267.59511583810996,260.10517620905347,261.4669834143365,21964895
2024-09-13,264.5991516113281,269.8647950668015,264.23598085767736,268.45760536753977,13672371
2024-09-16,265.5523986816406,268.1852203410374,264.5083520570913,267.64049193073924,10971110
2024-09-17,267.5043029785156,269.27466329430354,265.2346244741908,266.64184177049407,11873436
2024-09-18,263.6458435058594,270.36408618417113,261.3761650533192,270.1825285315894,13421760
2024-09-19,258.9703063964844,262.5564093641434,256.4736601472632,260.9222242864866,17067311
2024-09-20,259.87823486328125,262.42026415681994,258.92498080471455,260.5591385354121,16585530
2024-09-23,268.2306213378906,269.0930825607491,261.05841497601165,261.83011122196484,14621229
2024-09-24,271.86212158203125,274.1771827379663,267.5497321184374,269.0023042992383,16986759
2024-09-25,271.18121337890625,273.45089200542526,269.365470477691,271.86211696686195,10609614
2024-09-26,268.0036315917969,271.1811812929583,264.6444965395838,269.6831714118688,27812412
2024-09-27,269.8194274902344,270.95426689302633,263.0103910734826,265.7340056401833,35706130
2024-09-30,270.18255615234375,273.9955997187971,266.6872454368992,269.63782772683936,16294341
2024-10-01,265.0530700683594,271.5897276173655,263.9182308022781,269.63780962091306,10919818
2024-10-03,265.14385986328125,270.54570635787604,263.7820526165134,267.8220918643404,28124665
2024-10-04,268.049072265625,272.08911170225645,266.18794669048145,269.63784746110287,23104209
2024-10-07,262.783447265625,269.0023455977851,255.56585692027303,268.72999519858195,20917962
2024-10-08,266.4148864746094,266.82341200101735,254.70332267556788,261.60315119507044,10572360
2024-10-09,261.9209289550781,265.00768652807216,260.4229465143939,264.417575591565,13147475
2024-10-10,262.1478576660156,265.2346147778456,261.05840094135306,262.1024751800028,7237212
2024-10-11,265.5977783203125,266.5964424441315,262.82878151457743,264.46293902189035,7011704
2024-10-14,260.1051940917969,265.91556635927117,258.87956198156985,265.7340086763741,12690951
2024-10-15,257.56317138671875,260.01440796302927,254.97573191224558,260.01440796302927,15087155
2024-10-16,259.10650634765625,260.78607407174536,254.79411695917656,256.92762040836885,18188885
2024-10-17,255.6566162109375,261.1038451314573,255.06650528575565,258.7433737246909,13343303
2024-10-18,257.199951171875,258.2894079115613,253.47770067435775,256.01972945891134,14028398
2024-10-21,251.1172332763672,257.8354760549003,249.2560802938985,255.24803703919846,10299773
2024-10-22,245.85154724121094,252.52440711653395,245.12526125324476,252.38823195704458,10028511
2024-10-23,245.89700317382812,249.1199359407599,240.63133181042514,245.1253068517905,18823321
2024-10-24,244.30821228027344,247.34958717330514,243.62730869404416,246.8502412531143,7488521
2024-10-25,239.7234649658203,245.39766199404025,237.49919635438218,245.12531161910175,12961181
2024-10-28,239.08795166015625,240.6313164999936,231.7795837243444,236.63668766518683,13835091
2024-10-29,240.58592224121094,241.08524043137243,235.5018368337743,239.08793996468995,9122757
2024-10-30,237.54454040527344,241.67537179693036,236.99981203751219,240.58591506140783,11166643
2024-10-31,241.62997436523438,243.58189238892962,237.0906172375537,239.13332794501,16173656
2024-11-01,246.7140655517578,248.75677630609619,243.89965852679515,244.9437051489161,2955757
2024-11-04,240.85829162597656,249.07454511168402,236.1827590633463,248.7567845537106,14355959
2024-11-05,242.76480102539062,243.8542577618061,239.3149008701345,240.76750061667656,11676017
2024-11-06,244.26278686523438,245.67000414605306,240.04119043485056,243.03718265121427,19244545
2024-11-07,240.76751708984375,245.5792246418155,240.40434634883354,245.5792246418155,6766663
2024-11-08,238.3616485595703,241.94775202662066,235.72882678041339,241.4484337896568,7836093
2024-11-11,233.232177734375,238.18008838413942,232.41509894336002,238.18008838413942,8450657
2024-11-12,232.55126953125,238.95177996420668,231.87036593451236,236.81827648655445,22445400
2024-11-13,229.28292846679688,233.27757100178454,226.05998217522117,232.5512572466758,17483332
2024-11-14,227.6941680908203,230.87171824481058,226.0599966695929,229.28294316781546,12454540
2024-11-18,227.55796813964844,228.87439279412496,224.33503564908494,227.96652136511696,14636541
2024-11-19,230.6739501953125,237.55695754822884,229.83683266606363,232.5342239872102,17397559
2024-11-21,225.23263549804688,230.67394181886283,223.97695924977086,230.67394181886283,16189440
2024-11-22,228.4416046142578,229.6972807833126,226.48831164982423,227.69749233291353,9637581
2024-11-25,239.8822784423828,242.30063983375905,230.62741998977998,231.13899807558207,31973671
2024-11-26,236.4873046875,240.2078522538717,234.90607481034456,238.99868564901098,9242451
2024-11-27,236.53378295898438,237.64994424211733,233.04577007871848,237.18487585808185,11689970
2024-11-28,234.5805206298828,239.41722961542175,233.65038374063445,237.18490675833073,14202863
2024-11-29,238.76614379882812,240.57989364817968,234.627023409252,236.06873838371857,11476347
2024-12-02,239.55673217773438,240.2543348088699,235.04557701204834,237.64996300684004,13677959
2024-12-03,244.02142333984375,246.20725074939577,240.76594416385905,242.20764501615625,15345326
2024-12-04,242.48667907714844,245.83514890345424,241.83557195229847,245.41660436792748,10713838
2024-12-05,243.04473876953125,244.85851691570863,238.95214245450245,242.48667938811323,12896743
2024-12-06,241.88206481933594,244.62597974867268,241.41699641677192,242.57966742318195,8783386
2024-12-09,240.81243896484375,243.0912857357121,239.69629171044906,241.88209072821078,6800856
2024-12-10,238.95216369628906,240.6729226366903,236.71984081560456,239.64976637059831,11318782
2024-12-11,238.67312622070312,240.62641932236593,237.78948484109804,239.5102437255516,5353032
2024-12-12,236.30126953125,240.53339503641044,235.8827107873906,239.97530724942328,7123877
2024-12-13,236.4873046875,238.85914240685184,232.06915445243362,235.32463357300884,11143128
2024-12-16,234.2084503173828,238.39405174676105,233.65036255732636,236.25474844965433,7283872
2024-12-17,230.11585998535156,234.81305409955246,229.27874246481628,234.16196111771805,10066884
2024-12-18,227.09291076660156,230.20887495317368,226.39530811522832,230.115855589219,8430930
2024-12-19,224.95361328125,226.90689224117108,221.88415869535953,223.23285435184943,9518542
2024-12-20,220.5354461669922,227.09289940769523,218.8611970488878,224.6280425065704,15556528
2024-12-23,224.02346801757812,225.3721636236746,220.30292058406394,221.60510650868906,7722901
2024-12-24,222.2561798095703,226.255770785335,221.93064045359324,224.16296303911915,3577400
2024-12-26,223.4653778076172,225.093117292168,222.30270674722377,223.2328435955385,6330006
2024-12-27,220.34939575195312,224.1629621967195,219.79132220404932,223.23282542411897,6487888
2024-12-30,216.39633178710938,220.44243274884485,215.00112651654706,219.55880558270778,19401112
2024-12-31,222.53521728515625,223.1398004951382,216.11727939165405,216.39630906225466,12004845
2025-01-01,220.39593505859375,222.5259565021495,219.83786143566397,221.19585335827955,9418453
2025-01-02,228.87879943847656,229.53918870581114,220.44245073495435,220.48896041965358,19745810
2025-01-03,240.8031463623047,244.3934610325359,230.66464602836137,231.0925010378835,49760410
2025-01-06,236.58961486816406,241.37051781320847,233.88291316966053,241.0077508087842,19265884
2025-01-07,245.0817413330078,248.71857970123506,240.02179476725883,241.04495094517185,52956766
2025-01-08,252.37403869628906,254.39244830777753,247.1838871582884,247.8349943582592,42237794
2025-01-09,244.79339599609375,253.54598668265552,243.4260937658759,253.0251123459556,14706472
2025-01-10,244.64459228515625,247.88147885066306,240.41248082972075,245.55613664756117,13053552
2025-01-13,237.8638916015625,249.8347624580414,236.82214287595423,247.4443039518187,20416370
2025-01-14,242.1797332763672,243.69586092226217,238.87775872876782,239.52883750907733,8470150
2025-01-15,240.14271545410156,245.99328395304758,239.68695749931467,242.6726887196845,9344731
2025-01-16,244.79339599609375,247.0722425082977,241.8355677872216,241.8355677872216,14195450
2025-01-17,247.9466094970703,248.34656156646747,243.0447696844334,243.69587689293812,12148143
2025-01-20,250.54165649414062,251.57412319191795,246.49558377258398,249.36970332692505,9676264
2025-01-21,247.23036193847656,250.53236476809423,246.3095355456976,249.3231698388097,8989218
2025-01-22,245.6026153564453,247.7791604890967,243.42609860931694,247.41639350514714,7919682
2025-01-23,244.67247009277344,245.39797565010545,242.92383677972038,244.62597460770323,5026675
2025-01-24,238.58941650390625,247.0815706294252,237.88250340260694,244.61668522690235,6306281
2025-01-27,233.25970458984375,238.52428226201678,232.07842688482714,237.18488300479498,6944911
2025-01-28,231.30641174316406,234.7665217615959,229.47405531138293,232.5341991270804,8029472
2025-01-29,233.83639526367188,234.39448304326055,229.74379885589428,231.51105316998874,5651586
2025-01-30,238.7847137451172,241.27747348679105,233.40852432707885,234.3944670366293,12588155
2025-01-31,244.2632293701172,245.08175435594168,237.38023641425707,239.05448561582426,8850307
2025-02-01,239.55673217773438,244.16092089743842,236.02222353419046,241.41700586076246,10921673
2025-02-03,231.60406494140625,238.44057614991374,227.74400286948733,237.74297354466853,25719512
2025-02-04,236.34779357910156,239.51025338356584,234.39450039867413,234.76654948410658,8402532
2025-02-05,243.3702850341797,244.62597537576045,239.74275723613025,240.90542822175647,11590755
2025-02-06,238.25454711914062,244.57949469511416,236.53380247191254,244.30043661035901,12327998
2025-02-07,236.12008666992188,240.81593777479367,234.79197623086444,239.96214008512692,10098454
2025-02-10,230.00125122070312,236.78413871359692,229.38463166467506,236.1675046822518,7582536
2025-02-11,226.6809539794922,230.00124420364347,224.6413529176402,230.00124420364347,6711630
2025-02-12,225.21055603027344,228.86288137814506,222.12742913087874,226.72840890933335,5985956
2025-02-13,222.88633728027344,227.1552818675857,222.1748465157214,226.25406312754978,10079210
2025-02-14,218.66482543945312,225.73229737963464,215.1073716633232,222.93376997080907,8065352
2025-02-17,221.65309143066406,222.2697254665649,213.49467239876125,218.38023669503318,6692422
2025-02-18,224.45162963867188,224.9733779617011,217.76361343789318,220.2775417272197,6170974
2025-02-19,226.06434631347656,226.5386735132634,222.45945670003303,223.88243829939358,6168581
2025-02-20,229.4794921875,230.190982983214,224.35676424848603,224.64136346183508,8929816
2025-02-21,227.58218383789062,230.57045387084366,225.87461750513728,229.4794926301209,5697387
2025-02-24,222.31715393066406,225.7323009241851,221.98511911621827,224.16702702823588,6883143
2025-02-25,221.03646850585938,224.54648678449416,220.60957693385134,222.93377724839894,5519036
2025-02-27,219.13916015625,221.84283090934352,216.76752422382307,221.51079608867695,9664032
2025-02-28,213.68438720703125,218.66482242495317,211.69220732973596,218.19049526134157,17237276
2025-03-03,213.570556640625,214.39588128604078,207.14816269237488,213.21006335857373,11928529
2025-03-04,215.1168670654297,216.05604013486897,204.4160465649641,208.79883974702997,12428265
2025-03-05,217.1849365234375,219.37632582972915,215.11686244358586,215.45837860010644,7466729
2025-03-06,220.65701293945312,221.5772088392448,215.06943926176103,219.60400600646042,10439208
2025-03-07,220.93211364746094,224.32829799831137,219.30042698782736,220.65701025179428,9079049
2025-03-10,211.73016357421875,222.93376896666297,211.0566126264994,220.9321077386305,16489167
2025-03-11,215.0789337158203,215.5912007393287,208.79884601582694,209.55775798023672,10941588
2025-03-12,212.87803649902344,217.09006425074185,210.94278793826157,215.43941489826418,6994310
2025-03-13,213.8551483154297,218.56996170634332,213.32390418270427,216.4354893675106,16105085
2025-03-17,217.94386291503906,218.6173994200297,214.62357257829433,214.88919464720854,8788971
2025-03-18,217.94386291503906,217.94386291503906,217.94386291503906,217.94386291503906,0
2025-03-19,220.62855529785156,223.0665895183701,219.7083593945916,220.56214254334225,8626593
2025-03-20,223.4934844970703,224.86903046892888,220.09730004032127,221.49182315308832,18955995
2025-03-21,229.97279357910156,235.2662867684293,223.6927062014974,223.6927062014974,29285333
2025-03-24,231.31040954589844,233.74844388424924,230.28586103269015,231.65192571696787,10566066
2025-03-25,229.8115234375,232.77132046948523,228.19881388738798,231.4811499343322,8915800
2025-03-26,227.41143798828125,231.94600494325695,227.07940315222316,230.8550581538963,7543985
2025-03-27,229.73562622070312,230.90246703852335,226.39635879720828,226.60506391588402,9935664
2025-03-28,233.72947692871094,241.81200203683025,230.76966534198738,230.94043066204713,32905564
2025-04-01,235.33270263671875,239.25063544353637,234.03303627278973,234.31763548625756,11258957
2025-04-02,237.77073669433594,238.58658005205547,235.26628967359744,237.21103407604346,15337906
2025-04-03,230.8170928955078,236.80309966574592,230.05816650297515,235.26628421547207,11141370
2025-04-04,214.40536499023438,228.82492272800505,212.6883029283175,228.2082887137107,38336194
2025-04-07,208.55218505859375,209.4628996746011,194.4741568831757,197.3201201546368,27024128
2025-04-08,215.02200317382812,215.57222444596655,207.92605805754653,211.54992470239438,11309092
2025-04-09,210.54437255859375,212.55551537586646,208.95062554324463,210.60128950997796,16889575
2025-04-11,218.54150390625,219.51861675523296,213.68439813458204,216.5777968756409,13886447
2025-04-15,220.74240112304688,221.98513610742648,218.2853896290965,221.98513610742648,12102239
2025-04-16,228.8343963623047,229.5743455743123,219.8221803170321,220.74237616599575,18748952
2025-04-17,230.9878692626953,232.0503575778924,226.9750506555794,228.62571455267573,12891813
2025-04-21,236.95489501953125,237.68536296106885,229.33720134087724,231.48115507507998,11698653
2025-04-22,235.05758666992188,237.73279903285675,234.5642823275823,236.1864877248348,9896443
2025-04-23,239.22218322753906,239.7724045278855,232.3444386861853,235.9683055168166,16555874
2025-04-24,236.56594848632812,238.4632573295605,235.26629656081562,237.16360540404798,6538518
2025-04-25,233.68203735351562,237.80867526001805,231.85112685578355,236.2149428348269,15616265
2025-04-28,237.7327880859375,239.01346278502257,231.8321568166594,233.36897224568816,7669983
2025-04-29,233.06539916992188,239.1557729765744,232.51519237242871,238.33992963762384,8030552
2025-04-30,231.89857482910156,234.73505681417902,229.78307948221152,232.8946648855903,9822483
2025-05-02,230.27638244628906,233.6251314392077,226.72840965315456,228.62571852054495,10203190
2025-05-05,226.9181365966797,228.76800983877706,222.4594636739707,227.6770630351939,20086323
2025-05-06,224.83108520507812,230.51353008023617,223.8824308371242,228.7490323768292,11350559
2025-05-07,226.41534423828125,227.76243175119058,220.15423387442024,220.3724203336468,16689539
2025-05-08,221.24517822265625,227.05093846335956,219.51862028291822,225.45720603466344,15026122
2025-05-09,222.89584350585938,223.21838252678867,216.72009411669865,217.33672815998773,11184507
2025-05-12,231.49063110351562,232.0408523458779,225.88408060104854,226.72838236641292,11374237
2025-05-13,228.77749633789062,232.69542912831045,227.9521571747565,231.61396370191284,9336026
2025-05-14,233.3784637451172,234.22276558214875,228.7774985900665,228.7774985900665,8234859
2025-05-15,234.89630126953125,236.13903613656925,229.8589490495508,232.3728772557486,16812750
2025-05-16,234.5737762451172,236.5849189299045,233.5587090945729,234.37455245307822,8030229
2025-05-19,233.91920471191406,236.64183821971795,232.33495359402457,235.2662922287665,8043270
2025-05-20,236.46157836914062,239.72495165332126,234.1184009636499,234.1184009636499,13183059
2025-05-21,235.91136169433594,239.0134655361529,235.03860141130363,238.58657396487754,7158307
2025-05-22,229.26129150390625,237.61893388290557,227.30706588899173,235.91135318408632,18502235
2025-05-23,231.69935607910156,232.11675185621687,227.81934857831044,230.04869221047707,8725218
2025-05-26,233.31207275390625,234.4409738412877,232.24008861625532,232.70493449791763,7159571
2025-05-27,231.98394775390625,234.1753516446864,230.44713221066104,234.1753516446864,9712093
2025-05-28,230.20997619628906,232.74288186882757,228.91032421748451,232.0788266415303,7385958
2025-05-29,230.5609588623047,232.04087188464342,228.95774508657644,231.0922174852382,12938112
2025-05-30,227.10784912109375,232.60056599893355,226.62404060620648,230.5609504296201,10108840
2025-06-02,226.07382202148438,227.76242565268655,225.45720246723036,226.72839585695476,6278145
2025-06-03,225.0872344970703,228.67314698627487,224.45163778340893,228.15138416899538,9515918
2025-06-04,225.82717895507812,226.25407053271795,223.408107381363,225.77974334082546,6733580
2025-06-05,225.56155395507812,227.31655585708853,224.0911367842521,225.8271760210615,8941808
2025-06-06,227.7339630126953,228.12291477380285,225.31489150316764,225.58051356555407,5985346
2025-06-09,230.3332977294922,231.58551404574308,228.15138965271862,229.36566616103616,7719525
2025-06-10,232.1167449951172,232.4203213425739,230.13406082998517,231.70883056295378,7659657
2025-06-11,234.62120056152344,237.5430432183976,231.04476961241986,231.94598834897832,20842417
2025-06-12,235.1524658203125,242.09660875263444,234.08048167738826,238.58659024058014,35613271
2025-06-13,238.59605407714844,242.80808177286548,236.32877072431367,242.42862581707635,39320377
2025-06-16,243.60498046875,244.27851701141898,239.24116427764216,240.9487451556982,41444122
2025-06-17,239.35498046875,243.88954717450866,238.6340083626097,243.74725480991415,18781097
2025-06-18,237.505126953125,242.75118486543363,236.9454243057733,240.9866870222579,12691905
2025-06-19,238.6435089111328,240.00957362250546,235.45602940970264,237.63793751951627,10790997
2025-06-20,238.95655822753906,240.24672880129913,236.5469824006065,239.3075557263614,15907673
2025-06-23,238.4727325439453,242.37170245909323,237.47664259220514,240.01902927442853,16776881
2025-06-24,231.39576721191406,235.26627869522838,230.98785278974768,234.79195152043962,22215004
2025-06-25,229.48899841308594,232.7049363766851,229.10004661969668,231.47168271306828,13056178
2025-06-26,232.1641845703125,232.7713228002688,229.13797475330702,229.57436214139307,15769123
2025-06-27,230.3617401123047,233.57767781559713,229.57435525600022,232.42979967017774,21691960
2025-06-30,231.67088317871094,233.0843688837818,230.52300505600064,231.4716593977949,8783448
2025-07-01,230.8740234375,232.70493401012828,228.9103162993241,232.70493401012828,8470489
2025-07-02,228.69210815429688,231.2344948313678,227.86676903722204,230.42813285413698,10419419
2025-07-03,231.51910400390625,233.55870512787084,229.3846316519501,229.5743596326161,13891239
2025-07-04,232.64801025390625,232.8472195717172,230.05817331982476,232.61005597173067,7717259
2025-07-07,229.11900329589844,232.89464356620485,228.4644294765456,232.89464356620485,9222263
2025-07-08,230.75070190429688,231.1870748229459,228.29367600240056,229.963317013767,7537067
2025-07-09,230.85504150390625,232.03136363187576,229.83049307046028,230.85504150390625,9590680
2025-07-10,230.6083984375,232.12625129274087,229.88742629268526,231.00683155505428,8012201
2025-07-11,229.3466796875,230.60839176088467,228.4359795809763,230.570451954495,5608382
2025-07-14,231.6803741455078,232.31597084390344,228.7585169142373,230.42814341411312,7568906
2025-07-15,231.1586151123047,232.77132469166926,230.23841918945857,231.92702285759904,7843083
2025-07-16,230.38072204589844,231.61396116003434,229.85895924167022,231.47166879311624,5656962
2025-07-17,231.34832763671875,232.00290144276602,230.3522521669769,230.52300299882418,7006298
2025-07-18,233.66305541992188,234.6496640703136,230.9593991522172,232.17367558707093,10293817
2025-07-21,232.45826721191406,233.65358101705795,231.87958745038245,233.36898180272286,5424455
2025-07-22,233.75791931152344,234.1942922015932,231.53807163077764,232.45825302296387,5869862
2025-07-23,232.94207763671875,234.50735151803877,231.71830542377407,233.36896919750453,7357753
2025-07-24,232.25906372070312,233.5587156458764,231.24399654168624,232.9515773952132,4590999
2025-07-25,227.95216369628906,232.2306043850006,226.96556947086373,231.47167795565622,7427827
2025-07-28,227.69602966308594,229.15695104763108,225.5900157692294,227.95215592494517,6865890
2025-07-29,229.04312133789062,230.05817402176504,227.5063058373904,227.69603382289503,6157824
2025-07-30,229.3941192626953,231.1965713166448,227.77192833698996,230.08663292497172,8767763
2025-07-31,228.62570190429688,230.34276398844028,227.35450852961043,227.866775517435,10254214
2025-08-01,224.63186645507812,228.35060439911317,222.03256269280894,227.77192464267418,12629251
2025-08-04,222.77252197265625,226.14972943405633,221.98513705716746,224.35677313683806,16174972
2025-08-05,222.44049072265625,223.88244953546524,221.08392181133556,223.40812231187317,9562689
2025-08-06,221.76693725585938,223.28477557038872,220.95109391449745,222.5068865101973,7568954
2025-08-07,221.91871643066406,222.17485717127605,219.43324653939325,221.17876715806716,5560413
2025-08-08,221.45387268066406,223.04760503260013,220.7328861140407,221.8902455733204,5249568
2025-08-11,221.785888671875,222.93376677633057,219.6893707160279,221.45386834271704,4699743
2025-08-12,223.42709350585938,224.22395974620366,221.6151600858983,221.7954067421157,7036778
2025-08-13,226.41534423828125,227.62962071401128,224.1670379391325,225.53310259315816,8501906
2025-08-14,224.774169921875,226.4153379374875,222.39303817649284,226.2635497634159,7258450
2025-08-18,225.93153381347656,226.33944825449936,223.40810965287537,225.0682548413787,8501972
2025-08-19,225.7228240966797,226.29200803596785,224.5275103210723,225.30541385601154,5538059
2025-08-20,225.7133331298828,226.81377570155288,224.83109149117104,224.83109149117104,7438061
2025-08-21,226.0548553466797,228.61623386063945,225.0492839776461,225.7797519340511,8111371
2025-08-22,224.15753173828125,226.37739393581197,223.7780757854524,225.7797370585556,5423818
2025-08-25,224.60340881347656,225.29593694240356,223.55040185852496,224.16703589899487,8854258
2025-08-26,222.16537475585938,225.1156904990029,221.79540012136368,224.50855226610443,14671897
2025-08-28,221.4064483642578,223.1994045893189,220.4483126377453,222.2697273365917,13870643
2025-08-29,221.71002197265625,223.2847772454379,219.4522199115343,221.4064456222828,9928988
2025-09-01,226.4627685546875,226.90863725911208,221.10287724448264,221.98511884558874,4366396
2025-09-02,227.19325256347656,230.04869716041517,225.2105538217598,226.49124308061494,5921193
2025-09-03,226.79481506347656,229.5174485678663,226.21613529865908,227.2027295085964,4364007
2025-09-04,224.7921600341797,228.25388001685536,224.51559611553148,227.98686181696087,8778730
2025-09-05,223.27587890625,226.1654087675379,222.20779153656213,224.82077202575817,7210683
2025-09-08,221.7500457763672,224.0864623173586,221.30183353384794,223.27587654469662,8418326
2025-09-09,220.60568237304688,223.714545499405,220.06210024482493,221.75004818602895,11665314
2025-09-10,220.99667358398438,222.23639469875044,220.29097431520637,222.1982554781086,11775053
2025-09-11,222.92300415039062,224.31532572116092,221.33997193607323,221.33997193607323,11047708
2025-09-12,222.43666076660156,224.4965278698952,221.91215554797586,223.63824263448944,6073522
2025-09-15,221.4925537109375,223.33308757910552,221.24461240106112,222.34129323679934,6153784
2025-09-16,224.1913604736328,224.3630233447716,221.6451418710445,221.70235797762393,7319921
2025-09-17,225.89837646484375,226.92830999737222,224.27717590074903,225.0591681306206,7628371
2025-09-18,224.66818237304688,226.68036459344052,223.62871762567306,226.68036459344052,6497852
2025-09-19,225.71719360351562,226.39427027371585,223.86712853046046,224.21043972495937,16484017
2025-09-22,226.46102905273438,227.39559274408467,224.7253962173977,225.05917624000872,9962796
2025-09-23,225.68858337402344,226.5754621296114,224.24857678393056,226.25122782443302,7014239
2025-09-24,227.46234130859375,228.9977031305754,225.30710441667196,225.68856935618888,8299331
2025-09-25,228.5590362548828,230.91452965357823,227.46235540751957,227.8438058192806,10150654
2025-09-26,226.98553466796875,229.12168025184423,225.8602312181197,228.87373893983025,6349466
2025-09-29,228.8546600341797,229.97996347409776,227.12857292979888,227.92009634948184,10631271
2025-09-30,228.3969268798828,229.72248675028206,227.44328626660564,228.8737471865214,7167687
2025-10-01,231.77279663085938,234.8721284686589,227.41466681335862,227.53864474331868,10375310
2025-10-03,232.36407470703125,232.87903423421838,228.5876514858554,231.25784810622812,10702610
2025-10-06,234.46206665039062,236.02603657330522,231.47716706677315,231.47716706677315,9465503
2025-10-07,233.94711303710938,237.93332365923317,233.31770676475287,234.462072545419,12498420
2025-10-08,230.59982299804688,235.3584946621665,229.96088556482363,235.12008452060257,5073558
2025-10-09,232.10658264160156,233.16512427866502,229.40777802545958,230.6284368166714,9292031
2025-10-10,234.91981506347656,235.6255143254089,232.30684920854407,232.7359845557541,9050771
2025-10-13,232.7741241455078,234.29040916537696,230.18976633952715,233.64194055992363,12607116
2025-10-14,233.3463134765625,237.20856069658456,232.59292927723604,233.92803480650556,13865005
2025-10-15,236.23585510253906,236.68406735720123,232.9648602154133,233.34632519353056,8520238
2025-10-16,236.83663940429688,237.17040487017232,234.59557826293235,236.50285938702123,6083826
2025-10-17,236.20724487304688,237.02737637919572,233.42261603973708,237.02737637919572,14250215
2025-10-20,237.2085723876953,237.64723892287242,233.63242007279032,236.2072468292417,10920554
2025-10-21,236.61729431152344,237.74259775436883,235.92114076763963,237.2085613617237,569979
2025-10-23,240.61305236816406,241.49994567413228,237.53279736971194,238.4101449569856,13879042
2025-10-24,243.1402130126953,245.46708384618876,241.1280307709779,242.22471163696292,17882209
2025-10-27,241.52854919433594,244.21780801224972,240.2315974480555,243.5788705819248,7889080
2025-10-28,238.92510986328125,242.02444181771637,238.27664123902568,241.36644202595141,8529692
2025-10-29,243.78866577148438,245.40985177061228,238.9346389409463,239.3160893343647,8806213
2025-10-30,242.73013305664062,244.60880614317784,241.66206027495866,244.60880614317784,5266883
2025-10-31,243.53118896484375,245.94389845531867,241.57623742734617,242.892251525805,7199008
2025-11-03,245.61012268066406,246.51609288363935,242.51080530992996,243.17835081364808,5450040
2025-11-04,240.6511993408203,245.56244236761256,240.31741932675092,244.22735141413506,6006851
2025-11-06,239.84060668945312,243.65516902248618,238.83928116675185,241.79557279541268,6987258
2025-11-07,240.50816345214844,241.84326906208273,238.4101569809959,238.4101569809959,4449104
2025-11-10,239.7452392578125,243.65517150964297,237.93332795168658,240.3174294341684,7418162
2025-11-11,237.88563537597656,242.41542804729232,234.59557834603777,242.41542804729232,16183880
2025-11-12,242.0816650390625,243.7505360401749,238.31477313828856,240.88961432398222,11917811
2025-11-13,239.2207489013672,241.9386158642892,235.83532188131284,241.9386158642892,13057927
2025-11-14,241.9075164794922,243.91037368298927,239.46499315036962,239.8557909198375,9185042
2025-11-17,242.34716796875,243.9592274045859,241.76095640591186,241.90751675061105,6281588
2025-11-18,241.2724609375,243.71498436247566,240.63741081019828,241.3213143875955,7708871
2025-11-19,243.27532958984375,244.54544473395694,239.75808994583485,241.2724574288937,7075882
2025-11-20,242.34716796875,245.32704941521513,241.90751675061105,243.27532385326097,6918642
2025-11-21,241.2724609375,242.59142955017882,240.5397039100073,241.37016783769099,7589240
2025-11-24,240.1000518798828,241.76096482176922,238.68339127968494,241.27246013839206,15875282
2025-11-25,239.70925903320312,241.8098232517943,238.97650199304616,240.10005682476142,8983620
2025-11-26,242.00521850585938,242.2983242991075,239.4161496327907,239.70925542603885,7232643
2025-11-27,238.39028930664062,243.0799373237771,237.2178810293515,242.29832683625767,5600832
2025-11-28,237.65753173828125,239.70925739993325,236.97362815372392,239.36729815366456,3804191
2025-12-01,239.20120239257812,240.1977561098247,237.42303820902012,238.43913628761888,6307936
2025-12-02,237.94085693359375,240.59832362964534,236.9247737417999,237.90178311805474,5413988
2025-12-03,234.5017852783203,238.74200222366053,234.0523544237178,238.439131714419,11829802
2025-12-04,236.6609649658203,237.12016054187865,234.17936783621036,234.97074300533836,10825420
2025-12-05,235.6839599609375,237.60866956192592,235.37132472289798,237.12016488975587,7645591
2025-12-08,233.03627014160156,236.43625844416778,232.23511533319206,235.68395708397486,5285903
2025-12-09,234.325927734375,234.67765170991547,231.38513484720352,232.23512824310123,9026401
2025-12-10,233.78855895996094,234.82420138550393,232.93856560271152,233.81788295557112,3492031
2025-12-11,232.92880249023438,235.75235891273405,232.6650057917506,233.78856057999187,8868641
2025-12-12,232.5477752685547,233.89603806663862,231.5707658949965,233.01673559362823,4252781
2025-12-15,229.9391632080078,233.3000629475615,224.65353889206648,232.52823209800792,12334408
2025-12-16,226.87135314941406,229.8903085352076,225.44491290478487,228.7862831727476,7238404
2025-12-17,227.5552520751953,228.0535214785498,223.35410887403685,226.4219176473517,5848233
2025-12-18,226.66616821289062,228.7472028898814,225.8943373892629,227.64317755863584,3964839
2025-12-19,227.53570556640625,228.13168186266645,226.17766317433527,226.66616784641806,5070902
2025-12-22,228.79605102539062,229.87076731397062,227.41847912018557,228.41501796089048,4614185
2025-12-23,230.07594299316406,232.43052425590307,229.20640524608268,229.20640524608268,5810236
2025-12-24,228.39547729492188,231.13110642503094,227.779956640953,230.12477309077252,4114036
2025-12-26,229.13800048828125,229.8707574970251,227.6920308319277,228.46386165496023,3710774
2025-12-29,229.4213409423828,233.52477719894176,228.62018612577006,229.13799988461315,12621499
2025-12-30,229.2845458984375,230.18340761474056,227.946047866518,229.54834259578686,6236729
2025-12-31,234.853515625,235.45925665996174,229.21616742201886,229.29432996007517,11514802
2026-01-01,232.4696044921875,235.56672230766347,231.9517907351887,235.36154378697555,5840586
2026-01-02,235.90869140625,236.97362805231785,232.46961421511622,232.46961421511622,5925943
2026-01-05,232.61614990234375,241.12590780299902,230.28109817887704,241.12590780299902,21201434
2026-01-06,236.32879638671875,236.78799198417764,232.6161577916805,232.6161577916805,10840459
2026-01-07,233.56385803222656,236.12361781573415,232.6845555608174,234.68742775456045,8253161
2026-01-08,226.09950256347656,233.39776361918936,225.6891604243898,232.72362478069692,9218488
2026-01-09,228.70811462402344,232.77247708835003,226.66616866525584,226.94949481657642,12706408
2026-01-12,230.29087829589844,230.7305295176939,226.33398748378042,228.70811302626356,9807980
2026-01-13,238.1753387451172,238.5368274349664,230.3788082868825,232.52822588065396,22527192
2026-01-14,242.5230255126953,245.22934557232938,237.9799380220571,238.38051543138516,33094088
2026-01-15,242.5230255126953,242.5230255126953,242.5230255126953,242.5230255126953,0
2026-01-16,241.48739624023438,242.08337253262428,236.82705752459444,241.2235995447885,12287680
2026-01-19,237.520751953125,242.29832724481855,236.72937673731994,239.36729909266347,6459249
2026-01-20,234.86328125,239.69947463738478,234.19892203595015,237.52074792215913,6496057
2026-01-21,236.79776000976562,238.86903004459805,234.00351257071955,234.48225253652112,9610477
2026-01-22,238.40005493164062,240.8035045809201,236.99317393838206,238.97650179949548,10746306
2026-01-23,239.8264923095703,240.6374118792223,235.99661735115197,239.6604025048917,8080247
2026-01-27,242.2494659423828,243.26556401733228,240.23682906174545,240.9305122614502,15915509
2026-01-28,262.4051513671875,263.4505585006787,243.4707207877218,243.4707207877218,73427983
2026-01-29,269.0586242675781,271.3838815188969,262.8252997268123,263.7925294603933,48267023
2026-01-30,262.77642822265625,270.14308712044925,261.84828722339125,267.5931070111898,24420043
2026-02-02,248.1115264892578,251.09140804886562,241.9075259355621,245.81556341492188,17015974
2026-02-03,251.09140014648438,255.97644684194125,243.6172846656271,253.72933728841463,19213406
2026-02-04,260.8126525878906,263.79251911821297,252.11724569752343,252.11724569752343,26628393
2026-02-05,263.01092529296875,264.23218696350455,259.8844834900137,261.8385021628709,15268335
2026-02-06,262.7666931152344,263.7437025266077,258.61440311689785,261.8385222480453,10013728
2026-02-09,260.470703125,264.6718314754195,259.64023920011437,263.2551857832825,10824044
2026-02-10,265.8930969238281,266.77239940303303,260.861504577749,261.1057569228592,13459684
2026-02-11,268.2867736816406,268.77527835702017,260.2264465378781,266.0396342853192,18388416
2026-02-12,269.9965515136719,273.8557207235144,267.16323023931596,269.6545922631895,22753270
2026-02-13,261.2522888183594,265.1114875973499,259.8844817198676,263.79251903896335,20748628
2026-02-16,265.306884765625,265.9419647143231,259.5425353965288,261.4965541532367,13247757
2026-02-17,265.6000061035156,266.72356092811606,261.9362209259316,266.72356092811606,21292868
2026-02-18,264.6000061035156,266.1000061035156,262.54998779296875,265.0,11621040
2026-02-19,274.6499938964844,276.45001220703125,267.8500061035156,270.29998779296875,37728943
2026-02-20,278.6499938964844,280.79998779296875,274.3500061035156,277.3999938964844,31971956
2026-02-23,275.6499938964844,279.8999938964844,272.20001220703125,279.8999938964844,13113050
2026-02-24,276.5,278.1499938964844,273.29998779296875,275.6499938964844,16311581
2026-02-25,277.45001220703125,278.95001220703125,274.0,276.5,7573116
2026-02-26,280.1000061035156,281.04998779296875,275.6000061035156,277.3999938964844,13301761
2026-02-27,279.70001220703125,282.5,277.0,278.5,18554482
2026-03-02,282.20001220703125,293.0,277.6499938964844,288.0,65843426
2026-03-04,276.95001220703125,288.3500061035156,275.1000061035156,287.0,53722773
2026-03-05,276.3500061035156,287.6499938964844,275.3500061035156,278.0,40569479
2026-03-06,278.95001220703125,280.95001220703125,271.1499938964844,279.95001220703125,30725344
2026-03-09,270.79998779296875,289.0,267.6000061035156,289.0,56512457
2026-03-10,269.20001220703125,270.8999938964844,265.3500061035156,270.8500061035156,18476370
2026-03-11,270.75,272.3999938964844,268.0,268.0,16130216
2026-03-12,270.54998779296875,273.0,267.75,271.6000061035156,20059801
2026-03-13,264.1000061035156,271.29998779296875,263.45001220703125,270.54998779296875,18411729
2026-03-16,260.45001220703125,266.0,258.3500061035156,264.04998779296875,21725887
2026-03-17,264.75,265.3999938964844,259.1499938964844,260.6499938964844,15662659
2026-03-18,265.0,266.6499938964844,263.0,265.1499938964844,8780857
2026-03-19,269.1000061035156,271.5,262.5,265.0,28685305
2026-03-20,265.3999938964844,273.04998779296875,264.0,269.0,19436124
2026-03-23,265.45001220703125,269.70001220703125,263.8999938964844,267.29998779296875,23991581
2026-03-24,268.04998779296875,273.29998779296875,266.8500061035156,268.54998779296875,18567283
2026-03-25,270.20001220703125,271.5,266.3999938964844,267.3500061035156,13380625
2026-03-27,281.95001220703125,285.0,269.70001220703125,270.5,60048871
