Date,Close,High,Low,Open,Volume
,POWERGRID.NS,POWERGRID.NS,POWERGRID.NS,POWERGRID.NS,POWERGRID.NS
2020-01-01,76.68421936035156,76.84111691131139,74.62491971833632,74.7425968716943,13620373
2020-01-02,76.52732849121094,77.15492411366203,76.23314354195433,76.7038415888389,5673692
2020-01-03,75.70359802246094,76.40963961529471,75.0171613069506,76.19390616197988,7358268
2020-01-06,75.7428207397461,76.0762313488781,73.74236240513808,75.31135381988771,7355290
2020-01-07,75.19367218017578,76.29196557289288,74.97793873313003,75.76243173356353,14023712
2020-01-08,74.74259185791016,74.89948939834518,74.07577066083154,74.6445302301153,9451757
2020-01-09,75.6839828491211,75.86049590822455,74.97794125307495,75.29173633572127,7714854
2020-01-10,75.37020111083984,75.97818118617948,74.91911328441746,75.97818118617948,4118638
2020-01-13,76.40963745117188,76.48808887934648,75.23289794965477,75.46824691399493,27682638
2020-01-14,76.5861587524414,77.01762569331771,76.1939122096926,76.40964568013075,5994314
2020-01-15,76.19390869140625,76.80188867651948,75.66437481910997,76.64499113070161,7114590
2020-01-16,77.05683898925781,77.547147088651,76.13505869836193,76.13505869836193,8552344
2020-01-17,77.42948913574219,77.60599689101542,75.95856457421024,76.86072951054277,4698386
2020-01-20,80.27327728271484,82.76404395813306,79.7241331725889,80.17521564447149,49337827
2020-01-21,78.68466186523438,80.13597598687902,78.05707174578275,79.88101683582886,17283910
2020-01-22,78.46895599365234,79.37112109744157,75.72322963580731,78.64546910187364,56787054
2020-01-23,79.21419525146484,81.35194070975601,76.0566131945376,77.17451673400927,226059260
2020-01-24,77.25297546386719,77.7236734479972,76.19391297985108,77.0568521905104,16151679
2020-01-27,75.70359802246094,77.05684529542296,75.4290233362568,77.03723509791571,8213919
2020-01-28,74.70337677001953,75.70360870792994,74.17384284055925,75.70360870792994,9174575
2020-01-29,75.46825408935547,76.01739817823817,74.23267323913919,74.70337121257246,17600091
2020-01-30,76.25273895263672,76.5861495378954,75.075999465971,75.46824596152624,26386034
2020-01-31,73.2912826538086,76.68421946383737,72.60485121227188,76.6057680281595,63986362
2020-02-03,73.4874038696289,74.13460957524417,69.60416431575327,70.95741164200628,16329297
2020-02-04,76.23313903808594,76.60577541320288,73.74237221749797,73.87965958307709,14207381
2020-02-05,74.27191925048828,76.76268651011256,73.74238521573578,76.13509081411647,14550344
2020-02-06,75.66436767578125,75.99777825428255,73.99732010345825,74.50723840927189,9175642
2020-02-07,74.68376159667969,75.62515223070982,73.95810443204955,75.62515223070982,18058457
2020-02-10,73.1932144165039,74.95832367836684,72.4675573225902,74.8014261413491,30471811
2020-02-11,74.33073425292969,74.99755548969485,73.78159016863233,73.93848771840527,32456571
2020-02-12,74.27191925048828,75.27215138728425,73.95812406258304,74.54649403004457,16386952
2020-02-13,74.74259185791016,74.9779408286546,73.62468823701191,74.05616046334609,18581113
2020-02-14,72.21260833740234,75.0760114023187,71.93803361878555,74.72298524404442,23830630
2020-02-17,72.01647186279297,72.87941626016948,70.82012220842338,72.5656158792219,17670292
2020-02-18,72.56562805175781,73.09516196078457,70.93780592564063,71.62423739136824,30879880
2020-02-19,73.54625701904297,73.72277012565743,71.78114723363927,72.95788709057507,22313738
2020-02-20,74.23268127441406,74.80144094386232,72.91865948669697,73.54624975896225,25907657
2020-02-24,72.99708557128906,74.21305070031647,72.58522890315584,74.13459927772762,14921452
2020-02-25,73.01670837402344,73.62468833912129,72.70290797253436,72.99709285632697,17807428
2020-02-26,72.8990249633789,73.8992566744231,72.1537577191901,72.56561439303083,17113656
2020-02-27,73.13439178466797,73.62470000199191,71.11432299333023,72.60485784592117,28472046
2020-02-28,71.19276428222656,72.68330435379917,70.2709838322066,71.95764717739263,28010970
2020-03-02,71.97724914550781,73.42856333235153,71.29081776635972,72.07531077110039,19540018
2020-03-03,75.19367218017578,76.37041168082604,71.40849451712086,72.09492589250017,16039306
2020-03-04,77.29219055175781,77.66482684795679,73.95809536326593,74.80142425867129,16939245
2020-03-05,76.86072540283203,78.27281397047253,76.3115813265785,76.89995111974672,9715265
2020-03-06,74.76219940185547,75.54669239637035,73.8011986756849,74.722973688093,14371982
2020-03-09,70.97701263427734,73.97769688814219,69.80027329392385,72.5263882271493,69609292
2020-03-11,71.15353393554688,72.13415023983342,69.52571193446799,70.40826660832589,42604599
2020-03-12,65.15217590332031,69.7806835571187,64.6226419405098,69.11386754336668,58418097
2020-03-13,65.85820007324219,67.7017606904795,58.640865775445626,63.8577419252191,44617540
2020-03-16,64.23554229736328,66.24862376201712,63.035831705568654,66.04528242279903,39669086
2020-03-17,65.88260650634766,69.2784077709804,63.34083991844688,63.66618383530358,35460792
2020-03-18,58.62331008911133,67.0619737302511,49.67628770059201,66.69596050684456,119909061
2020-03-19,59.84336471557617,61.775107216672815,56.976248851725224,59.131670109908995,44039786
2020-03-20,63.95085525512695,65.82159631414592,60.29071186330167,60.29071186330167,131485883
2020-03-23,62.22246551513672,63.381512236350105,57.56594670302848,57.56594670302848,39665620
2020-03-24,59.90436553955078,63.93052245984349,59.13166964834085,61.83610802556868,42302851
2020-03-25,61.10409164428711,63.828862398890415,60.331390108815114,60.39239692602707,23309603
2020-03-26,64.39822387695312,65.76060652356603,59.88404475603346,61.24643291863355,25329120
2020-03-27,65.06924438476562,67.61101109714083,63.70685632373515,64.49988974439093,28883749
2020-03-30,63.300167083740234,65.02856826887135,62.24279113787453,63.03582447627036,22364337
2020-03-31,64.7032241821289,65.80126397519983,63.60517887307178,64.41854413430337,24838523
2020-04-01,62.8731575012207,65.86227066862521,62.28346543206672,64.66256011949996,14182117
2020-04-03,63.52384567260742,65.25224700324453,61.71411111835586,62.852820376851525,21066826
2020-04-07,64.25587463378906,65.84193585043188,63.605181296811224,65.4759225721276,24741992
2020-04-08,64.39822387695312,66.16728922786533,63.13750639042786,64.21521445362356,21481260
2020-04-09,66.87898254394531,67.79401853376945,64.39821720166921,65.43525578374191,15607786
2020-04-13,65.04890441894531,67.06198578347598,63.95086455137215,66.69597249428493,14901247
2020-04-15,64.88623046875,66.65530108089905,64.43887845524307,65.65892639245119,25249654
2020-04-16,66.45195770263672,67.79401370164699,64.05253127020688,64.33720580382514,31150756
2020-04-17,68.22103881835938,70.45779364689702,66.79764938201724,68.18036944555217,18536308
2020-04-20,67.30599212646484,68.81072007086823,65.9436042064217,68.81072007086823,24177042
2020-04-21,66.1469497680664,67.50933777555557,65.94360843906763,66.69597245956044,13915863
2020-04-22,65.96394348144531,66.18762226350161,63.68652490187207,65.06924490118064,19702407
2020-04-23,64.25587463378906,65.84193585043188,64.0932026785412,65.67926389518402,32128585
2020-04-24,64.72354888916016,65.10989955155301,63.34082920246747,63.8491824340446,33134279
2020-04-27,64.90658569335938,65.67928182875939,64.11355211050878,65.67928182875939,9762001
2020-04-28,63.93052291870117,65.23190954606937,63.767850969276694,65.08956952182814,26134701
2020-04-29,64.27620697021484,65.31325103401777,63.44250974675348,64.86589901723924,14509262
2020-04-30,65.90293884277344,66.47229345880903,63.93052685509072,64.9065696437078,18702868
2020-05-04,64.68289184570312,65.679266575739,64.09320529436458,65.43525587491526,12598146
2020-05-05,66.55363464355469,67.44833872735448,65.1505772203202,65.65893055975491,18305545
2020-05-06,67.26531219482422,67.77366540484587,66.16726705478331,66.24860577478091,12853774
2020-05-07,65.78093719482422,67.10265584769785,65.47592519800723,66.55363315022993,8561359
2020-05-08,64.66256713867188,66.12662599109295,64.29655380456342,66.12662599109295,30898767
2020-05-11,64.58121490478516,66.0452734514811,64.39821103393948,64.7845562163822,9453421
2020-05-12,66.41128540039062,67.10264805259033,64.13386165218772,64.45921105392299,19986028
2020-05-13,67.773681640625,69.90876563419403,65.90294027639577,69.72576174433726,27175817
2020-05-14,65.39458465576172,66.69597134602093,65.06924074119016,66.69597134602093,26454121
2020-05-15,64.9878921508789,65.78092540688623,64.35753634347817,64.74388149395469,20009870
2020-05-18,62.832496643066406,65.15058483212829,62.344475173796845,65.00825029324646,32898286
2020-05-19,64.27620697021484,64.78456028110263,62.62914444933304,63.03582709804326,12276533
2020-05-20,64.43888854980469,65.33359271697687,63.34084854389768,63.544189898619784,24677051
2020-05-21,64.62187957763672,65.00823024800981,63.84918375287624,64.07285697299601,17176100
2020-05-22,63.38151550292969,64.25588219172013,62.669820788520965,63.8491994977723,25080927
2020-05-26,63.99152755737305,64.54054467857465,63.23916361130007,63.50350620965381,18512685
2020-05-27,63.91020584106445,64.21521788559022,63.34085112781385,63.99154459266632,22655078
2020-05-28,63.95085525512695,64.39820721732498,63.46283392982261,64.39820721732498,25797051
2020-05-29,64.07286834716797,64.52022038280683,63.68652312419683,63.95086575380586,63844851
2020-06-01,64.6015625,65.49626110206945,64.13387299702366,64.47955438427213,45314328
2020-06-02,67.12298583984375,68.46504189675052,64.4998860524111,65.00823936578796,43626060
2020-06-03,66.91963958740234,68.11935552503483,66.63496506246291,67.3059902835175,13811685
2020-06-04,68.8310546875,69.11573474735205,67.14332280234223,67.18399217031916,23992166
2020-06-05,69.72575378417969,70.88480035156475,66.91963930019921,67.91601392317617,22851633
2020-06-08,70.09178161621094,71.12882030399003,69.4817575608145,70.53913369336577,11723588
2020-06-09,69.35973358154297,70.78312823467301,69.13606035210042,70.76279079455082,8412588
2020-06-10,69.1563949584961,69.6444163165537,68.56670845982813,69.35973627168907,10101681
2020-06-11,69.54276275634766,72.51154996840337,68.26171327149595,68.34304650717642,22109491
2020-06-12,67.63133239746094,68.89204959189854,67.3466578799982,67.52966174494155,20331770
2020-06-15,66.3909683227539,67.50934576459574,66.12662566697055,67.18400180609119,13833335
2020-06-16,66.16728210449219,67.61100885891969,65.65892877884588,67.38733560202995,13972830
2020-06-17,64.86590576171875,65.80127374461323,64.3982217702715,65.41492849775986,28371013
2020-06-18,67.28567504882812,67.63135094942773,64.86591064870633,65.35392660507559,19720997
2020-06-19,69.70543670654297,70.0714555833681,67.12300021820957,67.44834971805551,21577413
2020-06-22,72.63353729248047,73.10122122616743,69.40040809197325,71.73883327639437,33039735
2020-06-23,76.23269653320312,76.86305255864173,72.81656270259268,73.81293208202747,34298071
2020-06-24,72.5928726196289,76.61903543639318,71.98284861902665,75.94800462294134,32910525
2020-06-25,72.93856048583984,74.54495937022183,70.90514696940046,72.55220971132148,40909792
2020-06-26,72.87755584716797,74.05693452951274,72.45053571867261,73.58925054533997,11954078
2020-06-29,72.49120330810547,73.32490610077356,72.04385126276976,72.38953263943766,7547198
2020-06-30,71.10848236083984,73.18256507695901,70.76280098882219,72.79621433482397,11889584
2020-07-01,70.53912353515625,71.33215138337684,69.9087621257648,71.1694794285613,15209917
2020-07-02,71.21015930175781,71.9015221067022,70.19345253918502,70.55946587051378,15481100
2020-07-03,72.22686767578125,72.95889435477099,71.21016089052475,71.57617423001962,22720042
2020-07-06,72.3895263671875,72.67420642118574,71.49482787002479,72.55219831976379,11724475
2020-07-07,70.39679718017578,72.59288278672229,69.82744246973594,72.59288278672229,20855578
2020-07-08,69.03440856933594,71.0271528028379,68.64805777725434,70.35612741510599,16818545
2020-07-09,69.76641845703125,70.152763609518,68.93271583453433,69.33939842619556,16110083
2020-07-10,70.19344329833984,70.66112724435611,68.93272597552338,69.7867606468498,23809286
2020-07-13,68.77005767822266,70.8441404144066,68.40404437559884,70.19344703419384,10803798
2020-07-14,66.43164825439453,68.64806604542987,66.28930818143179,68.52606342059788,16288923
2020-07-15,66.51299285888672,67.63137066948053,66.32998889038298,67.12301711921062,15061461
2020-07-16,65.96394348144531,66.89931694861495,64.86590356257682,66.89931694861495,15458966
2020-07-17,66.41128540039062,66.634964148331,65.7402601885415,65.7402601885415,13711930
2020-07-20,66.49263763427734,66.79764965760907,66.02495363503279,66.41129888832737,8390572
2020-07-21,70.62046813964844,70.9458176177171,66.73665045985767,66.73665045985767,33717545
2020-07-22,73.06056213378906,73.77225685522404,70.6814727634961,70.7628059934964,46076322
2020-07-23,73.91459655761719,74.23994602406074,72.16586317093626,72.3895364473767,18738194
2020-07-24,74.01626586914062,74.524619229863,72.65387775920723,72.99955914769585,14438899
2020-07-27,73.56890869140625,73.8332568333847,72.6945420749779,73.73158616831194,11938756
2020-07-28,73.97559356689453,74.3619443121349,72.67421232458543,73.2842363332891,11893746
2020-07-29,73.91459655761719,75.03297397179355,73.40624318753703,73.73159265398058,13335993
2020-07-30,71.9218521118164,74.52462025118733,71.41349874412727,74.21960823057384,23995122
2020-07-31,72.51153564453125,72.93855021646719,71.65750098467295,71.82017293988729,14354565
2020-08-03,72.61321258544922,72.99955782299514,70.80347244772352,72.79621648239616,12500988
2020-08-04,72.49120330810547,72.81655275743452,71.4134953234241,72.32853134143434,9628257
2020-08-05,71.55582427978516,72.36918950314899,71.23047488084805,72.00317625583244,10577794
2020-08-06,71.5354995727539,72.28786364148161,71.33215823071869,71.84051158580674,8564058
2020-08-07,71.55582427978516,72.36918950314899,71.27114424521343,71.49482299123005,8026904
2020-08-10,72.08450317382812,72.71486447648063,71.6778205976596,71.92183124655782,7766140
2020-08-11,71.9218521118164,74.15860692964857,71.39316681581454,72.45053740781827,21833550
2020-08-12,72.40986633300781,72.97922094486604,70.43745435979667,71.65750232062997,19435650
2020-08-13,72.6945571899414,73.32491875405191,71.73885163634581,73.18257869015677,10641012
2020-08-14,71.3321533203125,73.4672372647061,70.80346807380965,73.4672372647061,17130105
2020-08-17,72.65388488769531,74.21961449554036,71.4135047722267,71.57617676042113,17368089
2020-08-18,72.28787231445312,73.16223908691218,71.79985634460947,73.14190715666403,13890131
2020-08-19,72.12518310546875,72.95888030240856,72.00318052113141,72.59286703341026,12400644
2020-08-20,73.69091796875,76.49702726610083,71.75917530170598,72.06418730176556,44062975
2020-08-21,76.90370178222656,77.47305635213087,74.26026472854089,74.42293667480125,49949864
2020-08-24,75.33799743652344,77.53408874161187,74.99231598916782,77.12740598377889,19724617
2020-08-25,75.13462829589844,75.96833095100163,74.42293373265679,75.8463228591401,10109220
2020-08-26,75.37865447998047,77.12739336207841,74.87030111587997,76.04967981739573,18000615
2020-08-27,75.31764221191406,76.31401686685619,75.11430089588393,76.009004892811,10363056
2020-08-28,74.13825988769531,75.94799419814845,73.93491858207231,75.84632354533696,12114955
2020-08-31,72.77587127685547,75.37863885845306,72.3895205938119,74.6262749323074,24259718
2020-09-01,73.36557006835938,74.13827156421331,72.63354345921933,72.81655286949774,16505345
2020-09-02,75.37899017333984,76.16938664354547,72.9037954363429,74.02699428087045,30959608
2020-09-03,74.25580596923828,75.48300473975894,73.9022058453302,75.0462025952801,11884498
2020-09-04,72.82061004638672,74.04780311750733,72.25901053950686,73.71500633538695,17373558
2020-09-07,73.27820587158203,73.611008303588,71.98861407988689,72.82061169638436,13069001
2020-09-08,72.75821685791016,73.21581673518018,72.27981929445109,73.15341803426739,9597878
2020-09-09,72.90380859375,74.02700764098832,72.13420966451967,72.79980889094442,20122483
2020-09-10,73.88140869140625,74.23500881785115,72.44621050150727,73.21580944910028,19635358
2020-09-11,72.8622055053711,74.1726062372112,72.42540902298761,74.08940422040253,31182063
2020-09-14,71.34381103515625,73.83980383194185,71.03181193555805,73.83980383194185,14143608
2020-09-15,72.09262084960938,72.3422156451519,71.13582011142954,71.48942026157545,7858789
2020-09-16,71.53102111816406,72.15501939034367,71.05262357129546,71.96781765175159,13201491
2020-09-17,70.01261138916016,71.30220877329813,69.84621300076859,71.28141109062845,10765947
2020-09-18,71.51022338867188,71.96782328589681,69.59662740904228,70.34542877968653,23788415
2020-09-21,70.92781066894531,71.42701147421336,69.74221298819222,71.13581006408288,13331596
2020-09-22,70.22061157226562,70.90701410088423,69.26381659653181,70.22061157226562,9039386
2020-09-23,68.1822280883789,70.67822121674295,67.72462821970971,70.67822121674295,8404497
2020-09-24,66.2894287109375,68.66061855261536,65.93582859246462,67.4958241365994,20770480
2020-09-25,66.87181854248047,67.59981638277306,66.4350164528983,66.97581823395085,8761400
2020-09-28,69.95021057128906,70.32460834436908,66.97582042634151,66.97582042634151,16915185
2020-09-29,67.9326171875,70.47021093909302,67.59982041189701,70.30381255129154,13468026
2020-09-30,67.57903289794922,67.91183539376037,66.6846364172089,67.78703234195143,14349950
2020-10-01,68.47342681884766,69.05582406382135,67.72462552472831,68.5358255161046,14856837
2020-10-05,67.74543762207031,69.22223143182698,67.45423614071312,68.2238352194319,10360105
2020-10-06,67.89102172851562,68.39022257506315,67.32942782908111,67.84942635992431,8989183
2020-10-07,66.3934097290039,67.8910005160353,66.14380938371754,67.80780416250212,17614061
2020-10-08,65.8526382446289,67.01743850943437,65.72784083591753,66.64303499860826,12953710
2020-10-09,65.72782897949219,66.28942850208028,65.18702714048904,66.01902476140621,11980039
2020-10-12,66.47662353515625,67.72461994689078,65.95662503026686,66.22702312434036,20670634
2020-10-13,66.74703216552734,67.39183379878175,66.227033578554,66.5598360596244,11179799
2020-10-14,65.33262634277344,66.89262184594146,65.02062724213984,66.7470211371768,13362234
2020-10-15,64.79183197021484,65.332628169496,64.31343446433613,65.14543208928868,15536883
2020-10-16,66.12303161621094,67.05902904098481,64.62544025044919,64.93743939204049,18673957
2020-10-19,66.45582580566406,67.55822150679364,66.31022509592736,66.53902218098156,18793008
2020-10-20,65.39502716064453,66.72622562356761,65.27022977327144,66.55982722628849,13701957
2020-10-21,68.11982727050781,69.11822336233999,65.41583479885855,65.5614355219549,36573148
2020-10-22,68.6814193725586,69.0142161528929,67.05901955198067,67.45422066567934,39056262
2020-10-23,70.78221893310547,71.30221748684143,68.51502862422394,68.68142703295037,29149043
2020-10-26,71.57262420654297,71.94702205223652,70.57422242823264,70.74062084383581,36760149
2020-10-27,72.17581176757812,72.9454107084679,71.34381413252864,71.57261686757428,23610507
2020-10-28,71.90542602539062,72.61262639369035,71.36462972658217,72.61262639369035,14060472
2020-10-29,71.38542175292969,72.09262206514543,70.82382216879903,71.15662463904285,17654072
2020-10-30,71.13582611083984,71.55182499495565,70.4286257509046,70.92782666878195,22904945
2020-11-02,71.98861694335938,72.5502108429576,71.53101710761494,71.78061753096146,13423596
2020-11-03,74.8590087890625,75.17100791217345,72.32141479262434,72.38381348877748,27441682
2020-11-04,73.67340087890625,74.87979619418591,72.65420162638777,74.85899851243839,19461431
2020-11-05,74.4845962524414,74.79659531390469,73.46539706139033,74.04779418098632,10248002
2020-11-06,74.23501586914062,74.6510147298028,73.67341627877755,74.15181384006992,8815864
2020-11-09,76.56461334228516,76.83501148287002,74.50541665178143,74.83821349521729,15228920
2020-11-10,77.33419799804688,77.72939347078567,75.5246020980688,76.25259999465293,13815795
2020-11-11,78.8941879272461,79.45578175113252,76.50218936480445,76.50218936480445,15502357
2020-11-12,78.83179473876953,79.43499529558632,77.8542020080147,79.24779356627208,26079694
2020-11-13,78.56138610839844,79.01898588583839,77.45899049161885,78.45738641545047,11968619
2020-11-14,78.20780181884766,78.99820415875838,77.79180296304015,78.62380067465516,1162700
2020-11-17,77.7085952758789,78.72778893897538,77.31339416339888,77.79179164953354,16872514
2020-11-18,77.1261978149414,78.91499037142495,76.85579408508329,77.70859499781898,16685757
2020-11-19,78.95660400390625,82.0349944419114,74.214212482218,74.25581349672056,64832376
2020-11-20,79.80939483642578,80.70379684875907,78.66539803607378,80.49579743051325,27479934
2020-11-23,81.01580047607422,81.49419803614268,79.24779968043748,79.87180361217997,20909280
2020-11-24,80.91179656982422,82.24298946617236,80.39179802226353,81.1197959888485,15308572
2020-11-25,81.24458312988281,82.13897939034118,80.51658525517455,80.91178635838261,19854793
2020-11-26,82.2221908569336,82.84618910699194,80.22539307133971,81.18219377350302,24879552
2020-11-27,80.03819274902344,82.22218650873025,78.49899489000636,82.22218650873025,46793847
2020-12-01,80.01740264892578,81.72299918593677,79.72620681824083,81.05739984925616,18193922
2020-12-02,80.76620483398438,81.20300140559465,78.8526088375877,80.2254028989451,15836732
2020-12-03,80.47498321533203,81.16138007420736,79.45578394688305,81.11978471006215,21308517
2020-12-04,80.8493881225586,81.93098617500158,80.18379452937374,80.78698942849064,14838659
2020-12-07,80.49579620361328,82.05579181667979,80.0797973734622,80.28779678853773,22078115
2020-12-08,79.70539855957031,80.95339512278635,79.49739913236763,80.7038003240196,15896364
2020-12-09,80.16300201416016,81.01580308925047,79.49740268886538,80.24620404570169,18701467
2020-12-10,80.18380737304688,81.28620328597694,79.6638031262673,80.2878070939336,13612880
2020-12-11,80.32939147949219,81.22379347064215,79.93419597959227,80.70379493734343,14876364
2020-12-14,80.8285903930664,81.95178945503628,80.20459216804872,81.53579063835781,20316890
2020-12-15,80.20458221435547,80.99497873948431,79.60138174809315,80.87018136690662,16084083
2020-12-16,81.61898040771484,81.88937848819307,80.1005859782497,80.99498223322139,35024972
2020-12-17,82.51544952392578,83.41189351805949,81.78975538822296,82.51544952392578,23058726
2020-12-18,82.77156066894531,83.1557492211291,81.98183621785326,82.5154330375241,20310375
2020-12-21,79.18577575683594,82.47273408131727,78.73755679890455,82.38736207451362,21609326
2020-12-22,81.23480224609375,81.55496034410662,78.97234821286504,79.16444538763123,23934507
2020-12-23,81.08538818359375,81.83242369226134,80.67985230578734,81.74704588959818,9836093
2020-12-24,81.10674285888672,82.06722302957651,80.8719625484293,81.2134622345304,12945145
2020-12-28,81.76838684082031,82.08854489092681,81.10672339666307,81.19210119264957,6879688
2020-12-29,80.97868347167969,82.23797444430045,80.67986689820795,81.78974958409283,8549660
2020-12-30,81.1921157836914,81.38421296423522,79.74073352035968,81.10673797236163,19132583
2020-12-31,81.04270935058594,81.53361730214762,80.27433219074125,81.32017855886893,23272111
2021-01-01,80.89329528808594,81.06405090241628,80.46641783205217,80.67985656006906,3074621
2021-01-04,80.445068359375,81.27748163268939,80.25297120710384,81.10672603516147,7133203
2021-01-05,80.25299072265625,80.89330699940864,79.48461350651215,80.89330699940864,10478882
2021-01-06,83.7320327758789,84.35100159672953,79.82609952512655,80.25297696980803,54265234
2021-01-07,84.11621856689453,86.14388636281198,83.45456086523765,84.52175444203631,40129922
2021-01-08,86.89093017578125,87.08302735393318,84.32966534653572,84.84192062834333,29487917
2021-01-11,86.89093017578125,87.5099048254741,85.99448632756607,87.08302735393318,12726089
2021-01-12,86.9549560546875,87.40318085011498,85.35416562079499,85.82373197271598,31454127
2021-01-13,87.50989532470703,88.19290036299932,86.48538487232078,86.9976400985139,23792586
2021-01-14,87.55257415771484,88.57708456004613,86.91225805120546,87.91542110938256,12024674
2021-01-15,86.6561508178711,87.83006387728138,86.44271207979651,87.06168094627503,13530190
2021-01-18,83.56128692626953,86.22927108229396,83.04903165235437,85.90911298357102,26118654
2021-01-19,85.22610473632812,85.37551300153072,83.34784511778449,83.47590603658902,19382828
2021-01-20,83.7320327758789,85.631633930774,83.30515533119741,85.37551209588183,21158179
2021-01-21,83.30516052246094,84.3936957582738,82.87828305117806,83.86009891917018,12509109
2021-01-22,82.89962005615234,83.7960638545953,82.38737059268205,83.24112548836182,16720401
2021-01-25,81.1921157836914,84.0095082889214,80.93598813959844,83.00634506033013,9393599
2021-01-27,82.10989379882812,82.96364867557531,80.80791992774698,81.106730660671,18874916
2021-01-28,79.95415496826172,81.5122562638595,79.31383889144934,81.5122562638595,16072463
2021-01-29,78.73755645751953,80.67984631999477,78.11858190887385,80.55178541539685,13415015
2021-02-01,80.63716888427734,80.87194915585464,77.90514868831042,78.73756199644029,9485240
2021-02-02,82.89962005615234,83.51859467147857,80.76523281695292,81.53360990710634,10803602
2021-02-03,88.15022277832031,89.64429395829887,83.02769301839383,83.02769301839383,73411707
2021-02-04,87.65929412841797,88.64111563927622,87.16838626793654,88.1502077787948,23523019
2021-02-05,88.4063491821289,88.91859867698629,85.90911480127325,87.78737452887624,28755118
2021-02-08,90.73281860351562,91.09566557704832,87.80870704960492,88.15021246759274,28436890
2021-02-09,89.96443176269531,92.82451254907267,89.6442737249618,89.6442737249618,27738169
2021-02-10,89.83636474609375,91.3517829264437,88.36364125182668,89.87905364228158,34189378
2021-02-11,91.24507904052734,91.6932980517034,88.9399419446722,89.15338067187908,20504448
2021-02-12,90.77552795410156,93.48620140363201,89.8790839910423,93.48620140363201,25066544
2021-02-15,90.69013214111328,91.97077025563328,90.3059436017052,91.35179564943994,8599603
2021-02-16,96.28223419189453,98.13915813407269,91.05298518495024,91.09567408992496,80200957
2021-02-17,98.20317840576172,98.69409210612648,94.85219504870754,96.26088832046942,39034960
2021-02-18,100.95655059814453,101.72492777220454,97.5415306425062,98.60872437864319,44291912
2021-02-19,99.12096405029297,100.7857906479353,97.64823461080803,99.67590238957663,36335681
2021-02-22,96.02610778808594,99.84666327895994,95.44982207299657,99.22768866092025,25800846
2021-02-23,96.51703643798828,97.79766327242216,95.89806168693603,96.36762814050354,18293559
2021-02-24,95.08698272705078,97.41346733096753,94.59607477839668,96.53836501477018,11421326
2021-02-25,97.13599395751953,99.37709486263977,94.25456527403082,95.49251455652826,30696079
2021-02-26,91.47985076904297,97.00791560265948,90.15652962614179,94.55337046933629,38070699
2021-03-01,97.00792694091797,97.66958469475519,92.80318275875334,92.845871663171,31441940
2021-03-02,96.06880187988281,97.90437280745181,95.34311360637963,97.75497031489593,18223787
2021-03-03,97.1146469116211,98.24587683119914,95.49251485282029,98.18184057922589,19350542
2021-03-04,96.11148071289062,98.16049596481702,95.21503690204133,95.21503690204133,22865747
2021-03-05,94.01979064941406,96.47433622519844,93.63560206509668,96.47433622519844,17342685
2021-03-08,95.71540069580078,97.34580118899682,94.34586546091461,94.71542408543755,15749448
2021-03-09,93.91109466552734,96.56321405591244,92.71546760319734,95.86757531297644,12585004
2021-03-10,93.54154205322266,95.19368491119384,93.04155370163662,94.78064772245278,10661165
2021-03-12,95.67192840576172,96.0414870543723,93.6502328418241,93.78066842797702,18173078
2021-03-15,97.45449829101562,98.4762171519834,95.54149615173138,96.0849630036299,30092241
2021-03-16,97.58492279052734,98.78054972891161,97.17188567119777,97.88926065482991,14767699
2021-03-17,95.84583282470703,97.82404965980727,95.36758085117958,97.80231334614379,12571132
2021-03-18,96.106689453125,97.17188673229592,95.71539453932479,96.08495314007749,14232655
2021-03-19,100.08487701416016,100.91093951651828,95.2806267153448,96.47625373721851,70334403
2021-03-22,97.1936264038086,101.91092543343046,96.60668696132304,101.91092543343046,29180881
2021-03-23,95.21540069580078,97.38926775305725,94.99801399007514,97.19361735910745,38455903
2021-03-24,96.106689453125,97.34579492765243,94.30238086944084,94.36759570557551,24398959
2021-03-25,94.08500671386719,97.12842117845618,93.62849690297601,96.10670228594557,20272124
2021-03-26,93.30239868164062,96.51972074066555,92.23720146687945,95.3675723819799,25184863
2021-03-30,96.23712921142578,97.25884801198322,93.6502247905455,94.30238497426399,53328751
2021-03-31,93.75891876220703,96.12843647053943,93.32414530357667,95.60670596138603,20694060
2021-04-01,95.08497619628906,95.36757774968528,93.36761876897086,94.19368711620297,11229344
2021-04-05,93.10676574707031,95.21541836327353,92.75894931216774,93.56328145199694,14484908
2021-04-06,90.95462799072266,95.21541144202183,90.65029010655358,93.56327465083983,25301732
2021-04-07,91.54157257080078,93.99804731964714,91.10679911394195,91.69374446009986,22841720
2021-04-08,90.86767578125,92.82415633086607,90.65028905351487,92.15025393669177,20468881
2021-04-09,90.5633316040039,91.93286680329348,90.43290192673533,91.04158358230931,11773021
2021-04-12,87.45469665527344,89.84595048752236,86.3025482609519,89.84595048752236,18544315
2021-04-13,90.75897979736328,91.04158135586235,88.01990356877664,89.19379422345553,19831072
2021-04-15,90.34593200683594,91.91111739604945,90.01985196312444,90.38941052539579,10159348
2021-04-16,91.23724365234375,93.38936893702437,90.10683137406056,90.21552474895331,22020846
2021-04-19,87.47643280029297,89.99812219312541,86.95470823063216,89.49812803883653,18404990
2021-04-20,88.56336975097656,89.43291663071345,87.6720865580431,89.12857876100085,14467660
2021-04-22,88.45465850830078,89.08508222745536,87.47641846636569,88.69378739007952,11626459
2021-04-23,91.80243682861328,92.56329036986394,88.69380782518768,88.82423750203371,38318040
2021-04-26,93.82412719726562,94.10673464367882,90.51984795782312,90.51984795782312,19139358
2021-04-27,94.1937026977539,95.86758187906041,93.82414403741458,93.93283741416184,15270611
2021-04-28,96.0414810180664,96.38930332895363,94.04152189569064,95.1284555603522,16383579
2021-04-29,95.71540069580078,97.23710782278376,95.23714870506477,96.997984775912,14761969
2021-04-30,95.67192840576172,96.65016876544053,94.19369970831232,94.67195173022054,16897105
2021-05-03,95.99800109863281,96.8892902289134,94.23717094623726,94.56325104090253,15528063
2021-05-04,94.80237579345703,96.3893036670228,94.21543633007522,96.25886808861041,20857434
2021-05-05,94.86759185791016,95.80235358735204,94.2589043159552,94.80237112342051,23178237
2021-05-06,93.65021514892578,95.38930879312926,92.86762536783094,94.97627759082602,18823613
2021-05-07,93.28067016601562,94.25891048346095,92.82416037667154,94.06326595816748,12509591
2021-05-10,95.58497619628906,95.71540588401763,93.45458728243449,93.65023181402734,17845577
2021-05-11,97.12841796875,97.9110137719784,94.9545505658812,95.65018931419776,22995780
2021-05-12,98.23709869384766,102.171796526956,96.97625082083599,97.1284227258884,55645370
2021-05-14,99.4979248046875,99.9979189993383,97.32406341012845,99.01967871814013,18820793
2021-05-17,99.30228424072266,100.43269049261836,98.73707521778249,100.4109541789251,10996347
2021-05-18,101.345703125,104.28043550550775,99.34575010955501,100.38921103569038,52885042
2021-05-19,101.62832641601562,103.47611374016188,100.60661343672902,101.82397684442824,28081040
2021-05-20,99.5414047241211,102.15004535598015,99.3022816916642,101.73700823047227,10707136
2021-05-21,99.10663604736328,99.67183918595948,98.25882544247654,99.15010867572263,21702883
2021-05-24,100.43270111083984,101.91093571405217,99.30229473943223,99.56315411929987,22028927
2021-05-25,101.25875854492188,101.9326549919259,100.49790505450162,101.30223116963805,9165363
2021-05-26,98.08491516113281,101.65005391561859,97.80231359781874,101.38919456301628,18322114
2021-05-27,99.25880432128906,99.82400747287201,97.06320065899462,98.56317148764623,51194207
2021-05-28,98.01969909667969,100.43268935700907,97.73709163990893,100.43268935700907,15307498
2021-05-31,98.10664367675781,98.51968078053474,97.2805753661958,98.2588155516752,13102261
2021-06-01,97.56319427490234,99.12838002969659,97.34580752831961,98.38926273251813,15733731
2021-06-02,98.88924407958984,99.19358784393947,97.43275188790317,97.47623041095198,7995532
2021-06-03,98.3892593383789,100.62834746853342,98.10665775696886,99.58488640333832,10291328
2021-06-04,98.32404327392578,99.19359611644443,97.7370979062972,98.25882843240986,6142487
2021-06-07,102.71525573730469,103.38915225610117,98.65012261887432,98.82403082724187,18058790
2021-06-08,101.75875091552734,103.8891456158735,100.88920398379177,103.8891456158735,22511761
2021-06-09,105.25867462158203,106.73689715880008,101.6500458355278,102.60654970901226,39865778
2021-06-10,105.06303405761719,107.8238407885047,104.45434650098798,107.8238407885047,32690784
2021-06-11,107.08472442626953,108.17165807626036,106.08474782707495,108.17165807626036,29142097
2021-06-14,108.12818145751953,108.60642752827245,105.258681445033,107.80210137455586,18732629
2021-06-15,107.64993286132812,109.34554217656999,107.41079803757721,108.93250505570884,15026686
2021-06-16,105.28042602539062,107.60645941558529,104.7586954928839,107.32386373121716,30706682
2021-06-17,104.28045654296875,106.10649584111368,102.93265159197341,106.10649584111368,22261167
2021-06-18,101.30223846435547,106.51951991721654,100.0413907289868,106.08474646281145,49278209
2021-06-21,102.10657501220703,102.36743436363048,99.30228391147435,100.82399098074183,11719831
2021-06-22,101.75875091552734,103.04133499863431,100.88920398379177,100.88920398379177,10961545
2021-06-23,100.97615814208984,102.60655859237166,100.86746477873771,102.49786522901952,10721151
2021-06-24,100.49790954589844,101.28049938365186,99.17184111100063,100.9761556150854,12964208
2021-06-25,100.36744689941406,101.21525729224396,99.73703497595933,100.62831798627508,7736431
2021-06-28,100.80225372314453,101.08486121259266,100.30227128010245,100.86747446501283,9989595
2021-06-29,102.60657501220703,103.43264942347136,100.7153149048211,101.12834031646663,61089570
2021-06-30,101.04139709472656,103.30222181885794,100.86748296441382,103.10657137075282,17437744
2021-07-01,100.34573364257812,101.28050127910103,100.0848742897732,101.1065871812413,15924813
2021-07-02,99.10663604736328,100.47616536850197,98.95445826013571,100.34573568943898,9549992
2021-07-05,100.12835693359375,100.3892281064796,99.2805462611899,99.69358343943648,6849185
2021-07-06,99.47620391845703,100.21532127101213,99.2588171555871,99.73707511029296,5343938
2021-07-07,100.41094970703125,100.62833642225156,99.47618211399022,99.47618211399022,7228897
2021-07-08,100.49790954589844,101.36745643095433,99.80226496146305,100.04138799605653,8740010
2021-07-09,100.10659790039062,100.6283283337797,99.99790455151721,100.45441425798896,2990856
2021-07-12,99.56315612792969,100.75878326541826,99.21533968309387,100.30227344444711,5578309
2021-07-13,99.41098022460938,100.82399397373204,99.25880243677443,100.17183378182928,8264289
2021-07-14,99.97618103027344,100.62834120694342,99.32402085360347,99.41097790262306,9228746
2021-07-15,100.17184448242188,100.62835430672227,99.6935865475469,100.43270386945461,5376823
2021-07-16,101.6717758178711,102.82393001551932,100.21528968331924,100.71528379791745,15903784
2021-07-19,101.36746978759766,102.01963003732122,100.65008879530735,101.67180180227986,13725925
2021-07-20,100.56311798095703,102.73698518268174,100.41095199443005,102.12830944258945,14178067
2021-07-22,101.41092681884766,101.95439361000993,99.43271005781384,101.95439361000993,10378326
2021-07-23,101.30223846435547,101.71527560483725,100.88920132387368,101.62831855515928,6660369
2021-07-26,101.17179870605469,102.32395296302123,100.88919127125652,101.49787876436783,12963701
2021-07-27,100.80225372314453,102.10658600260939,100.28053496414164,101.3022479601725,10832912
2021-07-28,99.17184448242188,101.04137978403587,98.86750660050144,100.86746568351857,13828088
2021-07-29,97.04144287109375,100.60658775767234,96.89651837809451,99.12835321148584,28609665
2021-07-30,99.2153091430664,100.40368289581781,97.50519896563344,97.99793987745647,34142169
2021-08-02,99.12834930419922,99.70804725334659,98.14286161125021,99.4181982787729,9575755
2021-08-03,101.12830352783203,101.56307699406345,99.18631773746209,100.0268868485672,20959435
2021-08-04,101.5920639038086,102.3746537633862,100.78048442966025,101.82394543842024,23323277
2021-08-05,101.56307220458984,101.88191078238458,100.4326659632895,101.59206181856555,6621382
2021-08-06,101.44713592529297,102.31668280465263,101.18627657907882,101.73698488507952,5340311
2021-08-09,102.28770446777344,102.6065430762827,100.89643874260558,102.6065430762827,16415005
2021-08-10,100.05585479736328,102.08479743957973,99.33123242514311,102.08479743957973,11925263
2021-08-11,102.22972106933594,102.60652705857379,100.02687615237832,100.25874587438578,31279965
2021-08-12,108.40351867675781,108.80930253175052,102.20075521338232,102.60653906837504,58107755
2021-08-13,107.09920501708984,108.5774396280189,106.43254996129859,106.78036640093309,26776843
2021-08-16,104.75139617919922,106.83831786246772,104.5774939015821,106.66440379086771,21308655
2021-08-17,106.22965240478516,106.51950138815428,104.92533197962409,104.95432159555513,15962459
2021-08-18,104.69344329833984,107.82381446416076,104.43258394868165,106.49050451394561,25227527
2021-08-20,103.5340576171875,104.37462677065157,102.63553281808744,102.78045731413445,18720467
2021-08-23,101.8239517211914,104.28766811623937,100.98338258060727,104.05578656732011,13112745
2021-08-24,102.3746337890625,103.93982499681789,101.70797892986943,102.78042934395425,11029463
2021-08-25,101.73699951171875,102.8674058998101,101.47614012800108,102.72248139908115,12001351
2021-08-26,100.34571075439453,101.67902072999155,99.47616384700119,101.67902072999155,12115246
2021-08-27,101.07032775878906,101.36017671238123,99.56311555890666,100.75150098622817,8051699
2021-08-30,101.73699951171875,102.22974045539995,100.17181962144058,101.5630853932496,14512401
2021-08-31,101.65003967285156,102.63553332725158,101.41815811922888,101.7369967297083,43248333
2021-09-01,101.8239517211914,103.07030472689513,101.244253745886,103.07030472689513,11817591
2021-09-02,101.88192749023438,102.0848194393835,100.98339083744854,101.67903554108526,13545023
2021-09-03,101.76597595214844,102.49059836196442,101.09932097632084,102.02683530208837,12286475
2021-09-06,100.9253921508789,102.22971229818947,100.28772688210141,101.85290634128097,13950485
2021-09-07,100.2877426147461,100.9543975978607,99.96890403334812,100.92540798355738,12485031
2021-09-08,101.96904754638672,102.41149352532861,100.4057420214266,101.02516519173372,25370295
2021-09-09,102.35247802734375,102.73593351547673,101.40859590417112,101.7035598177946,5078350
2021-09-13,102.58846282958984,102.82443638683642,101.8805421578501,102.79493519138798,7522483
2021-09-14,102.7064208984375,103.2963486600622,102.35246664188489,102.58844014695697,8434427
2021-09-15,104.94818115234375,105.59709947495128,102.49997784230607,102.64745982481298,20064238
2021-09-16,105.862548828125,107.16039731099619,105.18414139624993,105.56758490048786,16214883
2021-09-17,105.47911834716797,106.42300063172337,104.26976129369379,105.92156429325154,21219226
2021-09-20,104.41722869873047,105.71506515854756,103.2963633913724,104.53520946703648,7833069
2021-09-21,103.76831817626953,105.24313790020142,103.50284342469361,103.85680976012817,9481007
2021-09-22,104.26973724365234,104.68268189723798,103.70931064205587,103.70931064205587,9165634
2021-09-23,105.15462493896484,105.44958882378663,104.4172152269104,104.4172152269104,10295913
2021-09-24,103.91580200195312,105.89205806684473,103.70932963734305,105.18414938757765,7093411
2021-09-27,103.82730102539062,104.50572044955862,103.29636356290641,104.12226494875821,5205649
2021-09-28,108.51725006103516,111.43740084244224,103.88631769295726,104.3287636899478,38873626
2021-09-29,115.06544494628906,115.8028548421199,107.6323435946229,108.25177270796647,53686662
2021-09-30,112.02729034423828,116.80570306938156,111.28988060263866,115.00641849903378,23618199
2021-10-01,113.17765808105469,114.15104145512566,111.87982158370211,112.5582410263645,16994903
2021-10-04,113.05967712402344,113.88557853103642,112.11579494548566,113.26614947524841,10757286
2021-10-05,112.05680847167969,115.09493979210005,111.70285410472431,113.05969318052053,17200858
2021-10-06,110.67047119140625,113.35464792638196,110.16903487885963,113.23665514559147,8929507
2021-10-07,111.08341979980469,113.00068532687116,110.67046310039953,112.6762202060609,6733699
2021-10-08,110.7294692993164,112.17479995048076,110.31652454304925,111.49638042051501,8165175
2021-10-11,114.1215591430664,115.09494267818809,111.67336770900124,112.08631248045161,12982042
2021-10-12,114.06254577636719,114.82945677131532,113.0596732464621,114.38701089010202,8539966
2021-10-13,117.63159942626953,120.64022864486344,114.53447864198819,115.09490522115654,33075614
2021-10-14,120.72875213623047,121.49565123672853,116.95321101941782,118.10356567122209,19185455
2021-10-18,120.22730255126953,123.85534928503107,119.25391918279884,123.76686970780803,38546365
2021-10-19,117.18916320800781,120.81722168175845,116.21577990986317,120.34527462747252,16174177
2021-10-20,114.6524658203125,118.13304224956087,114.06253801881655,117.98556029918689,21909934
2021-10-21,114.47550964355469,116.4222644416731,114.15104450947825,115.77334617563362,16946547
2021-10-22,114.71145629882812,116.21577699478301,112.82369213326015,115.566858813001,7705870
2021-10-25,113.64959716796875,115.03592514752934,112.38124995181713,114.71146004498628,7862419
2021-10-26,112.32225799560547,113.82656671748799,111.90930132523827,113.62009438336044,8525850
2021-10-27,112.23377227783203,113.17765442744646,111.23089974426284,112.17478189387727,9862679
2021-10-28,109.66759490966797,112.73521507411618,109.2841393885836,112.49924152251707,11095238
2021-10-29,109.16615295410156,111.28989080416116,106.95392352651598,110.2575170712879,12988035
2021-11-01,110.75894165039062,111.20138748920711,108.87117753895161,108.90066672693914,5475153
2021-11-02,109.43163299560547,112.8237186544989,109.22516061679141,111.28990840916133,10946890
2021-11-03,108.51725006103516,110.49351844928557,107.95682326569344,109.43164325566194,13957727
2021-11-04,109.16615295410156,109.63808803071882,108.69420587537152,109.10715056767573,830214
2021-11-08,111.58485412597656,112.29276273814054,108.90067763413877,110.67046116666143,11947323
2021-11-09,110.05105590820312,112.29277475468578,109.3136460240745,112.29277475468578,10381150
2021-11-10,108.78271484375,110.02156112082699,108.2812784937563,109.69709595206447,13857851
2021-11-11,107.45536041259766,109.28413434946711,106.59995782775786,109.13665238678227,8851354
2021-11-12,107.36687469482422,108.36974729497442,106.364002094674,108.36974729497442,9590673
2021-11-15,111.08341979980469,111.34888253347641,107.36686951572295,107.48485028577419,24821341
2021-11-16,110.67047119140625,112.8827008074476,110.02155290445688,111.49637264848445,23206330
2021-11-17,112.70573425292969,114.32803603776733,110.31652136895944,110.31652136895944,18359498
2021-11-18,113.56112670898438,114.71148137350232,112.70573600994432,113.17767115344023,10742933
2021-11-22,114.56399536132812,116.21579831075297,113.26615875971864,114.68198814463793,25095721
2021-11-23,119.07694244384766,119.40140758486825,113.9445745910139,114.00356497971391,19671538
2021-11-24,119.9323501586914,122.38054140911545,119.16543906682163,119.28341984921043,18120478
2021-11-25,120.49278259277344,120.93522855088644,118.72299876032145,119.5193990845019,18537454
2021-11-26,119.16544342041016,120.90572603585247,118.45753469598624,120.37480049359185,12814537
2021-11-29,118.13307189941406,120.34530171026451,117.10069798768384,117.3956619624639,16066147
2021-11-30,121.96757507324219,123.58987655547395,118.16254548848889,118.16254548848889,37739647
2021-12-01,122.23304748535156,123.14744046690915,120.75822783904127,122.11506671449193,20332817
2021-12-02,126.53951263427734,127.42440433102054,121.82009025164695,123.29490974621895,33758843
2021-12-03,121.5841293334961,127.68988027342311,121.2301750185361,125.7431255400867,47614182
2021-12-06,119.16544342041016,122.70501104675897,118.7819878604661,122.32155548681492,11322446
2021-12-07,121.40718841552734,122.08559602062212,119.25394879356097,119.51941159537057,8049102
2021-12-08,120.81725311279297,122.49854542764847,120.07984314995149,121.02372550196552,8788449
2021-12-09,119.87335968017578,121.79062559830236,119.22444130830985,121.23019882308074,5755422
2021-12-10,119.54890441894531,120.49278676182173,119.07695724644951,120.49278676182173,6164402
2021-12-13,120.5812759399414,123.6783976918126,120.1683191717563,121.23019428752954,21648126
2021-12-14,125.2121810913086,125.74311853522777,119.87332946419113,120.40426690811032,48042035
2021-12-15,123.79634857177734,127.21793467182995,122.58700376211766,125.71361395495413,15207306
2021-12-16,122.82298278808594,124.94673280918207,121.70212939064642,124.71075925104763,13410737
2021-12-17,123.85535430908203,124.1798194457715,120.96471728234395,122.82298051321457,15209414
2021-12-20,123.79634857177734,125.44815124120522,122.41002061821037,124.32728600138717,22539246
2021-12-21,121.87911224365234,124.91724359091457,120.81724913340466,124.74026040481584,17566511
2021-12-22,123.0698013305664,123.95519057978197,120.90210706796468,122.00122210143036,14750231
2021-12-23,127.22200012207031,127.98527107603405,123.37512196791097,123.64989454212598,15932489
2021-12-24,125.420654296875,127.4356816579591,125.08481019184761,127.1303733526712,8975969
2021-12-27,125.84808349609375,126.55029509703978,125.17640769550377,125.42065682927112,8648187
2021-12-28,125.54278564453125,127.405171468771,124.13837474865441,126.1839381212113,15736206
2021-12-29,124.93215942382812,125.72596600829294,123.77198534769767,123.95517530504404,17172943
2021-12-30,125.39014434814453,129.08438057295956,123.13086739244183,124.932181795797,87481206
2021-12-31,124.81007385253906,125.90917661624668,124.29105206775793,124.56582465292725,9842223
2022-01-03,125.17645263671875,126.36715050966033,124.65743080551427,125.42070185817718,7410054
2022-01-04,128.5958709716797,130.06135349567322,125.48172837258612,125.97022668826003,14784090
2022-01-05,127.4051742553711,129.0538343414249,127.03880672769563,128.229504298398,9565107
2022-01-06,125.75652313232422,127.4357193075086,124.96272875787348,126.85563832529344,5615931
2022-01-07,125.29856872558594,127.31360923667384,124.87114191318848,126.36714817961077,11908249
2022-01-10,124.56582641601562,126.55033100352567,124.2299822089171,126.55033100352567,11085710
2022-01-11,124.4742202758789,125.66493037567618,124.26050690094999,124.90165944876617,7208789
2022-01-12,125.14590454101562,126.21448390985144,124.77953695630654,125.78705713152921,11018139
2022-01-13,127.00826263427734,129.14542089975797,126.12287346493208,126.76401349075978,20522807
2022-01-14,126.85564422607422,128.0158186675013,126.1229090120313,126.97776262073769,14183654
2022-01-17,126.00074768066406,127.95472848330016,125.66491596515255,127.71047933009214,7574539
2022-01-18,125.26800537109375,126.91666531922878,124.93216125205312,125.93968118614775,8475422
2022-01-19,124.96272277832031,126.641918873154,122.76450492059854,125.78705292208726,13724367
2022-01-20,131.0688934326172,131.49632020653866,125.42068825549582,126.45873180532229,30170343
2022-01-21,131.34364318847656,133.87770485273484,130.06135066651092,130.61090815393274,29509593
2022-01-24,130.67196655273438,132.9617790507379,129.1454248873987,132.1374490360622,12850189
2022-01-25,133.6334686279297,134.45779872729426,129.4202107141418,130.36667161309725,27389035
2022-01-27,131.1909942626953,133.9082460056699,129.66445252721357,133.114439334008,28512473
2022-01-28,128.35162353515625,132.80913035061823,127.77154264766376,132.80913035061823,18932049
2022-01-31,131.52684020996094,132.35117027377316,128.96224260551008,129.450740936747,19907759
2022-02-01,130.0308380126953,132.53437674297584,129.02333026659187,132.5038409348387,8622355
2022-02-02,130.67196655273438,132.99231485325575,130.21400405313366,131.19098823434294,9921099
2022-02-03,129.02334594726562,131.28262333308749,128.84015592223935,130.67200648037544,4594389
2022-02-04,128.0463409423828,130.2750947983639,127.67997333854379,129.4507645839684,7329263
2022-02-07,130.458251953125,130.85515526691162,128.22949865850262,128.87065112100623,7869237
2022-02-08,128.2600555419922,131.5268527268191,127.3135945937857,130.67198677731483,9074237
2022-02-09,127.8326187133789,129.23704225796882,127.43571532703567,128.5958896782582,9833985
2022-02-10,129.4812774658203,131.71001850411335,128.26004405392115,128.26004405392115,19180334
2022-02-11,126.88619232177734,129.4507782422698,126.42822966290139,128.35166289175464,20071130
2022-02-14,123.25297546386719,126.36711807481375,122.88660793723142,126.36711807481375,12109375
2022-02-15,124.22998809814453,124.47423731279225,121.5127481956453,123.34459867095654,19046061
2022-02-16,123.19446563720703,126.14409865774482,122.81790587441472,124.63789791117648,20270061
2022-02-17,123.63375854492188,124.79478367304905,123.00617601423698,124.41823670827797,16405551
2022-02-18,122.81790161132812,125.6106516580314,122.53549456723671,123.5082526403513,14600643
2022-02-21,124.35550689697266,124.88894960546617,122.72379453114465,122.8179217157832,10682638
2022-02-22,124.35550689697266,124.5437740344517,120.37035955114214,121.8765477237822,13606058
2022-02-23,124.29271697998047,125.20270648121115,124.01029719917898,124.48098406564971,6493463
2022-02-24,119.93103790283203,123.00619533997158,119.17794385496987,121.75103008140044,13145037
2022-02-25,123.82205963134766,124.19860666064929,120.59000649078925,120.84104209972415,10920938
2022-02-28,131.25888061523438,131.9492188020573,123.03755253245576,123.91615780575847,31938385
2022-03-02,132.3572235107422,133.76928490075395,129.40757650179432,130.38033501108464,20502615
2022-03-03,136.71888732910156,137.66026137006605,132.23166851353034,132.23166851353034,19805555
2022-03-04,134.96165466308594,136.499227055976,132.38855557068774,135.52646883634236,12794317
2022-03-07,133.54957580566406,135.05576375687528,131.07061699691218,132.10613078951994,17635653
2022-03-08,133.2671661376953,140.20195916133673,131.66683812560956,134.3026800091632,28410490
2022-03-09,130.5999298095703,135.55783464898332,129.65855595784126,135.02439201997686,22830958
2022-03-10,131.0706329345703,132.67097378757725,129.94099183380212,132.41993817578378,16516553
2022-03-11,133.32989501953125,133.67507049663763,130.38026242101628,131.3530203887172,12992850
2022-03-14,133.92613220214844,134.3026792164047,131.54131316485712,133.32992105872512,12598659
2022-03-15,131.5726776123047,134.96162576726474,130.72544376561441,133.80058789299395,14528285
2022-03-16,131.38442993164062,132.92201514015656,131.13339430900515,132.57683956300752,11933774
2022-03-17,132.76510620117188,133.51820022559878,130.38028717681854,133.04751326828173,28464621
2022-03-21,128.59165954589844,135.55782289081438,128.34062398690529,135.55782289081438,17797415
2022-03-22,130.9764862060547,131.4785574036593,128.05823727060582,128.65443564558547,13285297
2022-03-23,131.85511779785156,132.1689091361464,130.7254766409115,131.4785707455382,9408783
2022-03-24,132.26304626464844,132.5454533557975,130.53719394091044,131.79235926726534,11188958
2022-03-25,131.5726776123047,132.29440006252196,129.72130152103438,132.26301582930418,9842670
2022-03-28,133.23583984375,133.51824700981413,130.22343715410778,131.57274279151432,12823578
2022-03-29,132.6082305908203,134.5851058957713,131.60408804888624,134.20855882664745,10470515
2022-03-30,136.24818420410156,137.25231384213518,132.9220039801027,133.73785372491702,54218485
2022-03-31,136.05992126464844,136.34232834496385,134.77337174720822,135.27544296577062,10326026
2022-04-01,141.2374725341797,141.67677525715402,135.6206004721449,135.6206004721449,39663961
2022-04-04,142.7122802734375,143.1515829691647,140.60988119839976,141.83366211378288,9907530
2022-04-05,146.25814819335938,147.23089368319287,142.39851217059476,144.3126316772878,17167487
2022-04-06,148.51744079589844,149.6470819363128,145.06573612515083,145.19124755135175,17153675
2022-04-07,145.19122314453125,150.55705915615252,144.34398923959102,148.07810037568308,11913911
2022-04-08,145.97572326660156,146.91709725082495,144.7205579543037,146.22675888270152,6746769
2022-04-11,144.9088134765625,147.82707489027862,143.33985710017745,145.912943003809,12413822
2022-04-12,146.28948974609375,146.63466525562524,143.4653682731259,143.87329948397232,14769907
2022-04-13,144.03021240234375,147.7015682040574,142.80643139117294,147.45053260047843,11015439
2022-04-18,145.0343475341797,145.47366304910966,142.8064367926266,144.03021785008522,19069923
2022-04-19,142.9946746826172,146.44637854392687,142.14744083393552,146.0384473521323,15036942
2022-04-20,142.46124267578125,143.71640780948857,140.23331945617076,143.24572088434832,9814641
2022-04-21,142.61814880371094,143.49676701554782,141.36298357771568,141.89642624512348,11134333
2022-04-22,141.48849487304688,144.4695122822576,141.01780791369782,141.23747204262148,12032249
2022-04-25,139.85678100585938,142.3984956640303,139.00954704253598,140.54711931789322,11042683
2022-04-26,145.34811401367188,145.72466098481777,140.79814058917702,142.46123687728746,15389155
2022-04-27,143.90467834472656,146.1325886515041,142.7436404568603,145.19121486233635,12680209
2022-04-28,147.8584747314453,148.2664060212288,144.3753985683758,146.47779796254963,18378146
2022-04-29,142.9319305419922,148.32913809882916,142.49262784958225,147.54465988509705,9026331
2022-05-02,145.3167724609375,146.38365789350212,141.77092781898716,141.77092781898716,12634353
2022-05-04,149.1136016845703,150.27462677335768,146.1639689975755,146.22672469487773,23124643
2022-05-05,146.69741821289062,151.0277402774137,146.1325913752225,149.6156795673431,16481935
2022-05-06,149.61570739746094,150.08639438837062,145.25400028744357,145.25400028744357,17715186
2022-05-09,153.85186767578125,154.667717345715,147.88983333492732,149.9922323646411,54118806
2022-05-10,152.91049194335938,155.86012484195544,152.18876945211147,154.25979698904897,30997494
2022-05-11,150.1177520751953,155.64048403534255,149.80396077673697,153.13015364767574,15412618
2022-05-12,148.04673767089844,151.8122332652331,145.69330292443925,149.9922411743312,26538994
2022-05-13,148.2977752685547,150.52568586439475,146.289503263512,150.52568586439475,15074553
2022-05-16,147.60745239257812,149.30193341765664,146.22677549943558,147.79573231809906,7960529
2022-05-17,149.77261352539062,150.18054483298732,146.06987305122493,147.41917840641278,15470937
2022-05-18,143.02609252929688,149.52157058666148,142.52402128783208,149.05088358586403,19181550
2022-05-19,143.277099609375,144.1243334884019,139.10367314667275,139.95090702569965,15085602
2022-05-20,143.74781799316406,146.2895201868064,142.30437272156297,144.81470344211976,15148281
2022-05-23,140.95506286621094,145.59917710331925,140.70402724859932,145.59917710331925,11572501
2022-05-24,142.46124267578125,144.12433903158345,140.95504196169247,141.20607754207393,16336858
2022-05-25,141.11196899414062,143.96747541581985,139.66853643020178,143.3398927093587,11062614
2022-05-26,142.58677673339844,143.77918635348817,140.51576159469712,142.4612653073688,14150454
2022-05-27,141.01780700683594,143.49676597105312,140.20195727679805,143.4653817333513,8430491
2022-05-30,143.24571228027344,144.2812260070237,140.7667663973797,140.8922777959316,9305758
2022-05-31,146.16397094726562,147.57603161229636,143.21432545272646,143.24570968589563,26351545
2022-06-01,143.8419189453125,146.22673780215555,143.1829649122743,145.69329517497223,10282009
2022-06-02,141.55123901367188,143.96742910263737,140.9236565090991,143.96742910263737,10071898
2022-06-03,141.8336639404297,143.15158481278476,141.2060813566225,141.8336639404297,16082518
2022-06-06,141.08056640625,142.74364999703815,140.2960881961801,141.83366038063707,12693293
2022-06-07,141.2061004638672,141.99057879977755,140.39023788723958,140.54713355442163,9103195
2022-06-08,140.92369079589844,142.14747187028237,139.98231681000252,139.98231681000252,11240130
2022-06-09,141.11196899414062,141.64541174099202,138.69577812790592,141.0178290345309,9468041
2022-06-10,140.86093139648438,142.7436794896512,139.35474313651304,139.35474313651304,9019239
2022-06-13,139.54298400878906,141.51987168800434,139.00954136981358,139.2291927190152,10186775
2022-06-14,140.54708862304688,142.64950010573025,139.3233079175369,139.54295922773125,17023962
2022-06-15,139.480224609375,142.02193909648835,139.26057326599235,140.73538973521866,5898563
2022-06-16,135.7775115966797,140.7668016125586,135.33820882364995,140.17059039978687,11883333
2022-06-17,132.6395721435547,136.1226604756723,131.9492338778575,134.42817989456105,19675226
2022-06-20,130.69407653808594,132.35717298284698,129.50166704364213,131.22751919480535,7402273
2022-06-21,132.01199340820312,133.76922974292873,130.09787419637016,131.1961437135236,9459619
2022-06-22,132.20028686523438,132.5768338989995,130.66270172240786,132.29442681572607,10257637
2022-06-23,130.88235473632812,132.85922968758646,129.3761539611118,131.8551000935091,13114525
2022-06-24,131.13336181640625,133.04749360048527,130.38026790330574,133.04749360048527,9499105
2022-06-27,132.76510620117188,133.89474723781223,131.57269668899522,133.89474723781223,17545390
2022-06-28,131.98065185546875,132.76513025982078,130.75685788375765,131.50996481285753,6770087
2022-06-29,132.48269653320312,134.93027145273024,130.8195999360756,131.22753121736378,41502918
2022-06-30,132.98477172851562,134.77337980323003,132.04339771359201,132.73373610422888,22260722
2022-07-01,129.59580993652344,133.61234122427382,128.77994743012692,132.4513159407103,11133663
2022-07-04,132.2316436767578,133.14164607302132,128.6858123363592,128.6858123363592,20178279
2022-07-05,134.39682006835938,135.52646111874623,132.38854803178103,132.41993226993108,20083997
2022-07-06,132.0747528076172,134.39681608405252,130.66269196034457,134.30267614059423,19203527
2022-07-07,133.3927001953125,135.11855251943427,133.11028033589866,133.8320029523536,14069302
2022-07-08,137.31507873535156,137.69162574376278,133.45544317068473,134.30267713166018,17142257
2022-07-11,136.216796875,138.85263846398567,135.68334149571993,138.0681602805733,10826079
2022-07-12,133.9888916015625,136.15404656934234,133.76924023454447,134.99302125664587,8503695
2022-07-13,134.5850830078125,135.99714385303963,133.95750040993377,134.6164672449867,10210005
2022-07-14,134.8361053466797,137.5974710595535,133.58094027430064,137.5974710595535,10898403
2022-07-15,131.35305786132812,136.18543931021625,131.03926652651197,136.18543931021625,22067479
2022-07-18,131.94924926757812,133.29855448911516,131.10201526230648,132.01200497756093,15155654
2022-07-19,131.7923583984375,132.73373238699776,131.54132278118104,131.72960268617385,14922395
2022-07-20,131.32167053222656,133.23580273687068,130.85098354107163,132.60822008199742,14181034
2022-07-21,133.23583984375,133.80065417587824,131.4472185646594,131.7610099794886,12461554
2022-07-22,131.7923583984375,134.27130479436545,131.4785670689174,134.27130479436545,9272199
2022-07-25,130.4744110107422,132.41991430711204,130.16061974461158,131.79233177485082,6635194
2022-07-26,131.22752380371094,132.41993334003394,129.9723585587817,130.47442976403386,11451315
2022-07-27,132.20028686523438,132.41993823758057,131.4158085581397,131.7295998809776,9209354
2022-07-28,134.42819213867188,134.80475192535027,131.82373447941995,132.41993286132558,13192642
2022-07-29,134.27130126953125,136.6875046579683,133.5809629163499,135.8088864047368,15433067
2022-08-01,137.4092254638672,138.1623323560533,134.39683619973044,134.96166317681937,12136557
2022-08-02,139.6998748779297,140.20194603168426,136.40506644793982,138.03677854534246,17748747
2022-08-03,140.32748413085938,141.0492067636017,137.84853766209477,140.17058846148942,12406038
2022-08-04,138.5702667236328,140.70403771149623,137.50336846149824,140.57852627745822,9712267
2022-08-05,140.3588409423828,141.04917919906086,137.34643957189718,139.13504729953561,14099223
2022-08-08,139.26058959960938,142.0219557539809,138.75851838310493,141.20609321921157,8392041
2022-08-10,140.2647247314453,141.14334301047282,138.4133609888032,138.53887241372058,8585266
2022-08-11,139.85678100585938,142.3984956640303,139.1350584562873,140.9864348024244,5040626
2022-08-12,143.12020874023438,143.465371489304,139.32332912306896,139.9509116866864,13279062
2022-08-16,143.6222686767578,144.31260695053066,142.49262771100223,143.84192002274915,11298246
2022-08-17,143.40261840820312,144.940190609895,142.90054724085056,143.6222697558448,11225465
2022-08-18,145.19122314453125,145.41087448756022,142.93192847529068,143.05743988039296,11360485
2022-08-19,144.5891876220703,145.57148642466726,143.03650180852262,144.77930373212206,9829530
2022-08-22,143.1949462890625,146.2686256214924,143.00483016846633,144.55750317453152,9190493
2022-08-23,144.20895385742188,145.03281618634665,142.0858937594399,142.56120341237326,8903751
2022-08-24,145.41305541992188,145.7299285089987,143.54350935180813,144.08219102451895,13007225
2022-08-25,143.41677856445312,146.39538072037124,142.65627534403134,146.0785076019289,12124365
2022-08-26,146.0467987060547,146.52210833025785,143.60687854719816,143.60687854719816,7966045
2022-08-29,143.8920440673828,145.06447166696526,142.9731045698535,144.6525341607346,7517013
2022-08-30,145.5081024169922,145.92003996194518,144.55748326414565,144.6208552956159,7214498
2022-09-01,143.2899932861328,145.82497773310055,142.59287514193622,142.62456760496238,13109081
2022-09-02,142.08587646484375,145.03279853305315,141.83238832901333,144.17724384063055,6897237
2022-09-05,141.57888793945312,142.9414446968906,140.50151178291273,142.59287916815148,18055474
2022-09-06,142.62457275390625,144.4941186935991,141.9591341551149,141.9591341551149,14103701
2022-09-07,142.21263122558594,143.82867608768714,141.35707654640322,141.35707654640322,7866745
2022-09-08,142.21263122558594,143.79699651799754,141.61056467831088,143.2266224340098,7187735
2022-09-09,141.2620086669922,143.32168349779923,141.008507647558,143.25831146634005,9162027
2022-09-12,141.92742919921875,142.40273875835024,140.81837356124532,141.67394108255957,8778919
2022-09-13,143.73361206054688,144.17722914663634,141.83237387399782,142.14924690508934,11278383
2022-09-14,147.37767028808594,147.7895949649722,142.40275276497007,142.59288176476238,25072958
2022-09-15,150.57806396484375,150.99000148991544,147.25089709045946,147.9480151901825,23606369
2022-09-16,149.34230041503906,151.11678210786994,147.91637140959998,151.08510253279792,29399642
2022-09-19,147.75790405273438,150.89494205333267,146.80728491393523,149.5323853756678,13920046
2022-09-20,147.47268676757812,149.72249019030974,147.09244175216304,148.29656171230678,20162973
2022-09-21,143.8920440673828,148.51838244019928,142.14924245098842,148.20150941903665,14468837
2022-09-22,139.4875030517578,143.48010832492562,138.8854494615864,141.95911522592854,26264530
2022-09-23,128.3652801513672,139.26570812103532,125.54510221662562,138.34678141601478,87162722
2022-09-26,127.28790283203125,132.6747447339052,118.0985842935404,126.74922122056336,167547134
2022-09-27,129.82289123535156,131.75582207564608,127.54140776217632,130.42495779076035,54127095
2022-09-28,131.62904357910156,133.3401655742319,128.365261881493,130.0446785244971,52877873
2022-09-29,131.81918334960938,134.4175396734544,130.58338366314553,132.42123696227702,36761869
2022-09-30,134.48092651367188,138.6002764470471,131.185451724411,131.185451724411,62897614
2022-10-03,133.5936737060547,136.03359344190926,132.45292564829583,134.9879098712297,11740863
2022-10-04,132.10435485839844,134.57596695528395,131.81917430220227,134.41753044770917,19179333
2022-10-06,130.74183654785156,133.65706627352301,130.2982065045025,132.3578815021702,20692745
2022-10-07,132.70643615722656,132.9282447139057,129.28420463235645,129.28420463235645,14282850
2022-10-10,132.42124938964844,134.32248778946305,131.53401511794675,131.7875032563769,16834226
2022-10-11,132.04100036621094,134.0056107422756,130.90026509636584,133.08668403376723,17807162
2022-10-12,136.60397338867188,136.85746150706953,132.6747399367463,133.371858049534,35288330
2022-10-13,135.58998107910156,137.71304095645925,135.1463639399034,136.22372721715504,16436903
2022-10-14,134.76611328125,138.15665240137147,134.06899513684334,138.15665240137147,23365190
2022-10-17,134.2591094970703,136.22371983992244,133.72042788761695,134.3224815287241,9520537
2022-10-18,134.5760040283203,136.25543404998186,134.06901480057314,134.9562491725306,13256574
2022-10-19,135.55828857421875,137.4595268069747,134.95622206435453,134.98791452567258,11595367
2022-10-20,137.83978271484375,138.15665577855603,134.57598757988762,134.70274454153133,16371066
2022-10-21,137.71304321289062,138.7270344716708,135.6216757656078,136.4772304872786,11634491
2022-10-24,138.69532775878906,139.5825748541752,138.5368912379557,139.297394274114,1132859
2022-10-25,138.47354125976562,139.04391540431516,135.78011997668094,138.69534984553513,20622687
2022-10-27,141.895751953125,142.49780558043685,137.74470991135223,138.98052252147255,24298489
2022-10-28,143.73361206054688,145.12784823991086,141.4521159218107,141.83237387399782,11669879
2022-10-31,144.5891876220703,145.92005196682655,143.67024796255876,144.46243065510396,11755682
2022-11-01,149.02540588378906,149.50071548395408,145.63486664799828,146.173548282799,15220278
2022-11-02,147.85299682617188,149.91267202087133,147.5678032938229,149.02542474289623,12884449
2022-11-03,144.5258026123047,148.0430857153241,143.67023506627544,147.66284063575407,9358215
2022-11-04,143.32168579101562,145.41304022421622,142.59287518358002,144.4941135193611,8059667
2022-11-07,144.49412536621094,146.96573798408954,143.48013408271166,144.05050820892959,14862038
2022-11-09,138.6319580078125,146.39534765625,138.1883408996264,146.39534765625,22831150
2022-11-10,136.19203186035156,139.51919869947938,135.30478479119813,136.88914995268757,16217631
2022-11-11,135.65335083007812,138.06157814907556,135.33647779650502,136.88915050357448,12123886
2022-11-14,137.1458282470703,138.67074967852398,136.4320366410689,136.88626406252902,18460862
2022-11-15,140.16323852539062,140.48769046642164,136.04270151469362,136.26981523301868,15258103
2022-11-16,140.87701416015625,141.10412785269492,138.50851261915182,140.13077214011625,9825807
2022-11-17,141.6557159423828,143.05084866033135,140.32545776714971,140.74724791066137,9449665
2022-11-18,141.68817138671875,141.9801860782881,140.71481548545623,141.68817138671875,5828998
2022-11-21,142.14239501953125,142.43439647410648,140.4876849049843,141.13658876135835,4712051
2022-11-22,141.33123779296875,142.23969245414423,140.74722179508439,141.7854651235565,4366445
2022-11-23,139.6116485595703,141.98014995713586,139.02763252699538,141.62324760334536,13510578
2022-11-24,143.24551391601562,143.4077398660904,139.57920480392966,139.77388122481202,7622243
2022-11-25,143.148193359375,143.3428698042659,140.5525778380736,143.24553158182044,10989671
2022-11-28,143.6024169921875,144.18641985373932,142.20727117429684,142.20727117429684,4526153
2022-11-29,142.3370819091797,144.21890604578718,141.81796665900225,143.60245256058116,6476054
2022-11-30,145.35446166992188,145.97091504353256,141.23392488351482,142.337056142181,17317951
2022-12-01,143.9917755126953,145.90603670316506,143.08330742830935,145.35447103828253,13241961
2022-12-02,142.62908935546875,143.73222075769118,141.8179594414863,141.8179594414863,12880949
2022-12-05,143.9917755126953,144.21888923329595,140.9419193152556,142.564179036665,16477957
2022-12-06,145.02999877929688,145.45178888817884,142.36949584924523,143.76464165463256,11299945
2022-12-07,143.440185546875,145.4193341505067,143.05083271811228,144.60820442721965,5813973
2022-12-08,141.33123779296875,143.95928998047813,140.74722179508439,143.92685271513912,11176439
2022-12-09,140.94190979003906,142.0774915182801,139.9685540229753,141.7206023248796,6020031
2022-12-12,139.87123107910156,141.4610402413883,139.25476449630955,140.1632325327517,8194429
2022-12-13,140.35789489746094,140.68234679209033,138.24895758237,139.87121705551687,8235450
2022-12-14,142.23971557617188,143.11574631639326,140.35790501328148,140.35790501328148,10055353
2022-12-15,140.39036560058594,143.018431853767,140.09836410667006,142.43441566395072,5385778
2022-12-16,138.34629821777344,141.5908175305916,137.95695854063183,139.51433045118114,11166617
2022-12-19,142.04505920410156,142.23972244311787,138.54097567999548,138.89787808783316,7758862
2022-12-20,141.00682067871094,142.04506426305733,138.80054481073523,142.04506426305733,6541929
2022-12-21,140.19569396972656,141.6232772800724,138.76809745739698,140.84459787478988,7005861
2022-12-22,139.5143585205078,140.8121665067451,138.11921229490562,140.2281502725412,6961415
2022-12-23,137.08094787597656,139.7090139326171,136.56181947896644,138.4760938912057,4554651
2022-12-26,137.47027587890625,139.0276477354761,136.88625978244477,137.24316217527746,6864331
2022-12-27,137.98939514160156,139.6440919035919,137.43782955427145,138.1840583596102,13115851
2022-12-28,140.00100708007812,141.72060494069348,137.8920695458475,137.8920695458475,16815549
2022-12-29,140.00100708007812,140.4876849725929,138.54097340253387,138.89787580450445,22536873
2022-12-30,138.67074584960938,140.64990784985827,138.37874440130233,140.19568044094007,4643134
2023-01-02,139.54676818847656,139.83876961918568,138.21651011084245,139.2223162868079,5959394
2023-01-03,139.90365600585938,140.29299564369938,139.09252625953368,139.6765423172845,2873110
2023-01-04,136.95115661621094,139.77388559537894,136.59425423409388,139.77388559537894,9954542
2023-01-05,135.4911346435547,137.5027340195592,134.06353819459625,137.5027340195592,21273509
2023-01-06,135.0369110107422,136.46450763944154,134.68002175505598,135.06936148943404,11510471
2023-01-09,135.68577575683594,137.5351488621696,132.53859511063922,135.75066349348288,52485126
2023-01-10,137.4378204345703,137.8595973132594,135.6208846418301,136.20490066106663,17248326
2023-01-11,137.53515625,138.24896099740218,136.33468685061354,137.697382201322,9164361
2023-01-12,138.54100036621094,138.80056459979997,137.17830464235018,138.57345084615406,21179555
2023-01-13,138.8654022216797,139.7414196420278,138.4111748783823,138.6058380818038,6560245
2023-01-16,139.93612670898438,140.09835268170474,138.02185230969397,139.51433653951472,8362194
2023-01-17,141.72061157226562,141.9152748171908,139.44944796758824,139.93612588287624,13000571
2023-01-18,142.3370819091797,142.85621036134208,140.42282049555266,141.65574066794963,11171369
2023-01-19,143.24551391601562,143.56996581616514,141.88281857578394,141.9801567862251,11586815
2023-01-20,144.8677978515625,145.2895880332964,143.40776405462626,143.40776405462626,10112645
2023-01-23,146.06826782226562,148.14476826002868,145.06247468074105,145.35447616009054,14393610
2023-01-24,143.3752899169922,147.041599042419,143.08328848658772,146.81448535188423,6150893
2023-01-25,142.36949157714844,143.56996092641944,141.33124817242705,143.2130585676178,5790331
2023-01-27,142.27218627929688,143.69976964075838,140.8121524406268,142.30463675650546,10458603
2023-01-30,137.47027587890625,142.0126027594119,136.6267088080018,141.46103713574698,24288177
2023-01-31,140.5850372314453,142.8886382315483,137.66496958473533,137.9569710686127,20997546
2023-02-01,140.52015686035156,146.00339000415826,138.60588227021728,146.00339000415826,20246369
2023-02-02,138.02186584472656,140.87704588499324,137.14584814652713,140.16325417542276,12820663
2023-02-03,139.4169921875,139.61166862700094,136.52937528079426,138.34629817421057,10815686
2023-02-06,140.8446044921875,141.03926775166227,138.2489887499826,138.50853976261558,6948201
2023-02-07,140.71482849121094,141.59084624291745,139.579246501447,141.46107072488152,10035526
2023-02-08,140.81442260742188,141.644696325626,139.78487779142088,141.37900603308677,12432719
2023-02-09,141.37899780273438,142.10963592950614,140.8144144099366,140.8144144099366,7011082
2023-02-10,142.2092742919922,142.44174822145092,140.7147816565971,140.74799800947795,10892159
2023-02-13,143.4713134765625,143.80342299849897,142.14287538881655,142.20929459048963,7710133
2023-02-14,142.80711364746094,144.16876827604028,141.31262059766192,144.16876827604028,6010681
2023-02-15,142.4749755859375,142.9399234807899,141.47864708533655,141.6447018354367,8107497
2023-02-16,142.54139709472656,144.06910622584957,142.14286839073765,144.06910622584957,3963115
2023-02-17,142.01004028320312,143.4048976050133,141.4786596303367,142.14287868963405,6491149
2023-02-20,143.33848571777344,144.13554322418344,142.2757243577974,143.20563379099042,6841917
2023-02-21,144.2683563232422,145.29790114247962,143.5045153109489,144.5008437759259,6701434
2023-02-22,142.57461547851562,144.33479858586927,141.4786513917807,143.47130845363674,9128659
2023-02-23,141.64471435546875,143.40489756482776,141.2129692643322,142.8070977089134,10345874
2023-02-24,142.84030151367188,143.0727754612154,141.08011845900785,141.08011845900785,9808830
2023-02-27,145.5968017578125,146.09496601589842,142.5081941685362,143.7701994781642,17763618
2023-02-28,147.6226806640625,148.12084494076913,145.2979140394316,146.52671655259377,36559278
2023-03-01,145.39755249023438,147.62268360107973,144.40122391699873,147.15773567233157,12896085
2023-03-02,146.36065673828125,146.79240179922834,143.33846833879232,144.79974476122976,79708558
2023-03-03,147.52305603027344,149.7481872616226,146.39388899155057,146.39388899155057,9951869
2023-03-06,150.87733459472656,151.97329854605061,148.12082329702335,148.78504223557502,15659957
2023-03-08,151.47515869140625,151.67441629686058,149.91423312403964,150.74450693069377,11591495
2023-03-09,149.9806671142578,153.0692748904073,149.7813959935386,152.10616267193055,13941653
2023-03-10,150.47882080078125,151.5415685047437,147.62267367741,147.62267367741,9605434
2023-03-13,150.17991638183594,152.80358959561275,149.71496847740482,151.47515156744336,13209653
2023-03-14,149.58212280273438,151.27588676469392,148.78506535803047,149.54891995878813,9583405
2023-03-15,151.6411895751953,152.80357272148132,149.91420951842954,150.5120092678047,12228069
2023-03-16,154.19847106933594,154.69663540823308,151.67443301349485,152.4050713411628,18437817
2023-03-17,152.5710906982422,155.42723765023408,151.6411949590536,155.39402129659047,33711025
2023-03-20,151.1098175048828,152.3718362658793,149.64854115861513,149.64854115861513,9281411
2023-03-21,148.2205047607422,151.2426937593159,147.75554325156486,150.94380054979504,11272787
2023-03-22,148.8514862060547,149.25001493281508,146.659571452087,148.1208479547321,7589846
2023-03-23,147.55625915527344,149.11717116182564,146.95845932986157,148.78506164921578,17091298
2023-03-24,147.7222900390625,148.95109233442545,146.65954247316938,148.12081868707637,10371666
2023-03-27,146.19459533691406,150.2795447817621,145.8292830047025,148.0544138932323,19983733
2023-03-28,147.52305603027344,148.18727511506853,145.2647084392558,146.958472510912,8689166
2023-03-29,147.75552368164062,148.58579750208943,146.4935182854155,147.52304971462922,19743258
2023-03-31,149.9142303466797,150.61166573677667,148.12084436296007,148.78506339597783,10202058
2023-04-03,149.18357849121094,151.01018066522383,148.6854142619347,151.01018066522383,7643214
2023-04-05,149.8810272216797,150.51202989643315,148.58579200158516,150.51202989643315,12019382
2023-04-06,149.61534118652344,151.04341484839873,149.21681245877414,150.9105629301015,4282875
2023-04-10,152.13937377929688,152.37184773639873,149.44928131028348,149.58211971046433,4145643
2023-04-11,153.66708374023438,154.09882885136855,151.74084567687788,152.03975237546553,5106602
2023-04-12,150.97698974609375,153.79992060156155,150.81093498988977,153.700285045125,9118795
2023-04-13,153.56744384765625,153.86635053782294,150.77772915419666,150.97700028097447,11428621
2023-04-17,157.18743896484375,159.34615085097062,154.2980888353574,154.49734643978033,21815047
2023-04-18,152.96966552734375,157.75203768543105,152.53792040570076,157.35350892451916,13482833
2023-04-19,152.73716735839844,153.7002931030168,151.87369068901148,152.1061646571706,8264190
2023-04-20,153.36817932128906,154.69661740373664,152.5379055197593,153.33496296379948,7308750
2023-04-21,153.7999267578125,154.33129389079224,152.50469149943376,153.96598152066326,5030650
2023-04-24,154.06558227539062,154.2980697221085,152.73714435617683,153.4345796691918,5725067
2023-04-25,154.6965789794922,155.36079785573426,153.2020865079475,153.6338314802184,8338703
2023-04-26,158.2834014892578,159.08045892604767,154.09881616218397,155.46047058973505,13581018
2023-04-27,156.72247314453125,158.28339866016591,155.09514194285038,158.08412754774469,9794457
2023-04-28,157.58596801757812,158.05091594244394,154.82945628526247,157.38669689916648,10585487
2023-05-02,159.47900390625,160.1764393697356,158.25020126857885,158.54909445945995,6732907
2023-05-03,159.2133026123047,160.74101184935935,158.61551627165585,159.41257373490186,4789217
2023-05-04,158.64874267578125,159.8775454114179,156.0582852651908,159.18012340590303,9189783
2023-05-05,160.11001586914062,160.40890905200754,158.2169806657439,158.61552292766228,3896441
2023-05-08,162.56761169433594,163.56394026447487,160.14320947095032,160.6413737560198,8758321
2023-05-09,161.67091369628906,163.99568028822625,161.20595226975922,162.10265876607727,9166941
2023-05-10,164.4938507080078,164.69310831519556,162.4679771967197,162.833303080254,9689409
2023-05-11,165.0916290283203,165.52336054438038,163.79639393943177,164.527032097652,12616726
2023-05-12,160.57496643066406,165.789083630662,160.17643767584633,165.2909193087468,13853807
2023-05-15,161.57127380371094,163.16540212668772,160.97347399339836,161.67090935769141,12187763
2023-05-16,159.81109619140625,162.43476947258188,159.4125674754318,161.77055044143424,11418509
2023-05-17,158.61550903320312,160.67458531393163,157.71880253600864,160.01036628701465,11560929
2023-05-18,156.5232391357422,160.07680874330433,155.8258036507261,160.07680874330433,14497723
2023-05-19,155.2279815673828,157.7520192813121,154.0988146242712,156.5232167812034,10071694
2023-05-22,155.6597137451172,158.74833467476694,154.53054689553622,155.89218768314038,12566129
2023-05-23,155.49368286132812,157.12102770433617,154.9955185547368,155.46048001569838,12458561
2023-05-24,156.6228485107422,157.98448937785818,155.99183234089492,157.95128653538438,8877971
2023-05-25,158.0509033203125,159.61182875821402,156.95495279728542,157.88484857275446,12502747
2023-05-26,157.6191864013672,158.01771512974256,155.95863877182717,157.98449877172325,6811801
2023-05-29,155.75933837890625,158.31657854509993,155.49364810539694,158.21694300333786,13638297
2023-05-30,156.1578826904297,156.68926329073014,155.22797339668887,156.68926329073014,9469926
2023-05-31,155.32760620117188,156.2242991239454,152.7703658237919,156.0914607330048,48104157
2023-06-01,154.7630157470703,155.49365389123108,152.8035752449707,154.72979939405744,8804790
2023-06-02,155.8257598876953,156.1578693561318,154.8294314823858,155.42723122828528,6617781
2023-06-05,156.489990234375,158.08411850181312,155.95862315427553,157.0545736691675,27428302
2023-06-06,156.2907257080078,157.41989252746063,155.72612878471216,157.0545666963363,6898603
2023-06-07,158.8811798095703,159.44577677190117,156.85531996242085,157.22063230523295,11153571
2023-06-08,160.508544921875,163.03256934190404,158.91441641189397,158.91441641189397,19300834
2023-06-09,162.66725158691406,163.06578032287075,160.60817518982836,161.7705585526187,11037141
2023-06-12,160.508544921875,163.69678842826514,160.20963822486937,162.7336761584703,8188909
2023-06-13,160.90704345703125,161.70410080557022,160.37566288229235,160.7409887166215,6443218
2023-06-14,163.73001098632812,164.19495895895363,160.80744419298549,160.80744419298549,10297426
2023-06-15,163.69679260253906,164.02890215418842,161.93662278965527,164.02890215418842,9732749
2023-06-16,163.69679260253906,164.29459249822236,162.40157075653548,163.66358975551748,9702361
2023-06-19,161.47166442871094,164.9256119407352,161.0067164528483,163.696795765035,10431647
2023-06-20,165.2244873046875,165.85548999147798,161.90339208248272,161.96981128421262,13426365
2023-06-21,171.50137329101562,172.06597036016962,165.22450794245012,165.25772430424956,31172093
2023-06-22,168.41275024414062,171.36851969389744,167.84815322498955,171.36851969389744,7430965
2023-06-23,166.12118530273438,169.14338745116493,165.75587292545944,168.4459520281205,5593393
2023-06-26,165.0584259033203,166.2208091843296,164.16173293211295,166.0547544298997,7305362
2023-06-27,165.755859375,166.08796888004824,164.49384055310264,164.7927337022179,11142907
2023-06-28,166.15438842773438,167.71530040202927,163.69676997706736,166.58613348791903,17808717
2023-06-30,169.47547912597656,172.49766744239204,166.85180598992198,170.37217206571367,17659979
2023-07-03,166.38685607910156,169.34262516290318,165.72263709275785,169.0769483792216,12467239
2023-07-04,165.7890625,167.71530033527765,165.5233721927944,167.71530033527765,8637967
2023-07-05,168.21348571777344,168.67843367859314,165.72266411287058,165.8555025263699,5340907
2023-07-06,174.49032592773438,175.088125730562,168.97731633482869,172.66372367738722,16705046
2023-07-07,169.6747283935547,174.39069383338955,169.17656417218362,174.39069383338955,13149183
2023-07-10,166.05477905273438,170.3057840991989,165.05845037841797,169.674767830655,15319047
2023-07-11,168.37953186035156,169.64155077819274,166.0879815067339,167.38320326946192,7486045
2023-07-12,167.41641235351562,169.2097983337641,166.81861252224252,168.71163405996498,9390877
2023-07-13,161.47166442871094,167.51605568278777,160.54175496341315,167.21716248595786,30591450
2023-07-14,159.44577026367188,162.33512010056788,157.22062588782921,161.40521083338177,72085831
2023-07-17,160.07676696777344,162.7004264151371,158.88116745221305,161.07309539288406,11474161
2023-07-18,160.17642211914062,161.87017254100806,159.14687721507886,160.07678656172,14940593
2023-07-19,161.57127380371094,163.53071447318908,159.7778878863435,160.07678103471463,22954874
2023-07-20,162.2355194091797,163.29826729420188,160.9402975358046,162.03624826855005,10249082
2023-07-21,162.1358642578125,163.59715424761484,160.87384538457394,161.5712807789763,18466409
2023-07-24,164.3610076904297,164.8259691595229,161.30560259261486,162.1026736052439,14825562
2023-07-25,166.81863403320312,167.05110802157233,164.82597668105714,165.3573438668192,10500017
2023-07-26,166.71897888183594,169.80760011762,166.05475984246607,168.64521679872274,12898171
2023-07-27,166.51971435546875,168.31311394089295,165.855495289809,167.383204546255,10836773
2023-07-28,171.50137329101562,173.46082782500943,166.1212010617348,167.25038168647006,17518458
2023-07-31,176.71546936035156,177.34647200137036,172.13235558344482,174.0253770200713,24269734
2023-08-01,167.2503662109375,174.0253952781705,166.3868760197775,174.0253952781705,31395702
2023-08-02,165.0916290283203,168.57877859186962,163.79639393943177,167.98097882111873,20825405
2023-08-03,165.19126892089844,166.45328779257127,163.46430212924813,165.390540037215,10882019
2023-08-04,164.29458618164062,165.42376672197855,163.79642187331936,164.72633128490008,7406390
2023-08-07,164.693115234375,165.35733431338207,163.39789343573992,165.25771226238842,6345966
2023-08-08,163.54190063476562,166.08137114151663,162.96629007540392,166.08137114151663,15171726
2023-08-09,162.76315307617188,164.89631140009428,162.35684048530842,164.55771527812283,18442141
2023-08-10,163.74505615234375,164.32066668486988,162.5599699711099,162.898566022891,9962450
2023-08-11,165.4380340576172,166.75855312977345,164.42224591672516,166.25065905932743,23866073
2023-08-14,165.57345581054688,166.11521496019378,163.0339856294035,165.81047027195208,9188486
2023-08-16,167.9774932861328,168.38380576008134,164.59153304071597,165.6411724502907,9191471
2023-08-17,165.03167724609375,168.48536730815258,164.01588929313667,167.97747333167402,15301142
2023-08-18,163.2032928466797,164.9978546314083,162.59381721332736,164.9978546314083,12292241
2023-08-21,167.40188598632812,167.74048204518195,163.67732933893603,164.08365563156775,9129526
2023-08-22,167.80821228027344,169.3996110013971,167.06328992878207,167.94364519281245,11107830
2023-08-23,169.0271453857422,169.29802498121384,167.40188159042083,169.29802498121384,8487619
2023-08-24,166.79241943359375,171.09258650516654,166.4538233842178,169.29802468797234,18982087
2023-08-25,163.88046264648438,167.53730217178324,163.47415020534146,166.69081217877454,12851343
2023-08-28,168.2822265625,168.6208225918008,164.2529393248235,164.55767024019113,11908665
2023-08-29,170.07681274414062,171.32961547730676,168.34996723524296,169.02715939127975,12363321
2023-08-30,167.3341827392578,170.3815475094983,166.89400507249886,170.1783981246549,6748007
2023-08-31,165.60733032226562,169.02714209377692,164.93013823552974,167.84205594198912,20715819
2023-09-01,170.787841796875,171.05872139188168,166.04749710553818,167.2664483943139,13120723
2023-09-04,172.95484924316406,173.69975772938707,169.8397686241814,171.73589806388475,10240031
2023-09-05,172.2099609375,174.03837414317573,171.32960567402122,172.88715305478863,10893186
2023-09-06,172.3453826904297,174.20766089238916,170.75398407334777,173.83519974099406,10018473
2023-09-07,174.0383758544922,174.51240483025177,170.7539968088489,172.00679948264985,13760453
2023-09-08,175.15573120117188,176.95029293746228,174.10607798442433,174.88485161838142,16781751
2023-09-11,179.11729431152344,179.45589033101592,174.44466648702573,176.30694459423438,17683806
2023-09-12,172.72911071777344,184.42195661941494,172.14220271172175,183.2933032741309,29826173
2023-09-13,174.4446563720703,175.7087563713827,172.72910881711854,174.4446563720703,10692151
2023-09-14,176.20538330078125,176.65684471203357,174.89614796365126,175.34760937490358,10941807
2023-09-15,175.25730895996094,177.15343844329055,173.54174749122546,177.1082895508882,20516593
2023-09-18,180.67483520507812,181.0359987689261,175.25729908231725,176.29565466151035,25627043
2023-09-20,184.78314208984375,185.9569444636259,179.1850235889308,179.41075428475395,33369524
2023-09-21,182.0292205810547,185.59576246606275,180.9457023264893,185.09915222897143,20332556
2023-09-22,179.8170623779297,183.20302273235347,177.33402478468557,181.08116251008602,21193988
2023-09-25,179.59132385253906,181.17143861566726,177.60489662010795,180.5845443575083,11951847
2023-09-26,179.0947265625,180.6296924270517,178.41753452424126,179.77191860075874,7440011
2023-09-27,179.99766540527344,180.2233961049151,178.14667091271002,179.9525165098434,6736870
2023-09-28,181.2617645263672,184.60257635989424,178.59814483926493,180.67487017713617,50185120
2023-09-29,180.3588409423828,182.3001195766913,179.77194659550148,181.44234561682265,16293959
2023-10-03,180.17823791503906,180.58455039793284,177.78548435576175,179.45589695794575,10830728
2023-10-04,179.681640625,180.0428042408809,176.4311129720367,179.59134283227536,14120040
2023-10-05,177.51463317871094,180.13310386423,176.38597964572705,180.13310386423,14575590
2023-10-06,177.92092895507812,178.28209254064868,175.93450167942478,177.87578006250487,12857229
2023-10-09,177.1986083984375,177.78550273690632,174.9413012850816,177.4243391097731,7853369
2023-10-10,178.73355102539062,179.2753101725064,176.7019748899675,177.19858514523906,7440527
2023-10-11,179.23016357421875,179.81705784318166,178.19180793605125,178.19180793605125,10031916
2023-10-12,181.2617645263672,182.39041810374184,178.19183230691198,178.19183230691198,21872719
2023-10-13,182.20980834960938,182.7515537171806,179.95250154096087,180.99085716193622,13105921
2023-10-16,183.33848571777344,184.0608267464583,180.6748660909128,180.8554479037067,18336656
2023-10-17,187.04043579101562,188.71084833271482,182.9321484402279,183.78992226805698,19378328
2023-10-18,186.4535369873047,188.2142334914897,184.19623024411698,188.2142334914897,14923328
2023-10-19,185.8214874267578,187.26615542591966,182.57096031800728,184.19622387238255,13192888
2023-10-20,183.15789794921875,185.2797582911917,181.3971874435809,185.2797582911917,22081120
2023-10-23,180.3588409423828,185.2346188661168,179.68164879866924,182.39041737352355,6988219
2023-10-25,180.13308715820312,180.99086100821685,178.59812125120368,179.68162578687932,16817158
2023-10-26,179.63648986816406,180.58456157191836,177.2437499383396,179.45590806209387,11070090
2023-10-27,181.44232177734375,182.20981161705004,179.81705809047062,179.90735587543875,9995487
2023-10-30,181.35205078125,182.57098830072857,178.46268678505945,181.4423347951881,7679981
2023-10-31,182.52584838867188,183.24818942327212,181.08118009698066,181.93895404790814,7474770
2023-11-01,181.44232177734375,182.70642187935957,181.03600930000238,182.70642187935957,5598615
2023-11-02,183.3836212158203,183.88021772034085,181.39718008770546,182.16466995788693,12924797
2023-11-03,184.55743408203125,186.45357767104588,183.38364534146123,183.65451118774047,8684015
2023-11-06,187.988525390625,188.6657174948978,185.05402627210958,185.09917516789616,9804415
2023-11-07,187.8079376220703,188.8011581878057,185.77636137375464,187.9885194219745,10730361
2023-11-08,186.90499877929688,189.2526033087836,186.58897032349816,188.71084417813066,7435543
2023-11-09,189.43321228027344,190.06525550507354,186.09240056846517,187.17590520776662,13777877
2023-11-10,190.65216064453125,192.32257348391659,189.25264120221948,190.06526628340114,12066023
2023-11-13,191.6905059814453,194.21869248180155,190.24582404481086,191.41962639613786,11352269
2023-11-15,189.7491912841797,194.12837169147838,189.43317662002298,194.12837169147838,19182861
2023-11-16,190.71568298339844,192.23442153364775,189.33501923490158,190.2554617338995,27533260
2023-11-17,192.83270263671875,193.93723082137438,190.4395465326,191.17590333731636,16705395
2023-11-20,192.64862060546875,194.39745576065033,192.23442428396135,193.3849774241698,11156900
2023-11-21,192.32644653320312,193.43097466087414,191.40600408600443,193.29291391172922,9608081
2023-11-22,194.76565551757812,195.6860980974441,191.63614231913027,191.63614231913027,13079580
2023-11-23,194.12130737304688,196.14629200189987,192.60258294624435,195.1798246190086,11382709
2023-11-24,193.70712280273438,195.22586136629346,192.8327052299908,194.48950455167432,7250200
2023-11-28,193.47703552246094,197.38891664952362,192.83272849873623,197.38891664952362,15629209
2023-11-29,194.25936889648438,194.6275402339396,192.46450904792658,193.5690371051286,10062023
2023-11-30,192.32644653320312,195.870155572853,191.68213962913146,193.66108527267383,60354322
2023-12-01,193.47703552246094,195.54803141325883,192.78670355886166,194.673613735001,20719909
2023-12-04,195.96218872070312,197.066730878162,194.8576606080812,194.8576606080812,27914088
2023-12-05,204.61434936523438,205.48876684069558,194.7195935151225,196.69853906721028,40709207
2023-12-06,206.5473175048828,208.25014196318062,204.7984821516362,208.02003130907767,29544730
2023-12-07,211.7017822265625,213.91083868403476,206.40923767089845,207.0995695694633,24534268
2023-12-08,210.4131622314453,214.83127501895567,208.43420241906983,213.3585754380649,22206320
2023-12-11,212.57620239257812,214.37106254157973,208.52626082330073,209.86089970102816,19106395
2023-12-12,212.9443817138672,214.7392418112625,211.24155744117732,211.7017786992191,14355329
2023-12-13,218.09886169433594,218.60510791109783,212.25405986761623,212.62223127353096,26878281
2023-12-14,213.63470458984375,218.69713821477052,212.71426211258435,218.37497772979467,29972018
2023-12-15,218.467041015625,219.1573729159758,209.07851593498305,216.30399544325704,41341690
2023-12-18,213.40460205078125,218.05282550106932,213.0364166190341,218.05282550106932,29051897
2023-12-19,214.96932983398438,215.75169746347825,212.4841381108706,213.68070202007732,12612164
2023-12-20,209.07850646972656,216.67215702981113,208.20408891116924,216.25796071731955,20400245
2023-12-21,213.8648223876953,214.64719009272403,204.98254375709897,206.59331814636982,17755207
2023-12-22,213.31253051757812,215.56761163425506,212.1619774942902,214.46308354086602,9735375
2023-12-26,214.78526306152344,217.040344378276,212.66824250187983,213.54266006819145,6772092
2023-12-27,215.4295654296875,217.08636470401413,214.00287677554962,216.30398297743727,10231881
2023-12-28,220.07781982421875,220.86018756659757,215.47560706373605,216.39604961583257,39164340
2023-12-29,218.32896423339844,219.29543169411352,216.0738828549555,218.881235366618,12665999
2024-01-01,219.29542541503906,220.44597853893748,217.5926011737342,218.97326492241234,5952776
2024-01-02,218.92724609375,220.9982416416608,217.36248266612523,220.906191777152,9128513
2024-01-03,218.1908721923828,219.7095965237528,215.93579113723123,217.22440487022175,8284439
2024-01-04,222.2408447265625,223.75958331885636,218.19090323678884,219.06532082607654,19663959
2024-01-05,222.05674743652344,225.50840672310153,220.26188741647036,222.74707929383905,16345257
2024-01-08,223.06922912597656,225.73850656219207,221.27435514679908,223.1152400117303,13585746
2024-01-09,223.0232391357422,225.18627076400966,222.28688226543957,223.29937471771055,8688409
2024-01-10,220.1238250732422,222.83914176819286,219.0653217834006,221.82664936890563,16872195
2024-01-11,222.70106506347656,223.75958238913262,220.16984813167568,221.13631558733093,18812468
2024-01-12,220.44598388671875,223.34537221134363,219.80167693067304,223.2073114510618,11296498
2024-01-15,221.9647216796875,222.28688219936134,218.14489060558444,221.27438974739135,12597366
2024-01-16,220.0317840576172,223.11525802846788,218.78918105551264,222.4249261483738,7478450
2024-01-17,220.16983032226562,222.01071521466724,218.7891666529644,219.52552341889248,13620300
2024-01-18,214.87730407714844,216.9482997528553,208.06603502831462,209.1705632463906,25522629
2024-01-19,216.67213439941406,218.0988229221744,213.91080721142745,216.3039630589504,20931080
2024-01-23,219.01927185058594,227.16519291603925,217.45452253969097,221.826624051071,27492163
2024-01-24,226.61294555664062,227.34930238141854,216.3039921442646,217.36249542405656,28309825
2024-01-25,225.96864318847656,228.91405650253583,223.75958671414173,225.27831128464211,20651484
2024-01-29,233.74636840820312,234.71283583531613,225.64647165668347,225.9226072136926,26181011
2024-01-30,233.8844451904297,236.507711936982,231.49128906919466,233.79239532236758,16031367
2024-01-31,238.67074584960938,239.31506688092918,232.31969776955106,233.79241149136928,34369455
2024-02-01,244.65359497070312,249.3938961180029,237.7502765111497,238.39459746991125,29929092
2024-02-02,255.05458068847656,259.0124715558319,242.95076940934248,243.4570014657468,33900724
2024-02-05,260.39312744140625,266.3760025382098,253.02958886072503,255.42274451738052,27440927
2024-02-06,252.4313507080078,260.393172559988,250.63647663209895,260.393172559988,29668277
2024-02-07,246.63258361816406,252.56942099785624,245.57405225207833,250.4524144450376,27335466
2024-02-08,254.22622680664062,265.13344783422536,249.25581489216967,249.25581489216967,69776717
2024-02-09,251.2808074951172,257.21767297400424,247.69108729169366,256.43529121551643,24496638
2024-02-12,248.7956085205078,254.0421422595654,245.0678274514829,251.46491437106388,19140023
2024-02-13,248.7495880126953,249.30185913593164,243.22693295968452,248.79559890226662,22031847
2024-02-14,251.87905883789062,253.12166170419127,245.7581224546148,248.05922847010746,13546941
2024-02-15,263.57696533203125,265.1678904812127,253.9379112427013,254.54619607292452,25475670
2024-02-16,256.93255615234375,264.7467557788312,255.76276664416642,263.9045130448063,25129188
2024-02-19,258.6170959472656,260.4419506262549,255.7627921273332,257.4473063225352,11429901
2024-02-20,269.42596435546875,270.2214270821199,259.88049731361417,260.4887822601169,43053543
2024-02-21,262.12646484375,270.8764969493412,261.33100218700224,269.09839387214606,24651085
2024-02-22,264.4660339355469,265.3082767212113,255.71600216603525,262.12645477574785,26793590
2024-02-23,263.8577575683594,266.89921057410527,261.09704264710945,264.4192337373513,14313526
2024-02-26,269.3323669433594,272.7949558513058,263.9513343665326,264.79360579122994,31012494
2024-02-27,273.73077392578125,274.57301674907404,265.86979330951965,265.86979330951965,36510093
2024-02-28,261.61175537109375,274.8069888125478,260.5355545660051,272.7949562535875,18824161
2024-02-29,264.6999816894531,266.7120139777734,256.7921930091932,261.6585288984785,35043015
2024-03-01,269.23876953125,270.8296661557682,266.33768578625074,266.7120127238247,15149735
2024-03-04,275.7428283691406,277.942038764834,269.5195527416572,269.5195527416572,23131460
2024-03-05,276.0703430175781,276.4914786933653,271.15722674353646,273.3096281636759,13220556
2024-03-06,274.853759765625,275.97674058036057,268.11576063995267,271.67190939225407,15969436
2024-03-07,273.8711242675781,279.7200720289706,272.32700777043357,275.134502695902,14908694
2024-03-11,267.2267150878906,273.21606046966036,266.1505144068685,269.89384099081695,19020659
2024-03-12,266.8524169921875,270.1278281072644,264.6064265108556,266.61845905539633,17906155
2024-03-13,247.34030151367188,265.68260814711294,245.00072231449104,265.12110342744626,39389523
2024-03-14,249.25875854492188,251.17720194870782,243.97131558583763,247.10632867602715,26005940
2024-03-15,248.8844451904297,254.5462153959138,241.1170251585676,250.89647757820327,43817794
2024-03-18,247.9018096923828,249.53951515466076,242.84832426350278,248.88445010533965,12423655
2024-03-19,242.38040161132812,249.39913910972564,241.72530802108463,245.32826564879187,20031514
2024-03-20,247.66786193847656,248.13577780405438,242.3336382064802,243.26946993763585,11308487
2024-03-21,256.1839294433594,256.88580322265625,249.96065431212384,250.61571937054396,23559105
2024-03-22,258.0555725097656,260.39515158963655,253.93791904105572,256.18390924586885,22097588
2024-03-26,252.72134399414062,256.5114795872108,249.02482584404117,252.76815271562597,28477120
2024-03-27,252.9085235595703,255.29488303344507,251.9259116725202,253.61039735298263,18094214
2024-03-28,259.13177490234375,261.5649428734951,254.2186588018577,254.54620558708646,26646830
2024-04-01,262.1732177734375,263.53018502102066,259.8336387667866,262.7347224468965,8945400
2024-04-02,261.61175537109375,263.6238164893727,260.62914345325595,261.3310172686597,13229425
2024-04-03,262.12646484375,264.9339599433418,260.6759085733707,262.1732450050164,14499308
2024-04-04,259.8336181640625,268.30291063218016,257.4004504782135,264.6531448237507,23722104
2024-04-05,260.5355224609375,261.9860786362818,257.4940696356444,261.9860786362818,9308711
2024-04-08,263.67059326171875,265.9633924529393,261.14383613503975,262.54758374779067,14473340
2024-04-09,263.1558532714844,266.10371705400445,262.9686755306553,264.69996967572695,5780865
2024-04-10,264.419189453125,267.0395348932784,262.0328304566199,262.0328304566199,8809693
2024-04-12,257.587646484375,266.19730858078447,257.02614181559807,263.4365939522309,17731780
2024-04-15,256.46466064453125,258.47672160527304,251.17721736100808,252.9085116819802,13378690
2024-04-16,256.6518249511719,257.86839464845417,253.84433005653736,255.4820354117408,9662195
2024-04-18,262.12646484375,271.2976040786897,259.88047447594,269.42594067896187,51039603
2024-04-19,263.57696533203125,264.1384700058196,257.0729528253152,260.2547745643639,18755469
2024-04-22,265.4486389160156,266.4312792733896,263.6237843540043,265.7761857018069,14965203
2024-04-23,267.0395812988281,268.72406693505064,262.68796960582245,265.4486559851492,11464036
2024-04-24,271.7655029296875,273.1224702333387,266.15051308172156,266.7120177783812,19324163
2024-04-25,274.47943115234375,275.6024406363888,270.68932412249734,273.26286134405956,22022414
2024-04-26,273.4967956542969,277.1465333232782,272.74814176913173,275.36845892652474,15581578
2024-04-29,274.853759765625,275.69600251650536,271.01684439015366,273.54357264279474,9804396
2024-04-30,282.4808044433594,284.82038369407576,274.2454683452475,274.8537817978874,33288857
2024-05-02,293.4768371582031,296.89261727152814,282.4808142962947,282.57440318145115,44059506
2024-05-03,290.9033203125,295.8164372552484,288.47015192422725,291.97952116904753,27074447
2024-05-06,287.1599426269531,290.8564604459498,283.6505739991819,290.2949843129584,16855909
2024-05-07,276.3042907714844,288.5168822082761,275.6024170438684,287.30031250413447,13857464
2024-05-08,282.62115478515625,283.41661738962654,273.2628384015418,273.2628384015418,18754452
2024-05-09,277.14654541015625,284.82037658468664,276.30430261278497,283.3230401897397,11196567
2024-05-10,284.25885009765625,284.91394364506374,277.24011305820795,277.24011305820795,11786977
2024-05-13,286.87921142578125,287.9086320622395,278.5035344021713,284.68002966160225,11710605
2024-05-14,289.4059753417969,292.91534448498766,288.0022276845206,288.23618562739995,9957875
2024-05-15,294.6466369628906,296.003575886737,289.0316463721136,290.1078471901487,11397656
2024-05-16,292.44744873046875,295.34853313373924,285.70944808799027,294.31911240234376,19843532
2024-05-17,293.0556640625,295.7227898729001,290.80967390191046,294.6933693861632,9069551
2024-05-21,304.7535705566406,306.4380846591677,291.0436426209263,291.0436426209263,21976662
2024-05-22,304.8471984863281,306.71886202269854,299.6533435966279,306.71886202269854,10287081
2024-05-23,299.3725280761719,300.12121050413447,289.17196917943966,298.95142098480017,35705284
2024-05-24,298.3431091308594,302.2268332025944,297.0329505742894,297.5944552583378,15058182
2024-05-27,297.54766845703125,300.8698592112212,294.31903801533144,300.8698592112212,12857918
2024-05-28,292.7281799316406,298.9982645078016,291.9795259043321,298.5303486009036,10935739
2024-05-29,297.3137512207031,298.24958294810943,289.2655926531455,289.2655926531455,16812268
2024-05-30,287.0195617675781,297.26690060285773,284.3056272931392,294.4126256602685,22768893
2024-05-31,290.10784912109375,291.5115967781313,286.08378392798045,288.7508816288964,36929443
2024-06-03,315.9835510253906,326.3245078972354,304.7067910625215,313.50360286385313,55218939
2024-06-04,276.95941162109375,313.4568490520696,261.7989261875766,313.4568490520696,73262478
2024-06-05,279.6264953613281,281.73211664736016,261.28421722823555,277.2869161546258,45312613
2024-06-06,281.1706237792969,291.4647716771544,278.9714137438007,283.93130994358796,36508044
2024-06-07,289.49951171875,290.7160813773226,277.754807980975,278.9245974831848,38016104
2024-06-10,295.5356140136719,302.60115987646884,291.60513834737,292.91529690280396,25478964
2024-06-11,296.2375183105469,299.18541106374397,294.9273596198579,295.91000005736277,12238518
2024-06-12,303.8177490234375,306.11054806183057,296.56505350765565,299.3725485460228,20346144
2024-06-13,300.8231201171875,306.9060263436846,300.0744375998741,306.0169747791617,11756503
2024-06-14,300.869873046875,305.0811154378888,298.85784072747595,305.0811154378888,14159988
2024-06-18,310.5089416503906,311.1640352535985,301.3378025613796,301.3378025613796,21653702
2024-06-19,306.29766845703125,313.3632141080479,304.5195941451438,312.5677515434548,14235150
2024-06-20,303.7241516113281,307.23352031070095,301.61853039170444,306.4848664118943,11749507
2024-06-21,305.0343322753906,308.450112024821,302.273617533633,305.7362060003139,17209541
2024-06-24,311.58514404296875,312.5677558036558,301.85247251181084,302.36719702971067,18044357
2024-06-25,306.39129638671875,313.50362310025974,304.89395993766004,313.50362310025974,13979671
2024-06-26,305.7362365722656,309.01164761609755,304.09853105034966,304.8004048454565,12946277
2024-06-27,310.2750244140625,311.16407605509085,303.5370525343264,307.46752899100903,27061015
2024-06-28,309.7134704589844,315.7027868133724,308.450092123772,311.631913759605,21676594
2024-07-01,308.45013427734375,310.46216672208163,304.37926066724054,309.76029294652307,11959181
2024-07-02,309.5730895996094,312.94208915574075,306.99955263523765,308.87121588205343,12684459
2024-07-03,313.6440124511719,315.2817180510087,307.9822416583208,309.85390520099145,9369793
2024-07-04,313.50360107421875,316.9661895844363,312.47418055285823,315.3752643642141,12878827
2024-07-05,317.6212463378906,318.0891621482173,311.4915606463369,313.5035929188787,10894118
2024-07-08,317.6212463378906,319.11858264279897,315.2348871289504,319.11858264279897,7828162
2024-07-09,319.2590026855469,320.3820122334923,316.40472721022104,318.182801861702,9214579
2024-07-10,323.8445739746094,325.48227957913787,313.9715601824652,320.9902984875874,10662609
2024-07-11,320.8031005859375,326.37131071578324,320.05444663741326,326.13735278695475,12642065
2024-07-12,321.0838623046875,323.70417964359524,318.2763672018648,320.80309565881504,11380570
2024-07-15,321.7857666015625,323.2362944518757,318.3699862810071,323.2362944518757,5277531
2024-07-16,320.4755554199219,324.73357794329087,319.58650394130785,320.7562934872131,11363095
2024-07-18,319.3525390625,322.58116956246204,315.3284745361342,320.0544127747253,13908161
2024-07-19,310.88330078125,319.91407093422737,309.76029132251716,317.7616408982089,12937990
2024-07-22,316.87261962890625,317.62127356588127,308.35654543905974,308.82446128949834,10678640
2024-07-23,312.8017578125,318.6507061635191,300.4955761938195,317.3405474447544,15954324
2024-07-24,315.5156555175781,317.05977212820784,309.1052025880914,309.66670732631604,12573882
2024-07-25,317.66802978515625,320.6158934438594,309.2455458692544,309.2455458692544,16271884
2024-07-26,322.11328125,323.37663119239386,316.7790291580287,318.5103235078311,11468068
2024-07-29,320.3819885253906,323.70417963996675,316.07715698924727,317.99560055242785,31849674
2024-07-30,327.3539123535156,334.0451317561641,321.27100639424725,322.8619316842441,25813219
2024-07-31,325.8565979003906,328.14936834914283,320.6159348528889,325.90337806001816,17976593
2024-08-01,337.9288330078125,339.2389916776005,327.6814644561692,328.6172961573488,26792459
2024-08-02,335.2616882324219,337.8820054257251,331.28440372443083,335.0277303201871,13771470
2024-08-05,320.8031005859375,332.0330811697064,319.58653077975623,330.11463757703956,13566586
2024-08-06,318.8846435546875,328.289740473513,317.48089604087374,320.8030870665064,12273667
2024-08-07,329.4595031738281,329.927418973569,321.3645655501737,323.6573643926296,12441847
2024-08-08,320.6626892089844,332.2202150792375,319.35253069236563,332.2202150792375,15489731
2024-08-09,323.7977600097656,326.5584748786621,322.20683473628014,325.57583448292706,8720610
2024-08-12,319.2590026855469,321.73895116466394,317.71488597661124,320.9902971722464,12521136
2024-08-13,315.3284912109375,320.4755653727706,313.6439770769298,315.3752713705005,10435954
2024-08-14,312.099853515625,316.63864270440195,311.1640218709005,315.3752642721608,12385993
2024-08-16,319.50726318359375,320.4036779626853,311.95836164964834,314.22302635047714,13013828
2024-08-19,321.1113586425781,323.94219646357095,320.16774603558054,323.3288540283768,5891370
2024-08-20,321.3000793457031,323.32884060718095,319.69592646168604,321.2529102360198,6393840
2024-08-21,317.6672058105469,321.72475764898724,317.1953994663171,320.8283140762411,10118601
2024-08-22,315.1665954589844,318.65797345433384,311.86395149459383,317.05382058149326,18370039
2024-08-23,317.2897644042969,317.95030480057665,314.55329338514616,315.77997835335293,7494822
2024-08-26,319.17694091796875,322.24368166588715,316.9122765865521,317.4784498685986,7993675
2024-08-27,316.44049072265625,322.1965333338851,316.1102205537682,319.8846709484401,9589690
2024-08-28,315.59124755859375,319.79030637674106,314.93070721576225,316.4404931445404,8790600
2024-08-29,314.50604248046875,316.95944080027215,310.2597861258444,313.7511639805764,17653536
2024-08-30,318.3748779296875,321.6303528411853,315.21377003530586,316.11021350275325,22713812
2024-09-02,316.6291809082031,320.73390127657825,315.3553269979917,319.31848244588133,9789776
2024-09-03,315.77996826171875,318.89390729167116,315.16662579721645,317.05385110139144,8434423
2024-09-04,314.1286315917969,315.82715156505975,312.33577339510674,312.52450743550423,9025610
2024-09-05,312.5716857910156,315.4496928131749,311.0147307003922,313.60966545035535,13912371
2024-09-06,311.20343017578125,314.31736909602694,306.6741011240426,314.2701711870217,23755639
2024-09-09,310.0238952636719,310.63726646547246,305.30583246071376,309.22184762458505,18597200
2024-09-10,315.30816650390625,316.3933153101741,308.5613417030864,308.5613417030864,15472387
2024-09-11,314.4117431640625,318.23336283732135,313.27939647736304,317.9030926539696,10134008
2024-09-12,319.1297912597656,319.8846698173223,314.4588973941671,315.96868330605145,18410837
2024-09-13,318.2333068847656,322.00775678110085,317.14815829892274,320.6395071749724,10417461
2024-09-16,319.17694091796875,322.24368166588715,318.04459435387577,318.2333283801477,7748570
2024-09-17,317.903076171875,320.8282809635439,315.638411712663,317.71437093172375,11451846
2024-09-18,315.4496765136719,319.7903001759544,314.31735868662264,319.4128609002713,6583254
2024-09-19,316.0158386230469,319.27131345354724,314.3173475442979,317.24255222149435,10589610
2024-09-20,321.63037109375,323.61196337856205,315.87432828425676,319.08260547088133,31236123
2024-09-23,321.9134521484375,323.18733499463224,321.0642065165653,322.71552866617293,6542941
2024-09-24,330.31158447265625,331.2080279759151,323.04578461278606,325.1217150884182,26145769
2024-09-25,343.23907470703125,345.5981061483167,332.4818970941238,333.89731595889504,40770462
2024-09-26,344.84326171875,345.4566041948038,337.0584571924117,343.52218094352844,18733959
2024-09-27,334.2747497558594,342.8144319147534,333.42550421025845,341.7764811350023,33148043
2024-09-30,332.95367431640625,337.2942975488006,329.98130071922105,334.2747260488477,16356171
2024-10-01,331.019287109375,335.9260841265613,330.2172394403099,331.302388166196,9856291
2024-10-03,324.7442626953125,330.17003501440104,323.2816747193099,323.6591139908489,19350466
2024-10-04,319.7431335449219,327.85820762051003,318.7051539311656,323.659120054448,20121706
2024-10-07,310.4013671875,320.8282745930665,306.6740860080783,320.8282745930665,13851446
2024-10-08,308.7028503417969,312.3357645406724,304.17352146837453,308.8443864696968,21148292
2024-10-09,311.1562805175781,313.0906749884397,307.1459266367602,308.5613456535195,9228363
2024-10-10,315.49688720703125,319.0354345539096,311.48653354723575,311.5809005691736,20773976
2024-10-11,311.4393615722656,316.4405261837106,310.9203861035491,315.5912805090952,6098468
2024-10-14,312.0527038574219,312.80758243206355,309.31620423160933,311.43933261915726,5944216
2024-10-15,311.2506103515625,314.6476213452107,309.0331150642664,314.6476213452107,12415489
2024-10-16,308.7500305175781,313.8927015144062,306.62690233069713,312.9962868913401,22085298
2024-10-17,312.4773254394531,313.1850349318255,306.2966740581104,309.9767576590921,17039729
2024-10-18,313.3265075683594,315.025027283874,309.74079171910705,312.8075322311774,10569021
2024-10-21,312.4773254394531,314.9307241056986,310.8732012014729,314.2230146133262,8745904
2024-10-22,304.5509948730469,316.7235927817395,302.9468417856799,314.1286578912643,11219831
2024-10-23,299.03082275390625,303.7488856840618,296.1528158852197,301.2011489798403,12541589
2024-10-24,301.1539611816406,302.7109162415018,297.47387773194004,297.47387773194004,8327779
2024-10-25,297.9928283691406,303.3714313614416,295.58662791281984,303.3714313614416,12979410
2024-10-28,300.35186767578125,302.3806577262924,293.2276043345509,296.7661514504143,9610615
2024-10-29,302.4749755859375,303.08834674881774,296.43586134070614,298.2759172358104,15856332
2024-10-30,300.49346923828125,307.0515600812754,298.88931616478055,300.5878074687912,14498110
2024-10-31,302.7109069824219,304.50379393864205,299.92726712339487,302.3334677062385,9900390
2024-11-01,303.8904113769531,304.5037825742267,301.9560171607252,304.2678794358199,847672
2024-11-04,297.66259765625,306.3910139560511,294.02968349103276,306.24944903269204,9249409
2024-11-05,298.7477111816406,299.78569064903104,294.40708809776885,294.7373582187704,7518195
2024-11-06,300.54058837890625,302.2862773046681,296.1999650165918,299.50260884493144,11019250
2024-11-07,295.3035583496094,301.01240274503147,294.1240426648718,301.01240274503147,14504208
2024-11-08,298.4175109863281,299.6441959554675,291.29324674868417,294.2656209406557,15740539
2024-11-11,311.20343017578125,313.65682874412795,295.1620156554467,295.86972511957913,22838987
2024-11-12,304.5037841796875,313.7511757352826,303.6545098395294,312.8075631766802,12069181
2024-11-13,300.06878662109375,306.2966351216401,299.2667102056772,304.45657915667095,12918639
2024-11-14,298.728759765625,305.14169530359766,297.29302400501814,301.6002312868387,12500377
2024-11-18,298.680908203125,302.03095857840174,296.8144690915435,300.54737652482765,9408101
2024-11-19,301.5523681640625,304.6152829286182,298.87233965266626,299.63805373874516,13157158
2024-11-21,311.9375305175781,312.75111999232894,299.59020828645436,302.46167993137243,25406386
2024-11-22,322.51416015625,323.1363065519668,310.11896158181673,311.8418330176668,31523269
2024-11-25,328.0656433105469,330.60210414911484,321.7483996979914,327.20420763840764,29419152
2024-11-26,324.28485107421875,329.8363804184665,323.42341542721545,327.3477658303637,13997179
2024-11-27,324.7156066894531,326.6777674260775,322.08342417391594,322.8012921326988,12177260
2024-11-28,319.35552978515625,327.10850981744056,317.96766921544275,324.7156165488419,16920231
2024-11-29,315.28759765625,318.2547910236072,312.5118474261887,317.15406600945965,13890537
2024-12-02,313.80401611328125,317.72836675357354,312.2247124633197,314.0911516095936,16003524
2024-12-03,315.5268859863281,317.15406501789136,310.35824260683535,310.35824260683535,23174488
2024-12-04,311.12396240234375,317.0583492266345,307.3432086697145,314.95259152508044,17880011
2024-12-05,314.2825927734375,316.29262886536577,305.8595913430051,311.07611010418543,19785053
2024-12-06,314.80902099609375,318.4940823362232,312.7032925232497,313.08614959011936,8802058
2024-12-09,315.00048828125,316.484070482891,312.7033164938183,313.70832002265587,9376929
2024-12-10,313.85186767578125,317.632650632765,311.41112828489753,317.632650632765,14994365
2024-12-11,313.516845703125,314.90473540033605,312.8468531538778,313.22971021203637,5013051
2024-12-12,315.0961608886719,315.7661534003986,311.88967843718416,313.9475605683982,10414162
2024-12-13,319.54693603515625,319.9776392477004,311.12393517615186,316.4840213209511,14973536
2024-12-16,320.647705078125,321.84415173886424,317.3933760029389,319.5469799922696,12695136
2024-12-17,315.67047119140625,321.17412575942893,313.9475997063354,318.2548076291357,17360248
2024-12-18,307.7738952636719,315.00044986782,306.9124595997002,313.94757107402324,15037099
2024-12-19,307.86962890625,309.97538657645197,303.2752857114188,304.37601072579275,10234715
2024-12-20,302.270263671875,311.6504227384428,300.1645351378377,307.53462882215234,13973399
2024-12-23,301.7916564941406,304.6631281228579,298.20231695824396,304.37599264403417,5984169
2024-12-24,296.8144226074219,303.0837899295454,295.5222546801574,300.64305100813647,4833589
2024-12-26,297.0058898925781,299.68594778092825,295.5223078046521,296.81447596420287,3775101
2024-12-27,296.1444396972656,298.9201898089065,295.5701395200005,297.436607793582,3981693
2024-12-30,294.3736877441406,298.6330490053482,293.17724123370255,295.7615773802968,12489142
2024-12-31,295.47442626953125,296.4794296010808,292.07650083358504,294.1822582645973,8402716
2025-01-01,297.10162353515625,298.01093466478636,292.79441563503605,295.47447363229577,4239498
2025-01-02,301.6481018066406,303.6102916972374,295.5223012423458,296.57518006045615,10766571
2025-01-03,302.509521484375,304.3759897090918,300.2123500455756,302.7966861705497,7636948
2025-01-06,292.8901062011719,302.9402569041533,291.7415058653546,302.2702351732399,6722495
2025-01-07,291.9808349609375,297.3887973014811,290.01867409746296,292.89014611822995,10137739
2025-01-08,293.51226806640625,294.66086846296133,290.01864990788994,293.03368943619523,6907996
2025-01-09,292.1722412109375,293.75154478086444,290.64078381793064,293.51225547602337,8244909
2025-01-10,286.8600158691406,292.1722264848171,285.7114155797474,291.02362619542384,6540783
2025-01-13,275.2784423828125,285.7592971798324,274.4648528444749,282.3614004851616,19474228
2025-01-14,277.81488037109375,280.4949088766722,274.5126763105418,275.4219873446416,15954608
2025-01-15,285.8550109863281,289.5400722939113,278.62848532882623,282.3613928155499,12198882
2025-01-16,284.8978271484375,288.67860967176716,283.89282379925817,286.18999517603874,11694289
2025-01-17,289.6357727050781,291.9329441283263,283.0313939094448,284.8978329114067,7593230
2025-01-20,293.1294250488281,295.57016449579777,289.01366031586514,289.6358067229238,9435937
2025-01-21,289.396484375,296.6708849147273,288.5828949154698,293.8472594993341,13911546
2025-01-22,284.8021240234375,289.34862089660356,283.1270988596395,289.06148540971503,9723333
2025-01-23,281.7392578125,286.76433365026116,281.021389835677,284.75429747313217,12228286
2025-01-24,283.17498779296875,289.5400778778457,281.73925186960753,282.64853376166303,11142914
2025-01-27,274.7041320800781,282.36139011715346,271.5933710025163,282.36139011715346,13477947
2025-01-28,271.7848205566406,276.42700998316207,267.3818912393075,274.84770631773875,11298068
2025-01-29,275.5177307128906,276.7620235010742,271.1626475340035,273.1248374970589,4800024
2025-01-30,282.6964111328125,284.37143638847147,275.5177314657026,275.5177314657026,10969499
2025-01-31,288.7264709472656,290.4493714775504,283.222816906031,284.2756956950739,14141459
2025-02-01,277.4320373535156,292.2679748674991,276.28343695870706,288.7264813252738,6945157
2025-02-03,271.6412353515625,279.489937048621,266.08973458738575,277.5756224113017,14978897
2025-02-04,273.4119567871094,274.12982470929336,260.44248801036724,268.9611815115929,19836427
2025-02-05,272.98126220703125,278.293473315418,272.3590866200002,273.36411926896625,15337191
2025-02-06,269.1047668457031,278.48492583483807,267.76475247871883,275.1827214928746,21418561
2025-02-07,269.3468322753906,272.9781486269869,261.4547773149336,264.45667140926554,17193482
2025-02-10,260.1959533691406,267.2649046050308,259.6149367966097,266.2965535013894,16709670
2025-02-11,253.1753692626953,260.2927251477966,251.7712485558282,260.195913693579,22083955
2025-02-12,248.91464233398438,253.80483319663585,245.9611832534055,251.2871143868454,17861265
2025-02-13,250.94818115234375,253.0785653887716,247.99472212394767,249.10831997637257,12257226
2025-02-14,249.20513916015625,253.22378995463572,246.6874206154625,252.15859792975826,11339563
2025-02-17,254.87002563476562,255.64469470712518,244.21814857943667,248.76939587094347,8332653
2025-02-18,258.5013122558594,259.4212279783289,251.96494298094876,255.49941823407346,10483635
2025-02-19,254.72471618652344,260.00224090453156,253.99845294377334,254.19213496253084,14602009
2025-02-20,257.33929443359375,258.01715199691387,253.03012039190682,254.4342412509003,15312926
2025-02-21,253.6111602783203,257.33931811622057,251.1902824032853,256.9035482780215,10757038
2025-02-24,250.94818115234375,253.51430565186118,249.10831997637257,249.83458329991885,14599185
2025-02-25,247.65577697753906,251.72286314155656,246.8326726881869,250.60923581092982,21287363
2025-02-27,248.1399688720703,249.30200201040725,245.4285828423927,245.96117890148628,13614799
2025-02-28,242.91087341308594,248.8662266223009,239.47322413686564,247.80103452796848,38512868
2025-03-03,244.50865173339844,245.76751111333746,240.635247349503,244.99282728138536,9873539
2025-03-04,245.96116638183594,249.01146627504443,241.55516615486243,242.0877621868464,11947033
2025-03-05,256.0320129394531,258.7434136235141,247.65578222706532,248.81781531333843,14536637
2025-03-06,258.2107849121094,258.8402071436526,252.44911426739603,256.758258430828,11926868
2025-03-07,254.9668426513672,260.1475271466946,253.3206634488607,257.58140254298485,10043068
2025-03-10,262.7136535644531,265.5703012601409,252.7880543377751,252.7880543377751,30233763
2025-03-11,258.8402404785156,263.24625577020277,257.43614909681986,261.45480030223024,9255499
2025-03-12,258.6465759277344,263.77882476257304,255.2573471929502,262.1326456795726,11875548
2025-03-13,259.17913818359375,262.0841911717567,257.0971894524224,261.2610869147651,9270442
2025-03-17,258.888671875,262.0842186766507,256.5646351509149,261.454796373505,11987667
2025-03-18,258.888671875,258.888671875,258.888671875,258.888671875,0
2025-03-19,268.4269104003906,269.49207286448365,261.2610893221769,263.39147335381784,13089950
2025-03-20,271.4772033691406,274.57590877656776,268.2816274015645,274.52750304821996,13710249
2025-03-21,274.14019775390625,276.12530565514754,271.18670921706524,272.10665456743357,26003527
2025-03-24,282.61328125,284.64682451930895,275.44748884781086,275.98007014494203,19966817
2025-03-25,281.7901611328125,285.90565317684843,278.5461791406971,281.7901611328125,16983852
2025-03-26,281.6449279785156,287.358193652155,280.38605379676846,282.46803233740206,20367015
2025-03-27,286.147705078125,287.8423192367941,279.85342391735406,279.85342391735406,37203166
2025-03-28,281.1607360839844,284.9372993063308,279.1755986806343,284.5983705251023,10834900
2025-04-01,280.14398193359375,287.5518920327063,277.91678606111407,280.43450501591667,11603556
2025-04-02,277.6746520996094,280.5797051294222,275.49586232724977,277.77149311094865,11679536
2025-04-03,289.6338195800781,290.45692392445716,276.07690419600505,280.1923963661701,23478876
2025-04-04,284.5983581542969,291.3768152773064,282.855338143357,290.50530527183645,21020875
2025-04-07,280.24078369140625,284.59836335003746,273.3654854307757,274.62435950763955,22847548
2025-04-08,279.8050537109375,284.69521479748136,275.641126375719,282.71010692315673,20831596
2025-04-09,284.11419677734375,290.02114418869473,280.14395149746986,280.7734033315833,21342531
2025-04-11,294.4755554199219,295.3470654403839,283.9689407881724,283.9689407881724,19831004
2025-04-15,294.91131591796875,300.62461105387973,294.0882411237009,297.4774699763862,16563441
2025-04-16,296.0733337402344,297.2837725535632,293.21668632008675,294.8144891950639,7032401
2025-04-17,299.220458984375,299.9951279636436,292.44200198472896,295.78282475524543,8528993
2025-04-21,309.872314453125,311.809016418457,298.6878724240232,300.18880462646484,13369014
2025-04-22,302.6581115722656,309.63025101551136,302.22237132689344,309.63025101551136,10027268
2025-04-23,304.982177734375,306.095775541447,299.65624691194205,304.20747915643824,8225575
2025-04-24,304.4495544433594,305.85367524150877,302.9486221846986,304.9337299528277,8021180
2025-04-25,296.7995910644531,305.41790933183546,293.79769695737076,303.0938727672882,11475773
2025-04-28,298.78472900390625,301.10879535467075,293.9429733593657,294.57242523454096,7314824
2025-04-29,293.36199951171875,300.9635325739952,291.66738495994684,298.7847424360028,14678005
2025-04-30,297.71954345703125,300.18882682473674,292.3451773747768,294.8144902942112,17619987
2025-05-02,293.4587707519531,299.2204712586938,292.732507472199,295.83124261984125,5688285
2025-05-05,298.4457702636719,300.86664760341057,295.0081067102078,295.15335344024703,4342960
2025-05-06,297.86480712890625,300.6246137007377,295.879669623817,297.86480712890625,9124804
2025-05-07,301.2539978027344,303.2391055043175,297.2837528478413,298.25210383431636,14679327
2025-05-08,298.49420166015625,307.35460757524595,294.3787098286699,303.48120349855293,19253478
2025-05-09,289.82745361328125,293.45877000278136,287.0192415157468,290.50531116001264,11981497
2025-05-12,299.2689208984375,301.25405855206003,294.42716498969895,294.42716498969895,7145884
2025-05-13,289.00439453125,298.97839893410884,288.5686247202087,295.3470823478646,17988336
2025-05-14,286.58349609375,291.03788714287646,284.74360551498364,289.7306369076964,10359258
2025-05-15,290.1664123535156,290.89267570642033,281.8385866631953,286.5350955889921,22640626
2025-05-16,290.698974609375,292.6356765599992,286.14771320471766,290.50529259362196,16763668
2025-05-19,294.4271240234375,294.86289381528456,289.5369630567162,292.4420161977535,12575289
2025-05-20,288.47174072265625,295.6375318082299,287.69707178703095,294.76602186772004,21339095
2025-05-21,286.77716064453125,292.68410802367583,286.29298511430187,288.3265282516112,11997632
2025-05-22,281.6933288574219,286.9708541689505,277.480995665399,286.53508435360214,26158839
2025-05-23,288.66546630859375,289.29488860777093,282.516430966752,282.7585187396455,9872024
2025-05-26,287.3097839355469,294.1850531219868,286.3898385674697,290.55373648757256,16469130
2025-05-27,285.227783203125,288.181271566729,282.9521819308902,287.6002550401406,17074710
2025-05-28,281.9354248046875,286.2930048775628,281.30600248228507,285.2278127271804,10099453
2025-05-29,283.82366943359375,284.59833837311703,282.12905527062657,282.12905527062657,9773818
2025-05-30,280.5797424316406,285.3246571008113,279.1272157236252,282.7585324936637,21788566
2025-06-02,283.7752685546875,284.3562851056245,279.2724420004522,281.1123031186449,7255782
2025-06-03,279.127197265625,286.0509015389711,278.6430217283039,283.2426893328545,10989055
2025-06-04,279.4176940917969,280.62813294950126,277.96516746255156,279.1272005866398,8580196
2025-06-05,284.93731689453125,285.9056680139689,280.9186656592112,281.79017575635885,13110486
2025-06-06,286.438232421875,287.6002655173844,283.6784555355663,284.2594425315918,7935393
2025-06-09,290.989501953125,291.61892424999877,286.7771688098469,288.5686242330491,8666186
2025-06-10,291.5220642089844,292.2483274776183,288.81069316010877,291.0378886965617,7273892
2025-06-11,286.09930419921875,291.86097470528654,284.6951834804106,291.5704812367113,10941604
2025-06-12,279.85345458984375,286.43822993597206,279.3692790628717,285.80880766125415,14071159
2025-06-13,276.4642639160156,277.3842093644504,272.88135270306583,273.6076160933881,16028417
2025-06-16,279.5145263671875,281.30598173089703,277.2388954755418,278.8366983591143,11067299
2025-06-17,279.4176940917969,281.25758479689154,278.11044376686004,279.5145351107592,7286868
2025-06-18,278.2072448730469,279.1755959231469,276.46422480355835,278.4009269037584,11904855
2025-06-19,277.3841857910156,278.54618938573884,276.2705583791098,277.72308503631166,13573824
2025-06-20,283.82366943359375,285.1793548536223,276.0284265529092,276.5126020280427,33014151
2025-06-23,281.06390380859375,284.1626391165812,278.9819548759131,282.17750165149454,6833477
2025-06-24,276.8999938964844,285.3730655634303,276.318977357548,284.1626267538666,15007849
2025-06-25,281.257568359375,281.88699061825,277.43256997188115,277.43256997188115,10838516
2025-06-26,284.2110595703125,284.9373229252622,280.5797427955641,281.596499671801,10232220
2025-06-27,289.779052734375,291.183173582518,284.8404564516138,285.6635607573622,15523628
2025-06-30,290.4084777832031,291.4736698624816,286.87400231481786,290.8926533145361,8415241
2025-07-01,288.1328430175781,291.9578414845851,287.6002617609346,291.47366595973506,12349270
2025-07-02,285.5183410644531,289.29490462027945,284.1142200832603,288.1328714253798,10826029
2025-07-03,284.40472412109375,289.48856729295994,283.8237075625345,288.9559564677266,10373094
2025-07-04,284.6952209472656,285.8088187923256,282.41958997152483,284.4047274404605,14193884
2025-07-07,286.53509521484375,287.26135856680014,284.21105839892965,285.3730915827524,6220756
2025-07-08,288.3265380859375,288.9559603863584,283.7752761258537,284.84046823903606,6254288
2025-07-09,290.1664123535156,290.50534116188413,287.0192711575952,288.8107266717731,5650646
2025-07-10,289.779052734375,293.1198756893476,288.5686139176065,290.5053160244361,9307817
2025-07-11,289.1011962890625,291.37682718369206,287.5518582390185,289.77905384975355,7073217
2025-07-14,288.7623291015625,290.941119221891,288.0360657281197,290.0211737948371,5484223
2025-07-15,288.6170349121094,290.5053313868159,287.4550313176004,288.6654701983788,6173407
2025-07-16,287.6486511230469,289.4885416541546,286.34140092172856,289.4885416541546,8144630
2025-07-17,287.21295166015625,288.762319381695,286.4382530235212,288.132867504513,8318287
2025-07-18,284.8404541015625,291.9578401957856,284.21103183238165,287.11608496865813,8702106
2025-07-21,287.6002502441406,287.8423379968714,283.00058294225624,284.6951972113715,5298012
2025-07-22,288.37493896484375,289.3917253269252,285.2277979639942,287.6971109418524,7775653
2025-07-23,289.779052734375,290.16638724539513,287.697103879879,289.39171822335487,5310964
2025-07-24,289.8758850097656,291.81258705820005,287.11607868040096,290.36006052187423,6294709
2025-07-25,282.8553466796875,288.32652418374363,281.69331360283985,287.7455076453198,8202572
2025-07-28,282.66168212890625,285.905664246623,281.54808426657286,282.7585231499201,7037396
2025-07-29,283.82366943359375,284.59833837311703,280.6280935666773,281.30595105255446,6586034
2025-07-30,279.8050537109375,287.1160924743307,277.52942278435324,283.72686372674167,10515572
2025-07-31,281.7901611328125,284.98570784043096,275.93164898493546,275.93164898493546,14283621
2025-08-01,282.0322265625,283.5331587801675,277.23887732898726,282.4195610491503,6697683
2025-08-04,278.8367004394531,282.32274062521867,276.657910547485,281.98384139451815,10397121
2025-08-05,276.9483642578125,279.5144882960102,276.07685433657696,278.0135561845337,15561914
2025-08-06,275.786376953125,279.2724467665108,275.0601136399917,278.49777771986055,12985269
2025-08-07,276.51263427734375,277.2388975747471,274.4306854018,275.49587748167073,8893659
2025-08-08,275.8348083496094,277.1904939379996,274.6243695114522,275.78637306504544,6172968
2025-08-11,275.8348083496094,277.33574068823253,274.3338464592568,275.8348083496094,8755499
2025-08-12,275.64111328125,278.4493253426438,275.0116910255161,275.39902552506555,13184438
2025-08-13,279.07879638671875,280.2407999654629,276.99681789864155,277.9167632562445,9928283
2025-08-14,279.56298828125,280.9670797149765,278.06202627063396,279.9018875417045,8464495
2025-08-18,281.1607360839844,282.08065185962835,279.3692807132589,280.3376317729236,9836105
2025-08-19,280.0909118652344,282.1332473668186,278.6807200552236,282.0359876420763,7196772
2025-08-20,280.47991943359375,281.06344809911144,279.0697573113852,280.28542966475504,3106073
2025-08-21,276.2007751464844,281.5983488453277,275.8117659061222,280.4799361494731,7389271
2025-08-22,275.5686340332031,276.73566176535235,274.0611824031939,276.2007777647218,6824793
2025-08-25,276.3466491699219,276.7843031138595,274.4502179983647,275.56863069125774,7426789
2025-08-26,272.2133483886719,276.0062402086339,271.24081050255336,275.22822177153944,22905910
2025-08-28,266.9130554199219,274.255705157843,266.0863922167015,274.255705157843,12455072
2025-08-29,267.6910705566406,268.5177337494827,264.77345670861183,266.0863888761254,12841075
2025-09-01,272.1647644042969,272.89416790206815,268.4204871798367,268.4204871798367,10820878
2025-09-02,278.8266296386719,279.9936573186593,272.164739043884,272.5051332470267,16983677
2025-09-03,278.1944580078125,281.25797617588785,277.7568337548744,281.0634567215809,30178885
2025-09-04,274.0611877441406,280.0423199960402,273.18590950809545,278.9725222944279,5946090
2025-09-05,277.5137023925781,278.7779898212633,274.5960886222258,274.5960886222258,9695914
2025-09-08,275.0337219238281,279.79918164903796,274.3529631627289,278.53486449927703,5186605
2025-09-09,276.0549011230469,276.54117009466415,273.963950480993,275.2768529607576,7093190
2025-09-10,275.17962646484375,278.5835093101367,274.74197251293344,276.88156788749023,7767863
2025-09-11,278.92388916015625,280.77173512119623,274.79060262115405,274.79060262115405,7406625
2025-09-12,279.75054931640625,280.67447228672944,277.2705892921768,279.3615400529297,7618852
2025-09-15,278.38897705078125,280.86893685227136,277.90270809523406,280.3826678967242,5420800
2025-09-16,280.43133544921875,281.74426767207285,278.4862594685472,278.6807492589119,8626429
2025-09-17,279.2642822265625,281.25800294470594,278.0972544281536,281.0634834718855,19010126
2025-09-18,281.1607360839844,281.89013956932183,278.2431221426345,279.1184003891387,16842964
2025-09-19,278.3403625488281,282.23051420049865,277.0760454543342,282.03599474611445,14993879
2025-09-22,278.7779846191406,281.06345463250244,278.04858119016353,279.1183788218969,9456933
2025-09-23,280.6744689941406,281.06347825305374,277.5623355638277,280.72308402169074,13619147
2025-09-24,285.245361328125,286.46103373351167,279.06976925236245,279.99366247275503,14032389
2025-09-25,276.58978271484375,286.75281600507043,275.81176423882266,285.926152824609,16242837
2025-09-26,274.49884033203125,276.3466565276837,272.407889645385,275.7145127870004,8959035
2025-09-29,272.8941650390625,278.24312396660133,272.2620212835269,276.1035285237842,14600560
2025-09-30,272.55377197265625,278.1458654208017,271.33809948392894,274.25571345687445,18772881
2025-10-01,272.9427795410156,275.08237497971265,272.21337605230127,273.2831737716498,11812449
2025-10-03,281.7442626953125,282.0360122154581,273.33178548390373,275.5686406298664,19597461
2025-10-06,279.0211486816406,280.72309019638686,276.7356784259376,280.4313406656608,11702722
2025-10-07,281.0634765625,284.3214847353709,279.21566033414905,281.0148615352423,11371062
2025-10-08,277.4650573730469,282.37639168858715,276.8329136594234,282.37639168858715,9989251
2025-10-09,278.2917175292969,279.069765666448,274.4988256091278,277.1733048666126,10714949
2025-10-10,281.2093505859375,283.2516862769683,277.4164584051681,277.4164584051681,10773268
2025-10-13,278.2917175292969,280.2854380562139,277.076045139531,279.8477841240975,8950161
2025-10-14,279.6046447753906,279.99365399743874,277.56230926026143,278.6321068805197,7667654
2025-10-15,282.9599304199219,285.19675584889626,279.16700864456936,279.2642683761559,8125514
2025-10-16,283.835205078125,285.1967522647158,282.6195326473291,284.3700890758741,7824732
2025-10-17,281.7928771972656,283.4948186471197,280.09093574741155,283.0085496614471,14275188
2025-10-20,280.28546142578125,284.07835366219314,279.21566369768965,282.1818927042351,13536721
2025-10-21,280.6744689941406,281.6470069811754,280.2854597352275,280.3826897903278,398291
2025-10-23,281.69561767578125,283.15442463389456,280.09093595775727,281.0148589030305,21031287
2025-10-24,280.57720947265625,282.7654199451466,278.6807485246963,281.69562222269496,16350189
2025-10-27,283.0571594238281,284.75910084202894,280.2854500006463,281.0634684914512,13396182
2025-10-28,280.3340759277344,284.564622124817,278.92388396887213,282.57090143540813,13543174
2025-10-29,287.2391052246094,288.5033927571594,280.8203484666144,281.0634829674513,14608714
2025-10-30,283.49481201171875,288.30888672900187,282.95992801179966,288.1629822931123,10329750
2025-10-31,280.23681640625,283.98109361064735,279.1184036515609,283.98109361064735,10088802
2025-11-03,280.0909118652344,282.18186238943923,279.26424872417635,281.06344975365533,8578207
2025-11-04,271.3866882324219,277.12468556718903,270.4627950381552,276.687031641825,26098629
2025-11-06,262.77978515625,270.8518388590628,262.43939091298574,270.3655698485438,21919591
2025-11-07,264.53033447265625,265.3083529963624,261.36958599090576,262.77977795456536,11379131
2025-11-10,265.2225646972656,267.54645180953463,263.590858183498,265.6181180241124,10717941
2025-11-11,264.67864990234375,266.16199749773756,261.71195471155613,265.2719949762581,11154806
2025-11-12,264.134765625,267.24978951326466,263.5414205560963,266.0136665275419,16444701
2025-11-13,266.854248046875,267.4475931421342,262.7008625588455,264.1347773574899,12573141
2025-11-14,268.2881164550781,269.27701482782635,266.50811145564467,267.3486811082373,10308317
2025-11-17,270.5131530761719,270.908736590646,267.00257572610195,269.0792684619509,9884392
2025-11-18,271.15594482421875,273.7270564403353,269.2770137802799,270.95815307892525,16434280
2025-11-19,272.09539794921875,272.9359676534738,269.47482313612903,272.8865348033116,15765235
2025-11-20,274.1226501464844,275.9520880541015,271.4526123794352,272.1942861837506,15337345
2025-11-21,274.5181884765625,275.90264013323076,272.342600031239,274.1226351716262,12941485
2025-11-24,272.7381591796875,275.9520788916759,269.4748066205665,274.91374767162375,49791096
2025-11-25,270.4142761230469,273.8259574525211,269.62313930580683,271.94705655209975,12114606
2025-11-26,271.9964904785156,273.8754215651714,270.46371004338476,270.9581592390765,8352869
2025-11-27,270.6614990234375,273.9248516100949,270.26591552790507,273.9248516100949,9865039
2025-11-28,266.953125,271.30427175878066,266.4586758188026,270.7603595521937,12580231
2025-12-01,266.65643310546875,269.42536658301617,265.7664306293502,269.42536658301617,10428760
2025-12-02,264.48089599609375,267.64535285071713,263.9369837547472,266.01367648424736,11029817
2025-12-03,265.46978759765625,266.0136696462371,261.5636268454636,264.4808891974844,9063557
2025-12-04,266.1125793457031,267.20037367815644,262.6514347653062,263.5908701869996,5103204
2025-12-05,266.8047790527344,268.48591842191763,264.8269822319468,265.2225657391319,5535798
2025-12-08,262.255859375,266.4092144150703,261.81084303770024,265.8158693582651,10203843
2025-12-09,261.6130676269531,262.79975781465754,259.98139125294836,261.16808144065277,10686557
2025-12-10,262.5525207519531,264.2830929226346,261.3658306205438,261.9591756862485,7157092
2025-12-11,261.86029052734375,263.3931011913678,259.5858362243208,261.31640846581627,8336183
2025-12-12,260.6736145019531,263.7886383094003,260.37692688580677,262.0580661742871,5522827
2025-12-15,259.2891845703125,260.9208609701886,257.6080451408732,260.67363635872897,6400400
2025-12-16,257.459716796875,260.42641213885065,256.81693884187075,259.2397219305461,9241981
2025-12-17,258.2013854980469,259.83306186793055,256.421350220986,257.45971167730113,10944698
2025-12-18,255.0863494873047,258.7947184165903,252.96020891421256,257.8552528829912,10930748
2025-12-19,260.5252990722656,261.01974827894765,255.0863577987635,255.18522349707223,16657897
2025-12-22,262.0580749511719,262.651420024554,256.1741174232074,256.22358045027994,10054250
2025-12-23,264.0358581542969,266.31031227662237,261.46471642115773,262.05806146400255,10526826
2025-12-24,265.0741882324219,267.0519849144136,263.34361613567916,264.82696364717293,6131188
2025-12-26,262.5030822753906,266.3103168262234,261.9097372224092,265.02476102708283,6029003
2025-12-29,257.7069396972656,263.49200161145643,257.1135945970538,262.9975523910775,7270521
2025-12-30,257.459716796875,258.5475111246899,256.07526500637687,257.11359630455405,10929200
2025-12-31,261.66253662109375,262.255881728473,257.65747978037325,258.49804950092835,5145868
2026-01-01,263.83807373046875,264.5797475098971,261.1680662317967,261.1680662317967,4298196
2026-01-02,267.9420471191406,269.0792743009689,263.29421233227725,264.53033539487006,13348375
2026-01-05,268.6342468261719,269.7714739610066,265.7170146262727,268.2386934982447,11526602
2026-01-06,265.56866455078125,270.2659321506915,263.0469855949752,263.0469855949752,11777253
2026-01-07,261.1680603027344,265.96422333657813,260.5252824109122,265.5192070075106,14877056
2026-01-08,256.4213562011719,262.3547469055148,255.0863674357233,261.06919099108813,11762204
2026-01-09,255.1357879638672,260.87138662952566,253.4052157586859,257.41024221916314,14100782
2026-01-12,255.67967224121094,256.61913780372106,251.47686908140932,255.1357901863585,9698555
2026-01-13,255.92689514160156,257.0641524503751,253.2568875553814,256.17411974285073,9734559
2026-01-14,255.48190307617188,256.8169219278936,253.89965962890105,254.24578009842648,15435341
2026-01-15,255.48190307617188,255.48190307617188,255.48190307617188,255.48190307617188,0
2026-01-16,254.44354248046875,258.64636061822983,253.35577839960462,255.43244086582428,9648251
2026-01-19,254.7896728515625,255.92690000315432,253.80077442778094,254.0479990337263,10588722
2026-01-20,251.22964477539062,254.9874617616948,250.58685175347193,254.78967000763222,12452441
2026-01-21,252.96022033691406,255.97636355347535,249.25185124017293,249.25185124017293,14263346
2026-01-22,256.3719177246094,256.9652628177811,252.61410067643763,253.75134292345138,15520530
2026-01-23,251.32852172851562,257.0641505421909,249.79574128366247,256.37190959231805,18022018
2026-01-27,251.52630615234375,255.48189962773728,249.25183688611412,253.6524316096111,17375059
2026-01-28,256.9158020019531,257.8552675891323,251.1802031357224,251.1802031357224,16046343
2026-01-29,257.6080322265625,260.12971106552004,255.8774600331019,259.684724894472,26914029
2026-01-30,253.65243530273438,259.48692972813217,251.22963728165874,258.39913547080425,23292764
2026-02-02,267.39813232421875,268.1892691840343,247.224610170096,248.46073322094648,37109237
2026-02-03,280.0560302734375,281.3415860820884,270.2164794268213,272.9853827895078,52651170
2026-02-04,286.18719482421875,288.7583367350135,279.75935513662427,285.5938497403762,27775044
2026-02-05,286.13775634765625,287.76943266204506,282.97326941525415,287.76943266204506,9870342
2026-02-06,289.5,290.24167378309136,286.1871843997685,288.9561179639131,19951107
2026-02-09,289.75,292.54998779296875,288.0,292.5,13114576
2026-02-10,294.3500061035156,295.29998779296875,286.5,290.0,21823214
2026-02-11,294.45001220703125,297.6499938964844,292.20001220703125,297.6499938964844,10508852
2026-02-12,293.8999938964844,296.0,291.75,294.45001220703125,10482579
2026-02-13,287.20001220703125,294.29998779296875,286.8500061035156,292.0,10914157
2026-02-16,300.5,300.95001220703125,287.25,288.0,22196951
2026-02-17,300.75,301.6000061035156,297.0,299.29998779296875,11190989
2026-02-18,300.54998779296875,302.25,298.45001220703125,299.45001220703125,9147320
2026-02-19,294.6499938964844,301.6000061035156,293.1000061035156,300.1000061035156,7552362
2026-02-20,298.95001220703125,302.04998779296875,294.25,295.54998779296875,11762183
2026-02-23,303.3500061035156,304.29998779296875,299.0,302.0,11774742
2026-02-24,304.79998779296875,306.20001220703125,300.79998779296875,304.0,15863867
2026-02-25,307.25,311.70001220703125,305.1499938964844,307.0,14240500
2026-02-26,303.25,307.70001220703125,301.3999938964844,307.1000061035156,14249515
2026-02-27,298.6499938964844,305.79998779296875,297.8999938964844,305.79998779296875,21400679
2026-03-02,296.79998779296875,298.6000061035156,289.5,290.0,15690227
2026-03-04,291.95001220703125,296.0,288.8999938964844,296.0,28191826
2026-03-05,299.45001220703125,300.1000061035156,291.8999938964844,292.0,19467441
2026-03-06,299.1499938964844,302.75,297.0,299.95001220703125,15887540
2026-03-09,295.20001220703125,296.25,285.5,285.5,21591866
2026-03-10,298.6499938964844,300.04998779296875,293.75,298.1499938964844,14627316
2026-03-11,298.79998779296875,302.8999938964844,298.04998779296875,298.6499938964844,12618289
2026-03-12,303.6000061035156,304.8999938964844,295.1000061035156,295.79998779296875,15284297
2026-03-13,300.95001220703125,309.5,298.70001220703125,308.6499938964844,23615092
2026-03-16,297.75,303.0,291.3999938964844,300.95001220703125,25911819
2026-03-17,298.5,302.0,292.1499938964844,302.0,12300000
2026-03-18,299.3999938964844,304.20001220703125,297.54998779296875,299.54998779296875,8691698
2026-03-19,296.70001220703125,300.5,295.95001220703125,297.6499938964844,8594078
2026-03-20,297.6000061035156,305.0,296.6000061035156,300.1000061035156,28392470
2026-03-23,302.1000061035156,304.3500061035156,293.1000061035156,298.0,23771660
2026-03-24,299.0,309.0,292.3999938964844,309.0,24123621
2026-03-25,295.0,302.25,294.20001220703125,299.8999938964844,16423641
2026-03-27,295.5,297.29998779296875,290.29998779296875,294.45001220703125,27444747
