Date,Close,High,Low,Open,Volume
,SBILIFE.NS,SBILIFE.NS,SBILIFE.NS,SBILIFE.NS,SBILIFE.NS
2020-01-01,964.6342163085938,968.1908114962628,950.0125109156482,953.371564381524,349251
2020-01-02,957.6691284179688,963.9426459188787,954.3595206597728,963.9426459188787,335765
2020-01-03,963.3497924804688,970.9570177368157,957.3233230291515,958.3112727949194,451217
2020-01-06,971.25341796875,991.0124138407593,946.4559022692463,954.4582714775421,895840
2020-01-07,973.03173828125,990.9136047353711,968.1907603595849,978.0702579142746,570304
2020-01-08,975.847412109375,980.3425716263558,963.448654215401,966.2149015874146,368547
2020-01-09,976.58837890625,985.9739020216869,967.9438181420318,984.7883501998028,614382
2020-01-10,977.0823364257812,984.985934698184,971.4510105967605,977.0823364257812,351231
2020-01-13,977.922119140625,985.9245489764471,968.1908373948418,981.0341852378345,332236
2020-01-14,975.8967895507812,982.0220903027443,972.1425924123747,981.0341405137074,369532
2020-01-15,986.1220092773438,989.9255914720164,969.1786479381718,976.0942957827867,533340
2020-01-16,987.8510131835938,990.9136333942565,980.0461857697932,987.9497840421302,465355
2020-01-17,984.3438110351562,997.631748606041,973.3775917965464,987.7522500848886,372188
2020-01-20,969.6726684570312,988.9376883601511,963.7449700253021,987.9497386215296,341082
2020-01-21,961.0281982421875,975.1064833359436,958.508938232713,968.1908345179581,355550
2020-01-22,969.8703002929688,980.6389165953314,960.2871754736784,968.1907736257251,1299987
2020-01-23,974.069091796875,991.9015731587697,968.3883805960155,973.5257314810743,1151390
2020-01-24,987.7521362304688,1007.7087330028106,965.2268942585745,974.118441902717,1388247
2020-01-27,980.1943969726562,1002.4726524204888,975.4521897955694,987.752176599259,740311
2020-01-28,975.9461669921875,994.8654294172593,963.9919987625528,981.0341324839508,578382
2020-01-29,995.65576171875,999.9533793789412,976.0943684196661,980.0461674820939,538017
2020-01-30,986.2208251953125,1004.7448827684777,977.3786629871217,1001.7810335567713,561770
2020-01-31,982.1207885742188,993.8774143147061,971.3027874235474,992.8894645986876,445170
2020-02-03,901.6524658203125,910.7415563124463,846.3272735393451,884.2151266333165,4046967
2020-02-04,900.614990234375,911.7788709249689,885.2029978734108,901.0101942640075,2004591
2020-02-05,899.57763671875,904.7643729288297,887.6728542393577,902.5908714094342,1337410
2020-02-06,908.419921875,913.8536462581567,901.0596831506073,905.0608681364511,1185756
2020-02-07,935.8848266601562,943.9366415913498,904.5174207387345,908.9138093766314,1642253
2020-02-10,941.3185424804688,944.7269812964527,926.6968977318406,940.5281947129129,734151
2020-02-11,928.42578125,948.8763532161586,924.523367662067,948.8763532161586,584552
2020-02-12,921.6089477539062,937.3667591399771,913.8535659358325,933.3655745058138,925589
2020-02-13,916.372802734375,925.7089401781762,904.961994880693,925.7089401781762,551572
2020-02-14,903.2330932617188,921.1644060255026,896.0704573020278,921.1644060255026,402685
2020-02-17,903.3812866210938,908.3704208599694,893.1065849749658,904.468007239581,355839
2020-02-18,905.0114135742188,910.3463666809596,896.1692506934498,903.97407833115,901858
2020-02-19,926.89453125,931.0933179762394,907.0367037296297,907.0367037296297,786366
2020-02-20,917.558349609375,933.6125333845054,910.5933157853291,928.3764116593196,784552
2020-02-24,905.5547485351562,930.1547222940269,899.0343040760112,912.4703970280486,493211
2020-02-25,890.34033203125,923.4366488521988,881.0041947785413,912.371599526754,760359
2020-02-26,880.6090698242188,903.7765057389678,870.8777879752214,883.0295590033131,807168
2020-02-27,894.4403686523438,902.8873880725124,864.4561149563002,880.0657104578622,821122
2020-02-28,879.6704711914062,884.2150158681806,864.4560211001765,875.3234682225788,1002851
2020-03-02,883.3753662109375,898.0463970930842,867.4199523077316,884.3633160427231,629219
2020-03-03,889.006591796875,902.9861054041262,881.3005955174739,892.1680431755104,615494
2020-03-04,874.4342651367188,901.0101364840191,866.4318965970227,892.019818233266,769392
2020-03-05,873.7921752929688,890.5873211745467,865.9873480869567,880.6089924415733,1014502
2020-03-06,843.6597290039062,870.8777334575931,838.0777886117352,854.576562042902,1436479
2020-03-09,815.3548583984375,851.5138528464727,793.3235926064112,826.1235340244172,1424660
2020-03-11,799.2020263671875,837.6826842733021,774.7008826637003,809.1309100904139,1305970
2020-03-12,742.641845703125,766.3526399128318,691.564831116448,751.8297663994528,2111588
2020-03-13,752.768310546875,785.4200371377633,617.5673535088326,656.9865719454247,2077130
2020-03-16,722.7346801757812,763.5369957617153,653.6275780715733,692.5528251756361,1588572
2020-03-17,678.7214965820312,759.2394033817918,666.8660992618211,723.1792365328193,1398542
2020-03-18,589.0650634765625,688.5516195903159,581.0626942812772,686.674490865659,2202064
2020-03-19,600.3770751953125,612.4300742064581,513.1411243214727,558.1916088061365,2916821
2020-03-20,625.8662109375,672.546839930076,598.6975908889108,619.4445371078334,2004915
2020-03-23,532.7025756835938,609.5650626034821,515.9074280916016,563.0820338279326,1652165
2020-03-24,539.6675415039062,582.8409568841521,528.5531070106908,544.7555067473337,1108727
2020-03-25,580.7661743164062,622.4082759459905,523.6133115101189,523.6133115101189,1610706
2020-03-26,610.7012939453125,656.9867256069203,588.1759865419024,596.2278028628217,1629666
2020-03-27,595.58544921875,649.0829492966251,577.9505712915155,628.5336077106374,1299441
2020-03-30,614.5046997070312,626.854070681851,568.0710648417089,591.6830862654296,1301701
2020-03-31,633.2758178710938,645.8227923131851,616.6288879642411,630.3119684894817,1087481
2020-04-01,627.4468994140625,651.0589239629356,620.4324798918416,634.165006353265,971706
2020-04-03,642.3154907226562,656.9865189431,619.740804982183,640.1913748498177,1279329
2020-04-07,726.4395141601562,739.2828622369428,645.1312533955112,656.9866516202374,1916861
2020-04-08,733.8490600585938,785.4200489152249,712.31176763255,732.9599414660372,1443627
2020-04-09,730.53955078125,764.6238216391652,726.1925471896458,745.9021593543753,683512
2020-04-13,699.2214965820312,740.9129917302904,691.5648853513555,736.0226279810855,760239
2020-04-15,692.4540405273438,716.2142212118807,686.7238834344708,711.3238576307353,1232607
2020-04-16,676.9926147460938,689.5889749620918,672.8925988696453,681.685376395191,1363923
2020-04-17,693.9852905273438,712.3117457114429,678.7214553450226,695.072011095803,1777451
2020-04-20,691.5648803710938,703.5684949145466,688.601030883789,694.5287298583984,1360101
2020-04-21,663.2106323242188,682.8214703676041,658.9624606051382,679.7094046421815,677346
2020-04-22,696.3070068359375,700.4564080550126,666.8661148619655,677.6347917996046,954059
2020-04-23,709.0021362304688,723.6731653605748,700.4563470862082,703.4201962276168,1219237
2020-04-24,670.9661254882812,698.3322864923133,667.8540595230029,692.5528043278476,1016019
2020-04-27,705.494873046875,718.2394485929435,679.8576259757591,686.3780700274381,3275845
2020-04-28,711.1755981445312,719.227412667197,698.0358786268908,715.2756136964981,1002540
2020-04-29,704.7539672851562,714.2877069963309,699.8636640039634,714.2877069963309,634432
2020-04-30,718.09130859375,732.0708227843318,708.2118103105606,726.3407258400164,1925414
2020-05-04,679.3636474609375,717.2514950128958,667.3600342716406,701.4442995305179,1418017
2020-05-05,704.9515380859375,725.846699597137,689.7865334135139,696.5045797110772,4310285
2020-05-06,722.3394165039062,739.9742937778119,697.492458487497,708.3105193015908,3664820
2020-05-07,726.291259765625,733.5526660776385,714.7816214238,728.1189426252115,1345672
2020-05-08,750.8912353515625,759.5851815538758,729.6009291670157,733.058753475864,2349883
2020-05-11,741.456298828125,761.6598835876391,735.874358534535,761.6598835876391,1498957
2020-05-12,735.62744140625,746.494889862854,726.241917739183,737.9985451893787,1115902
2020-05-13,751.3358154296875,770.600836338141,743.8768065737843,756.0285769330287,1752331
2020-05-14,737.75146484375,761.2152710573946,732.1695247193743,747.6803476236958,987397
2020-05-15,742.888916015625,745.3587906879958,733.2564047933789,745.3587906879958,1032406
2020-05-18,692.3058471679688,740.9623765622213,686.0817752647806,740.9623765622213,1705933
2020-05-19,694.4793090820312,711.3238407509925,689.5889456169344,700.4563931839634,1496613
2020-05-20,707.1744384765625,709.0515671731546,691.564844056367,692.5527938335903,1289104
2020-05-21,721.5985107421875,733.9972678595682,707.4213958616342,709.1503078983114,1400397
2020-05-22,721.1539306640625,735.0346125645209,714.7816427290737,723.1792155876738,1507444
2020-05-26,745.3587646484375,746.8900748318753,722.5865330246753,726.1431283087676,1110985
2020-05-27,732.2189331054688,745.3092664307865,728.316519790064,742.93816306709,682804
2020-05-28,739.0852661132812,745.6551568018589,731.0828963675066,736.0226456672871,1134155
2020-05-29,759.3876342773438,773.5646897200331,736.4178015366148,738.9370614546962,7090367
2020-06-01,765.4635009765625,771.5394164299034,756.6707838445107,766.6490528088816,1712847
2020-06-02,770.1068725585938,781.4682953096185,764.9695215155875,774.3550446577384,1388838
2020-06-03,797.374267578125,804.9814931755076,775.0466259906775,779.4924001359395,2163284
2020-06-04,785.2225341796875,810.6128575611601,779.2948350384725,799.9923965998164,1404467
2020-06-05,787.099609375,795.5465680155102,773.4659143394803,789.2731109718903,1199773
2020-06-08,769.9091796875,798.263347788946,766.6489577775027,792.3356496618004,1371772
2020-06-09,749.3599243164062,779.492393257277,743.4322255083661,772.6755155081626,1521206
2020-06-10,732.7623291015625,750.8417971573928,730.7864296353588,749.8538474242908,2283056
2020-06-11,731.9720458984375,748.4707596558686,726.1431178394495,731.082866940398,1314357
2020-06-12,741.406982421875,751.7310704899146,719.9684584599427,721.2033957814863,4340501
2020-06-15,736.3189086914062,745.704430960476,731.7249787079237,738.8876141237928,3316220
2020-06-16,754.8924560546875,761.4129612426738,733.4539925554027,741.9503371431648,1883900
2020-06-17,762.7466430664062,770.1068812524868,754.9912611338925,756.8189441728656,1936475
2020-06-18,762.3020629882812,776.9237686790306,758.350263677197,760.1286216069226,951540
2020-06-19,766.5008544921875,771.4406036615634,757.9551246089707,769.6129205887634,2912093
2020-06-22,768.5755615234375,780.8755486342368,752.3237751995088,771.6875672239745,1164278
2020-06-23,787.0503540039062,795.5960849156654,767.6371133118618,767.6371133118618,1506742
2020-06-24,771.3418579101562,800.2393914918048,766.2045065468172,791.0020843642075,1699063
2020-06-25,776.7755126953125,783.3947882656547,765.7598485543921,768.6249270295111,735190
2020-06-26,774.8983764648438,792.3357139911243,772.5767186297496,781.5670373993077,986158
2020-06-29,777.3189086914062,780.3321435916797,764.9695359036689,770.6008619548114,597371
2020-06-30,796.7321166992188,801.2272761640028,779.4923808796525,779.4923808796525,2052551
2020-07-01,795.546630859375,809.9706748060023,792.335793789778,805.1297566347224,1320983
2020-07-02,804.2405395507812,809.4766615410119,792.4839728632328,792.4839728632328,1075581
2020-07-03,833.8790893554688,835.8056036934206,809.4767151073214,811.1068565393597,2085479
2020-07-06,853.0946044921875,864.4560265554882,841.1404367019727,842.7211321735216,1836436
2020-07-07,858.1826171875,864.258472272725,843.3633701996285,856.552475898966,1104353
2020-07-08,840.4982299804688,861.3933908198026,835.9042396314995,859.5162622192275,1688004
2020-07-09,830.1248168945312,843.6103557428853,824.9874658904121,840.7452772118371,1180400
2020-07-10,849.8344116210938,861.3934360907759,839.757311819328,839.757311819328,2062795
2020-07-13,852.55126953125,857.3921872440375,837.9296249360178,857.3921872440375,668624
2020-07-14,849.3897705078125,875.8174254785412,845.7837299153049,851.5138865225223,1535913
2020-07-15,845.5368041992188,860.0102927519599,842.0789799319793,852.6006693221614,772942
2020-07-16,854.774169921875,859.0223419567242,840.992258298633,845.7344052282244,630372
2020-07-17,864.6537475585938,871.2235780847599,852.1561574491692,857.6887129603186,1228812
2020-07-20,844.1536865234375,877.3981598476415,840.7452477833014,868.4572265580582,1497333
2020-07-21,877.6452026367188,885.153657484108,833.8296520319242,853.5886485255718,4650668
2020-07-22,848.8464965820312,881.9922009510034,845.7838159631938,881.7452134962425,1757409
2020-07-23,867.2223510742188,869.3958527660684,848.8465083060776,851.4151537511993,937539
2020-07-24,856.9476318359375,866.4319252559304,852.600628843635,863.3693051702176,784937
2020-07-27,856.9970092773438,871.5692678616504,845.8825747638896,864.35724685952,1342666
2020-07-28,872.7053833007812,878.1885526263637,852.9463883968214,854.5765295962649,1005499
2020-07-29,870.4825439453125,879.2753212779603,864.0114848205604,864.0114848205604,934883
2020-07-30,902.54150390625,904.961992912292,871.0259422979485,877.1511826565281,2422578
2020-07-31,901.8499145507812,910.6426915371311,892.7113792682009,910.6426915371311,1271226
2020-08-03,864.5548095703125,900.0222300214302,862.0849351739859,900.0222300214302,1291032
2020-08-04,865.2463989257812,871.8656744632262,857.5404027581646,870.4825206614908,707018
2020-08-05,850.5260009765625,870.0380093897577,848.1055119235992,866.2343665066239,1364739
2020-08-06,864.8512573242188,867.4199026198543,849.0934463499494,858.2319817704889,907553
2020-08-07,858.1332397460938,873.1994753826997,851.7610112739578,869.2971216050894,827168
2020-08-10,855.3175048828125,871.3716884858685,851.415091270136,869.3957889654923,1090543
2020-08-11,850.2296142578125,867.4199657164822,847.1669938518036,857.5404672459073,971871
2020-08-12,846.57421875,858.0344124591775,840.7452907343236,850.2295848178036,1068002
2020-08-13,851.1187133789062,857.5403867822295,844.7958108311518,850.5259676461588,666359
2020-08-14,829.1862182617188,856.4536677107648,818.7139749665859,856.4536677107648,1897736
2020-08-17,832.1994018554688,836.9416086334342,828.0994467990854,834.8174926683178,1435984
2020-08-18,850.0813598632812,854.3295316554653,834.4223204146301,835.7560887340481,1170823
2020-08-19,853.2428588867188,865.0488106185732,850.0814075038486,850.279009521466,1332665
2020-08-20,842.5729370117188,854.3295633916154,838.7693545180473,850.6247517550515,660128
2020-08-21,850.871826171875,879.0777829214692,848.6489389627177,870.4332215525242,3651529
2020-08-24,850.4765014648438,859.4174947664825,841.3379664568184,856.3548144218311,951781
2020-08-25,837.6826782226562,855.515160450439,827.7537342714753,851.9585049113128,1877987
2020-08-26,829.0874633789062,844.697057766589,823.6043541866709,844.697057766589,2151196
2020-08-27,831.1127319335938,835.60789126183,825.0368168165301,833.7802083337599,945124
2020-08-28,841.2886352539062,848.3525004028318,832.891062002579,835.8055259556207,1640185
2020-08-31,817.7754516601562,853.5886321164301,808.6863013878711,845.1910587680624,2086032
2020-09-01,825.8273315429688,829.8779019444943,808.1923899468429,815.0586536954854,1148605
2020-09-02,840.0536499023438,854.5765231063974,831.1621022630865,832.8416288771017,2006869
2020-09-03,842.0296020507812,853.3416393149482,840.7452793713701,843.6103579097776,888422
2020-09-04,824.4935302734375,835.6079660187498,822.962220075129,831.8537686713789,1069706
2020-09-07,828.3465576171875,831.8537674986069,816.0465700164481,825.4320935214798,808757
2020-09-08,834.817626953125,840.5971094813925,820.1959811682003,830.816442102811,1438741
2020-09-09,820.4922485351562,833.335594990252,812.0946758529783,827.6548840581904,1685144
2020-09-10,835.0151977539062,837.781445182783,823.0609687831698,823.851376876853,659109
2020-09-11,853.9838256835938,856.453700167524,833.5826383264618,835.805525361999,1559667
2020-09-14,846.7717895507812,865.4440657746936,839.7573697585498,860.5043165408198,1346301
2020-09-15,854.2802124023438,860.5042841427531,842.7705730008873,850.9211589299089,724917
2020-09-16,857.1947021484375,862.9741845882032,850.9211844893722,854.5766109545458,823952
2020-09-17,845.833251953125,855.9597374817016,842.2765964657249,848.0561390203735,612356
2020-09-18,837.8801879882812,851.4151120938249,834.8669532059444,846.6235797595899,1245818
2020-09-21,829.9765625,841.5355866578413,825.5307886161893,838.7693394122927,875668
2020-09-22,821.8261108398438,829.8779267490056,791.9406259777517,829.8779267490056,1265561
2020-09-23,822.962158203125,831.359731246014,817.1826761699452,823.3079165026707,628723
2020-09-24,794.706787109375,822.1223921229987,772.9224473182763,820.5910218014237,14778790
2020-09-25,787.4453735351562,803.6971597535988,770.6008415584598,786.408038308377,2252162
2020-09-28,803.2032470703125,806.414084158847,790.3598987161747,793.3237483363603,1108315
2020-09-29,799.35009765625,821.3814247436002,792.4344495874911,809.1308240447896,1666687
2020-09-30,801.6719970703125,804.7346177881167,792.7310621041298,799.6467117375917,701139
2020-10-01,809.0321044921875,815.0091886421113,797.9176693912123,807.1549757774883,941061
2020-10-05,815.0092163085938,824.9380999425791,805.1791035367688,812.0947522788025,803756
2020-10-06,820.0477294921875,825.9260429342494,812.3417330175677,816.0465448130263,1211894
2020-10-07,817.9730834960938,825.9260676618504,815.1080048352924,822.4682432158977,637342
2020-10-08,811.1560668945312,825.9259265646815,808.1428324520448,825.1849643099883,1313341
2020-10-09,796.1887817382812,817.3308716448837,793.8176780573206,816.1947655349966,1188895
2020-10-12,782.1105346679688,803.1044692970942,777.7141457092288,803.1044692970942,1097157
2020-10-13,777.0718383789062,785.4200255532099,771.588729505732,780.480276964825,1142687
2020-10-14,800.83203125,803.8453261821562,767.2911859789918,778.5043913538797,2146398
2020-10-15,795.0525512695312,811.8970822343205,792.0887020569701,800.8320331141589,1920570
2020-10-16,789.9152221679688,801.2272590317414,787.0502040306402,792.3357111509946,682969
2020-10-19,788.6803588867188,798.8068449222984,785.4201364181255,790.853860632339,661678
2020-10-20,791.100830078125,799.4984036724604,780.4803693558773,799.4984036724604,1616359
2020-10-21,775.8864135742188,794.3117029426975,771.3912536834208,791.3478533048516,1763644
2020-10-22,771.3912963867188,778.8009208915214,762.0057720139688,778.8009208915214,1861965
2020-10-23,761.4129028320312,780.2333339655689,757.7574766085361,773.7128895774621,2252423
2020-10-26,769.4646606445312,775.44180504248,755.8803511940459,765.6610781182629,2638341
2020-10-27,765.11767578125,782.2585793721008,761.8080080261824,781.4682316528654,2566397
2020-10-28,761.7093505859375,768.8226017174921,756.7696012306461,767.6370498122872,1156097
2020-10-29,752.32373046875,763.6851525309833,746.1490445653624,755.2381942750824,1126591
2020-10-30,759.8816528320312,766.3527123030913,748.1744109053128,752.3238123439006,1156735
2020-11-02,756.81884765625,769.1188333516719,753.015265471165,761.7092106796905,891886
2020-11-03,779.3936157226562,788.1863326994835,759.8816073132824,764.2285502221511,1542962
2020-11-04,781.4683227539062,787.1490343289188,774.3550718522167,787.1490343289188,923658
2020-11-05,795.2996215820312,797.077919234951,783.4442234963363,787.3960228582347,1373458
2020-11-06,791.5947875976562,799.1526277863198,785.4201012669413,795.7441888718309,1722728
2020-11-09,798.41162109375,807.9946855071701,792.0393330943479,798.2634045101743,1255422
2020-11-10,819.405517578125,822.8633415799383,801.5729769861846,806.364569282782,1490688
2020-11-11,829.4332885742188,836.7935270527402,821.5790751682754,822.9622290849263,1822930
2020-11-12,827.6549072265625,834.2247972169836,815.1573187063182,829.8777941752462,1003690
2020-11-13,821.8261108398438,828.8405914005049,814.1694990156714,827.6550394452137,824124
2020-11-14,830.3224487304688,834.5212355183202,826.07427651093,834.5212355183202,187698
2020-11-17,852.7489013671875,856.4537131492386,826.2224128278987,830.8657889880036,2140176
2020-11-18,847.611572265625,858.2320329826962,836.5959074950265,853.3416692437382,968393
2020-11-19,836.5465087890625,852.4030913155639,827.9019478774543,844.4994927678077,1466056
2020-11-20,835.26220703125,839.7573667580792,824.9381191094072,838.5718148862509,971981
2020-11-23,821.5789794921875,844.1042817992067,819.998284028385,836.991031612762,1668966
2020-11-24,828.8405151367188,829.8778503897717,821.9248663834707,821.9248663834707,874577
2020-11-25,838.8187255859375,854.2307779099882,833.8295913940465,835.8548763274279,2407145
2020-11-26,841.2393188476562,848.3031845761707,838.0778671866497,843.017616563324,1791878
2020-11-27,835.8548583984375,847.2656657390056,830.8657243135629,844.6970205565948,2310173
2020-12-01,841.0910034179688,844.6970441591,830.0753997821274,839.6585245067901,1027637
2020-12-02,864.9994506835938,868.6548770684108,840.0537177908132,842.7211943580943,2097626
2020-12-03,847.80908203125,870.3837091649816,841.1404213764672,869.3957594383471,3804064
2020-12-04,852.6006469726562,860.5042450905952,846.1295880735274,854.6753173587479,1654173
2020-12-07,841.4862060546875,855.5644901008035,837.7813944636043,853.0946157067481,2151322
2020-12-08,843.5115356445312,849.1428616209746,837.979040828882,844.4994854544451,2473148
2020-12-09,847.6608276367188,853.5885257320804,844.4993765925932,847.6608276367188,1813714
2020-12-10,845.7344360351562,852.501928519441,844.6971007783453,850.6247997311758,2302834
2020-12-11,839.4609375,852.4030554576478,835.2127655192227,850.5259870613211,1939950
2020-12-14,839.9548950195312,847.957263927155,837.8307789232314,844.6970417907035,1186967
2020-12-15,845.8826904296875,848.1055776363354,831.9031756546763,840.942941081581,2044843
2020-12-16,847.1669921875,851.1187915679665,840.2513432716837,850.8224186743662,1618300
2020-12-17,846.03076171875,855.4657302653206,841.3380003095908,847.1669280745191,1650113
2020-12-18,846.8211669921875,853.5885987769756,842.5235493254885,848.6488499414606,1469894
2020-12-21,830.717529296875,853.5885902979903,822.517558371307,847.6608917542543,2239781
2020-12-22,843.6597290039062,845.2898099655738,815.2561727510353,830.7175506706226,2263176
2020-12-23,844.6476440429688,848.6488284384203,837.4356229857887,845.1910043411741,1535665
2020-12-24,863.3693237304688,869.0994203073831,840.992237433945,847.562127490888,2659479
2020-12-28,890.7849731445312,893.6006059921339,866.9259610371448,872.2609141480111,4187861
2020-12-29,888.4632568359375,897.9969966734143,879.5717084982716,896.0210970428219,1834129
2020-12-30,892.0692749023438,900.0222586515702,880.0656608344883,891.1307105419498,1969826
2020-12-31,893.3535766601562,896.366811389068,883.4740789918105,891.1306896847784,1123846
2021-01-01,884.6102294921875,896.1198078897687,883.2270757235365,892.1186234657198,798399
2021-01-04,900.41748046875,905.9499752819008,883.7211045688771,889.1548285209495,1028233
2021-01-05,894.637939453125,908.815055423345,888.1668802498374,895.5271184030545,1209912
2021-01-06,899.3306884765625,903.9740645840869,890.1427674210516,895.6258767364637,1214878
2021-01-07,903.1343383789062,905.455996300835,893.3536111893399,905.1596234192631,1109459
2021-01-08,924.2269897460938,942.9980349680882,906.9378691468883,908.9137686439403,4436263
2021-01-11,924.9679565429688,941.0221400343688,915.6812047419227,928.6727681179073,2146652
2021-01-12,913.8535766601562,924.7210245988176,910.4451377467328,923.5354727637566,1573331
2021-01-13,915.3848876953125,937.5643730696985,911.3837030103234,916.32345207813,1996557
2021-01-14,914.0018310546875,920.6210468331761,907.4319404092637,918.8921345896092,719918
2021-01-15,899.2813110351562,918.595717685178,892.513878982994,914.0017872664488,733660
2021-01-18,882.140380859375,896.2680506242535,872.5572559532399,888.1668503850567,936905
2021-01-19,893.5018310546875,906.9379243323352,879.7693045947108,879.7693045947108,1420092
2021-01-20,885.9440307617188,899.9235453028631,884.2151185188048,894.1933879151811,1147187
2021-01-21,867.71630859375,896.8608280737496,864.4560862711758,896.8608280737496,1913821
2021-01-22,852.1561279296875,875.0271909931076,827.9019712611482,874.8295889638982,3421388
2021-01-25,852.452392578125,872.1126161443492,842.7211119469044,855.465687466671,2534590
2021-01-27,871.124755859375,874.3355927820209,848.7476682632207,854.872969221741,2745728
2021-01-28,862.03564453125,873.693440903813,858.38021796282,872.3597327030157,1855486
2021-01-29,854.033203125,872.4090449936916,847.7103003854128,865.9873713955392,2286478
2021-02-01,863.9620971679688,886.1909675925306,841.7826121733053,864.4560720662923,3099408
2021-02-02,854.9223022460938,879.2752879941125,847.6115101886402,877.2993884705303,2781083
2021-02-03,855.712646484375,869.3463401204882,848.0065906773137,859.5162286637687,1883217
2021-02-04,853.4898071289062,860.2078533216195,848.6488292681616,855.7126940507378,2094974
2021-02-05,853.7862548828125,859.5163518351122,843.3633962394591,856.3055148886017,1766235
2021-02-08,848.7476196289062,861.1958228570538,846.6729492407158,854.5765473666502,1899676
2021-02-09,877.9910278320312,884.2150997142193,852.6007050875656,858.5284040800632,4311868
2021-02-10,900.3681030273438,904.2211316963709,883.2271966528879,887.1789961904847,4993209
2021-02-11,896.4161987304688,910.7909161083227,894.6379012063053,898.8366877243126,2184819
2021-02-12,886.042724609375,902.492112353418,882.6837315806357,897.0583886337203,984794
2021-02-15,866.678955078125,890.2909792280495,864.4560680460066,887.178913263216,1715171
2021-02-16,861.4922485351562,877.595818643941,858.5283990562509,866.6789851232406,1634864
2021-02-17,866.5801391601562,872.5078376042555,859.5162743944045,859.5162743944045,1496973
2021-02-18,882.7330932617188,888.0186002542753,868.1114491601821,869.4945426172778,2387930
2021-02-19,870.877685546875,888.3150223722461,863.7150500162853,887.5740600759782,1120800
2021-02-22,838.8187255859375,874.335531260345,834.9163120022997,869.3957824961622,1810985
2021-02-23,859.219970703125,863.8633469180817,838.7693973646876,842.7211966455578,1480977
2021-02-24,861.047607421875,865.3452250883903,842.4247784326469,859.6150681997032,683427
2021-02-25,861.887451171875,872.2609243310291,859.219974585301,862.6777989716857,1885254
2021-02-26,856.4536743164062,868.3584569096832,847.7102827274008,849.6367968266508,2636891
2021-03-01,865.8391723632812,868.4078175558666,841.9307767028338,849.6367725802563,2648545
2021-03-02,868.55615234375,875.3235848334843,860.0103618482485,866.1850485358436,1583910
2021-03-03,895.527099609375,899.034309305523,872.8536398587138,877.2994139157191,2127137
2021-03-04,904.86328125,913.6559986333126,881.6464600440189,888.8584818055168,3140379
2021-03-05,892.6619873046875,903.9740240369965,884.1656435483598,899.034275271767,1268992
2021-03-08,912.7174072265625,919.4355141697206,890.8343551297797,892.7114235876977,1396479
2021-03-09,959.5955810546875,971.8955675141649,927.6848161583745,938.5522634190156,11031435
2021-03-10,929.413818359375,962.2631507648484,924.7210565871644,961.9667778707487,2362998
2021-03-12,903.1837158203125,925.0173821982614,894.0945656345904,894.1439510644703,28967831
2021-03-15,908.913818359375,915.5824795266856,891.1307219132133,909.9017681619395,4581531
2021-03-16,903.0355224609375,912.7668643844423,900.0222875647003,907.3825257962669,1422174
2021-03-17,878.2379150390625,912.7667697888213,874.5331035916563,912.7667697888213,3809803
2021-03-18,879.7199096679688,887.1789185827561,871.6680946945935,884.2150691888271,2657918
2021-03-19,895.7739868164062,898.9848232760495,871.6679905072193,877.2499303184644,2849173
2021-03-22,889.3524169921875,898.293350571708,884.5608243094733,894.0945639454447,1660688
2021-03-23,888.068115234375,899.8740673159398,884.215086825546,893.896982978897,1642691
2021-03-24,870.0874633789062,884.2151344731228,864.50552248834,882.2392347312834,1900721
2021-03-25,853.6873779296875,873.6439754790334,850.624757741774,864.5548254734268,2711471
2021-03-26,863.4187622070312,866.3332262527016,857.6392195470398,859.5163483356877,1194885
2021-03-30,861.6404418945312,870.3837735016662,857.5404261060684,865.4440245033593,1276847
2021-03-31,870.2355346679688,880.1644781405105,860.4548680811247,865.4440023819545,1929013
2021-04-01,872.80419921875,879.3246433033639,865.9379365495533,870.97645604224,1193426
2021-04-05,864.4818115234375,878.7982093276102,856.8034731668547,876.8167026549437,1091002
2021-04-06,889.2506713867188,894.650289324529,857.9428892155039,864.7295255829733,1351799
2021-04-07,910.0070190429688,912.4839026005163,889.9442622268336,892.6688341401359,2860132
2021-04-08,900.0994873046875,912.8802306853321,896.6318503145209,912.8802306853321,1342782
2021-04-09,901.6846923828125,907.4806363588829,891.8762694915109,896.2355483973811,1344813
2021-04-12,864.3828125,897.0281489948368,860.4693244913451,892.3220703634794,1485108
2021-04-13,889.4984130859375,892.4211477845523,866.6615587283231,873.2996187715864,1174856
2021-04-15,900.2976684570312,903.56714273461,881.7705669230295,886.7243341529341,1464475
2021-04-16,905.7468872070312,911.0473943924317,897.2263705854912,908.5209849907062,1310422
2021-04-19,897.8703002929688,901.4865745183271,880.2844268251616,888.9039938021323,1580387
2021-04-20,890.6378173828125,922.4905042106668,887.0710687147333,908.520904888699,3593124
2021-04-22,905.9449462890625,912.1371551288806,886.773831438512,891.6780729338059,1988641
2021-04-23,914.3167724609375,933.1906735505437,888.0618067447266,888.0618067447266,3601606
2021-04-26,933.7850952148438,938.1444344365234,907.530129672994,910.6510271238317,3751088
2021-04-27,920.1622924804688,938.0453806600893,916.4469669388249,937.2527899720305,1926977
2021-04-28,921.7969970703125,925.3636851588403,905.697254154005,925.3636851588403,1904945
2021-04-29,919.6173706054688,926.3544820168877,912.7811475659042,921.7970403043728,830577
2021-04-30,920.1127319335938,931.8036104328514,911.2950021282094,919.4191924313516,1326833
2021-05-03,949.7362670898438,970.9384158695995,907.5797183725214,913.4251881257682,5424609
2021-05-04,973.8115234375,995.7071489932149,933.8345881879866,988.7718753186354,10515809
2021-05-05,964.1021728515625,1010.370371773141,956.077093971312,980.7964050235889,5475550
2021-05-06,960.4363403320312,974.3564130757316,952.312150610085,968.2632556665752,1800692
2021-05-07,991.0010986328125,1035.040039343138,965.390147165384,1020.4760125886497,11010394
2021-05-10,995.7072143554688,1008.0916324444672,985.7996798842701,999.9674420839259,2370879
2021-05-11,991.6946411132812,1005.6147144756584,981.3412558503838,988.7719064499577,1297672
2021-05-12,963.904052734375,991.6451492492168,961.0308435498785,986.3445820255133,3513520
2021-05-14,969.3530883789062,972.9197762011056,956.0769694847932,963.9534706021668,1331063
2021-05-17,954.7395629882812,979.6569753654026,952.3122050008425,969.3531760192567,2181641
2021-05-18,959.4951782226562,966.9753545783614,955.2844761151173,956.968769052291,1342840
2021-05-19,969.00634765625,970.8392777228223,954.0955211284112,959.4951392351855,1101773
2021-05-20,960.188720703125,975.3472362431582,956.8696603961706,972.3749759227285,1463348
2021-05-21,960.2877807617188,966.6781526040463,956.3247669644045,959.1483901066742,1245988
2021-05-24,953.60009765625,962.9627288910322,951.7672281503677,958.4052272067752,1841255
2021-05-25,956.374267578125,963.6067554752731,954.2441840001459,958.0585604921762,1235079
2021-05-26,962.7646484375,970.9383642590686,960.0400764969771,960.0400764969771,1719675
2021-05-27,973.0188598632812,976.8828221921124,956.6219036944776,967.470665183162,2428883
2021-05-28,967.8174438476562,977.8736151420426,963.0123140000662,976.8828617325775,1137566
2021-05-31,966.6286010742188,973.7124517642598,961.674833960572,967.9660940065874,785669
2021-06-01,957.3650512695312,972.9198926038945,951.2223677556741,969.3532043549668,1420625
2021-06-02,975.2977294921875,984.2640362044086,954.4919068475499,956.0770881940625,2488600
2021-06-03,977.7249755859375,981.6879892142467,972.4244690463894,977.378236081776,1724751
2021-06-04,980.0037231445312,985.7500806140863,974.9013190849892,985.7500806140863,996919
2021-06-07,979.3597412109375,988.7223729858675,977.8736111028784,985.7996383458602,693875
2021-06-08,970.7897338867188,978.8643986101289,954.095562612909,978.8643986101289,3262160
2021-06-09,989.3663330078125,997.6886858567004,969.1054741095983,969.1054741095983,3809219
2021-06-10,988.3260498046875,995.7071747865666,982.8769060620745,995.7071747865666,1041345
2021-06-11,978.9634399414062,993.230313520946,974.9013750669434,989.6636253614562,823207
2021-06-14,977.0315551757812,983.5705038663541,962.3683554949698,978.9634760588191,514960
2021-06-15,986.6417236328125,994.4686994782915,971.7804230179439,982.6291845609554,1137725
2021-06-16,982.629150390625,994.5677160419224,979.2110392739106,990.7038142988936,833286
2021-06-17,974.207763671875,983.5208694143445,967.9660296180347,973.9105497589846,869613
2021-06-18,973.4647216796875,991.44691971971,947.9032965631532,991.44691971971,1888723
2021-06-21,972.4740600585938,981.242264583698,959.3961021110234,964.003129952247,887943
2021-06-22,997.6886596679688,1001.6516732118336,970.987843822022,972.9198250188136,2289172
2021-06-23,991.2982788085938,1005.6642027685057,989.7626231691055,1001.1562869993804,1802617
2021-06-24,992.883544921875,996.1530190507585,985.7996339169703,990.8524520733548,932721
2021-06-25,997.8373413085938,1008.1411406991085,982.232974784596,987.7811698048123,980203
2021-06-28,992.8339233398438,1010.2712188544239,988.7718587297695,1001.1562757980282,1107325
2021-06-29,990.1589965820312,1007.8934465971832,986.0473456822543,990.852475602513,2486963
2021-06-30,998.8280639648438,1002.3947520149804,989.2177438948568,993.1312319173161,777901
2021-07-01,997.589599609375,1007.9925100691238,993.3293117111338,999.6701575130098,834379
2021-07-02,997.8868408203125,1001.5526405100687,986.8399161749908,1001.5526405100687,581097
2021-07-05,1000.5122680664062,1005.5651465437579,996.4997290058064,1004.6239187466329,431929
2021-07-06,1013.6893920898438,1023.3492379941979,996.796997798418,1001.602188197417,1693798
2021-07-07,1005.0203247070312,1017.5037939991324,1003.1873945405266,1014.0361569212386,888200
2021-07-08,1012.1536865234375,1016.5130258322821,992.8339945120052,1001.4040359259055,868890
2021-07-09,1010.1721801757812,1018.4945332348885,1003.187380539097,1004.7230362722872,930387
2021-07-12,1023.8939819335938,1026.4204513052293,1009.5281190994305,1010.2711840979622,1297301
2021-07-13,1042.91650390625,1046.7308799905002,1026.4700230232504,1030.383450250942,2525938
2021-07-14,1042.6688232421875,1051.0406404603962,1037.3187310997778,1040.2909910742756,1596046
2021-07-15,1043.2137451171875,1055.1027859281717,1039.6470570622078,1043.7587078643219,796945
2021-07-16,1040.5386962890625,1048.0683974916526,1037.4177990768871,1044.254021317469,699003
2021-07-19,1028.25341796875,1040.5387846273147,1017.8010418997366,1035.2382779917734,643558
2021-07-20,1005.3670043945312,1031.5723832327176,1003.4350231862378,1027.6589557114833,695099
2021-07-22,1016.5130004882812,1029.1946925357217,1007.5962197822437,1007.5962197822437,915518
2021-07-23,1040.73681640625,1044.2044531588226,1014.0855873618051,1016.0175685038242,1290998
2021-07-26,1066.6947021484375,1094.6834864816688,1030.4826159884565,1038.3095922558,2151393
2021-07-27,1094.93115234375,1103.4516074588203,1053.1708720347706,1087.8472412927358,6096747
2021-07-28,1122.919921875,1128.2700143953323,1082.8934605360387,1104.690035222034,4409570
2021-07-29,1118.411865234375,1137.3848155709318,1113.656321845709,1122.523515715911,1555904
2021-07-30,1088.44189453125,1112.6163068651717,1081.902944876908,1112.6163068651717,1238229
2021-08-02,1096.962158203125,1118.065254809661,1091.760702653501,1100.7766556927813,1582968
2021-08-03,1121.235595703125,1124.4060792082998,1084.6768913018925,1095.0302161519405,1033719
2021-08-04,1126.338134765625,1134.0660607337134,1114.597729536163,1119.5514972229903,1840302
2021-08-05,1124.257568359375,1164.828877043162,1114.5977214402262,1159.379732627232,6687775
2021-08-06,1140.0599365234375,1143.5771596166735,1117.02491901329,1129.458923078196,1654283
2021-08-09,1125.941650390625,1145.3109276914495,1118.4119487567475,1140.6048490525789,1491795
2021-08-10,1117.173583984375,1135.4034719456413,1109.7925190398964,1132.1835231813975,1911046
2021-08-11,1124.9014892578125,1131.5394889840202,1102.807638986649,1119.5513964492957,1458158
2021-08-12,1123.56396484375,1140.3076008961777,1118.114821031247,1125.793160039774,1054244
2021-08-13,1128.07177734375,1131.93573972456,1120.5916618693773,1121.5328292063039,712776
2021-08-16,1128.5672607421875,1133.9173537028908,1117.9166608712342,1121.5329352482938,479277
2021-08-17,1124.30712890625,1141.1499385370248,1113.1611519447076,1127.4774917542302,1991904
2021-08-18,1103.748779296875,1135.7996248588152,1090.0267491265886,1124.5050128759767,3428721
2021-08-20,1114.8948974609375,1123.0190273145465,1090.3241637050362,1103.7489212304226,2127671
2021-08-23,1124.950927734375,1130.4000715703964,1108.2567567159708,1116.5791096720288,1251406
2021-08-24,1149.67041015625,1155.1195545226958,1120.1954929013843,1129.4590141360238,1211218
2021-08-25,1145.4595947265625,1160.816272790259,1139.5150741857767,1157.1999986062985,893931
2021-08-26,1141.14990234375,1153.732423115737,1134.2640931187257,1140.5553535047193,823814
2021-08-27,1173.1016845703125,1181.6221401516555,1134.7099879337643,1144.1221458188536,2469538
2021-08-30,1169.7825927734375,1187.9134299474354,1165.6710625589997,1178.501271828586,1690833
2021-08-31,1181.027587890625,1183.4548852392672,1160.8161952143398,1169.7824405325405,1719768
2021-09-01,1209.2144775390625,1211.493258646818,1172.9529287016255,1178.0057466562437,1955177
2021-09-02,1231.9029541015625,1238.441903161939,1212.8804139040399,1218.428730383479,2468599
2021-09-03,1232.6458740234375,1242.0580313786065,1214.6636755197198,1235.419910994751,1295336
2021-09-06,1233.1412353515625,1236.46023503132,1222.0943108262286,1233.4879748509563,1166873
2021-09-07,1227.2958984375,1241.7608753528652,1216.8929866848512,1233.4881078140766,1164891
2021-09-08,1208.7686767578125,1235.4198452014357,1200.7434778448999,1234.5282639369534,1909087
2021-09-09,1162.351806640625,1188.5573058721277,1157.199937487345,1166.116717827573,10115407
2021-09-13,1154.376220703125,1168.1477156304463,1142.6852834977008,1168.1477156304463,2374250
2021-09-14,1160.0732421875,1163.1445537031695,1147.3420845060673,1159.1815398915744,1338821
2021-09-15,1161.6087646484375,1165.1259875623523,1154.723076959117,1160.0731694576675,1875092
2021-09-16,1173.9437255859375,1176.0242835336126,1157.19996896989,1163.3425916614212,3028407
2021-09-17,1187.7152099609375,1193.6597302891873,1172.5070487012379,1191.876325814082,4143024
2021-09-20,1166.612060546875,1187.6159830268023,1163.1444238488589,1178.8478401358468,2117784
2021-09-21,1173.6463623046875,1184.8913883330679,1160.0730901554375,1178.0057011144506,2117913
2021-09-22,1180.2845458984375,1192.4212747615636,1166.8597892691255,1173.6464257103953,1399326
2021-09-23,1207.034912109375,1212.6821580964286,1187.4179464694198,1212.6821580964286,2659260
2021-09-24,1210.7503662109375,1227.097799003594,1196.4339055336268,1207.7285196514165,1703375
2021-09-27,1211.4931640625,1221.5987991827637,1197.6720831856403,1218.576953289912,728019
2021-09-28,1199.10888671875,1217.7845640943021,1191.1828595298407,1211.1960298052059,1588306
2021-09-29,1194.799072265625,1203.567337033887,1185.733774969489,1194.8486583146594,1623118
2021-09-30,1203.8643798828125,1207.728342163364,1185.6840799704726,1197.969445785387,1234882
2021-10-01,1197.8702392578125,1206.2916416998044,1188.3094464147696,1192.8668870774184,830634
2021-10-04,1219.4688720703125,1228.5342904177605,1194.898258826908,1199.8024400773452,1664614
2021-10-05,1250.28125,1255.7799799456252,1215.6544657935165,1219.6174795369348,2282814
2021-10-06,1200.8427734375,1262.120850437265,1194.2542387738276,1261.2291481395016,2630744
2021-10-07,1203.81494140625,1222.787771858881,1196.0374306286435,1215.6543959074475,2674007
2021-10-08,1185.3868408203125,1217.6359119253145,1180.928450581367,1213.6233123336335,1661548
2021-10-11,1194.94775390625,1207.2331213068821,1188.8545957860185,1188.8545957860185,822914
2021-10-12,1199.4061279296875,1203.7654673908603,1187.0712955910822,1197.820946564239,815338
2021-10-13,1180.73046875,1207.3817617525613,1173.4484548050577,1199.4061478014034,1281752
2021-10-14,1174.5877685546875,1187.8143025582463,1162.9464158389924,1181.9192471287547,2080766
2021-10-18,1181.4735107421875,1208.719231115697,1174.5878225153347,1208.719231115697,934860
2021-10-19,1182.4146728515625,1204.6571606761163,1175.5785707054424,1182.4642589013804,1313098
2021-10-20,1157.9432373046875,1191.8765471465574,1145.2120780924806,1187.913532858456,2063277
2021-10-21,1147.5897216796875,1173.4978265640618,1127.5269651534104,1159.1814881849052,1985866
2021-10-22,1156.4072265625,1160.964788587104,1131.143016906102,1157.199877595014,1112991
2021-10-25,1119.254150390625,1156.1597172703987,1115.8856853347334,1146.8961964835244,1843700
2021-10-26,1161.2125244140625,1167.4047329164591,1123.514310674843,1124.5050640352265,1572647
2021-10-27,1175.0335693359375,1190.9352102824196,1164.4325559993367,1164.531607154135,1916766
2021-10-28,1156.308349609375,1210.4530508845262,1147.3915683873895,1198.8116976224894,3565017
2021-10-29,1134.9576416015625,1169.0890489331914,1131.5394696986314,1156.308305481114,1518940
2021-11-01,1152.593017578125,1162.2033987390569,1128.0224042481966,1137.384976101668,972538
2021-11-02,1155.26806640625,1161.4106891944773,1144.6174672091158,1152.5929596243482,1159884
2021-11-03,1167.900146484375,1187.3188887729107,1156.209208085967,1159.1814682609952,1941052
2021-11-04,1170.8228759765625,1178.9470057958324,1161.707992718768,1178.9470057958324,119047
2021-11-08,1189.5479736328125,1190.9845175409444,1166.4633733700775,1172.061153702447,1361707
2021-11-09,1196.087158203125,1200.7932373097433,1181.37449297391,1200.7932373097433,1521269
2021-11-10,1172.8043212890625,1193.6597284518677,1170.1293355220978,1186.0308548107444,842679
2021-11-11,1142.5367431640625,1181.0770736226973,1139.4654318912465,1167.1074752297393,1271079
2021-11-12,1164.0361328125,1166.1166906550914,1136.9885180341012,1143.3293636499366,1281030
2021-11-15,1149.1748046875,1168.5935456494442,1144.8154658736185,1166.3147646276338,662558
2021-11-16,1142.338623046875,1163.2930807802384,1140.010376841295,1159.0823790040465,694696
2021-11-17,1176.222412109375,1185.8822579565267,1139.3664332537971,1139.3664332537971,2862829
2021-11-18,1171.1201171875,1193.8578595804718,1167.6028942038058,1178.9965584238685,1527355
2021-11-22,1140.0106201171875,1178.6500093678073,1126.63544691505,1171.1203064201088,772737
2021-11-23,1142.8341064453125,1148.4813527429212,1121.0871165588555,1133.0256230859436,820238
2021-11-24,1152.9893798828125,1170.4266172076527,1141.3480263157894,1148.5309891550164,1136850
2021-11-25,1148.7786865234375,1163.144612314373,1141.8434120036754,1147.044867893497,768462
2021-11-26,1119.8980712890625,1143.3294131737018,1095.0301853641542,1143.3294131737018,2315515
2021-11-29,1125.7435302734375,1137.236245316077,1093.5440453591257,1101.717760760451,1120859
2021-11-30,1149.8189697265625,1157.1009834271106,1123.6630543455888,1124.5051705933993,2253521
2021-12-01,1154.0792236328125,1168.5442009624478,1144.815702328469,1150.066744406829,1239348
2021-12-02,1177.0648193359375,1178.9967404078661,1146.351458871531,1159.8256831450155,1030248
2021-12-03,1155.1689453125,1177.0646934749443,1152.939750033285,1166.1168193937222,1327943
2021-12-06,1137.88037109375,1168.0983522155257,1134.4127339158413,1155.1689709326886,936271
2021-12-07,1148.4320068359375,1151.7014210006846,1128.468298525331,1146.301862505538,2090791
2021-12-08,1158.6861572265625,1162.1537942939356,1147.8869204569978,1154.2277667113683,2315306
2021-12-09,1150.611572265625,1173.9933310680615,1142.4378557540265,1169.0891495377389,1136171
2021-12-10,1164.7296142578125,1166.9093441931034,1146.1035238397787,1150.2646395338152,949040
2021-12-13,1175.6773681640625,1193.5109266619882,1167.1073283642475,1171.0703413637866,2187282
2021-12-14,1177.56005859375,1181.8698119027574,1167.2561985497623,1168.0983147919574,1171502
2021-12-15,1163.78857421875,1179.6406295547965,1151.552793194556,1177.5600714802572,857540
2021-12-16,1153.0389404296875,1175.9747865798627,1149.4226660643694,1167.6029681083717,993629
2021-12-17,1131.9853515625,1151.2058708713846,1126.4866217866465,1145.310936486687,982598
2021-12-20,1115.291015625,1131.985306593793,1090.4231303290462,1128.9634604511473,1341693
2021-12-21,1124.7528076171875,1130.8954303766288,1107.3650369118343,1125.0995471220372,878721
2021-12-22,1113.9041748046875,1129.3599047498558,1108.6035469864096,1128.814941964669,846447
2021-12-23,1115.0433349609375,1123.5143246743978,1105.8294011595044,1123.5143246743978,1026376
2021-12-24,1137.5830078125,1142.982686418407,1115.5883306644848,1120.3439953707689,1930715
2021-12-27,1151.2059326171875,1154.2773650915108,1124.8519148119283,1137.3849702490697,798129
2021-12-28,1166.711181640625,1171.5658974972164,1150.8591272136014,1154.524987364797,776910
2021-12-29,1174.686767578125,1181.1761296433015,1156.2091928780908,1166.7111545034072,1400668
2021-12-30,1184.1483154296875,1191.5789653029701,1169.980615569569,1172.952875518882,1335116
2021-12-31,1184.9410400390625,1193.8082343951664,1176.1233107869118,1187.9133001729397,843128
2022-01-03,1198.2171630859375,1203.2203950946928,1184.9410435931509,1184.9410435931509,925281
2022-01-04,1209.3135986328125,1215.6544447005772,1194.3532461993038,1195.1458973108668,1409464
2022-01-05,1208.570556640625,1213.6729610324655,1202.5269848597184,1203.7654266566904,378090
2022-01-06,1194.4522705078125,1217.0909614271668,1191.034219666874,1197.6227539412287,1387627
2022-01-07,1206.14306640625,1207.9759357846397,1194.8484548339352,1196.8299613925321,1050768
2022-01-10,1217.7349853515625,1229.2277006560976,1202.081154124523,1207.7284001538617,1379165
2022-01-11,1221.9952392578125,1228.4846013115684,1212.781184476005,1219.4193046661853,985871
2022-01-12,1237.847412109375,1243.7919329413955,1219.7661612453128,1228.5343052842259,1371034
2022-01-13,1247.0614013671875,1249.3401828290794,1234.4788800991537,1243.395661737109,933511
2022-01-14,1251.9161376953125,1260.486179927548,1242.9003047507242,1247.3586956406232,895522
2022-01-17,1276.0408935546875,1281.2919353644804,1244.6836427307012,1244.6836427307012,1427239
2022-01-18,1254.19482421875,1281.0442186897465,1251.4206661651394,1276.0408653599936,869578
2022-01-19,1236.559326171875,1260.3374083837527,1229.128675480663,1251.3215764000652,625670
2022-01-20,1227.24609375,1244.0394351524692,1219.5677554909532,1236.4601480374833,716954
2022-01-21,1229.17822265625,1251.5196391296727,1189.8948263893842,1213.6729078492885,2421446
2022-01-24,1213.6728515625,1228.5341517857144,1194.0064217887607,1228.5341517857144,1073781
2022-01-25,1216.6451416015625,1221.4998573158118,1199.0592692372077,1200.8921387882763,1083251
2022-01-27,1200.4464111328125,1210.6016337351987,1190.7369791948747,1207.728424615476,1793456
2022-01-28,1194.4029541015625,1226.3051690606171,1189.8949772100998,1198.8117588877776,635096
2022-01-31,1221.8465576171875,1226.9489615109371,1194.8981151223884,1198.8115424421624,1771932
2022-02-01,1203.7158203125,1238.4417760907156,1191.4800397530396,1238.4417760907156,1593083
2022-02-02,1208.8182373046875,1216.1994229326006,1199.851991316639,1205.449651450052,937000
2022-02-03,1174.240966796875,1208.7192360037811,1164.7297576527035,1206.7873151097538,1236574
2022-02-04,1161.26220703125,1182.9597338760902,1154.3765182634668,1182.9597338760902,856452
2022-02-07,1133.4219970703125,1160.8658204758865,1121.433903981925,1151.057457639126,1519928
2022-02-08,1120.690673828125,1138.3755969023937,1107.0182292484915,1134.4125835102182,1511667
2022-02-09,1115.291015625,1130.2514882034557,1107.6622630841443,1121.532810206844,1741687
2022-02-10,1135.651123046875,1139.3664484221647,1097.7548042189203,1114.5976125869001,2030639
2022-02-11,1122.8209228515625,1134.2640525280192,1113.606867475356,1134.2640525280192,1942394
2022-02-14,1086.1629638671875,1116.5790438364127,1079.921169282777,1114.5975371037837,2448602
2022-02-15,1109.5943603515625,1113.2602209537465,1076.156428930895,1085.86586183857,1245681
2022-02-16,1111.7740478515625,1121.0375687519154,1091.8103409320465,1117.5699315529478,1294606
2022-02-17,1115.9351806640625,1122.3750784147976,1101.618840964064,1117.569948127567,1182862
2022-02-18,1139.86181640625,1150.165676223097,1101.0737955970694,1114.3995017393006,1734791
2022-02-21,1124.257568359375,1139.8619364595381,1112.616214379888,1134.412792043608,1020384
2022-02-22,1090.7698974609375,1116.0836949779919,1085.9647677028318,1095.7732504621918,2115917
2022-02-23,1091.5626220703125,1104.64051933591,1088.5407756475572,1097.7548311812175,1743770
2022-02-24,1044.4522705078125,1081.4074236979457,1031.0770985243748,1068.0322517145078,2088599
2022-02-25,1045.8392333984375,1067.734858691619,1039.3002853434095,1050.1985724156473,1415912
2022-02-28,1050.3472900390625,1052.9728108594636,1007.4476174476132,1039.3003649270693,1566146
2022-03-02,1110.783203125,1114.597579542229,1046.2851807104719,1050.1986082797891,3762611
2022-03-03,1071.3016357421875,1116.331326703176,1065.2084785081895,1109.7427927987972,1105747
2022-03-04,1047.5731201171875,1067.437774861934,1040.043418200882,1061.5923054081877,1586668
2022-03-07,1019.38623046875,1039.102247955716,1013.5407610310855,1017.1074491983038,852067
2022-03-08,1022.407958984375,1030.13588415486,994.221072132149,999.6702160252499,1580056
2022-03-09,1015.7202758789062,1032.3153943253365,1011.3609974650014,1026.2223580370671,1409037
2022-03-10,1040.340576171875,1047.325314540658,1026.470029636821,1029.3927035657946,1580932
2022-03-11,1048.7125244140625,1056.2422264284355,1032.0183530082584,1040.291120108423,698477
2022-03-14,1059.808837890625,1062.6820468692315,1030.5321481958729,1037.3187846329024,1278905
2022-03-15,1060.6510009765625,1069.3695575115057,1050.198505213145,1059.1648710163552,1068905
2022-03-16,1075.710693359375,1087.6493223070302,1065.0600924350247,1065.9517948402668,1616431
2022-03-17,1118.1148681640625,1129.4589469298378,1078.0388180523469,1085.865794592195,1867149
2022-03-21,1085.667724609375,1128.4682270752787,1083.884319947634,1128.4682270752787,849763
2022-03-22,1087.50048828125,1091.6616041638918,1060.1061327193916,1082.3980841083508,998586
2022-03-23,1082.1505126953125,1107.365140947741,1069.1220799540595,1100.1821780573398,1054362
2022-03-24,1078.880859375,1087.3518492652688,1074.273952848914,1077.939692027893,526345
2022-03-25,1082.4970703125,1091.1166968973546,1075.5617969631446,1083.8841491706849,598919
2022-03-28,1067.0413818359375,1093.5936205869432,1046.2355610201948,1082.794384641886,926829
2022-03-29,1093.09716796875,1106.6956949401795,1078.3571305046016,1102.774986254966,2864668
2022-03-30,1113.4949951171875,1119.3016614150754,1095.3304275529376,1101.7823059209431,1287813
2022-03-31,1113.1473388671875,1119.6488946565105,1106.199163102475,1119.6488946565105,749342
2022-04-01,1105.107421875,1112.502339388804,1080.9377184281277,1110.715617007415,1519104
2022-04-04,1117.961669921875,1121.534993675097,1095.8267158719577,1105.107470437013,1802143
2022-04-05,1110.070556640625,1121.832803953205,1102.774994725222,1114.7358340887452,773451
2022-04-06,1098.9036865234375,1114.140020306666,1093.3451697214016,1102.7748375492304,1354847
2022-04-07,1100.6407470703125,1107.4896880389806,1091.8562911430686,1095.33037934216,966698
2022-04-08,1151.858642578125,1156.3750054436975,1100.7895974567043,1100.7895974567043,2390240
2022-04-11,1134.0416259765625,1151.412066637035,1124.6616364865388,1151.412066637035,1318874
2022-04-12,1140.5927734375,1144.4639245622238,1110.765317140836,1132.552764896355,1506254
2022-04-13,1138.4090576171875,1149.3276201485526,1131.560116886925,1141.4860828245296,509293
2022-04-18,1164.712890625,1173.199518971285,1125.2074969373107,1136.5231225656028,2382085
2022-04-19,1116.3734130859375,1176.177361746507,1103.767483992584,1176.177361746507,971382
2022-04-20,1119.996337890625,1127.2918985924903,1109.4251599757217,1119.1526550225929,645638
2022-04-21,1136.0765380859375,1140.0964817967679,1116.869696078945,1116.869696078945,731288
2022-04-22,1128.83056640625,1131.5602072570896,1113.6934671425038,1125.108328882378,824665
2022-04-25,1083.1710205078125,1120.840012342004,1079.3991050281884,1111.708172250859,1073577
2022-04-26,1086.744384765625,1097.8118613077852,1075.577672794818,1097.8118613077852,922785
2022-04-27,1066.247314453125,1090.7645253620874,1053.3435575010146,1084.908180665889,1202603
2022-04-28,1108.58154296875,1116.671229889712,1058.5050905038845,1060.5895192330288,1643102
2022-04-29,1097.3155517578125,1124.2148956408575,1058.3561348365151,1106.2489212429507,3259418
2022-05-02,1073.046630859375,1085.3051749555075,1056.321280780264,1080.8880472704543,1925857
2022-05-04,1069.870361328125,1088.8289346401268,1057.1155175793826,1073.0467435644696,1169983
2022-05-05,1075.62744140625,1106.745323811027,1072.0044392070934,1073.9896326130324,814132
2022-05-06,1051.3087158203125,1072.9969273526353,1044.4100967326688,1065.0561545322644,1350057
2022-05-09,1056.569580078125,1066.9422889923658,1025.5509311119697,1026.3450569921424,1201027
2022-05-10,1073.046630859375,1088.680027716769,1054.1376166699902,1062.0783896769206,1410429
2022-05-11,1079.1015625,1096.2734132807168,1071.0118748928383,1071.0118748928383,1886732
2022-05-12,1052.7479248046875,1073.9398378822918,1040.2412319364764,1067.5376383088553,1457225
2022-05-13,1037.2138671875,1071.0118330932696,1030.8613452775855,1067.0414463162788,1108831
2022-05-16,1036.9161376953125,1046.1968923457073,1026.4938726387377,1037.2635222972144,590395
2022-05-17,1062.475341796875,1067.388646116066,1028.6278246167753,1034.2855763277569,545334
2022-05-18,1065.9495849609375,1076.967383731696,1053.1450637228843,1055.6265553904686,775879
2022-05-19,1048.827392578125,1065.9496867189928,1039.2488095935375,1065.9496867189928,1069562
2022-05-20,1063.41845703125,1075.4785312457734,1053.4924899685295,1072.9970394800935,941175
2022-05-23,1068.5303955078125,1083.8164096071976,1054.137742711841,1054.137742711841,620152
2022-05-24,1065.4532470703125,1075.577684231533,1049.4227872595625,1064.8080350273783,847697
2022-05-25,1087.8858642578125,1107.7377960873346,1070.0191256112425,1070.0191256112425,3185769
2022-05-26,1097.166748046875,1101.5838761018272,1065.4533316613356,1088.878589760141,1177148
2022-05-27,1112.8001708984375,1121.0387722324315,1094.685280557563,1106.7453550726145,687512
2022-05-30,1139.89794921875,1141.4860795308691,1110.5666714911306,1117.0682276281325,580398
2022-05-31,1165.457275390625,1172.1573021719662,1131.1630157691309,1145.4564304693067,2649820
2022-06-01,1144.2158203125,1167.2936930709175,1135.5802776824366,1153.397339581978,683413
2022-06-02,1135.282470703125,1139.501006659836,1112.998723351369,1131.758703966766,950691
2022-06-03,1132.7017822265625,1153.2484860628304,1130.517996721467,1145.4566259687188,917466
2022-06-06,1133.54541015625,1141.0891207015557,1125.70387213989,1127.192767161987,1199089
2022-06-07,1125.9024658203125,1129.5750250802125,1105.256406350454,1126.646913332448,848821
2022-06-08,1127.6395263671875,1150.6180429750436,1120.840142057816,1135.7787708179274,1387431
2022-06-09,1155.084716796875,1158.6084835041954,1122.1802335389573,1128.5327554057958,1142045
2022-06-10,1146.3499755859375,1155.0847540175982,1143.7195700459395,1146.2010618446939,611509
2022-06-13,1125.306640625,1153.1987001263726,1121.9814664738585,1128.6319359427105,1014220
2022-06-14,1123.7186279296875,1136.5231487736414,1115.827533136276,1116.6712160439708,768306
2022-06-15,1117.4156494140625,1136.2253069713224,1114.4875378400359,1131.5601513053798,947417
2022-06-16,1096.96826171875,1129.2276543064318,1091.7571290699707,1122.974246661261,1385141
2022-06-17,1074.0888671875,1106.1001108325618,1067.9348161006665,1096.968269639211,1535565
2022-06-20,1067.9842529296875,1084.7096024104903,1061.2346688151947,1070.168038128422,532685
2022-06-21,1088.2333984375,1090.3675056358775,1069.3740606067474,1072.103701608567,659138
2022-06-22,1062.525146484375,1087.886042006923,1054.733286201495,1087.389743630095,560136
2022-06-23,1065.89990234375,1074.9821860436407,1053.5916794890654,1069.0266060655595,895014
2022-06-24,1070.5653076171875,1084.8090472045624,1064.1629856737798,1064.1629856737798,492066
2022-06-27,1076.520751953125,1088.4814689604377,1069.0762770315919,1075.8755398932753,793805
2022-06-28,1070.06884765625,1081.930328942705,1060.0932030374395,1076.9673457824174,572706
2022-06-29,1059.7459716796875,1079.9452918293898,1043.7651878261936,1062.1282281743956,1224658
2022-06-30,1073.592529296875,1084.5607709185651,1049.7206521887629,1065.552520538703,1569542
2022-07-01,1091.7073974609375,1097.1666790168936,1067.0413950277975,1077.413981517481,696341
2022-07-04,1109.3756103515625,1113.693381313178,1086.9925086330493,1096.8192391720693,1436248
2022-07-05,1102.7750244140625,1122.974344687337,1098.754958981737,1109.7232018856182,1020111
2022-07-06,1107.8370361328125,1116.671170067103,1102.7748177284902,1105.9510783678284,602752
2022-07-07,1116.274169921875,1121.6342160727072,1102.923793427289,1113.395615399522,792663
2022-07-08,1138.4090576171875,1140.8905491015887,1119.202337761238,1127.3912596597618,1135110
2022-07-11,1138.905517578125,1146.5484639683423,1132.6025525463754,1137.4661796129171,543156
2022-07-12,1131.3121337890625,1138.508460150081,1125.7039379778466,1134.5380731922776,331672
2022-07-13,1131.411376953125,1142.2803840242639,1129.1780342741151,1136.9698944986753,368619
2022-07-14,1130.5179443359375,1138.409160670624,1121.6839307850396,1134.6372448062546,728701
2022-07-15,1146.895751953125,1149.5261573116416,1128.4334784774906,1136.1757808220711,591171
2022-07-18,1168.43505859375,1178.063196707673,1148.732041216348,1156.8216062038634,1044459
2022-07-19,1161.288330078125,1177.1698754917888,1146.94535784304,1167.6906507729536,1099874
2022-07-20,1177.269287109375,1190.1233650627275,1154.8861845291774,1166.3010458287781,1608377
2022-07-21,1159.89892578125,1178.2122864853425,1154.3899656128503,1178.2122864853425,1048591
2022-07-22,1156.325439453125,1167.4921519636166,1149.824003980301,1160.89148105735,753148
2022-07-25,1136.4736328125,1163.323424131317,1130.766201337453,1163.323424131317,934158
2022-07-26,1129.7734375,1141.5853616480965,1126.5971767458511,1133.5453531663102,687125
2022-07-27,1140.841064453125,1168.782687543645,1123.8180057473016,1131.5603089594524,1554002
2022-07-28,1182.62939453125,1186.1531615950973,1139.004814167677,1146.4492900772698,1043318
2022-07-29,1284.8172607421875,1295.04093459356,1231.8125699223622,1253.3518709861955,7628351
2022-08-01,1303.5771484375,1307.4978564963285,1277.8688725562404,1290.375565340844,2973441
2022-08-02,1275.6851806640625,1303.08094544981,1270.9703465227842,1300.3016263314755,1673860
2022-08-03,1274.0474853515625,1278.0178719726835,1249.2821261023707,1273.501508724525,1409000
2022-08-04,1269.3326416015625,1277.422207347409,1260.8458917967187,1274.5933311346555,1015838
2022-08-05,1257.272705078125,1278.3157078363,1251.614830869609,1275.685302199879,922856
2022-08-08,1260.4986572265625,1262.9304708363338,1241.9867033095481,1251.8629926634328,1002771
2022-08-10,1263.7740478515625,1284.7179347882206,1259.6548685519383,1260.5977869337974,1187710
2022-08-11,1252.16064453125,1274.4443903331287,1249.7288312625658,1270.126619240475,943196
2022-08-12,1277.0252685546875,1280.3007647998159,1243.2273041547455,1246.205094104817,1572048
2022-08-16,1299.9046630859375,1311.2202901257922,1277.5216793571758,1279.4571945284983,1710276
2022-08-17,1295.68603515625,1311.2201972295693,1282.881513917436,1295.3386505560845,1209377
2022-08-18,1314.396484375,1323.1313836866784,1293.7008676856865,1296.3312731393862,1498235
2022-08-19,1287.34814453125,1324.8186671309418,1283.7748209139995,1310.2275452077602,961803
2022-08-22,1266.5533447265625,1301.6912909060552,1261.7392751339203,1282.484569668793,966451
2022-08-23,1269.779296875,1283.080116557311,1260.5977776284933,1266.5533576802814,803737
2022-08-24,1277.96826171875,1280.4000751870349,1262.8311619197511,1274.4941732402913,684029
2022-08-25,1287.397705078125,1306.2570392311584,1278.4643362687932,1278.4643362687932,1286241
2022-08-26,1303.9742431640625,1317.6721261625578,1296.3312970006032,1296.3312970006032,869870
2022-08-29,1288.5889892578125,1301.195040065223,1246.701456926442,1246.701456926442,737193
2022-08-30,1319.2601318359375,1323.776494883951,1290.4748301084464,1290.4748301084464,1086386
2022-09-01,1286.9512939453125,1303.2794611187403,1281.4423338189595,1281.5415692551862,2045072
2022-09-02,1278.6629638671875,1301.294216091942,1273.2036822588689,1293.4031211429149,1141002
2022-09-05,1283.824462890625,1286.4051898097057,1272.5088374506502,1285.0652086369691,440939
2022-09-06,1301.6416015625,1307.2497969063108,1275.5363821905933,1283.4274771449202,1792194
2022-09-07,1321.692138671875,1327.4988049328697,1291.566732934785,1294.346052065363,839563
2022-09-08,1307.944580078125,1330.4269188265357,1295.0905017027962,1328.09434089162,1205449
2022-09-09,1287.844482421875,1317.1260837639004,1281.7401099228216,1312.2624570844243,548609
2022-09-12,1296.3311767578125,1301.2941598235009,1285.4622923105865,1288.191932996715,1002755
2022-09-13,1314.5950927734375,1325.1165935525971,1301.2942727696293,1302.832846120165,1160040
2022-09-14,1293.6513671875,1310.2276841184216,1290.3757495105667,1295.2890548593737,800852
2022-09-15,1285.41259765625,1307.2497228673988,1267.1487959736103,1300.1526329404599,1441219
2022-09-16,1262.8311767578125,1293.303847588849,1256.6274472591006,1279.4571718143607,1717631
2022-09-19,1293.6513671875,1298.3165233537086,1263.0296611216095,1269.0349198071228,859607
2022-09-20,1299.6068115234375,1312.7090385264073,1296.9764062299362,1300.1526669680559,671787
2022-09-21,1296.629150390625,1308.9869311507764,1288.3905491061291,1299.6069405657547,453755
2022-09-22,1275.9830322265625,1290.3260057869006,1259.6051870054514,1287.3978940473369,932867
2022-09-23,1263.5755615234375,1280.4000266214712,1256.1807647949818,1264.5681581939193,415333
2022-09-26,1250.47314453125,1262.3843027728562,1242.5819294962455,1262.3843027728562,1271968
2022-09-27,1233.1029052734375,1261.2429969464815,1228.1399218684355,1256.6273981465124,821405
2022-09-28,1229.628662109375,1241.5893779099122,1206.0048156086025,1218.4122725593081,1102669
2022-09-29,1230.6214599609375,1241.7384947405794,1226.8495439643134,1235.782914430073,1382993
2022-09-30,1241.1923828125,1248.6865356864705,1225.4101936428892,1233.7975865328162,1344894
2022-10-03,1228.0902099609375,1247.3466092787094,1218.7597771815445,1246.304334325546,981699
2022-10-04,1251.3170166015625,1255.6347878838935,1240.7955161300818,1242.9791803380283,420656
2022-10-06,1235.9317626953125,1270.4740539663508,1233.2516789976123,1257.6199756104472,900769
2022-10-07,1233.99609375,1247.5947404109916,1229.1820242817796,1229.9264717613987,570691
2022-10-10,1230.1251220703125,1234.740599729358,1209.032442481772,1220.8939244190456,539842
2022-10-11,1197.4188232421875,1233.7975110142568,1191.264773101987,1230.869399659894,712461
2022-10-12,1203.2255859375,1211.4145081317204,1191.413782978495,1197.071535300597,721135
2022-10-13,1179.1055908203125,1207.5435092220923,1176.2767145866094,1198.0641626993045,689562
2022-10-14,1171.0655517578125,1208.0397762005964,1168.8817664733238,1192.1085518331136,717290
2022-10-17,1180.9915771484375,1189.7760335243267,1158.9558581745434,1169.2788878695274,1615547
2022-10-18,1210.0250244140625,1216.9235228346226,1184.316746313358,1186.8974734335236,1367703
2022-10-19,1218.015380859375,1224.665851419422,1204.36717629575,1210.9679685543845,947326
2022-10-20,1213.8961181640625,1220.8939735522797,1205.0124259288352,1210.9680062876268,878595
2022-10-21,1237.1226806640625,1240.9938314261203,1217.9159617355326,1219.3551782603604,1020728
2022-10-24,1248.289306640625,1259.5552524338864,1229.6285655520526,1259.5552524338864,157253
2022-10-25,1245.5599365234375,1269.134107992516,1233.9961608116034,1252.259964204123,1260061
2022-10-27,1243.624267578125,1254.6420652788254,1234.3435138760308,1246.2049944284533,1512949
2022-10-28,1243.525146484375,1255.9821618911633,1235.2368674243128,1249.8776681872132,528795
2022-10-31,1256.5777587890625,1264.320061607446,1246.0067007420648,1249.7784955468076,539055
2022-11-01,1259.3570556640625,1276.8764115485887,1250.7215128918588,1256.5777364538926,1038607
2022-11-02,1263.2281494140625,1269.9281767939156,1253.1532691947446,1265.6599627371536,369486
2022-11-03,1266.60302734375,1271.5163323863371,1253.6495923528053,1253.6495923528053,431610
2022-11-04,1256.2303466796875,1272.3600428928166,1250.175531103769,1270.5237632495628,336277
2022-11-07,1269.183837890625,1272.5090127154942,1256.0319311679414,1262.533367074293,474230
2022-11-09,1254.443603515625,1280.449585387881,1246.7509800375196,1280.449585387881,992095
2022-11-10,1229.1820068359375,1258.7117564417115,1216.8737844476098,1258.7117564417115,497796
2022-11-11,1240.993896484375,1263.773939938813,1229.1819727364314,1241.738343932776,1136441
2022-11-14,1239.3560791015625,1250.572469044794,1230.7700943573977,1241.738335152917,772676
2022-11-15,1249.9769287109375,1252.6568910254234,1229.3308712638566,1239.3560725450873,775345
2022-11-16,1245.6094970703125,1256.180675089359,1237.073190547075,1250.6717154949529,1280120
2022-11-17,1245.0635986328125,1251.8133044004308,1234.7902474153666,1246.2051090273253,796479
2022-11-18,1233.5494384765625,1251.664326629608,1228.4872199931367,1245.0635349323059,1253218
2022-11-21,1217.5189208984375,1239.653872737346,1196.5751576360078,1220.9930088716653,1040107
2022-11-22,1219.950927734375,1226.7997474985175,1210.6204952466212,1223.5738084743768,750489
2022-11-23,1217.2213134765625,1225.8568558160832,1208.1390299471188,1225.807177517231,880563
2022-11-24,1231.4649658203125,1236.1301212592637,1211.2159714436254,1220.8937880562667,1717980
2022-11-25,1226.10498046875,1245.659085505647,1220.0004869944846,1238.959058289971,1429364
2022-11-28,1244.219970703125,1260.1015179957058,1217.916157999788,1220.893948117147,1073327
2022-11-29,1249.0836181640625,1263.873332122083,1238.7109107243048,1244.2198704642328,1070183
2022-11-30,1273.4022216796875,1280.1518059620735,1243.4754095026442,1249.033926313603,1401332
2022-12-01,1281.194091796875,1288.5393310441727,1266.7517624581574,1280.4496443292417,949604
2022-12-02,1285.5615234375,1290.3259144646736,1255.6347114182088,1282.4348198832615,1614314
2022-12-05,1275.0400390625,1288.4896505886034,1264.2207116510322,1288.4896505886034,684421
2022-12-06,1275.5859375,1303.7757067439977,1272.0622920736153,1276.479298723092,1991151
2022-12-07,1252.7066650390625,1287.0008069919206,1249.6791967550316,1276.3800711811289,636553
2022-12-08,1257.4710693359375,1259.3570272455238,1232.8050662769976,1232.8050662769976,608199
2022-12-09,1260.250244140625,1267.5458046088572,1247.7435517427166,1267.5458046088572,679420
2022-12-12,1253.84814453125,1263.5756409802966,1243.7733846256008,1259.5555757454185,498780
2022-12-13,1268.340087890625,1270.871136728105,1249.9273709850208,1256.1311002434336,598044
2022-12-14,1260.3494873046875,1276.4791814718078,1257.2227838943618,1275.4865849076773,609946
2022-12-15,1264.0718994140625,1285.412728497221,1259.2578296449003,1265.5111161646628,1303760
2022-12-16,1244.8651123046875,1269.282965651051,1241.3413457320435,1253.6495684201582,722024
2022-12-19,1258.1162109375,1261.4910636656382,1242.0857513537774,1244.9146274764157,378502
2022-12-20,1222.1346435546875,1259.6051676514912,1219.9509793587263,1250.6717976681473,1478618
2022-12-21,1225.2115478515625,1235.5842546733413,1212.5559416263573,1221.9360518814533,1281437
2022-12-22,1235.5347900390625,1239.7533261769745,1220.0503051543983,1225.2614380306425,1176517
2022-12-23,1215.5338134765625,1238.7605989400038,1207.7419541348154,1230.1250566928718,877135
2022-12-26,1234.095458984375,1240.100595995382,1196.078958959124,1213.896020296073,567165
2022-12-27,1231.8621826171875,1245.4607089363078,1225.9561595540772,1234.293996064793,471890
2022-12-28,1232.854736328125,1240.646595915679,1222.9783268106369,1231.812461363158,376439
2022-12-29,1249.2821044921875,1253.4510830721995,1219.9509465359802,1228.8346379804336,678487
2022-12-30,1222.184326171875,1254.4437178923497,1219.7028345010692,1252.6569954227352,1052741
2023-01-02,1230.86962890625,1238.413339854046,1212.9532093844657,1220.893983259323,703923
2023-01-03,1259.0096435546875,1265.5607573594664,1217.320583312258,1235.4850297179364,1871263
2023-01-04,1249.7288818359375,1272.8067543396794,1243.7733018349718,1258.9599581374832,1073081
2023-01-05,1258.2652587890625,1265.1142004037042,1245.758564326051,1251.317081735546,878852
2023-01-06,1259.65478515625,1277.8192305457553,1257.1236153164978,1261.5406217951156,1675874
2023-01-09,1296.6785888671875,1304.1727419221072,1261.7392358096208,1265.9577715050143,1432882
2023-01-10,1292.956298828125,1303.9245396560552,1288.2911433039765,1296.6785360548104,1000059
2023-01-11,1281.7401123046875,1299.4579384078604,1277.8192828075864,1299.4579384078604,652049
2023-01-12,1305.9593505859375,1310.2275646039316,1281.7400895068274,1281.7400895068274,1377949
2023-01-13,1303.2298583984375,1316.1832944918624,1296.3313594316533,1309.235117220789,1214977
2023-01-16,1291.26904296875,1312.9572561551952,1285.4126983337576,1309.7809952514299,600742
2023-01-17,1288.8370361328125,1300.6986384726877,1284.9163279402217,1295.040765023988,895667
2023-01-18,1300.9466552734375,1312.212601560328,1292.5095848398046,1299.3088467794776,1078873
2023-01-19,1313.3046875,1320.1536290569975,1293.9490515852547,1303.2794849261936,1189082
2023-01-20,1286.5045166015625,1316.1335028951503,1282.7822790981827,1314.2476661600392,966855
2023-01-23,1285.809814453125,1308.3913898178776,1270.5238007421278,1275.486784338777,1367408
2023-01-24,1263.8238525390625,1291.368413236458,1260.796383887664,1286.4054293270174,657428
2023-01-25,1248.140625,1269.3326606811406,1240.7955066295556,1263.7740224369554,599832
2023-01-27,1240.993896484375,1281.938506146427,1220.8938153775496,1254.3442722590678,1164597
2023-01-30,1224.318359375,1235.2369231483658,1206.6005323942654,1212.953175550269,1694822
2023-01-31,1210.5213623046875,1234.4924758418256,1203.5731853567424,1234.4924758418256,1760628
2023-02-01,1101.1866455078125,1219.6530204534338,1060.9368066205232,1210.5211805878782,8470232
2023-02-02,1099.30078125,1146.449121755079,1080.6895942085214,1082.1288108730962,8566734
2023-02-03,1129.6246337890625,1137.168343880645,1106.7452331923114,1106.7452331923114,4061171
2023-02-06,1129.97216796875,1138.359562065854,1106.7453797127596,1118.8550116340098,2909587
2023-02-07,1123.371337890625,1139.3521208497423,1116.1253333677907,1134.5380509909294,1741642
2023-02-08,1155.8787841796875,1163.3232589597199,1126.746097107144,1131.560166564915,3265863
2023-02-09,1171.710693359375,1176.227056685011,1154.1417807261573,1161.933640370458,2186484
2023-02-10,1175.730712890625,1178.7085027924165,1158.409950095171,1171.1151143095321,1655228
2023-02-13,1170.37060546875,1179.155060985128,1164.3654688482832,1171.46243747551,812659
2023-02-14,1153.0994873046875,1172.703271269122,1146.5483736055858,1169.2788612710822,990530
2023-02-15,1171.611572265625,1175.0856609577472,1141.4862845544003,1152.305613571757,1243115
2023-02-16,1165.40771484375,1177.5174668016346,1160.8914727384877,1177.5174668016346,356750
2023-02-17,1141.1883544921875,1166.8966327366672,1128.8305742932248,1166.8966327366672,909951
2023-02-20,1149.823974609375,1161.9832834768704,1132.701682530657,1135.5305587277373,488052
2023-02-21,1141.83349609375,1159.3528506472055,1135.7290026553997,1155.5809350294955,610755
2023-02-22,1122.775634765625,1140.4437810176105,1116.8200553436263,1140.394223889038,944068
2023-02-23,1126.9942626953125,1133.4461409320597,1115.529722900305,1128.4334793737996,768179
2023-02-24,1113.7431640625,1133.8928041619731,1110.9141665637928,1127.6890748518051,973799
2023-02-27,1120.79052734375,1126.5971934909817,1102.228897358971,1113.743115388709,987563
2023-02-28,1112.7008056640625,1126.4979228489667,1100.839324578789,1123.023834695689,1219508
2023-03-01,1109.8719482421875,1118.3090196137166,1100.5911939668215,1118.3090196137166,675500
2023-03-02,1092.0052490234375,1114.686058664096,1089.9703773864903,1113.3956345284828,491880
2023-03-03,1120.8896484375,1124.3140580511104,1092.0051132114108,1092.0051132114108,922485
2023-03-06,1120.34375,1137.4660415952417,1116.6711909940288,1123.6193672935474,920574
2023-03-08,1120.840087890625,1132.8506042800755,1102.4770498791042,1121.6342136766755,959097
2023-03-09,1088.5806884765625,1126.299360860844,1083.9155327272447,1120.84007933154,1239659
2023-03-10,1087.78662109375,1092.402219444595,1075.9250192100453,1084.9080667656315,893708
2023-03-13,1064.559814453125,1093.2458793742674,1058.2568505076263,1083.9154474431818,875379
2023-03-14,1069.125732421875,1084.4614220007736,1063.070917628547,1066.8428330298057,1089923
2023-03-15,1059.150146484375,1073.3938820622748,1054.1374856800048,1072.0042227254287,1566147
2023-03-16,1057.2598876953125,1083.0285380262776,1049.2506715616582,1066.512641935789,1023855
2023-03-17,1066.16455078125,1085.5656418729764,1060.742243133506,1062.582835177621,1569036
2023-03-20,1068.6517333984375,1084.4213119006574,1048.653712507076,1066.1644143460012,842875
2023-03-21,1092.132080078125,1094.1219354642205,1069.5970649914996,1069.5970649914996,842669
2023-03-22,1107.4539794921875,1121.9302258581354,1097.455029150206,1113.821540952666,1399723
2023-03-23,1112.9759521484375,1119.840977915644,1099.3951640667958,1108.1505768497752,463672
2023-03-24,1106.5584716796875,1116.159547687689,1082.9787352123367,1104.3696794540135,1019781
2023-03-27,1093.7239990234375,1110.9361742585227,1089.545230080842,1104.071149278716,1078978
2023-03-28,1085.7646484375,1100.8875009088438,1082.5311334099774,1099.1961723979784,609715
2023-03-29,1093.126953125,1100.3899735016194,1077.7553696163013,1088.450841781891,890212
2023-03-31,1095.5147705078125,1107.3046384329693,1091.6843234875548,1094.6193113657864,959958
2023-04-03,1098.201171875,1121.0845074754482,1086.2620402573748,1094.420398282301,1689388
2023-04-05,1099.9423828125,1113.2246435044062,1094.868154310101,1103.92209366857,713828
2023-04-06,1110.5880126953125,1114.318991461366,1099.3950763971513,1103.2753186040736,959185
2023-04-10,1100.638671875,1113.7716677860756,1098.4498797068622,1113.7219942761005,985731
2023-04-11,1107.00634765625,1126.1089112257323,1102.7779048626442,1105.2652241530004,913188
2023-04-12,1121.1341552734375,1124.2682015414105,1106.4589729966801,1112.8265340035998,784276
2023-04-13,1124.5169677734375,1133.222584644057,1117.801206187531,1121.1341894991997,1508398
2023-04-17,1139.5404052734375,1144.9130390888258,1113.3240849362555,1114.3190126261004,1053536
2023-04-18,1139.739501953125,1147.4501918083372,1134.3170729907124,1139.5404435377916,521013
2023-04-19,1117.7017822265625,1139.440927787599,1114.8164676585939,1134.217557457204,1033060
2023-04-20,1123.1241455078125,1126.0592551866673,1106.8571013866501,1117.701837951138,663526
2023-04-21,1100.937255859375,1130.8347593103554,1097.7534144619308,1130.8347593103554,835506
2023-04-24,1100.0914306640625,1108.0011781842761,1085.0680477583105,1100.389957533175,1337055
2023-04-25,1100.2406005859375,1116.457968138651,1095.465021243915,1100.3898640078073,1099269
2023-04-26,1112.627685546875,1116.308869423522,1098.4001709835725,1100.3900263657893,993607
2023-04-27,1131.282470703125,1139.1920965045197,1119.2935446005106,1132.9737990345168,1895316
2023-04-28,1134.3170166015625,1142.1769695147564,1124.4175348277715,1142.1769695147564,1380448
2023-05-02,1145.062255859375,1152.374949791439,1138.5454311760666,1141.1820137369139,916515
2023-05-03,1131.13330078125,1144.2662975431151,1128.546513110111,1142.6744375494243,623440
2023-05-04,1161.5283203125,1163.9659661017554,1131.183024795574,1131.183024795574,2409910
2023-05-05,1167.74658203125,1177.2481900581906,1161.5780789291675,1166.0552535374597,1360996
2023-05-08,1176.3526611328125,1179.685644409016,1162.075473907141,1172.0247502248392,1221625
2023-05-09,1177.1485595703125,1183.9139940654914,1170.930262359054,1177.9444287426832,1412254
2023-05-10,1182.7701416015625,1188.9386449867281,1175.357857094769,1178.392435271216,1420187
2023-05-11,1179.38720703125,1189.734478411492,1173.0694410309352,1183.068390588595,621616
2023-05-12,1181.0289306640625,1187.8938343762272,1168.0450760845445,1174.0146420611263,1158276
2023-05-15,1183.4166259765625,1188.4410591099688,1175.109004520812,1175.109004520812,680497
2023-05-16,1174.7608642578125,1195.7041406109756,1168.2440393395325,1189.9335114565688,926172
2023-05-17,1156.702880859375,1178.9394899168983,1153.3201025028245,1176.8004925946864,688730
2023-05-18,1146.85302734375,1166.9008433229426,1144.6642351442638,1156.7028351436913,1133501
2023-05-19,1148.2957763671875,1151.8276966688643,1136.754639868874,1146.8530583979423,333053
2023-05-22,1144.9627685546875,1154.0165857241125,1143.3707871811,1151.578940152761,392404
2023-05-23,1159.687744140625,1161.9263315453688,1139.0429936302096,1141.1821125516371,1139676
2023-05-24,1169.38818359375,1171.1791019357117,1152.922203934985,1163.5678811590672,995336
2023-05-25,1171.3780517578125,1176.0044896494512,1165.5577492591642,1169.388196445377,1136179
2023-05-26,1189.684814453125,1197.5944412018798,1167.199472398681,1169.0400643800308,703725
2023-05-29,1211.92138671875,1225.6514373285308,1191.0279053697734,1192.8684972936232,1370649
2023-05-30,1209.7325439453125,1211.6229307549434,1194.7588343558893,1208.4888843930723,745769
2023-05-31,1228.735595703125,1233.3620333698839,1205.8024657615765,1209.3843023107602,2382996
2023-06-01,1201.6239013671875,1236.6951019659814,1198.2909179409328,1235.2027104511392,1041761
2023-06-02,1196.4005126953125,1210.030973074466,1193.166997796136,1205.6533885257159,737046
2023-06-05,1209.2349853515625,1212.8167002910745,1198.8877143976579,1201.8724970891042,1599077
2023-06-06,1216.7965087890625,1218.7863640773521,1203.9619178893693,1213.6624624197807,793761
2023-06-07,1239.4808349609375,1241.6696270692328,1214.806582252831,1219.0848194521882,1067618
2023-06-08,1232.615966796875,1248.385546743253,1227.7905916834723,1241.3712577925733,760962
2023-06-09,1226.1488037109375,1247.2412203396077,1221.2736341601144,1221.37310263031,1904738
2023-06-12,1232.615966796875,1249.9277332774452,1228.5864609824612,1235.8991553760857,1402903
2023-06-13,1236.9935302734375,1242.4656320584543,1231.7203654274267,1231.7203654274267,1253147
2023-06-14,1235.9986572265625,1248.5843947266706,1221.4229429929533,1233.809743545275,713768
2023-06-15,1234.8045654296875,1244.256377211445,1230.1781280041828,1238.6848071882114,738348
2023-06-16,1274.8504638671875,1285.3966722022944,1229.780316178662,1234.705159248721,2049003
2023-06-19,1274.0048828125,1281.6161037864558,1268.5327806215832,1274.850547042688,741782
2023-06-20,1288.779541015625,1300.1715357782657,1274.0048893149674,1275.3480173875485,1474323
2023-06-21,1288.381591796875,1299.674118486556,1279.725769284791,1288.7795871718167,855234
2023-06-22,1270.025146484375,1299.3755121884792,1266.4931047429209,1289.3267672037407,556505
2023-06-23,1256.2950439453125,1268.4332336519847,1254.1062517848445,1264.7519286261306,1076729
2023-06-26,1259.9266357421875,1269.7266490413474,1256.7925892787057,1260.5235680563908,1009927
2023-06-27,1279.875,1283.4567153806029,1251.768292860851,1262.0657701242594,1650539
2023-06-28,1293.306396484375,1305.9419282769288,1278.4819511266126,1283.4565890687395,2245575
2023-06-30,1300.27099609375,1308.7775548007894,1294.4008985510632,1294.4506935150112,972782
2023-07-03,1291.3663330078125,1305.3451154850377,1284.451634215841,1301.315609802668,599025
2023-07-04,1282.71044921875,1313.3542688567438,1276.3428880853987,1313.3044738947062,866223
2023-07-05,1284.998779296875,1310.0211110605396,1278.5814234614534,1283.0089241140074,960704
2023-07-06,1286.3916015625,1305.096289164325,1282.8098864656529,1291.4160345609255,726222
2023-07-07,1287.4364013671875,1311.31466538018,1281.9145042337304,1286.04347834287,939840
2023-07-10,1286.7401123046875,1295.395935180506,1276.691244832466,1294.102480520376,675354
2023-07-11,1288.4312744140625,1302.1115292582272,1282.9591724763966,1292.1622530079255,821816
2023-07-12,1294.0028076171875,1299.972373195724,1284.4515269817537,1284.4515269817537,905809
2023-07-13,1307.28515625,1329.2233598336957,1298.4303971964437,1305.3450958845872,1579954
2023-07-14,1313.60302734375,1319.3238613419996,1304.6983519888404,1313.8019642936722,1321159
2023-07-17,1307.8323974609375,1321.811179540306,1290.1724316526975,1314.2994271935324,1055414
2023-07-18,1307.8822021484375,1315.5928915023244,1299.0273216969738,1308.3298710143401,1427102
2023-07-19,1303.8028564453125,1314.8466502339259,1300.6191366285846,1307.9318303756284,659900
2023-07-20,1307.384765625,1314.8963967333823,1296.5400296299026,1308.3298983399254,898725
2023-07-21,1284.153076171875,1316.0405561060977,1281.4668200828985,1308.130929826566,524241
2023-07-24,1310.468994140625,1317.6822196892833,1281.3673600305203,1284.153084613117,1183272
2023-07-25,1294.5003662109375,1313.3045234505696,1283.5561618488493,1311.3146681120081,1362929
2023-07-26,1286.09326171875,1293.3561607532497,1268.7814961750862,1283.4566791341786,2302730
2023-07-27,1289.9237060546875,1305.3450847232934,1286.1927273445408,1288.4313145706287,1946045
2023-07-28,1283.2080078125,1295.346077235777,1274.8009172838126,1295.346077235777,1051700
2023-07-31,1275.646484375,1290.3713404200162,1263.558089387095,1290.3713404200162,1061701
2023-08-01,1273.4576416015625,1278.4820749903436,1254.7032790329813,1278.4820749903436,1219778
2023-08-02,1255.847412109375,1278.3825474190319,1246.0970726684193,1273.5073776985541,888107
2023-08-03,1247.3905029296875,1268.333777900303,1245.3011792189934,1253.5590055900461,871719
2023-08-04,1261.46875,1280.6211066290032,1247.6392318322091,1252.5640749563597,1609140
2023-08-07,1295.9429931640625,1299.0769179412382,1260.1255995860731,1266.5428340216804,1719680
2023-08-08,1342.505615234375,1351.8579595390756,1287.1876615666451,1300.2709846005246,3458915
2023-08-09,1342.505615234375,1367.0306063710689,1336.187848876525,1359.0711850821544,1746764
2023-08-10,1327.581787109375,1352.0073113670217,1323.3533442732012,1338.1279967164273,841571
2023-08-11,1304.84765625,1333.2030952154023,1298.2811578324493,1333.2030952154023,891342
2023-08-14,1290.5206298828125,1309.2749917857575,1285.3967281976356,1307.3349314496743,888959
2023-08-16,1284.7501220703125,1293.3561490755112,1274.5023187024794,1288.431305792124,395774
2023-08-17,1277.934814453125,1283.4069167122123,1269.776456029121,1279.9744647846926,843146
2023-08-18,1275.9449462890625,1279.327724669161,1259.5784346405758,1272.0648255233502,886254
2023-08-21,1272.064697265625,1283.2576324638637,1267.8362550796237,1276.442281426707,703317
2023-08-22,1280.22314453125,1306.5389321061136,1272.2637233878656,1277.835293898009,1405263
2023-08-23,1293.6546630859375,1297.883105553244,1279.7256761348103,1283.4068598200142,583458
2023-08-24,1287.1876220703125,1304.996850948023,1283.6059068904292,1293.3064512886403,618797
2023-08-25,1289.82421875,1291.9633374694824,1275.944905280192,1286.491235441151,487521
2023-08-28,1284.998779296875,1300.3703620040797,1283.0089241140074,1293.4058688640425,764751
2023-08-29,1290.6201171875,1295.0476181630715,1283.4566865870015,1285.4465419150436,1011094
2023-08-30,1294.0028076171875,1301.2160326912524,1286.739909033975,1295.3459355821337,812860
2023-08-31,1285.9937744140625,1301.9622902243877,1279.9744135893704,1298.2313115606023,1390078
2023-09-01,1313.851806640625,1320.3685101247167,1286.640437219716,1291.3663437365353,761000
2023-09-04,1321.6121826171875,1325.6913618865046,1294.8983982308878,1321.7614460620318,542261
2023-09-05,1302.8079833984375,1332.1583495394718,1299.0273311390847,1321.6121405722415,1922115
2023-09-06,1313.1055908203125,1322.2588768273781,1298.8282815582234,1303.3552510488075,1461738
2023-09-07,1340.6650390625,1344.4458127994926,1304.797847878557,1313.3045280612246,1468196
2023-09-08,1334.6456298828125,1342.605050977677,1327.5816679513457,1341.1624544846838,1214231
2023-09-11,1343.3016357421875,1349.9676026390723,1330.2183124180806,1337.630475077354,844034
2023-09-12,1339.6700439453125,1345.9381365486781,1324.5471926609512,1345.9381365486781,1139357
2023-09-13,1338.6751708984375,1344.1970680099091,1321.5126687074319,1343.1523453830478,438029
2023-09-14,1345.8883056640625,1353.8477264330977,1335.4415659047036,1338.6750805921242,889229
2023-09-15,1365.6875,1367.876292308748,1345.1422191815932,1348.4255290958474,878944
2023-09-18,1366.73193359375,1385.9340839838803,1360.613226291973,1368.0253879955746,1324270
2023-09-20,1338.3765869140625,1369.8163968921103,1333.551212243428,1363.0508404902487,574012
2023-09-21,1327.432373046875,1345.0426646724618,1321.3136653861527,1338.675103657297,783641
2023-09-22,1312.1602783203125,1330.8151713513225,1309.3247588698243,1319.3238301148963,1084861
2023-09-25,1287.5855712890625,1333.2029772270935,1282.5611383541384,1312.1105607946959,908011
2023-09-26,1283.1580810546875,1295.7439395233139,1278.6809068410269,1288.928709732744,749346
2023-09-27,1294.40087890625,1297.3856618706764,1271.4677478824553,1276.7907079965862,643756
2023-09-28,1282.8597412109375,1301.8628351099358,1277.98457141667,1294.4008777057902,1026081
2023-09-29,1298.778564453125,1305.3450625813728,1282.4617268806323,1283.4068595573856,1294800
2023-10-03,1285.8941650390625,1295.5450359074246,1276.1439471491897,1295.5450359074246,1282289
2023-10-04,1264.1053466796875,1291.1175346263337,1257.9367225137337,1285.0485003841081,1139615
2023-10-05,1267.9854736328125,1275.5966943175074,1258.5336611168048,1264.5530218785027,979561
2023-10-06,1276.4423828125,1281.0191471735343,1265.5479736013365,1269.5276842101457,784191
2023-10-09,1270.7713623046875,1284.2028858052656,1265.5479920544628,1271.6170265311644,1345177
2023-10-10,1295.445556640625,1305.9419701645081,1273.3084170881202,1278.481992133424,1221002
2023-10-11,1302.70849609375,1304.3003560457928,1284.6008614183966,1303.3552233573976,1374812
2023-10-12,1306.9866943359375,1310.7176729167402,1294.3510406716105,1305.2952445086316,726322
2023-10-13,1309.7724609375,1322.9055788350583,1306.1907456749404,1309.1755286355951,916350
2023-10-16,1315.4932861328125,1325.442562601677,1303.9024762074885,1312.508503192153,578729
2023-10-17,1341.5106201171875,1344.246671047673,1318.2790846885612,1318.2790846885612,1073063
2023-10-18,1349.4700927734375,1351.7086799842557,1332.208122349132,1337.2325555583088,454861
2023-10-19,1341.311767578125,1346.7340748192937,1331.8101597139134,1342.1574318105368,595436
2023-10-20,1355.73828125,1361.7078475669255,1329.720897095172,1333.2031441133784,936229
2023-10-23,1331.6112060546875,1359.618444007996,1322.3086567125931,1353.0518242831006,976136
2023-10-25,1307.484130859375,1339.2720191239466,1302.0120290550678,1316.3390107965695,945901
2023-10-26,1298.9775390625,1309.1258741468719,1284.2028874827906,1309.1258741468719,1107874
2023-10-27,1296.291259765625,1314.0008990689148,1287.0881790010633,1300.9673711412208,654531
2023-10-30,1319.472900390625,1323.9500744747525,1298.3804843969615,1298.5794213313636,1242401
2023-10-31,1360.9117431640625,1368.4234953993587,1312.8070162341874,1318.2791182344056,2287988
2023-11-01,1329.2730712890625,1370.9604406537362,1325.6415612513833,1364.095537360543,968893
2023-11-02,1336.685302734375,1350.8630217994773,1333.3523193847348,1335.192911253838,637519
2023-11-03,1322.6070556640625,1343.1025410944205,1319.3735407809606,1337.9787608251786,690163
2023-11-06,1325.0943603515625,1333.8994457238962,1316.6872703276492,1328.228406725072,377106
2023-11-07,1334.0487060546875,1337.2325473835094,1313.7024843323059,1325.741084524441,1038346
2023-11-08,1338.6751708984375,1342.505618111711,1327.9299035549209,1335.3421875167874,498283
2023-11-09,1343.8487548828125,1346.4853374977429,1328.6761079198934,1338.277184222721,493454
2023-11-10,1348.52490234375,1353.1015450441157,1334.197920517764,1344.9431872500345,639801
2023-11-13,1321.6121826171875,1352.803141642011,1318.2791991209576,1344.6447831033768,1332535
2023-11-15,1350.21630859375,1352.1066954456737,1325.2934434799442,1342.107623841506,742427
2023-11-16,1353.0518798828125,1358.1757818388257,1341.2123373887976,1355.837726029131,577249
2023-11-17,1406.77783203125,1427.1738478398286,1347.1319709666118,1347.1319709666118,3192944
2023-11-20,1378.273193359375,1412.797131008502,1375.984811397717,1406.7777707079129,726211
2023-11-21,1416.4288330078125,1417.9212245458145,1380.064177284713,1381.9545641897423,2049132
2023-11-22,1422.8460693359375,1431.2532812116815,1410.1607412513745,1417.7719623923392,865655
2023-11-23,1403.793212890625,1427.1243407111615,1399.2165696853588,1422.8461029501364,549853
2023-11-24,1402.5494384765625,1411.7525191002962,1393.9434115947297,1406.8276758875058,387896
2023-11-28,1405.2855224609375,1410.111018764856,1386.0336965620234,1402.649061327205,1123470
2023-11-29,1400.708984375,1414.5882991186672,1398.8683923594917,1408.270410854283,887709
2023-11-30,1427.969970703125,1436.8745249708113,1401.902913739303,1402.8480464667523,3027395
2023-12-01,1416.4288330078125,1437.6705149418124,1412.8967911207544,1430.7558160628575,808841
2023-12-04,1446.6248779296875,1451.3009895461175,1407.8226975725638,1432.5964216292623,2078827
2023-12-05,1453.53955078125,1464.6330187436647,1435.6806474410062,1446.6248519606534,1932719
2023-12-06,1443.341552734375,1455.5294169489655,1437.8197769200776,1454.5842842229815,724418
2023-12-07,1448.365966796875,1475.9254148884286,1442.7446011277013,1449.4603629521073,1244939
2023-12-08,1457.7679443359375,1462.0959767747458,1444.1872790730702,1447.6197308854396,1654799
2023-12-11,1453.1912841796875,1460.8522998651104,1447.619713695552,1457.7679270255442,731571
2023-12-12,1473.935546875,1484.3326138882483,1452.5446019883739,1457.0715714634382,1763549
2023-12-13,1459.35986328125,1475.6269053738708,1452.5943069697087,1475.6269053738708,2279728
2023-12-14,1462.3944091796875,1470.1050986101682,1447.5699626295695,1465.5284556255285,2953215
2023-12-15,1445.1324462890625,1477.4675956896783,1441.2522040707622,1466.5233912771623,1482700
2023-12-18,1439.6104736328125,1453.9872506369975,1434.3374301084982,1445.1323705136765,1580916
2023-12-19,1417.3243408203125,1440.655347417299,1411.8522383266695,1437.6207692721869,1282514
2023-12-20,1402.101806640625,1429.7110492407862,1396.9282313824883,1429.7110492407862,1151553
2023-12-21,1396.629638671875,1403.1464631264485,1372.9503128694193,1394.3910515395426,1841616
2023-12-22,1387.2276611328125,1410.5088708167248,1380.0144357214917,1406.827687118295,1111420
2023-12-26,1388.22265625,1402.002380484265,1380.6114351213355,1392.8987678186518,875367
2023-12-27,1414.140380859375,1416.7769634031247,1392.0032408062011,1397.8733381891784,718369
2023-12-28,1428.019775390625,1437.6207305279947,1412.0013422709321,1421.254218454908,1446654
2023-12-29,1425.3333740234375,1427.9699566729628,1413.8420321583064,1425.731369386766,383858
2024-01-01,1424.8358154296875,1430.3079173209378,1418.716986297428,1428.5667939919035,158288
2024-01-02,1430.357666015625,1442.346470537079,1414.5382931333,1429.710938795535,691712
2024-01-03,1415.4835205078125,1433.5912766268252,1408.4195584758857,1422.7465409406184,550221
2024-01-04,1424.33837890625,1429.3130170844997,1407.8226044446862,1413.593233311907,938454
2024-01-05,1446.77392578125,1460.5536481028964,1426.4275844475658,1428.616497935284,1258280
2024-01-08,1413.842041015625,1452.6938943998923,1409.215602971608,1446.7741232308724,738502
2024-01-09,1441.9984130859375,1460.8025705851264,1413.7922375627206,1421.7516590268317,1871763
2024-01-10,1444.087646484375,1487.7649933233245,1440.6551947734108,1447.5698931568245,2547856
2024-01-11,1420.5577392578125,1455.877670634088,1418.6673524432226,1442.6948793457598,908421
2024-01-12,1428.019775390625,1433.591346216497,1411.3049414618738,1427.5223115409733,557158
2024-01-15,1422.7962646484375,1437.222714865553,1417.3241628419455,1434.6856009020937,902104
2024-01-16,1401.6541748046875,1424.636980096928,1398.4206598201413,1417.8217497274188,1729041
2024-01-17,1413.94140625,1437.6206106481866,1379.5169350149054,1389.9138800251949,2628568
2024-01-18,1397.7738037109375,1430.7058828436084,1377.1787296060063,1409.712934861232,2296538
2024-01-19,1433.292724609375,1437.6704304872433,1398.2713204886834,1398.768784305461,570639
2024-01-23,1368.52294921875,1441.3019293325679,1360.4142647786646,1436.6754915826064,2880301
2024-01-24,1403.395263671875,1406.7282470528098,1361.6083018244822,1373.3981703411991,1255876
2024-01-25,1373.8956298828125,1407.7231703203156,1350.2660979595569,1407.7231703203156,3230297
2024-01-29,1411.2054443359375,1417.3739473659493,1380.9596186008507,1380.9596186008507,1607583
2024-01-30,1391.9036865234375,1426.4276250211617,1385.7848576069666,1417.7718036425292,1464906
2024-01-31,1394.04296875,1399.3658076456272,1374.6915521475682,1392.8987776067388,1343827
2024-02-01,1425.4825439453125,1452.2957946559643,1391.4062730466023,1400.1616846608815,1803699
2024-02-02,1428.1689453125,1448.6147585134574,1412.8471556045176,1433.491905768772,1817169
2024-02-05,1412.6480712890625,1452.5944427550535,1407.7232277519568,1427.7212502421246,1010779
2024-02-06,1456.5740966796875,1462.4938676861507,1397.773896165426,1415.3840671964701,1515381
2024-02-07,1461.996337890625,1485.4269318461431,1446.2765544162437,1465.1303841736935,690402
2024-02-08,1451.6492919921875,1484.531579215238,1447.7690497181318,1474.3833653764464,1679065
2024-02-09,1432.3973388671875,1460.5538409204257,1429.2136188570787,1460.5538409204257,596482
2024-02-12,1428.7161865234375,1444.6350298273198,1416.0308582656562,1435.1334216498606,515507
2024-02-13,1460.15576171875,1468.3639146450064,1420.9555889079784,1428.7160729823443,1388464
2024-02-14,1446.326171875,1456.573974511093,1431.7505800150032,1452.5942641982213,504590
2024-02-15,1445.97802734375,1456.922231126716,1436.3272780428572,1456.5740307511194,736364
2024-02-16,1500.798583984375,1508.5092733690926,1444.2369706589623,1449.0126720196267,2008339
2024-02-19,1481.2979736328125,1514.279848768421,1478.4624541851995,1509.4046791043684,1163429
2024-02-20,1505.872802734375,1509.9519818348735,1465.8766380814714,1481.2980167537225,1569035
2024-02-21,1494.0828857421875,1511.792647468372,1487.8149140725263,1502.3906292383124,1156081
2024-02-22,1501.992431640625,1505.8228784982161,1462.7424660994843,1502.3406320002025,1355358
2024-02-23,1521.3935546875,1528.457516314825,1493.6350505240885,1500.7488071115633,1115653
2024-02-26,1541.292236328125,1545.5206789587037,1517.3641770969853,1523.3835381280267,1283074
2024-02-27,1534.8748779296875,1561.0415244016401,1531.094225629732,1545.9186722995535,1764621
2024-02-28,1532.3875732421875,1548.8536750242802,1528.606920906449,1536.1683470290595,834214
2024-02-29,1544.6749267578125,1559.1510507745036,1517.6626175540482,1532.3874734760202,1672455
2024-03-01,1534.3277587890625,1561.3897433301395,1528.2587241807107,1556.9623636976955,1088145
2024-03-04,1510.25048828125,1546.1176812695344,1500.5997379503058,1545.9684178208831,2126926
2024-03-05,1483.685791015625,1517.2645976857189,1480.4024813385442,1517.2645976857189,1476872
2024-03-06,1512.6881103515625,1516.170357326842,1479.4575006400985,1484.6808711030174,1568041
2024-03-07,1502.73876953125,1513.583505370157,1481.4472932096694,1512.290050825183,2468543
2024-03-11,1524.32861328125,1531.9896289815724,1505.9224519372956,1519.2047116439235,1824218
2024-03-12,1508.708251953125,1543.8789186731108,1501.3955583105337,1525.2240259873554,1608593
2024-03-13,1479.8055419921875,1524.8260159050387,1473.1395756507338,1516.2696628328208,1461171
2024-03-14,1498.211669921875,1506.867612726236,1457.8674294809289,1474.6816083981175,1094035
2024-03-15,1495.0721435546875,1500.005832960705,1476.234210212042,1477.1312778320312,1466897
2024-03-18,1484.805908203125,1498.5107359583603,1473.443457436027,1488.0951155320938,641326
2024-03-19,1456.549072265625,1484.058374969197,1451.515735791142,1475.1378266446998,1010444
2024-03-20,1453.60888671875,1464.6225122425158,1445.2364580760382,1455.2036060627695,477278
2024-03-21,1463.2271728515625,1472.1477214124484,1453.2101407036896,1468.0612151723099,958834
2024-03-22,1496.16845703125,1506.035957193175,1453.3097236366063,1469.157512179179,563028
2024-03-26,1481.5169677734375,1504.4911719154857,1453.0109475820188,1453.7085993047806,1349881
2024-03-27,1474.6893310546875,1494.0753839330046,1468.659158255692,1485.1049513410119,795193
2024-03-28,1495.3214111328125,1516.8504269459092,1475.1379359950424,1475.1379359950424,1704887
2024-04-01,1485.05517578125,1514.10943669532,1481.8657370713775,1493.0787786332091,838186
2024-04-02,1465.7686767578125,1491.6832600764467,1460.4861616213514,1490.0885408214638,941688
2024-04-03,1456.0010986328125,1468.111086700634,1451.2667031047906,1465.1708265667376,1862464
2024-04-04,1458.9412841796875,1470.2042100540498,1442.2463113291258,1462.6789646686193,1905528
2024-04-05,1480.4205322265625,1485.0053959452002,1455.3531308230863,1464.1740324163118,836975
2024-04-08,1513.8104248046875,1522.9801519207908,1482.1148467972619,1483.8092132200368,822205
2024-04-09,1505.5875244140625,1522.382143730748,1498.112163738747,1520.0896511226053,718575
2024-04-10,1498.4111328125,1511.7172507262262,1476.1345819228752,1510.02288427627,1056524
2024-04-12,1488.2447509765625,1506.434796357957,1483.3109396386658,1496.068937943743,787733
2024-04-15,1462.0809326171875,1485.00537251801,1457.6953632588254,1484.9554881113816,994053
2024-04-16,1457.944580078125,1472.0481188936817,1447.2298959312511,1455.402908659291,717750
2024-04-18,1452.1634521484375,1478.7758079818034,1443.2429041365747,1460.1870542542001,1746383
2024-04-19,1442.79443359375,1452.7615807384154,1420.667293931027,1445.2363359764825,1129149
2024-04-22,1470.5531005859375,1478.0284618926275,1447.2299489752058,1451.71516575922,772048
2024-04-23,1465.021240234375,1484.3076474883633,1459.439661628081,1473.144490275775,1042729
2024-04-24,1455.25341796875,1473.1443990458777,1447.7780573511288,1465.0211495075398,898680
2024-04-25,1439.7047119140625,1459.1905358383644,1431.4320516865,1459.1905358383644,2406788
2024-04-26,1410.6005859375,1462.0310440162027,1406.5638424292656,1450.2199982611287,2180945
2024-04-29,1417.67724609375,1456.1006496143373,1409.4045864032628,1432.2791419864811,4381119
2024-04-30,1431.83056640625,1445.0867990577576,1418.5243276822177,1427.2954658045933,2402464
2024-05-02,1456.1007080078125,1459.9380357392188,1411.6970140134658,1411.6970140134658,2194261
2024-05-03,1438.508544921875,1467.8617452740482,1433.6745027787717,1464.173949412946,1355425
2024-05-06,1435.8671875,1452.6618060367546,1426.8967551062026,1445.2363301118216,920880
2024-05-07,1445.385986328125,1454.1072407965937,1426.847115449009,1436.1663744614582,1800920
2024-05-08,1422.0628662109375,1461.1340383986405,1418.3251856444115,1435.2693375459962,1297162
2024-05-09,1417.72705078125,1434.7708482642183,1408.5572022992867,1427.1958406794856,1645954
2024-05-10,1427.2457275390625,1433.7742582306994,1411.0989962392164,1420.3186082577315,741292
2024-05-13,1420.418212890625,1435.2692874908807,1415.883233629638,1430.2857135759818,771284
2024-05-14,1428.142822265625,1432.0300344431082,1417.3783750848536,1422.5113591326692,896653
2024-05-15,1425.40185546875,1439.106684394899,1421.06617028779,1435.2693566294356,254646
2024-05-16,1447.4290771484375,1453.409365507408,1415.484443165837,1426.8470153817366,1176239
2024-05-17,1429.48828125,1445.2364233584472,1425.8004852512129,1445.2364233584472,2433315
2024-05-21,1424.953369140625,1435.966994918553,1417.8268338317953,1434.1230968323132,1300334
2024-05-22,1422.7108154296875,1430.8340658721572,1419.321960571991,1429.5382878865014,966583
2024-05-23,1442.0469970703125,1448.176695651857,1419.37173575143,1429.2889991770294,1206423
2024-05-24,1431.5316162109375,1443.6914879733527,1428.7407661330294,1437.7610836444055,487961
2024-05-27,1405.567138671875,1443.2430061464509,1397.5436576682812,1430.285713964197,1675749
2024-05-28,1445.9840087890625,1450.2200467262353,1401.281373950637,1410.351454376373,1600105
2024-05-29,1408.1588134765625,1444.6883160351267,1401.979108296464,1443.2431281449649,1518325
2024-05-30,1375.5162353515625,1414.1389318002414,1366.495918222933,1414.1389318002414,2097166
2024-05-31,1381.845458984375,1396.5470026666421,1368.0907457190124,1389.2211730300146,2559060
2024-06-03,1386.9287109375,1431.6812319448,1382.7923199846039,1430.5848699459018,870693
2024-06-04,1334.45166015625,1398.091879355792,1303.4039680688215,1393.55689976415,3277433
2024-06-05,1385.533203125,1391.6131390008393,1326.328320355738,1336.594531344743,1238176
2024-06-06,1438.1099853515625,1441.0503671368451,1375.7156605803114,1385.5332774395092,2227021
2024-06-07,1421.165771484375,1435.2693102207488,1415.3350142454606,1430.3853833729456,1279929
2024-06-10,1427.5946044921875,1447.229836666297,1413.6903605391751,1432.1295836647444,2059288
2024-06-11,1423.358642578125,1435.070041673708,1417.328469269705,1427.7440904359332,991450
2024-06-12,1447.927490234375,1456.9976919299645,1421.115960395253,1423.4083313528454,1823958
2024-06-13,1445.1368408203125,1474.5896907287151,1428.142804483727,1454.8548103083758,3086173
2024-06-14,1465.071044921875,1468.9083724005663,1435.8672538885396,1440.1531760092275,856835
2024-06-18,1468.7091064453125,1475.13786808106,1450.2698830942993,1475.13786808106,1427035
2024-06-19,1444.4390869140625,1473.543233031141,1441.399179675833,1473.4933486217883,578983
2024-06-20,1450.7183837890625,1476.034963910101,1446.6816402025258,1471.1510370818662,1444553
2024-06-21,1459.340087890625,1473.692806221149,1440.4025055339139,1450.7184800101581,1184387
2024-06-24,1447.9774169921875,1459.339989977713,1442.4456012177397,1459.339989977713,460942
2024-06-25,1457.197021484375,1462.6789528237487,1425.302148237111,1452.612157788938,1845922
2024-06-26,1446.1334228515625,1470.8021123638055,1442.246211079414,1457.1969319959248,780636
2024-06-27,1458.6422119140625,1468.8087757816932,1432.8273961680277,1440.2528726916996,1492222
2024-06-28,1487.0484619140625,1493.8760550083796,1445.2363285254671,1445.3359756625448,1533271
2024-07-01,1496.9161376953125,1506.9331703683508,1477.0317255763443,1487.0486365800923,788569
2024-07-02,1489.989013671875,1505.3882090240081,1463.2770077399548,1502.0492386998405,1462260
2024-07-03,1491.43408203125,1501.9992339779901,1481.3174030513514,1498.0622594090648,527776
2024-07-04,1502.7967529296875,1513.8602629732263,1487.3476733936834,1491.484064183955,1363288
2024-07-05,1524.3756103515625,1526.9171600414688,1500.5042183457258,1502.796711009674,961676
2024-07-08,1509.9730224609375,1526.9171738911411,1503.2950820355716,1524.375624178182,774723
2024-07-09,1519.7408447265625,1523.9768824967464,1507.4314416576494,1519.9900234189263,726889
2024-07-10,1553.6790771484375,1557.366873236547,1513.6110692322354,1519.740889579152,1964480
2024-07-11,1553.6790771484375,1564.4934083823348,1541.0706106088571,1556.8685158371113,1156236
2024-07-12,1557.7156982421875,1564.8422333841318,1542.266618868013,1557.765582649819,589534
2024-07-15,1608.1494140625,1615.5750121794076,1552.7819810027343,1557.715670498902,2498480
2024-07-16,1616.0235595703125,1634.2136051534692,1586.9692980447273,1608.0997253675575,1844059
2024-07-18,1654.3472900390625,1659.4802739743045,1609.7443022987518,1614.6779919397413,2104021
2024-07-19,1642.286865234375,1653.1013177411535,1626.6384921334027,1626.6384921334027,567209
2024-07-22,1615.82421875,1642.2869236294066,1613.3324317555575,1635.708630297936,397490
2024-07-23,1589.6104736328125,1632.6187388590795,1572.8657390563383,1615.824119878054,2145861
2024-07-24,1627.5853271484375,1644.579362562631,1574.4605031654082,1574.809328999368,2099093
2024-07-25,1689.830322265625,1695.7607267491976,1639.5958712385025,1639.5958712385025,4427012
2024-07-26,1745.19775390625,1771.8598751654827,1680.7103541450922,1680.7103541450922,2982227
2024-07-29,1740.961669921875,1757.756411419572,1730.795227761391,1746.742664354643,1368641
2024-07-30,1715.39599609375,1740.5630439264728,1702.3888197342733,1734.7820496179759,2096978
2024-07-31,1747.888916015625,1754.2180305989857,1714.3494389944633,1715.3960381917964,1082466
2024-08-01,1761.4442138671875,1785.26572169881,1752.3242491984117,1785.2158372915605,1247361
2024-08-02,1739.167724609375,1763.0888804387134,1725.3133641910251,1754.2180941514757,594517
2024-08-05,1716.5421142578125,1733.6357967580682,1674.430915567995,1674.4807999738025,1240111
2024-08-06,1668.9989013671875,1774.152310799399,1664.6133319953994,1716.542147769772,1500825
2024-08-07,1680.162109375,1693.3188178907,1671.5903863284416,1684.4979161412227,603417
2024-08-08,1700.6944580078125,1709.5153593743953,1664.563547652905,1665.6100251581668,1291138
2024-08-09,1719.4326171875,1727.7053984067331,1702.3888190356947,1714.3493962186153,804893
2024-08-12,1699.3988037109375,1724.316674733092,1686.4913951891783,1717.2400236966585,1019251
2024-08-13,1676.873046875,1715.6452779235813,1666.5570727641953,1699.3987775990531,1064268
2024-08-14,1686.541015625,1701.7409156659978,1667.5037881042294,1690.6275217939692,557473
2024-08-16,1683.3516845703125,1696.508271532368,1660.6764224053652,1693.4184799228706,721574
2024-08-19,1666.05859375,1691.2256412587958,1660.5267782041165,1691.2256412587958,632647
2024-08-20,1755.5137939453125,1764.9825843729154,1667.25465134452,1667.3045357513265,3951662
2024-08-21,1794.6845703125,1798.521897799919,1745.1478954692034,1755.5137532942972,2972530
2024-08-22,1789.3521728515625,1806.4458553190518,1783.9698888138219,1795.0832827214394,1380510
2024-08-23,1783.421875,1792.4919555225797,1776.1458081507462,1783.621169296162,858249
2024-08-26,1790.3489990234375,1795.5318674301388,1763.5373459776906,1785.11624620792,593628
2024-08-27,1832.9085693359375,1842.526891156803,1778.238788782494,1782.5247109418278,2239371
2024-08-28,1837.6429443359375,1848.1583336643803,1820.001141847733,1832.7092549685206,724092
2024-08-29,1837.6429443359375,1861.613982851097,1829.469932016163,1833.955148411735,2248185
2024-08-30,1844.221435546875,1863.6573740671924,1830.9650800935078,1833.9053400737387,2125138
2024-09-02,1882.5450439453125,1888.425685491229,1842.9755157793381,1844.2214092564693,2522132
2024-09-03,1922.31396484375,1929.639794066914,1875.5680178127145,1883.7909146624315,3457882
2024-09-04,1905.91796875,1913.6923927633152,1896.1003524230662,1903.7252448843394,952279
2024-09-05,1901.582275390625,1912.6956695606473,1893.9573829628966,1912.6956695606473,947097
2024-09-06,1890.0703125,1910.5527285148041,1883.242718825779,1891.8643261275997,772396
2024-09-09,1895.5023193359375,1926.5001244388352,1888.2761372325142,1894.6052517064834,1845859
2024-09-10,1847.3609619140625,1883.7909358221466,1832.7093033031597,1883.7909358221466,2515665
2024-09-11,1853.0423583984375,1864.903288939631,1838.4903465451434,1839.038466687607,630094
2024-09-12,1869.787109375,1873.8238530452866,1834.5532649827137,1856.879701182643,1126825
2024-09-13,1840.433837890625,1865.6008860394136,1835.6994426943181,1862.8599203994465,886112
2024-09-16,1815.266845703125,1858.673824298292,1810.1337401034493,1844.919111267802,1576652
2024-09-17,1813.1737060546875,1838.2411069629218,1802.5087849677955,1817.5093909891623,844866
2024-09-18,1836.397216796875,1842.8758632868855,1809.0873273898032,1812.2268818149128,518691
2024-09-19,1834.902099609375,1853.8895656022103,1822.1939856516178,1843.9224174000478,776068
2024-09-20,1864.1058349609375,1878.8073781052626,1838.938786527432,1843.922360474661,1512372
2024-09-23,1913.8419189453125,1918.6759613191948,1873.823795989655,1875.817225559857,1022492
2024-09-24,1858.22509765625,1921.6161306660103,1848.5071289597051,1920.768947472475,2608386
2024-09-25,1857.4776611328125,1868.8402340899365,1835.0018155857292,1867.5444561932532,1395256
2024-09-26,1892.063720703125,1895.8014011383211,1862.3615715103858,1866.8467880326211,1396821
2024-09-27,1876.465087890625,1906.7153568555482,1867.7438336446835,1892.06369839008,1678089
2024-09-30,1837.9420166015625,1887.3790443411538,1832.210906734177,1885.7843250597375,1473366
2024-10-01,1828.1741943359375,1853.1918325607944,1818.306815384299,1834.1544829947652,885515
2024-10-03,1799.618408203125,1839.138051642298,1789.152903079965,1801.0635959571812,1307453
2024-10-04,1792.19287109375,1843.9223939386432,1776.694028838163,1799.618469411454,1554623
2024-10-07,1782.076171875,1813.8713982197148,1770.1654787236005,1794.086633841487,692912
2024-10-08,1722.3729248046875,1793.1396700989355,1717.8877085536437,1779.135779580743,2888148
2024-10-09,1731.6922607421875,1753.2212753782974,1727.356575839037,1742.3072973459582,704112
2024-10-10,1728.8017578125,1748.686168682613,1723.8680683993991,1739.4167943808352,784503
2024-10-11,1729.35009765625,1741.0116123862265,1712.9540658604851,1731.7920002983074,805944
2024-10-14,1732.58935546875,1738.1210495112714,1711.6583450316439,1733.0378284532599,1349793
2024-10-15,1718.0870361328125,1749.184487408447,1712.8542837384994,1736.227195765386,2159705
2024-10-16,1728.0543212890625,1743.2542223126577,1718.3363517821738,1719.38295101217,891554
2024-10-17,1696.4085693359375,1733.2870164954143,1690.17910191035,1728.3034425549445,2442434
2024-10-18,1700.4453125,1711.8077637462004,1675.078848147336,1700.3954280928926,2045293
2024-10-21,1706.2261962890625,1770.2153590847117,1691.2257116364153,1709.515403777968,1574574
2024-10-22,1692.5712890625,1721.2766027606792,1667.4042399594184,1695.4119019541386,1290296
2024-10-23,1710.3626708984375,1723.2203167093296,1686.690693372891,1697.604672238005,952362
2024-10-24,1629.927734375,1718.7847600022117,1617.6680938683576,1718.7847600022117,4320374
2024-10-25,1611.4385986328125,1647.868572013703,1598.680600954739,1639.4462592357625,1639581
2024-10-28,1600.6243896484375,1614.6780445915797,1588.3647484199325,1611.6879000645583,2366566
2024-10-29,1655.89208984375,1660.3275436549584,1590.6571555921971,1600.7239506240328,2052244
2024-10-30,1618.8143310546875,1643.9314947930723,1613.9802887151484,1631.123734229375,1512352
2024-10-31,1616.8209228515625,1636.5558027154168,1607.7508425856533,1624.744756773754,809110
2024-11-01,1623.4989013671875,1634.0142913285433,1617.6681440358514,1634.0142913285433,53886
2024-11-04,1603.514892578125,1635.7585935056425,1582.7831751179313,1631.6222025617465,1470020
2024-11-05,1627.83447265625,1636.6056110788304,1593.3980512225114,1601.5213007270695,978590
2024-11-06,1598.6806640625,1633.2667408246255,1595.1921622422713,1627.8345721315538,1352644
2024-11-07,1584.626953125,1612.63461383476,1569.82576312086,1599.7770906341493,1359619
2024-11-08,1564.792236328125,1598.082532529786,1561.7024450095796,1583.7797005372042,1131938
2024-11-11,1560.8553466796875,1573.4139285834833,1550.1406627864521,1573.4139285834833,862991
2024-11-12,1557.3170166015625,1580.7398147927545,1551.8849695185547,1563.9451944661193,1177157
2024-11-13,1541.6187744140625,1566.8357082075102,1534.9408337401817,1554.875130282262,2946117
2024-11-14,1557.16748046875,1563.795536126655,1540.9708660113686,1541.120275886321,684365
2024-11-18,1557.466552734375,1561.4036492732707,1545.9046851611604,1545.9046851611604,490930
2024-11-19,1517.89697265625,1562.898669599442,1496.068894498596,1562.848785192404,4198931
2024-11-21,1473.0946044921875,1510.5212942682992,1469.1576296611502,1508.3285703544307,1827614
2024-11-22,1480.27099609375,1491.5338002297651,1470.1543166318836,1480.470290384223,977581
2024-11-25,1490.287841796875,1506.0359834751146,1483.4603701103442,1487.6964077872267,1785465
2024-11-26,1501.7999267578125,1511.916605650548,1484.3574188976754,1490.2878229024104,601372
2024-11-27,1500.454345703125,1510.9696128705814,1490.1881355433836,1502.0490649020126,467560
2024-11-28,1423.90673828125,1514.7074321849932,1398.3908637470222,1502.1987344524064,5574277
2024-11-29,1433.0267333984375,1455.2036381580376,1392.061778603326,1437.2627713862262,9016112
2024-12-02,1417.3782958984375,1445.0371309328261,1406.514080506028,1423.7074103922696,3117960
2024-12-03,1436.216064453125,1443.5917779067245,1412.2949105512546,1425.401733793844,4645704
2024-12-04,1447.827880859375,1467.5129979787241,1430.3356092814745,1436.266013619336,1976987
2024-12-05,1427.14599609375,1451.2665661406436,1412.8930481139907,1447.8278272379848,2632452
2024-12-06,1443.791259765625,1448.176707512403,1424.6045000309698,1430.2857256742961,1359753
2024-12-09,1464.4730224609375,1479.523390765942,1444.2895488889556,1449.2232382055058,2397565
2024-12-10,1457.0474853515625,1479.0250950471273,1446.831158796666,1458.891383371516,1994725
2024-12-11,1451.3663330078125,1468.659311081325,1449.671844784766,1450.7184440304504,1213092
2024-12-12,1427.7939453125,1450.9675643201897,1415.6838362068822,1445.2364542430191,2851447
2024-12-13,1424.106201171875,1437.2129038822357,1404.6702619404703,1417.3783760533117,3926561
2024-12-16,1416.9796142578125,1432.2292776370912,1410.9993254810083,1424.1061493840282,1601339
2024-12-17,1405.06884765625,1420.3186332280995,1400.9823411857326,1417.029425620276,1973758
2024-12-18,1393.4073486328125,1415.6839010099293,1388.1247113043273,1410.152206640323,1454595
2024-12-19,1401.2813720703125,1404.3711636394232,1372.9746472060365,1375.516318632645,1081337
2024-12-20,1395.9986572265625,1410.1520797056107,1386.5298670831783,1397.8425551837863,1542712
2024-12-23,1400.683349609375,1403.523962440311,1376.9614888286515,1395.9987170728812,1325302
2024-12-24,1382.443359375,1413.341516650144,1380.4499298733776,1402.327769985969,756679
2024-12-26,1404.4210205078125,1407.161986174439,1380.649275481822,1389.370529875634,1935656
2024-12-27,1400.683349609375,1415.7337186749478,1396.198133033386,1405.3678604765823,665711
2024-12-30,1399.238037109375,1410.3015469722054,1384.4368467746908,1386.6794550578031,1439560
2024-12-31,1385.832275390625,1395.1515343906146,1377.9083197682955,1395.1515343906146,2096160
2025-01-01,1395.7994384765625,1400.085239140238,1380.4001217242724,1387.626304066842,511676
2025-01-02,1417.57763671875,1420.8169598471284,1393.4571870151567,1399.3875914593955,1083889
2025-01-03,1442.9439697265625,1446.2331772398263,1420.2189452497971,1423.5579155015726,1107442
2025-01-06,1429.9368896484375,1457.8449036092002,1420.5178619351088,1445.2364372537843,1012018
2025-01-07,1472.895263671875,1485.9024401967486,1429.6378179586513,1442.2462842383375,2362510
2025-01-08,1458.34326171875,1479.7726295920202,1450.2200118887465,1473.8421036208697,1229808
2025-01-09,1463.6258544921875,1476.3339686705992,1448.2266589201818,1453.0109388080064,1253461
2025-01-10,1473.443603515625,1483.111688841025,1453.85813248437,1465.0711744866962,1124758
2025-01-13,1462.579345703125,1473.4435615341376,1440.900798449628,1473.4435615341376,1444590
2025-01-14,1494.3245849609375,1499.0589800108387,1464.0244323077134,1470.1542523377573,2024378
2025-01-15,1467.9117431640625,1499.9062643780344,1464.5228884606527,1499.5574385267914,1433596
2025-01-16,1508.62744140625,1539.924309307918,1481.1181382728582,1481.1181382728582,2929496
2025-01-17,1535.4390869140625,1549.8914509259118,1495.0721391568281,1514.5080769658668,2603818
2025-01-20,1494.7730712890625,1542.7151484003905,1482.4139056469164,1542.7151484003905,4033718
2025-01-21,1461.7320556640625,1501.0025192202932,1455.2035254267987,1494.7730520737741,877160
2025-01-22,1455.25341796875,1465.9182171155105,1445.2862704785884,1461.2834691987293,631080
2025-01-23,1445.0869140625,1458.89138957124,1442.3958327970004,1453.2600483427211,1301601
2025-01-24,1435.6680908203125,1450.8181078361515,1413.4911854611598,1446.532306993037,1504123
2025-01-27,1419.7205810546875,1441.1997119265595,1411.348152426773,1430.2857335680926,896819
2025-01-28,1414.8365478515625,1430.9832776799383,1407.211655894555,1415.334905212553,1527262
2025-01-29,1456.1007080078125,1465.2704357038451,1405.8662566377664,1414.8366900370856,1021447
2025-01-30,1468.061279296875,1475.1379301685556,1449.1236977609274,1461.0842755731048,1016159
2025-01-31,1478.7259521484375,1485.1049507674688,1462.1805119301187,1474.8387403595527,892312
2025-02-01,1449.5721435546875,1522.980212833016,1368.0409460001467,1470.7523330328952,4329907
2025-02-03,1455.1536865234375,1477.0316488276867,1429.637812627291,1429.637812627291,1127198
2025-02-04,1467.5628662109375,1473.8420963225328,1449.2731743342238,1456.4494720815567,614905
2025-02-05,1464.3236083984375,1479.4238623198653,1460.1872175438918,1467.562931577289,791375
2025-02-06,1460.286865234375,1475.5366507189597,1451.665257667451,1465.1707922089295,1510856
2025-02-07,1466.1175537109375,1471.1011275998483,1449.4724655896894,1467.6126258776108,562410
2025-02-10,1443.4422607421875,1469.7057918940409,1440.2528221912069,1458.094040654629,530759
2025-02-11,1414.3382568359375,1445.2364146667437,1398.2911733931496,1443.442279415306,1448104
2025-02-12,1447.37939453125,1462.1307002983472,1402.876055195972,1422.76046642251,1590502
2025-02-13,1465.6690673828125,1474.5398531581566,1441.249555549505,1447.379375710906,983142
2025-02-14,1460.6356201171875,1472.2972560003188,1445.2364254925837,1465.6690784047203,625676
2025-02-17,1471.350341796875,1476.6828633221069,1447.0803607061202,1455.7019680758256,717439
2025-02-18,1470.5030517578125,1476.1345143130516,1449.6219268435802,1471.4001193481718,679042
2025-02-19,1470.7523193359375,1477.3306126140487,1460.2370513062565,1470.1543147959794,391966
2025-02-20,1464.971435546875,1484.7561996397096,1461.183870706797,1468.1608741822047,346720
2025-02-21,1490.4873046875,1496.4675933608462,1456.8979436373018,1464.8716618684298,1051158
2025-02-24,1481.616455078125,1490.287824613696,1470.353529893506,1475.1378092940633,1116079
2025-02-25,1466.9149169921875,1479.174556948504,1458.6421359915148,1475.1378135882028,964505
2025-02-27,1464.9215087890625,1475.0381878697865,1449.223251423233,1459.190398957093,1421562
2025-02-28,1425.8004150390625,1457.2468133009593,1407.211661071877,1455.2034994456703,2397364
2025-03-03,1403.8726806640625,1447.3793024498075,1400.4838262881356,1427.8437183058384,1056418
2025-03-04,1388.5234375,1410.3515171164383,1385.4336457892928,1387.626369798364,977231
2025-03-05,1416.03271484375,1419.3219224609898,1375.3169382418416,1386.5798645245927,1118219
2025-03-06,1416.6307373046875,1421.7139582477246,1390.4170904443677,1412.4444623103825,1606815
2025-03-07,1409.640380859375,1444.192324473883,1404.5974644515309,1419.3768458289737,901496
2025-03-10,1417.4794921875,1425.7680190131969,1402.4004781596173,1417.0301656310462,1092967
2025-03-11,1415.2825927734375,1422.4226916205905,1395.5100301045297,1401.052374430152,691907
2025-03-12,1407.0440673828125,1423.0218566504668,1402.5503141512847,1423.0218566504668,734156
2025-03-13,1383.6265869140625,1411.9870636661008,1380.7305884004104,1409.740187183227,911321
2025-03-17,1432.259033203125,1439.299295443742,1390.0676829135436,1390.0676829135436,1352197
2025-03-18,1432.259033203125,1432.259033203125,1432.259033203125,1432.259033203125,0
2025-03-19,1482.8387451171875,1486.8331924758972,1452.9802267306604,1455.9260828973652,917293
2025-03-20,1496.27001953125,1504.2090567649984,1486.4337173304978,1489.9288587551916,798992
2025-03-21,1544.2532958984375,1551.1437416272088,1491.3767284958378,1497.9176844784015,1977397
2025-03-24,1567.620849609375,1581.801088383787,1539.5597605586509,1547.848287244236,1229003
2025-03-25,1555.0382080078125,1581.7012155534799,1549.146496053197,1575.4598919567673,1241287
2025-03-26,1539.160400390625,1568.1201422950421,1531.3212003199535,1562.1284715561972,1106876
2025-03-27,1542.75537109375,1549.9453271857217,1527.526541371838,1539.2602298460981,1405775
2025-03-28,1545.7012939453125,1562.3282052655102,1532.6195033756737,1542.7554378123777,1120169
2025-04-01,1543.1048583984375,1564.225521998881,1533.218577361969,1535.615270022454,937836
2025-04-02,1557.6845703125,1560.980037967277,1540.15900660533,1540.8579860953237,1876774
2025-04-03,1540.1090087890625,1556.735919209977,1537.86213229707,1543.8538029423833,373548
2025-04-04,1510.500244140625,1544.7526789979297,1499.016207985667,1534.2172753302116,826558
2025-04-07,1458.772216796875,1483.437880352045,1428.5642087991305,1447.9871602224607,916977
2025-04-08,1485.934326171875,1495.9704233045459,1456.0259521708933,1487.9315497285577,2142568
2025-04-09,1479.59326171875,1497.8179278554417,1472.9524685819206,1485.9344225423035,1047950
2025-04-11,1519.787353515625,1536.8635912605712,1497.967709624813,1536.8635912605712,1134200
2025-04-15,1560.4307861328125,1571.9148219198976,1522.8830065482528,1553.340666679218,1363406
2025-04-16,1563.2269287109375,1574.6111275572964,1546.3503649905406,1546.3503649905406,784495
2025-04-17,1605.9674072265625,1612.7580160545008,1547.2491080178443,1555.837144899636,1500299
2025-04-21,1626.2393798828125,1628.436277168365,1593.0855155869024,1615.7539555728526,1016066
2025-04-22,1616.7525634765625,1637.6235752419475,1610.561218849905,1625.540396399101,1102055
2025-04-23,1613.25732421875,1622.7441360912837,1598.7774534659354,1622.7441360912837,1136215
2025-04-24,1605.9674072265625,1634.3280060067004,1600.7746747587398,1610.660955707913,857476
2025-04-25,1692.746826171875,1759.5539795131288,1648.807907273704,1721.107425477229,10321746
2025-04-28,1733.68994140625,1752.5637290220432,1679.0659240825435,1687.6539612804859,2100813
2025-04-29,1727.6982421875,1762.4499814146093,1718.61089923297,1731.4930157689255,2049847
2025-04-30,1763.3487548828125,1770.039405143323,1716.1143682588438,1719.6095095383932,2031563
2025-05-02,1759.753662109375,1774.6330022834163,1745.173954235149,1758.555376711821,902461
2025-05-05,1767.443115234375,1785.1184959944105,1764.4472797224462,1770.5387875498627,947983
2025-05-06,1723.60400390625,1795.3043814501787,1714.8161711167213,1767.54292405218,1295777
2025-05-07,1742.0782470703125,1754.0615884087154,1709.9229965726056,1711.6205878352055,753313
2025-05-08,1729.0963134765625,1741.5789608450043,1718.7107264858482,1738.8827577737623,1107891
2025-05-09,1697.4404296875,1726.3002139227822,1690.749657316363,1703.6317742450465,1076900
2025-05-12,1749.068603515625,1754.4611317262186,1717.612331171496,1722.6053902737385,728808
2025-05-13,1737.5845947265625,1753.5623841033585,1729.895332349323,1740.2807979235533,478541
2025-05-14,1752.763427734375,1757.5568132581495,1734.9882103771652,1738.583188569567,603108
2025-05-15,1782.12255859375,1785.9173321189126,1734.6884990334781,1755.2598773257625,1318425
2025-05-16,1770.938232421875,1788.4139393355604,1765.4458673918596,1787.5151643141137,696146
2025-05-19,1767.5428466796875,1778.7272498305404,1761.9506451042612,1770.638518810651,288530
2025-05-20,1755.35986328125,1776.3307109914213,1750.8661102004992,1776.3307109914213,529693
2025-05-21,1761.451416015625,1775.4319815141773,1748.7689727442812,1754.461133266349,521050
2025-05-22,1756.8577880859375,1766.2446414830397,1738.7828169895174,1763.8480706842886,1103303
2025-05-23,1796.2030029296875,1803.4929178585608,1757.357101278335,1762.5498338983166,1067774
2025-05-26,1799.0989990234375,1807.58719934478,1787.6149632945624,1803.4929153346563,633624
2025-05-27,1800.7967529296875,1807.087934287186,1791.509614196087,1799.0990396865345,1219984
2025-05-28,1804.8909912109375,1811.9811106088448,1799.5982999120304,1808.0865002097296,763018
2025-05-29,1822.466552734375,1827.4596117829624,1798.899338405214,1805.09068286512,1189803
2025-05-30,1809.684326171875,1831.35427622224,1802.3945328864966,1822.4666064735125,1364259
2025-06-02,1799.997802734375,1826.4610159229803,1793.107356806982,1809.6842886128802,1238769
2025-06-03,1772.8355712890625,1811.4817990576803,1767.6427168061575,1807.2876782722433,1576208
2025-06-04,1773.4346923828125,1776.6302013327077,1759.8535964944792,1772.535917396638,918721
2025-06-05,1772.3363037109375,1788.5137664055192,1762.5498591321839,1779.5262600416722,912222
2025-06-06,1778.128173828125,1781.0241724724792,1748.8689207822392,1772.3362984402731,1589674
2025-06-09,1788.3140869140625,1796.502655036041,1756.6580192406734,1787.115679595648,1221496
2025-06-10,1783.0213623046875,1794.1059288635151,1769.540103054554,1788.4138903849116,1400311
2025-06-11,1796.80224609375,1798.4000005807684,1771.53731899598,1783.0213546039022,1089930
2025-06-12,1763.5484619140625,1809.7842376203967,1757.5567910355323,1797.4014267579296,984693
2025-06-13,1752.763427734375,1764.047790125296,1717.6123402295552,1717.6123402295552,1774169
2025-06-16,1795.3043212890625,1797.5012184623977,1749.4680158381009,1759.5539705170804,728053
2025-06-17,1797.700927734375,1804.1919044854112,1782.9215461186823,1793.6066437023537,557790
2025-06-18,1794.705078125,1802.4942989250178,1788.8133660259286,1797.5012399252255,349531
2025-06-19,1786.916015625,1802.3944988396502,1778.5276519543086,1792.5082174385086,537885
2025-06-20,1808.3861083984375,1818.4720630610548,1776.6302048301109,1784.619099121428,1669329
2025-06-23,1816.075439453125,1823.6648649383076,1796.1032029653509,1807.4874021435537,627282
2025-06-24,1840.4415283203125,1848.3305858386984,1825.4623514756004,1829.6564722317785,876488
2025-06-25,1840.1419677734375,1852.4249420253775,1822.4665871678244,1840.4416000823562,990856
2025-06-26,1858.2169189453125,1863.8091207436858,1840.1419475261168,1847.4318625549195,1147822
2025-06-27,1848.031005859375,1860.3139799801124,1812.7800818273743,1845.434639512959,6763121
2025-06-30,1835.7481689453125,1852.5247744857027,1823.5650315246169,1843.4374312470509,1362010
2025-07-01,1859.91455078125,1862.7107126917615,1824.7634627966272,1828.4582778418624,667136
2025-07-02,1854.222412109375,1872.3970978454538,1849.5288635769307,1862.410979990278,1072946
2025-07-03,1807.68701171875,1859.2154775527245,1800.4970555981668,1847.4318096819793,916863
2025-07-04,1797.20166015625,1809.5844712178493,1780.6247281725746,1803.4929634402217,685665
2025-07-07,1805.789794921875,1809.2849362764985,1789.7120471699227,1797.2016357869727,376143
2025-07-08,1814.3778076171875,1816.27519442135,1794.805040676182,1798.4998555836132,616714
2025-07-09,1812.380615234375,1818.472122951956,1796.5026629272754,1817.4735111326522,597896
2025-07-10,1807.68701171875,1820.9685972730213,1798.8993011159098,1808.4859499103052,1104366
2025-07-11,1832.65234375,1837.4457291951992,1809.4845985335332,1811.4818221522237,770854
2025-07-14,1848.7301025390625,1853.72316161587,1829.1572134372923,1840.4415757112195,1231109
2025-07-15,1822.266845703125,1849.1294053710442,1819.8701530235994,1847.3319772870402,1313007
2025-07-16,1826.560791015625,1837.3458470507321,1819.0712026303709,1831.3541763425287,652826
2025-07-17,1800.29736328125,1826.4609431211131,1793.8063867201306,1826.4609431211131,886192
2025-07-18,1785.9173583984375,1800.2973926253221,1751.6649250726596,1796.50261904432,1600088
2025-07-21,1802.1947021484375,1804.8910272019864,1778.5276507832536,1792.2085839520128,481174
2025-07-22,1806.48876953125,1812.7800727128454,1788.6135937002168,1788.6135937002168,578221
2025-07-23,1806.988037109375,1815.9755432348154,1789.512330754352,1806.4887312135172,555690
2025-07-24,1791.110107421875,1819.9700129400248,1776.2307671608773,1805.4901417808312,928018
2025-07-25,1829.556640625,1844.4359807131434,1808.3861193847358,1811.4817915612573,1821229
2025-07-28,1847.93115234375,1855.4207409103958,1816.4748803638374,1829.456833879357,1182404
2025-07-29,1830.8548583984375,1849.2293394961468,1820.3694347281028,1845.434565978923,585182
2025-07-30,1836.5469970703125,1847.4318904265106,1821.9672886936046,1822.4665946099362,480951
2025-07-31,1838.1446533203125,1854.8215431744363,1818.8715191211395,1835.448450276656,1570804
2025-08-01,1793.7064208984375,1840.7411330059845,1786.4166280838715,1837.4456653892394,559870
2025-08-04,1828.95751953125,1833.6509462510046,1778.5276234153189,1795.5040240880085,844169
2025-08-05,1854.422119140625,1857.8174236527714,1816.175238305385,1830.7550681574921,1251783
2025-08-06,1851.7259521484375,1873.395779947185,1848.0310152628247,1856.0199098468213,816457
2025-08-07,1858.516357421875,1860.5135809797732,1832.4526143714756,1832.4526143714756,742694
2025-08-08,1831.0545654296875,1868.3028341943418,1828.4581991393165,1848.5302718660273,779798
2025-08-11,1848.430419921875,1850.1280112014404,1823.3652884187181,1833.4512430991692,455452
2025-08-12,1835.448486328125,1861.3125562991004,1831.454039132634,1847.1321956145946,627624
2025-08-13,1837.745361328125,1856.4193534008086,1835.4485054065015,1838.7439731373777,570828
2025-08-14,1838.044921875,1851.1267125529303,1829.6565580682588,1839.5428396297445,468063
2025-08-18,1860.413818359375,1909.3457974788648,1847.4318647154287,1876.3916074596166,1924632
2025-08-19,1851.526123046875,1867.304238324313,1834.0504164614842,1862.4110161002325,621923
2025-08-20,1855.9200439453125,1862.311183892473,1840.8410300346177,1843.437396353536,446416
2025-08-21,1874.6939697265625,1889.87282023575,1867.404054869671,1867.404054869671,1316202
2025-08-22,1856.4193115234375,1867.4040411774224,1846.8326627510396,1857.5177601086655,605948
2025-08-25,1844.236328125,1859.8146478850113,1840.8410236117124,1856.319506571509,613536
2025-08-26,1814.078125,1855.0212077505157,1807.2876380745715,1844.3361105247461,669578
2025-08-28,1814.2779541015625,1838.7439430276193,1803.6925715761367,1813.1793836086892,948055
2025-08-29,1802.99365234375,1824.3639698062568,1798.5997359279581,1824.3639698062568,801378
2025-09-01,1807.2877197265625,1813.3792274454595,1794.1059705683922,1797.5012751349298,530198
2025-09-02,1811.9810791015625,1822.4665028163965,1800.1974113093129,1812.380548194679,388232
2025-09-03,1808.1864013671875,1816.3750915569356,1794.5054679843006,1811.9811751015657,1249945
2025-09-04,1788.613525390625,1887.3762542944578,1770.538676647658,1887.3762542944578,2151243
2025-09-05,1802.7939453125,1824.9630786844673,1797.601090771626,1812.4804310874463,757123
2025-09-08,1778.427734375,1807.487312645652,1767.043535760487,1804.491477320825,1553347
2025-09-09,1803.1932373046875,1808.985234372708,1775.8313721304685,1787.315407568109,895295
2025-09-10,1831.1544189453125,1841.0407001997191,1793.5068026391207,1802.394472088049,881560
2025-09-11,1811.6815185546875,1822.3667381896737,1799.4985030876885,1822.2669013876537,663203
2025-09-12,1827.6593017578125,1831.9533813384087,1801.0962517615314,1811.6815126591946,509725
2025-09-15,1819.67041015625,1830.455466575631,1809.7842506561506,1827.5594679166436,485383
2025-09-16,1816.275146484375,1830.3555481422018,1807.487314097483,1827.8590187028406,496743
2025-09-17,1801.4957275390625,1824.9631053645437,1798.2002597649287,1807.5872352752926,706812
2025-09-18,1819.27099609375,1828.458175742382,1792.807783828773,1802.394432571009,817549
2025-09-19,1839.143310546875,1844.3361650678503,1819.271033169251,1825.4623775933064,1633208
2025-09-22,1855.12109375,1877.0905533695443,1850.2279934463306,1852.4248906479431,1003774
2025-09-23,1816.8743896484375,1863.1100442818704,1812.8799423245543,1862.4110647605341,737343
2025-09-24,1814.5775146484375,1822.8660415189213,1803.4929478210706,1822.366735608672,507030
2025-09-25,1807.2877197265625,1817.1738792191193,1795.004745586131,1807.5872301319043,1003709
2025-09-26,1796.302978515625,1816.4748883838442,1787.5151457982854,1804.891015729792,1561042
2025-09-29,1786.2169189453125,1811.4818468262195,1782.5221039607507,1811.4818468262195,1003806
2025-09-30,1788.1142578125,1793.2071535927128,1775.5317735611352,1780.5248325419034,1668918
2025-10-01,1798.5997314453125,1803.9922596739418,1766.6441530840802,1780.5248818149119,704858
2025-10-03,1782.6219482421875,1800.6967979331966,1763.7481603291255,1798.5997374763804,715403
2025-10-06,1768.441650390625,1781.7231141104317,1756.957614759522,1773.5345461599,1560572
2025-10-07,1781.623291015625,1791.2099399316817,1768.841133094501,1774.5331716037942,859968
2025-10-08,1770.4388427734375,1793.4069136308153,1755.2598706315289,1781.523409111393,1323877
2025-10-09,1807.2877197265625,1810.882697896661,1768.1420632608877,1770.438919206125,848466
2025-10-10,1807.8868408203125,1841.140540872164,1803.8923935899986,1822.4665488307878,1097936
2025-10-13,1812.780029296875,1825.3625134578604,1795.6038333858962,1807.4873380549363,409793
2025-10-14,1813.6787109375,1823.2654817833131,1805.090673797243,1814.8771182436542,655909
2025-10-15,1838.044921875,1855.8202613249784,1810.882728682643,1813.5789318808395,891713
2025-10-16,1833.151611328125,1842.338912922531,1806.9880312306366,1840.0420570487163,969316
2025-10-17,1841.5400390625,1849.8285659566611,1817.5733553020618,1841.4402022603363,1183570
2025-10-20,1837.1461181640625,1854.621825029952,1825.462408619782,1847.4318686797576,590467
2025-10-21,1838.4443359375,1849.4290658100217,1829.9561355814606,1849.4290658100217,41649
2025-10-23,1850.1280517578125,1861.6120875736265,1838.4443423403266,1847.4318486309637,543795
2025-10-24,1837.24609375,1861.4124512777043,1829.2571991093232,1857.418003957366,517403
2025-10-27,1900.4581298828125,1921.229304495013,1877.589894829202,1877.589894829202,2866910
2025-10-28,1934.1114501953125,1942.8991612001028,1892.1697531381726,1900.458158225616,2166517
2025-10-29,1967.6646728515625,1972.2582626527605,1931.3151797318678,1931.3151797318678,2398496
2025-10-30,1965.66748046875,1969.162621749135,1951.3872830485493,1967.6647040575415,842738
2025-10-31,1952.985107421875,1975.9531795148296,1949.0906188050606,1962.272246202413,1167506
2025-11-03,1966.8658447265625,1979.4483294602944,1942.3000179795888,1947.2930771517729,687299
2025-11-04,1968.76318359375,1994.5274170544315,1954.1834755465975,1956.3803727684547,664256
2025-11-06,1968.064208984375,1988.0364452358874,1961.2735998985183,1974.1557166609152,1094086
2025-11-07,1996.1251220703125,2001.2180177953096,1954.9822433743284,1959.3761596099378,1241016
2025-11-10,1986.53857421875,2015.0988483496676,1982.4441681702492,1997.323508907597,1087154
2025-11-11,1994.5274658203125,1999.4205662887077,1979.5482883027141,1992.130773037325,901898
2025-11-12,1993.9281005859375,2006.2110742909167,1981.046106091511,1994.5273651770897,1006737
2025-11-13,1985.140380859375,2002.2166179087505,1972.7575704133349,1977.850466108643,671028
2025-11-14,1998.1224365234375,2001.118272015681,1975.0545276133353,1979.8477912604096,678599
2025-11-17,1993.2291259765625,2010.1056895496208,1990.5329229131878,1998.1223481108839,726715
2025-11-18,1990.532958984375,2010.704868678117,1985.2402676593476,1988.3359398736152,855558
2025-11-19,2002.0169677734375,2005.5121090426644,1982.2444055471847,1988.1362394954806,894171
2025-11-20,2024.2860107421875,2029.1792330761352,1997.2236546024953,2011.1043833821543,805778
2025-11-21,2019.6923828125,2027.6812772809797,2013.8005487618252,2024.086299150335,506477
2025-11-24,2012.003173828125,2083.7035523382533,2002.2167290852203,2024.186189454235,2592739
2025-11-25,2028.1805419921875,2041.1624952397988,1969.6619155792798,1969.6619155792798,748087
2025-11-26,2026.283203125,2042.1611553142156,2021.1903072645343,2028.1805899477615,826123
2025-11-27,2001.7174072265625,2033.173679777142,1998.0225922269963,2027.182008815127,652128
2025-11-28,1963.2708740234375,2008.3082435488898,1958.2778148321265,2008.2084067452354,1011160
2025-12-01,1968.863037109375,1974.255565309816,1948.4913316304073,1964.2694471241314,483716
2025-12-02,1978.749267578125,1987.13763101843,1949.2902196883674,1949.2902196883674,942591
2025-12-03,1970.0614013671875,1988.236087307497,1957.1792848090824,1979.2485811368454,515105
2025-12-04,2000.11962890625,2006.2111365983785,1956.2805458418236,1967.4649494109494,660360
2025-12-05,2020.890625,2043.4593489114436,1997.9225538943579,2000.2194097652632,749526
2025-12-08,2017.894775390625,2033.173584387275,2002.2166192025963,2002.2166192025963,1050200
2025-12-09,2003.4149169921875,2025.384376291637,1987.636923908549,2016.197196617663,887191
2025-12-10,2011.7034912109375,2027.980912474004,1991.8310918121028,1993.2291727262502,598172
2025-12-11,2004.114013671875,2014.7991110002386,1992.7298149542062,2003.315075484341,635250
2025-12-12,2023.087646484375,2027.581399532141,1999.6202694571532,2009.2069182455498,557472
2025-12-15,2032.0751953125,2037.1680911602296,2005.2125132596768,2027.2818098670748,565860
2025-12-16,2033.173583984375,2049.3510460592734,2018.1944072850797,2032.0751354065972,815797
2025-12-17,2007.409423828125,2045.855978745375,1992.7298788927903,2036.5689619967868,896027
2025-12-18,2011.6036376953125,2017.595308505425,1998.821357873397,2015.1986158012091,301399
2025-12-19,2025.584228515625,2032.6743480170164,2009.6064394867515,2011.7034999166199,751874
2025-12-22,2019.49267578125,2028.2803864105958,2010.305374154068,2024.8850819375255,526892
2025-12-23,2021.9892578125,2029.3788877448897,2015.49828099561,2029.3788877448897,290105
2025-12-24,2022.58837890625,2030.7769469658515,2017.3955243677237,2026.3830306335155,353971
2025-12-26,2016.297119140625,2032.0752347959356,2001.317941708694,2022.5884224223792,180039
2025-12-29,2007.010009765625,2023.8864513737067,2003.8143789202588,2023.8864513737067,407998
2025-12-30,1992.7298583984375,2016.9961740388007,1965.467707340788,2007.0100559811788,3166927
2025-12-31,2032.0751953125,2040.6632324931024,1989.7340302140967,2007.4094104799976,751134
2026-01-01,2037.5675048828125,2043.0598696851869,2024.3857562166027,2032.0751400804381,235630
2026-01-02,2064.530029296875,2074.4164328360544,2037.1681622849126,2037.5676314027876,472182
2026-01-05,2072.71875,2091.991762702346,2060.335817396589,2064.5299381970553,788144
2026-01-06,2092.890625,2103.07641643321,2061.134721518588,2061.134721518588,618958
2026-01-07,2067.92529296875,2106.671478234444,2062.133295967919,2087.098590107966,1065734
2026-01-08,2080.008544921875,2092.591151874019,2064.8296934157033,2078.0113212025967,956736
2026-01-09,2067.12646484375,2090.9931897915503,2062.1334057499243,2090.8934748907022,455165
2026-01-12,2095.087646484375,2102.7769089146555,2077.112633311487,2082.1056925261782,1051481
2026-01-13,2079.509033203125,2099.181879932565,2068.8239361227306,2087.0985801060083,425540
2026-01-14,2065.92822265625,2079.109850179465,2060.4358575381007,2067.3261817110915,942775
2026-01-15,2065.92822265625,2065.92822265625,2065.92822265625,2065.92822265625,0
2026-01-16,2078.111083984375,2094.2885458249702,2059.0375017428387,2059.137460440068,753887
2026-01-19,2070.8212890625,2092.6910342721685,2063.3317003883085,2063.3317003883085,552463
2026-01-20,2046.2554931640625,2077.1124996038416,2041.1624755722369,2077.1124996038416,576100
2026-01-21,2052.546630859375,2073.9170700212694,2035.3705563696751,2035.3705563696751,1014083
2026-01-22,2019.193115234375,2064.2306061759664,2006.5107937852836,2053.2458760733066,1829617
2026-01-23,1999.8199462890625,2019.1930393953808,1983.5426472524505,2019.1930393953808,1128576
2026-01-27,2035.3704833984375,2044.957254017306,2002.4162946234205,2002.4162946234205,1396624
2026-01-28,2050.349609375,2076.5131886309987,2034.7712903561287,2044.058428450512,1391036
2026-01-29,1993.52880859375,2062.1333913019016,1960.1751497005116,2054.543844011777,3546891
2026-01-30,1995.7257080078125,2015.5981074639685,1948.7909528032255,1983.5426926512196,2050622
2026-02-02,1998.22216796875,2017.1957917525613,1952.7853320654126,1969.7617322930332,1337964
2026-02-03,1999.3206787109375,2062.0334271847896,1994.8269255697808,2053.5452268070494,1915073
2026-02-04,2038.86572265625,2044.6577200252116,1993.029537222525,1999.3207186051648,1109824
2026-02-05,2014.9989013671875,2042.460725357022,2002.516254099081,2028.1805281219672,925742
2026-02-06,1993.9281005859375,2027.0820849591312,1971.5592941424002,2023.1874746209046,884292
2026-02-09,2021.1903076171875,2033.3733229640236,1993.9281563875024,1993.9281563875024,1266623
2026-02-10,2015.498291015625,2024.7853078285239,1996.225034072392,2021.1903296460837,570843
2026-02-11,2023.4871826171875,2036.2693407915663,2014.4996762239034,2020.1917148459738,662626
2026-02-12,2019.29296875,2023.1875792897129,1995.2264478878806,2019.193131946594,426707
2026-02-13,2031.3760986328125,2041.0627063469735,2002.416356093042,2036.1694840893929,1240712
2026-02-16,2039.5648193359375,2047.4538771474402,2020.990663738545,2031.076618808556,580680
2026-02-17,2036.6688232421875,2042.161188296285,2023.786706280587,2039.5648219236105,377148
2026-02-18,2056.740966796875,2059.5368848036587,2031.5758762229964,2031.5758762229964,353144
2026-02-19,2040.1639404296875,2065.1292358338687,2034.771412242213,2062.133400385367,420142
2026-02-20,2077.112548828125,2080.408016536127,2033.1736295259916,2040.064075342179,922200
2026-02-23,2106.671630859375,2129.040438508761,2069.3234018390253,2086.799109003145,998892
2026-02-24,2080.008544921875,2116.0585305755408,2073.717485247527,2106.6716766156214,841918
2026-02-25,2070.721435546875,2103.076358932855,2066.6270298250442,2086.7989385435476,355352
2026-02-26,2079.90869140625,2100.4799480628603,2060.4357614410133,2077.112529625259,567098
2026-02-27,2034.3719482421875,2090.8934746998175,2028.0807669250557,2073.2180942696314,1374835
2026-03-02,2029.37890625,2050.5494282239447,1993.7285127832645,2025.1847853365691,1009225
2026-03-04,1927.919921875,1994.427443553357,1920.9296392562358,1961.273580464703,966848
2026-03-05,1942.2999267578125,1948.3914342816124,1895.3651727436136,1944.896293025236,1955176
2026-03-06,1941.5999755859375,1962.9000244140625,1924.800048828125,1930.0,858666
2026-03-09,1912.5,1926.0999755859375,1890.0,1900.0,1617012
2026-03-10,1963.699951171875,1974.800048828125,1926.5,1933.300048828125,587710
2026-03-11,1938.5999755859375,1985.0,1927.300048828125,1985.0,829640
2026-03-12,1939.4000244140625,1948.0999755859375,1907.0,1925.0,868643
2026-03-13,1904.4000244140625,1938.9000244140625,1900.4000244140625,1932.5,989732
2026-03-16,1909.199951171875,1918.0,1881.0,1901.0,902404
2026-03-17,1932.0999755859375,1938.699951171875,1901.5,1903.0,1255806
2026-03-18,1962.5,1974.699951171875,1932.0,1932.0,705652
2026-03-19,1903.0999755859375,1956.199951171875,1897.5,1950.0,741211
2026-03-20,1896.9000244140625,1919.9000244140625,1890.0,1906.9000244140625,1782505
2026-03-23,1832.300048828125,1889.800048828125,1811.5,1875.0,1338816
2026-03-24,1836.0,1866.5,1812.199951171875,1842.0,1403010
2026-03-25,1851.800048828125,1867.4000244140625,1839.199951171875,1845.300048828125,1167758
2026-03-27,1837.5999755859375,1851.0999755859375,1828.9000244140625,1835.199951171875,1156884
