Date,Close,High,Low,Open,Volume
,SUNPHARMA.NS,SUNPHARMA.NS,SUNPHARMA.NS,SUNPHARMA.NS,SUNPHARMA.NS
2020-01-01,406.073974609375,408.0842646942593,403.22221154142096,404.81173660058977,2321850
2020-01-02,406.6817626953125,413.8345685698179,403.9234775345867,405.79349363428383,4555670
2020-01-03,415.7045593261719,421.12759427100696,404.90519988829277,406.4012183836823,9457180
2020-01-06,411.3568420410156,415.7981306999084,406.82204686141466,412.2450826522838,4794923
2020-01-07,417.3876037597656,418.88362240375835,409.1127764942835,412.71256333115224,4504083
2020-01-08,411.4971008300781,417.48114740406083,410.46858613747526,414.16187981821764,3881918
2020-01-09,411.2633361816406,415.93837688272964,410.46857355561866,413.92811508809814,3934566
2020-01-10,414.7696228027344,419.81866112727226,411.40358774164764,411.49709426388034,4334013
2020-01-13,415.7045593261719,424.1663702477565,413.7877758203299,417.94857280216644,4823348
2020-01-14,417.0135803222656,420.28610841896506,415.5175617712241,417.94858834989407,2708589
2020-01-15,419.8653564453125,421.40814256620473,414.8163186459946,418.5096118836133,3054107
2020-01-16,419.8653564453125,426.6909323796964,418.3225988586017,422.8573936404097,4416809
2020-01-17,425.0546875,426.597445156469,417.01361214199494,419.07064137340876,3216737
2020-01-20,420.2393493652344,426.5506532503674,417.15380590088404,424.68063728440205,2824739
2020-01-21,418.3226013183594,422.3898920957357,417.01359573812533,418.88361186251154,2573651
2020-01-22,417.2940673828125,424.3533950453629,416.40582688544777,419.257589929157,3412716
2020-01-23,420.6133728027344,422.8106474051477,416.0785780986433,418.1356072017921,1875787
2020-01-24,418.6965637207031,423.41837115927365,417.7615557369283,420.7535926986795,2153164
2020-01-27,419.2576599121094,422.389943004815,413.46062634832634,417.9486541741058,3530914
2020-01-28,423.4651184082031,432.4412009344349,418.9303238915682,419.1173369056442,9487290
2020-01-29,420.8471374511719,427.0649354015224,420.2393879133208,425.28842577773395,3103817
2020-01-30,413.3670654296875,424.25990352690286,411.68403381584886,422.1561354102405,3486193
2020-01-31,406.073974609375,416.4525694132773,404.53121707205264,413.83455835201386,3757229
2020-02-03,390.4126281738281,401.02497601769784,387.0933607693105,396.2564289100798,4032780
2020-02-04,397.9861755371094,399.1549356135923,386.0180837675975,389.85162252529756,4848610
2020-02-05,398.5472106933594,403.36249679900556,394.4799196691829,401.58598707987767,3826307
2020-02-06,402.66119384765625,409.53350842881133,396.4433962872512,400.37044134339124,7745520
2020-02-07,402.8014831542969,413.03983339229524,395.69544433188344,403.9235043021427,7402556
2020-02-10,392.98388671875,404.62474879087796,391.11387054871705,400.6977034201359,3638523
2020-02-11,391.3476257324219,397.09794832908693,389.71136157042054,394.573415065469,4683072
2020-02-12,387.65435791015625,393.91889496177,387.0933473520849,391.5813747482912,4439987
2020-02-13,391.7216796875,392.7969333636799,385.22336156776794,387.65438848838204,3924569
2020-02-14,391.3476257324219,397.1446873200425,389.4308705563219,392.7033988803246,2862205
2020-02-17,384.6141052246094,394.1258703282381,383.5781652893299,391.9598376146225,2625157
2020-02-18,384.8494873046875,386.92136686564623,375.8086027280546,383.2955920040584,4187206
2020-02-19,380.0464782714844,390.07622525327895,377.2683090583628,386.4975271490149,5910512
2020-02-20,381.3650207519531,387.5335258891094,380.0465361893469,380.32908091284025,4000525
2020-02-24,374.67852783203125,390.5000550339885,372.7479061634606,382.82473099696864,12668574
2020-02-25,366.24969482421875,378.963428323127,362.85936014314166,378.963428323127,10050971
2020-02-26,352.8767395019531,364.4132751786867,350.8048603741437,362.67101710396156,12146582
2020-02-27,365.8730163574219,367.9448956423889,347.9325363178194,353.1592821982837,15164166
2020-02-28,351.1816711425781,363.1420132809437,349.48651766572806,357.5385397910406,8439591
2020-03-02,347.97967529296875,361.3055488558811,342.1878677715821,355.9846204620898,6915567
2020-03-03,370.62890625,373.3129227097019,351.511227413851,352.2175460221842,14474553
2020-03-04,381.83587646484375,388.85195786179486,364.79004717275853,374.8197663277129,26369149
2020-03-05,381.3179016113281,390.64130234108336,378.3513689346124,386.07379791733996,9874059
2020-03-06,377.55084228515625,379.7169033069543,367.3327604554041,367.3327604554041,6500912
2020-03-09,370.4406433105469,380.3761821545892,363.09491112303385,372.98337354684566,13151861
2020-03-11,363.4715881347656,372.22992788299973,357.91519177257857,371.4294276663983,9127352
2020-03-12,334.13580322265625,350.99329826515316,326.22503996382267,344.21262762033587,11662910
2020-03-13,361.823486328125,379.4814513283879,306.0713933378906,321.13952347144823,15802632
2020-03-16,347.0849914550781,373.3129644590892,341.6698815189253,354.101101911905,14480298
2020-03-17,348.591796875,372.5595548974971,342.9883527504545,354.1010881703675,12903597
2020-03-18,341.6227722167969,363.8953469316895,334.4183280476485,361.0700724543625,12342300
2020-03-19,339.40966796875,352.6413886416068,327.40225026650523,331.2163884277974,8728092
2020-03-20,343.9771728515625,357.39722682318404,341.1048219186202,343.9300964389616,10630619
2020-03-23,305.60052490234375,334.04163301490445,296.70089873654314,324.90656730757655,8018903
2020-03-24,315.6302490234375,327.73184741301714,310.78020013303353,310.78020013303353,6408582
2020-03-25,327.4022521972656,330.3687849578665,310.35642200277476,312.6637412277872,6174391
2020-03-26,318.5968017578125,346.5670330399929,316.52495086961665,343.7417583141234,11670467
2020-03-27,318.5496826171875,331.96973576513994,313.60545251004714,326.79006612908813,7745135
2020-03-30,313.32293701171875,323.96479223739976,293.82853249438585,302.9164925751031,11648241
2020-03-31,331.7813720703125,334.3241304742153,309.13210092439766,320.29194032347374,9954142
2020-04-01,323.5409851074219,334.55956641941697,318.69093662024255,332.44061068558534,6702159
2020-04-03,354.0540466308594,367.0973761765954,320.19782403465183,323.91778083936276,28550430
2020-04-07,393.04278564453125,398.2224556803063,365.6846930296482,374.8197589524504,29675052
2020-04-08,411.2658386230469,422.61401402159333,389.08741462638454,394.5967061282398,27810872
2020-04-09,427.9820556640625,446.299236701541,417.5756095761726,427.93495050663336,31862948
2020-04-13,435.4219055175781,450.06623389696097,417.2930603341377,435.98696618042254,30510226
2020-04-15,423.0378112792969,460.0488984730749,418.2348385257077,447.2409807102306,32508955
2020-04-16,436.6932373046875,440.3660881032419,423.03774501608507,423.79113999110996,16932965
2020-04-17,430.4776916503906,449.17159821916994,422.33148872843026,449.17159821916994,19774082
2020-04-20,445.82830810546875,447.3351269125784,424.30912835753327,430.71310110270457,17893064
2020-04-21,445.5928649902344,462.1207378434644,437.2112231644127,440.60155826816583,30021752
2020-04-22,446.7230224609375,454.304164721667,441.68461017887796,447.28808314736875,13336137
2020-04-23,449.6424255371094,459.4367042293856,446.7229696193657,449.171546477479,13748820
2020-04-24,457.2706604003906,468.0538027649913,445.9695625469099,449.17156326420525,23394027
2020-04-27,461.36737060546875,475.3995630767981,458.63627737121243,462.40331045023675,19310626
2020-04-28,446.3463134765625,466.54700976232397,442.90887303061817,466.1703122277516,12847910
2020-04-29,449.830810546875,456.70566283537306,445.59289853320996,448.27691522323386,10166496
2020-04-30,437.39959716796875,456.75271622536366,431.7019429482667,455.8109580475794,18471206
2020-05-04,438.34130859375,446.8642076976024,431.3251994215003,437.3995505164105,16097066
2020-05-05,429.7242431640625,444.9807370741032,427.5582108606198,442.43797850903684,7850482
2020-05-06,427.93487548828125,436.03400090760243,421.9076293879177,432.83202911117587,10829910
2020-05-07,425.86309814453125,438.5768346986095,423.97958161800113,435.09231762845627,11216033
2020-05-08,441.6846008300781,443.94481478778243,427.60530408366577,433.2087769335521,13693803
2020-05-11,436.83453369140625,447.85308705619735,434.4330331094623,446.1108574306939,10294818
2020-05-12,436.881591796875,441.4962008968026,428.78246611159824,437.9175314903715,9507971
2020-05-13,426.0043029785156,442.1083730188939,423.9795287131865,441.6845703572348,10010310
2020-05-14,429.3946228027344,435.9869295888878,422.6610293075934,426.6164248753562,11764703
2020-05-15,422.4727478027344,432.17284607742323,419.6003679566047,429.3946765425271,7863358
2020-05-18,415.0328674316406,428.1233012059653,408.95851529389734,420.9659328413866,9067298
2020-05-19,415.9746398925781,429.44177167490716,413.0551835037694,417.95230926998835,10126393
2020-05-20,429.206298828125,431.74905745932773,411.7837721614869,414.27942563867214,7967084
2020-05-21,439.2830810546875,441.6845527344652,426.6164230036519,428.9708182740915,8987658
2020-05-22,442.061279296875,444.41567472212483,431.372318318205,439.80106543667085,10194204
2020-05-26,432.4082946777344,447.8060478110724,430.3835201885596,443.5681356866774,9801056
2020-05-27,424.63873291015625,437.8233466631274,417.57554697106457,437.8233466631274,13253937
2020-05-28,432.3612365722656,434.7627087150553,418.7999229479019,427.46408196949267,12632972
2020-05-29,446.6288146972656,453.5507430347055,431.32524434654226,433.2087606974005,12662824
2020-06-01,438.29425048828125,455.5284423974607,431.6077616734688,455.34007926570536,18563612
2020-06-02,445.5457763671875,452.98565983473287,440.8840621347716,442.62632042063296,10978049
2020-06-03,448.4180908203125,453.55068370102487,445.45155870382933,447.2879984017439,7767457
2020-06-04,466.0290832519531,468.99561603910394,444.6040827200463,445.4516594106349,19100026
2020-06-05,465.4640197753906,481.2384706226092,463.5334268394155,471.82088802725485,22798341
2020-06-08,460.51983642578125,469.7019804035959,456.7998794207467,469.7019804035959,9176155
2020-06-09,471.58538818359375,482.83940944260826,463.34500446595735,463.34500446595735,25883378
2020-06-10,470.07861328125,477.47142111158576,464.8047614617645,473.2335090898853,10636465
2020-06-11,446.0637512207031,465.040172587457,441.778763045693,461.46150303954823,18547382
2020-06-12,452.1380920410156,453.8332452092381,428.4999568075524,428.4999568075524,11498488
2020-06-15,457.5061340332031,460.89646938993695,445.16912428258587,452.9857060510115,10727187
2020-06-16,455.2458801269531,464.7576431098612,448.7477546947292,460.89642897935266,11247556
2020-06-17,457.3648986816406,461.2261133417776,451.19639350106473,455.95226127477457,8222223
2020-06-18,456.0464172363281,460.0488896643186,454.86921946338975,457.3648729939831,4077225
2020-06-19,459.6721496582031,463.2979242119221,456.9410568253341,458.4478468433464,8114839
2020-06-22,464.4751892089844,472.0092553519351,457.69451818425614,463.5334309411155,9203804
2020-06-23,471.3028869628906,473.7043587967031,460.9906235208473,464.47514024067175,10732649
2020-06-24,456.18768310546875,474.081089563389,452.98571085577174,472.7626337829468,8567595
2020-06-25,459.2483825683594,463.8159156071459,449.21866344082963,452.32645401887675,6954147
2020-06-26,451.9967956542969,462.4032107963107,444.6981706366362,461.6968922462145,7489306
2020-06-29,453.9274597167969,458.9658719160463,447.33515221053636,447.8060313181264,5727377
2020-06-30,445.4046325683594,455.7639746379125,442.43807071083967,455.245990290324,8339357
2020-07-01,440.88409423828125,448.0885386982884,439.0005778440217,445.92250634096155,5983810
2020-07-02,445.45159912109375,447.2880389856344,440.6957320218973,440.7428084327101,3731827
2020-07-03,449.0774230957031,451.43181869886797,444.50988987752714,449.2186810838569,4666364
2020-07-06,452.2323303222656,453.22116500438443,443.94484034664805,450.16045064331587,5995257
2020-07-07,451.33758544921875,457.69445284991195,448.4181294875316,452.0439040492958,6793452
2020-07-08,454.3983154296875,459.5779853465026,451.99684360069006,454.4453918419508,6279449
2020-07-09,453.8804016113281,458.82463244047034,452.37358265821996,456.32895007742513,3184268
2020-07-10,465.1343688964844,469.8431598930881,454.9162866858183,456.42310555276737,14898919
2020-07-13,470.5965881347656,472.48010455117026,463.6275544019248,466.1703130601429,7504299
2020-07-14,463.43927001953125,474.5520065795517,461.5557533998544,470.8791549192183,6996801
2020-07-15,466.26446533203125,470.3140138767825,463.53337244788423,465.4168887459412,4710170
2020-07-16,470.5965881347656,476.48257693603006,462.0265826920887,467.11207126834523,11263548
2020-07-17,474.2694091796875,479.8728529173487,468.38342075346065,470.50237658690236,9592466
2020-07-20,455.62261962890625,472.6684493194022,453.550768769511,472.6684493194022,16111398
2020-07-21,449.4540710449219,459.7663341448523,447.3351152359097,459.57797102131354,8470749
2020-07-22,446.6759033203125,459.5780021724553,444.13317342125293,451.7143154446243,9848007
2020-07-23,448.2768859863281,453.7861769928092,446.44044607077495,450.11332590188124,5416291
2020-07-24,457.31781005859375,468.80724341701574,453.2211559399832,461.46154059343746,19812185
2020-07-27,447.8060302734375,459.2013103985683,441.6846018890477,456.61147531286497,6112617
2020-07-28,454.49249267578125,455.5755088091524,445.6870481528297,447.806004007756,5917155
2020-07-29,464.2868347167969,467.39462556264175,455.9522681427084,457.41201072923354,8531803
2020-07-30,480.2495422363281,483.3102559825892,458.9186988279373,464.4750944671364,17534819
2020-07-31,500.73284912109375,509.49118893198585,477.9422890628148,484.2991569469015,41253676
2020-08-03,489.14923095703125,508.7377899763035,486.700625154398,502.99303048118446,25348229
2020-08-04,498.1429748535156,501.3920519013082,487.124393225519,491.59774434745464,11950138
2020-08-05,498.0487060546875,506.66581493276493,496.353553114179,506.571662122872,10928555
2020-08-06,501.25079345703125,509.91498024630096,495.5060915265105,502.8047174528458,10919796
2020-08-07,495.3177185058594,504.2644210756721,492.1627941640798,501.29785986301255,7275403
2020-08-10,512.1752319335938,518.7204636590203,495.36486915682485,495.36486915682485,16271180
2020-08-11,509.5382995605469,517.5903212583272,503.9348263681673,516.0835310212134,7774058
2020-08-12,501.1566467285156,509.2557442176891,498.89640406716745,509.2557442176891,7405695
2020-08-13,490.4676513671875,504.7353108654336,488.8195745430502,501.15664125766415,8729438
2020-08-14,500.4031982421875,504.7823968788962,491.5977820350444,493.01041933974284,11787355
2020-08-17,497.577880859375,506.19499066942404,496.3065303865795,504.8765063062365,6657699
2020-08-18,495.36480712890625,502.80471980986766,493.6225774724022,500.73284029918847,5555588
2020-08-19,495.74224853515625,502.8188886022368,494.75147285388954,500.08256474036125,5414452
2020-08-20,492.8172302246094,499.98826044622535,491.63779014768386,494.8930562779679,4886692
2020-08-21,502.3000183105469,508.29160966459426,494.70443420000504,496.8274267669809,9833484
2020-08-24,503.3377990722656,508.2442807285454,498.2425955080826,508.2442807285454,5675533
2020-08-25,495.4591369628906,504.9418807266119,493.9023107017181,503.47932904057114,4414315
2020-08-26,495.50640869140625,500.08261334361066,492.7700845635861,496.3555710280798,5205745
2020-08-27,502.2056579589844,506.68753090460234,494.79879623216857,499.0919472199999,8564601
2020-08-28,524.3790893554688,532.8710584138569,504.56449488589635,507.72537144391157,29017731
2020-08-31,490.88287353515625,529.3326132690488,485.0328402662653,529.0023931416252,20056792
2020-09-01,492.0152282714844,497.865262502795,477.626059500766,491.7793402588497,13860865
2020-09-02,485.45751953125,495.93092403038827,480.4567052892276,493.9494878029337,9636136
2020-09-03,493.9023132324219,497.11035552602516,483.6175732441724,489.27888532801364,10052098
2020-09-04,483.5232238769531,500.4599934432069,479.56029404128,488.75992585023715,12380025
2020-09-07,484.2781066894531,488.948701019138,475.7861379408801,486.87287491818375,6320017
2020-09-08,473.5687255859375,488.4296978331048,470.50218169896596,483.09860619366384,8519561
2020-09-09,480.551025390625,483.8534574133622,465.73727616558546,468.94534722868866,10532163
2020-09-10,479.27728271484375,487.53336327980617,475.2199915602508,483.7591550215376,8572739
2020-09-11,477.0127258300781,483.42886823153657,474.2292645684568,478.38088781616074,5189670
2020-09-14,467.8130798339844,480.26797801158585,466.1146977165489,477.01271202575833,8041379
2020-09-15,477.8147888183594,483.47613034524403,468.00185250861546,469.8889567526018,11686574
2020-09-16,489.23175048828125,490.6470785996263,474.9841084084226,481.3530849094755,10080107
2020-09-17,483.0986328125,492.43982081883587,481.68330478668213,487.6276709771482,9959257
2020-09-18,493.8079528808594,504.80035753413057,485.9293161309855,488.2410302208404,25685130
2020-09-21,475.219970703125,498.4313562317271,470.8324595544379,494.23253821071745,9977984
2020-09-22,480.1264343261719,485.9292732870229,465.7372665249542,480.7397373587149,9862141
2020-09-23,474.5123596191406,491.5906589023733,470.12484798101246,491.11888283816756,10846053
2020-09-24,458.3775329589844,472.9554223323848,455.7355989756446,469.4171024645615,8768744
2020-09-25,462.01025390625,468.0018151617612,456.53766355337615,468.0018151617612,9665092
2020-09-28,481.305908203125,483.0986513456182,460.925178090497,467.0582664376582,12221177
2020-09-29,477.5788879394531,488.6184301928187,476.02203273903393,488.6184301928187,8592449
2020-09-30,472.2005920410156,487.06153547839796,470.17193228188074,479.32439785334805,12981899
2020-10-01,478.2864990234375,481.683291953889,473.00260210883755,476.5881169556726,6733075
2020-10-05,493.57208251953125,495.45918672735183,475.3615384320327,478.38091668251565,8831627
2020-10-06,491.6378479003906,497.81810311150576,489.7035774649834,496.3084426716402,8537178
2020-10-07,482.8627624511719,493.3833908634283,480.4567162373377,486.9671908400745,8346531
2020-10-08,494.51556396484375,496.30833574205406,482.8627201825022,485.55182025847586,9392711
2020-10-09,483.9478759765625,499.4220952503518,482.2022701067246,495.36483289886394,11468529
2020-10-12,484.89141845703125,488.1466269370178,480.5510445006384,485.8349705010497,7092628
2020-10-13,474.7481994628906,490.5998908881649,473.2857053302707,484.9857447759989,8851580
2020-10-14,473.8518371582031,478.8526513588586,465.4542011230654,474.74819430251245,7640368
2020-10-15,462.6235656738281,476.21073843761116,461.39695950803394,476.21073843761116,6605127
2020-10-16,459.41546630859375,466.8223553202594,457.85861125650507,463.28403529509325,9085611
2020-10-19,456.3489685058594,463.18972124734626,453.7542002246057,462.29336402714085,5158764
2020-10-20,458.8965759277344,460.9723732994298,453.2824293372772,457.57560872848717,5550859
2020-10-21,462.5291748046875,464.4162786940662,454.32026136792206,461.3969009530922,7269981
2020-10-22,458.14166259765625,463.661447562853,454.50901042950534,463.47275443959376,6428694
2020-10-23,457.1509094238281,466.5864287101817,455.6412205790276,460.4533411740519,6578265
2020-10-26,447.7154235839844,459.88723861369,444.5073525459497,459.88723861369,6499259
2020-10-27,443.8940124511719,449.83837803147003,440.8746347880532,447.8097471616806,7693069
2020-10-28,437.2420654296875,448.8949403711936,435.3549611086315,446.3001719297416,7723679
2020-10-29,430.5899963378906,437.8081639719783,426.72142706104995,436.8646118944525,8297097
2020-10-30,439.4593505859375,442.5258946318941,430.118191404931,432.7601255265555,8680701
2020-11-02,442.9033508300781,444.4130399519573,433.13758081737177,441.4880226773649,7737909
2020-11-03,458.18890380859375,462.90666429098263,439.4593889345249,445.403755624365,16853462
2020-11-04,476.1635437011719,488.99585754032734,467.1997990863468,471.68167139375936,48182254
2020-11-05,483.5704345703125,484.98576267149394,474.13491389576984,479.32445026676834,14095319
2020-11-06,480.4095153808594,486.63696460350496,478.1449962439673,485.9293005735435,9251548
2020-11-09,481.3530578613281,488.7599469868116,475.9748286173843,483.57041087015625,9718357
2020-11-10,463.189697265625,485.2216434720015,461.39695412310886,482.15509929838163,12767338
2020-11-11,477.4844970703125,479.6546840335682,464.22760246109004,467.05825857365767,11754997
2020-11-12,480.5038757324219,488.47690197781174,473.85184537721767,475.5030614450267,10911897
2020-11-13,479.74908447265625,486.68416948316485,476.0692081875798,483.05151687572715,9501329
2020-11-14,484.9857177734375,486.40104574359344,481.40023176701095,482.1550618331256,1766237
2020-11-17,489.1373596191406,493.85511942414837,485.03287403487906,487.8163638378019,12411197
2020-11-18,484.0422058105469,489.0901862854977,480.26799757810596,484.98575786865706,6483702
2020-11-19,478.7111511230469,487.01442666195805,476.4937979872895,483.09866251384597,6843207
2020-11-20,474.84259033203125,483.57044718363835,468.00183766455535,481.2115669534743,7594535
2020-11-23,483.90057373046875,487.2502290809212,472.71950663930664,475.55016236768574,8931512
2020-11-24,490.78857421875,493.2417862747588,479.5131167974181,484.5139306591844,9096230
2020-11-25,477.6260681152344,496.30838753488996,475.69176909978853,491.7793491285868,10673809
2020-11-26,482.8155822753906,484.04218838881627,473.946170212445,477.4373242197681,7494355
2020-11-27,482.7684020996094,491.4018976245221,480.4567168469953,484.98575518287373,12954065
2020-12-01,508.9048156738281,512.1129159353425,483.7120200037034,488.7600008374157,25388623
2020-12-02,513.9057006835938,516.1230251964857,505.7439515636497,510.3673801269451,14234038
2020-12-03,517.3024291992188,520.3218073810052,510.46167660150905,518.9536453434935,9345458
2020-12-04,536.92822265625,540.560932197538,514.4245318093023,518.9535696262542,16177536
2020-12-07,549.4303588867188,558.1110494493786,535.0411898180746,538.1549001313526,21232768
2020-12-08,536.5980834960938,549.1473147375912,533.8617594073379,549.1473147375912,10673103
2020-12-09,537.4000854492188,550.9872586850138,534.7109850081039,538.7682475081463,11144200
2020-12-10,533.2955932617188,542.3065031974884,528.4834435859215,537.8246312702364,6755693
2020-12-11,536.0318603515625,540.6081220387712,530.2762162713868,535.8431960261872,6968494
2020-12-14,543.721923828125,545.9864720131984,536.2678388429567,536.2678388429567,8582193
2020-12-15,539.3815307617188,547.2601670269447,536.8810948936751,542.5424069663676,5896090
2020-12-16,544.0520629882812,545.8448348335252,538.7681947967898,538.7681947967898,5135499
2020-12-17,539.0984497070312,553.2045646073539,537.5416233525197,546.7884220785006,9025916
2020-12-18,542.5423583984375,544.3351300969072,535.9374949048913,541.5988064707881,4940687
2020-12-21,521.3597412109375,552.8272407065008,509.235118834579,541.4102248694106,12715463
2020-12-22,536.2206420898438,538.8625764281151,509.89557329049273,521.7843066076384,8012096
2020-12-23,542.1649169921875,544.0048547772192,534.1447255716531,537.8246011417165,4958783
2020-12-24,557.120361328125,561.4135119604405,539.8533690328582,542.1650256572849,7486583
2020-12-28,553.81787109375,565.6122713743484,551.5533232039371,565.1876614462778,12299793
2020-12-29,557.2617797851562,562.356983544483,550.2323635627246,556.5069497144746,7430043
2020-12-30,551.0343627929688,561.4134346948911,548.6754828152591,561.4134346948911,5589703
2020-12-31,558.9130249023438,561.3191286634965,549.194450459708,551.647720304642,8835267
2021-01-01,562.5929565429688,565.8953889922776,552.779991371939,559.0546360615664,8229768
2021-01-04,570.2828979492188,575.0478244165437,561.6022073293262,566.1312457775772,11329298
2021-01-05,569.3865966796875,574.3402458173111,566.1313300141348,574.1043577631386,7790158
2021-01-06,571.132080078125,576.4631725300868,562.4986128344071,569.9998060293184,6422080
2021-01-07,567.9240112304688,573.6796557937764,564.2441351392735,571.8397177481788,4555702
2021-01-08,585.757080078125,587.644184110329,569.9054177255812,572.736073773887,11451416
2021-01-11,585.9458618164062,592.5507266033867,579.3881631170769,588.493464037926,7516087
2021-01-12,575.236572265625,588.6821899586013,572.7833022028204,585.9458657781254,6747035
2021-01-13,568.3013305664062,579.8126759270266,563.5364047150799,576.5102440869214,6186661
2021-01-14,572.7831420898438,577.1235151769724,562.7343493874673,568.3012707783585,6730284
2021-01-15,570.1884155273438,581.9828145643559,564.338382087018,574.623121083228,8389544
2021-01-18,548.6282958984375,573.0662569855238,545.7976400326856,569.9997131309593,7414570
2021-01-19,562.8759155273438,568.9618372446957,550.4210180199393,553.770673581396,5500391
2021-01-20,561.1304321289062,569.5280110665683,559.4792159929232,567.2635206339862,5182972
2021-01-21,549.9965209960938,564.9517981705998,547.8735288526552,564.2441341227869,4546393
2021-01-22,542.7310791015625,553.8178142269228,538.3907056900711,549.9964404463622,5591688
2021-01-25,553.2989501953125,560.469922804686,534.9940172226549,544.5238699785128,8149590
2021-01-27,537.6359252929688,552.8271472506243,531.9274471343737,552.8271472506243,8534047
2021-01-28,532.4935913085938,542.0706679205001,519.3310859139956,523.5770702580204,9863454
2021-01-29,553.1103515625,566.1313613557093,522.8222891760535,535.9376887500715,22539938
2021-02-01,556.8372192382812,565.5650749781299,546.8826998631207,562.3569752378163,12621971
2021-02-02,575.0478515625,582.077326380711,558.1110794754933,563.2534500520289,15788247
2021-02-03,593.6830444335938,611.799257846002,576.0386071121865,577.9257114761903,23788455
2021-02-04,595.8531494140625,604.8168943379478,590.8995009034943,596.7967015113136,7926593
2021-02-05,598.919677734375,607.8834224188596,587.9744967345226,597.7402376443113,10981738
2021-02-08,598.8253784179688,608.4495640090463,596.8438844040371,604.7225791918405,6479801
2021-02-09,593.5427856445312,608.4384871355386,591.0681275106288,601.4427764965226,5794015
2021-02-10,596.8740844726562,601.1096084167964,584.5006776791151,593.0193039748656,6902162
2021-02-11,612.6264038085938,617.4805630321077,592.0199001248108,592.0199001248108,11433578
2021-02-12,596.9218139648438,622.8583822456776,592.3531242700914,622.8583822456776,15471776
2021-02-15,597.2548828125,606.5825171724258,593.2573086315892,601.5379855577689,7310676
2021-02-16,600.7288818359375,603.9173901304372,592.9716848719659,600.5860885300328,6137454
2021-02-17,591.3060913085938,601.9186906716113,589.925968893319,598.397017020209,4700733
2021-02-18,586.356689453125,597.016866727175,584.5006668498224,592.0199140762103,5633766
2021-02-19,578.0285034179688,592.305512681182,572.2225428882484,586.2140235848574,7301975
2021-02-22,566.60693359375,581.4074225597575,561.9431451143703,578.6948138571236,5330343
2021-02-23,574.93505859375,579.0277889698166,563.4658746225405,566.3212760142087,7564187
2021-02-24,572.4605102539062,579.97970050262,567.130391779408,577.8381490487513,3296243
2021-02-25,580.1699829101562,589.0693524373553,573.6501727252397,577.1718461924038,6261754
2021-02-26,565.9406127929688,591.4012788101403,561.5623532759333,575.7917838462458,15404415
2021-03-01,575.3158569335938,581.3597672188992,568.2725095911709,571.0803328463244,5274758
2021-03-02,584.5958251953125,586.6421612269825,575.363349571944,579.6464514297996,4776776
2021-03-03,594.2566528320312,595.2560898886695,582.7398893624717,586.7850417181933,6626297
2021-03-04,589.116943359375,606.0589809934585,586.3091202072562,592.019923326158,11530735
2021-03-05,581.740478515625,589.5928326581314,577.6477479751588,589.5928326581314,6127488
2021-03-08,585.1669921875,591.9248112448836,581.835690116385,582.0260618533939,4554461
2021-03-09,583.072998046875,590.9729891455057,578.2188384429439,588.212744292575,4035628
2021-03-10,595.8270263671875,597.6354702915579,585.6903292787389,588.212623474316,5825924
2021-03-12,584.024658203125,598.8251997827028,582.025900751023,597.7306061678535,4264170
2021-03-15,576.315185546875,584.4054895553778,567.7489813025779,584.4054895553778,4030762
2021-03-16,573.2694091796875,580.5507059835109,570.3664293764048,576.7910825233229,4189930
2021-03-17,556.5653076171875,574.8874660979585,553.9478564056487,574.8874660979585,7667561
2021-03-18,546.8569946289062,563.0376039861574,544.4299148439776,559.0876665578644,5537584
2021-03-19,550.4261474609375,554.5665139648355,535.0069697051728,543.4780163141077,6186643
2021-03-22,562.51416015625,564.9888185033742,550.7118093623526,550.7118093623526,7033955
2021-03-23,559.515869140625,566.0357370539921,554.8996602132165,562.70443549182,5341729
2021-03-24,557.0889282226562,568.2250078340445,555.0901700253855,556.8033996363752,7299582
2021-03-25,547.9992065429688,559.6111857166859,543.954053911084,556.232305136948,4710869
2021-03-26,558.8972778320312,561.8478362113035,546.9045564054003,552.8533096646537,5761818
2021-03-30,568.8912963867188,570.12862569193,558.9449673415457,566.2738444323735,4637718
2021-03-31,568.9863891601562,576.7911657276053,566.9876311301027,569.36713263888,5269919
2021-04-01,581.3121948242188,583.1682175438312,568.558044021375,571.0803387548608,6033653
2021-04-05,579.4561157226562,582.4543104467089,564.1797297660382,582.2163603287139,5353987
2021-04-06,590.544677734375,591.9248001852816,574.4116463870326,579.4085994003416,7444994
2021-04-07,591.11572265625,598.1114915866506,586.4519347959451,591.068144247192,4757224
2021-04-08,584.6434936523438,595.827150226076,583.7392715021913,590.639825558324,3222479
2021-04-09,606.05908203125,611.0560355933451,580.1225135422801,583.4538159170103,16755446
2021-04-12,589.4974975585938,614.7202057221386,585.5475611361201,608.2003968492514,15229597
2021-04-13,597.112060546875,604.9168367897956,586.404304202614,593.9235518950135,7399207
2021-04-15,602.7277221679688,610.5800770165841,596.3030682009197,603.0608291363485,8588761
2021-04-16,614.9107055664062,618.6703291854997,596.1602239708949,602.7276707026426,9804095
2021-04-19,609.7710571289062,620.0029132349464,604.3933606823666,612.9595657944002,11340358
2021-04-20,614.0541381835938,627.7124526188778,608.3433349755372,612.7691726058044,13831258
2021-04-22,609.1046752929688,626.2846608292789,607.3438097036626,619.3365295542374,11295290
2021-04-23,607.201171875,614.6727829476,599.7771392111927,605.8210494602414,7668180
2021-04-26,604.1078491210938,612.9595830338232,600.586175301774,612.9595830338232,6527947
2021-04-27,608.4384765625,611.4842498158868,601.5379228588189,602.2041948350743,5112384
2021-04-28,612.3885498046875,616.1005374131349,607.5343317259943,610.0566266378614,6069155
2021-04-29,613.4354248046875,620.5739285844162,610.1992798538935,617.6709486659851,5676290
2021-04-30,622.9058837890625,634.4702256568538,609.247510991844,611.0559552806158,10874266
2021-05-03,627.4269409179688,631.9479935790303,618.7655209639577,622.4299879767955,6567597
2021-05-04,614.0541381835938,632.8521987434464,611.0559432620463,630.091953955568,5604638
2021-05-05,650.4605102539062,654.743612670609,611.2938949171845,611.2938949171845,25296369
2021-05-06,646.6533813476562,663.1195208848818,640.8949409716796,656.5996516116863,11153908
2021-05-07,646.7008666992188,657.6941509465996,644.940000903661,648.1761458677777,6466334
2021-05-10,664.5471801757812,669.5917116584577,650.6508567765001,654.838802588513,10924222
2021-05-11,673.9698486328125,687.0571043003937,662.6434585837507,664.832587913125,14760511
2021-05-12,668.9730224609375,680.4898444734202,666.2604140126338,680.4898444734202,7250661
2021-05-14,658.1224365234375,676.7301238083712,653.8869128781308,669.1157201649578,6851035
2021-05-17,654.0297241210938,664.83263634915,647.2719058462516,654.8387312930784,6318234
2021-05-18,657.5037841796875,662.3103651620446,651.7454026822778,657.6941559013567,4080423
2021-05-19,669.4965209960938,672.685029557883,657.5037993733264,660.8351012529905,7745431
2021-05-20,653.744140625,667.8308342935798,651.9833329630732,666.2603402542354,6226376
2021-05-21,657.1231079101562,661.0254668384798,654.8387634051463,658.4080153859156,3434231
2021-05-24,657.6465454101562,664.7374705200173,656.361579921548,657.6941238149291,3722957
2021-05-25,662.5482177734375,663.7856047355152,657.6940590984473,661.5012605982936,2800233
2021-05-26,669.877197265625,672.113963353312,662.6435365195373,665.784466630515,6235460
2021-05-27,665.7844848632812,675.5404405028075,661.0254821122928,673.1609391273133,9875654
2021-05-28,637.4683227539062,661.025382833278,634.1845997302456,660.5494826296542,28316552
2021-05-31,636.0883178710938,643.1316654211827,627.2365840696505,639.6099916461382,13947126
2021-06-01,638.7057495117188,640.847300756102,632.2810957785691,637.8015273676534,6443084
2021-06-02,644.7972412109375,645.4158766616058,637.8491093857641,638.6581165494421,4978457
2021-06-03,642.9412231445312,648.0333324665387,641.0376221877747,645.320724340477,3604574
2021-06-04,641.4660034179688,646.5105348018117,640.371409529164,646.1774278408518,3747803
2021-06-07,642.7984619140625,645.1303848211212,638.5629960485426,641.4659760338103,2793705
2021-06-08,646.0346069335938,647.1767791832954,633.0425065181641,640.561753909847,5695920
2021-06-09,640.4190063476562,651.6978782409865,635.4220532298423,648.2237828360443,4492551
2021-06-10,643.4647216796875,648.1761458119572,640.5617417495554,640.6093201562868,3099864
2021-06-11,648.4617309570312,653.2683123223835,641.5611766730539,642.6557705899005,3822099
2021-06-14,644.4640502929688,650.7459680101141,639.1815695056405,649.1278956544878,3640962
2021-06-15,640.7520751953125,648.5568505117252,639.3719529227834,644.4640620980273,3862284
2021-06-16,636.326171875,647.7001987397114,634.7080995100417,642.4652963252097,4842448
2021-06-17,632.9948120117188,641.0851149977472,629.7587256732774,639.4194643829766,2776147
2021-06-18,636.2786865234375,640.5617891253155,621.240249006614,634.8509856561448,4158743
2021-06-21,638.9912719726562,642.2749954680925,630.0919601236359,630.0919601236359,2932177
2021-06-22,634.66064453125,647.4623745440556,633.756422319695,645.3208231398305,4577152
2021-06-23,633.185302734375,639.9430632616783,632.2335022041467,634.66058193757,2631031
2021-06-24,632.757080078125,638.658255909361,629.6161494546085,632.1860229077777,3460776
2021-06-25,639.8478393554688,644.7496348094901,632.7569145301198,632.7569145301198,3010243
2021-06-28,643.7026977539062,647.1292145760835,637.2780440672807,642.4653686625485,3342385
2021-06-29,644.9400634765625,648.6521090547675,640.6569607755406,640.799754102894,2937766
2021-06-30,642.8937377929688,650.5081427221189,641.7515654349364,645.3683961576229,3768943
2021-07-01,651.17431640625,652.7447523296789,641.2279898513713,642.4653188467885,4102748
2021-07-02,648.4141235351562,656.2664780587013,645.6063002989872,652.4592758654674,5071894
2021-07-05,647.4147338867188,651.9357864165237,645.8918181785974,651.0315642919038,1600769
2021-07-06,640.7996826171875,650.0797374341464,639.9906754345642,645.320734963911,2682423
2021-07-07,647.319580078125,649.1280244980641,633.9943713640885,635.8028157840276,2576763
2021-07-08,634.755859375,648.0810681108337,633.0425717771815,644.3690224399601,2548016
2021-07-09,635.7077026367188,639.8955908071737,632.1860284730996,634.37515843644,1994075
2021-07-12,636.326171875,640.4189021440436,634.2798357871225,636.3737502782923,1555035
2021-07-13,650.079833984375,656.1237447819022,636.7546250886485,637.9919542960201,7744032
2021-07-14,652.8875732421875,659.0266981671683,648.1761490861188,649.080371191755,2663467
2021-07-15,650.079833984375,655.0292089071621,648.4617612855195,652.9352358906021,1905193
2021-07-16,655.4097900390625,662.1200299258338,649.7466236339475,651.8881747229278,3479357
2021-07-19,656.0285034179688,658.1700545716727,645.3683260564284,645.3683260564284,1940882
2021-07-20,643.845458984375,658.2652016841549,641.4183793312727,655.7905436247745,2724983
2021-07-22,654.1725463867188,655.0291901714046,642.9888892405479,647.2244135656298,2047831
2021-07-23,660.549560546875,665.2609847371576,648.7472108675097,653.1255281132777,3956261
2021-07-26,669.4965209960938,671.019378618051,661.6917449736504,661.6917449736504,4715053
2021-07-27,655.1243896484375,671.6857445464407,641.3708583460495,671.0194724586722,5327355
2021-07-28,654.6484985351562,658.5984946092591,640.1335381108386,655.1243988769371,3332667
2021-07-29,669.1157836914062,671.9236069201501,647.8906431389154,654.6484037767168,4397443
2021-07-30,736.64599609375,745.973629216814,662.5959300689402,669.0681617404565,35893710
2021-08-02,737.6454467773438,763.24890552216,727.2707972563179,747.1634525422128,18661462
2021-08-03,756.4910278320312,765.580711013013,728.3653345994468,736.6460105905525,14678219
2021-08-04,747.8772583007812,759.4416578516265,742.1188767756668,752.8742110288488,5796169
2021-08-05,748.2579956054688,756.1103498279928,745.5453292908029,747.6393020354678,5026619
2021-08-06,747.353759765625,758.0615153268238,743.8796647240081,748.591088789594,4064324
2021-08-09,750.7802734375,754.7778474258802,744.3080412194682,751.1134384909544,2873586
2021-08-10,755.1109619140625,760.2982866594314,744.4984203731944,751.8748748194328,5656020
2021-08-11,741.97607421875,756.6814036825601,736.027321045145,755.7296031747834,4275776
2021-08-12,741.1194458007812,743.5941037407146,735.8845433104466,742.4043531747294,2821380
2021-08-13,740.786376953125,750.4947544505358,730.649735670995,731.9346432117463,4319920
2021-08-16,743.1658935546875,745.2598664840302,733.8858377459783,737.8358334557224,2310304
2021-08-17,746.3543701171875,754.9681528481599,740.6911456388274,745.2597763271556,5686055
2021-08-18,745.1646728515625,753.2549775159143,741.7381560200952,750.0188324128555,4036305
2021-08-20,724.4629516601562,746.6398910133856,707.5208568035669,737.645364944756,6238261
2021-08-23,724.65380859375,734.8172128228891,716.4944862564786,730.0456724798834,2375417
2021-08-24,736.1055297851562,742.4039981942349,719.7868845703974,725.0832828771985,2732537
2021-08-25,733.9105834960938,740.5430359961,724.8923609058938,734.8171877796353,2254852
2021-08-26,725.7989501953125,735.8668881186702,724.558361423309,730.1888020183839,1735864
2021-08-27,736.534912109375,741.4973254216966,723.4608806939847,725.9898202246534,2432862
2021-08-30,751.2313232421875,758.6272107737489,733.0517661848437,733.8629047446071,3617125
2021-08-31,757.7684326171875,764.4008864144987,747.8913658103722,751.470021645646,7435465
2021-09-01,752.471923828125,767.1682916123352,751.0404617028971,758.7226301256849,2811619
2021-09-02,753.8556518554688,759.2952193616586,752.2810202825603,754.1896363727084,2679549
2021-09-03,753.330810546875,760.7744018118922,748.1775236922944,756.7662962857008,2860730
2021-09-06,748.4160766601562,756.8616794737559,744.1216905014433,753.3307863403305,4613445
2021-09-07,734.7218627929688,747.2232761711115,731.5725993231396,746.2689680278534,3851664
2021-09-08,741.9268188476562,743.3582809491388,728.6619134087148,732.2405686624211,2548562
2021-09-09,740.829345703125,746.5074903889086,736.2009748458471,736.9167059008699,2008287
2021-09-13,744.6466064453125,747.2232499911024,736.3918762431537,740.829374006022,1935832
2021-09-14,745.6964111328125,751.9948216194109,741.7837127730252,748.8456163761117,1996844
2021-09-15,744.9806518554688,749.8475999341682,743.2151468982719,748.8455880645942,1393824
2021-09-16,745.3623657226562,748.7024442333812,742.7380183213724,744.3603538187081,1353677
2021-09-17,734.7218627929688,751.899409371615,731.6203613273798,749.1318924576277,4052622
2021-09-20,721.9340209960938,739.3501424543604,717.2578883745165,731.6679745014887,2206369
2021-09-21,729.568603515625,731.3340503498571,716.7331468470155,721.9341380766125,2123997
2021-09-22,734.91259765625,738.6344223074983,729.568495935507,730.0456499550855,1817865
2021-09-23,734.674072265625,741.6882717940598,731.0954168673453,735.8669573983849,2109768
2021-09-24,735.2466430664062,741.1633645797618,727.1827284572123,733.8628847553757,1777859
2021-09-27,728.1847534179688,739.1115923525,725.3695329921479,736.200964419231,2862731
2021-09-28,739.6841430664062,754.8576642945034,720.4548708896415,731.6679904287823,4938824
2021-09-29,774.2301635742188,782.2940788111106,736.1055426556555,748.177563632706,18565413
2021-09-30,780.8626098632812,794.8909507089941,769.7448970995345,777.5702352393367,10478553
2021-10-01,788.8309936523438,792.7436915199378,768.5042442792868,774.8981197243096,5730355
2021-10-04,793.9843139648438,800.5690629440987,788.6879158274477,792.0756978255052,4007435
2021-10-05,783.009765625,796.2746709981101,777.7133675250682,790.1670760968922,2987134
2021-10-06,764.0189819335938,786.3498130293214,760.8697770986422,782.9620311879896,2910453
2021-10-07,785.6341552734375,788.5924871298922,767.3591315819615,771.1286602835597,4089061
2021-10-08,783.86865234375,795.7020371672636,781.1965432176701,787.3995455171513,2753935
2021-10-11,794.5092163085938,797.992464256758,780.4331714916116,788.2585097509996,2988841
2021-10-12,791.7893676757812,804.2430755590506,786.0635196148446,795.4157264651067,2407031
2021-10-13,804.0521850585938,808.1079940147488,789.4512844657031,790.119311707749,4113083
2021-10-14,802.859375,811.1618669343613,799.9487470090922,805.340610952546,2300231
2021-10-18,797.7061157226562,812.1161438604213,794.1274605646344,811.1618358182822,2632795
2021-10-19,789.5468139648438,803.7183247491913,787.9245367287815,798.7559107867903,2029762
2021-10-20,777.6656494140625,796.6563445677417,770.6037465803012,787.35184112606,2089252
2021-10-21,781.0056762695312,791.121317586701,773.0371696669054,785.4431734408826,3155655
2021-10-22,775.4230346679688,789.0696288427557,763.5896491809295,787.3995896684831,1709523
2021-10-25,776.0432739257812,783.725441643614,759.1997144993803,772.9894766895918,2129988
2021-10-26,776.3297119140625,786.2545403802804,769.4586813025538,779.6697905762619,1628608
2021-10-27,787.3995361328125,800.1395833438677,778.5244830593663,778.5244830593663,3569869
2021-10-28,770.6991577148438,791.2645427849703,766.3570677375507,786.3021292767751,1647229
2021-10-29,758.675048828125,779.2403796974031,743.7401016124014,763.4465900157232,4321416
2021-11-01,774.7073364257812,776.6636564635702,751.0405062023464,762.444500124955,1935341
2021-11-02,778.142822265625,797.8015451759697,746.9846405340793,777.4270912143307,17608860
2021-11-03,751.9470825195312,784.4412618254403,745.6486140826153,782.5326456166192,9452138
2021-11-04,759.1044311523438,760.5835971386639,752.4719778467208,760.5835971386639,485870
2021-11-08,763.446533203125,766.3094577026367,747.2232943725586,761.5379168701172,4280584
2021-11-09,764.7348022460938,774.8982072031464,760.5835851489011,763.4465095597502,3232291
2021-11-10,774.0393676757812,777.7611930021848,760.5836451812777,763.2079927650274,2900645
2021-11-11,758.5317993164062,773.4190411998536,755.9074519399313,771.9875789945037,2107377
2021-11-12,769.6494140625,771.6057338438933,759.7245874084158,767.2159402736283,2076523
2021-11-15,773.6575927734375,782.1986619668796,769.7926565954548,771.3672300217136,2109222
2021-11-16,761.96728515625,780.0991383676379,759.295234226998,775.1844285407512,1512946
2021-11-17,755.191650390625,768.2179785427116,751.422180198575,763.446438303316,1662900
2021-11-18,754.523681640625,758.0545748220457,744.4556851346052,753.9033581107317,3177648
2021-11-22,735.5328979492188,757.7205591588448,730.0933306485589,755.6687736409247,2894426
2021-11-23,749.3226928710938,755.5733989523438,726.7532841791593,734.8171988548213,2739763
2021-11-24,743.3582763671875,760.5358214790978,740.1136056586233,747.7003663989854,2404041
2021-11-25,747.1278076171875,751.2790244026795,738.9684270618505,740.161312143468,1861259
2021-11-26,732.2405395507812,762.396708237568,727.1827186425616,739.588723028852,5432649
2021-11-29,716.7330322265625,739.5887211287778,714.8244161720366,737.6801050742519,4664270
2021-11-30,719.1665649414062,726.8487917870639,711.9615503947999,716.6853871658677,5505266
2021-12-01,711.2936401367188,728.3757813335512,706.5220988243469,722.1727776274679,3687799
2021-12-02,731.2386474609375,735.5330342975759,712.0093142161166,718.594063997502,4896650
2021-12-03,717.4488525390625,736.6304812221532,714.6813938633721,736.6304812221532,3135454
2021-12-06,703.4682006835938,718.1645096708498,700.1758262696529,716.8762171049491,2577704
2021-12-07,709.7188110351562,716.6852471948408,701.4163204902903,707.237575497867,2583462
2021-12-08,722.9360961914062,728.6142410881863,713.2021418321184,715.9219548900775,2530785
2021-12-09,725.0355834960938,731.7634439937779,721.6000976132087,723.5564175811389,2604449
2021-12-10,726.5624389648438,739.5887676549817,719.7391710884779,719.7391710884779,2950388
2021-12-13,727.7553100585938,738.0141217994659,724.3198243090245,728.9481951447416,2491218
2021-12-14,721.5045776367188,733.6243013208152,719.1665113035665,722.6497589270729,3224172
2021-12-15,739.6841430664062,743.2627982384724,711.2457749483214,718.1168045279567,6231786
2021-12-16,729.5208740234375,750.563356998212,725.2741911235107,750.563356998212,6186549
2021-12-17,733.8152465820312,737.0598592690134,719.0711743570274,727.1827934440012,7171030
2021-12-20,729.0437622070312,739.3025753734636,718.6417795118297,732.908698773952,7474026
2021-12-21,742.9765625,748.1298495586122,729.1390949960961,729.1390949960961,5599344
2021-12-22,761.0606689453125,764.4007471162324,741.9745079686276,749.1318183348844,5871235
2021-12-23,756.2415161132812,767.2160599978622,753.903449462514,765.2119779059126,4277384
2021-12-24,749.513671875,758.4841338671176,742.0700214341514,757.148137355789,3076272
2021-12-27,757.81591796875,760.201687837996,745.4576766431238,748.1774309955302,3598487
2021-12-28,777.8565063476562,782.4372318090445,757.9115020737653,759.6292449986139,5477769
2021-12-29,800.4736328125,805.1020621041786,779.1925735610805,784.9184222339114,8748856
2021-12-30,796.3223876953125,803.4796982835386,789.5467653906527,798.4218771171273,5179861
2021-12-31,807.058349609375,812.0684669964987,795.8929334973735,796.3223837798241,3346523
2022-01-03,810.1598510742188,820.7526473971164,802.477682727762,806.3903225326379,3726756
2022-01-04,799.4238891601562,814.9790991933844,794.3660679924167,813.5476370753632,3027262
2022-01-05,796.942626953125,805.9608496488285,792.6960027399714,801.6187596831463,2436343
2022-01-06,791.6939697265625,806.294930129428,784.4412515267986,799.5193077292615,2423850
2022-01-07,791.0736083984375,797.8014679803442,787.4949534882386,791.6938736350702,1475374
2022-01-10,788.9264526367188,796.8471975620195,780.194510945737,794.07968100249,4837873
2022-01-11,794.3660888671875,803.0502693128531,790.4533906939707,792.9346267115496,4950526
2022-01-12,797.9923706054688,806.3902694546638,789.6898792588572,806.3902694546638,3953446
2022-01-13,825.9536743164062,831.2023689538878,796.1315456943523,797.9924581696375,7395140
2022-01-14,820.4663696289062,829.19831183655,817.6511491510186,825.9536410745197,2351963
2022-01-17,814.2156372070312,823.9495909339942,811.6389938313145,820.4663432645181,1750754
2022-01-18,808.0127563476562,827.5760742481132,806.3904207749338,815.9335026775957,3354708
2022-01-19,800.1873168945312,809.2532435617919,795.8929305784604,809.2532435617919,1677779
2022-01-20,782.5326538085938,804.2431634112102,778.3814368094885,800.9507887672587,2886894
2022-01-21,771.796630859375,782.246315594158,764.4961510216434,779.1925182030043,3218477
2022-01-24,764.257568359375,787.3041307582902,755.4302190145094,767.2636619753519,5300160
2022-01-25,771.1285400390625,774.6117874124219,748.9408798364096,754.8576008730508,3779497
2022-01-27,774.9935913085938,780.0514708787241,755.143994308893,765.3551027150837,3593525
2022-01-28,789.5468139648438,804.3863520944591,774.9936148734477,778.715439906835,5073701
2022-01-31,796.3701782226562,810.9233780044364,782.5804133375358,792.1711989215046,8041517
2022-02-01,851.0042114257812,854.105712616848,801.4755998760554,808.6806723169914,12337459
2022-02-02,849.9545288085938,857.3981203064405,841.6997404815244,849.3342052477966,4404741
2022-02-03,843.1788940429688,850.4793741674304,840.2205622878632,848.7138692682573,2292825
2022-02-04,853.103759765625,861.5970671280538,841.0794424460228,842.5586666364549,4222492
2022-02-07,846.5189819335938,860.2610417662536,839.5048407511729,860.2610417662536,3494623
2022-02-08,853.2469482421875,855.0124533805251,841.6998421864689,845.5170750308521,4766558
2022-02-09,852.6217651367188,860.4126336420411,851.5637075444391,859.787473829569,2874380
2022-02-10,860.172119140625,862.0477158703216,846.4178409661176,857.3828228428356,3159839
2022-02-11,846.513916015625,861.6147899885154,841.2719439254356,860.4605722168761,2682532
2022-02-14,831.845947265625,852.814072119398,829.2971106357204,836.7994386896775,5163415
2022-02-15,843.3399658203125,846.4178606912914,826.267332834778,829.5856873252715,3219287
2022-02-16,835.6932983398438,847.5239580207453,834.0100810834831,842.5704666125006,2136415
2022-02-17,829.6338500976562,839.0598563797897,828.4315518803951,839.0598563797897,2275289
2022-02-18,829.9703979492188,834.7795900599317,823.718448205292,829.6337192778939,1797851
2022-02-21,811.6473999023438,831.0284692829365,807.463425883131,822.8528419809631,2305713
2022-02-22,813.5228881835938,816.600782733675,793.1319028335051,804.0968838225587,3171552
2022-02-23,808.1848754882812,820.4483175144348,806.0688188484571,817.4185024726447,1979574
2022-02-24,787.0243530273438,805.0107447277314,783.8983779007457,798.9030350260311,3679222
2022-02-25,799.8168334960938,803.135188230575,785.8701745387963,789.1885292732775,2098988
2022-02-28,811.6954345703125,814.6771100740334,789.6693121260702,789.6693121260702,4123139
2022-03-02,789.5731811523438,812.7053833738303,784.5716096354379,812.1282450992114,3807036
2022-03-03,789.5731811523438,801.0190231078071,785.8219878381748,801.0190231078071,2657776
2022-03-04,797.9893188476562,807.559564764083,778.4639507282853,785.1487399091073,4082674
2022-03-07,791.2564697265625,797.3641207517448,778.223511017297,786.7838971953284,3065234
2022-03-08,822.3718872070312,828.8162166608399,794.6709511686182,794.6709511686182,4864275
2022-03-09,835.1162719726562,851.9965257922124,827.1811044013641,830.451378761615,7276355
2022-03-10,836.3665771484375,848.2453167280432,833.5291420995301,836.7032558153004,2899758
2022-03-11,867.5783081054688,872.3875005007319,835.8857184794923,838.72315373389,7194497
2022-03-14,858.2003784179688,877.0043088432896,855.9881616689831,867.5302233568683,3861194
2022-03-15,857.6232299804688,873.3492642856077,847.716247528763,859.5949869526975,4039746
2022-03-16,855.2667236328125,865.6545666919241,846.8506375677522,865.6545666919241,3134307
2022-03-17,876.81201171875,880.0822863197019,858.1523787952241,858.1523787952241,5484100
2022-03-21,878.927978515625,895.471611872507,876.5233823505538,877.6776002509802,3878744
2022-03-22,879.2164916992188,886.8150388332102,868.0591893134189,878.9279519093368,2174495
2022-03-23,866.424072265625,890.6624131775229,861.61487996985,882.967705504283,2578669
2022-03-24,874.1669311523438,879.79372181919,851.7080247885276,852.1889440571829,3141478
2022-03-25,867.9148559570312,880.0340550094264,862.0957453835904,877.0523207486026,1571676
2022-03-28,871.3295288085938,876.1387213537213,864.9813594254472,874.2150443356702,1545077
2022-03-29,884.2661743164062,886.8150697454562,866.7126222308807,873.3974113416293,3177777
2022-03-30,885.468505859375,886.8151032512526,873.7341230414287,886.8151032512526,2084073
2022-03-31,879.8417358398438,891.6242570358405,876.0424621619832,885.4684673775885,1901705
2022-04-01,874.0226440429688,883.9295687084103,869.598151783419,879.1203762780054,1184766
2022-04-04,890.7105712890625,893.3556272831592,868.1554457072998,873.3493973235486,1876408
2022-04-05,893.6439819335938,904.8013419476356,888.882929095527,892.5859832375686,2911697
2022-04-06,892.6821899414062,902.9738724978487,889.700514402548,892.393650164413,1881754
2022-04-07,895.423583984375,911.8229190467121,891.4800108197715,892.682308972523,2728625
2022-04-08,889.3157958984375,901.5311557968179,884.2180639204878,901.2426160067375,1453271
2022-04-11,890.0852661132812,897.9242137376024,883.5447181220519,884.8913153451771,1102625
2022-04-12,886.1417846679688,892.7304135151244,876.6196188881262,884.8914063784091,1420380
2022-04-13,901.0021362304688,907.0136263307521,886.1417209613767,886.1417209613767,1825531
2022-04-18,892.1051635742188,905.1380628480463,884.1699963510519,892.201323936964,1287320
2022-04-19,886.8151245117188,901.9640813566858,880.1303349881435,895.4235910949724,2001066
2022-04-20,888.2578125,895.471600906876,881.0921042746444,882.9677010016243,1455897
2022-04-21,908.0716552734375,909.8991718070196,885.4684517454618,895.4715950870351,2410164
2022-04-22,889.5081176757812,906.2922090648165,883.3042484143269,905.0899110957731,1745381
2022-04-25,865.654541015625,887.1516053017974,862.3842670449615,880.611116066426,1146270
2022-04-26,883.0158081054688,889.4601376866183,869.5500693354091,870.4638276359984,3142879
2022-04-27,871.521728515625,886.5264423962659,869.1171325769924,875.3210018398557,1586283
2022-04-28,885.8532104492188,891.96086111054,874.5996888684439,884.8913720013911,3150038
2022-04-29,893.2112426757812,930.1458015587347,884.4584781196711,888.7386706883115,4290688
2022-05-02,888.16162109375,889.7005390843775,868.1072548000029,887.2478628529582,2119174
2022-05-04,866.520263671875,885.7570322408503,860.8453934616438,884.9875145333242,3925917
2022-05-05,844.6383666992188,884.1218190462262,839.3001169161976,870.4637027970595,4462293
2022-05-06,849.591796875,851.9002323812451,828.6237327327616,829.1046519043998,2350532
2022-05-09,851.6117553710938,857.3827858559958,834.9238236620107,834.9238236620107,2522123
2022-05-10,828.9603881835938,856.8537013335773,814.1961924641745,851.2269702667389,6975331
2022-05-11,822.1795043945312,833.9139453552552,818.5245299853774,820.4482069066122,2768829
2022-05-12,817.5626831054688,823.1894145597518,803.3274857761186,820.3520380949185,2700591
2022-05-13,848.8224487304688,855.0743987777754,827.3253824348069,830.0185184063005,4870689
2022-05-16,851.8041381835938,860.6049837970126,841.6567539157797,848.2934629396001,2739020
2022-05-17,857.7195434570312,861.4225984633571,845.1675618793413,846.5622395448552,2317400
2022-05-18,864.8370361328125,874.3111210579327,854.1125143008187,856.998029551835,2878378
2022-05-19,850.8423461914062,865.6546831408695,844.8308553362613,851.2271050885216,2715634
2022-05-20,880.7073364257812,882.6790933642536,855.1224002855972,858.9216736290671,2877917
2022-05-23,886.8630981445312,895.7601034766097,881.6210670455205,884.8913411364514,2195036
2022-05-24,875.1767578125,895.3272247330154,872.3874030524419,892.5860088563022,2911410
2022-05-25,876.4271850585938,887.4402467717831,872.6279115366692,880.0821593343095,2405811
2022-05-26,865.6065063476562,887.2478710108546,859.4026367363475,883.7371372608857,4113170
2022-05-27,869.4058227539062,877.9661499747551,861.8072753039975,867.5302259827555,2374509
2022-05-30,854.401123046875,880.5631418422558,852.6698254977168,870.4638376485434,3541617
2022-05-31,827.7581176757812,849.1109422611645,818.7168717851489,834.1543666272579,24360628
2022-06-01,807.222900390625,841.608624178489,800.826651364485,841.608624178489,5999099
2022-06-02,826.7481689453125,829.9703627463973,801.0189922442898,804.8182655918002,3553217
2022-06-03,832.0863647460938,841.6085882555967,822.2275212836711,829.2489884704542,2618353
2022-06-06,826.9887084960938,840.5987463903853,825.2574109834745,831.9902803038525,2095566
2022-06-07,815.8795166015625,824.6803624557774,806.5977514920563,822.371926547994,3031449
2022-06-08,814.9176025390625,821.4100118835755,805.635838290079,812.8496264506491,3208941
2022-06-09,826.0750732421875,829.2010487493831,803.568084813962,813.7154704884333,2297715
2022-06-10,813.4267578125,821.3619247216739,809.8679439423456,817.5626512482112,2124778
2022-06-13,797.844970703125,818.5244967671601,788.4670460926905,807.9442741297468,2191412
2022-06-14,793.5648803710938,803.7604041788685,790.4869852837284,794.4786387306817,2461692
2022-06-15,790.919677734375,798.373925081372,787.8899221007815,793.7571126592617,2008725
2022-06-16,783.5135498046875,794.4785312240614,775.7707623008988,791.2082571288914,2327414
2022-06-17,763.1226806640625,779.3777159047784,759.7562459525225,774.472363093205,5719089
2022-06-20,774.5684814453125,782.4555683685847,764.1806380686423,770.4325879080964,2745302
2022-06-21,786.2548217773438,788.9960377696723,774.6165417663968,775.8188397816213,1342717
2022-06-22,778.4159545898438,789.6694777681722,772.596842895596,782.9366076775788,2032073
2022-06-23,793.4205322265625,794.9594502085879,777.6463587339907,778.6081971492462,1778752
2022-06-24,793.1319580078125,801.9808834401393,790.1502823116618,796.3060718400526,1404748
2022-06-27,803.7603149414062,815.6389961793228,796.4022274015086,796.4022274015086,2980249
2022-06-28,796.9793090820312,805.5396946930939,793.5647943561659,805.0587754723816,2823691
2022-06-29,806.6939697265625,811.5031622744661,792.4106326357102,792.5549318945328,2975927
2022-06-30,798.9030151367188,815.7833273648703,792.2182846894934,804.0969663924518,3809670
2022-07-01,797.6045532226562,805.0107212011889,793.5167397150334,798.229771712089,2316527
2022-07-04,797.7488403320312,807.6076845238674,790.5350518989804,793.8052674317205,2097164
2022-07-05,803.904541015625,814.4847636530084,795.1037546817403,797.748810341086,2682730
2022-07-06,805.7320556640625,810.4931675812338,799.5281861178064,807.9442722874675,2364840
2022-07-07,817.0336303710938,820.3519845506547,810.0122218803722,810.8778412059384,2327906
2022-07-08,824.9688720703125,826.7001695847952,817.3222444498891,820.9291387325453,2927832
2022-07-11,824.5360107421875,830.0665818261975,818.6206807960363,824.1031716987686,1768048
2022-07-12,819.1016845703125,827.1811518615795,816.6009278261406,820.4482820208457,1695338
2022-07-13,827.325439453125,830.3071154295651,816.9375363092166,821.987188618519,2663538
2022-07-14,846.3216552734375,849.2552507341582,831.2207802305983,834.2986749377309,4934156
2022-07-15,844.87890625,851.1789362689719,839.540655961735,851.1308560883305,1413559
2022-07-18,849.1109008789062,861.4224202676849,845.0230878084085,854.6895516809827,2866600
2022-07-19,841.8971557617188,857.2865704538775,840.1658583500425,846.417808068732,1604458
2022-07-20,834.3948364257812,850.9384691312652,829.1528052511364,850.9384691312652,2885666
2022-07-21,836.4627685546875,844.397935169816,830.7398184668278,838.7230652596448,2321107
2022-07-22,841.1277465820312,842.7148035485329,833.4330387802516,837.7613119187528,1939758
2022-07-25,835.21240234375,844.4941669549673,823.7184797241086,836.7994592833959,2419358
2022-07-26,834.5390625,843.9169863522696,829.1046523750213,836.0299001917342,1560211
2022-07-27,859.8834838867188,862.7689989333185,833.0000902947072,834.3947676417545,2797789
2022-07-28,860.7010498046875,862.6247265623274,845.2154753880678,861.8071874227128,3183169
2022-07-29,907.2060546875,915.6221412818386,845.4560133055604,862.7691057281999,11315800
2022-08-01,883.6409912109375,904.0800581683035,875.2729849977886,904.0800581683035,4219890
2022-08-02,882.246337890625,891.2395041158201,877.2447660981586,883.6410154153457,2043767
2022-08-03,862.7691040039062,882.7753323555582,859.4507495550067,880.0821963919445,2863168
2022-08-04,883.4486083984375,884.8913660604926,861.4224846086784,866.6164356744607,3151481
2022-08-05,880.9960327148438,893.5480140668391,877.1005983236681,884.4105478304183,3317738
2022-08-08,875.6576538085938,884.6988990387412,873.733977116313,884.6988990387412,2677742
2022-08-10,884.6029052734375,891.6243147813317,878.3509548461682,878.3509548461682,3077870
2022-08-11,885.9012451171875,891.5280349714782,882.4386503652831,887.7768417352844,1526395
2022-08-12,878.59130859375,887.5844742575396,872.5317383434027,885.9012570376676,1384417
2022-08-16,879.697509765625,884.3624619324069,871.7142615833998,872.387560306086,1635836
2022-08-17,885.6608276367188,890.6623992875166,880.0821764018118,883.9295301784317,1828327
2022-08-18,881.7654418945312,883.9295785122163,861.0378340307856,875.2730320414763,2989998
2022-08-19,869.79931640625,888.5685046017358,866.5666026396224,883.9365345410848,1708425
2022-08-22,849.7274780273438,871.8259168007038,847.4115222524451,868.9791659431933,2860170
2022-08-23,857.302734375,860.7766974869922,842.0557457534679,843.551537133756,2314528
2022-08-24,850.1617431640625,868.4484348904075,847.3149922897322,860.7767024998226,3223687
2022-08-25,846.5912475585938,859.4739835842003,844.3717678343122,856.9167198135648,5016244
2022-08-26,849.341552734375,859.3292413000547,847.3632631171928,851.4162595274332,1542618
2022-08-29,848.4730224609375,850.161766037061,834.7218247696457,841.47679907414,2068888
2022-08-30,861.7899169921875,864.1541696604455,851.1267198665695,852.0917161475973,3672052
2022-09-01,841.33203125,870.3302182405278,839.9328336829793,861.7417272981206,2939235
2022-09-02,839.1124877929688,847.2667179861284,835.6867628428099,842.3452606096971,1963435
2022-09-05,853.6357421875,855.1315336393898,834.1911011986618,838.5818227833219,2808538
2022-09-06,856.6754760742188,859.5222269746787,851.657483471515,855.9517288401374,2252661
2022-09-07,862.4654541015625,865.0227178885887,848.7142566515515,848.7142566515515,1698682
2022-09-08,862.9961547851562,869.2203925230124,855.9516937750897,866.8079018415718,1772605
2022-09-09,858.8466796875,870.3301588517896,855.6622037785106,863.1891628994031,1405210
2022-09-12,856.627197265625,863.816431228388,854.1181716343444,860.0046841972467,1571387
2022-09-13,858.9915161132812,862.0312192468391,852.574266889044,858.7019700921498,2216354
2022-09-14,852.8154907226562,866.2772010546804,849.2449925885469,853.6357140283689,1889322
2022-09-15,843.6962280273438,857.0614617210498,840.6082281801414,852.0917073654977,1780723
2022-09-16,837.6650390625,859.329218103813,835.49379735477,847.9422733719024,5625488
2022-09-19,844.22705078125,846.2535784975836,826.808878081537,841.862856793584,1920725
2022-09-20,880.0283813476562,882.7303591888278,846.1087380828063,846.8324853026934,4408042
2022-09-21,873.6112060546875,890.2091554758205,871.0540010014864,886.3974080168064,4153228
2022-09-22,876.216552734375,879.3527903955938,863.9610891707963,868.4001070458918,2317690
2022-09-23,888.8580322265625,894.2620466260371,871.0056014025024,871.0056014025024,4802181
2022-09-26,869.1721801757812,893.9242999596415,867.5799127194949,885.8183663696657,3760536
2022-09-27,865.7463989257812,878.001804035718,863.0926592699184,873.5628448981169,3096645
2022-09-28,885.7218627929688,893.586606485121,860.8249691220439,862.7067237556136,5559336
2022-09-29,898.1221313476562,922.0540294908598,892.7181163484141,892.7181163484141,8519098
2022-09-30,915.4437866210938,917.6632663872784,897.4465816131348,901.25832887392,4182345
2022-10-03,911.4390869140625,933.9717289760133,909.750343237938,919.5933181585191,4444578
2022-10-04,911.4873657226562,922.8260737695074,910.0398710783775,922.247099471279,1856830
2022-10-06,920.510009765625,928.3264563689182,914.3822478173165,921.2819950389983,3449485
2022-10-07,921.7161254882812,927.892065705098,913.0793978919037,919.6413601404496,1762328
2022-10-10,912.934814453125,920.8477965569604,902.5128653182051,912.8383383745082,1683827
2022-10-11,911.6802368164062,918.5799837876216,907.0965044799385,917.5184525389044,2426935
2022-10-12,922.102294921875,926.3965406661624,908.1098471722298,912.8865911147809,2875040
2022-10-13,934.5025024414062,939.6652094292381,918.1940403305982,923.35674731843,4498223
2022-10-14,942.1259765625,945.599998952868,930.2565325841654,941.8364894213126,3307000
2022-10-17,945.6963500976562,950.5213314757056,939.2308632713306,942.1258520981602,2647369
2022-10-18,944.1041870117188,950.5214365131422,938.7002308306184,949.3151910353337,2065146
2022-10-19,942.7049560546875,946.3719303978681,931.2697139900403,941.4504136831468,2424533
2022-10-20,946.0340576171875,948.4465482612857,932.7171210415049,936.0463699100999,1669666
2022-10-21,943.4768676757812,957.1798265289829,941.5951131641225,946.6613435962123,1791608
2022-10-24,952.4513549804688,955.2981058657736,947.7228495168303,951.4863586734976,191840
2022-10-25,956.842041015625,962.4390076093543,951.0038253540738,957.2280630836194,2119595
2022-10-27,976.238525390625,977.9272689068654,957.7588227820013,964.0312986994653,4379157
2022-10-28,955.3463134765625,968.3737632057884,952.9820608200373,966.92626879143,3934980
2022-10-31,981.3048706054688,991.3408568056027,956.5044511464258,960.1231876755069,3546309
2022-11-01,1000.315185546875,1012.2811637589886,983.4760464812857,986.1780244618171,5264069
2022-11-02,1015.1278076171875,1033.46273726212,996.5034497615642,1002.4382005482196,5923662
2022-11-03,1007.6491088867188,1018.6500904795881,1003.1619702426003,1008.4211530606543,2386317
2022-11-04,1003.4996948242188,1009.7721708923223,995.345405257243,1008.710698501816,1576349
2022-11-07,992.3539428710938,1013.1978398395468,985.2612434731524,1008.4211551708563,2853521
2022-11-09,978.072021484375,1000.3634721148014,974.6462962821337,984.344497648567,2268760
2022-11-10,975.2735595703125,986.5157314190658,971.5100503427547,974.6462883994857,2419991
2022-11-11,978.072021484375,995.3454205050054,974.50152327271,980.1950251966111,2390487
2022-11-14,981.3048706054688,985.6473544403659,966.9264005704377,982.9936143190399,1764788
2022-11-15,980.4844970703125,986.2262369418374,969.2905633416077,986.2262369418374,1703050
2022-11-16,982.9934692382812,986.9981684001837,971.847715254757,971.847715254757,1485506
2022-11-17,977.8790283203125,994.4287392925715,975.0805742427964,987.480753788516,1758031
2022-11-18,974.2601928710938,982.2214119534552,970.7862299219057,979.7124452566746,1130682
2022-11-21,968.0360107421875,977.3481892058036,958.7237733798745,967.891237745359,1108922
2022-11-22,974.7427368164062,976.9622754202335,961.3775616517935,970.9310485591808,1723123
2022-11-23,982.0285034179688,983.4277009271177,974.1155220172003,979.6642507148728,1311376
2022-11-24,998.8677368164062,1001.0872756258975,978.3133255490925,984.9235861405375,1994268
2022-11-25,997.661376953125,1001.617838127506,991.0028790854414,1001.617838127506,1948596
2022-11-28,998.5298461914062,1005.0435707256339,991.9678247268577,996.8411027936436,1427648
2022-11-29,1013.1013793945312,1014.4041008881417,997.8062110343844,998.7712073700076,1179559
2022-11-30,1009.4343872070312,1021.2555914191424,1002.9688415717659,1016.1410641104546,3060171
2022-12-01,1009.8203735351562,1020.8213553778395,1003.2101721613096,1018.0711393665199,1878374
2022-12-02,1003.5962524414062,1013.10144338822,998.5783182981639,1011.6057696519707,2284133
2022-12-05,1003.0171508789062,1009.3378057959485,994.6699095482963,1005.6708906327339,2294634
2022-12-06,997.3720092773438,1003.5961885198756,987.4324999066948,1003.0172142782873,1321211
2022-12-07,982.125,1000.8459520782718,979.8089852835558,1000.2669778485111,2954262
2022-12-08,946.4683227539062,982.3661955090247,940.8713562095276,979.4712067206876,10021644
2022-12-09,958.0965576171875,962.1013158414037,945.6963786605572,946.4683639246217,4231753
2022-12-12,952.83740234375,960.1713509118371,945.8411789325834,960.0748748380604,1875104
2022-12-13,959.8336181640625,961.4740647975045,945.5033873994377,945.6963984441666,1863361
2022-12-14,965.2376098632812,967.8913498554072,959.7371188271338,964.0313644123148,1570685
2022-12-15,967.1193237304688,971.7512942869523,963.1628034790568,965.9613163666726,1304660
2022-12-16,958.8687133789062,969.9178752353669,953.0304379366803,963.2111972557113,2618988
2022-12-19,953.3681640625,958.3861569059285,939.6169659552786,953.0303799978374,1547342
2022-12-20,953.7540893554688,955.9736280105296,945.1174194100407,953.368126166672,1352408
2022-12-21,970.4003295898438,974.1638390058116,953.8024390853304,957.2764024702973,2043630
2022-12-22,975.2735595703125,997.8544971382564,971.7995374605588,984.2480136144486,5163443
2022-12-23,966.4920043945312,991.8713945671489,963.5005395109571,976.5762272161771,3612433
2022-12-26,965.0444946289062,976.3832006439071,954.0918106760226,974.6462191617741,2307374
2022-12-27,965.1409912109375,980.1949086556716,958.2412446911957,965.2374672732814,1870105
2022-12-28,960.1712646484375,975.225182524653,958.2412721566818,963.9347735668397,1686511
2022-12-29,965.5270385742188,969.5317967886075,954.4778191321402,963.5970459694435,2162872
2022-12-30,966.3473510742188,971.5582959313023,958.9651055699728,968.8563179796254,1629162
2023-01-02,962.101318359375,966.3473256708925,952.6443663277591,966.3473256708925,1616012
2023-01-03,973.7777099609375,977.3482079303764,953.4163122764559,958.2412936138874,1810117
2023-01-04,968.9528198242188,989.9897875544401,965.7201055833463,976.5763146143856,2573870
2023-01-05,980.6292724609375,986.1297632663448,972.9575399348722,973.7777632476403,2246533
2023-01-06,973.3917236328125,986.0331508766205,968.9527055687764,979.4711881935851,1773153
2023-01-09,981.2565307617188,987.5290071378685,975.1288273998849,979.4713110449117,1567316
2023-01-10,976.4315185546875,988.1562475909556,974.6945369304594,980.4362769066512,1607654
2023-01-11,992.0162353515625,996.889513976872,973.0540337525308,976.5762939453125,3258157
2023-01-12,996.6963500976562,999.2053167802346,985.4059411273572,995.827829915927,1641398
2023-01-13,995.4901733398438,998.7711843648705,984.44101267042,995.0559721177762,1491367
2023-01-16,999.2053833007812,1003.1136654800537,990.1826913506526,995.4901710621872,1437532
2023-01-17,996.5515747070312,999.7361094332566,990.8581911016482,999.2053143797547,1245848
2023-01-18,1003.6926879882812,1005.0437064484134,994.0910213490474,996.5516913825029,1238451
2023-01-19,1004.126953125,1007.4561432610692,999.7361728146242,1001.7626414973358,824263
2023-01-20,994.2838745117188,1010.8335839565,981.2564249810144,1007.5043939731669,2963571
2023-01-23,1012.5707397460938,1017.974695867077,986.7087898706192,998.7712445145143,2106604
2023-01-24,1004.271728515625,1014.1629418338287,998.3370947626346,1013.2462423525708,2088556
2023-01-25,1003.64453125,1009.048487413737,994.2358165533243,994.2358165533243,1753333
2023-01-27,1006.877197265625,1014.2111458358804,997.80620817726,1008.3728709031157,3448013
2023-01-30,1014.886474609375,1034.6207179314758,1003.7890181104915,1005.4777614907564,3320916
2023-01-31,998.2886352539062,1023.1855859877032,990.1344639408727,1018.0710586687976,5265462
2023-02-01,979.374755859375,1007.4078273361354,969.917745121794,1000.1703551790271,4717887
2023-02-02,972.330322265625,980.1468282292852,958.2413987736512,974.598099082308,2117181
2023-02-03,992.1610107421875,996.31042432663,966.5886077267309,971.7513145873515,2332076
2023-02-06,987.5289916992188,990.0379586509728,977.3000539436638,984.2962774846084,1215157
2023-02-07,971.17236328125,992.498759344037,966.9263557245747,990.3275175272903,2360600
2023-02-08,984.8809204101562,988.672687078018,969.7139724205668,976.9085259680679,1815142
2023-02-09,978.8529663085938,992.8532710200791,973.6028965474815,975.1584595861237,1474402
2023-02-10,978.6585693359375,986.1934432643206,969.0334111481094,978.8530295635657,1530150
2023-02-13,987.0684814453125,989.1101654765201,974.1862776736795,980.2627888867139,1355766
2023-02-14,978.8043823242188,989.790702236777,975.4015361974397,989.742102017437,1832842
2023-02-15,967.76953125,978.4641912687362,963.0541228189985,974.1863035248691,2251350
2023-02-16,967.5264892578125,981.9642568222417,963.6861221277965,971.1723961519546,1678410
2023-02-17,957.1720581054688,968.838959778669,954.7414535902187,964.658331880625,1847026
2023-02-20,957.0747680664062,964.1235205007752,947.8870719906645,962.6651579281471,2157871
2023-02-21,944.630126953125,963.2971817332486,942.2481819709614,962.5194001467707,1771813
2023-02-22,941.6646728515625,950.8523686499537,939.1854684211199,944.5813979087709,2605147
2023-02-23,945.505126953125,950.1232753881146,937.2896720795368,945.9912478410187,2835983
2023-02-24,943.5606079101562,956.0538905227248,936.9493759516655,943.6578083477074,1823835
2023-02-27,938.2619018554688,945.553715080615,933.4006930387046,943.5606313339273,1548675
2023-02-28,930.0464477539062,948.9079617128484,927.5186429037473,942.102269364498,3819644
2023-03-01,932.6714477539062,939.2340792064749,924.6018535396732,924.6018535396732,1862513
2023-03-02,938.5049438476562,940.1577666810514,924.6990992112487,933.3520744713643,1510195
2023-03-03,940.0606079101562,942.831473267688,931.5534922709788,940.2064085736988,2215832
2023-03-06,938.4563598632812,952.310804958388,937.0465974415584,943.0745082283167,1989152
2023-03-08,930.9215087890625,938.2133221738331,920.7129700503834,933.3521132506527,4734482
2023-03-09,926.2546997070312,932.7687311076193,920.8587700222556,930.9214481008662,2994556
2023-03-10,929.0255126953125,930.9213958134565,919.8378170773243,920.2267374803514,2001392
2023-03-13,927.6158447265625,933.2548944392012,921.2476730307274,928.5880864920618,1412106
2023-03-14,930.6298217773438,936.9979934182525,923.9213299168888,927.0325154078379,1879695
2023-03-15,924.9908447265625,938.1161086359251,922.9977016231388,925.5741660528295,2189113
2023-03-16,940.546630859375,943.0744355068385,925.2824245195849,928.733870637018,2228093
2023-03-17,931.115966796875,941.8106264024045,926.3033581062009,941.6647663986847,2218687
2023-03-20,934.5188598632812,935.9286223864749,921.053274898826,923.6297394874533,1955757
2023-03-21,929.6575927734375,938.2133084852208,926.7894676824213,938.2133084852208,1687239
2023-03-22,945.067626953125,947.3524307807477,930.0464793205346,930.4353997757262,1626129
2023-03-23,950.5121459960938,955.6650152693975,945.0189565145515,947.9356816889791,1857923
2023-03-24,945.8452758789062,951.8245858286007,941.1299275608636,950.4634237672473,1534322
2023-03-27,956.1511840820312,963.442997383779,936.2688279444134,952.7969380950416,2473222
2023-03-28,956.88037109375,960.3804177629993,949.1996373005994,959.6026362077138,1394675
2023-03-29,964.36669921875,968.8389879203436,951.8247558193842,958.2901877541217,3045795
2023-03-31,955.810791015625,967.5749511838038,954.15802759926,967.5749511838038,1822710
2023-04-03,951.873291015625,960.5748667067105,949.1024257134193,953.7691743312581,1671570
2023-04-05,969.4708862304688,971.2695097343467,948.227368355947,957.658125213545,1544121
2023-04-06,984.005859375,985.8531424512698,965.8249859761063,969.4708925680118,1423990
2023-04-10,980.60302734375,988.72128174319,978.7072033614003,986.825398419912,1110974
2023-04-11,981.2349853515625,993.8741280907949,979.5821625097851,980.60300447823,1786844
2023-04-12,988.478271484375,991.8811178585825,977.3460907634245,987.3115694307462,3246327
2023-04-13,975.6445922851562,995.4296880834172,974.186229665896,993.9227252450336,1445693
2023-04-17,970.9778442382812,981.8669636688428,967.4291381266718,971.7070255482618,1768817
2023-04-18,976.908447265625,978.3182095973289,960.8664592324762,971.2694572797333,1217390
2023-04-19,967.8666381835938,981.3808219106742,965.4360338687178,975.6445719911967,2174563
2023-04-20,960.331787109375,974.2834324643933,956.4428201152596,971.3667072188067,1638094
2023-04-21,961.9846801757812,966.700029264,957.6095919880162,966.700029264,1216575
2023-04-24,951.9705810546875,955.2275673443751,932.6229455217219,947.9357538531967,3485350
2023-04-25,945.505126953125,955.6164651576842,940.157797186295,952.7969402715296,2377746
2023-04-26,944.2898559570312,949.6857861228854,936.4633212713393,948.7135443149501,2911028
2023-04-27,951.5330200195312,954.3524855119798,936.8035336557025,941.1300213451544,2777173
2023-04-28,960.2346801757812,964.9500293789424,951.970624508556,957.6096153309467,2009995
2023-05-02,946.0398559570312,961.4499238364253,943.3661910513025,960.2346216065487,3152556
2023-05-03,936.8521118164062,945.4078865544693,932.8659444405243,943.5606035221771,3087472
2023-05-04,946.9634399414062,948.8107229548696,938.3591244134218,940.7897287253865,1197830
2023-05-05,943.5120239257812,950.1232559980272,940.9841597557657,946.9634702912033,1062645
2023-05-08,935.1507568359375,942.1023094812789,934.324375037677,935.2966168431273,2676958
2023-05-09,930.8728637695312,940.0119005007347,923.1435300854645,935.1993513711344,6902170
2023-05-10,927.3241577148438,933.3034681391317,925.1852140233384,930.4353431442217,2180917
2023-05-11,934.3729858398438,937.143910621311,925.574209269075,927.3242326705152,1296607
2023-05-12,929.463134765625,936.3660276159021,925.5741676745555,934.324343629462,2014927
2023-05-15,926.5464477539062,929.2201127395549,921.7338389115523,926.5464477539062,1814239
2023-05-16,914.8308715820312,935.8312693025066,911.9627465982119,926.5463726099105,2625163
2023-05-17,909.9697265625,919.0601636759509,903.066774162889,915.1225962455505,2956985
2023-05-18,903.844482421875,916.8238848388453,896.8443306058225,916.8238848388453,3014019
2023-05-19,900.1499633789062,908.4626774713313,898.6430005967388,906.12927363119,1309343
2023-05-22,911.4280395507812,916.5809089527626,897.2332744095395,900.1499996568036,1382485
2023-05-23,905.7404174804688,929.6576008457971,903.309813033236,911.4766677123098,3057684
2023-05-24,925.719970703125,928.2963756378358,906.7125977425943,909.5321224464626,2953574
2023-05-25,918.7684936523438,925.2825255284353,916.5323493984129,923.3380419439858,2331464
2023-05-26,942.9773559570312,949.5885884017645,910.9905766478579,917.747669100572,4137189
2023-05-29,941.5675659179688,946.2343146047306,920.1296464868643,943.0259285913899,5344765
2023-05-30,932.963134765625,940.5952679048204,929.7547489440888,938.2132638124483,2624815
2023-05-31,948.2760009765625,952.1163678943368,934.0812946562276,938.2133222412277,5595631
2023-06-01,960.283203125,962.9568679786562,947.9357208417475,952.6024694453982,3261906
2023-06-02,971.8528442382812,975.8390710780283,953.7691711515947,959.165101077386,3734815
2023-06-05,980.7488403320312,989.4504156410804,970.78336264836,977.4431947298579,3629780
2023-06-06,985.6587524414062,987.7490961060347,976.130794404055,980.8948030931965,1632644
2023-06-07,986.4364624023438,989.2559872325471,981.9641740588428,986.8253828413124,1608613
2023-06-08,959.6026611328125,987.7976734659954,955.9567543655905,986.825431661403,3395935
2023-06-09,956.6373291015625,963.1999612386886,953.7692039290029,956.6859293232811,2306206
2023-06-12,958.0956420898438,962.4221297350715,953.8177546638132,960.4776462397716,593319
2023-06-13,960.672119140625,968.352853259275,958.1929143664306,962.5194023360262,2413311
2023-06-14,959.3109741210938,967.3805690094694,956.9289698970555,964.0749232282413,2139387
2023-06-15,960.9637451171875,967.1860565551627,958.3386805904348,961.0609455533569,2731724
2023-06-16,964.4638671875,967.0403316981128,959.7971184080045,962.5193835842994,3611214
2023-06-19,973.9918212890625,978.7558298352474,966.1652866839845,967.5264489374459,1327862
2023-06-20,964.4152221679688,979.7766300515214,962.1304184357803,979.6794296122484,1445688
2023-06-21,964.36669921875,966.2625233229683,956.2970445209778,964.4152994422806,1396686
2023-06-22,962.8110961914062,968.5473468666382,959.6999103902793,959.6999103902793,5384143
2023-06-23,963.9291381835938,968.3042262550239,950.1718930670585,966.4083428892181,1218237
2023-06-26,967.3319091796875,975.9362246475054,963.9290631667318,966.4082676794145,2066932
2023-06-27,973.9918212890625,975.498784207654,958.6304127500969,972.1931976992807,4647465
2023-06-28,993.4366455078125,997.0826115478611,967.3805774996266,967.3805774996266,5296330
2023-06-30,1022.4095458984375,1025.7151920547037,991.7353261938039,993.3881492719369,4765060
2023-07-03,1004.0340576171875,1024.4025945003948,1001.4090522345595,1023.770613595137,2338356
2023-07-04,1019.6870727539062,1024.645481348711,1001.3116821431922,1011.1312989058133,1549174
2023-07-05,1015.700927734375,1028.340070720584,1013.7079033187405,1025.7150654192678,1840716
2023-07-06,1013.5620727539062,1027.2706583468675,1011.1314682628897,1011.1314682628897,2551103
2023-07-07,1006.9507446289062,1022.0204919279075,1000.1937118611287,1004.8118602269516,1721224
2023-07-10,1015.9927368164062,1021.8261879368832,1002.4785513175946,1007.2425601356908,1221769
2023-07-11,1042.4862060546875,1044.9168104054795,1019.930245152079,1022.7983108132723,4369937
2023-07-12,1048.8057861328125,1053.6669948750273,1040.298670833937,1045.1598795761515,5088473
2023-07-13,1045.7918701171875,1051.8683811011322,1041.9514439662214,1051.8683811011322,1541690
2023-07-14,1043.166748046875,1050.021099921885,1035.4374735340812,1049.9724403611835,2641580
2023-07-17,1047.6876220703125,1051.0419271120422,1040.7847298033157,1043.8958557405447,1254025
2023-07-18,1037.52783203125,1048.9516728666197,1034.8055075934828,1048.5140928595551,2238739
2023-07-19,1051.81982421875,1055.8546516423385,1034.3194708766118,1037.5279164620838,2311282
2023-07-20,1067.18115234375,1073.8409844183948,1052.2572656131015,1055.9031720789856,5218991
2023-07-21,1066.6951904296875,1073.549424397787,1060.0838982469966,1072.771702111621,1879610
2023-07-24,1069.8548583984375,1076.611891170062,1062.1741247440089,1063.6324873866781,2130036
2023-07-25,1064.653564453125,1079.1885337182925,1060.5215362834829,1079.1885337182925,1702900
2023-07-26,1081.1328125,1083.4662164072338,1063.7296616559406,1066.5978459917385,1321572
2023-07-27,1103.44580078125,1123.2795575493697,1085.3135858717355,1096.688767637787,6366612
2023-07-28,1110.8609619140625,1116.0808282095568,1094.3719394101333,1102.4700152316484,2677679
2023-07-31,1115.593017578125,1117.154082431943,1099.59183484786,1112.2756803252532,1718336
2023-08-01,1115.641845703125,1124.618177970225,1108.3730734518597,1115.5931331379804,1448567
2023-08-02,1107.64111328125,1116.4710680570563,1099.0550785920504,1116.129484654523,1731918
2023-08-03,1113.2513427734375,1141.2533227731062,1095.0548793889393,1102.7627784133897,8460399
2023-08-04,1111.2510986328125,1117.1540124527908,1093.7865154661458,1101.5431266892583,3527805
2023-08-07,1132.5699462890625,1138.3751974914173,1105.9338216040467,1111.2512325674938,3353219
2023-08-08,1120.7154541015625,1136.2775107685652,1112.2269621091398,1133.9358536981856,3073468
2023-08-09,1124.7645263671875,1131.1064496077518,1112.568520135333,1123.154629724258,1306791
2023-08-10,1122.3250732421875,1129.7402195466807,1115.7879439080396,1122.6177058651037,1443067
2023-08-11,1104.8116455078125,1123.0081082674812,1103.0066606397806,1122.0812595546456,1756630
2023-08-14,1106.66552734375,1114.227050673628,1093.249921435902,1103.4945659473494,1824622
2023-08-16,1115.8369140625,1117.641898983443,1094.5670336869457,1107.348423115583,1224080
2023-08-17,1116.958984375,1121.007962807413,1109.8364697198888,1115.8369280797958,1964341
2023-08-18,1107.2996826171875,1121.349503852854,1101.5431445780787,1113.251309090866,1473774
2023-08-21,1109.739013671875,1116.0809368598784,1099.738288644639,1102.4701225569593,941384
2023-08-22,1109.8853759765625,1119.1055088578905,1102.518940723118,1107.3973431156983,1438879
2023-08-23,1096.3719482421875,1102.9577905241213,1083.5905596338662,1100.5674213365053,3050418
2023-08-24,1091.1033935546875,1105.5433914128043,1086.127328440476,1096.2744279985295,1575291
2023-08-25,1079.3953857421875,1095.9819542568093,1073.4924710713344,1090.8107999616013,1515282
2023-08-28,1089.8350830078125,1096.8112221759484,1078.273293279665,1083.0541513942935,1959645
2023-08-29,1084.5665283203125,1097.6895038171804,1079.5417494230473,1097.6895038171804,1749707
2023-08-30,1087.7861328125,1091.9327746307947,1083.4931151097073,1090.3228781045457,1543173
2023-08-31,1084.5665283203125,1091.6402126519242,1074.907266585095,1091.6402126519242,4782404
2023-09-01,1082.0296630859375,1090.3229472484536,1078.858701494387,1084.956704555061,2715249
2023-09-04,1081.9320068359375,1086.907952997922,1075.1997883336714,1086.907952997922,1205294
2023-09-05,1104.3726806640625,1108.37294652751,1080.273303059407,1083.0052558499438,1698118
2023-09-06,1114.568603515625,1121.0569027084575,1101.5921242315844,1109.3487366227296,2960249
2023-09-07,1105.4947509765625,1113.6903712488845,1101.152901633025,1112.275682276109,1863837
2023-09-08,1102.9578857421875,1110.373152232917,1101.0553565593589,1105.4459184596842,1789037
2023-09-11,1109.2510986328125,1112.2756841289809,1098.323406415489,1102.9578884326932,2032253
2023-09-12,1117.3978271484375,1125.7399410821288,1109.4460091423425,1114.275697930857,3989578
2023-09-13,1120.812744140625,1128.5693548816332,1114.5196538489843,1121.0566642155195,2115524
2023-09-14,1115.983154296875,1122.9104604794052,1111.0559212316743,1120.8127240525891,2065163
2023-09-15,1121.83740234375,1125.7401240508402,1116.1784082278232,1116.1784082278232,2404169
2023-09-18,1119.7396240234375,1128.8622118546634,1114.763677852006,1121.0567687303444,962842
2023-09-20,1125.10595703125,1127.8866225485242,1111.3000545698694,1120.081178793863,2303191
2023-09-21,1118.276123046875,1128.8133999885135,1113.3977210086316,1121.0567883883514,2088934
2023-09-22,1104.8116455078125,1120.0810671512324,1100.8602114618413,1114.714825104776,1585418
2023-09-25,1096.713623046875,1109.1535483939942,1094.3719662200358,1098.811240667255,1009279
2023-09-26,1098.4697265625,1102.5188239397687,1091.2984996253374,1097.640422063929,1966198
2023-09-27,1112.226806640625,1118.0321763892116,1095.8841602006835,1098.762488795848,2332018
2023-09-28,1104.762939453125,1123.9837952556554,1101.39677068866,1115.153840195686,2685663
2023-09-29,1130.47216796875,1139.0093718364399,1106.7143730258454,1106.7143730258454,2288577
2023-10-03,1113.6904296875,1133.6918794095438,1111.5439802848068,1131.3503415526498,1946966
2023-10-04,1096.4698486328125,1111.300145337312,1085.9324510627112,1110.4220090228653,1803871
2023-10-05,1091.8837890625,1101.2015834755732,1084.761394404216,1097.2988623143444,2348562
2023-10-06,1099.8846435546875,1104.6166700228255,1095.7867141119548,1100.567572244333,1056281
2023-10-09,1095.7379150390625,1106.2264792833375,1082.0295578512496,1083.9809186408822,1080276
2023-10-10,1099.10400390625,1102.909181401881,1092.5669926688029,1094.7134419732024,1092093
2023-10-11,1101.29931640625,1106.8606473733685,1095.0549376579086,1100.567556063123,1456045
2023-10-12,1102.9091796875,1105.0069164281294,1093.9328482884755,1101.5432032679078,1221965
2023-10-13,1117.4468994140625,1119.3005970414968,1094.7134966295039,1098.7137627701252,1934884
2023-10-16,1107.68994140625,1119.3492738682235,1105.494660633791,1113.7391118941616,1144308
2023-10-17,1109.1536865234375,1116.178538777188,1106.4217333682966,1110.9586717037569,798807
2023-10-18,1125.3497314453125,1133.5454701468975,1106.470340628436,1109.3485499996666,2178517
2023-10-19,1113.7391357421875,1122.0324188379461,1107.3972133748425,1119.4956737113296,1765065
2023-10-20,1114.422119140625,1117.1540719353477,1105.543451210195,1110.3243090501535,957910
2023-10-23,1095.1524658203125,1121.251917675701,1090.8107354887545,1107.39730302302,702730
2023-10-25,1093.054931640625,1102.2262332258779,1085.7373277577367,1097.6405824332514,1800673
2023-10-26,1076.8583984375,1090.7618439902894,1070.8092276621937,1088.8104832109505,2223975
2023-10-27,1084.2735595703125,1092.566842078548,1080.7123026729269,1084.9564881362337,1250965
2023-10-30,1088.0787353515625,1092.713217255448,1077.0047866226007,1088.5665755519715,1078813
2023-10-31,1062.125732421875,1092.371826895059,1042.3682029676177,1092.2254510047037,6475786
2023-11-01,1089.054443359375,1105.0069135984252,1056.2716048811844,1065.4430247016867,3973264
2023-11-02,1105.299560546875,1109.885330067187,1083.5906707978613,1100.4211583560855,3454692
2023-11-03,1113.348876953125,1117.8369829580222,1103.9823689642938,1110.8121317418015,1741756
2023-11-06,1122.0323486328125,1123.0080289359714,1112.2755456012228,1112.3730898112187,1428537
2023-11-07,1142.472900390625,1145.0097646756117,1118.666394252584,1121.0567635577333,1811831
2023-11-08,1148.0831298828125,1154.1324200916754,1142.5217989971707,1146.4245207700046,1702301
2023-11-09,1147.59521484375,1154.4738091605668,1138.4726271148209,1152.278528306469,1849169
2023-11-10,1150.668701171875,1152.7664379346947,1141.6436571169484,1145.4976663094812,957539
2023-11-13,1149.1563720703125,1158.6692555506904,1145.2048189839745,1151.400365430361,816825
2023-11-15,1152.1810302734375,1155.595911738918,1142.5217703078986,1150.8150538669227,2246320
2023-11-16,1160.6207275390625,1165.8405941289416,1150.9126355955657,1153.2542924971015,2205723
2023-11-17,1165.5478515625,1169.2554849443618,1159.059552695051,1160.8646568240424,891965
2023-11-20,1159.108154296875,1169.1088770086114,1156.425033569336,1166.9135964133523,1054810
2023-11-21,1172.1824951171875,1175.6949208529395,1157.4009127483814,1160.08403393705,999135
2023-11-22,1174.8167724609375,1185.2566244386483,1169.8408261284205,1175.6949086611733,1401782
2023-11-23,1169.6456298828125,1180.4756577499195,1165.6940768967586,1174.2801114607657,1177434
2023-11-24,1166.3770751953125,1180.1829765413602,1163.7916174417473,1170.81646861278,1376695
2023-11-28,1162.3768310546875,1171.1579547327628,1160.81576622113,1168.0358250656477,886708
2023-11-29,1172.962890625,1180.0854049511688,1155.6933957541626,1162.9621668542275,1813462
2023-11-30,1196.037841796875,1201.2089957619257,1163.3525471048847,1163.3525471048847,4672807
2023-12-01,1201.306396484375,1211.6485840774428,1195.208394471764,1203.0626687046476,1749751
2023-12-04,1201.2091064453125,1209.8438553019405,1190.8180849967891,1207.16073384865,1615837
2023-12-05,1209.4046630859375,1213.3560971653324,1190.8667358595565,1196.0866020740316,930042
2023-12-06,1210.1851806640625,1227.4059638338827,1203.3067051893954,1218.185831539528,1704590
2023-12-07,1209.160888671875,1211.6976341460563,1199.0137876735266,1201.0626928987645,1478355
2023-12-08,1205.745849609375,1217.2588065213113,1200.7210718805416,1205.9897697020212,1612113
2023-12-11,1211.209716796875,1216.0392873133367,1185.5492736952303,1205.941018623343,1172972
2023-12-12,1188.3787841796875,1219.6005584766908,1183.1589176097307,1218.6248780299093,2832873
2023-12-13,1203.111572265625,1209.4534953655834,1183.1589541533274,1188.6715726682307,2448178
2023-12-14,1201.3553466796875,1209.7461744566488,1194.476752090106,1208.8680382598661,2341190
2023-12-15,1205.697021484375,1216.1855854989064,1203.0139004574019,1210.8193434449602,3474624
2023-12-18,1222.28369140625,1237.0652741368149,1203.9896828539713,1205.697123652184,2135393
2023-12-19,1214.67333984375,1237.113990401717,1206.428887605492,1234.0406922370296,2187458
2023-12-20,1202.1846923828125,1224.4789668838403,1198.574603250551,1224.4789668838403,1837031
2023-12-21,1203.501708984375,1207.8434388913458,1179.1585319479516,1194.3302898949391,1916222
2023-12-22,1213.4049072265625,1220.5761340740623,1205.9897602883204,1209.8436500814048,2058127
2023-12-26,1217.1612548828125,1219.6004557944013,1209.160723533444,1213.404909299287,1796483
2023-12-27,1221.990966796875,1224.8692956673974,1211.0633930860122,1219.6005972668802,2005268
2023-12-28,1231.4549560546875,1233.8941568870655,1219.1614076798228,1224.4299861964769,2043365
2023-12-29,1228.82080078125,1241.0168074550154,1222.0887003786336,1231.4063780164138,1840160
2024-01-01,1229.601318359375,1233.2112884754652,1222.03979467972,1230.3330787154705,733452
2024-01-02,1264.6768798828125,1267.4088326284295,1226.5766319333552,1230.3329776323708,3174447
2024-01-03,1267.0186767578125,1272.9215914387344,1259.7499046546554,1264.6770197314293,1699057
2024-01-04,1281.01953125,1296.1914090835303,1265.5063081990133,1272.2872393262503,2851729
2024-01-05,1268.57958984375,1285.9467483498163,1255.7006563931816,1285.9467483498163,2960339
2024-01-08,1273.5556640625,1278.092482606663,1267.701581707079,1273.653208281435,1678133
2024-01-09,1291.8009033203125,1301.0210358430927,1275.0679599441407,1282.970947692469,1712486
2024-01-10,1292.630126953125,1301.0697860560751,1281.2147141536816,1297.7037363874624,1278475
2024-01-11,1284.2393798828125,1299.5088025978487,1278.3364655767978,1295.7036250593542,1320281
2024-01-12,1293.703369140625,1297.6549223719508,1273.7995844095917,1286.9224380515811,1538242
2024-01-15,1297.020751953125,1307.4117723221275,1289.459228643053,1296.8743760687362,1475983
2024-01-16,1281.5074462890625,1299.1673578101284,1275.7510268844646,1297.7038371272745,824502
2024-01-17,1267.4088134765625,1288.3371099845504,1262.8718758897542,1280.092658415127,2544642
2024-01-18,1303.26513671875,1310.7291158420103,1258.62775696589,1267.3600491894647,2842572
2024-01-19,1303.118896484375,1311.7049328182586,1296.8258046851,1307.4119146513167,1605745
2024-01-23,1344.7802734375,1360.683791674345,1283.9953400193463,1283.9953400193463,4129729
2024-01-24,1348.4879150390625,1356.195814351021,1327.2668654260158,1346.4390099312295,1719845
2024-01-25,1335.023681640625,1356.2934451728534,1315.7051600153234,1349.9028093308243,1870910
2024-01-29,1366.7818603515625,1386.2954682920542,1322.2420264070681,1331.8037419385535,3413149
2024-01-30,1338.3895263671875,1374.9287080048036,1335.8527812656537,1367.8063128774818,1935332
2024-01-31,1383.953857421875,1403.906593663787,1333.6576027479975,1338.3407973480812,5796356
2024-02-01,1373.7091064453125,1395.6619144050653,1364.8792707046864,1392.2958648252122,2442481
2024-02-02,1382.1976318359375,1398.9792867032309,1370.9773074847008,1374.7336531210974,1775449
2024-02-05,1428.2010498046875,1430.3474990931038,1388.9786253672232,1392.1008741795545,3481964
2024-02-06,1439.2261962890625,1442.0556933914122,1411.3705911287032,1414.7366410132258,1893995
2024-02-07,1459.8128662109375,1463.9595076250996,1444.3971884145442,1446.9339334593578,2259235
2024-02-08,1463.13037109375,1470.8382704274243,1449.2269247563763,1464.5451791995756,2213750
2024-02-09,1506.0107421875,1510.13191196876,1464.2588340710736,1472.7466039911415,6343881
2024-02-12,1505.6671142578125,1525.9297905641524,1492.567554249003,1510.9658463345634,4059288
2024-02-13,1513.271728515625,1521.9067081050352,1496.8359210618794,1508.6599379184343,4687838
2024-02-14,1491.880859375,1516.8044384611035,1479.762540580899,1516.8044384611035,2105672
2024-02-15,1481.57763671875,1500.3684489948828,1477.3092570616939,1500.3684489948828,2161691
2024-02-16,1481.626708984375,1493.4507261807462,1476.622397392836,1486.5820303310318,3480879
2024-02-19,1501.3988037109375,1503.9991197350944,1479.124651644045,1486.4348587910483,777823
2024-02-20,1509.83740234375,1513.0755496813574,1483.8835927403584,1503.2631271801813,2230669
2024-02-21,1514.4493408203125,1520.4348947007138,1504.2443972740848,1511.1622031776828,1993748
2024-02-22,1528.824462890625,1531.7190794783833,1506.2067821904666,1520.5328944037267,1981678
2024-02-23,1531.9644775390625,1539.029373894757,1521.3180229803293,1528.7754401959069,1340283
2024-02-26,1527.7449951171875,1537.5084268738472,1519.6497469685683,1532.700316138559,974892
2024-02-27,1553.0611572265625,1555.7104633655279,1519.9933416110382,1527.5488589559002,2140963
2024-02-28,1544.328125,1557.6729959359081,1533.3382594717345,1556.74086369023,578316
2024-02-29,1548.3511962890625,1558.0165284995628,1527.303597451945,1545.4565794968285,2350244
2024-03-01,1530.001953125,1552.2271136777301,1519.0120880181387,1550.3627294773128,4069161
2024-03-04,1522.986083984375,1539.6672023626936,1519.8461566724404,1521.4652303535047,2298105
2024-03-05,1544.6715087890625,1546.8303136168267,1506.5993811909898,1524.6542626260118,1408172
2024-03-06,1573.9124755859375,1576.6108916132823,1537.0177931318017,1545.456452024845,1761032
2024-03-07,1575.58056640625,1589.563267878529,1570.3800545690967,1580.5358874718013,2440999
2024-03-11,1563.707763671875,1596.4812816708927,1556.6428667604782,1584.853583938129,2994345
2024-03-12,1554.582275390625,1573.7165008755892,1550.51009575438,1562.3339939934203,1294598
2024-03-13,1529.3641357421875,1562.3338511456716,1515.038022952759,1551.5401864743762,2881503
2024-03-14,1540.74658203125,1544.76977120862,1517.2458773086817,1537.8519652139248,3062556
2024-03-15,1519.1593017578125,1543.9847802001032,1512.2906055637225,1539.3238792112563,3421374
2024-03-18,1541.7767333984375,1546.6829441650198,1514.4981536240264,1519.2081638721597,2281873
2024-03-19,1519.404541015625,1550.1174718969055,1511.505612631529,1544.4753288594582,3692624
2024-03-20,1520.2877197265625,1530.6888640558852,1491.9789035850547,1530.6888640558852,3412218
2024-03-21,1535.8402099609375,1541.3842522258772,1513.6151704411147,1535.4478089139473,2567975
2024-03-22,1578.7208251953125,1590.5938335563083,1536.7236051200969,1539.4711315850398,4941447
2024-03-26,1568.123291015625,1584.4118891911273,1563.2170795301995,1565.1305738778476,3649049
2024-03-27,1574.0596923828125,1595.6470206908807,1562.2356760109494,1571.9499977056885,2530169
2024-03-28,1590.15234375,1603.3500054912995,1577.788594272436,1579.7510789792798,4427587
2024-04-01,1598.6888427734375,1603.104432641463,1588.140489199821,1600.9947379706316,1148498
2024-04-02,1591.8203125,1602.368667167514,1579.7019941171525,1598.6890085625673,1921533
2024-04-03,1589.4652099609375,1598.3944903408133,1564.2963226841675,1578.8187556702956,2098379
2024-04-04,1588.974609375,1597.4623787711405,1557.3786569208612,1590.4955827706929,2439461
2024-04-05,1578.81884765625,1608.1089061131531,1575.973221053649,1580.7813322400366,1548980
2024-04-08,1569.693115234375,1588.5330375324156,1567.0438091799138,1580.7812001182474,1170390
2024-04-09,1572.4898681640625,1578.6716226771773,1562.0886041422668,1570.9688947135494,1389391
2024-04-10,1573.9617919921875,1578.3282724058622,1554.0425249753089,1572.980549671761,1928878
2024-04-12,1511.1131591796875,1565.0814862932477,1505.2257053127537,1565.0814862932477,8258068
2024-04-15,1511.162109375,1515.1360684465296,1475.592079357776,1489.1331499511796,2474028
2024-04-16,1508.7091064453125,1514.3512495213524,1496.5416782904379,1506.2068907341527,2058697
2024-04-18,1487.9556884765625,1516.5589224173525,1478.1922567678403,1516.5589224173525,3266796
2024-04-19,1494.23583984375,1499.6326725569254,1475.4940158699148,1476.7696787870693,2536516
2024-04-22,1511.211181640625,1518.9630194557144,1493.401610654075,1499.779685348172,1680307
2024-04-23,1456.8013916015625,1533.141969989396,1449.9816858093186,1532.7004588705727,9160422
2024-04-24,1457.880615234375,1474.8070433769246,1451.6006411268277,1456.8012727582052,4652803
2024-04-25,1491.6353759765625,1498.651281764692,1460.7262462271008,1462.0508992602545,3846327
2024-04-26,1478.29052734375,1503.2630941482903,1471.912452858134,1502.281851919734,1794350
2024-04-29,1493.0582275390625,1499.1420015362514,1481.7249510866986,1487.563294733624,1091667
2024-04-30,1473.924072265625,1500.4667250662028,1468.9197603647822,1498.3570301115715,1991646
2024-05-02,1490.507080078125,1501.300745569145,1473.8259606829122,1474.8072030002777,2494925
2024-05-03,1482.80419921875,1508.169286555722,1473.335187874702,1498.3568643920544,3183226
2024-05-06,1500.466552734375,1505.225553507413,1480.4491876494847,1489.52567811229,1240626
2024-05-07,1486.9254150390625,1514.20399741795,1481.7738932422997,1507.1389813712035,1532550
2024-05-08,1493.2054443359375,1497.1795234947892,1474.071219815122,1481.6758475092922,1026357
2024-05-09,1466.6136474609375,1501.25142452696,1461.8546468467457,1492.6655554568315,1477007
2024-05-10,1478.29052734375,1497.8171518675845,1463.032162777481,1466.6137208678206,1528487
2024-05-13,1496.443603515625,1501.300704942925,1473.8259208001787,1484.6195859991146,1628326
2024-05-14,1516.2645263671875,1518.9138324243547,1487.6123017216169,1496.3943715968037,2206236
2024-05-15,1498.7493896484375,1521.1707504023389,1491.8315840904615,1516.2645393060566,1207536
2024-05-16,1507.4825439453125,1512.2415449880702,1480.0077604466946,1500.3194274780956,2684392
2024-05-17,1502.674560546875,1508.4639143749248,1491.6355840961462,1507.188251406172,1341676
2024-05-21,1512.045166015625,1529.069814526163,1495.4131581336405,1501.3006115121193,1791791
2024-05-22,1510.42626953125,1534.662905614346,1477.1621327232688,1517.9817870750596,3948239
2024-05-23,1467.05517578125,1481.6757083829918,1439.482294170761,1481.6757083829918,11618479
2024-05-24,1458.8128662109375,1477.456469741132,1449.3929641728446,1475.7884057585463,5307322
2024-05-27,1438.55029296875,1472.844662753556,1433.1534604270148,1458.8128502328236,3474806
2024-05-28,1437.4217529296875,1451.355344550151,1428.639563186889,1441.3957120548366,2616438
2024-05-29,1451.2081298828125,1466.9571153883296,1438.15768025638,1440.5616757774073,2843365
2024-05-30,1431.7305908203125,1449.6873725070577,1422.3106888619184,1448.3136093550822,3133423
2024-05-31,1432.4176025390625,1451.6499282683092,1412.988956475304,1437.5200147474445,5503924
2024-06-03,1425.7940673828125,1469.9008576215206,1423.7824729030883,1468.4289942794428,1855318
2024-06-04,1403.0294189453125,1448.608200204687,1351.3669827300391,1434.183865084502,5055952
2024-06-05,1459.4014892578125,1462.0507951354411,1405.1387507610416,1422.5066888044632,2487724
2024-06-06,1445.0755615234375,1465.9760714992046,1427.7567298633069,1465.9760714992046,3004955
2024-06-07,1478.5848388671875,1481.7738761331234,1444.535781201566,1452.1404085280287,3404664
2024-06-10,1484.7176513671875,1493.156310913675,1476.8677132252362,1490.5070047029867,1433942
2024-06-11,1471.6180419921875,1496.394408426795,1469.2630366719968,1495.413166191761,1441589
2024-06-12,1478.5848388671875,1486.1404759501945,1467.7911742747885,1471.863353508939,994784
2024-06-13,1482.4608154296875,1486.1894640515413,1469.9008669189625,1486.1894640515413,1412477
2024-06-14,1487.563232421875,1489.5257168973656,1477.3092989496554,1485.4535376546135,937490
2024-06-18,1492.42041015625,1494.284794459729,1481.8720555592968,1494.0394838877069,1478241
2024-06-19,1475.7884521484375,1501.1535422136276,1471.8634828608087,1496.3454308801709,1537367
2024-06-20,1443.4073486328125,1460.0393568452203,1439.4823796358505,1460.0393568452203,4168375
2024-06-21,1439.7276611328125,1460.0884373935082,1433.496796932034,1452.3365998248933,4426556
2024-06-24,1466.466552734375,1474.7090116473055,1447.3814387525272,1447.3814387525272,3726155
2024-06-25,1476.9659423828125,1479.7134688844776,1464.3080118487667,1469.9501553806538,1833311
2024-06-26,1492.61669921875,1500.2213267921554,1467.2025005334533,1473.8258858393224,2563493
2024-06-27,1487.8084716796875,1499.3871774424035,1476.7694970340838,1496.3943408484902,3881458
2024-06-28,1492.322265625,1510.0827265565636,1487.1707437653158,1491.4882336609705,2634599
2024-07-01,1491.5865478515625,1501.3008715648602,1475.641358856184,1492.3224796513493,1451094
2024-07-02,1495.46240234375,1506.1088575356864,1479.9587258104073,1485.6008691377135,1336816
2024-07-03,1505.176513671875,1507.433418777382,1470.1953230003573,1490.8504006618987,1061099
2024-07-04,1528.6773681640625,1541.531618043965,1497.3757155538449,1506.2068960518689,2630823
2024-07-05,1538.980224609375,1545.2110883567543,1527.794040051733,1532.7002508418798,2481046
2024-07-08,1527.2054443359375,1545.2603254849207,1521.8576022664593,1541.1390362138713,1120204
2024-07-09,1555.66162109375,1560.0772115990605,1520.7294179411824,1535.4480529588843,1492840
2024-07-10,1568.56494140625,1571.116147454258,1538.1954200658076,1562.9227981279098,1899956
2024-07-11,1552.0799560546875,1572.440733097921,1542.8072645423988,1570.9688696972053,1707500
2024-07-12,1552.6214599609375,1562.5141445942818,1525.748550332855,1557.2478752429527,1426598
2024-07-15,1561.382080078125,1569.7490880778787,1552.6214266537504,1555.2298683136,832804
2024-07-16,1554.590087890625,1570.0443953164204,1550.3080525023652,1564.1382721992427,688481
2024-07-18,1569.3062744140625,1571.619482149193,1545.6817797702254,1550.3574610018181,1665636
2024-07-19,1544.106689453125,1564.8765316374668,1540.6614509812073,1559.9054966352612,1649335
2024-07-22,1562.5140380859375,1564.6304228661495,1530.719481268308,1530.719481268308,826636
2024-07-23,1576.5411376953125,1580.5278189419064,1549.6683490802811,1562.1695951931613,1502677
2024-07-24,1594.11181640625,1599.5257626562652,1567.0913509135091,1576.9348895499006,2923358
2024-07-25,1639.7366943359375,1654.9941790383104,1577.1316932353147,1589.583793492231,5329712
2024-07-26,1687.4285888671875,1696.8292162072228,1638.9491617114581,1644.313842134589,4591049
2024-07-29,1696.2877197265625,1701.7016657346844,1666.2649282269774,1688.4128891692942,3187339
2024-07-30,1674.9764404296875,1698.453255065579,1670.4484368780043,1689.2495708567535,1525840
2024-07-31,1692.44873046875,1703.867210843694,1668.6765614858525,1675.4686269324488,1594881
2024-08-01,1688.3636474609375,1719.1247047633856,1654.9941486275457,1698.5025400119764,5258291
2024-08-02,1704.556396484375,1714.5476122586576,1657.504233614562,1673.401572586208,2992406
2024-08-05,1693.43310546875,1730.494051595578,1688.1668364541615,1698.010374859142,5165558
2024-08-06,1680.8333740234375,1706.8694838882634,1677.2896042261648,1698.010299715833,1710278
2024-08-07,1707.3125,1709.6749732899702,1682.6545079669627,1693.0886348239173,1922313
2024-08-08,1709.8719482421875,1721.2904291708571,1701.3079974253963,1707.8539747323841,2480113
2024-08-09,1708.1494140625,1722.4225459745473,1702.9815559564138,1722.4225459745473,751683
2024-08-12,1706.721923828125,1721.1427319742554,1702.9814512394812,1707.8539548043084,1526788
2024-08-13,1712.8741455078125,1724.4403034826953,1698.6010143898718,1712.775734152869,2076963
2024-08-14,1714.39990234375,1725.572294479582,1705.4914519606925,1720.1583483189215,2207250
2024-08-16,1715.4827880859375,1723.7513850171242,1701.6034218945115,1722.2255883822993,2180718
2024-08-19,1720.4537353515625,1725.4246502794774,1713.4155811763885,1725.4246502794774,1363446
2024-08-20,1738.71337890625,1743.093825584569,1717.8451255905554,1724.3911026498006,1766597
2024-08-21,1737.0400390625,1744.2257500449111,1729.805062323617,1742.3063081086052,1184193
2024-08-22,1723.259033203125,1741.8140786154695,1721.0442371155948,1741.8140786154695,1369554
2024-08-23,1747.9664306640625,1753.5771998066004,1724.4896142786613,1726.3106449540192,3515492
2024-08-26,1744.718017578125,1752.1499375684837,1736.8924521570727,1752.1499375684837,933372
2024-08-27,1761.40283203125,1764.5527163386162,1739.5009585105272,1750.1811739256343,1231023
2024-08-28,1783.50146484375,1794.4770340925743,1758.4004421507382,1768.7854231329793,1768949
2024-08-29,1771.0494384765625,1798.2668470700282,1762.2395193861257,1781.5820970034213,3205924
2024-08-30,1793.148193359375,1799.5464933075689,1763.2730784025766,1770.0158781620587,3036374
2024-09-02,1787.5374755859375,1808.2581739283698,1776.9556708119962,1801.3184306403725,1617946
2024-09-03,1783.1571044921875,1810.7682796780687,1776.857215448379,1791.5241127108923,2148689
2024-09-04,1804.1729736328125,1806.2893584936423,1773.116681009439,1783.1570424584377,2473477
2024-09-05,1797.92236328125,1815.0501448392477,1791.52406305605,1804.5174862184558,1902919
2024-09-06,1796.0029296875,1821.0546880070094,1776.7587631635959,1791.081160260454,1701134
2024-09-09,1793.3450927734375,1806.683135915515,1784.4859078508314,1796.0029203464508,1544883
2024-09-10,1807.6182861328125,1813.425998258104,1797.134892915527,1801.36766281033,1460472
2024-09-11,1816.8218994140625,1828.4373232057144,1802.4503568680489,1807.6674804708248,1701900
2024-09-12,1836.2137451171875,1842.2182797313092,1811.6048982065367,1826.1241178838206,2744070
2024-09-13,1824.7459716796875,1835.8199526271706,1822.4327641360678,1835.8199526271706,1322430
2024-09-16,1833.802001953125,1844.0393062773085,1821.9406098647519,1832.86691383675,1284085
2024-09-17,1836.9027099609375,1840.3972142201903,1830.1599100672588,1833.851237033913,738265
2024-09-18,1807.273681640625,1838.7730050679127,1800.973792923091,1838.7730050679127,1202676
2024-09-19,1817.1666259765625,1826.9608995452045,1806.2894669533675,1816.3298290052458,1675819
2024-09-20,1836.558349609375,1841.7262077551336,1813.081532350721,1822.1375404657986,4229991
2024-09-23,1833.5560302734375,1845.663631761953,1828.4374378655082,1837.7888002664354,812520
2024-09-24,1838.8714599609375,1851.2251492242312,1826.9608020400597,1826.9608020400597,2528953
2024-09-25,1841.2830810546875,1846.647761294938,1829.4708352468308,1844.679053660295,956893
2024-09-26,1868.697509765625,1875.1942216194725,1837.8380383395559,1841.2832770669409,2452807
2024-09-27,1918.2103271484375,1928.6445742375151,1885.2837384543107,1887.9414458235608,3809008
2024-09-30,1896.5545654296875,1929.6780973997247,1890.9930621568226,1918.5057049356399,2608461
2024-10-01,1889.91015625,1904.478641525461,1872.5855522470085,1894.7335142236582,1275678
2024-10-03,1880.95263671875,1906.0045157156342,1866.3842710102826,1871.0599520624671,2492195
2024-10-04,1880.1651611328125,1921.7048464638563,1873.8652723204211,1880.9525721341208,2798189
2024-10-07,1875.440185546875,1887.9414314632731,1858.5093472751635,1880.1651321233626,1691999
2024-10-08,1887.1539306640625,1891.3865799503662,1871.7980352618426,1874.209654031924,2309881
2024-10-09,1900.6396484375,1916.5369874916573,1864.8584092465048,1864.9076750042254,1597182
2024-10-10,1858.2139892578125,1907.628504700873,1854.4242509491964,1899.4091740459926,2383012
2024-10-11,1872.1917724609375,1879.476015043389,1860.9209688491726,1869.2879766435224,1019117
2024-10-14,1879.869873046875,1885.775996486216,1865.44906428374,1873.2254841776166,676879
2024-10-15,1868.74658203125,1890.3532218699002,1865.0061093702523,1887.9907485174674,1383203
2024-10-16,1868.7957763671875,1884.7422606059836,1857.4757071397855,1879.0822259922827,1401914
2024-10-17,1859.9859619140625,1893.5524059099712,1850.2408342609565,1893.4539945519375,1447059
2024-10-18,1880.46044921875,1887.8923692294302,1843.3995008440684,1870.2724103837372,1203693
2024-10-21,1867.3192138671875,1890.500794607445,1860.970179733425,1888.7781754064604,660583
2024-10-22,1858.0172119140625,1876.1784929129958,1851.5696459440423,1862.3975386103818,1192915
2024-10-23,1810.5712890625,1859.9859260416238,1803.3363120609265,1850.634564161395,1673366
2024-10-24,1819.971923828125,1830.4553167459333,1800.8261686495018,1801.3676113509478,1739776
2024-10-25,1831.2919921875,1846.2541231794423,1821.1530991050695,1827.748342232607,2148004
2024-10-28,1873.1270751953125,1886.0220873554879,1806.289420823236,1834.0481529591975,2445724
2024-10-29,1842.316650390625,1892.6171083327952,1832.866877417755,1891.9281086986707,2295542
2024-10-30,1823.121826171875,1851.4712664318477,1791.5240901523641,1839.2652540932377,1900203
2024-10-31,1819.971923828125,1843.202651505273,1813.2782693392783,1830.8982279304714,2572932
2024-11-01,1829.3233642578125,1835.770810391495,1802.8934853168705,1830.8983065109048,107596
2024-11-04,1780.5977783203125,1816.132929770465,1732.5612603522018,1816.132929770465,5031861
2024-11-05,1775.380615234375,1804.320643033603,1771.2955226433294,1776.7587346839352,1658010
2024-11-06,1798.8572998046875,1811.2109880317719,1774.002366409143,1787.1435857386523,2060619
2024-11-07,1762.928466796875,1816.1328400673362,1750.9686637344926,1816.1328400673362,1909269
2024-11-08,1781.28662109375,1786.6514214260146,1762.9283986025696,1771.6400259031539,1644075
2024-11-11,1766.521484375,1789.2108898273102,1763.9129225087092,1788.9648013523845,1069649
2024-11-12,1772.673583984375,1796.445753188785,1767.0135494195335,1773.7072035777592,2471888
2024-11-13,1751.16552734375,1769.1792511529236,1742.7492537265953,1762.977773733927,1810332
2024-11-14,1740.534423828125,1767.8995088330114,1735.5635089980697,1751.8544930661983,1473358
2024-11-18,1720.404541015625,1770.8526787510282,1715.9256826744727,1770.8526787510282,1533025
2024-11-19,1749.44287109375,1778.4813095223706,1702.9321519157056,1702.98141767211,1933316
2024-11-21,1752.14990234375,1763.4207061795037,1730.5433827919237,1744.2750713219802,2014349
2024-11-22,1767.2105712890625,1786.5530289296892,1740.3869280217095,1757.0716782467896,1420813
2024-11-25,1770.7542724609375,1801.3676550251894,1756.2350522906527,1777.7431611887935,3137448
2024-11-26,1734.0377197265625,1778.4813201271122,1725.7691233468631,1778.4813201271122,1589883
2024-11-27,1722.0777587890625,1750.771696948305,1713.021751622685,1732.5611511043055,1982546
2024-11-28,1707.1156005859375,1733.1517108815951,1696.4353857445187,1722.0777304828107,3071758
2024-11-29,1753.035888671875,1767.7027858485048,1711.9882588489422,1715.6304403837553,2427677
2024-12-02,1780.2532958984375,1785.6179765952768,1764.1098678883209,1771.8370219798776,1948045
2024-12-03,1771.88623046875,1803.336288528219,1760.369218101897,1802.5980231262558,1543970
2024-12-04,1772.0338134765625,1786.4546219056908,1757.071682507599,1782.1727065434218,2320116
2024-12-05,1785.076416015625,1797.380838966904,1747.6218246481594,1780.400735294139,2742263
2024-12-06,1776.611083984375,1795.4122191417673,1772.8213455620303,1787.4389767112946,1590478
2024-12-09,1778.3829345703125,1791.4747688810555,1768.5885415154817,1786.405442603655,1528215
2024-12-10,1781.6312255859375,1794.4770915572894,1767.8995372665343,1792.5083838320484,2043634
2024-12-11,1785.6177978515625,1797.774543281156,1776.807879382763,1795.756690082125,1745911
2024-12-12,1777.2015380859375,1791.5239340846665,1769.9174160207083,1790.5395802747298,1082394
2024-12-13,1785.076416015625,1788.374097494872,1746.2929710014973,1776.512585705687,1391111
2024-12-16,1781.4837646484375,1793.9850113133236,1764.3067167237166,1790.2444183696116,1483330
2024-12-17,1761.058349609375,1787.340550029756,1755.2013719519834,1781.6805152437605,1608164
2024-12-18,1772.87060546875,1793.9356823941923,1764.7496859503647,1769.8682780674956,1732860
2024-12-19,1794.7724609375,1800.7769955181184,1762.780960132156,1772.8213215515254,1924091
2024-12-20,1780.5484619140625,1797.3808889474024,1766.0292424278111,1794.7724473375015,2513418
2024-12-23,1786.20849609375,1799.3988618924343,1768.5393923138286,1782.66484621838,1299181
2024-12-24,1790.5396728515625,1803.0901845771575,1774.937688189468,1786.503846054232,1121058
2024-12-26,1812.5399169921875,1816.1820982918753,1786.0116291014133,1791.5239865664648,1402706
2024-12-27,1832.128662109375,1836.8043430469274,1808.01199201042,1816.6250884743326,1668898
2024-12-30,1854.42431640625,1866.0888859644024,1825.9764649684644,1832.916207953389,6021550
2024-12-31,1856.8359375,1880.115931044752,1839.5605988162135,1847.4354299410084,1844944
2025-01-01,1860.3795166015625,1873.1761166918582,1849.2563901577657,1860.330371005137,1338092
2025-01-02,1848.61669921875,1866.3350701377794,1835.7708322382962,1862.3976543779952,2507223
2025-01-03,1820.710205078125,1854.5227373236849,1815.1485815418657,1848.616613956412,1515825
2025-01-06,1818.495361328125,1827.4529575024972,1797.0856646808427,1821.5468342894537,1397724
2025-01-07,1824.401611328125,1835.820092968127,1816.7728683144505,1819.6275187645492,1615649
2025-01-08,1808.996337890625,1833.4575077078648,1800.5800641761023,1833.4575077078648,1298188
2025-01-09,1797.774658203125,1812.1954663646106,1785.617911996417,1812.1954663646106,1199181
2025-01-10,1756.8748779296875,1805.8956297505906,1745.0133654438162,1796.88876758916,857827
2025-01-13,1719.5677490234375,1757.6130490134483,1715.1873023343808,1756.677840768189,1645287
2025-01-14,1743.14306640625,1756.136609882772,1714.8428919984221,1727.5410812430555,1962645
2025-01-15,1729.362060546875,1747.2281071961975,1720.355198666435,1745.0625767612908,857867
2025-01-16,1735.7113037109375,1747.8187847505599,1713.5633406575419,1747.2774621943774,2180496
2025-01-17,1758.5975341796875,1763.912949190176,1739.9439554019225,1751.1656140603568,1163986
2025-01-20,1750.42724609375,1772.2798536535424,1740.6329732814052,1761.3535498736462,1341246
2025-01-21,1735.1204833984375,1777.496964706741,1731.9705991424676,1744.3734336208743,2489267
2025-01-22,1770.8033447265625,1775.3806142498852,1746.0960866446023,1749.1968253642974,2262270
2025-01-23,1804.9112548828125,1810.9650552921403,1758.1052998671314,1760.1231532299835,1974760
2025-01-24,1793.6895751953125,1814.2625951258215,1779.9086210049752,1800.3832295804873,1277935
2025-01-27,1758.8927001953125,1795.70755920856,1746.539131141445,1789.6537588359963,1452975
2025-01-28,1678.8155517578125,1752.1499162292032,1666.6095395452621,1751.9530935162534,5972497
2025-01-29,1708.1983642578125,1716.7130487668567,1669.4640657732734,1678.8154269907534,1433336
2025-01-30,1711.8897705078125,1732.758144394765,1698.3057593629117,1713.2186241841073,2017991
2025-01-31,1716.6639404296875,1742.1587305399157,1679.3570236482724,1714.744498383712,4275269
2025-02-01,1714.941162109375,1761.0089685457685,1706.1805093164598,1712.775631788506,1477972
2025-02-03,1713.366455078125,1757.957736914368,1683.7866910849314,1753.5772897566355,2210231
2025-02-04,1737.630615234375,1748.4585074692302,1713.4155348139568,1721.9302195579874,2796294
2025-02-05,1725.326171875,1746.0468680167262,1708.0507141309702,1746.0468680167262,1787905
2025-02-06,1725.07861328125,1751.1726312742373,1719.434030122037,1735.971761815173,3421791
2025-02-07,1732.802978515625,1735.9718462530805,1710.5215372488285,1734.3874123843527,1371545
2025-02-10,1715.2747802734375,1733.0009282305343,1706.9563516410208,1724.3359235893818,1237839
2025-02-11,1683.239013671875,1717.3543258245982,1678.584716760651,1708.441749785153,2779274
2025-02-12,1677.3963623046875,1698.2913782758192,1671.6527745103654,1689.873945040826,1757284
2025-02-13,1729.3863525390625,1735.7242086574404,1683.437046786511,1683.486609452374,2750390
2025-02-14,1683.981689453125,1731.9610076703173,1668.6322532952165,1730.3765739212488,2123774
2025-02-17,1697.548583984375,1718.493161640431,1679.5749858623913,1683.981711172033,2277889
2025-02-18,1685.071044921875,1712.9476268063138,1681.9021773018378,1697.5486273920292,2163972
2025-02-19,1660.3138427734375,1682.4962781514014,1631.1003994506204,1648.9255513086105,2576319
2025-02-20,1653.0848388671875,1661.650717980516,1646.8459873142822,1650.955699312812,1670915
2025-02-21,1627.7830810546875,1668.0382427189738,1616.1472172053232,1661.7499489858033,2244190
2025-02-24,1623.57421875,1653.6789432928745,1611.24520396052,1613.9189283365738,2357441
2025-02-25,1597.9259033203125,1631.7937663322086,1590.6473234025875,1623.5743419259406,2836717
2025-02-27,1631.49658203125,1637.0421608038846,1589.458979455039,1613.1267239070628,2744489
2025-02-28,1577.7735595703125,1654.768315105597,1570.990122970159,1654.768315105597,3549979
2025-03-03,1569.7027587890625,1591.7861911944533,1566.8309043991671,1569.9008885758637,1425492
2025-03-04,1551.283447265625,1574.555174690293,1540.8854413950287,1569.6037433233423,1717135
2025-03-05,1567.0784912109375,1570.8911901349716,1537.9641709934328,1549.4019051118648,2428171
2025-03-06,1598.322021484375,1602.1841620700768,1557.274704416556,1582.7250129104102,2458676
2025-03-07,1593.667724609375,1612.9287439888355,1590.0531555879154,1608.224884259628,980890
2025-03-10,1595.8463134765625,1625.5053387117098,1587.181308671772,1606.1947565753194,1600589
2025-03-11,1639.2208251953125,1647.4401282749168,1589.755956069868,1600.4015329145766,3325416
2025-03-12,1660.5615234375,1663.9285209643763,1641.944213915485,1645.8557963652988,2389362
2025-03-13,1667.097412109375,1670.7615439253354,1647.2916862432883,1655.7586824048633,1666929
2025-03-17,1687.744873046875,1703.4408856424727,1671.949735120467,1677.5944391719095,2588408
2025-03-18,1687.744873046875,1687.744873046875,1687.744873046875,1687.744873046875,0
2025-03-19,1715.5223388671875,1731.0203426565547,1709.5311796627507,1730.8223337629315,2167448
2025-03-20,1733.24853515625,1740.0815345610301,1706.164229987911,1718.7903798654954,1602232
2025-03-21,1767.165771484375,1775.3851955195173,1733.2484682210857,1741.9134727044077,2483162
2025-03-24,1767.462890625,1802.3209171523695,1760.3327573231188,1777.068618587872,1182084
2025-03-25,1747.6075439453125,1778.5044245452243,1741.4182552927225,1767.462830296639,1471028
2025-03-26,1741.8638916015625,1753.5988799709714,1729.1387379005184,1750.776467547211,1762361
2025-03-27,1714.631103515625,1735.2786688284705,1703.2923741462057,1733.991248331399,3279881
2025-03-28,1717.8494873046875,1724.4349149589302,1688.6360433074972,1714.6310570338105,1956781
2025-04-01,1681.8526611328125,1717.1068281397131,1665.2653661235754,1714.1855319993706,4142445
2025-04-02,1697.0040283203125,1701.7573297106799,1669.523585338969,1678.5351658874724,3369489
2025-04-03,1752.806640625,1795.0918146184608,1733.000915872175,1737.9523470603813,5715573
2025-04-04,1692.7457275390625,1761.5706198924483,1641.9441169370045,1761.5706198924483,5345276
2025-04-07,1650.1634521484375,1675.5643183859863,1604.3627135400736,1604.3627135400736,5715334
2025-04-08,1671.9498291015625,1693.2409842799836,1629.0209427210527,1629.0209427210527,2807382
2025-04-09,1636.15087890625,1663.4333131976173,1624.0694351207574,1633.9722975300303,3481864
2025-04-11,1671.1575927734375,1720.1271989907707,1665.7604602343595,1693.389470509049,3801939
2025-04-15,1688.43798828125,1707.7485693788947,1680.3176897119565,1703.2922814332844,1993085
2025-04-16,1676.6536865234375,1686.1604106914103,1665.7605373782576,1674.6731139515866,2205374
2025-04-17,1734.486328125,1740.9231886061948,1671.0090050950514,1678.53515625,2683908
2025-04-21,1727.9505615234375,1743.89414652257,1714.4826922348705,1743.89414652257,1539511
2025-04-22,1730.42626953125,1737.9524210809573,1717.651552344684,1733.9912759616843,961907
2025-04-23,1771.424072265625,1773.89978786255,1725.1776323843349,1737.160071696542,1471029
2025-04-24,1786.37744140625,1790.3385865190153,1756.6688530605102,1772.6124379624794,2101177
2025-04-25,1770.0377197265625,1797.8647399968627,1747.063005516993,1788.457020343891,2036801
2025-04-28,1823.7110595703125,1828.0683430698152,1763.8977483287135,1770.0375953594596,3216482
2025-04-29,1787.9617919921875,1828.0683843907937,1779.5443590196405,1827.0780981587293,2886160
2025-04-30,1814.5015869140625,1821.037452140905,1785.7832849884787,1792.41815466574,2667314
2025-05-02,1806.876220703125,1833.2178100929195,1796.1812020112825,1814.501497161058,1885257
2025-05-05,1818.759765625,1825.39475626075,1803.7074624569946,1810.0453188536228,1219830
2025-05-06,1801.4296875,1810.144254826256,1781.524958114871,1802.3209692990913,1414772
2025-05-07,1763.996826171875,1808.658708849283,1761.4219853883812,1800.2412762935912,2015237
2025-05-08,1750.0338134765625,1771.5230976424903,1737.952369574651,1763.9969463158297,2647871
2025-05-09,1727.8514404296875,1749.1425941032496,1714.8785942744369,1734.8824483961403,1148956
2025-05-12,1669.820556640625,1695.7661278374987,1607.8286641572022,1679.2282756226243,9221075
2025-05-13,1683.4866943359375,1731.5155794390512,1674.8712519599235,1694.3798435345818,6988329
2025-05-14,1691.60693359375,1694.7759221426484,1675.6633490542597,1685.4672071623734,1639324
2025-05-15,1723.1971435546875,1727.4554229419255,1667.7411114916051,1684.575978367898,3880385
2025-05-16,1718.0477294921875,1724.6825993616694,1702.3021531137006,1723.0981654554037,1448249
2025-05-19,1713.3931884765625,1747.8551976682609,1709.8281822219678,1728.0494730487903,2074023
2025-05-20,1691.2108154296875,1731.020272191486,1686.7545275436112,1726.8611185182995,2706777
2025-05-21,1714.977783203125,1741.6163867307562,1691.2109131047398,1699.727350713084,2754306
2025-05-22,1702.0048828125,1723.0980277124547,1690.6165912500326,1717.3543192662605,2670554
2025-05-23,1667.2459716796875,1673.088684960634,1620.7025161051683,1641.8946668628182,8339783
2025-05-26,1659.8187255859375,1685.8633017834197,1650.807145071694,1676.6535914924873,2282131
2025-05-27,1667.0478515625,1675.5642889012822,1644.9644204412464,1659.8187137825698,2800622
2025-05-28,1650.2130126953125,1670.5138805929525,1646.846015306111,1667.0478787567702,2657712
2025-05-29,1683.28857421875,1686.7545760075059,1654.1741350162908,1658.7294274760316,2377583
2025-05-30,1661.30419921875,1696.9545044418328,1652.8867660410776,1685.4672080468613,3640641
2025-06-02,1658.3333740234375,1667.1469460589315,1644.37036170529,1662.6906578158278,1819538
2025-06-03,1651.30224609375,1678.5351167189842,1641.4983884917563,1678.5351167189842,2556920
2025-06-04,1648.7276611328125,1652.78781072701,1632.982085014284,1639.914089013738,1700482
2025-06-05,1666.750732421875,1677.842010747808,1645.8557171096074,1645.8557171096074,2037073
2025-06-06,1662.888671875,1672.5935257661272,1652.7878001797906,1668.63238064886,2500047
2025-06-09,1677.9410400390625,1682.2983237000342,1657.0460244174062,1663.5818894665877,2589656
2025-06-10,1672.3955078125,1690.319665194212,1661.4032334639328,1685.269229373942,2369135
2025-06-11,1674.177978515625,1678.5352623706667,1662.9878159638881,1678.3372534663927,1999978
2025-06-12,1671.009033203125,1710.7194874320173,1664.770181508742,1678.436180037128,3588365
2025-06-13,1671.4051513671875,1683.486595048421,1644.9644364318735,1650.6091404871777,2404272
2025-06-16,1668.929443359375,1673.385731425313,1639.6168740402327,1648.826584396991,2249326
2025-06-17,1634.1702880859375,1665.3643043250918,1625.158707571536,1663.680866088227,5408285
2025-06-18,1631.99169921875,1645.162554368449,1622.583980078836,1629.0208405429876,1455885
2025-06-19,1631.5955810546875,1639.2208576156943,1620.1082848742983,1632.0907241735367,1696525
2025-06-20,1648.9256591796875,1653.7780861242686,1629.615076736919,1631.5956492951518,2567882
2025-06-23,1646.350830078125,1650.8071180392387,1631.1994026565192,1647.0439820738125,840643
2025-06-24,1645.55859375,1670.0187363655616,1642.6868603667087,1654.2731610004403,2066326
2025-06-25,1653.3818359375,1662.4925416217097,1641.9935444956482,1645.5585506831444,1372945
2025-06-26,1653.5799560546875,1662.5915363574031,1634.3683794706653,1658.5313870874484,2102627
2025-06-27,1671.20703125,1679.228325601745,1651.9954540538424,1653.9760265300536,5313904
2025-06-30,1659.4227294921875,1687.9430237145828,1655.3625797780876,1679.5255900380948,2160184
2025-07-01,1651.0052490234375,1667.939241235612,1641.3995203951588,1659.4226824613615,3298070
2025-07-02,1661.205078125,1665.6613659649777,1639.9139251117736,1639.9139251117736,1611046
2025-07-03,1663.3837890625,1676.3566358267922,1658.2343488442164,1661.2052076358154,1553777
2025-07-04,1660.016845703125,1670.3157257254463,1655.3624279194328,1670.3157257254463,1264399
2025-07-07,1669.05810546875,1671.5419707006272,1652.267152244763,1663.891593016956,1550620
2025-07-08,1661.7059326171875,1671.1446210236827,1638.45692849627,1669.1575287275784,1860328
2025-07-09,1658.6259765625,1669.9524269938443,1636.3705184185847,1649.2866184425322,2178705
2025-07-10,1651.7703857421875,1659.818084868856,1636.569081949883,1651.273612693844,1741718
2025-07-11,1661.2091064453125,1669.0581450205405,1651.4723059926273,1655.0491690372774,1298302
2025-07-14,1671.74072265625,1685.948481071095,1664.686569269172,1669.554969645884,1309704
2025-07-15,1716.3509521484375,1719.7290332716816,1677.0065493687105,1693.9961640596734,3332578
2025-07-16,1690.02197265625,1720.1264690066841,1687.0413342565037,1718.834810520466,2285143
2025-07-17,1692.406494140625,1705.918697188592,1685.054228556699,1693.0025975593248,1461039
2025-07-18,1682.669677734375,1698.3677548795465,1675.81418527775,1697.9703121766654,1253929
2025-07-21,1681.378173828125,1690.4194194057986,1666.6736425079068,1670.250384339653,2390289
2025-07-22,1667.17041015625,1682.172932498894,1662.0040187807986,1675.2181095721396,1244491
2025-07-23,1671.641357421875,1678.6955106617793,1660.6130196769561,1667.6671729168602,1229173
2025-07-24,1681.080078125,1685.054262706856,1669.2568547374815,1671.6413897430925,1079045
2025-07-25,1688.034912109375,1691.0155505651303,1671.34328824415,1679.0929967421093,1088592
2025-07-28,1691.214111328125,1699.0631497208833,1682.9677515240733,1691.1147809753018,2168507
2025-07-29,1699.460693359375,1706.9122895009684,1686.1471506632306,1687.0413664567195,1325544
2025-07-30,1722.6103515625,1729.2670622088262,1701.050327485951,1708.8993662735888,2318723
2025-07-31,1695.6851806640625,1736.7186855343634,1683.0671929606474,1704.4284353742567,3233087
2025-08-01,1619.18212890625,1684.0607416859682,1597.6222257410245,1679.0930108845346,8774548
2025-08-04,1631.0052490234375,1636.7678649006018,1603.1859582998518,1619.2814778451302,1898762
2025-08-05,1621.566650390625,1633.9859772903794,1609.644096566861,1630.3099050410478,1622897
2025-08-06,1584.90478515625,1619.1821276597536,1580.7319397992544,1619.1821276597536,2376257
2025-08-07,1588.0841064453125,1595.038929127571,1560.860919118262,1570.7963800929167,3435674
2025-08-08,1576.6583251953125,1591.6608469998002,1570.6970486147889,1579.7382938387532,1654424
2025-08-11,1598.0196533203125,1649.2866104488512,1573.9757636996972,1576.6584110765473,1140902
2025-08-12,1611.73046875,1626.1368875025048,1599.7085849440618,1601.2982344809448,1679088
2025-08-13,1629.217041015625,1632.8931132931275,1606.8622524247546,1613.7176238999627,1313668
2025-08-14,1630.806640625,1640.4439895646522,1621.6659434674307,1629.216991074875,1738094
2025-08-18,1622.1627197265625,1638.953673598573,1614.9099057390576,1638.953673598573,3080173
2025-08-19,1616.10205078125,1627.4285004990954,1608.650455082994,1622.2621093279643,2656391
2025-08-20,1622.5601806640625,1625.9382618042353,1605.5705658879585,1623.4543964485918,1831706
2025-08-21,1629.6142578125,1641.8349233037904,1613.4195292205059,1620.2750215379986,1727099
2025-08-22,1631.2041015625,1640.7421202523267,1624.5472696533852,1631.4027622775534,2098310
2025-08-25,1646.0078125,1649.7833362781898,1623.4543640340632,1638.556216581851,1904984
2025-08-26,1589.971923828125,1636.7679223969371,1585.8982876602297,1634.3833874232264,4502371
2025-08-28,1575.466064453125,1589.6738227570108,1557.482903589684,1582.8183301398738,4993739
2025-08-29,1584.2093505859375,1591.3628344180145,1565.6300859249247,1570.7964774389259,3176534
2025-09-01,1553.210693359375,1589.8724480539984,1546.15641890205,1588.6802412264847,9366820
2025-09-02,1555.098388671875,1560.1655710733091,1547.944904890128,1555.8932741065087,2855840
2025-09-03,1568.51123046875,1570.8957654426454,1548.2429863968566,1552.0183889299112,2091370
2025-09-04,1572.088134765625,1586.6932147794025,1550.9255530811818,1586.6932147794025,2298657
2025-09-05,1583.3150634765625,1588.9783490975083,1565.3319030644045,1572.1873955095048,1814479
2025-09-08,1570.79638671875,1594.144720107675,1568.014409121119,1587.2892277497494,1369139
2025-09-09,1581.4273681640625,1586.6932113044306,1567.3190612603253,1569.802926650595,1709406
2025-09-10,1583.116455078125,1591.2634849715168,1572.1874474598008,1581.824796573873,2408379
2025-09-11,1599.3111572265625,1606.5640924898203,1580.731893105321,1582.2222123005806,1762484
2025-09-12,1606.1666259765625,1612.028572314202,1592.753753418016,1599.6092458711034,1878894
2025-09-15,1591.660888671875,1606.6634108691514,1585.1035085181136,1606.1666378077682,2005917
2025-09-16,1600.1060791015625,1604.5770367892105,1589.6738444970506,1592.1577098790772,1480567
2025-09-17,1609.743408203125,1611.6311701264297,1597.0260903751814,1602.1924817923948,2128406
2025-09-18,1637.9600830078125,1640.6427302584464,1617.1949451750547,1624.5472106020936,1832386
2025-09-19,1645.3123779296875,1657.3342617486428,1632.4956087001874,1637.9601123708476,3191406
2025-09-22,1633.389892578125,1647.200208505448,1624.7460894698136,1639.3511695583372,1785320
2025-09-23,1620.67236328125,1633.3898019799758,1614.6117562773588,1632.5949165803738,1967731
2025-09-24,1616.598876953125,1625.3421313727292,1614.512454345545,1619.4801849743005,1131058
2025-09-25,1616.89697265625,1632.1976070917785,1612.2272331438078,1617.3937457140107,2762750
2025-09-26,1576.4595947265625,1592.5551147894816,1538.0094080385923,1574.7706148198765,7256759
2025-09-29,1579.04296875,1608.4519109812734,1569.8029409013186,1570.7964870664462,4180922
2025-09-30,1584.0106201171875,1593.9460812700709,1575.7641388473005,1578.8441075481974,2257443
2025-10-01,1625.64013671875,1640.8414410892474,1601.4970384204441,1601.4970384204441,3109095
2025-10-03,1620.67236328125,1634.8801211423663,1589.6737732165213,1589.6737732165213,4041865
2025-10-06,1644.020751953125,1648.988482661006,1609.5447493534264,1619.4802107691883,1756916
2025-10-07,1642.4310302734375,1652.2671608996916,1636.3704233324065,1638.7549582239958,2174852
2025-10-08,1621.06982421875,1644.3188276700992,1618.4866285647079,1634.383366475718,1846507
2025-10-09,1647.7962646484375,1651.5717884738617,1621.8647347853546,1634.383391827965,2197566
2025-10-10,1660.1162109375,1665.7793752224488,1638.3575269836463,1644.3188036130591,1454056
2025-10-13,1657.63232421875,1664.1897041697284,1645.1136677155218,1651.770378019208,1375179
2025-10-14,1643.7227783203125,1659.1227436781396,1635.5756271034522,1656.8375390152728,2108287
2025-10-15,1644.418212890625,1657.9304163093134,1639.450482127689,1641.8350171503962,2088737
2025-10-16,1648.29296875,1652.1678227702848,1632.5948919631978,1643.3252382836047,2895957
2025-10-17,1668.2633056640625,1681.0800751745505,1646.0078477882328,1647.498167003813,1594147
2025-10-20,1677.7020263671875,1685.9485080320117,1671.9395313920309,1674.0259540775617,1647622
2025-10-21,1679.5897216796875,1685.0542253586216,1673.1316718773107,1679.0929486179662,74296
2025-10-23,1678.99365234375,1700.9509978610427,1671.3432742684568,1693.9961748557698,2687094
2025-10-24,1688.034912109375,1690.9162202064363,1675.1188121344358,1679.0929967421093,994307
2025-10-27,1682.669677734375,1697.473539118685,1679.092935973414,1690.0219432489805,2067904
2025-10-28,1676.1123046875,1691.7109302608092,1668.3625964373616,1681.0800352882336,2440939
2025-10-29,1704.8258056640625,1710.8864127185896,1676.4104109869058,1679.0929369886273,1016738
2025-10-30,1692.406494140625,1705.8193668325564,1669.2568209074827,1704.7264903511925,1986233
2025-10-31,1679.788330078125,1693.9960877138794,1675.9135973433574,1689.0283572513754,1560918
2025-11-03,1695.3870849609375,1701.7458042411731,1670.3496505354751,1677.3044732176897,1099955
2025-11-04,1679.093017578125,1700.156147747174,1671.343308983999,1695.983302370331,1597993
2025-11-06,1675.0194091796875,1712.77416131628,1656.24136346578,1688.0348389492265,3389867
2025-11-07,1680.48388671875,1698.9638198004336,1672.2374056301176,1683.0670823052249,1512908
2025-11-10,1686.8426513671875,1692.1083730346895,1674.9200979249385,1686.5445390181371,1235665
2025-11-11,1705.0245361328125,1707.9058442452217,1684.0607364721645,1690.618116853257,1315353
2025-11-12,1720.9212646484375,1732.8438184656877,1699.162579675458,1710.2903693410517,1833097
2025-11-13,1726.18701171875,1736.5199153752737,1714.2644585648725,1723.3057037833998,1727602
2025-11-14,1745.7598876953125,1748.7405260971425,1723.5044300384848,1726.187077369624,1667322
2025-11-17,1752.5159912109375,1756.5895059671477,1736.4204716107533,1754.4037530586884,1430618
2025-11-18,1747.448974609375,1753.1121390135681,1738.705720189144,1752.615365950657,1429522
2025-11-19,1772.5855712890625,1778.745629873463,1739.7985500161499,1750.6282267536994,2131124
2025-11-20,1765.928955078125,1780.4347046429366,1761.656658110908,1778.4476123386478,1513894
2025-11-21,1768.2139892578125,1775.864367185946,1762.2527125108188,1766.5250093591587,2199311
2025-11-24,1769.3070068359375,1774.374067871133,1760.3650916153026,1774.374067871133,3434492
2025-11-25,1765.332763671875,1780.533946272675,1754.7017476042085,1773.479793200475,1848114
2025-11-26,1793.25146484375,1795.2385571376026,1762.153421931962,1764.0411838676196,1158948
2025-11-27,1798.6165771484375,1803.1868650124306,1790.4694262511168,1790.4694262511168,2902053
2025-11-28,1819.779052734375,1821.170041561623,1795.8346154515186,1798.6165931060145,1623103
2025-12-01,1795.7353515625,1837.0668475095704,1789.3766318900682,1829.1184782396533,1869293
2025-12-02,1787.88623046875,1803.1868648665188,1777.0565535797946,1792.3571879775634,2948688
2025-12-03,1795.039794921875,1804.2798227031194,1770.9960264142678,1793.3508149664815,2114510
2025-12-04,1806.56494140625,1811.4332203221738,1786.694019194368,1796.7288106548715,1713961
2025-12-05,1793.64892578125,1808.4526664948564,1788.581743354456,1807.2604596194283,1777401
2025-12-08,1784.6075439453125,1794.3443447164593,1774.1753093830075,1793.6489109253014,2410074
2025-12-09,1764.5379638671875,1789.5752783550101,1760.563779263883,1784.4088868837098,2401728
2025-12-10,1773.9765625,1780.1364998103056,1756.4901753871322,1776.3610973977736,2321746
2025-12-11,1795.5364990234375,1798.8152497314682,1763.6436928373055,1766.525000840956,1280916
2025-12-12,1781.9249267578125,1800.1068688641526,1779.4410615128197,1796.3313451787706,1442309
2025-12-15,1785.501708984375,1792.953304888502,1766.127559633645,1767.5185484589124,1396948
2025-12-16,1769.8037109375,1780.3352753082418,1766.823072646772,1778.4475134676177,1533979
2025-12-17,1781.328857421875,1785.9984756587708,1760.0669462616247,1769.505634373104,1910628
2025-12-18,1734.6322021484375,1773.479831340348,1724.7960712643385,1773.479831340348,3461351
2025-12-19,1733.638671875,1748.6411942280731,1729.9624784130965,1735.7250944979794,2768986
2025-12-22,1758.3779296875,1761.755889388824,1731.850176147664,1733.6386076339388,1467257
2025-12-23,1744.567626953125,1763.1468905709062,1740.394660549985,1760.5636949589527,1124853
2025-12-24,1725.7896728515625,1747.647688282037,1707.9058420448107,1744.5677194551502,2224786
2025-12-26,1708.402587890625,1725.7896453422597,1696.9768072795507,1725.7896453422597,2507337
2025-12-29,1706.1173095703125,1716.3508828842944,1699.2619385257333,1708.4025141068273,1800816
2025-12-30,1709.0980224609375,1711.9793305250298,1695.9832619186739,1711.9793305250298,2639497
2025-12-31,1708.6011962890625,1714.4631425926211,1704.4283511414358,1709.0979693438983,1428439
2026-01-01,1709.9921875,1714.8605877007226,1697.8709734579827,1708.8993110343238,877515
2026-01-02,1716.84765625,1720.8218406394676,1708.3031840691413,1709.9921639216718,974123
2026-01-05,1717.741943359375,1734.7315580737024,1712.277439596829,1716.8477275780972,1416698
2026-01-06,1748.83984375,1751.2243787106395,1714.5625023779553,1714.5625023779553,1658801
2026-01-07,1771.0953369140625,1794.9404444357126,1737.2154375668824,1743.6734875206625,3059500
2026-01-08,1749.336669921875,1767.1211703866902,1746.3560314512074,1754.6025130663838,1910656
2026-01-09,1718.7354736328125,1753.8075792337372,1715.8541656008417,1753.8075792337372,1585689
2026-01-12,1724.7960205078125,1733.0425016073348,1703.037336776016,1720.9211664817421,2327272
2026-01-13,1717.5430908203125,1732.545733923659,1701.050249852691,1731.7508485323951,1770082
2026-01-14,1689.723876953125,1725.8889808162357,1678.2980963081786,1725.8889808162357,2479677
2026-01-15,1689.723876953125,1689.723876953125,1689.723876953125,1689.723876953125,0
2026-01-16,1658.129150390625,1696.9767795776202,1648.5911318579272,1696.9767795776202,3697596
2026-01-19,1664.587158203125,1676.4103810354632,1589.6737580963386,1639.3510630368492,2975272
2026-01-20,1603.384765625,1663.2955234676385,1592.4557583823232,1663.2955234676385,5019166
2026-01-21,1602.4906005859375,1634.3834075652107,1597.3240878654785,1626.4350384098784,3947877
2026-01-22,1623.653076171875,1635.8737423777015,1602.788606940213,1603.6828227352105,2279862
2026-01-23,1621.367919921875,1638.2582037789198,1614.9098702118285,1629.4156191502054,1678658
2026-01-27,1628.32275390625,1647.4981211771765,1611.8299126357558,1647.4981211771765,2666522
2026-01-28,1600.205322265625,1638.655629053745,1589.6737578761918,1629.316271469726,4124391
2026-01-29,1579.04296875,1614.5125183320524,1573.4790131992938,1614.5125183320524,5796513
2026-01-30,1585.004150390625,1596.1318182576413,1574.8699073464832,1579.042873758477,3962196
2026-02-02,1617.393798828125,1623.4544060753358,1587.8854054586088,1623.4544060753358,2721280
2026-02-03,1691.1148681640625,1713.8670991278223,1660.2156073290382,1698.8645766035488,8520586
2026-02-04,1693.4000244140625,1717.8412346118464,1684.3587790147078,1703.8322586323532,3952775
2026-02-05,1702.5999755859375,1710.0,1684.300048828125,1699.0,3074842
2026-02-06,1695.0999755859375,1709.0,1689.5999755859375,1709.0,1277116
2026-02-09,1704.5999755859375,1713.4000244140625,1696.0,1706.699951171875,2647031
2026-02-10,1707.800048828125,1719.800048828125,1702.0999755859375,1709.5999755859375,1869988
2026-02-11,1711.0999755859375,1716.699951171875,1702.5,1715.0,1175501
2026-02-12,1714.9000244140625,1719.0,1701.199951171875,1714.800048828125,1359444
2026-02-13,1697.5,1719.0,1694.5999755859375,1714.9000244140625,1148165
2026-02-16,1700.5,1715.0,1693.4000244140625,1697.5,1247403
2026-02-17,1717.0999755859375,1719.0,1693.9000244140625,1696.0,1053855
2026-02-18,1724.4000244140625,1730.5999755859375,1717.0999755859375,1720.4000244140625,1262429
2026-02-19,1713.4000244140625,1727.0,1710.0,1722.199951171875,1143429
2026-02-20,1724.4000244140625,1727.0,1708.0999755859375,1710.0999755859375,1203988
2026-02-23,1732.300048828125,1735.800048828125,1720.199951171875,1732.9000244140625,1550400
2026-02-24,1731.800048828125,1745.9000244140625,1723.699951171875,1732.0,2769363
2026-02-25,1764.199951171875,1770.4000244140625,1733.4000244140625,1742.0,1200997
2026-02-26,1785.699951171875,1792.199951171875,1760.300048828125,1764.199951171875,2076586
2026-02-27,1737.0,1788.0999755859375,1730.9000244140625,1779.0,3041489
2026-03-02,1752.5,1759.9000244140625,1712.0,1712.0,3919270
2026-03-04,1750.5,1757.199951171875,1721.0,1721.199951171875,4914857
2026-03-05,1784.5,1794.9000244140625,1748.0,1750.0,3600895
2026-03-06,1799.4000244140625,1805.5999755859375,1771.800048828125,1784.5,3669921
2026-03-09,1807.4000244140625,1815.0,1770.0,1772.9000244140625,4112775
2026-03-10,1812.800048828125,1825.0999755859375,1803.300048828125,1810.0,3298680
2026-03-11,1825.9000244140625,1843.0,1818.0999755859375,1823.0,2510495
2026-03-12,1825.300048828125,1833.5999755859375,1808.4000244140625,1828.0,2606057
2026-03-13,1801.5999755859375,1833.300048828125,1797.0,1822.0,2554627
2026-03-16,1783.199951171875,1818.0,1768.800048828125,1801.5999755859375,2452391
2026-03-17,1794.4000244140625,1806.0999755859375,1781.0999755859375,1794.0999755859375,1979497
2026-03-18,1778.300048828125,1805.0,1773.199951171875,1799.5999755859375,2436459
2026-03-19,1744.4000244140625,1784.0,1737.9000244140625,1760.5,2301164
2026-03-20,1777.0999755859375,1781.300048828125,1754.300048828125,1755.0999755859375,3591446
2026-03-23,1758.4000244140625,1775.0,1741.0999755859375,1774.800048828125,2783613
2026-03-24,1753.300048828125,1779.9000244140625,1745.0999755859375,1775.0,2040152
2026-03-25,1795.4000244140625,1809.5,1755.5,1766.699951171875,1900794
2026-03-27,1793.5999755859375,1819.0,1785.0,1785.0,2975423
