Date,Close,High,Low,Open,Volume
,TCS.NS,TCS.NS,TCS.NS,TCS.NS,TCS.NS
2020-01-01,1866.1141357421875,1880.146842222534,1854.4056409366908,1866.4584166902255,1354908
2020-01-02,1857.5478515625,1876.746243176184,1850.273182660898,1876.746243176184,2380752
2020-01-03,1894.5672607421875,1913.8087417468782,1863.0148974989854,1863.0148974989854,4655761
2020-01-06,1894.3948974609375,1916.3481665455297,1883.5904033845218,1898.312091432383,3023209
2020-01-07,1899.0438232421875,1906.6196847004483,1880.0606615696283,1894.4378575337112,2429317
2020-01-08,1941.572998046875,1945.6623325954718,1895.7724931393373,1898.3121430854048,5197454
2020-01-09,1906.3614501953125,1938.7316302093247,1902.6163971952303,1935.976752575916,3734173
2020-01-10,1905.672607421875,1923.2782232479046,1900.8945017597912,1918.11274905834,1915807
2020-01-13,1885.699462890625,1910.3214301600913,1880.835181969397,1909.3745526787739,2843893
2020-01-14,1899.94775390625,1919.662776699493,1889.702979004724,1889.702979004724,2948452
2020-01-15,1917.1658935546875,1920.6957187518296,1889.0140978490783,1905.1992943064988,2620681
2020-01-16,1927.410888671875,1936.192153869222,1906.9211297555921,1917.2089917823173,3117214
2020-01-17,1910.451416015625,1940.109815863153,1905.1997645838014,1929.090091500747,3281059
2020-01-20,1868.481201171875,1930.337627352091,1856.299165320408,1889.6164311979296,5817599
2020-01-21,1869.0841064453125,1882.4282500616882,1857.8922440573842,1868.13701863131,1902980
2020-01-22,1899.94775390625,1902.6166667883554,1871.3655003152235,1877.6502037400014,1773686
2020-01-23,1890.499267578125,1913.6241557817686,1884.243478995364,1906.7644021576966,2069866
2020-01-24,1883.984619140625,1890.499310219744,1872.4222801084982,1890.499310219744,1319430
2020-01-27,1871.775146484375,1892.6564958676415,1868.1079599578986,1889.4207430501624,1549101
2020-01-28,1884.2867431640625,1887.7813983745964,1856.8907023647682,1875.8737857532556,1743024
2020-01-29,1859.13427734375,1887.0479127340807,1855.1650028407153,1885.3653633520757,2306761
2020-01-30,1844.681396484375,1868.1081651922416,1833.5934646806065,1863.793827628287,2098567
2020-01-31,1793.944580078125,1850.2898656281682,1787.5162598295744,1846.0185033027672,3287223
2020-02-03,1814.1783447265625,1893.7346609219783,1806.1536373834547,1856.8902724620987,4728073
2020-02-04,1818.7088623046875,1843.6888327753682,1800.4593000561017,1837.0447955624147,3509339
2020-02-05,1852.1881103515625,1860.946130437135,1815.7319617026758,1824.9646010034498,2439322
2020-02-06,1836.4840087890625,1876.0463547017441,1825.3960778687367,1850.8506674679463,2640065
2020-02-07,1843.5596923828125,1856.0280862554391,1828.416324860658,1845.673675732396,2083442
2020-02-10,1865.4757080078125,1869.8332295165847,1828.4156037589491,1847.312311246495,2383032
2020-02-11,1858.0980224609375,1876.5635057275213,1853.0935615576122,1866.3816313025163,1335820
2020-02-12,1873.0692138671875,1885.365073039182,1855.1647171781426,1856.1139554838753,1620407
2020-02-13,1891.3619384765625,1895.7194604792237,1873.2849106510673,1874.9674597559865,1645948
2020-02-14,1884.6751708984375,1908.6629297792215,1873.2853619126086,1887.9541095646186,1500115
2020-02-17,1901.112548828125,1912.9769752647012,1889.8520874233964,1895.676442219534,1774724
2020-02-18,1911.8980712890625,1916.428124261766,1886.2709566042438,1898.2647268771184,2486223
2020-02-19,1895.1593017578125,1924.1947116854246,1890.1114421286647,1911.8988486174796,1760463
2020-02-20,1861.03271484375,1910.733757748042,1856.2437579611994,1902.1914535388562,2317278
2020-02-24,1825.266845703125,1880.1450921656215,1817.8029154506817,1860.3423252236662,3092877
2020-02-25,1860.471435546875,1878.1602170120473,1821.5130572184623,1825.3959604669149,2674567
2020-02-26,1832.3853759765625,1867.1587652062894,1823.1957113633828,1858.6164618327377,2686842
2020-02-27,1816.7672119140625,1829.2356030339017,1800.1138298673857,1829.2356030339017,2349001
2020-02-28,1725.864501953125,1785.7043437720645,1717.1063755044254,1784.410042483996,4298076
2020-03-02,1726.856689453125,1772.2865769478046,1713.3958728156638,1755.935280716575,2667076
2020-03-03,1756.9705810546875,1777.5068675793063,1736.0892318298856,1742.9921711214558,2757585
2020-03-04,1797.5252685546875,1807.232526496905,1747.306429599145,1774.0553181510331,3237002
2020-03-05,1833.6363525390625,1853.2233997676985,1798.2587902573837,1799.6824371579862,3937056
2020-03-06,1826.215576171875,1832.4281790120579,1787.5161015946896,1810.2957155623517,2595027
2020-03-09,1701.876708984375,1794.6780463067337,1669.6486286144302,1790.4500797803323,4940975
2020-03-11,1685.7840576171875,1714.7764875598261,1656.7054673280554,1667.9227439297556,6796449
2020-03-12,1527.1458740234375,1646.6961965549096,1517.2228987467024,1642.8995588611901,8728786
2020-03-13,1558.5975341796875,1570.4187762422782,1299.5215794726853,1456.434005911892,8029720
2020-03-16,1463.768310546875,1589.6175025323976,1446.0363429555694,1514.3323202303477,7844271
2020-03-17,1430.6341552734375,1493.6234757408445,1400.5632473218768,1492.7606083371813,5713248
2020-03-18,1427.528076171875,1478.5667121192066,1404.53263521423,1446.8563300924072,7258778
2020-03-19,1422.2694091796875,1464.9457280046643,1344.3916286068034,1355.6473622071496,5135111
2020-03-20,1562.2928466796875,1624.4821328909024,1414.1425522811655,1416.7500677432697,8547498
2020-03-23,1451.25634765625,1521.0508969686175,1406.1029077548465,1408.0585446223774,7003490
2020-03-24,1480.330078125,1538.4341958851667,1419.227253780602,1436.7845890547073,6350865
2020-03-25,1521.311767578125,1573.2012926355121,1460.2089346009172,1477.5923742985472,2765520
2020-03-26,1556.643310546875,1592.3663591097686,1497.1920398088018,1591.9751681101268,4556067
2020-03-27,1585.803955078125,1607.9678360616779,1521.398345675345,1581.8926819633803,4331250
2020-03-30,1545.822021484375,1655.7722524193052,1532.8279457230028,1534.957374158789,8513547
2020-03-31,1587.1947021484375,1612.3137899613828,1547.1259008793863,1597.0163865434904,3927593
2020-04-01,1485.1976318359375,1594.7133021278632,1479.3307209274415,1587.0211512678543,4941878
2020-04-03,1437.7841796875,1512.3591745266067,1434.1336999821272,1512.3591745266067,5735369
2020-04-07,1542.953857421875,1552.2105590348212,1481.938034736679,1486.2838940760826,5427577
2020-04-08,1482.3292236328125,1569.7245035196363,1478.4614509894247,1529.7425947921151,6285615
2020-04-09,1535.0882568359375,1546.0833046281869,1504.710629642326,1521.4421918174564,5307397
2020-04-13,1529.09033203125,1553.2098470028955,1517.5738068646085,1530.6113825249574,2990438
2020-04-15,1508.1435546875,1574.939390048746,1501.755162818742,1551.471750130801,4761399
2020-04-16,1491.542236328125,1534.001255445767,1455.9061942842382,1486.240203729346,6245533
2020-04-17,1569.898193359375,1609.6628065183957,1523.6582921915412,1564.5093701909723,9895823
2020-04-20,1580.719482421875,1590.5845621749102,1566.6823351476917,1590.5845621749102,3244282
2020-04-21,1510.3167724609375,1559.8160762547022,1501.6684472552001,1534.0886058413487,5122541
2020-04-22,1537.9996337890625,1555.8176572378761,1494.2368510750416,1510.3165307727513,3829836
2020-04-23,1632.52197265625,1651.4264597614135,1530.481179659398,1547.1258412501666,5934366
2020-04-24,1580.6326904296875,1609.6629486487066,1571.2890919771353,1599.8847642216172,2987102
2020-04-27,1596.321044921875,1629.6972661526988,1586.2386723886268,1592.5836695182143,3374741
2020-04-28,1615.834228515625,1623.613275376776,1592.8445657475825,1621.0057594098969,2678505
2020-04-29,1656.3372802734375,1662.3345869800153,1608.0113488770903,1628.8279712781014,4241510
2020-04-30,1750.903564453125,1766.1575761160182,1688.1058848889604,1720.9606302705295,5915544
2020-05-04,1677.8929443359375,1708.7920495229428,1663.2909192716863,1708.7920495229428,3729348
2020-05-05,1679.8917236328125,1718.3525741156748,1674.8939859994464,1699.317691300753,2905528
2020-05-06,1654.5555419921875,1698.1010312349426,1645.8638233369438,1686.0196271842187,3517431
2020-05-07,1644.169189453125,1681.369686362083,1636.9550196130212,1660.1184739910832,3166754
2020-05-08,1645.68994140625,1685.7587409956707,1639.4753416875915,1685.4110510484586,2686530
2020-05-11,1682.1083984375,1696.102044623859,1659.2491353274238,1659.2491353274238,2449841
2020-05-12,1694.450439453125,1700.534642108253,1660.335445994015,1680.4567945663457,3256595
2020-05-13,1694.5809326171875,1733.1286832641551,1673.720808044299,1733.1286832641551,2656665
2020-05-14,1653.4688720703125,1671.5041860429117,1643.6906897960116,1660.1180572368505,2263146
2020-05-15,1645.2552490234375,1666.5499571861421,1621.1791275631138,1665.3330954996882,3173682
2020-05-18,1691.060791015625,1697.4491831230816,1627.1766577408926,1657.510777617891,3727694
2020-05-19,1693.7117919921875,1709.1829876756553,1654.0340747591624,1654.0340747591624,3198693
2020-05-20,1698.01416015625,1706.0975010641368,1678.9792748022548,1694.8851626145165,2778505
2020-05-21,1730.695068359375,1736.6054797997292,1687.1930778332528,1691.408540385522,3400908
2020-05-22,1756.03125,1766.1571228346922,1704.6632171060728,1718.4395691128934,3663418
2020-05-26,1688.8006591796875,1759.2035688006627,1673.155568152804,1751.3810232872208,4575317
2020-05-27,1742.9503173828125,1747.0353825537281,1687.2798190957337,1702.7076191157978,3482160
2020-05-28,1742.0811767578125,1750.5121012403388,1713.3985057841626,1728.3482191243363,3475681
2020-05-29,1714.31103515625,1740.6469840065024,1705.6628179005147,1722.6985645234151,7237735
2020-06-01,1777.6739501953125,1790.494236598139,1721.9165477724925,1729.6521994321827,3747773
2020-06-02,1779.3253173828125,1808.7467656570238,1773.1542179703627,1790.667947279619,2443886
2020-06-03,1783.6834716796875,1799.0258391405448,1760.887798940715,1788.652377335745,3699799
2020-06-04,1823.260009765625,1830.62605776662,1784.2066113018238,1784.2066113018238,4048593
2020-06-05,1785.5142822265625,1828.882687226329,1778.5840972587184,1823.3037212604454,3573289
2020-06-08,1806.0,1826.2676481235671,1797.587921499789,1811.6662242065888,2957841
2020-06-09,1806.2613525390625,1826.7033011033075,1795.9749349072247,1798.45944113349,2909439
2020-06-10,1838.25390625,1858.5215545346769,1807.525536270006,1810.6202090029894,5168397
2020-06-11,1802.4256591796875,1834.984737151341,1797.3261855855103,1830.6261035714092,2269513
2020-06-12,1777.8868408203125,1786.3425483687686,1753.0426265700655,1753.2169293684392,2842642
2020-06-15,1769.5181884765625,1794.8854161548834,1744.281634683936,1777.5380321811451,2399022
2020-06-16,1783.3785400390625,1807.9175617155925,1770.4769422085574,1800.1156502514382,2146528
2020-06-17,1785.1220703125,1794.7546934059535,1766.5978769881328,1783.5529196073005,2703527
2020-06-18,1776.6661376953125,1795.059549490019,1765.4208421619967,1782.6810731119187,1944389
2020-06-19,1782.33251953125,1821.9089358801286,1771.3487835925462,1780.0660512283362,5681758
2020-06-22,1767.8182373046875,1789.001240100654,1760.1471056771952,1787.039854894063,3196138
2020-06-23,1774.22509765625,1781.8090761101453,1752.1703732785677,1766.9897246943565,4205944
2020-06-24,1780.2401123046875,1799.4617273965787,1770.9998311477382,1773.0919963786562,2560937
2020-06-25,1757.4881591796875,1795.7569821694756,1751.5168526330187,1773.9638149101372,3043931
2020-06-26,1847.058349609375,1858.5214714920594,1760.8444444616637,1765.2467072098596,6300722
2020-06-29,1832.0648193359375,1854.6863034536816,1823.04257329481,1837.6003704771572,3076341
2020-06-30,1815.065673828125,1840.999543303903,1808.8765419164827,1830.626080643153,3071725
2020-07-01,1823.696044921875,1842.7867761932632,1812.755831314534,1812.9301341050098,2503466
2020-07-02,1880.4459228515625,1887.2890653312033,1828.8833529167966,1832.3702611206418,3758699
2020-07-03,1917.493896484375,1922.157720300394,1883.1479434371547,1886.1117296223279,4185208
2020-07-06,1972.8919677734375,1978.7324945216915,1922.1575127234787,1922.1575127234787,5190366
2020-07-07,1978.732421875,2007.3251012210274,1945.8247377746334,1983.1783133333547,5630055
2020-07-08,1934.2745361328125,1982.6553741516789,1924.424193425952,1978.819861312187,2793358
2020-07-09,1921.5908203125,1956.5905618972074,1909.9968127340276,1943.0787981594453,3443998
2020-07-10,1937.2823486328125,1961.2548382255134,1896.8777219533533,1922.3757336110443,9610320
2020-07-13,1935.2340087890625,1956.9835556473683,1926.5167384792019,1935.2340087890625,2963503
2020-07-14,1893.34716796875,1951.7964982548376,1887.2887086742846,1926.5164185543506,2976738
2020-07-15,1947.3504638671875,1970.1026190665104,1901.323457893274,1904.7231073718253,5569321
2020-07-16,1952.4615478515625,2038.300835054344,1939.662187294027,1960.5431092421552,8582118
2020-07-17,1922.7564697265625,1960.4557785528784,1913.4081110572538,1954.4274555393936,4509135
2020-07-20,1929.0030517578125,1945.6030153451527,1914.063212510011,1922.9747292492623,2952646
2020-07-21,1943.9866943359375,1955.8686447186794,1923.1055609956898,1948.311378727107,2665286
2020-07-22,1914.1943359375,1949.18535733432,1908.296979970666,1949.18535733432,2861534
2020-07-23,1896.9388427734375,1914.1940670675217,1889.7746910432481,1914.1940670675217,2265766
2020-07-24,1884.8822021484375,1889.7749085915461,1856.662433100428,1882.3486086733637,3665100
2020-07-27,1928.0419921875,1935.2061438294475,1890.2115088826229,1891.5220322305886,4248480
2020-07-28,2017.9871826171875,2026.9424239298082,1935.2058056053988,1935.2058056053988,8092319
2020-07-29,1988.5443115234375,2046.1636069847139,1962.3338468737613,2002.4794992352538,6090431
2020-07-30,1991.558837890625,2060.142899647332,1985.2246411041774,1997.1503193884676,7098496
2020-07-31,1993.218505859375,2039.8732637906394,1972.2938596186316,2012.221093901,4723290
2020-08-03,1969.41064453125,2012.832820484122,1948.922839614811,2001.1253510309296,4012337
2020-08-04,1965.5228271484375,1982.952744595158,1943.986645970862,1974.478069809921,2927928
2020-08-05,1974.0853271484375,2009.4694633509212,1968.4063917085327,1974.5221683361226,3800641
2020-08-06,2016.5462646484375,2026.5061578575705,1979.196345162164,1987.6272942987596,4748047
2020-08-07,2005.4068603515625,2033.93250365836,1998.1115274341362,2016.4588567197143,3165491
2020-08-10,1994.4422607421875,2031.311616015616,1988.544904437626,2025.1958391071819,2929353
2020-08-11,1991.908447265625,2019.953738032033,1988.1517835323536,1994.6169480653682,2774423
2020-08-12,1972.206787109375,2006.3239096239308,1962.770975791469,1999.2909378859288,3415751
2020-08-13,1969.6728515625,2009.4691196133688,1966.2218494303854,1985.8796995135597,2695682
2020-08-14,1958.9266357421875,1993.1314249319216,1951.019981761525,1989.3745484734827,2270405
2020-08-17,1968.75537109375,1983.258580838026,1955.5191711721197,1977.1428054786138,2625630
2020-08-18,1983.04052734375,1999.8589126951617,1964.3000834695908,1976.9684776303945,3493374
2020-08-19,1971.5513916015625,1996.014493868632,1967.969209163355,1988.8066155220847,2843005
2020-08-20,1968.275390625,1988.9816199028137,1957.0922137534417,1971.9010870995226,2895164
2020-08-21,1964.562255859375,1984.1326555606536,1957.9659113279085,1974.5221495231515,1975294
2020-08-24,1964.125244140625,1974.4782513104003,1948.311509349583,1966.3094498685953,2167966
2020-08-25,1959.3634033203125,1965.7850531477936,1951.4130228639347,1961.4166419185765,1663419
2020-08-26,1968.8427734375,1974.434254014468,1936.4728063237833,1958.7954284654425,2618149
2020-08-27,1964.38720703125,1998.4173034137866,1958.5773050300745,1979.7641009024865,3579393
2020-08-28,1955.7816162109375,1991.9519792364244,1952.767454842372,1981.8609056970095,2941136
2020-08-31,1972.119140625,1988.6753756100322,1946.5639363440027,1957.048122715694,6018154
2020-09-01,1962.5960693359375,1990.2480252797234,1958.1839316240225,1982.3848855837105,3610908
2020-09-02,1979.0216064453125,1982.1669484112724,1958.490070009978,1963.1643561785693,2084137
2020-09-03,2009.0322265625,2030.43744054414,1981.5112371575342,1981.5112371575342,4654146
2020-09-04,1999.6839599609375,2030.6559528076225,1977.0991886642516,1987.6271023501522,5231303
2020-09-07,2033.1021728515625,2047.4742021457685,1994.922303997522,1999.8585230260994,4620401
2020-09-08,2051.580322265625,2088.4933920288986,2033.102030651394,2040.8777162395872,7453998
2020-09-09,2033.6268310546875,2061.016860665987,2026.9432457588346,2031.3116579264183,3866535
2020-09-10,2036.684814453125,2051.8432907013644,2030.7002174855616,2040.0485772994189,2308813
2020-09-11,2074.209228515625,2081.9849156454634,2035.8107208864612,2036.5097093849656,4145424
2020-09-14,2176.69189453125,2189.2293202671613,2080.980173708576,2082.9459587911265,7512131
2020-09-15,2176.69189453125,2217.405573117053,2153.2773806334912,2176.69189453125,7318770
2020-09-16,2186.826904296875,2190.84592839479,2164.373310744429,2174.5516247187575,3074003
2020-09-17,2150.088623046875,2180.492812709975,2141.0461383415072,2166.7323151440405,4828176
2020-09-18,2140.43408203125,2184.555036131934,2128.639371529087,2171.100414657407,4183256
2020-09-21,2153.888671875,2188.4863574328933,2142.3996234893257,2153.626524566718,4598809
2020-09-22,2204.256591796875,2232.258150592757,2147.510972272797,2171.1003930422703,7499613
2020-09-23,2155.767578125,2201.548663502787,2104.7008849102203,2192.9428066104824,7502280
2020-09-24,2037.6453857421875,2140.521468568275,2011.7407928818816,2140.521468568275,8424708
2020-09-25,2116.3203125,2131.7844438793554,2054.987868291273,2068.879329141932,8228267
2020-09-28,2119.81591796875,2135.280055744922,2067.1328199232753,2131.785325702786,4347166
2020-09-29,2174.071044921875,2193.8600778616924,2119.815499703822,2127.2855263552406,6995811
2020-09-30,2177.478759765625,2188.574483950127,2149.25877465761,2174.5955650905657,3917166
2020-10-01,2204.69384765625,2219.153334285986,2177.4787257472676,2192.9428618337893,2610337
2020-10-05,2364.009521484375,2383.492678705133,2274.2386685206757,2289.047540290917,17412105
2020-10-06,2371.435791015625,2390.3946533177104,2315.345432819533,2390.3946533177104,9846367
2020-10-07,2390.35107421875,2420.099999544905,2361.563284754469,2395.6368948563645,9656101
2020-10-08,2468.76416015625,2520.5735658865633,2446.3105665450184,2446.3105665450184,19839329
2020-10-09,2457.624267578125,2472.389624533133,2428.8364821496007,2455.0469477843085,7739245
2020-10-12,2472.521240234375,2493.48961824343,2446.9660295358394,2459.8528451872376,4623203
2020-10-13,2469.507080078125,2494.2758486357666,2456.9696520652674,2485.626478022248,4209878
2020-10-14,2465.16357421875,2493.591484344709,2445.816700894613,2493.591484344709,4395936
2020-10-15,2404.62255859375,2481.0885199480686,2392.6897334977925,2466.3919475109255,6629355
2020-10-16,2424.539794921875,2431.8660178338555,2396.462759469137,2412.9580606397767,5273773
2020-10-19,2379.134033203125,2433.9280814520566,2374.7909094976303,2433.9280814520566,3331194
2020-10-20,2403.21875,2421.556478070708,2384.749282299319,2390.935047006207,3406273
2020-10-21,2347.4150390625,2411.992291967158,2336.5791891219355,2403.218220333956,4570143
2020-10-22,2343.68603515625,2357.2858460515677,2314.687900067399,2334.7804382219956,5262294
2020-10-23,2357.418212890625,2370.754762345898,2342.7655523533685,2358.295620278614,3499091
2020-10-26,2358.64599609375,2377.7296027252714,2343.115931470247,2360.1814586962864,2672752
2020-10-27,2307.712646484375,2384.9244862771034,2302.4045038672325,2368.780278186564,3537502
2020-10-28,2300.737548828125,2330.3500473861573,2286.523592362426,2325.129516408453,3569445
2020-10-29,2309.906005859375,2329.5161426883374,2281.4780979379843,2288.2780038158885,3105968
2020-10-30,2338.158447265625,2346.493814897958,2300.21058936053,2312.932992588828,3427003
2020-11-02,2285.294921875,2338.158706671318,2281.3026761976103,2333.903195986818,2571196
2020-11-03,2310.739990234375,2338.290494238278,2282.1803392918623,2284.768648028696,2879269
2020-11-04,2327.893310546875,2388.1713690764577,2290.0332676868647,2290.0332676868647,4893928
2020-11-05,2356.452880859375,2377.773922340972,2340.045406230027,2355.838738555539,2816502
2020-11-06,2375.5361328125,2380.625137526077,2352.5920197144133,2368.1220846523106,3884421
2020-11-09,2392.339111328125,2407.6059144599903,2364.700778126416,2396.287444642655,3646592
2020-11-10,2324.779052734375,2380.5381293110804,2314.9082181256367,2366.5435221968555,4760020
2020-11-11,2358.295166015625,2362.682202110523,2319.3381569664807,2340.87854703458,3242441
2020-11-12,2343.59912109375,2380.4063193487827,2335.4391892836798,2356.7163191193627,2437505
2020-11-13,2331.1396484375,2338.2026057664675,2312.8456207228182,2330.174414732407,2548093
2020-11-14,2342.98486328125,2359.348425097145,2333.94752450064,2349.653030787036,298819
2020-11-17,2339.2119140625,2364.6128140653127,2325.1733964279747,2364.6128140653127,2827273
2020-11-18,2304.6416015625,2337.588285699119,2287.4445484811836,2334.7806254216334,2893762
2020-11-19,2313.63525390625,2348.07349088108,2308.3271110405285,2313.723080321704,4167501
2020-11-20,2334.122314453125,2347.9414767320977,2305.4311441827363,2329.515927026801,2711471
2020-11-23,2390.2763671875,2395.3214581708266,2338.2899948810455,2360.225173069423,3706418
2020-11-24,2388.3466796875,2406.728320518279,2373.386841779783,2399.182531751046,3120516
2020-11-25,2370.139892578125,2397.9097422005934,2358.645773638906,2394.444026923885,3302249
2020-11-26,2387.073974609375,2396.155010072636,2351.451158685298,2356.7156015778774,2341099
2020-11-27,2351.14404296875,2384.529428708383,2341.843655471187,2373.386400465167,6086808
2020-12-01,2392.51416015625,2400.4984376982857,2302.7114413829427,2350.5740502730196,3605017
2020-12-02,2412.474853515625,2416.9934146189785,2371.1488913851076,2385.670022447742,2509032
2020-12-03,2377.291015625,2433.839869687464,2369.701528644834,2433.839869687464,2852548
2020-12-04,2393.172119140625,2403.0868636242376,2368.122100027345,2378.475548123412,2686527
2020-12-07,2402.078369140625,2407.6060790009005,2374.3961208347323,2382.1612625683106,1996400
2020-12-08,2454.37158203125,2461.6101925479306,2397.4716306491555,2404.096098873242,4277818
2020-12-09,2466.215576171875,2491.835817082843,2450.729214486479,2469.900642636691,3659996
2020-12-10,2442.96484375,2480.693352329908,2439.411301843931,2472.5334227483854,2127801
2020-12-11,2442.35107421875,2463.4964618669114,2425.6364221182325,2450.3353522146563,1795408
2020-12-14,2454.722412109375,2460.250121058043,2418.35392159994,2458.4953064210545,2483658
2020-12-15,2423.004638671875,2452.0906105826543,2417.2575769082077,2444.4572084451056,2365509
2020-12-16,2469.19970703125,2474.113273846714,2422.039062245629,2438.3150113347288,2565149
2020-12-17,2490.2578125,2503.8576281429437,2461.127927642436,2466.3923724074466,2863460
2020-12-18,2510.26220703125,2542.7262761190364,2497.2765365539835,2516.40405793975,6076692
2020-12-21,2474.420166015625,2532.6362273396303,2443.5793844243444,2510.2623406958883,2705195
2020-12-22,2520.3525390625,2530.1355450441774,2473.104068964434,2486.572357076806,2881737
2020-12-23,2552.158935546875,2561.152361963499,2514.1671498910728,2523.467754601367,2790988
2020-12-24,2552.685302734375,2563.2141915255484,2529.7409707171346,2552.378124460316,1807144
2020-12-28,2570.2763671875,2588.0877748119547,2546.2354974513332,2553.2547545084008,2108994
2020-12-29,2571.2421875,2590.1064451458797,2562.029410510152,2562.029410510152,1994151
2020-12-30,2552.64111328125,2586.333468082579,2546.2359971176083,2574.6639080930568,2637968
2020-12-31,2511.797607421875,2548.868063771041,2496.223628718971,2544.4810275167015,4040956
2021-01-01,2569.26806640625,2579.5776027437464,2526.055754523553,2526.933161871425,2681440
2021-01-04,2666.83544921875,2676.7501940827437,2580.4108342495947,2588.3514127818057,5113293
2021-01-05,2713.821533203125,2732.4664435104532,2666.9680560445695,2666.9680560445695,5801309
2021-01-06,2677.408203125,2731.807452213563,2664.8612367027454,2719.96245442815,3726716
2021-01-07,2661.0009765625,2703.160441346511,2632.4413253081198,2698.0275228139217,3717827
2021-01-08,2738.30029296875,2744.5299703376445,2684.8662753303042,2711.1884937158957,5879039
2021-01-11,2787.04052734375,2834.0257336650902,2760.8061333263317,2834.0257336650902,9508039
2021-01-12,2785.63623046875,2816.4770067115314,2763.83257667954,2787.0399534098296,3611458
2021-01-13,2771.685791015625,2787.523035871465,2742.994614697251,2785.7682212439095,3572801
2021-01-14,2857.615478515625,2871.504937638506,2743.071705797272,2773.4878549669324,6931542
2021-01-15,2842.363525390625,2878.0979173503197,2821.836992881651,2843.813916502225,4131692
2021-01-18,2832.165771484375,2862.933460473885,2801.9693965858955,2856.9996918830507,4160906
2021-01-19,2866.40625,2882.4934015692174,2841.176783736417,2842.055860711583,2975735
2021-01-20,2908.689453125,2925.5236885437785,2872.0319922994604,2874.5812292548167,3453446
2021-01-21,2877.96630859375,2908.997554851266,2867.637153892933,2905.349471166,2778546
2021-01-22,2903.679443359375,2922.9311445997478,2849.8797570632864,2849.8797570632864,3052459
2021-01-25,2893.3056640625,2935.9408910625407,2882.185213197653,2908.8212845357853,2272887
2021-01-27,2866.714111328125,2906.624121525152,2836.78149637115,2900.9541177641136,2786662
2021-01-28,2810.01318359375,2878.9767204312448,2798.804953613445,2839.4182616772277,3083938
2021-01-29,2735.1162109375,2827.858831085349,2725.1386015007743,2821.881064777732,5445659
2021-02-01,2759.730712890625,2782.2789541121247,2675.9986211436485,2725.138943996078,3985846
2021-02-02,2816.078857421875,2834.1439306728867,2769.0922399564497,2790.190085594213,2881837
2021-02-03,2813.08984375,2844.692612763549,2780.2122416423435,2824.473845738344,2505866
2021-02-04,2802.89306640625,2846.319599731516,2791.948600489851,2827.155677875,2057261
2021-02-05,2776.0810546875,2818.188970021207,2750.631819511196,2812.12321020043,2366135
2021-02-08,2825.441162109375,2835.902091416347,2773.6194069400876,2803.81578443039,2526592
2021-02-09,2792.739501953125,2853.308033128852,2781.399495042567,2808.650880739887,2658751
2021-02-10,2824.738037109375,2830.1002777917115,2775.509727373465,2799.860116229869,2127983
2021-02-11,2818.321533203125,2830.013303011284,2799.9049085907577,2826.2332280873507,1165882
2021-02-12,2804.958740234375,2853.044205879988,2797.2228202465326,2799.1567465888947,2777404
2021-02-15,2760.169921875,2820.958008762423,2752.873540069198,2820.958008762423,2630853
2021-02-16,2732.874267578125,2784.6078135757903,2725.138348053523,2769.0921923769665,3435770
2021-02-17,2701.49169921875,2754.0165516150078,2677.2730841859975,2729.6221641004277,3678426
2021-02-18,2687.6455078125,2723.2918999265667,2664.481748565389,2694.3703594037997,4189909
2021-02-19,2700.392578125,2713.8422835830916,2651.4278209785657,2688.2172766850695,3725028
2021-02-22,2600.705322265625,2721.6224072152963,2587.255401166751,2721.6224072152963,5366696
2021-02-23,2619.82470703125,2661.8446221272084,2609.1000127059297,2610.8581663533055,3832829
2021-02-24,2591.60693359375,2640.17593679513,2567.915637260526,2612.616787592777,3774549
2021-02-25,2633.099365234375,2663.5153004809417,2609.496062078548,2614.3749823229737,4224073
2021-02-26,2544.3125,2612.9244999684947,2531.7416564902746,2602.0678136150045,5553153
2021-03-01,2570.596923828125,2606.4633083985727,2550.905684849813,2572.17930535387,3265871
2021-03-02,2642.8125,2659.207195706354,2591.5182852701923,2602.0672063771267,3306469
2021-03-03,2689.1845703125,2693.49196181922,2634.505808531232,2667.9987284991294,3509857
2021-03-04,2680.92138671875,2708.8320846205593,2651.3405281757014,2657.4500710919388,3916760
2021-03-05,2644.3076171875,2692.78862797106,2634.2422284443805,2651.3842299729936,3203686
2021-03-08,2643.341064453125,2666.241067751004,2633.715212325093,2651.296755798558,2003125
2021-03-09,2682.020263671875,2696.0415006414014,2630.28670456108,2643.340870863011,1942397
2021-03-10,2699.601318359375,2719.160780509051,2689.975468674562,2703.1616229327706,3053778
2021-03-12,2688.17333984375,2740.0828771190104,2673.5807911171387,2703.16164489604,2938317
2021-03-15,2695.381591796875,2724.2593542453787,2673.272893275314,2673.272893275314,3097083
2021-03-16,2733.973388671875,2761.180778120956,2689.975543155086,2689.975543155086,4894756
2021-03-17,2736.5224609375,2773.487688424811,2712.216069895808,2729.5338423325,3838390
2021-03-18,2669.317138671875,2765.971605676394,2625.846826743809,2747.950528336439,3656306
2021-03-19,2681.360595703125,2724.259595798463,2641.6263586235505,2663.603283404112,5776626
2021-03-22,2751.203369140625,2759.8183670461376,2653.6258178158228,2680.04212576032,2821646
2021-03-23,2762.587158203125,2785.794702569668,2745.225389387804,2760.3014724104632,3305973
2021-03-24,2743.68701171875,2771.11416820784,2734.9400248267016,2734.984021595591,2207104
2021-03-25,2694.2392578125,2752.2583404265592,2681.1848783769724,2735.8634254319945,3179786
2021-03-26,2695.953857421875,2740.9625647597964,2675.075775025132,2716.919718762905,3697370
2021-03-30,2776.6083984375,2802.892712023387,2690.766409978978,2710.194095407423,4694008
2021-03-31,2793.57470703125,2817.441559826417,2753.2689439551755,2773.487713339265,3530069
2021-04-01,2782.2783203125,2826.2321642352886,2764.6967827433846,2805.222312687547,4285076
2021-04-05,2847.242431640625,2868.4282733530854,2769.9716485858326,2787.553188722842,5317862
2021-04-06,2869.922119140625,2878.976653524238,2839.4181956895536,2878.976653524238,2291562
2021-04-07,2875.81201171875,2881.2184632873655,2843.637926767542,2864.9115442831585,2491268
2021-04-08,2916.205810546875,2931.721431827485,2871.1091231096307,2874.5814339058097,2578118
2021-04-09,2920.513916015625,2948.732376971465,2907.987067252521,2948.424614136927,2911129
2021-04-12,2853.967529296875,2934.4470730375683,2824.650224965105,2920.5136164862206,3791828
2021-04-13,2728.69921875,2825.3536995556697,2701.4478296130287,2825.3536995556697,8654596
2021-04-15,2829.70458984375,2845.7917402961693,2714.105975634484,2778.146814676858,6062760
2021-04-16,2808.782470703125,2854.362693807616,2797.7502273047353,2838.5393096103458,3224657
2021-04-19,2779.46484375,2803.375687847167,2755.993538017187,2785.7941532730233,2679106
2021-04-20,2764.3017578125,2835.331225793192,2748.302598557501,2835.02346298085,3141893
2021-04-22,2741.66552734375,2767.3345341010545,2729.753990475635,2767.3345341010545,1988980
2021-04-23,2733.489501953125,2741.840732140793,2717.270576775486,2729.5336560747555,1615309
2021-04-26,2725.842041015625,2771.7298181062615,2714.633809115576,2726.9408872803356,2490260
2021-04-27,2753.26953125,2756.8738332781295,2727.776294849537,2730.4135262013087,1471417
2021-04-28,2746.32470703125,2769.9717939087773,2735.6877888429435,2769.0487200794746,1639037
2021-04-29,2738.54443359375,2775.5536585645473,2729.9734334404593,2765.2245045336585,1621395
2021-04-30,2668.569580078125,2753.312718021885,2654.8121130877844,2724.259184920213,3072305
2021-05-03,2669.756591796875,2685.5799762724573,2640.7470535916405,2659.119675274267,1545831
2021-05-04,2680.965087890625,2716.3479372348656,2667.9987021060897,2692.4370856948617,1990777
2021-05-05,2721.358642578125,2724.6111845742857,2683.2945653222314,2698.766406463981,1939289
2021-05-06,2735.203857421875,2755.0270850191914,2702.2824694795772,2729.9733926378744,1791671
2021-05-07,2754.059814453125,2777.7511075730526,2735.51142144039,2754.147807986654,1912540
2021-05-10,2765.136474609375,2781.575170224942,2747.115397601112,2765.5320163029514,2137153
2021-05-11,2745.005859375,2749.8407827575666,2717.358716701784,2747.1155582763954,2415625
2021-05-12,2714.238525390625,2742.7205374319688,2699.294214770002,2742.7205374319688,1978558
2021-05-14,2682.50341796875,2723.8200362366615,2672.3940326478782,2723.8200362366615,2043935
2021-05-17,2698.5458984375,2703.336823881444,2668.8770576288784,2685.579516158177,2890462
2021-05-18,2715.29296875,2746.236434952546,2705.798894617137,2725.1385878210285,2098538
2021-05-19,2709.31494140625,2740.961709054084,2696.216781754915,2711.073095164463,1986041
2021-05-20,2689.975341796875,2715.2927997021698,2683.030720062466,2696.2168736987255,2329027
2021-05-21,2707.996337890625,2714.765186965572,2685.6678709113507,2690.854338673333,1685566
2021-05-24,2708.875732421875,2729.5340415933547,2700.5245010546814,2708.875732421875,1652260
2021-05-25,2750.83544921875,2763.42356904899,2722.655814602885,2731.4011589545203,1841613
2021-05-26,2790.146240234375,2795.888190705017,2741.8255617150744,2756.1362259082634,1923753
2021-05-27,2809.13916015625,2842.4866454694256,2793.061740172022,2793.194160468886,5959785
2021-05-28,2776.984130859375,2825.0397552505065,2769.961110903209,2817.5310504601284,1763701
2021-05-31,2790.720703125,2800.6146992644194,2763.7337050232063,2782.637888857994,1652799
2021-06-01,2785.28759765625,2800.260794224567,2766.7366812113464,2799.068364711175,1377441
2021-06-02,2764.484619140625,2790.9859340260614,2751.719862271124,2783.3890198265212,2240078
2021-06-03,2774.907958984375,2786.656916039065,2758.477060767355,2786.656916039065,1281706
2021-06-04,2777.116943359375,2788.689270408547,2760.5536216295973,2763.203753106362,1836060
2021-06-07,2811.966064453125,2818.370548707964,2768.1506877795873,2778.2211008923114,2559821
2021-06-08,2826.9384765625,2854.1907399662523,2815.498788937065,2825.039302510701,2574057
2021-06-09,2827.02783203125,2844.474531408679,2814.616339467073,2828.5737421026674,1710925
2021-06-10,2841.646728515625,2848.0069987787656,2820.6223160982004,2835.6397227294783,1874324
2021-06-11,2891.99951171875,2923.0943373291366,2836.523395939516,2837.0092963972816,3452954
2021-06-14,2894.252197265625,2922.8293126007034,2888.951935490787,2896.593059948897,1847360
2021-06-15,2882.238037109375,2913.3770734462396,2872.3442587686054,2913.3770734462396,1304985
2021-06-16,2892.485595703125,2910.4621884354497,2873.62541029358,2881.6642273428124,1635552
2021-06-17,2930.82421875,2946.9900619599393,2879.8091939190717,2884.6677677124935,2273413
2021-06-18,2912.75927734375,2966.380222751199,2893.0599254050558,2960.1081592410437,3380431
2021-06-21,2891.381591796875,2902.7770698023915,2872.4771929821286,2884.226151218749,1130569
2021-06-22,2916.20361328125,2939.0389911147163,2901.8929514488364,2918.6771115942024,1708688
2021-06-23,2881.045166015625,2940.761527212166,2876.6282817752945,2940.761527212166,1467104
2021-06-24,2980.16064453125,2988.4643018161614,2896.151408071027,2901.0099814260343,4155204
2021-06-25,2986.520751953125,3003.1722775928047,2959.3126995223847,2981.6179668844566,2722861
2021-06-28,2947.608154296875,2995.973044219031,2944.2954906035766,2995.973044219031,1355238
2021-06-29,2951.230224609375,2973.7121267952775,2938.553678014563,2952.2460219223417,1497322
2021-06-30,2955.558837890625,2987.5812567424623,2949.1543541202577,2955.779682158569,1693146
2021-07-01,2951.803955078125,2969.9131817963957,2943.721142590661,2966.37967414405,990310
2021-07-02,2937.626220703125,2950.21434389237,2910.9040644592897,2942.529006552582,1682274
2021-07-05,2933.6953125,2980.514298215899,2916.911147809395,2952.2462313685637,1972858
2021-07-06,2881.841064453125,2939.878894936464,2876.3641697416374,2926.628238859527,2159420
2021-07-07,2893.015869140625,2899.862041851697,2863.5553714558605,2893.060081130474,2640710
2021-07-08,2878.483642578125,2913.3770302969638,2854.9857306571503,2913.3770302969638,2485811
2021-07-09,2834.00634765625,2899.2438371451126,2827.690287233853,2870.975768044368,6365067
2021-07-12,2820.7109375,2858.6077212079454,2816.5148971181284,2857.724344285446,1892226
2021-07-13,2815.80859375,2839.1738738783592,2804.72216850149,2839.1738738783592,1809339
2021-07-14,2839.659423828125,2846.2405389860573,2813.5555917661677,2815.3223456699457,2044279
2021-07-15,2835.5869140625,2861.172351997801,2827.663479475212,2857.409806666627,2232968
2021-07-16,2828.371337890625,2850.548262591818,2825.892441643873,2844.483839286267,1256526
2021-07-19,2819.34228515625,2832.798877430651,2811.7285759823467,2815.2697958513418,1597058
2021-07-20,2838.110107421875,2846.2548681714516,2794.1545954042767,2819.3416893105386,1811945
2021-07-22,2847.450439453125,2855.063931743701,2824.1225693914685,2824.1225693914685,2859334
2021-07-23,2844.35205078125,2869.760259222906,2838.8629872655824,2859.534943981816,1776193
2021-07-26,2830.806396484375,2854.443991333239,2824.8748975730673,2832.9753500089523,1259611
2021-07-27,2817.881103515625,2841.8286435684886,2798.581414048037,2832.97559483463,1121367
2021-07-28,2831.027587890625,2836.91477805401,2773.1285272482296,2822.3515580665385,1660654
2021-07-29,2829.25732421875,2855.5065269494357,2824.388147472567,2833.1968876310666,1731997
2021-07-30,2804.15869140625,2853.7800694857933,2799.6437665357093,2849.7961978206204,2999943
2021-08-02,2850.150390625,2855.0195673734447,2803.7605022408247,2815.2694654644215,2608669
2021-08-03,2908.137939453125,2912.653080836421,2849.7521253310056,2858.649482681095,3804735
2021-08-04,2898.443603515625,2926.109378484922,2887.1559673281517,2921.505836757805,2929598
2021-08-05,2907.296875,2934.7856343504254,2888.307128829039,2899.373439667464,2534521
2021-08-06,2930.18212890625,2942.7534149481066,2890.5204271376556,2897.2045221954145,2292362
2021-08-09,2941.60205078125,2954.261951939117,2930.3587236794956,2942.6643732539064,1510489
2021-08-10,2951.517578125,2965.682454885937,2935.3166732407713,2935.3166732407713,2040777
2021-08-11,2960.63623046875,2974.6240893547983,2945.4976482687453,2965.771041469814,1929707
2021-08-12,2967.320068359375,2981.706269928955,2944.5234720260405,2944.5234720260405,1310205
2021-08-13,3066.1650390625,3080.861187504432,2972.4113324845202,2975.2885735360687,4363584
2021-08-16,3074.61962890625,3093.565283570846,3042.350308322489,3063.154973605649,2083489
2021-08-17,3145.53173828125,3152.392849337009,3065.810011108826,3082.719416424358,4336019
2021-08-18,3152.171875,3182.670580449976,3130.968869437291,3163.946471418309,2631309
2021-08-20,3151.24267578125,3164.9649012271298,3098.567036166421,3103.8788653712777,2836148
2021-08-23,3220.20849609375,3251.7254422674596,3153.367964949946,3169.3920727790646,3744176
2021-08-24,3198.783203125,3246.722586873967,3182.1394299538442,3237.5595959017187,2511141
2021-08-25,3239.330322265625,3273.635883891149,3193.338780294793,3195.9503862746396,2123263
2021-08-26,3250.706787109375,3264.6503388708297,3229.503562472118,3240.2158378999643,1902533
2021-08-27,3293.466796875,3301.7444837926687,3232.336669047164,3245.527625039261,3944728
2021-08-30,3276.77880859375,3311.3500054128417,3264.650175657606,3288.907441529894,2033114
2021-08-31,3352.16259765625,3367.788358369069,3278.6822930983203,3283.949813871985,3207480
2021-09-01,3288.86376953125,3378.943553363665,3281.8256380025937,3360.617783074682,2643336
2021-09-02,3396.693603515625,3416.524346986112,3295.1048653900193,3305.7285242789717,3403717
2021-09-03,3401.385498046875,3414.5321452155067,3368.1865666025374,3386.2910073224075,1746812
2021-09-06,3410.1943359375,3432.858226910187,3376.552751107379,3408.1580915226373,1723693
2021-09-07,3378.234619140625,3426.0853884978774,3371.4621236370535,3420.8178679796692,1585039
2021-09-08,3341.273193359375,3377.4379827229823,3325.2049968827055,3373.0114584992302,4147175
2021-09-09,3356.54443359375,3371.860249411292,3333.172474016351,3355.0394587057644,1441148
2021-09-13,3404.307373046875,3410.5485998446184,3334.9436458552505,3334.9436458552505,1691473
2021-09-14,3440.2060546875,3449.5903726199604,3386.291075393648,3408.3793883308576,1991188
2021-09-15,3500.98193359375,3523.51289619719,3422.5881549493306,3436.841647844263,2461369
2021-09-16,3455.610595703125,3525.062720600188,3445.6952242336656,3479.2481928696525,2946666
2021-09-17,3388.813720703125,3492.5270810263546,3368.5844216236446,3470.3944632758707,6477148
2021-09-20,3384.962890625,3427.014868473748,3371.1079570103802,3372.1259710711715,2002008
2021-09-21,3419.887939453125,3427.5016467557025,3383.3248100645906,3415.505724170102,1568129
2021-09-22,3419.18017578125,3449.9004282075575,3410.592761622935,3419.4901189466127,1744067
2021-09-23,3425.4658203125,3434.09754267421,3395.1441289393133,3426.1297989557083,2003869
2021-09-24,3427.2802734375,3491.995920064041,3412.849762988791,3443.835428800622,2320754
2021-09-27,3396.870361328125,3456.230094055496,3366.7256883097275,3452.6888746968325,1673362
2021-09-28,3345.699951171875,3408.4238902572306,3321.0000307343994,3408.4238902572306,2253075
2021-09-29,3356.9873046875,3369.4701892693497,3295.2372926797393,3328.56914927478,2489161
2021-09-30,3342.5126953125,3368.5848793374157,3319.981730608833,3368.5848793374157,2252412
2021-10-01,3302.36376953125,3373.0111325429925,3297.7602280111937,3348.001273095659,1578374
2021-10-04,3340.520751953125,3349.6835272429826,3282.2233425522586,3297.5834677792773,1356860
2021-10-05,3393.63916015625,3399.570659485388,3312.456747791628,3323.4344415906635,1877966
2021-10-06,3373.80810546875,3415.019088719637,3359.7318450635594,3396.029343257922,1678154
2021-10-07,3446.403564453125,3451.804011121007,3381.909228322114,3390.7179693750854,1647233
2021-10-08,3484.24951171875,3532.2772938388457,3452.6884842096565,3474.82110269818,2934339
2021-10-11,3262.8798828125,3326.5332197772977,3240.2159905215995,3324.3199574886903,11845402
2021-10-12,3233.886474609375,3281.825654184039,3214.1884382442295,3280.940349178864,5752877
2021-10-13,3235.966064453125,3253.893486668199,3226.9359987133057,3231.3625227170273,3545655
2021-10-14,3203.368896484375,3255.3029971474057,3200.4861349746393,3215.387837781838,6442299
2021-10-18,3235.034912109375,3239.957825124647,3194.4988931682005,3196.27290026894,3590107
2021-10-19,3223.50341796875,3273.1314329577704,3215.5647806069323,3254.415574024563,3135441
2021-10-20,3201.062744140625,3219.8227819927815,3173.964743256937,3203.8567186109995,2933693
2021-10-21,3133.340087890625,3199.820961660556,3114.4912621672916,3196.849629655158,4871211
2021-10-22,3103.492919921875,3159.152400976965,3091.2078323026053,3157.7331084640673,2691670
2021-10-25,3098.2587890625,3117.4181510183253,3060.1620325763606,3107.1732174246354,2595594
2021-10-26,3089.078369140625,3130.2352434991762,3082.3370561517813,3099.633623805007,3878763
2021-10-27,3095.420654296875,3114.491230718505,3089.433380304038,3089.433380304038,2510813
2021-10-28,3035.015380859375,3120.478253064307,3029.116894319104,3120.478253064307,2424942
2021-10-29,3013.816162109375,3069.9191338563896,3003.3494774292535,3015.856313483621,3960501
2021-11-01,3083.578857421875,3092.981181072092,3027.29852908389,3049.473616415924,2020718
2021-11-02,3090.49755859375,3116.5755914866954,3077.6804012995885,3099.190236224732,3087414
2021-11-03,3097.63818359375,3122.163745415681,3074.39873362359,3108.23783282908,1537639
2021-11-04,3112.18505859375,3116.2653617280953,3108.9475821125666,3115.999217340445,328991
2021-11-08,3106.95166015625,3147.088570475876,3087.8366904944155,3147.088570475876,2526082
2021-11-09,3109.568115234375,3135.5573609997723,3100.964224626649,3111.60826658761,1782692
2021-11-10,3090.5869140625,3121.9867571900977,3086.9501124136164,3102.7388209653896,1516489
2021-11-11,3094.045654296875,3113.426767950228,3047.744113577115,3086.7722686985917,1284514
2021-11-12,3127.618408203125,3134.8030058714526,3091.8277340904806,3109.833946572736,1747259
2021-11-15,3151.789794921875,3166.2479962691427,3129.3485615298887,3129.3485615298887,1809157
2021-11-16,3154.5390625,3171.5253089279527,3141.7662991193665,3165.7153928732405,2013204
2021-11-17,3123.937255859375,3160.260219123125,3110.188702860013,3149.3944272365325,1632914
2021-11-18,3082.9580078125,3123.00634559004,3061.5813534905255,3117.950252419845,2136598
2021-11-22,3067.613037109375,3118.6601354949016,3051.5584025436406,3085.35310837777,3167936
2021-11-23,3072.80224609375,3087.6151630225495,3022.7309357804584,3055.727426655977,2153461
2021-11-24,3054.21923828125,3098.347663033605,3037.100027177156,3079.853553174247,2161746
2021-11-25,3056.525390625,3071.693237675039,3046.0145286811985,3054.7513835573277,1849619
2021-11-26,3057.367919921875,3095.642032063638,3026.3669761859983,3037.986807970762,1941251
2021-11-29,3106.2861328125,3130.54576418905,3021.5329084651667,3057.633906161152,2981745
2021-11-30,3130.3681640625,3161.0585703001743,3096.5290687949237,3096.5290687949237,5588446
2021-12-01,3173.521240234375,3184.3426398781166,3135.5574462309587,3135.5574462309587,2102118
2021-12-02,3231.265625,3235.789430397502,3170.239944950322,3183.633570609974,3152938
2021-12-03,3229.092041015625,3251.7106316157765,3220.5769368394936,3234.414062333308,2486263
2021-12-06,3136.798828125,3244.6585313150194,3124.0260654159374,3229.0915778827693,1849642
2021-12-07,3179.464111328125,3191.4386588251064,3126.06654283749,3159.950033925637,1484458
2021-12-08,3217.072998046875,3234.4139602705127,3194.099693371914,3194.099693371914,1428660
2021-12-09,3194.7646484375,3224.035762034623,3163.05427537395,3202.082426836781,1567957
2021-12-10,3225.854736328125,3230.467111738171,3171.12665750973,3179.907906529748,1510718
2021-12-13,3201.7724609375,3248.207186059828,3194.720825622014,3237.5631428504566,1883864
2021-12-14,3214.3232421875,3224.2576378158583,3172.5452918133496,3197.6475335147647,1747007
2021-12-15,3166.912841796875,3213.6134866331413,3156.0912265068364,3210.952476293671,1603233
2021-12-16,3176.8916015625,3200.707513951153,3166.6022750557354,3177.246316316427,2072320
2021-12-17,3179.331298828125,3238.7605373840274,3169.884580976256,3195.4303268304093,4333992
2021-12-20,3154.9833984375,3198.535367067557,3113.5159751401043,3183.456304050322,2312310
2021-12-21,3200.57470703125,3229.757034964151,3163.4091312077126,3177.822937788501,2340989
2021-12-22,3220.48779296875,3225.8542071800953,3198.7562083298367,3214.500519649866,1224328
2021-12-23,3248.82763671875,3255.746307245518,3219.8226659314073,3235.788728737679,1792861
2021-12-24,3256.101318359375,3286.3482267165896,3232.950655115478,3268.60815531731,2209923
2021-12-27,3278.454345703125,3281.9135733887583,3240.3131879583366,3256.1904670027384,1534135
2021-12-28,3287.72314453125,3304.088317180793,3276.458242438429,3290.783263554562,1456218
2021-12-29,3277.211669921875,3299.608507488964,3268.607779592957,3275.0385547359824,1456923
2021-12-30,3311.849609375,3317.393381737529,3264.173167057248,3265.3707085089977,1966475
2021-12-31,3315.929931640625,3335.1334725940915,3309.676513068789,3319.8770542748616,1207141
2022-01-03,3386.35791015625,3397.2237039875417,3321.828399852048,3326.263417742371,2346158
2022-01-04,3445.78662109375,3449.689349616876,3380.9909763489923,3398.1989730548594,2488606
2022-01-05,3424.67626953125,3432.703694867435,3381.6122044154104,3428.2686771738076,1733031
2022-01-06,3377.221435546875,3401.658425302727,3345.777204756685,3381.257344785918,1810293
2022-01-07,3418.068359375,3428.180113754431,3367.420367389519,3388.3537388899704,2460591
2022-01-10,3441.441650390625,3528.5009834590855,3424.7215427691126,3528.5009834590855,3937092
2022-01-11,3473.416748046875,3481.488566120969,3420.285327633747,3420.285327633747,1906106
2022-01-12,3423.744384765625,3485.0364071814624,3403.0329850190465,3481.488393532003,3203744
2022-01-13,3457.45068359375,3479.71455695481,3421.17232887451,3475.279539676,6684507
2022-01-14,3519.7626953125,3527.6127625596932,3423.877751160488,3439.6664560687805,3348123
2022-01-17,3565.0,3586.1551199160176,3514.573981387204,3541.538800935803,3442604
2022-01-18,3539.676513671875,3585.0022659184015,3530.274189259942,3578.127988288561,2389041
2022-01-19,3478.40966796875,3564.9112784096897,3474.722221889604,3564.9112784096897,3102539
2022-01-20,3400.1279296875,3483.1640287722967,3386.310743278373,3474.2784062499186,6176776
2022-01-21,3406.302978515625,3422.3415685992545,3350.856787511947,3382.7560817031394,3112358
2022-01-24,3351.0791015625,3420.6533474824882,3323.311533128875,3412.078809123836,3258414
2022-01-25,3349.790283203125,3384.888487297155,3307.4059130384235,3349.434945125185,3330501
2022-01-27,3242.5859375,3317.358367446384,3221.1272449654125,3315.225904723573,5718297
2022-01-28,3278.8388671875,3314.159213319958,3239.6976603507437,3239.6976603507437,3143862
2022-01-31,3319.890625,3339.2168534626967,3306.6953891380213,3331.2197934091673,2739393
2022-02-01,3377.114013671875,3383.6450329539907,3320.023889363237,3349.8796676041347,2105169
2022-02-02,3426.473388671875,3433.4042169687295,3377.1137168552855,3401.3270359319927,1984212
2022-02-03,3398.39453125,3449.8421875959507,3390.7972822729826,3421.852482789957,1960538
2022-02-04,3389.77587890625,3398.4838319273167,3348.990960352186,3390.13143394976,2307366
2022-02-07,3357.876220703125,3404.7923435959337,3337.572489673576,3368.538966045395,1919149
2022-02-08,3326.2880859375,3376.2697091125106,3306.33990816381,3369.028014039471,2946443
2022-02-09,3341.482421875,3356.9433164433626,3328.642742250787,3332.1080478469007,1638721
2022-02-10,3350.190185546875,3367.472674927871,3339.2163568872406,3367.472674927871,2112459
2022-02-11,3283.192626953125,3334.329421359059,3278.794287758808,3334.329421359059,3851488
2022-02-14,3317.66845703125,3370.537897457995,3296.565108961751,3309.0049772974558,5951745
2022-02-15,3392.352783203125,3407.63600953311,3330.331098756218,3364.096462084056,3931683
2022-02-16,3388.177001953125,3424.6080563504283,3381.8681228326127,3415.633490322796,3256906
2022-02-17,3362.4970703125,3407.6360739487654,3357.876590209227,3398.7504518524192,3134372
2022-02-18,3371.1162109375,3390.709051805688,3338.861575025704,3348.991097834247,3688883
2022-02-21,3304.918212890625,3401.238487075305,3292.611756383807,3385.42203627491,7465922
2022-02-22,3186.7392578125,3259.157074169786,3172.1669250983023,3243.2518982097486,5408531
2022-02-23,3166.657958984375,3219.171853968917,3159.4160470145603,3208.5980507387485,2426203
2022-02-24,3022.577392578125,3095.617375865612,3013.203235313269,3086.8649517934127,5039136
2022-02-25,3128.405029296875,3136.624228763181,3076.2020056595275,3081.5333782863204,2549723
2022-02-28,3158.1279296875,3166.61374262665,3070.7822164584545,3101.082276188568,3288942
2022-03-02,3150.973876953125,3173.898818684383,3115.298201380651,3156.6163321177305,2761341
2022-03-03,3149.41943359375,3179.8084310877025,3136.7131690580727,3165.813577954369,1928039
2022-03-04,3131.604248046875,3164.347634660531,3098.4608348995284,3111.3005151866846,2370257
2022-03-07,3096.55029296875,3152.6186540004137,3049.145630234379,3065.539559273232,3054130
2022-03-08,3198.779052734375,3206.820583036263,3074.424831616922,3074.424831616922,3300992
2022-03-09,3227.791015625,3246.806159231084,3196.2025871914693,3203.2666130344987,2719654
2022-03-10,3217.43896484375,3273.4628498933785,3212.152063616874,3273.4628498933785,2005441
2022-03-11,3198.068359375,3234.2330122460926,3192.4705914053425,3201.7115509453934,1623423
2022-03-14,3237.0322265625,3241.786121299952,3181.052805680414,3181.052805680414,1765688
2022-03-15,3193.403564453125,3251.2490497339313,3185.8507858462003,3251.2490497339313,3651133
2022-03-16,3248.49462890625,3259.246318858256,3213.263222620275,3234.8108570892805,3090475
2022-03-17,3263.466796875,3296.565738589953,3252.4042409503854,3284.6590919681585,3600452
2022-03-21,3222.548095703125,3300.075138230932,3212.1519626134377,3284.1254920661872,2413831
2022-03-22,3288.523681640625,3297.4537736464545,3221.037437205173,3234.365867979815,2907611
2022-03-23,3298.697998046875,3314.15910942593,3278.79429290694,3294.7884114089247,1596195
2022-03-24,3331.97509765625,3339.394461966447,3283.2373735512606,3287.6801846115463,1879046
2022-03-25,3294.2998046875,3358.320753023483,3262.80031885229,3340.904847554434,1690133
2022-03-28,3294.52197265625,3299.2313956274616,3253.203831019655,3283.2372762842633,1760990
2022-03-29,3292.4345703125,3307.229046576312,3279.6836138939193,3283.0157226861443,2689063
2022-03-30,3315.7138671875,3321.4450492066144,3293.18873172542,3321.4450492066144,1583455
2022-03-31,3323.177978515625,3336.2397987692148,3305.628876005545,3323.222450010069,2168110
2022-04-01,3339.883056640625,3343.659445863298,3312.604241407199,3330.331013312687,1387014
2022-04-04,3350.190185546875,3358.764722999939,3320.6454958538197,3342.770605271368,1472994
2022-04-05,3389.686767578125,3408.1689027818647,3351.656266029568,3351.656266029568,2314947
2022-04-06,3336.86181640625,3384.7996989953504,3315.3584397335258,3384.7996989953504,2051729
2022-04-07,3273.595947265625,3328.1093184300516,3269.0199392615564,3328.1093184300516,2494829
2022-04-08,3274.92919921875,3292.122964633607,3236.58782690362,3278.79453157841,2296773
2022-04-11,3284.481201171875,3298.6539416877777,3248.672318365914,3278.794489914239,2291660
2022-04-12,3279.7724609375,3322.334509224508,3241.7864218175887,3272.5750193832214,4483476
2022-04-13,3253.870361328125,3296.43262160667,3248.183649923165,3293.9001325191025,1621672
2022-04-18,3134.891845703125,3207.7094730408703,3129.960282212317,3207.7094730408703,3820792
2022-04-19,3084.99853515625,3166.4353782692338,3055.8981276363893,3154.3953189467165,3170014
2022-04-20,3160.43798828125,3171.4116009849918,3092.196369835976,3109.96761334078,2640370
2022-04-21,3224.28173828125,3237.9212573546974,3169.857293436855,3181.053266007085,2280996
2022-04-22,3209.975830078125,3213.9298889876704,3173.500303710109,3182.030588696181,1581465
2022-04-25,3152.796142578125,3184.606710585191,3139.3789844211183,3161.5040949392046,1960694
2022-04-26,3151.1083984375,3188.07245843862,3126.0952405594826,3176.7432895789925,1943469
2022-04-27,3164.34765625,3170.7897321857427,3115.5656783516138,3150.841554226717,1727648
2022-04-28,3184.872802734375,3202.7327686771787,3143.776810456992,3188.16043872975,1703660
2022-04-29,3151.46337890625,3219.4828558444133,3142.7111717645585,3196.1580990746857,2051115
2022-05-02,3147.642578125,3152.574141608423,3103.525552683142,3127.6499290847396,1324161
2022-05-04,3091.97412109375,3150.352610577351,3079.1344414976566,3144.177147062356,2305825
2022-05-05,3121.874267578125,3139.290173030347,3096.950272047163,3120.719310294704,1612262
2022-05-06,3050.07861328125,3087.3092816962812,3042.881172879239,3073.536567962998,2010812
2022-05-09,3061.185791015625,3070.87103244035,2973.8845528972033,3019.3344236783305,2481830
2022-05-10,3055.543212890625,3078.6903011908057,3040.6597962956653,3051.32254251295,1622685
2022-05-11,3031.774169921875,3064.1622181217003,3005.2505019723253,3052.211100141161,1841769
2022-05-12,3028.7978515625,3065.2733780199605,2976.7727015096975,3001.563503351638,2807195
2022-05-13,3034.35107421875,3056.5651299816745,3005.2506611693193,3052.2112618257966,2187823
2022-05-16,3000.49658203125,3047.7680429845973,2991.4332918791674,3034.4396113097378,1195813
2022-05-17,3066.961181640625,3080.644951878495,2977.0385191605064,2994.454423948811,1754076
2022-05-18,3064.473388671875,3105.5249193259233,3059.3641559719827,3078.8680530656147,1866781
2022-05-19,2898.445068359375,3025.553918820275,2870.0555529484545,3018.445422094706,4642963
2022-05-20,2926.035400390625,2944.6062640779983,2905.6429407592427,2941.1409581818916,3065125
2022-05-23,2951.581298828125,2966.8200528085695,2902.9325214936357,2936.5202138894765,2293690
2022-05-24,2921.5927734375,2954.3363801932683,2910.5746879512376,2945.7171525393956,1711510
2022-05-25,2833.61328125,2945.610802185031,2821.4475663720973,2945.610802185031,3548046
2022-05-26,2886.66064453125,2899.676357189856,2845.153718786351,2854.5016985324173,2813186
2022-05-27,2917.387939453125,2933.1318451391644,2888.672876025808,2910.1420170120946,3103153
2022-05-30,3019.3212890625,3029.474490006565,2939.796107893087,2949.3229509041,2094624
2022-05-31,3009.5712890625,3026.612246033562,2974.3707538356352,3000.44672887576,4840965
2022-06-01,3001.3857421875,3030.7269440021355,2987.833434858042,3030.7269440021355,1493835
2022-06-02,3062.036376953125,3070.0873052010297,2993.424621008395,3001.2071413022886,2657939
2022-06-03,3077.3779296875,3110.6105050464353,3069.37177211008,3094.5979714961795,1913622
2022-06-06,3069.147705078125,3088.8725211555457,3021.021005842092,3057.5633586184927,1084210
2022-06-07,3008.094970703125,3058.3239461384833,3002.101545860968,3042.400956238807,2308256
2022-06-08,3045.17431640625,3053.940927115839,2993.6037313859933,3023.7051726580758,2185707
2022-06-09,3065.70458984375,3074.56052494614,2999.5080583203244,3028.044043335084,1279197
2022-06-10,3005.58984375,3035.199451248533,2998.5230063616514,3025.359429449614,1527582
2022-06-13,2880.08544921875,2945.7451536237168,2855.7983516097243,2943.0615109086025,3030921
2022-06-14,2871.989013671875,2897.3492997903863,2839.919404090366,2853.6060221074426,2611493
2022-06-15,2868.188232421875,2892.9671591535985,2863.4470861010104,2879.1016702955644,1404536
2022-06-16,2810.66845703125,2902.6727617050265,2802.6622999813585,2898.3341186445737,2032028
2022-06-17,2763.167724609375,2789.8700552215146,2704.977583624793,2765.940909256889,5240434
2022-06-20,2784.18994140625,2807.761358689215,2745.3666618294546,2767.730352460193,1502769
2022-06-21,2873.241943359375,2896.321313698456,2795.8188096638946,2799.9338157288753,2964461
2022-06-22,2883.082275390625,2907.771877636186,2847.345140817848,2862.462908590004,3336315
2022-06-23,2959.878662109375,2968.108455014427,2883.0816757569546,2883.0816757569546,3692578
2022-06-24,2945.8349609375,2992.2618967303943,2931.879930204445,2986.8946108169766,2132118
2022-06-27,2965.15673828125,3008.2738867735548,2957.821492005862,2996.734310666759,2037686
2022-06-28,2968.2431640625,2978.8436409537917,2927.4966937802037,2958.2690452354923,1400046
2022-06-29,2943.5087890625,2981.5270609163695,2926.065111388372,2926.065111388372,2133994
2022-06-30,2922.576171875,2961.7571769517335,2911.7520599621494,2926.959367187758,2719603
2022-07-01,2965.514404296875,2981.5267166470894,2909.1131426506226,2916.2247513559887,1502879
2022-07-04,2893.90576171875,2968.063657707223,2884.960287249917,2962.7411440773417,2622535
2022-07-05,2877.13330078125,2926.9595551529096,2868.7691939118813,2911.752246950709,2170627
2022-07-06,2916.896240234375,2923.8289844992887,2864.5652028798677,2879.1016021450087,2182144
2022-07-07,2941.13818359375,2969.3609834462977,2920.7424562325778,2926.064970356502,1989921
2022-07-08,2921.100341796875,2956.47974214826,2907.279625410543,2952.0070042630127,2136916
2022-07-11,2785.4423828125,2884.9160330481313,2778.4648677976734,2868.0537232952515,6974600
2022-07-12,2759.410888671875,2805.480089247644,2755.4301956021764,2786.4261820294582,3734815
2022-07-13,2718.30615234375,2782.0426602349858,2714.951599296843,2776.675375359934,3863530
2022-07-14,2689.60546875,2741.85041032722,2661.1286121821595,2740.9535014589414,4764908
2022-07-15,2685.883056640625,2716.6468518893935,2648.571564686502,2707.3639776191076,4574806
2022-07-18,2747.6806640625,2759.7440460659423,2703.5527859793337,2711.3558503218337,3202795
2022-07-19,2757.321533203125,2761.5369602410087,2717.678213000559,2717.678213000559,1865074
2022-07-20,2838.536865234375,2844.9496752294567,2778.6682059727723,2787.413066314355,3402251
2022-07-21,2849.748779296875,2855.7580253170745,2819.92655745586,2840.5105735487355,2420640
2022-07-22,2844.09814453125,2867.4177761168103,2819.4331495849838,2856.654869231167,2075886
2022-07-25,2840.285888671875,2857.954947903264,2824.4555362400793,2838.716298301566,1797504
2022-07-26,2794.677978515625,2842.214143830151,2777.2780357816973,2838.447170750544,2639367
2022-07-27,2860.10791015625,2864.8166816784224,2789.386558848772,2793.871103155603,1389808
2022-07-28,2924.37109375,2927.5102744977767,2871.587924159354,2884.4586528139857,2106333
2022-07-29,2961.503662109375,2975.316191731525,2937.3768982287215,2950.8305328770975,2430257
2022-08-01,2958.722900390625,2984.0156856722806,2933.78879105321,2984.0156856722806,1306913
2022-08-02,2952.444580078125,2971.369225326498,2934.371735466329,2950.8301003625766,1269114
2022-08-03,2995.2275390625,3003.748174373503,2939.215617049292,2941.86145474622,2895824
2022-08-04,3009.08447265625,3038.637577140398,2966.3917403654004,3004.6448173920953,2150567
2022-08-05,3018.142822265625,3028.860837995697,3009.1288455657577,3014.689636001641,1106933
2022-08-08,3026.57373046875,3030.5649306683526,2992.0876323376488,3018.097986455692,1068836
2022-08-10,3008.456787109375,3036.036736786237,2991.191290157193,3036.036736786237,1878359
2022-08-11,3069.670654296875,3075.2314455811347,3027.1123715619956,3049.490204414719,1449248
2022-08-12,3050.880126953125,3066.5311414854314,3032.6728347901767,3066.5311414854314,1472354
2022-08-16,3042.942626953125,3062.8092894639904,3038.278744703972,3059.3561027853134,839942
2022-08-17,3050.476806640625,3065.589589525235,3023.56954088203,3036.126264902708,1622326
2022-08-18,3032.673095703125,3042.3148659889093,3015.4076000750924,3040.5210482613215,1430659
2022-08-19,3036.708984375,3068.7734741310087,3023.7038067117237,3037.830120380455,1398410
2022-08-22,3008.7255859375,3035.22928589152,3002.3125563634576,3018.0982394990715,1536532
2022-08-23,2945.987060546875,2997.3797653396714,2932.8921030180345,2977.6926587789303,1849256
2022-08-24,2919.752197265625,2966.974358766676,2915.132985487199,2952.6238177327377,1691923
2022-08-25,2886.43212890625,2940.2017727488737,2883.337837048458,2938.2735062355546,1946930
2022-08-26,2890.019775390625,2921.2322484903357,2885.1765549837287,2900.8724605252028,1457962
2022-08-29,2809.612060546875,2818.7155984293877,2763.3763622653864,2802.8403544561284,2539173
2022-08-30,2880.10888671875,2893.876525731647,2818.1775032098362,2829.7475402706787,3431525
2022-09-01,2808.84912109375,2861.13894561839,2799.2522411520363,2861.13894561839,3546935
2022-09-02,2807.68310546875,2836.9224187454834,2798.6244583411744,2836.9224187454834,2052900
2022-09-05,2810.3740234375,2823.4240906299206,2791.4044893857963,2801.6291623975735,2147912
2022-09-06,2804.6787109375,2817.056096189983,2786.112742544714,2812.2575465142127,1936453
2022-09-07,2824.904052734375,2835.935855830716,2782.211106134661,2782.211106134661,1291534
2022-09-08,2842.886962890625,2855.3092376764303,2834.3216588095115,2843.2009685673893,1346113
2022-09-09,2885.938720703125,2900.1548137963414,2841.8557375950854,2865.623822507905,1561185
2022-09-12,2908.630615234375,2932.712706306049,2892.531144596041,2905.8949993497577,1785928
2022-09-13,2896.4326171875,2927.017076901439,2892.530976189004,2927.017076901439,1972678
2022-09-14,2798.71435546875,2817.5494417731366,2792.794888299078,2811.809312583414,5090269
2022-09-15,2784.3193359375,2814.2760067345016,2780.417694487118,2807.3249624982836,2138023
2022-09-16,2698.52978515625,2775.350164437028,2690.726721458401,2758.8917984020136,5322221
2022-09-19,2716.5576171875,2728.3967704245497,2679.784353680792,2723.015317228446,2072220
2022-09-20,2726.8720703125,2762.4344192765325,2717.633865194194,2735.572042522209,1544295
2022-09-21,2691.802978515625,2727.8586729249173,2689.0673625441004,2715.8401811124536,2253818
2022-09-22,2697.36376953125,2717.5891092550232,2672.1607605323097,2681.757642079149,2017983
2022-09-23,2674.626708984375,2710.9066231407205,2671.8910935769086,2694.3138117170306,2652374
2022-09-26,2685.70361328125,2713.9115701152955,2624.4449176434205,2654.715589532401,2925489
2022-09-27,2706.377197265625,2713.148901955787,2669.2003742877428,2699.1570382115037,2227447
2022-09-28,2722.701171875,2735.527011795521,2672.7882836301883,2672.7882836301883,2739767
2022-09-29,2688.304931640625,2740.818988441174,2681.757453261362,2739.1596194850167,2493902
2022-09-30,2694.807373046875,2708.3954537489426,2645.970732786134,2682.519766307639,2817353
2022-10-03,2677.22802734375,2709.292518723233,2667.406919233083,2686.2420050783735,1763331
2022-10-04,2772.4794921875,2778.6234049291743,2711.355246320495,2717.588718557192,2145875
2022-10-06,2782.166259765625,2801.943142965374,2773.645626008208,2790.2833283499613,1790816
2022-10-07,2748.935791015625,2784.901922759827,2742.8369861368456,2778.085328049343,1939879
2022-10-10,2797.054931640625,2804.633767069704,2695.210895441145,2699.6954393603482,3064063
2022-10-11,2753.106689453125,2820.778420484031,2738.5768094281584,2780.417520985849,4730645
2022-10-12,2781.089599609375,2789.2962264724383,2746.379277361695,2766.873509391012,1665247
2022-10-13,2783.37744140625,2789.386687259664,2737.679976610315,2781.0902799100977,2054781
2022-10-14,2779.65478515625,2825.2626846544204,2754.4068903408647,2820.7781407105244,2245977
2022-10-17,2798.179443359375,2813.1515376703646,2761.940424094576,2763.019456376146,1517005
2022-10-18,2827.808837890625,2837.3857701324823,2813.2863596612765,2832.5748013053026,1793722
2022-10-19,2807.26171875,2840.668030854225,2798.404213997578,2840.668030854225,1194289
2022-10-20,2839.13916015625,2841.5670374514175,2792.1093833185605,2792.1093833185605,1587601
2022-10-21,2821.24462890625,2841.9269226796287,2811.8927230154723,2839.5890559762415,1021913
2022-10-24,2843.095458984375,2857.752951953399,2837.070661866889,2850.649122739115,260949
2022-10-25,2843.45556640625,2863.373425161377,2833.6088212517743,2860.0013123108297,2069643
2022-10-27,2839.229248046875,2854.156556669097,2818.5021682804067,2842.1967515125716,2438421
2022-10-28,2844.4892578125,2858.202515121167,2828.078310541472,2832.57446047874,1355739
2022-10-31,2871.376220703125,2876.6368040808793,2857.5731717627386,2876.6368040808793,1919414
2022-11-01,2931.22021484375,2933.8281137695244,2880.638523413628,2890.5750595933964,2991060
2022-11-02,2915.0341796875,2940.482435498772,2897.364395986869,2940.482435498772,1405955
2022-11-03,2883.60595703125,2902.7596009654008,2873.040003965025,2902.7596009654008,1422652
2022-11-04,2893.1826171875,2895.565708495487,2847.097078046765,2892.8230129901267,1464013
2022-11-07,2907.840576171875,2916.0236585887765,2873.1304231020613,2903.6142382524736,1474498
2022-11-09,2891.96923828125,2922.318256583237,2879.0201920825657,2922.318256583237,1162267
2022-11-10,2882.61669921875,2900.01688836437,2850.5592360046676,2850.5592360046676,1573092
2022-11-11,2981.802001953125,3004.8673857085314,2927.038976756328,2940.1228186004687,3265394
2022-11-14,2999.38232421875,3011.5219318868517,2975.552723981365,2989.0411769459224,1342074
2022-11-15,2996.774169921875,3003.3833791047664,2960.26534186353,2986.3430134656087,1400708
2022-11-16,3017.232177734375,3028.5173412569106,2986.74814184375,3002.439665125464,1748235
2022-11-17,3011.52197265625,3021.413504964168,2983.4210285996637,3003.428900767953,1417986
2022-11-18,3006.531005859375,3023.886191689514,2986.3433328677056,3012.4210072589017,1164540
2022-11-21,2952.621826171875,2997.763130116702,2943.179910784391,2987.691797611102,1304194
2022-11-22,2980.90283203125,2984.4997524987552,2927.2188379614577,2949.474783354145,1149739
2022-11-23,2974.92333984375,2994.4365914418167,2959.3666133438496,2994.4365914418167,1150011
2022-11-24,3039.53271484375,3051.042904713645,2974.9231600526905,2982.0719958636614,1296591
2022-11-25,3048.074951171875,3060.3945780835866,3010.622108633488,3042.0951593509826,1588981
2022-11-28,3053.110595703125,3072.6688478072538,3026.403509151408,3026.8081187355037,2195437
2022-11-29,3054.99951171875,3083.460056975127,3042.0954717838595,3042.0954717838595,1576028
2022-11-30,3049.109375,3070.7806880330454,3034.9014959409137,3042.095336523885,3410702
2022-12-01,3125.4091796875,3129.3209186512586,3075.3671097089955,3079.863260454184,2180856
2022-12-02,3092.58740234375,3119.339500342452,3069.0726208258848,3109.6279899771803,2411749
2022-12-05,3080.67236328125,3092.5871623054572,3063.6770019225387,3087.056984913436,1475065
2022-12-06,3044.208740234375,3064.53120899408,3028.6070100128413,3057.427378941616,1166999
2022-12-07,3039.937744140625,3051.7175282009966,3016.0181326730863,3028.87716861934,1167505
2022-12-08,3012.915283203125,3039.9371900709016,3002.933741848368,3021.4129632545614,1285619
2022-12-09,2960.939453125,3034.091898244114,2946.1921695847964,3034.091898244114,1797896
2022-12-12,2955.27490234375,2963.8625942414624,2909.9987957113176,2927.443772922658,1527610
2022-12-13,2996.32470703125,3000.2362262470147,2938.5041676355268,2946.9568427685667,1378016
2022-12-14,3026.22412109375,3036.7000639995404,3004.237769399859,3011.3418189511494,1213311
2022-12-15,2972.04541015625,3025.6843963408824,2966.5150134691307,3020.3340212997255,1415694
2022-12-16,2913.730224609375,2960.2653805768264,2900.1967681932483,2944.9784694377604,2703680
2022-12-19,2879.37939453125,2918.450893161783,2872.5901642906533,2901.815138571275,2120965
2022-12-20,2917.057373046875,2921.5985288569414,2844.8491537414297,2876.5470140498965,1529971
2022-12-21,2939.17822265625,2952.2170574887764,2913.5051625782858,2921.5982324743363,1432566
2022-12-22,2931.22021484375,2962.06385014797,2918.0915875468195,2962.06385014797,1384101
2022-12-23,2903.029541015625,2937.649899386993,2892.82319170629,2892.82319170629,1360281
2022-12-26,2925.10498046875,2942.2803601173773,2900.0615583932095,2903.029061099328,870157
2022-12-27,2931.040771484375,2943.899806965109,2905.862326446313,2939.76326032198,835883
2022-12-28,2928.883056640625,2936.9761292264916,2900.9169068895612,2922.318631635471,910795
2022-12-29,2939.358154296875,2941.8310368741036,2902.714530652486,2905.502231554976,1037927
2022-12-30,2928.5224609375,2966.5599359733387,2919.080545409243,2954.914950729539,1163131
2023-01-02,2932.7939453125,2937.649919541841,2909.1891553518903,2932.3893356780377,709547
2023-01-03,2977.665771484375,2985.4440242743467,2918.271577635895,2924.2963755843903,1245178
2023-01-04,2980.6328125,2992.05320982366,2955.049761355759,2973.4839774740417,1231668
2023-01-05,2977.44091796875,3001.00070304536,2951.228228425236,2994.6160814211885,1826057
2023-01-06,2887.92236328125,2968.8530692467866,2877.5362121079547,2967.4592187363287,2488376
2023-01-09,2985.398681640625,2991.7382972331907,2896.5547111423953,2903.613754663653,2885060
2023-01-10,2955.2294921875,2965.6606483841506,2904.6030169681453,2953.970657956924,3864655
2023-01-11,2993.26708984375,3011.9711192058594,2941.5163554119845,2958.556940867891,2720512
2023-01-12,2998.34814453125,3012.421008591764,2981.442573769341,2993.537175403577,2250391
2023-01-13,3034.4970703125,3038.498600471692,2971.9555710443747,3006.036305057248,1742837
2023-01-16,3066.225341796875,3083.6530407390187,3033.1172268351675,3050.544925777311,1843607
2023-01-17,3107.012939453125,3110.1399520710393,3054.223972942188,3062.501002679159,1688475
2023-01-18,3117.680908203125,3135.108607607236,3101.356767754569,3108.484209358868,2421189
2023-01-19,3102.138916015625,3114.9222389947813,3091.0108193863184,3108.484549100195,1585044
2023-01-20,3092.941650390625,3121.9570534848303,3086.044126765296,3094.688933230869,1529349
2023-01-23,3140.580810546875,3144.35154713911,3086.044562341497,3115.8417787971057,1067916
2023-01-24,3160.26171875,3174.654462857429,3142.787990669495,3149.8694039858374,1387863
2023-01-25,3154.238037109375,3159.066304386822,3131.4762056585528,3150.145550703775,874110
2023-01-27,3137.040283203125,3169.1827036169857,3110.599771674109,3150.789304292453,1785879
2023-01-30,3157.824462890625,3180.6323213204782,3113.5884754099507,3145.2710585648842,1953798
2023-01-31,3088.895263671875,3171.941500962948,3081.8138503122173,3171.941500962948,2820375
2023-02-01,3134.55712890625,3144.351523952907,3085.492647809887,3092.8500073277646,2205161
2023-02-02,3182.425537109375,3190.334787824689,3145.3630208692275,3151.7086531782097,1813847
2023-02-03,3202.56689453125,3222.523688679238,3175.528461741142,3222.523688679238,1804469
2023-02-06,3182.01171875,3194.151316116606,3160.767479490634,3194.151316116606,1138714
2023-02-07,3193.60009765625,3212.407304216629,3183.345642457426,3190.2431674450086,1455647
2023-02-08,3237.330078125,3255.5393623719233,3198.6579142429127,3198.6579142429127,1986946
2023-02-09,3256.41357421875,3262.621346651852,3223.719261165319,3232.6400151634225,1655427
2023-02-10,3253.378173828125,3257.792634083155,3226.339745096551,3237.2379228015834,1187821
2023-02-13,3202.65869140625,3263.9088027055695,3194.3816614754664,3263.9088027055695,1087939
2023-02-14,3218.936767578125,3241.6985980328905,3214.246361188052,3223.4430603616947,1579818
2023-02-15,3237.836181640625,3242.756506082764,3182.1961451635952,3206.8893751306296,1429449
2023-02-16,3272.2314453125,3287.8198047959163,3243.6756507734817,3243.8595398428197,1618931
2023-02-17,3219.90234375,3254.6198842343974,3209.648113656855,3242.894092415164,1061369
2023-02-20,3207.165283203125,3239.07778776799,3195.8993255369815,3220.684387496735,1296082
2023-02-21,3173.78125,3227.030054530694,3168.0333123551145,3213.3270609968126,1139541
2023-02-22,3128.30322265625,3170.1021750983955,3122.2793398488698,3140.6267096205747,1218430
2023-02-23,3139.569091796875,3175.068214566864,3134.2349615691996,3146.1906700493637,1441570
2023-02-24,3127.291748046875,3158.100692470088,3110.599827670895,3147.5705160729894,977592
2023-02-27,3064.20263671875,3117.6813584091396,3049.625777134132,3117.6813584091396,1128022
2023-02-28,3046.728515625,3119.52029834111,3034.8186108063605,3061.1212597371414,4116217
2023-03-01,3113.726318359375,3116.761273918401,3048.7057016935673,3056.063060853009,1669307
2023-03-02,3054.6376953125,3099.1956592623837,3051.464878906557,3091.010686559656,1556538
2023-03-03,3073.6748046875,3088.2516630694918,3063.5126314585646,3084.5729833040723,1043190
2023-03-06,3100.98876953125,3131.4297058280413,3089.170922543595,3091.8378752076405,1334132
2023-03-08,3118.048828125,3123.199069523481,3063.2826636402224,3093.769631883684,1844590
2023-03-09,3068.80078125,3113.0827998019863,3063.28276151623,3113.0827998019863,1648500
2023-03-10,3063.420654296875,3069.16859157978,3025.7141857210204,3046.774538114063,1024404
2023-03-13,3018.310302734375,3099.103385748149,3009.159632986029,3065.2594916694484,1901233
2023-03-14,2956.692626953125,3038.9570525672148,2951.5884142286423,3016.517197373872,2670334
2023-03-15,2941.931884765625,2998.4457784271503,2935.5862524149616,2988.927105372376,1780522
2023-03-16,2929.14892578125,2961.1534864223922,2917.1932158801023,2950.301335606358,1901060
2023-03-17,2923.906982421875,2962.6249561150617,2891.4425853334556,2897.420440551225,6739966
2023-03-20,2890.79833984375,2915.031506138674,2846.4242687303476,2915.031506138674,2289468
2023-03-21,2856.5869140625,2903.168107097095,2848.631634298453,2890.798591207588,1815297
2023-03-22,2879.302734375,2890.9824978748425,2856.586931436793,2878.612981910102,1123939
2023-03-23,2873.646484375,2893.603500974921,2851.896380891422,2864.679702784,1372218
2023-03-24,2869.829833984375,2915.3534926231273,2856.494620847771,2895.9483685231785,1329577
2023-03-27,2871.4853515625,2899.4892548960856,2856.494687402186,2883.1651142967976,1524217
2023-03-28,2865.599609375,2896.546639011127,2860.3115069743058,2875.808035994818,1303530
2023-03-29,2886.751953125,2896.960379511943,2854.7476180791455,2877.6473103151966,1740616
2023-03-31,2948.369873046875,2954.8996196587623,2898.799751373924,2933.701181901108,2382581
2023-04-03,2942.944091796875,2965.8898141068407,2918.8027535438537,2965.8898141068407,1521830
2023-04-05,2979.54638671875,3002.1243261524096,2929.608269598524,2929.608269598524,2655065
2023-04-06,2961.98095703125,2995.686995347432,2956.7388832326774,2965.935582713961,1703464
2023-04-10,3001.250244140625,3009.1594939913457,2956.738316987218,2961.3366658472287,2203187
2023-04-11,2955.635009765625,3010.0333915987303,2935.7240227895977,3001.8023913443953,2348779
2023-04-12,2981.248291015625,2998.997967667556,2942.024453678238,2968.6488563917255,2417727
2023-04-13,2932.689208984375,2970.5335324422176,2924.550041227942,2952.1401359565075,4174070
2023-04-17,2887.3037109375,2909.2837321918887,2823.6165690415223,2882.3375831860076,5505048
2023-04-18,2879.25634765625,2903.2598202590466,2860.7250902170117,2901.5123128481664,2617302
2023-04-19,2841.412353515625,2887.7636289587313,2824.7662376900453,2879.256681962595,3298034
2023-04-20,2855.3916015625,2862.9328510282207,2830.7443994426158,2841.7804399862516,2419999
2023-04-21,2906.93896484375,2910.249642075821,2851.7127372827904,2860.173656247601,1929184
2023-04-24,2919.768310546875,2925.4241911378012,2875.0262311012816,2897.9721768285667,1640676
2023-04-25,2920.87158203125,2934.8505195080106,2894.66099006403,2927.3092712863568,2024090
2023-04-26,2941.241943359375,2950.668559009048,2925.469695766794,2925.469695766794,2000029
2023-04-27,2931.86181640625,2942.2081034997614,2915.951481125579,2929.1488349186,2434446
2023-04-28,2960.647216796875,2968.0045757265557,2939.4948098740424,2943.311350007304,2931312
2023-05-02,2960.78564453125,2975.1325870034434,2952.140835944684,2975.1325870034434,2321159
2023-05-03,2924.4580078125,2957.65817854612,2918.250236448947,2957.65817854612,2468285
2023-05-04,2961.98095703125,2965.429719336731,2922.711095151928,2924.688295728886,1953253
2023-05-05,2971.177490234375,2983.4091447657124,2952.186396679855,2961.3370672458673,1710027
2023-05-08,2989.479248046875,2993.38784535891,2971.7295729946986,2984.3290064830276,928235
2023-05-09,3019.506591796875,3033.0717245857286,2985.248883567397,2991.318795508172,1107375
2023-05-10,3022.771728515625,3040.8891845734443,3003.688573947381,3025.7146279288163,1559987
2023-05-11,3018.49462890625,3043.831580870088,3009.160068749002,3043.1878568124844,1719623
2023-05-12,3011.275146484375,3025.7139187593248,2998.1238222356833,3015.7354107050955,1027479
2023-05-15,2993.57177734375,3027.553537790775,2987.41003345753,3020.196178039157,1150390
2023-05-16,2996.42236328125,3021.115589647415,2989.3409500316684,2994.6290519009144,986306
2023-05-17,2950.945068359375,3016.517583915495,2941.334561816381,2994.3994756276697,1588815
2023-05-18,2942.80615234375,2969.5684147449815,2938.3456630124733,2966.809404732763,1369364
2023-05-19,2963.9580078125,2974.6720715435754,2945.7485002335166,2952.140160660033,1152449
2023-05-22,3033.71533203125,3042.6821143773673,2958.6243676314443,2970.5340490212952,1333243
2023-05-23,3032.19775390625,3060.6154646158416,3025.8060928695586,3040.4287547824956,1687418
2023-05-24,3037.991943359375,3050.729237970391,3012.838879386915,3012.838879386915,1016555
2023-05-25,3028.932861328125,3040.42873525149,3004.653665413494,3029.3926962850596,1374917
2023-05-26,3061.489013671875,3070.455795118888,3026.6336145765354,3028.932789306539,1791115
2023-05-29,3053.6259765625,3101.126836063768,3045.946643251246,3090.8265783111865,1210372
2023-05-30,3049.8095703125,3059.6960226867827,3036.152605703449,3048.7060112322947,1344224
2023-05-31,3025.254638671875,3060.385989782911,3002.860583074768,3043.1882047013933,5815424
2023-06-01,3056.98291015625,3071.6976293387106,3032.611656510299,3047.786210667212,1177314
2023-06-02,3040.061279296875,3067.9271010174266,3032.5658339871675,3059.0523752195204,2030661
2023-06-05,3024.701904296875,3059.7414133596567,3021.161310297138,3048.705375800199,1861468
2023-06-06,2972.6494140625,3024.656797960872,2961.889319866343,3016.517628572255,2022849
2023-06-07,3011.826416015625,3015.459291201243,2980.649700872,2991.685738024257,1567196
2023-06-08,2976.465576171875,3007.320545945049,2973.2927599511754,2999.0435169195125,1759366
2023-06-09,2951.496826171875,2988.9273483672064,2947.8641747619263,2984.3289986004875,1775689
2023-06-12,2986.075927734375,2992.9734515668288,2953.059870134538,2956.7385495118465,2324605
2023-06-13,2983.133544921875,3002.7225608987374,2978.811140811948,2998.124210882047,1371928
2023-06-14,2989.89306640625,2994.3075271171197,2966.7174283351833,2983.1334023931563,1658544
2023-06-15,2979.932861328125,3008.793544788029,2974.0958056287536,3006.8016396344283,2273810
2023-06-16,2941.575439453125,2964.2749262033685,2924.0644972966825,2962.0513934909673,4156189
2023-06-19,2974.466552734375,2978.635846247477,2941.6682009107667,2955.5658459544397,1468186
2023-06-20,2990.4951171875,2994.942408695361,2965.803725782431,2977.8019803702673,1528452
2023-06-21,3018.753173828125,3021.717958955176,2987.020223808767,3011.1558412529926,1645987
2023-06-22,3000.501220703125,3027.508883993475,2992.7186308509686,3020.4211763137832,1529603
2023-06-23,2979.9794921875,3010.600456074895,2973.308441549502,2999.3898246945273,1119505
2023-06-26,2955.241455078125,2977.7093143980414,2939.8151596740126,2969.4634688796755,1978803
2023-06-27,2962.37548828125,2973.771375126299,2948.431473899292,2966.683667337439,863542
2023-06-28,2979.14501953125,2993.5059172295346,2958.7154391788054,2972.242568780507,1575872
2023-06-30,3059.56591796875,3066.7463664097395,2977.894198116161,2983.3605135466346,2672406
2023-07-03,3031.817626953125,3074.9003264457365,3028.5284723972923,3070.7310329464513,1687264
2023-07-04,3065.681396484375,3071.3793400747436,3036.4499732116597,3048.2165999535164,1656681
2023-07-05,3075.9658203125,3084.350778301896,3062.114545595604,3076.0121910370362,1453008
2023-07-06,3078.698486328125,3083.8406595588453,3059.334527255893,3063.5501909386862,1848238
2023-07-07,3084.58203125,3110.199930757501,3059.334645096493,3059.334645096493,1789326
2023-07-10,3031.492919921875,3080.412670096129,3025.238980370586,3080.412670096129,1407431
2023-07-11,3031.910400390625,3052.8496111162917,3021.163023063104,3052.8496111162917,1110172
2023-07-12,3020.328369140625,3047.4287732769135,3011.2487565769347,3039.8314402630454,1515240
2023-07-13,3095.052001953125,3119.9750222295534,3032.2345994922275,3042.657833544412,4585146
2023-07-14,3256.35693359375,3265.8075126422405,3105.660234929049,3117.704859945182,6306101
2023-07-17,3235.09326171875,3289.0160708092913,3221.5199876631723,3252.0484312581953,2743228
2023-07-18,3239.865234375,3265.0198799170403,3210.3558126880093,3220.5474184425743,2600090
2023-07-19,3215.03466796875,3258.3953622895324,3192.427698113294,3242.7835851217083,2405370
2023-07-20,3217.124755859375,3231.6157541053626,3191.8117167460496,3207.649828777992,1715404
2023-07-21,3128.877685546875,3190.743550376295,3120.2851854216624,3162.0865373821553,3770223
2023-07-24,3153.447265625,3170.818002760362,3132.407344389984,3140.6746314391708,1680132
2023-07-25,3157.53466796875,3164.641033805337,3139.9316997265273,3156.0020424597774,1272980
2023-07-26,3147.4560546875,3177.6924112049487,3144.390576862288,3158.6495731471414,1066803
2023-07-27,3155.44482421875,3169.1463793117077,3144.4372702670335,3153.633477546884,1701769
2023-07-28,3116.89453125,3152.4721721313763,3094.2289997510134,3144.3906226830322,2599831
2023-07-31,3178.249755859375,3183.0800891327967,3122.0036670222876,3125.254883408398,2743678
2023-08-01,3206.67431640625,3214.0591758025353,3172.2578281403635,3172.2578281403635,1956167
2023-08-02,3196.084716796875,3201.4260004622265,3170.957642026737,3190.7899244338078,1914899
2023-08-03,3158.278076171875,3189.211123910731,3128.5991597848515,3176.902947287468,2026351
2023-08-04,3198.778564453125,3224.2773416333084,3159.4852515788793,3159.4852515788793,2248493
2023-08-07,3236.400146484375,3240.069331017348,3196.642369656952,3208.439595086255,1853889
2023-08-08,3223.906005859375,3241.8804503952497,3210.901141336807,3236.399919632617,1634225
2023-08-09,3216.38134765625,3220.561482259702,3181.5933839248837,3218.6106620633645,1794589
2023-08-10,3197.431884765625,3218.6110545764855,3186.2383664939557,3204.770253471881,1096701
2023-08-11,3203.655517578125,3220.236583715237,3171.329094804473,3193.7161307988767,1679974
2023-08-14,3204.630859375,3209.414700848217,3168.5422705045635,3196.1311156291627,1190425
2023-08-16,3212.572998046875,3219.6328723246997,3191.0221251590224,3204.770170086617,1328445
2023-08-17,3191.533447265625,3214.802913522075,3170.586278504093,3209.4151379764926,1843241
2023-08-18,3127.762939453125,3167.6134698101937,3117.9163083336994,3167.6134698101937,2526749
2023-08-21,3159.85693359375,3167.3812675130794,3132.314578504026,3135.1013352464674,1375579
2023-08-22,3141.742919921875,3168.54232050071,3125.858543041599,3158.3242127535664,1222012
2023-08-23,3156.698486328125,3160.181932020387,3136.0300418873685,3147.177068102608,1330046
2023-08-24,3146.945068359375,3170.4467623713062,3137.9810915042904,3165.7556764722162,1152881
2023-08-25,3140.95361328125,3145.133748452828,3112.1106352399906,3135.101378683671,1158046
2023-08-28,3135.6123046875,3152.7508133982506,3121.2605527357937,3152.7508133982506,1037485
2023-08-29,3136.16943359375,3148.6170828467652,3125.8120786392947,3140.7212722469335,944517
2023-08-30,3149.9169921875,3165.848084833373,3142.578624772021,3156.465914737002,1188200
2023-08-31,3118.195068359375,3174.487418701091,3105.979648519252,3159.2532391652235,3417652
2023-09-01,3139.00244140625,3148.105891229252,3118.194750485235,3126.740758299694,1277950
2023-09-04,3175.50927734375,3188.839354347761,3130.5032017453473,3137.888061684127,1828332
2023-09-05,3185.588134765625,3201.9834627096716,3163.1081158549873,3176.902652296802,1501842
2023-09-06,3186.09912109375,3199.1039868231646,3156.559678937854,3189.9077796292513,1314818
2023-09-07,3209.647216796875,3214.059581829734,3179.0393826105205,3186.9351937219517,1885092
2023-09-08,3197.246337890625,3218.7044583275583,3190.8833785689417,3209.6474977305325,1518917
2023-09-11,3233.2412109375,3237.932296351562,3200.1253456084146,3215.9169656012573,1783604
2023-09-12,3326.272216796875,3334.7252411247346,3235.4239201083087,3243.7841886357205,4476016
2023-09-13,3314.243408203125,3333.750705221569,3293.01752049451,3317.262394646456,1754929
2023-09-14,3306.997802734375,3341.9715088947505,3293.574969875399,3316.28699181143,2604721
2023-09-15,3342.529052734375,3350.9358144624653,3309.227218164352,3314.2435164908143,2952897
2023-09-18,3349.820556640625,3362.0359753584007,3321.117055435085,3325.5759111878315,1395753
2023-09-20,3349.728515625,3367.331485897351,3325.530129520694,3325.530129520694,1649396
2023-09-21,3330.45263671875,3348.7522918187597,3277.225543838165,3333.4716228348143,2004073
2023-09-22,3347.498291015625,3375.4588388474685,3311.6421598212573,3329.2451265027385,1989083
2023-09-25,3322.88232421875,3362.686591856432,3305.697323680257,3346.430510265966,1238778
2023-09-26,3330.824951171875,3339.4174522784638,3284.657720313308,3314.011652646242,1726062
2023-09-27,3334.1689453125,3357.1131987958183,3302.9571768225646,3334.819143242111,1541134
2023-09-28,3285.353759765625,3346.7088954834967,3276.6220132450994,3344.10787733265,1755753
2023-09-29,3277.783447265625,3314.80073078161,3256.3718204401093,3285.7720140406323,2243791
2023-10-03,3264.08203125,3282.985396320475,3232.731015841526,3282.985396320475,1948148
2023-10-04,3286.282958984375,3295.8043780585294,3230.129854777585,3238.4901251841598,1788138
2023-10-05,3334.21484375,3366.4017900176427,3298.7764548387318,3301.37747288154,2990768
2023-10-06,3363.98681640625,3376.573712868575,3320.931561429297,3335.747772538649,2075691
2023-10-09,3379.732177734375,3417.492640385133,3372.904533090084,3385.955889020274,4233074
2023-10-10,3370.95361328125,3388.6960545006336,3345.362079715791,3381.311194805018,1848148
2023-10-11,3353.304443359375,3390.554184152061,3348.7528311967617,3390.554184152061,2426417
2023-10-12,3290.741455078125,3333.5644771796983,3286.6078116313074,3320.8848258321595,4241281
2023-10-13,3317.030029296875,3322.742789618248,3274.439008499951,3279.0836028382487,2890357
2023-10-16,3273.556640625,3320.5598001135572,3268.958537503607,3312.5247424765194,1671104
2023-10-17,3257.764892578125,3282.938457297201,3254.3279381964744,3279.083534791144,1672065
2023-10-18,3239.37255859375,3272.3026895076964,3236.353572052656,3261.4343833171283,1408245
2023-10-19,3218.324462890625,3238.0686815240006,3214.832003562597,3231.223370291604,1514545
2023-10-20,3254.552734375,3259.16273477458,3207.5209532330896,3213.4347140416057,1481211
2023-10-23,3175.948974609375,3240.0240008651367,3167.7069078371565,3234.4826780891776,1106272
2023-10-25,3157.276123046875,3189.7791834853465,3145.2619278002267,3157.6485610531586,1518537
2023-10-26,3107.59033203125,3142.002652711776,3101.3039051963924,3136.740771569839,1984471
2023-10-27,3120.815185546875,3131.1063449752,3107.8232817317794,3119.930474618358,1108851
2023-10-30,3146.519775390625,3150.5245077395016,3104.7964806224877,3119.9304717166356,910972
2023-10-31,3137.392822265625,3165.5653292410716,3119.977136155537,3165.5653292410716,999811
2023-11-01,3101.909423828125,3140.0472649317667,3083.609026294752,3124.587219335214,1563475
2023-11-02,3129.336669921875,3144.0979943996585,3113.5971840186144,3113.5971840186144,1245384
2023-11-03,3120.768310546875,3155.2272412387383,3114.621718793595,3149.732529726521,1402598
2023-11-06,3148.10302734375,3159.32550946651,3128.3124232964,3143.213583990875,1099852
2023-11-07,3138.975341796875,3170.360859244329,3134.8310028501246,3146.006870952977,1191144
2023-11-08,3149.3134765625,3168.312363594793,3138.13760716147,3139.9070288671746,992899
2023-11-09,3117.555419921875,3158.5802210317074,3112.526369431392,3157.276460496739,2112352
2023-11-10,3104.5166015625,3117.5551151320815,3094.179059370797,3108.7541639473407,1338557
2023-11-13,3102.74755859375,3125.518348524688,3098.509995691787,3125.518348524688,1030990
2023-11-15,3170.501220703125,3178.603680948949,3125.5649102414236,3150.757229249606,2059802
2023-11-16,3257.626220703125,3286.962876959751,3179.7209637752344,3194.4825150950874,3951984
2023-11-17,3261.910400390625,3282.446106711715,3252.6903987151904,3257.6264533729463,2021292
2023-11-20,3277.8828125,3291.200542556456,3251.4797282683567,3251.4797282683567,1475621
2023-11-21,3269.1279296875,3295.9966725893887,3260.5598088550396,3277.8824969038105,1807236
2023-11-22,3287.707763671875,3290.0360697315477,3242.026580680009,3259.6284835416786,1798051
2023-11-23,3267.31201171875,3300.606789576356,3259.628601443918,3287.56827517058,2729804
2023-11-24,3219.67529296875,3263.8665026893573,3215.856779547187,3254.2738349066776,1989733
2023-11-28,3231.828369140625,3242.166138837972,3197.229832568979,3219.6747935926865,1689195
2023-11-29,3272.43408203125,3276.3922022300785,3237.0904424364394,3241.933273440279,1441634
2023-11-30,3248.080322265625,3275.135057994798,3241.9335030426573,3259.1163570597796,3266235
2023-12-01,3270.478515625,3275.4145702734368,3250.3620863601263,3259.6286996171643,1172141
2023-12-04,3271.223388671875,3304.145727168507,3257.76582517753,3301.2119251213085,1625213
2023-12-05,3289.05859375,3295.0189667313125,3262.2364605867833,3295.0189667313125,1377656
2023-12-06,3356.57958984375,3364.728661904826,3283.0514948908803,3289.990029573241,1896572
2023-12-07,3366.6376953125,3381.213029212423,3345.0310582673073,3357.4176932901005,1967653
2023-12-08,3377.626708984375,3394.6699534021054,3354.669704089828,3383.4940852427567,1641155
2023-12-11,3392.71435546875,3402.120802867414,3366.7305508802906,3374.0879070544743,1102503
2023-12-12,3419.909423828125,3444.4030235404603,3381.6319783454765,3389.0359467038065,2236866
2023-12-13,3346.75390625,3399.327014186455,3318.301959327764,3393.3200297320063,3850968
2023-12-14,3415.39208984375,3425.403805697815,3378.4652474337913,3380.700330256408,3290396
2023-12-15,3595.836181640625,3628.385857623635,3414.8801739559026,3414.8801739559026,8531230
2023-12-18,3594.159423828125,3659.165773966342,3567.1044621574897,3593.1351055942864,2521612
2023-12-19,3554.112548828125,3590.34112713648,3529.7119470698103,3580.934679810929,2004435
2023-12-20,3520.445556640625,3631.040100218342,3507.872703265474,3564.403931855312,2586083
2023-12-21,3527.384033203125,3545.265380055125,3486.2662350262744,3498.2802045463336,1517562
2023-12-22,3561.376953125,3581.8194348785914,3503.6349627762156,3539.0252149254707,2413058
2023-12-26,3534.880615234375,3570.6899143624773,3529.8513380857476,3557.5117939691436,1285231
2023-12-27,3549.456298828125,3555.9755563874555,3509.2232119367036,3538.094209699452,1293976
2023-12-28,3538.93212890625,3574.4156056228353,3531.6679956087487,3561.377091167723,1682889
2023-12-29,3532.878662109375,3560.0734608663474,3506.8016322454937,3531.5749015656434,1574996
2024-01-01,3549.363525390625,3568.828076087877,3513.880044644979,3529.7125282810684,825907
2024-01-02,3523.379150390625,3549.363183929598,3508.5246023534996,3549.363183929598,1344068
2024-01-03,3438.209716796875,3512.8087373367534,3433.83254667766,3508.29173242333,1803075
2024-01-04,3414.973388671875,3463.5883776999503,3400.2584476962943,3447.5230645740226,3598144
2024-01-05,3481.1904296875,3490.364047651674,3422.4707254669115,3422.6103328983795,1963127
2024-01-08,3425.68359375,3482.9133158422196,3420.1886545813795,3481.1902782695042,1067805
2024-01-09,3436.48681640625,3494.648088677372,3429.8279514524115,3455.1598780853456,1370944
2024-01-10,3458.046630859375,3473.1340080380555,3434.7169596150297,3436.579604387055,1292227
2024-01-11,3479.001708984375,3513.879690118427,3452.412406909358,3468.244888948058,1777909
2024-01-12,3616.13916015625,3637.0473054522495,3559.1422668706787,3583.7290906805597,6813450
2024-01-15,3635.697021484375,3692.693916153037,3618.188112044023,3688.037303396224,2801505
2024-01-16,3596.11572265625,3631.226536485312,3590.760618120525,3631.226536485312,1432672
2024-01-17,3617.8154296875,3641.4243183462013,3550.713598917996,3556.7205834939423,3458696
2024-01-18,3634.5791015625,3640.3532553051646,3596.7673189636566,3630.2949273227173,2239110
2024-01-19,3697.83447265625,3717.059591726697,3671.575773438078,3699.6631577031208,2941975
2024-01-23,3618.308349609375,3689.253641723034,3603.7722828902806,3657.461948675322,2618854
2024-01-24,3602.88134765625,3642.1285897607904,3568.9326446510017,3638.7056721419845,2657709
2024-01-25,3573.34033203125,3620.887291071968,3543.7054208683003,3601.0993927441014,2205154
2024-01-29,3564.61865234375,3582.4370565517297,3545.7218573588943,3564.4311359857325,1646747
2024-01-30,3564.196533203125,3608.5080891700763,3551.4891523141855,3570.6673355072853,1411621
2024-01-31,3578.638671875,3595.566200692752,3560.351363342525,3574.184071078628,2459358
2024-02-01,3614.462890625,3662.0567819751186,3568.4165242500367,3582.4367479301113,2363107
2024-02-02,3719.638916015625,3736.613153638115,3631.2033142998894,3634.063682950061,2826510
2024-02-05,3726.203125,3771.874458152277,3715.6996914451147,3735.2998425709893,1691523
2024-02-06,3878.785400390625,3891.8208786976347,3741.8650260054624,3748.4297014896824,4474396
2024-02-07,3829.456298828125,3896.603639652877,3820.594033092657,3894.7280181656797,2124267
2024-02-08,3877.00341796875,3899.417002760364,3831.9415667460817,3835.6458733260915,2345173
2024-02-09,3876.62890625,3924.5039671299337,3845.02449733741,3879.3013008487114,2100596
2024-02-12,3864.4365234375,3900.9172660904946,3850.228325776773,3873.1579793046585,1013716
2024-02-13,3891.4453125,3910.670430925413,3827.674187966924,3868.8911494158424,1257415
2024-02-14,3845.11767578125,3858.997090733716,3797.6643636034514,3851.5884779156377,1391283
2024-02-15,3848.02490234375,3888.444175657724,3829.0809437517446,3871.282423660838,1091582
2024-02-16,3871.563720703125,3889.9920672478725,3845.1177337734257,3857.4498528668705,1307556
2024-02-19,3848.58740234375,3871.5637647018066,3802.8224229354896,3866.640258482223,772291
2024-02-20,3779.986572265625,3843.1482139238024,3760.6208730684352,3828.2371155114192,1193648
2024-02-21,3743.271728515625,3810.6535246443304,3733.0496825963114,3763.4346602864093,1885939
2024-02-22,3832.926025390625,3840.2877016688244,3724.0461165985157,3724.0461165985157,2982052
2024-02-23,3800.10302734375,3873.1583931027276,3794.757322908657,3873.1583931027276,2538072
2024-02-26,3752.2275390625,3798.1333269385277,3735.065557497388,3785.0039771663946,1379284
2024-02-27,3849.150390625,3867.531573098657,3750.305228133252,3750.305228133252,2960475
2024-02-28,3862.795654296875,3896.509674983892,3834.7080400231876,3840.8976823678586,1939225
2024-02-29,3840.428466796875,3880.7543245620564,3811.778305779147,3844.0858367320416,3772719
2024-03-01,3839.72509765625,3882.536061925083,3832.644581510238,3851.7760560015763,2043265
2024-03-04,3826.92431640625,3861.810830830789,3822.422778973925,3849.7131636292625,1749271
2024-03-05,3762.590087890625,3811.262367586528,3732.4862753431057,3809.386746342637,2070859
2024-03-06,3811.544189453125,3818.7652862706927,3712.276832263034,3745.662985779128,1744204
2024-03-07,3853.089111328125,3867.5313044415575,3786.598195707899,3812.200473461429,2688905
2024-03-11,3865.98388671875,3894.7276920199565,3834.707809455719,3834.707809455719,2304068
2024-03-12,3931.536865234375,3966.8925114142617,3864.764560938834,3865.983989585085,4039801
2024-03-13,3890.976318359375,3977.2548966406625,3874.9396649435876,3943.4937138349414,2837260
2024-03-14,3945.93212890625,3962.2499424114544,3831.8942638327107,3895.1497744818453,2919608
2024-03-15,3956.858154296875,3975.3799172991535,3917.235648633773,3931.865588461695,3373143
2024-03-18,3894.259033203125,3990.1501797762785,3861.7639831846413,3953.106656161222,1526904
2024-03-19,3729.954345703125,3805.6356194004047,3719.919817535177,3799.3053975100765,8931209
2024-03-20,3723.95263671875,3768.1236148774233,3713.9181074283624,3738.11367070717,1817913
2024-03-21,3725.875,3759.120343748554,3702.476668668117,3741.9116546616547,3829582
2024-03-22,3667.683837890625,3693.098599879169,3615.260310445454,3654.6483605203457,5852485
2024-03-26,3636.36083984375,3701.257291825828,3630.68703955033,3634.016313190079,3440925
2024-03-27,3602.037353515625,3652.7730085811854,3591.2525294851544,3646.677238477006,1968575
2024-03-28,3635.236083984375,3671.529316493805,3601.6624112374093,3610.6654865850787,4311783
2024-04-01,3673.169921875,3688.6907341711717,3646.254801582969,3655.304582916496,1569676
2024-04-02,3642.26904296875,3666.6990561572848,3632.140642171932,3648.083423198765,2142666
2024-04-03,3701.8203125,3733.424488071944,3611.509094088183,3611.509094088183,3973090
2024-04-04,3754.337890625,3778.111256202073,3690.5198221169708,3728.6417382256623,3394637
2024-04-05,3731.783203125,3753.1183964079287,3714.199252617092,3730.610939757806,1636819
2024-04-08,3725.500244140625,3781.862534405873,3713.7306731098083,3735.300320958678,2302538
2024-04-09,3701.116455078125,3766.106775201305,3680.9535272551757,3736.237416122381,1876992
2024-04-10,3736.847412109375,3742.052307422326,3674.3424188992844,3710.3542591400274,2101965
2024-04-12,3752.555908203125,3763.762930025122,3700.1323779568356,3724.0465524943843,4354821
2024-04-15,3696.099365234375,3811.450077595125,3675.326950485817,3752.555521752734,4200329
2024-04-16,3631.953369140625,3684.37689632826,3622.622198353119,3659.33739612377,3051420
2024-04-18,3621.8251953125,3691.2231923226304,3610.571466067614,3635.7048405060677,3476284
2024-04-19,3588.25146484375,3612.962869820078,3564.5248069516724,3599.3176775438415,2957749
2024-04-22,3624.263671875,3636.830244882277,3574.934732720794,3598.3800024789316,1728883
2024-04-23,3633.7353515625,3652.7729560208513,3620.5123570552523,3635.9392984592287,1807586
2024-04-24,3592.799560546875,3655.585938193527,3586.6099186323313,3648.083452943258,1317312
2024-04-25,3612.634033203125,3632.7500252586483,3573.996281358353,3574.1837976912666,2856271
2024-04-26,3583.703369140625,3635.7049318750132,3566.072480422347,3615.4011908108196,2039178
2024-04-29,3629.515380859375,3636.6428346569596,3581.687029156828,3599.3179183210755,1110693
2024-04-30,3583.04638671875,3640.3467125091584,3573.058794270598,3631.2030581143713,2203078
2024-05-02,3623.0439453125,3630.35891420508,3543.0955870607045,3543.0955870607045,2491044
2024-05-03,3604.38134765625,3651.4596252829774,3561.4298032069573,3648.2239953859785,2962234
2024-05-06,3677.202880859375,3694.9274124213143,3613.384813638277,3613.384813638277,2053831
2024-05-07,3731.501708984375,3739.988941315255,3670.12204659911,3686.3462169354693,2062112
2024-05-08,3729.626220703125,3736.5192209369857,3693.66131770256,3714.6681858171114,1247685
2024-05-09,3713.91796875,3724.0463703208047,3666.886852709913,3715.6060738380834,1726486
2024-05-10,3651.741455078125,3726.4851604890678,3643.441966707886,3716.1692414841436,1672489
2024-05-13,3702.2890625,3709.041253630369,3629.327345524533,3642.925600436705,931326
2024-05-14,3658.587158203125,3700.413608162642,3650.803283386374,3691.2230172569975,1058317
2024-05-15,3639.08056640625,3682.7357004952323,3634.485385536964,3661.6818959693137,1115021
2024-05-16,3684.9423828125,3693.018989202287,3630.673611714795,3675.637945909043,2599399
2024-05-17,3621.793701171875,3702.93705093211,3617.9206390484646,3701.992424133403,2765804
2024-05-21,3608.66357421875,3631.8542103330115,3599.0757035999536,3618.487832180219,1908117
2024-05-22,3619.810302734375,3628.548101612322,3606.160490071024,3622.644183451547,1311168
2024-05-23,3677.857421875,3688.7679082914883,3613.6700725144915,3628.2645114562283,2095742
2024-05-24,3636.341064453125,3668.7418115804035,3631.429050950218,3663.4990864307915,1309452
2024-05-27,3634.027099609375,3691.9327769001197,3628.642772199506,3641.536837624862,1841538
2024-05-28,3627.272705078125,3655.706066734782,3617.9209911096164,3644.370544047232,1801993
2024-05-29,3593.030029296875,3635.774396680819,3589.582233347775,3635.774396680819,1568095
2024-05-30,3529.220458984375,3584.2920197241397,3509.7137762005277,3567.855604818015,2919230
2024-05-31,3467.677978515625,3542.1618998121,3451.430442400017,3532.904510318457,10956800
2024-06-03,3497.81201171875,3543.815298291685,3491.3412248298496,3526.103542889748,2156773
2024-06-04,3509.2890625,3537.6278705417226,3392.627636061575,3495.1196584791387,3395997
2024-06-05,3538.99755859375,3574.2794671048623,3495.1196832887176,3510.2337143515874,2799670
2024-06-06,3618.298583984375,3627.2725390345563,3534.3213495003415,3571.634109972148,4328036
2024-06-07,3678.32958984375,3698.2140306925203,3624.8165722996846,3624.8165722996846,4552445
2024-06-10,3645.03173828125,3689.6180814133613,3629.161960387638,3679.3217405498876,1734661
2024-06-11,3638.797607421875,3665.105329903273,3628.31215590978,3632.0906637524354,1419898
2024-06-12,3619.479736328125,3677.9050050406395,3615.512349289223,3659.862538168497,2177001
2024-06-13,3663.404541015625,3674.598461482482,3638.7026410361236,3643.236896058969,1932323
2024-06-14,3619.857421875,3673.6538756786167,3616.031636949793,3673.6538756786167,1860730
2024-06-18,3603.846435546875,3629.2568087209993,3584.906618726297,3614.1900547154564,1774045
2024-06-19,3591.18798828125,3621.557881055292,3582.9225030243783,3615.7010098615556,1509050
2024-06-20,3577.5380859375,3598.981069597492,3570.736818650082,3585.8035709865335,2846526
2024-06-21,3599.73681640625,3663.074093663598,3587.7401013764106,3615.087002922448,4642195
2024-06-24,3605.451904296875,3643.4258585651314,3581.363918973201,3597.8476118252383,1702154
2024-06-25,3625.903076171875,3634.5935975227003,3582.8752747763524,3605.6408753024607,1338808
2024-06-26,3642.339599609375,3652.8248194664434,3628.3117983770853,3631.6179924136177,1639845
2024-06-27,3716.3037109375,3723.7191241208575,3606.679947095457,3618.865541478185,4526556
2024-06-28,3687.96484375,3740.722345851188,3682.013879060851,3700.8591386940006,2731571
2024-07-01,3757.91455078125,3780.113282123888,3668.9307461619287,3668.9307461619287,2658723
2024-07-02,3794.9443359375,3800.6120978156096,3762.024224068573,3772.4623983184556,2307449
2024-07-03,3745.681640625,3803.162277059337,3735.9992153513335,3797.399960989219,1821198
2024-07-04,3798.29736328125,3823.2356509992096,3761.598747788845,3778.3658747158024,2518001
2024-07-05,3789.654296875,3803.7764231043757,3767.172130214255,3787.953922306711,1668616
2024-07-08,3772.083740234375,3808.0268365618135,3757.772736278706,3799.289038549238,1758882
2024-07-09,3764.810302734375,3785.072502499781,3754.9862757638116,3764.3379893103715,1305801
2024-07-10,3692.688232421875,3781.624995321451,3685.9342421919528,3763.1102154389605,2669716
2024-07-11,3706.4326171875,3759.615159156207,3679.8887389846327,3713.3284398600626,4872189
2024-07-12,3952.271728515625,3967.3857582493197,3751.396688713167,3759.614896256505,13509164
2024-07-15,3938.338623046875,4005.2180225102193,3926.8610373129627,4001.156311371623,4848030
2024-07-16,3947.076416015625,3962.2845399612966,3915.383907085896,3940.983388073058,2029521
2024-07-18,4076.583984375,4085.5108920932958,3929.6474707764414,3929.6474707764414,5613364
2024-07-19,4073.6015625,4126.95500501344,4057.363678860647,4087.8038739597537,3903354
2024-07-22,4059.352294921875,4090.2187458114163,4038.1907573413023,4071.282329598796,1896386
2024-07-23,4073.554443359375,4129.748348674782,4039.4212771190782,4055.233368947045,2365208
2024-07-24,4077.246826171875,4108.349980054808,4041.1257072749645,4059.493937233536,1809793
2024-07-25,4092.633056640625,4112.042883745572,4046.901795265646,4066.5954836949645,2810342
2024-07-26,4154.50732421875,4187.26741308513,4106.408555000571,4118.670068060141,3552210
2024-07-29,4148.1162109375,4195.362470831685,4138.553229520491,4180.213339815366,1746803
2024-07-30,4133.2041015625,4164.117706946695,4097.177294216961,4157.584736158652,1797906
2024-07-31,4152.140625,4179.266948047126,4113.936313834336,4118.670417762799,2330091
2024-08-01,4163.26611328125,4184.285259071731,4132.920227203137,4165.443616342355,2202244
2024-08-02,4055.28076171875,4164.11800080395,4042.9249348414887,4132.872913485503,2811282
2024-08-05,3934.087890625,4013.5736879846177,3891.907205581687,4013.5736879846177,2787771
2024-08-06,3949.37939453125,4031.7999662691227,3939.532087639672,3949.14268931395,2203067
2024-08-07,3977.073486328125,4019.207010572527,3957.994677970089,4003.158213602941,1237666
2024-08-08,3950.657470703125,4006.9461596918663,3938.775053005237,3958.658292455504,2441283
2024-08-09,4003.868408203125,4027.44415336694,3981.901980990388,3992.74326394149,1302536
2024-08-12,3972.528564453125,4013.5733382592252,3963.7233160113306,4005.051951129163,936912
2024-08-13,3973.760009765625,4008.839537848005,3960.5516737879557,3988.956299705632,1495593
2024-08-14,4066.83203125,4077.1999039105713,3965.42743135513,3985.168737449799,3226545
2024-08-16,4181.2080078125,4191.575880991633,4095.0949293450403,4118.670675923561,3457058
2024-08-19,4251.22509765625,4255.249085777639,4156.874503931808,4185.894466979573,2055210
2024-08-20,4282.75439453125,4322.237007322546,4260.693654534821,4265.427758595415,2212298
2024-08-21,4309.455078125,4317.503055311436,4253.639804359008,4277.736579801988,1896990
2024-08-22,4262.58740234375,4318.402675534502,4258.042847258311,4317.5030108146375,1829872
2024-08-23,4226.513671875,4266.374923745363,4218.087058430003,4260.6939984141445,1809253
2024-08-26,4263.01416015625,4310.070883859805,4246.491949695793,4250.279233485934,1844164
2024-08-27,4257.99462890625,4270.161367393824,4248.194942174438,4265.4272638823,930697
2024-08-28,4266.42236328125,4319.870590915642,4220.264841898864,4259.510755261752,1848058
2024-08-29,4271.8662109375,4313.715878264525,4222.821074859477,4222.821074859477,2133641
2024-08-30,4311.58544921875,4348.038051973605,4249.14242918416,4260.693828489569,3637222
2024-09-02,4280.6240234375,4344.013861375445,4272.055480062339,4332.652011694428,1216500
2024-09-03,4272.38720703125,4313.6210706253505,4256.811818932973,4280.62427113772,1717263
2024-09-04,4241.046875,4248.384735865379,4200.759836723105,4238.869372185236,1265505
2024-09-05,4237.9228515625,4259.746886626945,4217.281880213047,4242.704111797141,1688793
2024-09-06,4219.74365234375,4278.636091754635,4203.884403748528,4236.029155230157,1649179
2024-09-09,4212.9267578125,4251.462553433798,4194.890004562873,4218.0871166522065,1184938
2024-09-10,4268.126953125,4298.519998376398,4204.311312941907,4206.204954860188,1385591
2024-09-11,4241.142578125,4307.420045613886,4233.473235852587,4281.00383317773,1325919
2024-09-12,4277.453125,4291.560664475195,4195.647426325353,4270.399124104948,2742216
2024-09-13,4282.09228515625,4305.194622601226,4265.428144890812,4289.098667337487,1458786
2024-09-16,4273.23974609375,4304.295289007335,4255.43969677022,4286.2585344411245,1155120
2024-09-17,4266.04345703125,4294.590014445038,4228.502101148829,4273.239388269134,1699364
2024-09-18,4115.025390625,4257.900566019319,4091.2129384450927,4257.900566019319,2961779
2024-09-19,4067.684326171875,4187.031372404745,4054.097354431545,4156.590712046438,2927551
2024-09-20,4057.03271484375,4100.397388735434,4002.685288545634,4087.330983142617,5447908
2024-09-23,4041.5048828125,4080.229763925027,4026.8291593303416,4071.3297402117255,1702319
2024-09-24,4044.15576171875,4062.8083176204914,4014.5204536730093,4025.550824249018,3012026
2024-09-25,4047.42236328125,4061.4827451400292,4014.5203392742264,4026.21366904617,2713073
2024-09-26,4064.228759765625,4087.236322972992,4033.457080163439,4033.457080163439,3964251
2024-09-27,4079.567138671875,4145.181637964974,4071.376768553105,4104.468341840603,3012477
2024-09-30,4041.5048828125,4070.1462141244547,4033.504061536598,4058.926294354151,2503416
2024-10-01,4059.873291015625,4067.305927628493,4017.313968463482,4029.2435420878182,1823365
2024-10-03,4007.656494140625,4051.446964367783,3986.116316893753,4035.9191927934635,3350119
2024-10-04,4026.119384765625,4069.4364432295033,3999.4188490488086,4000.3185138773038,2965463
2024-10-07,4045.62353515625,4068.7258712834955,4004.483984564525,4046.6175121163583,1472619
2024-10-08,4027.06591796875,4051.825191579924,3980.3878333935318,4045.3869945057163,1541867
2024-10-09,4026.78173828125,4066.5953683116572,4020.864108234231,4033.456640048349,1082504
2024-10-10,4002.59033203125,4065.506761861307,3975.322076727874,4027.065743241721,2378875
2024-10-11,3928.548828125,4016.366452403587,3893.753165674994,3922.6783545680514,5759183
2024-10-14,3916.666259765625,3943.8873583904956,3902.984976280472,3919.8382019814067,2137590
2024-10-15,3897.871826171875,3948.1957233726384,3877.231316907688,3911.364023062213,2759474
2024-10-16,3877.184326171875,3896.168132074836,3850.910045329815,3867.7635041374742,2359151
2024-10-17,3890.48681640625,3910.3228978529323,3875.2902957519555,3894.0845506582914,2522659
2024-10-18,3913.3134765625,3935.2384902660306,3872.4535818662375,3881.944889664929,2361000
2024-10-21,3872.31103515625,3929.3538837407996,3862.9620049373275,3922.3776803062365,1595450
2024-10-22,3811.234375,3881.75483326371,3802.5499216715493,3859.1654759681237,1928049
2024-10-23,3859.403076171875,3904.296777177289,3791.9197842909894,3796.143601685057,1966476
2024-10-24,3841.986083984375,3871.504141566946,3800.319338767848,3800.319338767848,2676744
2024-10-25,3851.1455078125,3883.8430156937015,3827.5595160672574,3850.670942439126,1759676
2024-10-28,3882.75146484375,3923.7063623671393,3844.928513292037,3861.9653632236445,1532534
2024-10-29,3867.94482421875,3894.757766071196,3853.565587028902,3887.4970090191655,1445885
2024-10-30,3876.866455078125,3898.0796180034267,3853.517979890609,3867.7074369038137,1935002
2024-10-31,3766.57763671875,3870.839735602275,3758.5575287403312,3862.9619045386735,3740372
2024-11-01,3781.526611328125,3795.5262896074955,3773.791288560614,3786.889338989994,154895
2024-11-04,3762.496337890625,3788.834714578836,3714.1856783834955,3764.5371079100955,2269192
2024-11-05,3769.330322265625,3783.234994421101,3740.61911840681,3740.61911840681,967590
2024-11-06,3929.069091796875,3938.7026764053235,3773.032086197068,3799.9400361634475,3792017
2024-11-07,3939.746826171875,3991.8540128312807,3877.246703910295,3957.5907627391994,3724349
2024-11-08,3936.04541015625,3957.6381357605555,3908.1883286111524,3943.638456522599,1648039
2024-11-11,3985.11572265625,4018.9044087832367,3908.188392337153,3918.2020004617184,1406487
2024-11-12,3983.88134765625,4003.4335339434815,3952.512761507312,4001.5352724290465,1587640
2024-11-13,3939.22509765625,3983.2646739668166,3920.9065952008664,3965.563477283957,1098813
2024-11-14,3935.000732421875,3948.383567490613,3907.049112395529,3924.655300859059,1825432
2024-11-18,3815.031005859375,3998.687803877484,3787.2214288591285,3998.687803877484,3313944
2024-11-19,3834.06103515625,3921.9504005395133,3809.9057047468586,3815.4104775297365,1776233
2024-11-21,3865.667236328125,3884.2700598437223,3819.302106879864,3839.138846704682,2384347
2024-11-22,4028.6806640625,4038.504260476663,3847.7762418955795,3863.911465406242,3096553
2024-11-25,4095.593994140625,4107.932693294498,4035.8937655385084,4062.2794137366227,4052167
2024-11-26,4131.28173828125,4144.474563456407,4090.7536685314544,4101.241378290607,2060669
2024-11-27,4112.15625,4154.724856872267,4104.088638616241,4137.213672581404,1558993
2024-11-28,4028.965087890625,4119.180245085127,4017.670524486243,4099.295770199878,2558544
2024-11-29,4053.594970703125,4080.0283535687327,3982.220156194433,4005.3315815871606,2017425
2024-12-02,4059.10009765625,4070.0628363390956,4014.8705101832115,4052.7884705955157,1670944
2024-12-03,4083.8720703125,4104.990228133534,4048.469681005338,4094.882078988639,2010905
2024-12-04,4132.89501953125,4163.789504813234,4070.8692297125376,4094.122934068909,3302642
2024-12-05,4236.966796875,4260.647793669346,4138.209931031042,4176.934278953506,3746747
2024-12-06,4219.3603515625,4237.868399443609,4188.276322428843,4226.4788315167725,1842087
2024-12-09,4225.67236328125,4242.0448686697655,4190.934085246633,4205.07650413352,2066639
2024-12-10,4207.0693359375,4265.20359458783,4187.659890094591,4200.994991803812,2087828
2024-12-11,4202.22900390625,4222.350297163338,4182.819095248504,4206.405086397892,1635256
2024-12-12,4228.330078125,4256.851270827812,4200.852558457947,4204.696352489294,1914642
2024-12-13,4246.31591796875,4266.247663475759,4170.8600242636485,4209.347553772588,1967048
2024-12-16,4190.60205078125,4247.359881247422,4173.327686669254,4232.1737900519,1646224
2024-12-17,4108.3125,4207.449393387959,4098.346627007046,4185.666657040545,3225027
2024-12-18,4126.67822265625,4140.108330075579,4071.3913564877716,4092.3672387441043,1575404
2024-12-19,4054.59130859375,4142.006337975124,4045.1950074358338,4064.177621267067,3015763
2024-12-20,3958.15966796875,4159.090827365295,3941.265326479778,4108.786899056221,4116989
2024-12-23,3946.769775390625,4002.4839296244636,3905.577598089669,3986.3959798160035,2195338
2024-12-24,3966.892333984375,4003.433871215718,3946.7705748590906,3946.7705748590906,1181886
2024-12-26,3957.021240234375,3986.3020175795177,3932.3911110375443,3966.8921076893726,1208464
2024-12-27,3952.987060546875,3968.2681573970385,3936.2822676568094,3951.2310760757846,858100
2024-12-30,3947.24462890625,3985.684422832016,3902.825496858013,3939.8415947124545,1527169
2024-12-31,3886.50048828125,3929.353878987766,3826.9425360658684,3924.655496583325,1555429
2025-01-01,3903.252685546875,3923.706266508262,3877.6259252343875,3886.1205985527304,763161
2025-01-02,3963.332763671875,3970.21396166903,3888.541445300585,3910.4187239006465,1720835
2025-01-03,3891.3408203125,3967.3190100554248,3884.127566106747,3967.3190100554248,1791953
2025-01-06,3886.6904296875,3938.560332599053,3859.545197490021,3896.656302584134,2085593
2025-01-07,3823.38330078125,3929.7334436078268,3807.4853613249484,3905.6256161656233,2669054
2025-01-08,3899.408447265625,3916.113240154538,3813.3698426153405,3829.6473413152235,2181277
2025-01-09,3833.396728515625,3927.2656647049257,3820.535960823577,3892.3851104960186,2392472
2025-01-10,4048.65966796875,4078.4150109700595,3957.875400452676,3986.34932419694,7894300
2025-01-13,4072.81494140625,4103.044847646488,4012.355128925775,4029.059922352462,4003771
2025-01-14,4017.7177734375,4094.4550879803073,4004.4299428133863,4083.1605246383615,3441709
2025-01-15,4033.42578125,4039.9274190172896,3993.420016264204,4003.43315943906,1653474
2025-01-16,3992.328369140625,4075.567318807286,3978.613708278282,4043.2968742708517,2637705
2025-01-17,3986.52880859375,4021.6165011799776,3963.08887255939,4020.939695681563,1761466
2025-01-20,3941.582275390625,4007.3105183689017,3932.2063483825796,4007.3105183689017,1287799
2025-01-21,3901.033447265625,3973.672984292028,3895.3787707849365,3958.4974864018836,1971591
2025-01-22,4017.749755859375,4024.0807657149944,3909.1043123511595,3914.7106117823487,2409223
2025-01-23,4006.972412109375,4051.339039072567,4001.7524202557865,4028.7689459052554,1822998
2025-01-24,4013.642578125,4038.4356562013722,3966.9075952729613,3966.9075952729613,1910099
2025-01-27,3929.354736328125,4017.5084152856,3906.0599315038703,3964.973867046099,1551782
2025-01-28,3905.335205078125,3964.974090445813,3893.7360609812577,3934.8163629909964,2468272
2025-01-29,3962.84716796875,3970.6285432095738,3918.5772926221866,3918.5772926221866,1217089
2025-01-30,3963.088623046875,3991.941585340912,3922.9267796325357,3962.9437281550117,1531251
2025-01-31,3975.026123046875,3990.5402596455497,3948.783156988766,3972.706388892682,1492943
2025-02-01,3937.087646484375,3997.741503018046,3920.5106310847846,3975.606564509793,437172
2025-02-03,3932.73779296875,3940.8089579536745,3865.1245003058734,3896.2488211358454,1265713
2025-02-04,3969.85498046875,3981.2610880254483,3930.2248097290194,3947.285122132378,2547132
2025-02-05,3954.43798828125,4011.3703550712034,3939.8423053663196,4011.3703550712034,1693912
2025-02-06,3946.3671875,4001.221473922295,3916.20945960672,3968.2604779070675,2284536
2025-02-07,3894.798828125,3953.374595002479,3874.113784051329,3953.374595002479,1548940
2025-02-10,3902.096923828125,3916.644230568612,3880.2520112210996,3905.045086746592,1339511
2025-02-11,3831.14892578125,3905.045090759602,3822.884488602531,3884.1665374644367,1810908
2025-02-12,3818.1962890625,3887.404606196338,3808.5303361658844,3838.446649169052,1678002
2025-02-13,3779.53271484375,3851.3507965730623,3771.896705969927,3835.4503502565626,2277310
2025-02-14,3803.407470703125,3816.1181040365336,3769.72153134308,3793.886412954254,1681975
2025-02-17,3774.071533203125,3802.5860959459837,3727.3849307355754,3727.674956536778,1799806
2025-02-18,3743.81689453125,3793.3065270348457,3735.4075625604055,3768.1750490618683,2149879
2025-02-19,3657.693359375,3745.508400554833,3642.2759755929487,3742.850263486918,4366672
2025-02-20,3653.150146484375,3661.4629603766616,3625.988960412709,3635.848185178673,2888572
2025-02-21,3659.52978515625,3689.4942392872176,3648.8972369162293,3649.960586134303,1833931
2025-02-24,3552.81787109375,3637.4914799757285,3547.4048428794777,3618.111196511734,2508516
2025-02-25,3508.305908203125,3535.8054964280086,3500.283120267886,3503.907852529123,4101954
2025-02-27,3491.87353515625,3516.4733357865325,3480.4192876480943,3491.0518348426112,3823856
2025-02-28,3366.89306640625,3479.743067268356,3341.5199398740847,3465.195760859545,7085018
2025-03-03,3376.365966796875,3405.557099448941,3360.03036363457,3368.584826957939,4990439
2025-03-04,3414.06298828125,3432.3799220820893,3348.576156481458,3357.952083726606,2797737
2025-03-05,3428.561767578125,3480.081342184221,3403.2370189380595,3403.2370189380595,2501894
2025-03-06,3481.28955078125,3488.877181911339,3417.9775618337376,3438.1793081878077,2786513
2025-03-07,3490.56884765625,3503.9079097926337,3454.998093954285,3479.743027656133,2051315
2025-03-10,3469.738525390625,3501.104729866086,3462.9242177043166,3486.0257496562317,1004626
2025-03-11,3455.8681640625,3468.8688234276665,3419.4757100500633,3439.146018462038,1995450
2025-03-12,3389.076416015625,3450.020297279617,3370.3729384283747,3445.912267227522,3174167
2025-03-13,3393.764404296875,3406.5717917540665,3367.714708703622,3385.306695598729,1693004
2025-03-17,3380.8603515625,3412.5163478055665,3361.1902786941764,3372.4510196048896,2690906
2025-03-18,3380.8603515625,3380.8603515625,3380.8603515625,3380.8603515625,0
2025-03-19,3380.2802734375,3428.5132810234372,3347.0776328908673,3428.5132810234372,3051244
2025-03-20,3444.123779296875,3459.3960314822807,3394.68252652922,3394.68252652922,2845192
2025-03-21,3458.574951171875,3495.45046975286,3349.2529215882914,3358.918875185949,4161925
2025-03-24,3507.7255859375,3527.8308131919025,3447.458517116232,3479.742702237372,1834751
2025-03-25,3535.563720703125,3586.068321730188,3516.473464812513,3523.239631457287,3135390
2025-03-26,3514.346923828125,3557.5536826670163,3504.7293486525073,3525.897689430406,1734499
2025-03-27,3529.232666015625,3540.638537603521,3489.892285017066,3494.0970689111577,2528474
2025-03-28,3485.6875,3538.656968927356,3471.9135171595426,3529.0393930182477,2051919
2025-04-01,3432.1865234375,3464.277439125219,3407.248318336048,3453.354865404157,2618493
2025-04-02,3425.565673828125,3445.042712463126,3412.1300923457825,3425.614050794505,1764313
2025-04-03,3289.46826171875,3385.0162887639567,3282.702095521906,3374.3837418832018,4537821
2025-04-04,3189.184326171875,3286.085501586113,3185.414699028632,3250.2733357697866,5317367
2025-04-07,3164.681396484375,3181.4516833870694,2953.963620596823,2996.4454369330797,6623955
2025-04-08,3182.94970703125,3237.1274167268007,3146.5574911118592,3191.7458179951013,5557558
2025-04-09,3138.148193359375,3160.76642752928,3104.752280697163,3151.6321497293247,2990265
2025-04-11,3123.552734375,3188.749540631033,3098.904554048043,3179.6636391398747,7108961
2025-04-15,3139.69482421875,3203.683386247662,3130.415650876791,3203.683386247662,3512160
2025-04-16,3164.439453125,3168.595859734791,3121.1359404182936,3139.6945212968367,2384391
2025-04-17,3188.701171875,3193.2443586174536,3110.50370573642,3137.085076745666,2932346
2025-04-21,3210.642822265625,3241.960413439671,3174.3955010062373,3180.195072407739,2432946
2025-04-22,3203.68359375,3222.5322034286173,3184.931738002275,3211.6098645568586,2710498
2025-04-23,3298.98974609375,3306.625754540036,3225.818529364827,3252.593171873855,3543923
2025-04-24,3287.970703125,3298.5064976170884,3274.5348867157572,3287.4874054696716,2252175
2025-04-25,3332.820556640625,3361.625143451318,3291.256959211522,3305.7558885472554,2742991
2025-04-28,3328.470703125,3342.2930622298845,3291.2567864500143,3320.2546435993536,1593296
2025-04-29,3356.502197265625,3378.250591632357,3315.808440523134,3339.586779424834,1578332
2025-04-30,3338.330078125,3392.65268577439,3253.5597190937174,3356.0188189819924,2809332
2025-05-02,3316.388427734375,3374.867442563267,3305.755879583667,3356.0188344779217,1721761
2025-05-05,3338.909912109375,3387.4329449049897,3331.27366828836,3334.753505470742,1284443
2025-05-06,3344.419677734375,3356.9854164079434,3322.1879862349847,3344.419677734375,1324763
2025-05-07,3330.017333984375,3343.9362109554654,3306.335750758935,3306.335750758935,1477128
2025-05-08,3333.690185546875,3360.8516058321925,3314.165009149484,3332.8203442362383,2543591
2025-05-09,3325.3779296875,3331.0807476867326,3284.5876543425793,3285.4574957373147,2531757
2025-05-12,3499.46142578125,3509.22413241534,3385.209911911905,3387.916425868549,2228678
2025-05-13,3397.58251953125,3501.9748131612287,3393.232840630001,3499.461570957545,3062887
2025-05-14,3430.15673828125,3442.0459078220697,3391.396407841002,3403.3820953219624,2119499
2025-05-15,3460.314208984375,3479.7428677232297,3396.7124309124556,3444.9454390459973,3548330
2025-05-16,3442.335693359375,3473.8465567565913,3427.6434928317944,3473.8465567565913,1666727
2025-05-19,3401.255615234375,3431.413341631395,3386.659931697025,3431.413341631395,2537377
2025-05-20,3381.440185546875,3439.145874352896,3377.283778805233,3413.8211261851047,2038374
2025-05-21,3408.021484375,3418.847303675328,3381.4401157430884,3390.816042208948,1440153
2025-05-22,3360.851806640625,3380.9570357698217,3336.0103550080185,3378.250521774226,2034383
2025-05-23,3397.19580078125,3416.9142497236344,3349.8326329632987,3360.851724551366,1274331
2025-05-26,3419.137451171875,3426.5801874567637,3392.8461073678304,3403.3819012793415,967470
2025-05-27,3381.826904296875,3421.747337093333,3366.7481593177404,3414.014574749619,2467680
2025-05-28,3380.8603515625,3411.114831810162,3376.317400825417,3402.4154740639756,1222933
2025-05-29,3381.2470703125,3414.4978538154573,3370.034470581059,3387.626457620242,3188072
2025-05-30,3347.7060546875,3389.5596782127777,3337.7503119241223,3373.4175839622008,3404365
2025-06-02,3334.560546875,3344.4197718377163,3304.4028204069105,3334.7538187399196,1877585
2025-06-03,3291.4501953125,3357.468700034321,3286.9072447003623,3330.8873298742683,2848125
2025-06-04,3297.0087890625,3310.56402774214,3286.379348716646,3304.9078969735056,2544807
2025-06-05,3287.451904296875,3324.4113841471617,3280.235380032571,3324.4113841471617,3584683
2025-06-06,3300.226806640625,3306.7605099618336,3275.359545608902,3287.4520036268846,2070390
2025-06-09,3336.991455078125,3348.791310023286,3306.760665733127,3315.634960419095,1718678
2025-06-10,3376.97412109375,3399.3060406489903,3338.2592545088482,3354.6424396212137,2419874
2025-06-11,3385.750732421875,3402.4265208353168,3363.516665314218,3383.8979728571367,2847013
2025-06-12,3348.986083984375,3388.481144938844,3338.259030391803,3385.7505745896515,4060134
2025-06-13,3360.200927734375,3364.8818717382055,3309.003623498393,3309.003623498393,2178493
2025-06-16,3409.54541015625,3421.9302340050463,3341.1847251814343,3354.642349665819,1934088
2025-06-17,3428.073974609375,3432.6573046439225,3401.5489430536663,3422.905437301184,2111940
2025-06-18,3365.75927734375,3450.2105407013996,3357.665418209048,3431.7796073253016,2696327
2025-06-19,3339.039306640625,3365.3693479021017,3328.3122527933565,3364.394161188714,2672768
2025-06-20,3350.448974609375,3360.786049100129,3326.2642962767654,3340.0145242959966,2351248
2025-06-23,3309.393798828125,3340.014567071261,3286.3792966511382,3330.2626997221478,3123421
2025-06-24,3306.27294921875,3356.690292940616,3298.081476031171,3349.376392565029,3403048
2025-06-25,3359.3232421875,3364.3941654870573,3315.634829755361,3322.7537403887272,1757699
2025-06-26,3356.397705078125,3365.759354753242,3330.555256962972,3359.3232652421043,2879106
2025-06-27,3355.71533203125,3380.387367158931,3345.8658502962735,3369.2703330730474,1778433
2025-06-30,3376.096435546875,3378.924381810933,3344.8904604060604,3354.5447137321717,1468351
2025-07-01,3344.59814453125,3398.526022577794,3328.800165873544,3369.2704183662204,2375183
2025-07-02,3338.356689453125,3403.3039810516498,3335.1385257152824,3400.671024568939,3090585
2025-07-03,3316.4150390625,3350.058980842342,3313.294489180619,3344.8904436190446,2531870
2025-07-04,3334.943603515625,3341.964900305915,3305.980605453995,3323.4363525656718,1109320
2025-07-07,3327.044677734375,3341.0875101654565,3323.8265137554163,3333.481005692293,1639174
2025-07-08,3321.680908203125,3340.0144658805552,3309.1984707578945,3320.5107317732236,2325242
2025-07-09,3299.8369140625,3329.2875057764963,3283.4537293349335,3325.3867588452995,2034938
2025-07-10,3298.081298828125,3314.659472122057,3272.7264455550526,3296.130925499427,3035012
2025-07-11,3184.959716796875,3252.247598137654,3180.1813972680684,3218.0184502225306,7635550
2025-07-14,3142.734130859375,3190.8108827918168,3120.5974403831947,3184.9597625910983,3924009
2025-07-15,3171.599853515625,3178.523536457564,3126.448660244279,3126.448660244279,2590889
2025-07-16,3163.576171875,3175.1222359666176,3151.344969328223,3157.607249475903,2540733
2025-07-17,3140.18994140625,3172.2846643823304,3135.199754145851,3154.7696780470374,2947640
2025-07-18,3121.304931640625,3159.3685771406017,3118.46738821797,3155.6502438038765,3432645
2025-07-21,3090.28662109375,3128.839514334287,3084.2199924907163,3121.4028477301345,3844346
2025-07-22,3091.65673828125,3111.7159107005,3086.764257203384,3091.65673828125,3198036
2025-07-23,3110.7373046875,3113.5748480562365,3089.6996367952283,3091.6566291573,1922875
2025-07-24,3080.30615234375,3105.4534578423713,3072.478182452152,3097.0385335433134,2934778
2025-07-25,3068.368408203125,3089.014534530361,3058.3877948178133,3072.4780444334683,2568917
2025-07-28,3013.083251953125,3050.951005299135,3003.8852447797885,3043.123036074506,3374473
2025-07-29,2990.284423828125,3007.8973556438664,2975.802632112602,2994.1984086760676,4785312
2025-07-30,2987.93603515625,3003.0047807939304,2981.673516260727,2994.1983151611034,2880121
2025-07-31,2971.497314453125,2994.0027271024683,2950.166049468222,2976.2918502873677,2968371
2025-08-01,2938.424072265625,2971.4972914199097,2935.488583681943,2964.7455243430377,2053847
2025-08-04,3008.28857421875,3013.181055141491,2927.2692812506943,2944.392964480288,2519252
2025-08-05,2998.014404296875,3011.322048140622,2976.5854331255146,3008.2886143717656,1927996
2025-08-06,2967.093994140625,3000.8521121202134,2960.9294204705666,2997.1337788834585,1487081
2025-08-07,2981.47802734375,2985.9792055799644,2946.154217712285,2951.1446440658847,2543076
2025-08-08,2971.105712890625,2994.002666894786,2959.9509519667536,2982.5543093380406,2762140
2025-08-11,2975.411376953125,2984.3155492907413,2956.3307005130723,2971.1058502168585,1884215
2025-08-12,2970.127197265625,3029.8154640054736,2961.809979769089,2975.6068714078456,3358232
2025-08-13,2970.91015625,2978.9337774241835,2963.473728360306,2970.812449963036,2148166
2025-08-14,2957.30908203125,2990.1864106721328,2954.1779420022144,2968.757439673081,3342174
2025-08-18,2946.44775390625,2983.434958599791,2938.815435653507,2980.988718063058,2945609
2025-08-19,2951.34033203125,2959.9511467818434,2946.350144506624,2946.4478507969,2650784
2025-08-20,3031.96826171875,3036.664852119672,2946.1539583708727,2946.1539583708727,4952358
2025-08-21,3035.882568359375,3062.693270119804,3016.801891436903,3062.693270119804,3230726
2025-08-22,2988.327392578125,3029.1306363096523,2984.4134077810354,3019.639270954844,1593791
2025-08-25,3073.065185546875,3084.2199463957195,3010.9306783780526,3020.9112915939663,3448370
2025-08-26,3089.308349609375,3094.0051794435944,3052.9083364528824,3061.714802808035,5522097
2025-08-28,3027.173583984375,3078.8382300613293,3020.1284592672155,3077.3704857914763,3116051
2025-08-29,3018.3671875,3048.0156702082504,3011.028465982645,3026.4887537573413,2271789
2025-09-01,3045.667236328125,3063.7694152474464,3023.5531276055535,3023.5531276055535,1246862
2025-09-02,3044.5908203125,3087.1554035307527,3036.3715480748965,3053.98447906176,2185229
2025-09-03,3030.891845703125,3074.3369795089966,3021.5961322134785,3062.595025627338,1799774
2025-09-04,3029.130859375,3050.9513740037746,3024.336323201764,3048.9943814611165,1481391
2025-09-05,2982.75,3036.664997028233,2963.47367273015,3030.5006621101975,2802055
2025-09-08,2954.080078125,2998.9929589138555,2951.144589474992,2984.413460841752,2626187
2025-09-09,2983.826171875,2994.19832699537,2965.62628616296,2966.898378981974,2489301
2025-09-10,3043.123291015625,3055.550145422665,2987.740308555338,2990.675797260498,2079428
2025-09-11,3057.017822265625,3071.4996140027415,3043.221168990462,3071.4996140027415,2263446
2025-09-12,3066.02001953125,3080.991059765134,3053.8867617246956,3076.3921752202637,1447167
2025-09-15,3044.982177734375,3066.6070389449774,3029.4241839737238,3066.6070389449774,1732539
2025-09-16,3078.0556640625,3082.263245795216,3042.2428439695796,3060.7363278880744,2573429
2025-09-17,3104.57275390625,3113.966173979194,3074.8263264485827,3084.2199854121977,2418271
2025-09-18,3108.388916015625,3134.1234145595795,3093.4178759668794,3116.51048247651,2633138
2025-09-19,3101.050048828125,3112.107103450778,3076.3919928468,3101.8328935510035,4901694
2025-09-22,3007.70166015625,3040.089740964508,2999.090845838676,3028.445731768582,3634901
2025-09-23,2996.546630859375,3014.453158879609,2986.3703660594774,3003.983297445149,3177741
2025-09-24,2970.127197265625,2991.262810224855,2967.778901999341,2984.4133369924134,1625714
2025-09-25,2893.804443359375,2964.4520571099356,2887.5421635017433,2957.015390749667,4974361
2025-09-26,2836.758544921875,2891.260737711385,2829.126226471788,2877.7574418213358,3934636
2025-09-29,2833.82275390625,2866.3087778304835,2831.7678164651984,2853.2947314486933,3110035
2025-09-30,2826.288330078125,2852.610021207006,2823.0594837288886,2848.402439766557,2253458
2025-10-01,2851.53369140625,2861.9058470940704,2804.957413772581,2828.8326264436423,1952902
2025-10-03,2839.498046875,2861.1229086009284,2828.9304789544044,2861.1229086009284,2899519
2025-10-06,2924.137939453125,2929.22631078988,2833.3336834873367,2839.5959635916415,2112774
2025-10-07,2909.75390625,2939.891634958981,2891.9453243871753,2930.5959216848555,3062943
2025-10-08,2962.103515625,2977.5638026677234,2904.176590968716,2911.0260640606234,4121889
2025-10-09,2995.86181640625,3000.069397912704,2955.0585719818546,2968.757519004287,3211304
2025-10-10,2963.179931640625,3003.983173218589,2942.239970746985,2984.413250266025,8817365
2025-10-13,2942.533935546875,2970.2254277677166,2933.7274691163334,2961.908209472205,2866865
2025-10-14,2896.642333984375,2962.1036338769445,2891.9455044700007,2956.0370052457697,3611416
2025-10-15,2916.7763671875,2926.499513769408,2898.31197994854,2917.954894078994,4282226
2025-10-16,2917.66015625,2921.883430677564,2890.553079047838,2916.87439174088,3251495
2025-10-17,2909.311767578125,2935.4369375213087,2902.6331292681275,2916.972551528368,4374683
2025-10-20,2961.365478515625,2969.0262624451843,2925.320781572273,2932.1958010354274,3133039
2025-10-21,2953.017333984375,2977.669286180243,2942.508423286113,2976.981832168517,310644
2025-10-23,3018.330078125,3042.687339125331,2981.892616996725,3000.4550745732363,5564758
2025-10-24,3008.508544921875,3034.8300966289034,3003.6961270890743,3025.0086400055093,2684318
2025-10-27,3029.821044921875,3038.9550474990237,3005.5620951218402,3011.7496607245316,1946312
2025-10-28,3003.30322265625,3035.0265765381446,2985.919291823652,3021.0801556355614,3470737
2025-10-29,3003.0087890625,3021.080174034828,2991.714113509379,3003.3032409472494,2895420
2025-10-30,2981.106689453125,3009.0978400091353,2978.6513253692647,2994.6603471523654,2241536
2025-10-31,3003.4013671875,3012.6334402910475,2971.088871543434,2980.8120174669925,1868085
2025-11-03,2962.93701171875,3003.4013640895914,2956.2583734171585,2992.499451583931,2194877
2025-11-04,2936.81201171875,2975.214004338424,2922.8655907942766,2965.6872390451917,2670720
2025-11-06,2957.142333984375,2970.0085383136757,2936.61558517126,2936.7138956519902,2542721
2025-11-07,2938.383544921875,2950.3656744717186,2907.6423366423182,2947.419237380036,1830520
2025-11-10,2971.18701171875,2993.4816703122747,2938.579823663838,2939.5619693268272,1556656
2025-11-11,2992.597900390625,3001.142519888641,2964.1156755427983,2990.633609021809,2806868
2025-11-12,3075.8837890625,3080.4015151753365,3002.51755709654,3005.3656835637266,4460315
2025-11-13,3050.249755859375,3075.9819244274895,3046.61586484088,3075.8838537295965,1740435
2025-11-14,3050.54443359375,3057.517763723578,3022.356900982103,3034.830102963518,2210794
2025-11-17,3046.812255859375,3067.7320066302495,3031.4909272444793,3050.544457369475,2232853
2025-11-18,3031.98193359375,3049.5622448251693,3023.0443122614724,3046.6158078736476,2548350
2025-11-19,3091.499755859375,3098.6694669245953,3028.4460542827223,3041.705020306013,3151053
2025-11-20,3088.65185546875,3108.0000778660146,3082.0715272134535,3091.794673762747,2700767
2025-11-21,3094.34814453125,3113.4016740052466,3079.2229578295533,3088.6516518716926,4177037
2025-11-24,3085.115966796875,3122.1428110333977,3075.0981288018247,3101.616062202543,6703764
2025-11-25,3063.5087890625,3093.562543096727,3059.3838251197944,3089.142887490615,2737920
2025-11-26,3106.428466796875,3121.2589624366606,3061.348076121797,3063.115986297256,2508527
2025-11-27,3080.59814453125,3123.223169867727,3069.205159068128,3123.223169867727,2836233
2025-11-28,3081.48193359375,3091.1070087848907,3069.205113141185,3083.937297684263,1616690
2025-12-01,3077.455078125,3097.687374390369,3066.4550948216056,3081.8747335418534,1747647
2025-12-02,3079.714111328125,3087.8659682974553,3064.6872347092776,3075.0980746626374,2512003
2025-12-03,3123.22314453125,3154.5534946281955,3082.9551731709416,3083.9373188138757,3952112
2025-12-04,3171.544677734375,3191.9733551637537,3130.4909417024,3136.9731988901626,5025905
2025-12-05,3180.384033203125,3213.187842167148,3164.866083794654,3172.330486734928,5244013
2025-12-08,3178.71435546875,3201.6964674714213,3151.3125880977464,3185.0983021118977,2544725
2025-12-09,3151.01806640625,3175.964471029267,3124.401822284255,3172.330579931189,2734893
2025-12-10,3132.259033203125,3167.41989738469,3121.357359750894,3167.41989738469,1386849
2025-12-11,3134.91064453125,3151.1160479641035,3096.8035846478047,3147.7768486239356,1914362
2025-12-12,3163.0,3165.4553640739014,3128.8212841349605,3140.607031689688,1146554
2025-12-15,3172.52685546875,3180.384020730158,3140.2143592438706,3153.7680172761306,1562190
2025-12-16,3147.875244140625,3162.509118995985,3134.1252044928165,3162.509118995985,1734623
2025-12-17,3160.348388671875,3179.107227122374,3143.3572206041695,3143.3572206041695,1376350
2025-12-18,3222.2236328125,3229.09865265339,3163.4912725011322,3170.366292342023,2307422
2025-12-19,3223.402099609375,3258.661033366418,3220.259281411304,3240.09857605464,3902511
2025-12-22,3265.5361328125,3269.170263717588,3232.2414895890165,3250.9022578364156,2632816
2025-12-23,3250.902099609375,3260.625245626059,3234.6966963938,3260.625245626059,2365420
2025-12-24,3259.741455078125,3267.696930860065,3237.2504153109776,3245.107580613968,1367708
2025-12-26,3221.437744140625,3260.7235702886815,3213.384197736604,3253.9468611908032,1176664
2025-12-29,3193.446533203125,3229.294848891858,3184.9999848268185,3221.437683809396,2079473
2025-12-30,3188.83056640625,3209.160933545371,3181.6608551553877,3191.973384551631,2807593
2025-12-31,3148.955322265625,3188.0447669329633,3141.392848747715,3182.151893056932,3362634
2026-01-01,3169.77685546875,3176.3574233163417,3141.0982497161094,3157.59834501185,1255735
2026-01-02,3192.660888671875,3196.196709004467,3162.017991655493,3176.2591039024273,1184324
2026-01-05,3158.6787109375,3189.026915514335,3134.026759287417,3182.642968809425,2341703
2026-01-06,3197.669921875,3204.9377039238207,3147.7768738587542,3152.6876022111082,2912325
2026-01-07,3236.75927734375,3241.6700055592964,3165.651788913644,3185.0000101265678,1989442
2026-01-08,3146.6962890625,3228.2143763788763,3125.1873956711997,3228.2143763788763,4159336
2026-01-09,3150.52685546875,3172.0357492326657,3134.0267606372377,3134.0267606372377,1938673
2026-01-12,3181.75927734375,3193.937788002805,3117.6251157476318,3145.8126491306843,2228342
2026-01-13,3209.652099609375,3221.437847833155,3153.1787227037635,3187.0627488471305,5645341
2026-01-14,3135.5,3201.7948316366483,3126.1696162881753,3201.7948316366483,3539511
2026-01-15,3135.5,3135.5,3135.5,3135.5,0
2026-01-16,3206.699951171875,3221.89990234375,3171.0,3219.39990234375,4293470
2026-01-19,3163.60009765625,3220.0,3152.10009765625,3188.0,3387562
2026-01-20,3102.300048828125,3160.0,3091.10009765625,3151.60009765625,4499273
2026-01-21,3122.60009765625,3138.5,3082.0,3100.0,2015150
2026-01-22,3150.39990234375,3160.0,3122.300048828125,3150.0,2269827
2026-01-23,3162.5,3194.5,3152.0,3190.300048828125,2068857
2026-01-27,3158.0,3175.0,3130.0,3175.0,4279874
2026-01-28,3200.10009765625,3205.199951171875,3170.60009765625,3176.0,2751234
2026-01-29,3144.39990234375,3200.10009765625,3125.60009765625,3200.10009765625,2457641
2026-01-30,3123.89990234375,3141.0,3092.0,3141.0,3022068
2026-02-02,3169.60009765625,3198.0,3134.0,3198.0,2636272
2026-02-03,3225.300048828125,3350.0,3186.300048828125,3350.0,4366060
2026-02-04,2999.10009765625,3120.0,2986.0,3120.0,10852595
2026-02-05,2991.5,3029.699951171875,2972.300048828125,2990.0,3521545
2026-02-06,2941.60009765625,2985.0,2916.0,2976.60009765625,4687389
2026-02-09,2948.199951171875,2977.0,2937.5,2959.10009765625,2380318
2026-02-10,2984.60009765625,3011.60009765625,2943.5,2949.800048828125,3547763
2026-02-11,2909.800048828125,2998.0,2904.199951171875,2980.0,3363513
2026-02-12,2750.10009765625,2880.0,2740.0,2869.800048828125,10612156
2026-02-13,2692.199951171875,2713.0,2585.0,2585.0,11168735
2026-02-16,2706.60009765625,2719.800048828125,2671.0,2700.0,2918730
2026-02-17,2717.39990234375,2760.0,2695.199951171875,2716.0,4209118
2026-02-18,2694.89990234375,2730.0,2657.300048828125,2730.0,2950820
2026-02-19,2677.89990234375,2748.699951171875,2666.60009765625,2708.0,3238849
2026-02-20,2686.199951171875,2702.60009765625,2647.5,2667.0,2293482
2026-02-23,2676.300048828125,2704.0,2660.199951171875,2686.0,4699596
2026-02-24,2573.699951171875,2647.5,2561.300048828125,2641.0,7798833
2026-02-25,2629.300048828125,2654.199951171875,2595.0,2596.0,3621285
2026-02-26,2647.699951171875,2671.0,2635.0,2650.0,3464267
2026-02-27,2637.39990234375,2688.60009765625,2626.10009765625,2681.60009765625,5083717
2026-03-02,2613.5,2623.800048828125,2580.300048828125,2592.0,3374385
2026-03-04,2587.800048828125,2635.0,2580.39990234375,2625.0,3446434
2026-03-05,2578.800048828125,2609.5,2546.39990234375,2600.0,2960636
2026-03-06,2557.60009765625,2619.199951171875,2553.60009765625,2572.0,3998643
2026-03-09,2527.39990234375,2560.0,2505.0,2530.0,3653428
2026-03-10,2513.10009765625,2545.199951171875,2490.10009765625,2541.0,4323710
2026-03-11,2464.89990234375,2521.0,2460.10009765625,2508.10009765625,2720664
2026-03-12,2442.39990234375,2472.89990234375,2436.0,2459.800048828125,2752075
2026-03-13,2410.5,2445.89990234375,2397.0,2437.0,2466488
2026-03-16,2409.199951171875,2425.0,2366.10009765625,2410.0,3807907
2026-03-17,2391.699951171875,2420.0,2360.0,2420.0,2993367
2026-03-18,2440.800048828125,2482.89990234375,2410.0,2410.0,3082388
2026-03-19,2356.0,2424.0,2350.199951171875,2417.0,2757060
2026-03-20,2390.60009765625,2407.800048828125,2364.199951171875,2386.0,4206320
2026-03-23,2383.800048828125,2406.800048828125,2348.0,2365.0,3860515
2026-03-24,2398.800048828125,2435.39990234375,2379.10009765625,2404.10009765625,3420182
2026-03-25,2377.39990234375,2421.60009765625,2369.800048828125,2400.89990234375,5843778
2026-03-27,2389.800048828125,2422.10009765625,2385.0,2403.89990234375,4979411
