Date,Close,High,Low,Open,Volume
,TECHM.NS,TECHM.NS,TECHM.NS,TECHM.NS,TECHM.NS
2020-01-01,602.617431640625,606.3338853548547,601.2336492772149,605.7013087840813,746371
2020-01-02,605.7409057617188,608.1922066176405,601.7477144184076,602.6175012709094,1133488
2020-01-03,612.8970947265625,616.6926515243542,603.7641387397086,605.7014441338921,2121704
2020-01-06,609.1806640625,615.8227916677719,607.4015149831848,612.6993869649172,1734439
2020-01-07,614.4785766601562,615.5856221321291,601.431482549456,608.8643918326774,1937143
2020-01-08,608.7061157226562,620.6462102727329,606.571127454265,608.9433259163661,2596664
2020-01-09,611.7504272460938,613.9644693511525,602.6965273707214,609.2595997138412,1678891
2020-01-10,613.8063354492188,618.2739950702098,610.8015604644149,615.9808506472675,1105725
2020-01-13,621.3973388671875,623.6509562586001,612.8574344543318,616.6925174134029,1393509
2020-01-14,629.6209716796875,630.8465978276317,619.6972850124633,621.3973315200963,1628535
2020-01-15,628.7511596679688,635.4723879809729,623.4927676239728,629.5418924106751,1759644
2020-01-16,619.0252685546875,629.1862158860794,617.6414858967653,627.0512272756404,1110008
2020-01-17,615.5459594726562,622.1090320778573,613.213288053865,619.5391504709261,989312
2020-01-20,615.348388671875,621.0812025344944,612.4621941118975,615.5855989033437,1620105
2020-01-21,615.9017944335938,619.4600920174668,612.8179172225706,614.597066014507,976954
2020-01-22,615.783203125,625.0347870652213,613.7668440224845,616.7716191813804,1192201
2020-01-23,608.0339965820312,617.1274237875577,606.4130039935461,614.5970691735199,2018777
2020-01-24,622.5440063476562,623.6905787122117,603.566416630898,604.9897262071536,2364265
2020-01-27,625.8650512695312,629.621032309999,616.4948862946286,621.5160205910948,1175606
2020-01-28,628.0396118164062,629.2257111777215,620.4090199536091,626.6558292282052,1506685
2020-01-29,635.8677978515625,638.279523229302,627.4860012479847,630.1349850747639,2565136
2020-01-30,625.7465209960938,638.8727173498196,619.9346529298804,637.0144658994749,2493688
2020-01-31,629.8978881835938,634.5632321862922,619.1439386939151,630.095571433496,3081521
2020-02-03,627.1697998046875,647.3730151307744,625.0743383786188,638.9121637064187,3383074
2020-02-04,641.3634033203125,642.8658150590313,628.079100927313,628.079100927313,1779834
2020-02-05,643.696044921875,645.2379835792522,638.121388172128,640.4935866411695,1613898
2020-02-06,646.5823364257812,653.1058831982889,640.5332101135433,642.6286717151705,1553656
2020-02-07,651.919677734375,652.7104105478651,643.8541933842763,646.5822312433171,1397438
2020-02-10,643.3798217773438,654.0151403150732,641.6797267944515,653.9360863327312,1098971
2020-02-11,648.3614501953125,649.8638137459268,641.3239080891258,642.8658468946954,1143705
2020-02-12,649.5870361328125,653.5011733919564,645.8705820861254,648.4009368580722,1394424
2020-02-13,654.726806640625,656.3082723571483,643.9332838203525,650.6149861251639,1737974
2020-02-14,659.5897827148438,662.6340846819506,652.3940852960005,653.9360239045026,2143044
2020-02-17,658.8782348632812,661.8434834450243,654.2919933760207,661.013223494638,793328
2020-02-18,663.2667236328125,664.2156127320735,652.6313568478754,652.6313568478754,1507814
2020-02-19,664.9273681640625,668.0507247591839,661.0922843344357,663.4249562287431,881874
2020-02-20,655.991943359375,668.8809272338771,653.8965302953472,664.3342134135779,1066232
2020-02-24,648.47998046875,667.2994606037064,645.040311932005,655.4779950353206,2917544
2020-02-25,650.0614624023438,653.7779164825595,639.7424082715081,649.9824084216491,2479975
2020-02-26,641.6400756835938,652.7498607537972,639.0701943420434,648.4008307911735,2212784
2020-02-27,639.821533203125,648.1637554873788,632.7444642298699,638.121438195372,1907768
2020-02-28,588.6215209960938,638.9121082299887,578.8559418694841,624.5207614861696,5959364
2020-03-02,596.7567749023438,604.6916439341773,588.621579803721,594.7129598243486,3784522
2020-03-03,602.9683227539062,607.2563762703721,594.7930145625741,601.1248828969559,2168900
2020-03-04,618.1968383789062,621.0421531262547,599.5219012392123,604.3309004470135,2685540
2020-03-05,606.0140991210938,628.3759675335904,603.0084742763859,617.1149028993533,2126955
2020-03-06,593.4306030273438,600.9246082505944,586.2171032284036,597.9991137642647,2004893
2020-03-09,564.8970947265625,585.094901096286,558.28472084431,573.0724031285541,3429034
2020-03-11,567.9026489257812,572.1907020219826,533.7988436958146,545.8213401754501,4626185
2020-03-12,520.8546752929688,553.0349149095597,510.6355518652921,541.8139166360324,3796919
2020-03-13,525.743896484375,537.0049608800898,421.50883886165957,483.5048397774839,4553639
2020-03-16,483.62506103515625,508.7921286374016,473.6864426701474,508.7921286374016,6499354
2020-03-17,477.25311279296875,495.2868600726787,467.51486969405727,480.8999274589316,3333465
2020-03-18,464.5894470214844,489.9168248615929,457.37594775971854,480.8999507843857,3548257
2020-03-19,424.79498291015625,462.98647594155284,419.1844831358712,440.54447684441254,4931298
2020-03-20,461.9444885253906,477.25316731691385,420.86761502876595,420.86761502876595,6315992
2020-03-23,390.4907531738281,434.412937022419,377.82704033380475,432.8099372548086,2912669
2020-03-24,403.55523681640625,427.96092080304174,390.3304872484406,390.3304872484406,4082147
2020-03-25,422.1499938964844,435.09418752440075,406.4005017867299,407.963436326729,3664272
2020-03-26,412.9327392578125,452.76729223827545,411.16942977503834,432.2889316000989,5979874
2020-03-27,404.0361328125,431.84816661674523,399.14697818771117,420.7874770051172,4672139
2020-03-30,422.23016357421875,426.6784785096038,389.2484455472644,395.9409750169475,4138337
2020-03-31,453.2481384277344,461.0627615040746,423.0716512881542,430.4053940507398,3652911
2020-04-01,409.72674560546875,449.0803698733545,408.7649359721884,448.839929694952,4114437
2020-04-03,417.5013122558594,427.31968590805343,408.8450987682278,411.7705684746695,5826085
2020-04-07,440.70465087890625,446.9563885314798,429.4035231278685,430.004647985257,3531972
2020-04-08,447.95831298828125,456.69463253302956,430.40544563743344,432.769880122728,4113059
2020-04-09,437.0178527832031,467.0340360411977,430.84629331301284,456.8549767747378,5917001
2020-04-13,422.27020263671875,441.62644478452626,418.18257271565625,441.62644478452626,3822640
2020-04-15,431.7279357910156,439.7028205695465,423.1919423852626,423.1919423852626,6316254
2020-04-16,414.8964538574219,424.79495831829024,407.4424899129161,422.39045855422444,7001494
2020-04-17,408.6447448730469,426.3979634597123,400.74996565762433,424.07359409102867,10839705
2020-04-20,420.667236328125,426.3178502072526,410.3679813637221,415.13691593108325,4549088
2020-04-21,411.12939453125,416.77995919408136,405.4788054085822,409.56645990033763,2950307
2020-04-22,415.4173889160156,418.3028179114996,406.40051502951275,410.36794932350836,2268496
2020-04-23,419.7455139160156,423.0717092007372,408.20389560936115,415.97845454372754,6094748
2020-04-24,403.5151062011719,426.8787972993908,402.43307651992455,418.38291852179634,4817852
2020-04-27,410.1275634765625,415.97850374530657,405.9597536551017,410.1275634765625,4032316
2020-04-28,417.10052490234375,423.59265386101293,413.21322143280315,415.17690577105907,4972775
2020-04-29,423.7529602050781,430.32526844456913,418.4630320963661,421.54883572303135,6361689
2020-04-30,437.8193054199219,443.14929914072803,426.6784376226042,433.6114310886549,8931956
2020-05-04,402.71368408203125,416.57962427392823,399.1469993043122,412.7724992805638,14814506
2020-05-05,400.70989990234375,411.97096413813836,399.30727502444154,405.5589646962996,5717678
2020-05-06,406.24029541015625,408.04367047904435,392.73501500229315,403.75564042327585,3781531
2020-05-07,413.85443115234375,421.46867978571646,405.83945705073324,407.16192692140476,6799899
2020-05-08,429.76434326171875,431.68791405975446,416.13884220031946,422.3104024650072,6016020
2020-05-11,424.9552001953125,435.8555778164219,422.55070081539145,434.01213807574874,4272574
2020-05-12,427.39984130859375,432.4092159137109,420.78746682983916,420.78746682983916,5691969
2020-05-13,436.61712646484375,440.62462647828886,425.9171209968165,434.41300145744896,3296409
2020-05-14,413.33355712890625,428.8024972456067,411.930932137916,426.71861682686347,6148398
2020-05-15,409.2057800292969,416.77996416194384,406.6810601383601,416.77996416194384,3628530
2020-05-18,403.99603271484375,412.7724667927208,401.9522176632029,409.96721701840136,3283979
2020-05-19,410.8488464355469,416.53952531646587,403.39490683627486,408.76496617585315,3041594
2020-05-20,416.13873291015625,420.6271125131417,409.325984168683,412.7724237480828,2772920
2020-05-21,416.8200378417969,417.982222549407,408.8050383681745,416.7399074149305,2540109
2020-05-22,424.5143737792969,425.596378903559,412.8525129617451,414.455512505638,4254552
2020-05-26,417.1406555175781,433.41109459211754,415.858226255746,427.1994700279217,2719781
2020-05-27,419.78558349609375,421.5889583177954,410.4080246393109,418.1024532303748,2265885
2020-05-28,424.55450439453125,426.2776998179083,414.4956904907876,423.1919447883617,3387672
2020-05-29,425.1556396484375,429.32344898990885,420.3466401589719,424.714824479171,4081245
2020-06-01,435.6552734375,444.6721475727979,430.4455239371057,431.60770860958985,4913055
2020-06-02,438.82122802734375,439.5024834253608,431.2069784086044,435.69535861599115,3878973
2020-06-03,443.4298095703125,453.2481831215756,440.8249349546713,444.03093448161434,4942023
2020-06-04,466.5530700683594,468.8774393354979,445.35343694696155,446.435442239098,10915145
2020-06-05,464.749755859375,475.73031565340506,460.86250042367254,471.28200043325126,6207096
2020-06-08,472.8849182128906,480.4591016868445,464.9500500173829,469.5186090111701,4791151
2020-06-09,469.8393249511719,485.188021094848,468.8775151361874,476.09101536905183,5665593
2020-06-10,473.28570556640625,478.4153246526921,466.8737061683855,474.08720549115884,3438670
2020-06-11,458.33770751953125,473.6864504829126,452.6470776822756,473.6864504829126,3378322
2020-06-12,444.59197998046875,450.36278872855445,440.8249208727136,440.8249208727136,3603893
2020-06-15,439.8631591796875,449.2407183019503,435.53508883687914,446.4354684998864,3944724
2020-06-16,427.43988037109375,446.39537228504577,425.7166849641614,446.39537228504577,4262594
2020-06-17,429.24322509765625,436.81740829141336,423.5125306526061,425.59641064723024,6139224
2020-06-18,429.5238342285156,432.809964390276,425.5964649837714,428.84252993276374,2658663
2020-06-19,431.8882141113281,435.1743931487304,426.3178287800156,431.60770870603653,5570067
2020-06-22,439.6226501464844,443.42977428175476,431.4473422194441,434.33277091587007,4352621
2020-06-23,447.8781433105469,448.9200834174907,436.456769506688,439.22195400103044,4438315
2020-06-24,449.601318359375,453.64888252732004,444.35150450275336,447.87807423773916,3500477
2020-06-25,444.15118408203125,453.3283186965194,442.468004959445,447.2369390939328,2386979
2020-06-26,449.5212097167969,460.82238791929825,442.908835389261,445.2332047207488,5288935
2020-06-29,434.0522766113281,447.9583297263264,432.16877134671876,447.9583297263264,3304988
2020-06-30,435.5350646972656,439.94331414189514,434.05226053226914,438.42044476588177,2356985
2020-07-01,437.538818359375,438.7009540876192,429.64401493155725,436.0159489697369,3662491
2020-07-02,449.5212097167969,450.8437041501732,434.8137057803892,440.7448247450784,5966748
2020-07-03,454.61077880859375,458.6583437488735,449.6815345765815,453.5688386635229,4007490
2020-07-06,466.11224365234375,471.281927642561,459.2994946983272,460.8223640323872,4909636
2020-07-07,470.3601379394531,474.8886313761382,462.54551489149134,467.95563854008026,5126702
2020-07-08,467.6351623535156,476.01084673570614,461.74410828427716,472.84491210362665,3391014
2020-07-09,462.7059020996094,471.0415209808148,458.49802744624265,467.63514626142273,2498146
2020-07-10,456.0534362792969,458.4579359433353,449.9219425681304,458.4579359433353,3959401
2020-07-13,480.9400329589844,482.34265786490903,457.25571933144806,458.4179040374349,11008252
2020-07-14,479.5373840332031,483.94563351673025,474.9287595731521,476.8523789156509,5525588
2020-07-15,493.1628112792969,504.94486798282924,482.50287385025905,484.1058734311569,11907668
2020-07-16,480.41912841796875,512.1184442179858,471.36213911538215,502.54050925760924,13009798
2020-07-17,480.6595764160156,484.38652219317106,473.0453261525426,484.38652219317106,3307397
2020-07-20,499.21417236328125,501.69885130163925,479.69767017868304,483.9856748972913,5461610
2020-07-21,497.490966796875,506.3875955661167,493.2029132465573,504.94490561970844,4218944
2020-07-22,495.286865234375,502.0996142777098,490.1572463868192,495.32693044481334,2879564
2020-07-23,511.04364013671875,512.7808922358731,490.4790632867342,495.286899223883,5038587
2020-07-24,527.3255615234375,529.5881073031218,505.2257426863962,511.0840179914363,12276883
2020-07-27,536.9816284179688,542.7995117233332,519.4068023964094,530.880951547793,11521949
2020-07-28,552.9807739257812,567.8486925401274,538.9613346485451,541.385448597489,23296517
2020-07-29,546.5569458007812,561.7884430107259,542.1935206906826,555.0817371937968,5436716
2020-07-30,545.2235717773438,555.4048295665577,541.021764843215,549.4657707426361,5126995
2020-07-31,550.7990112304688,553.8695451468346,544.2134831324854,548.213280288739,3114793
2020-08-03,544.29443359375,555.0817716051763,541.0218892176638,554.2737335212671,3092967
2020-08-04,527.365966796875,546.7588768247081,525.3862640344563,545.4255945328064,5559046
2020-08-05,524.052978515625,534.5170793507865,519.2047510385204,529.2648329172565,5139353
2020-08-06,533.5879516601562,538.8401994287937,524.5379641907211,530.0730055732536,8644001
2020-08-07,535.2847900390625,539.7693911345942,528.7800939168295,531.4870015251188,3823897
2020-08-10,550.9606323242188,555.4048408543711,535.486735851375,539.7693269348687,5362182
2020-08-11,545.2640380859375,560.7379856709211,543.0823255999869,557.6270097480224,4331864
2020-08-12,559.2026977539062,560.7783817450331,543.5267898727305,545.4256594782383,4355435
2020-08-13,563.2427978515625,570.3131293450119,552.9403148182505,562.3135838750832,7108877
2020-08-14,562.3136596679688,574.5150136480534,559.1622917643501,559.1622917643501,6476545
2020-08-17,582.6357421875,585.3426988564275,564.5357220651931,569.5051257658472,7657241
2020-08-18,576.17138671875,588.2515626001756,573.8684985432004,585.827449018032,4752247
2020-08-19,587.2012329101562,589.0597104731438,572.8989502406845,577.7471783104222,6506907
2020-08-20,586.9588012695312,591.4837941750751,578.7168041099043,581.7873385328608,6610632
2020-08-21,591.9686279296875,595.2412213336333,589.8677488257439,590.6757868378339,4207706
2020-08-24,583.8074340820312,593.867516685321,581.1813106761259,593.867516685321,2385907
2020-08-25,596.8168334960938,598.2308999639265,577.2219124418399,587.4436126368064,4585917
2020-08-26,592.1705932617188,598.7561222965177,587.4435909710774,598.7157302626714,3157074
2020-08-27,594.3926391601562,603.0790462877285,591.8473494535401,593.907836164244,3207076
2020-08-28,607.9273071289062,612.7755346309178,597.9480585814208,598.7560964984227,4223327
2020-08-31,598.756103515625,625.9869915014698,591.5645462425373,613.8664226043924,7224350
2020-09-01,588.1304321289062,608.1293724097962,583.9690660657338,597.1400754576861,3563888
2020-09-02,594.0694580078125,602.5942477603908,588.3728008293693,589.9888765860181,3467486
2020-09-03,613.7451171875,615.72481971305,592.3725069544523,597.9075956205295,4606227
2020-09-04,604.5740966796875,612.816094896177,600.8166999090331,603.6044411273834,2954845
2020-09-07,603.68505859375,607.5636797324897,593.1401745047532,605.78598659702,3367905
2020-09-08,607.8465576171875,621.3811934963339,601.9882823859152,604.8164152561845,5237241
2020-09-09,608.7353515625,614.0684314630363,601.7458530968422,607.6041280578197,3038259
2020-09-10,606.0283813476562,612.8159189462364,597.3823665766865,611.4018527230918,3737568
2020-09-11,618.2702026367188,622.6739696208153,604.0083143496706,605.5436060467424,4917946
2020-09-14,638.9559936523438,643.6829958190901,622.1892065915962,622.3104320086806,9021887
2020-09-15,639.2792358398438,648.9352497660741,626.2294033837769,638.956000936415,6339704
2020-09-16,639.9660034179688,641.7840886549516,633.5017003531408,639.9660034179688,4279003
2020-09-17,635.8855590820312,655.6824914866924,631.3201243306077,636.7339891784852,7591219
2020-09-18,650.187744140625,653.5410719797214,636.733892795068,640.7740824701635,6281494
2020-09-21,636.1278686523438,670.6714906083777,633.7441468641479,652.0866179770611,10789179
2020-09-22,646.7939453125,655.3187352725857,623.8052572508461,640.7740531087059,9053623
2020-09-23,640.814453125,656.4904082688951,632.7744660760369,656.4904082688951,6091530
2020-09-24,607.5232543945312,636.6934511677861,604.0487014083384,636.6934511677861,5929066
2020-09-25,624.088134765625,628.128324799244,604.9376734612521,610.1090871130488,6986586
2020-09-28,629.7847900390625,633.8249797382642,623.805289556755,629.744348687093,3604366
2020-09-29,620.6944580078125,638.3500699621862,617.3410803178612,634.3098796459699,7041805
2020-09-30,639.7640991210938,642.2286052059677,618.6743266325306,624.6133863222045,5433474
2020-10-01,664.6111450195312,666.914033210957,644.6929918881154,644.9758347325458,10104719
2020-10-05,679.761962890625,687.5999413012219,664.0860060694314,664.651642529341,8551125
2020-10-06,684.7315063476562,690.8321841449699,672.6917189182042,690.8321841449699,4902535
2020-10-07,683.8828735351562,685.3373812454323,676.5297481941858,684.4081179103915,3943817
2020-10-08,695.1549072265625,717.1739372053034,693.0136366547202,696.5285813458596,11398839
2020-10-09,690.185546875,696.8922511426439,682.9939903078332,695.3165674769482,5306496
2020-10-12,692.4077758789062,698.7912464319076,685.539452938905,695.7207119224756,3343240
2020-10-13,701.53857421875,710.9926283153369,687.6403112947587,692.4077550371002,7327471
2020-10-14,685.9029541015625,706.0635096412619,683.2768309173198,702.184937571355,5346616
2020-10-15,656.4501342773438,693.5794433742634,651.8443075094447,689.2564595162777,8893099
2020-10-16,664.8131713867188,669.2977717948635,645.460654133474,657.0964194312669,7978964
2020-10-19,665.9445190429688,676.0045524102641,660.6518308341019,669.0554455295961,4558879
2020-10-20,686.7110595703125,689.1756148714512,662.2679106043084,663.0759485866557,7382532
2020-10-21,683.519287109375,692.6501056194521,673.8632242308378,687.7210447821751,4818496
2020-10-22,676.6913452148438,689.9835784549391,669.7017976937123,682.6707960482323,3962610
2020-10-23,685.4182739257812,692.8522338279793,673.540104761465,678.751960032604,7356677
2020-10-26,661.985107421875,690.6300633437284,657.7429080761749,670.6715156059277,9770648
2020-10-27,669.5807495117188,673.7017238370838,659.359048457044,667.7626639001644,5479538
2020-10-28,649.9049072265625,675.8833468029303,647.2383918803132,670.6714922105617,6829067
2020-10-29,675.0433959960938,679.3660443889213,656.2420424979723,663.0827265612858,6477299
2020-10-30,682.6393432617188,687.1298701770828,673.7423059062767,677.0996862259994,6189261
2020-11-02,683.7724609375,692.2917824007407,679.3658994542375,689.438039987409,4433983
2020-11-03,678.2747192382812,692.4596711760125,675.085218271503,689.1022909521288,4599741
2020-11-04,694.0125122070312,701.6925407706884,682.05184389844,684.9056378814374,5017595
2020-11-05,705.6373901367188,713.1914955477063,699.8039318234338,701.6924581761807,4269675
2020-11-06,714.40869140625,716.8008047475978,691.7043626375594,700.8532458597707,4123331
2020-11-09,732.53857421875,736.1057915667072,717.8500321977496,720.9975769165353,4297119
2020-11-10,689.3540649414062,731.9088683347628,687.5074956240085,731.9088683347628,6889383
2020-11-11,702.95166015625,705.5956182355311,681.9260714924158,688.2631180037313,5387431
2020-11-12,707.77783203125,711.7647216869256,700.4755186265206,702.5319245895715,3150886
2020-11-13,704.0845336914062,709.834077686759,699.4681361852874,703.371110932282,2839192
2020-11-14,705.17578125,709.2046273412178,703.3292118495708,708.4072392785828,214282
2020-11-17,709.4564819335938,718.8991147898528,697.411899626546,712.2263106588507,3635434
2020-11-18,701.7764282226562,709.1627061979171,696.7823657858389,708.4072751046781,2772377
2020-11-19,690.697021484375,712.6039055081761,688.262900490818,699.1743854985991,5593368
2020-11-20,702.9935913085938,709.2047665392463,693.6349226763471,695.8171997954588,6063818
2020-11-23,726.6630859375,729.7267163209477,702.3220758396801,703.3712573094137,6251814
2020-11-24,736.6513061523438,747.0171984707587,725.4460174375444,730.2302951343371,7068121
2020-11-25,723.7254028320312,738.623780217092,717.8499863984862,734.4270541931312,4445185
2020-11-26,719.3607788085938,728.5096617946662,710.6735766567999,727.2926010334636,5169423
2020-11-27,735.979736328125,743.6178075369352,717.8918595244048,725.1941721987065,16482729
2020-12-01,761.537841796875,767.2873867928434,731.6152180373948,755.4106324683221,5821698
2020-12-02,762.7129516601562,765.9024529993369,744.667030849761,752.9345601245589,5516684
2020-12-03,768.1267700195312,772.7011603148238,757.8867484702931,766.3221573717915,5705020
2020-12-04,774.7994995117188,780.0034497684883,761.3280198908164,768.0008241829084,4302626
2020-12-07,792.5935668945312,798.0912670481428,767.1614206357777,768.4204382845236,3973325
2020-12-08,782.521484375,795.0277477820366,774.4637913107159,793.1811781795157,4399638
2020-12-09,780.17138671875,788.732718260555,777.1497644002621,787.3058211319931,4157078
2020-12-10,778.32470703125,782.7732258499008,769.7633766988213,776.3942235321631,2608358
2020-12-11,771.6939086914062,781.4302914007084,769.2178303900356,774.0440647354212,2398423
2020-12-14,763.3004150390625,775.7646686389778,760.4885783614415,775.5548323748071,3239051
2020-12-15,778.1148681640625,779.4578510677612,754.1096186892985,755.7043436486438,3490143
2020-12-16,773.4985961914062,784.7877999228409,769.6795855927755,784.7877999228409,2799394
2020-12-17,780.6748657226562,782.8991507542806,765.818498270656,773.4984752835518,2706570
2020-12-18,783.7803955078125,794.859760386353,779.163997744217,784.7876198112355,5563979
2020-12-21,761.1600341796875,792.8873178898947,747.017090651865,779.0381246362365,4187948
2020-12-22,792.8873901367188,796.4546069058828,758.0965245774303,763.8040611621807,5537682
2020-12-23,795.8250732421875,805.5614558636943,789.82373531413,794.4820903508892,5456681
2020-12-24,795.0697021484375,802.4139722923264,784.61984466922,798.2172464958185,2510775
2020-12-28,794.9437866210938,802.7916946648246,792.5516733886326,795.0697088878816,1870669
2020-12-29,810.513671875,812.6959487927913,792.2159064568722,795.6992093525084,4392641
2020-12-30,825.2860717773438,826.7549257062635,812.318179701826,814.1647491726657,6389605
2020-12-31,816.8507690429688,827.9301360666472,813.0737155960032,824.1950396342904,2859399
2021-01-01,820.8375244140625,823.5653959014048,815.1719451711206,819.2007912757455,1268291
2021-01-04,840.98193359375,843.5419262084696,818.3615702022466,823.061882831582,3515825
2021-01-05,842.5765380859375,846.0178836517531,832.0427675776021,841.4434427197342,4040321
2021-01-06,836.952880859375,861.167963432894,825.3698789640622,842.7023735737091,4677359
2021-01-07,834.9384765625,847.738488392184,829.7764840869036,843.9614357211296,3354950
2021-01-08,882.2356567382812,889.705848980984,843.9195818099977,845.8500653873459,9279370
2021-01-11,904.4783325195312,907.7938074085142,873.3386472794326,891.4684824158973,6488791
2021-01-12,893.2310791015625,904.520332989316,883.8304542846544,904.4783247476274,4257926
2021-01-13,897.8056030273438,905.4436237649604,881.3544577942165,901.4567341122294,4671772
2021-01-14,883.49462890625,893.0631835070781,864.5254501995211,893.0631835070781,4765344
2021-01-15,845.4723510742188,892.0560576728536,841.5694269026552,880.8927263034624,6063896
2021-01-18,837.8762817382812,850.9280883529051,832.588417629121,837.6664454543497,4659705
2021-01-19,833.0501098632812,846.4376760309266,828.6015905552645,844.8848566753062,4416027
2021-01-20,855.67041015625,858.9858336932956,836.8271015847827,836.8271015847827,4687853
2021-01-21,843.2900390625,867.3372456350013,834.7287087270796,861.1680795917382,3911527
2021-01-22,823.2716674804688,843.5418732855738,818.3615188591388,843.2900799872219,3922421
2021-01-25,815.8854370117188,837.5825397227185,807.6179078348149,827.4683897534668,2751784
2021-01-27,836.9110107421875,843.4579437563503,817.2284083776893,820.8795392105744,6975618
2021-01-28,823.901123046875,830.9516423220371,809.9680149906725,830.9516423220371,4274190
2021-01-29,806.9464111328125,835.9038174955274,802.4139270363896,831.0355748624954,4425911
2021-02-01,790.4532470703125,807.3660713088491,773.1627585208319,807.3660713088491,6321189
2021-02-02,803.4212036132812,816.5989329731384,786.8860935874509,801.5746340010833,4971530
2021-02-03,823.775390625,839.3452344786657,805.8553391311399,809.9681512719125,5640121
2021-02-04,813.4933471679688,829.2730260823271,809.3805353524557,829.2310690698348,4232910
2021-02-05,805.2676391601562,823.2715490003978,797.4197324222681,816.137116272984,3077720
2021-02-08,824.6985473632812,833.4697142190515,806.232954500422,813.9968969541242,3713579
2021-02-09,818.4454345703125,839.177270003421,811.8565956402958,821.3831425927897,3086774
2021-02-10,818.277587890625,822.7680638451884,803.7568761551048,818.7811744769001,2776301
2021-02-11,827.2584838867188,829.8185273443447,816.5568342004094,818.36144660012,2070435
2021-02-12,831.9588623046875,846.8991946401379,827.8040938690149,830.9516379521671,5863879
2021-02-15,821.8868408203125,835.9878301185679,820.4599437157632,835.9878301185679,2487825
2021-02-16,828.265869140625,839.3452365084501,817.1025877409761,830.9517841433656,3912433
2021-02-17,822.9359741210938,836.4913677462343,815.3399106528237,830.1123650084697,2227724
2021-02-18,848.2421264648438,852.3549378928316,823.8172048663853,824.2368774108918,6742595
2021-02-19,834.2671508789062,855.4606166477911,816.3891088128489,850.8022611504441,4357699
2021-02-22,797.9654541015625,848.5779570191038,790.5792269372198,838.4638580839282,5946290
2021-02-23,793.8106689453125,808.0795363754688,781.4303280867946,799.0565760887523,4120032
2021-02-24,805.813232421875,809.0447417120508,786.172588321397,797.3778246282978,1686531
2021-02-25,803.9248046875,813.325480967297,799.2664491755506,809.128755059313,3682791
2021-02-26,771.232177734375,796.4125292028257,768.0007197877463,793.181071256197,5254937
2021-03-01,785.6270751953125,803.2533236772587,777.5273738534501,785.1654456000314,3429569
2021-03-02,811.7305297851562,815.0039957801109,790.6629907568121,792.7613532588206,3703190
2021-03-03,819.2008666992188,822.7261265764189,806.9884050081706,816.0113653739663,3203532
2021-03-04,812.5280151367188,834.8965825800916,802.0781583787323,805.7712973165904,5134954
2021-03-05,805.51953125,823.313658246237,803.2532891538106,810.1359294635276,2618145
2021-03-08,812.9057006835938,822.558168993208,807.4499577259858,808.289302796387,2880739
2021-03-09,829.3988037109375,838.0860041939857,807.0721953952778,816.682706139958,2814747
2021-03-10,846.6893310546875,853.4460485559783,833.4696463319005,841.0237518877788,5268496
2021-03-12,842.0730590820312,859.9930583374282,836.1137287445698,839.3451872235547,4674919
2021-03-15,861.7136840820312,864.4834614901586,841.0238064748332,843.5418418235603,5203101
2021-03-16,861.6298217773438,877.1156991178308,857.055329143789,866.2042119517716,4797715
2021-03-17,856.1739501953125,875.604758322549,852.4388542928511,859.4893735520942,3477295
2021-03-18,836.1556396484375,868.722220870923,821.38313443019,867.8828757299849,3738712
2021-03-19,830.4900512695312,839.9746410171173,818.4874261254413,832.6303711106474,6208000
2021-03-22,850.7183837890625,853.9498937996912,821.1314631736682,830.8678989933552,3873143
2021-03-23,850.9700317382812,857.3910424155968,839.8067518577838,850.7182384475075,3782337
2021-03-24,832.7562255859375,850.5502999558122,828.6434142812727,842.4926078347202,2749823
2021-03-25,813.0736694335938,836.7432132699807,809.212650947055,833.2179533403805,3654840
2021-03-26,831.791015625,837.4985522067872,820.0401839209133,820.7956150222859,2761824
2021-03-30,853.5301513671875,855.9642217008796,832.2107628704108,832.2107628704108,4300037
2021-03-31,832.168701171875,858.6500285614609,830.2801747160947,858.6500285614609,3780505
2021-04-01,832.7562255859375,845.8919450973822,827.5942329514661,839.3450638453003,3555291
2021-04-05,837.4146728515625,845.3884518379849,821.0474423004848,832.6303952137965,5118272
2021-04-06,832.0847778320312,846.0598948004707,829.7346217034977,844.3812045330094,2395572
2021-04-07,841.359619140625,844.0874909439058,824.3208712010976,832.6304088783013,2974419
2021-04-08,863.6861572265625,881.1864830692117,843.5418736760887,846.059909119898,6737118
2021-04-09,883.8305053710938,887.0200581500079,853.2363622469504,863.6442121042741,6029994
2021-04-12,872.7930297851562,888.9085180676876,853.4461344111385,882.1517486571208,7896295
2021-04-13,840.8978881835938,881.5222124932452,825.0762531595906,877.1156506121793,6448995
2021-04-15,833.5955200195312,845.8918937202834,814.4164557378143,840.8977806478208,4373215
2021-04-16,847.9904174804688,850.676332278222,835.9877917603445,837.6664821052448,2660763
2021-04-19,839.4290771484375,847.2350281491408,825.3280886538678,838.5897319853135,2777425
2021-04-20,825.412109375,845.640308673782,816.976648935097,835.9878386492177,4028636
2021-04-22,812.3181762695312,827.1745947623158,806.3168895516092,817.1863675960409,5085190
2021-04-23,797.5457153320312,814.9621259619375,793.5168691430731,811.2270300628652,3916517
2021-04-26,807.6178588867188,814.1647403674732,786.4663522931158,798.2171835973887,5053998
2021-04-27,813.5353393554688,828.9373033642077,792.4677952170941,808.0376385126243,10497935
2021-04-28,820.3759765625,822.5582534778611,812.4861115985402,818.3615276948107,2968625
2021-04-29,819.956298828125,826.7549740620898,814.626426379429,826.7549740620898,2747579
2021-04-30,806.107177734375,819.9563740010368,801.9104515929623,817.3543730556206,3129105
2021-05-03,803.8407592773438,809.9679678556254,801.5745174115257,805.7712426335755,3506839
2021-05-04,806.107177734375,814.0809574030591,802.0782796549651,809.1288000643652,4064221
2021-05-05,806.107177734375,816.3471485357682,800.5255114744692,816.3471485357682,3041045
2021-05-06,820.8375244140625,826.5031036570043,803.9666577084564,809.9679954724328,4620827
2021-05-07,823.3556518554688,826.1254806607936,815.9274163894116,822.5582637008665,2002597
2021-05-10,831.3713989257812,833.1760115505604,816.7667723347041,826.7550004461328,2036101
2021-05-11,820.0820922851562,828.3916289891051,814.5843923099138,825.9155507809945,2029457
2021-05-12,807.7437133789062,820.0401392338574,797.7135807045745,820.0401392338574,3070622
2021-05-14,799.2244262695312,811.1850941211765,790.1595093015649,808.2893432374977,2090820
2021-05-17,800.189697265625,804.0507157850637,791.5024952486241,800.7352921179081,2281200
2021-05-18,814.7942504882812,821.7188475179266,803.2952124476855,806.0650410136319,2000985
2021-05-19,820.5858154296875,827.8461203194366,807.9536297993693,813.3254593103755,2152740
2021-05-20,816.7667236328125,826.5870718771404,810.1359278587984,826.5870718771404,1769194
2021-05-21,822.9779052734375,827.5943035182145,815.7175493602817,819.9982402886301,1534262
2021-05-24,825.6637573242188,834.3090013173095,818.4453589694531,822.3902910525793,1830838
2021-05-25,833.1759033203125,840.7719659496317,825.7476687211645,830.9935754029536,2719646
2021-05-26,845.89208984375,849.4173499610431,833.4697910190868,835.6940763107123,2013788
2021-05-27,855.9641723632812,866.2041934229142,845.1366506832321,845.2205647062738,6393813
2021-05-28,861.3781127929688,867.0436935592076,849.9210289738573,856.1322046760811,1839013
2021-05-31,857.5169067382812,866.2041076751774,850.2565514292197,860.3286922161403,1801746
2021-06-01,864.9451904296875,866.2042081741266,850.5504003931081,860.0769475008724,1262702
2021-06-02,853.572021484375,860.0768948696909,834.3090409273143,856.2998930970649,5252186
2021-06-03,851.3896484375,856.7614773594976,845.2204826852942,853.5719763499928,2024676
2021-06-04,855.460693359375,861.9655678501058,848.5780520287572,855.7544437065288,2315912
2021-06-07,868.2186279296875,872.0375868175571,855.6704079185046,860.286754930347,1745475
2021-06-08,887.8173217773438,890.4612794599968,870.4429183641215,872.0796004033658,4517995
2021-06-09,883.2008056640625,893.4407740214511,878.1227272612999,887.8172033178067,2163655
2021-06-10,893.8186645507812,901.4566848711796,886.7681448476734,889.4540083254649,3934077
2021-06-11,900.6173095703125,908.5071741534329,885.4251834608107,893.8186346217642,4988857
2021-06-14,897.4697875976562,905.947152988213,888.0271548078749,900.6173318609167,2757666
2021-06-15,895.4553833007812,917.4042802130753,891.090829355697,897.4698322212541,3484298
2021-06-16,897.3859252929688,904.7721014476181,885.5091704299731,898.0993482085984,1881596
2021-06-17,906.7025756835938,910.43762052433,887.2298096726958,889.6638285797163,3161931
2021-06-18,898.6868286132812,916.2291630815481,885.5091504854424,914.4665587240659,4396398
2021-06-21,892.139892578125,898.1412303015003,885.5090460542372,888.8664263236371,1074790
2021-06-22,887.3556518554688,899.7780010627462,884.417943829611,890.5872126512122,2437289
2021-06-23,886.72607421875,891.6363249341471,871.6178626861237,889.7057902546647,4130539
2021-06-24,906.49267578125,908.423210426282,883.4106863516349,886.8100748694605,3617010
2021-06-25,914.466552734375,925.9655404542225,903.9747382238843,912.7039483884378,3200049
2021-06-28,927.5603637695312,929.9944853511756,907.4160788882783,915.7256168936215,2143755
2021-06-29,913.3333129882812,931.1693948387152,909.0106656009424,930.833636335591,2956332
2021-06-30,919.4606323242188,927.476419740925,909.2626704002522,913.3753797965069,1917370
2021-07-01,910.8153076171875,922.7339664235991,907.332005144468,919.922180979035,1459518
2021-07-02,914.3825073242188,921.1811816583029,902.2959182530074,912.3680587358317,1669409
2021-07-05,902.002197265625,919.0408406601215,899.1063953073296,917.4041587621698,2597359
2021-07-06,880.9347534179688,902.0022964363159,879.4238911467363,902.0022964363159,3865594
2021-07-07,877.8711547851562,889.2862288782709,864.6094597984118,880.9347852207346,3713891
2021-07-08,889.831787109375,892.5596588647936,877.1156875115216,880.4730681335753,2171947
2021-07-09,882.7811279296875,897.0920015553099,880.472929116465,885.6768272753591,1889035
2021-07-12,886.8519897460938,888.6145939197065,878.038866418914,887.1877482694285,3224820
2021-07-13,881.4383544921875,891.3845743068937,879.6337418772359,891.3845743068937,1908081
2021-07-14,905.2337036132812,906.4927212817281,879.6336776881955,884.6697483619829,3173326
2021-07-15,933.7294311523438,939.8146832292784,903.4711012659548,904.8140329566266,5922995
2021-07-16,925.9237060546875,938.6398067135608,909.052887513007,933.687649391003,2323939
2021-07-19,918.4113159179688,932.0506730278674,911.6126414811648,913.2074175735295,1409001
2021-07-20,912.5361328125,925.1263118107913,910.605700174912,919.8804038948366,1230858
2021-07-22,964.0718383789062,967.3453050222168,906.4927804112748,906.4927804112748,7309727
2021-07-23,974.7588500976562,983.8083354433904,961.0553226755729,968.682724997006,2840803
2021-07-26,965.4507446289062,981.2658814066809,962.3050553866332,974.7588285760926,984581
2021-07-27,966.0110473632812,971.9147385211681,951.5319331228076,965.4508200547942,1397105
2021-07-28,964.8905639648438,974.5001705848204,953.643305312389,968.7257796395168,2533035
2021-07-29,972.0009765625,983.6790590866401,961.0553451922509,972.7765625875625,3821405
2021-07-30,1042.45751953125,1066.3740132679245,1012.6803654267582,1021.2989217282624,20425030
2021-08-02,1043.4486083984375,1046.2927741671906,1030.3915792784999,1042.8453515175456,2385223
2021-08-03,1056.850830078125,1060.0827898031346,1042.8456712697503,1043.7075271964195,2603616
2021-08-04,1048.447509765625,1060.427325616513,1046.0342716060936,1055.9456126355262,1938175
2021-08-05,1075.7684326171875,1080.7672386426782,1048.8785721117538,1048.9217069871686,5790873
2021-08-06,1089.9027099609375,1097.1423189672423,1071.3297825323118,1079.0433490549783,3894726
2021-08-09,1109.59619140625,1126.273185058058,1091.1094268493068,1112.1387291032852,6585101
2021-08-10,1140.2783203125,1146.009577026099,1105.2438621674091,1110.070233445336,6314469
2021-08-11,1140.752197265625,1143.4670637948354,1118.9903405776133,1140.2782397490935,3430349
2021-08-12,1195.006103515625,1202.116413282183,1135.7103872583796,1140.2351298370982,8613315
2021-08-13,1192.075927734375,1197.9796192048816,1177.2089144744582,1189.4472253360486,4760344
2021-08-16,1178.8892822265625,1206.5548287802228,1172.339200036732,1191.0414263904702,2912430
2021-08-17,1218.4053955078125,1231.4195011119182,1181.173270296338,1182.4660538829448,8042970
2021-08-18,1217.37109375,1228.1442892699115,1210.2607847068584,1222.1112997787611,2939739
2021-08-20,1205.908447265625,1223.8350878178674,1181.3025302791173,1181.3025302791173,4051399
2021-08-23,1220.3878173828125,1243.6147891972319,1214.3548267601573,1219.9137546082295,3987240
2021-08-24,1261.196533203125,1264.3423275885584,1223.8351091859256,1225.4726560776442,5366923
2021-08-25,1260.9810791015625,1273.8227503323749,1249.6907902448872,1260.8949145712209,3105863
2021-08-26,1249.259765625,1264.1267755988056,1244.5195595463952,1258.136920909546,1993944
2021-08-27,1245.726318359375,1255.8099885213653,1233.4879036218392,1249.5615343525849,3097939
2021-08-30,1223.1456298828125,1254.0001076028511,1220.3015690516247,1249.6908288825664,2742699
2021-08-31,1247.6654052734375,1253.1381678398677,1212.5878157179607,1227.9720238835148,6392991
2021-09-01,1237.88330078125,1265.4195464624427,1230.29892904828,1249.6906809947502,1829925
2021-09-02,1239.17626953125,1251.8886421525217,1224.8693795681481,1237.624887060768,3860958
2021-09-03,1242.752685546875,1249.432066689862,1228.2304391999717,1244.5195316739434,1919590
2021-09-06,1259.300537109375,1265.1180633616138,1237.711008712711,1247.9671130728727,1801171
2021-09-07,1236.935302734375,1269.4273269090252,1234.4360052807083,1266.0229336482403,1940043
2021-09-08,1230.6004638671875,1243.0973697264685,1223.7056192551704,1241.244359195593,2256454
2021-09-09,1235.2547607421875,1239.2624110439758,1218.6640374599358,1228.6615431756327,2303457
2021-09-13,1232.022705078125,1240.8998607407086,1224.1367044974015,1237.6247670459513,1937241
2021-09-14,1251.4576416015625,1255.7237853371705,1232.0227530126872,1236.762959477584,1554999
2021-09-15,1262.489501953125,1275.5466389267847,1239.3055588933914,1242.8822816588113,2410087
2021-09-16,1248.268798828125,1266.0661417394508,1241.0723241012997,1262.4894192084523,1800078
2021-09-17,1251.02685546875,1268.6517648748668,1238.1420478575342,1250.5527926857553,2861623
2021-09-20,1233.5740966796875,1286.8798503024525,1229.3078478709704,1241.0721991333205,2526342
2021-09-21,1259.7744140625,1263.868228570737,1224.1798373571817,1240.2103320743536,1713705
2021-09-22,1304.5047607421875,1316.8293392807893,1255.2928215299903,1261.756739251566,5145820
2021-09-23,1311.3134765625,1319.5011058936493,1296.2310014788038,1314.4161361097467,2015302
2021-09-24,1305.4957275390625,1334.023125927634,1302.3069040058156,1318.6390250105733,3592146
2021-09-27,1262.1015625,1314.3299991289027,1257.6198495427052,1312.6062876546355,2728552
2021-09-28,1218.70703125,1262.6185347971814,1213.8375257569953,1262.1014424454881,3995669
2021-09-29,1202.59033203125,1214.3115485301012,1183.112414218998,1206.5979820845728,7948104
2021-09-30,1189.8779296875,1208.881889497062,1186.7752702837122,1196.2556827551143,3856630
2021-10-01,1181.819580078125,1192.808239801732,1176.260653124273,1185.0515388203623,2661824
2021-10-04,1205.779296875,1211.381359100188,1182.509192247296,1193.4115830276405,2538936
2021-10-05,1217.8450927734375,1224.6968026831366,1190.2225788215424,1205.8221440775174,2481825
2021-10-06,1194.23046875,1229.782019262741,1189.3178277367647,1226.3345961827176,2769341
2021-10-07,1221.4217529296875,1226.6791564218186,1185.6117147394782,1204.8310321041229,1956325
2021-10-08,1241.029052734375,1247.1051774023042,1222.5422903560254,1222.5422903560254,2665924
2021-10-11,1206.770263671875,1236.2888202867139,1194.1871919665095,1223.8350479728847,3073366
2021-10-12,1184.577392578125,1209.0541127678136,1172.985476789632,1205.7359897345298,2965629
2021-10-13,1208.451171875,1215.2167190923747,1186.7754767306383,1195.3078704805612,1738985
2021-10-14,1233.143310546875,1257.9646942578443,1215.6475958684473,1234.1774954155383,4328124
2021-10-18,1275.2449951171875,1281.5364795283806,1223.835274009134,1223.835274009134,3579606
2021-10-19,1326.482177734375,1352.9412126618483,1273.0040910086398,1291.059927078235,8645334
2021-10-20,1326.654541015625,1358.7155314542981,1306.4009317614696,1330.7052207836575,5159270
2021-10-21,1313.68359375,1332.5582552395708,1272.142189732258,1332.5582552395708,4261416
2021-10-22,1307.822998046875,1346.1755798688596,1278.7785006375218,1319.501185830528,5223521
2021-10-25,1313.5543212890625,1322.948569960803,1278.8215978533797,1319.5011469771919,3890467
2021-10-26,1347.3389892578125,1404.8247194366259,1329.843277356266,1354.750926858841,16978043
2021-10-27,1351.2603759765625,1367.8510974375415,1316.484521124428,1346.089242014699,3624131
2021-10-28,1321.4833984375,1364.1882856213804,1315.1918096897377,1360.0083064812623,3054565
2021-10-29,1273.693359375,1329.6278124555251,1265.0317731618557,1316.355214320097,3795495
2021-11-01,1311.873779296875,1318.5531615039372,1281.622662858548,1284.165095293274,2271900
2021-11-02,1297.468017578125,1325.6265170948636,1295.2484761386936,1325.017256210489,2041689
2021-11-03,1304.38818359375,1338.4655706292856,1300.079473951331,1303.9094026598952,2697346
2021-11-04,1310.7423095703125,1318.7067976186297,1306.520728201692,1313.484196439942,166444
2021-11-08,1354.5684814453125,1360.3134271721678,1309.3930707585343,1312.6136319958835,3050392
2021-11-09,1357.179931640625,1368.3215234425581,1351.7832861999318,1358.7467545126167,2061369
2021-11-10,1363.62109375,1369.4965198487205,1346.1689659055132,1354.3509557656455,1299996
2021-11-11,1324.756103515625,1357.8761377094654,1318.706633737077,1357.8761377094654,3027565
2021-11-12,1379.636962890625,1383.5103490860681,1332.8947310028393,1339.161809089733,3713868
2021-11-15,1374.5450439453125,1393.99921086992,1369.496487286297,1379.6370585256466,2448280
2021-11-16,1392.6064453125,1397.0456344890326,1371.803065392346,1379.723988237387,2864344
2021-11-17,1408.7529296875,1414.4543111046617,1388.3413084381139,1391.3878254158778,2304359
2021-11-18,1364.6219482421875,1414.236651511079,1357.4408727690584,1410.2761370818441,2938804
2021-11-22,1341.5989990234375,1376.8515505962223,1323.0587256946396,1376.8515505962223,1951782
2021-11-23,1358.3548583984375,1361.7494635890178,1311.1338473687354,1324.7996089807702,1823592
2021-11-24,1338.8134765625,1366.493298812169,1331.7629878774915,1365.5358434050315,1644163
2021-11-25,1357.3101806640625,1362.0541060257865,1331.8065480583373,1332.6334172133743,1557493
2021-11-26,1329.5001220703125,1349.1718975188014,1314.4851445011516,1343.9492966251803,1522173
2021-11-29,1337.551513671875,1345.254828058925,1287.719201212235,1318.7066091939641,1995524
2021-11-30,1341.7294921875,1387.8624613649135,1328.7165556475766,1330.8926390993413,5662900
2021-12-01,1381.900146484375,1387.8191365424461,1349.1718694819524,1349.1718694819524,2761193
2021-12-02,1418.501953125,1420.9826673117557,1375.284909251194,1383.9892441198724,2664202
2021-12-03,1386.8616943359375,1425.9876364260008,1383.7280488314425,1414.4543929145436,2400296
2021-12-06,1350.6949462890625,1409.7103697208654,1346.42980163769,1397.9159553666727,2911781
2021-12-07,1372.3687744140625,1376.4597686928653,1336.9856371793037,1361.3577711903847,1758254
2021-12-08,1396.87158203125,1405.575916150951,1377.06922190893,1377.5914607052964,1604565
2021-12-09,1402.442138671875,1410.1019944768334,1379.6368279294945,1386.6002945688863,1947954
2021-12-10,1395.0001220703125,1402.4422639535358,1374.022698196023,1402.268219773631,1776362
2021-12-13,1425.900634765625,1441.0026344802147,1390.4739281721306,1397.0457434858017,3163063
2021-12-14,1429.861083984375,1449.2717937537036,1415.0202563953876,1427.510956009654,2725454
2021-12-15,1428.9034423828125,1432.9945430986345,1406.5333465953445,1426.640336802824,1622068
2021-12-16,1438.5218505859375,1451.57835222877,1429.4257573556483,1435.3447472686985,2225836
2021-12-17,1429.9915771484375,1457.9760339159088,1416.108206073379,1452.9274773863874,3405084
2021-12-20,1390.9962158203125,1426.0746200661997,1372.3253545848765,1423.158689262564,2233189
2021-12-21,1421.3741455078125,1440.8284165559671,1397.4807917261153,1397.4807917261153,2237445
2021-12-22,1444.701904296875,1446.3992070058937,1420.3297679388015,1431.8630110368185,1656110
2021-12-23,1465.6358642578125,1471.9899645977855,1448.531825963696,1453.6238403211905,1715034
2021-12-24,1500.4532470703125,1510.3761035521838,1462.6328493240635,1465.2441497148895,3343946
2021-12-27,1553.7236328125,1559.8166666666666,1482.9138963438215,1501.062411644345,4512000
2021-12-28,1572.089599609375,1586.7999439832365,1545.9765999826623,1553.7234777894005,3605483
2021-12-29,1555.333984375,1585.0593078571856,1551.7652284911574,1567.2154221838894,1902921
2021-12-30,1566.736328125,1599.8563566830946,1554.5938264613749,1555.4642597348693,4650594
2021-12-31,1558.5545654296875,1578.0957527399776,1552.3744032921436,1566.9541627286546,2378048
2022-01-03,1553.549560546875,1582.4479066597123,1551.9827379396409,1562.471502814896,1779147
2022-01-04,1557.9017333984375,1570.0878009325504,1538.0558094841087,1560.687077761747,2701533
2022-01-05,1512.4215087890625,1551.9390978495446,1508.460994547566,1549.32779780128,3138050
2022-01-06,1472.8604736328125,1504.8489040961263,1471.0325845714406,1501.4977564412632,4290750
2022-01-07,1483.087890625,1501.1059253114056,1475.471598563543,1481.4776101256782,2103362
2022-01-10,1493.6636962890625,1501.497596794075,1468.856344689856,1496.2749964574,2330348
2022-01-11,1512.0733642578125,1518.9062450261697,1484.08890989663,1484.08890989663,2704832
2022-01-12,1506.241455078125,1527.610637841297,1498.015901837534,1526.7402044294217,3013194
2022-01-13,1496.1011962890625,1522.3012243336834,1481.3038262550933,1505.8500093392167,2768371
2022-01-14,1512.595703125,1520.4731682209535,1476.6903238967416,1492.3581257417998,1889385
2022-01-17,1499.2344970703125,1524.1288708545865,1497.1454356766926,1508.417505612279,2522806
2022-01-18,1445.5723876953125,1520.2556220465676,1436.2587920525302,1514.554240306996,4878369
2022-01-19,1453.7108154296875,1459.3686325893925,1416.6739376212965,1447.6177815653898,2610709
2022-01-20,1450.925537109375,1456.4092040845685,1430.6009373299573,1453.710881644005,2440011
2022-01-21,1387.0792236328125,1438.8264481251554,1382.9881227925314,1436.2151478563258,4079190
2022-01-24,1317.0963134765625,1382.2482318702616,1307.3473956958123,1382.2482318702616,3250275
2022-01-25,1306.1722412109375,1329.7175054236077,1275.1848357366825,1304.7795691257932,3910618
2022-01-27,1258.298583984375,1292.1584667070022,1244.7198433081935,1292.1584667070022,4434890
2022-01-28,1227.8768310546875,1290.7656408291389,1224.046903049443,1258.6466288423073,7080683
2022-01-31,1287.37109375,1294.8568002924555,1246.0255041941346,1250.8128882479716,4406035
2022-02-01,1310.655029296875,1318.66297369183,1283.8892035284016,1309.1317709198074,2542754
2022-02-02,1290.8094482421875,1296.9460475459746,1256.0356688649942,1288.1546895483286,9031146
2022-02-03,1265.8714599609375,1288.0675138323618,1261.3451420856848,1287.2841024449058,2433692
2022-02-04,1260.561767578125,1275.1415288810085,1249.0720877395784,1274.314659547556,2406272
2022-02-07,1257.1669921875,1275.837745968333,1248.2014857367146,1262.128420026664,2741520
2022-02-08,1248.3756103515625,1267.4816883141139,1236.1895420626595,1259.0819842784463,1981111
2022-02-09,1266.306640625,1280.3640560064537,1253.4677470847748,1253.4677470847748,2282701
2022-02-10,1278.2314453125,1281.2779622063329,1262.389599966199,1275.184928418667,1850405
2022-02-11,1240.28076171875,1262.0850579555715,1236.8860496911575,1261.9980358531398,2426039
2022-02-14,1210.0330810546875,1234.9710206332968,1193.3642592462015,1209.902494786448,2149302
2022-02-15,1253.1195068359375,1255.6872429488824,1214.2981971680606,1222.1320980260928,1955525
2022-02-16,1256.90576171875,1274.2708646092885,1243.7186751701247,1262.5635785131904,2164650
2022-02-17,1259.9959716796875,1272.0949115222472,1253.6417650503906,1272.0949115222472,1669669
2022-02-18,1251.6397705078125,1257.776368996593,1233.491253839198,1252.0749872444894,2374188
2022-02-21,1234.4486083984375,1253.4240990664916,1227.398119092004,1242.239051099943,2109461
2022-02-22,1229.53076171875,1236.6247090411528,1196.8459445142032,1201.63332829226,2111878
2022-02-23,1230.18359375,1240.3240580795346,1226.614731728327,1237.7563219947497,1319711
2022-02-24,1160.287841796875,1218.6068856081208,1157.6765413277146,1192.9290976613781,4108603
2022-02-25,1209.641357421875,1218.6068647139045,1175.1722130707847,1179.4373583481006,1885454
2022-02-28,1227.3111572265625,1235.884905407435,1186.6183936802208,1201.1981538813166,4983140
2022-03-02,1213.688720703125,1236.6246182320192,1203.591715090766,1218.6066903829849,2160190
2022-03-03,1241.803955078125,1256.5577601763728,1223.0896351136719,1227.1371720777317,2730530
2022-03-04,1265.2618408203125,1270.832635266816,1217.3009865894808,1231.6631362346195,3567738
2022-03-07,1239.584228515625,1274.3145436823747,1228.2251359872982,1242.9789401492014,3341715
2022-03-08,1272.530029296875,1276.838738252919,1236.0153917397151,1236.0153917397151,2365949
2022-03-09,1309.7845458984375,1315.2247541801223,1272.5299570838326,1272.5299570838326,3667977
2022-03-10,1292.8983154296875,1328.2378925693029,1283.4541336623715,1327.4110232859389,2835942
2022-03-11,1294.160400390625,1298.5560252360674,1281.713160473194,1284.759677323215,1116432
2022-03-14,1308.26123046875,1313.3968081132857,1294.334297875603,1294.334297875603,1372791
2022-03-15,1269.614013671875,1318.7064739530188,1260.387441771598,1317.8360406368781,2188506
2022-03-16,1296.85888671875,1300.8628595488453,1278.1445665579604,1284.0634505772916,1453944
2022-03-17,1299.9923095703125,1314.3108967924381,1294.3344923542381,1310.0022938756747,2346185
2022-03-21,1288.0673828125,1323.0587628547921,1284.9337375814246,1301.2979279394171,2110200
2022-03-22,1338.900634765625,1343.9056268955735,1283.9328496808455,1294.247464384793,3030660
2022-03-23,1342.3389892578125,1359.3558997455693,1331.0668121339704,1349.171870707028,3741783
2022-03-24,1365.3182373046875,1368.2776256126633,1331.8935763035072,1331.8935763035072,2085571
2022-03-25,1332.2420654296875,1370.8892286822734,1325.1480109967688,1367.4510587827695,1755511
2022-03-28,1326.9322509765625,1339.5535361977463,1320.0559116179438,1335.2449330549073,1928306
2022-03-29,1325.104248046875,1340.075766085076,1322.275339533578,1337.8561184422438,2311150
2022-03-30,1302.4295654296875,1335.5060353028855,1292.593625307868,1335.5060353028855,3792481
2022-03-31,1305.1715087890625,1314.0064303337226,1294.5086980895987,1302.429728183903,2036984
2022-04-01,1294.4215087890625,1307.9567908792355,1284.2809382645162,1304.7796876671223,2537230
2022-04-04,1304.47509765625,1309.3930678489078,1291.4185960407417,1294.4215489106757,1675276
2022-04-05,1296.118896484375,1325.2348512062913,1288.24143171449,1312.6135669090886,3207223
2022-04-06,1270.266845703125,1289.9821816738527,1265.6100486867624,1289.9821816738527,2627895
2022-04-07,1278.275146484375,1283.5847695318753,1262.7378236573381,1265.6102966810142,3336784
2022-04-08,1261.0404052734375,1291.2009442414058,1253.4241129206212,1283.8892823318863,5402943
2022-04-11,1261.43212890625,1272.878350166737,1249.6378192647062,1267.307554766727,3268704
2022-04-12,1231.6632080078125,1254.81671420082,1224.2209602563837,1250.246939047434,2021088
2022-04-13,1227.7027587890625,1243.5881684977053,1221.5662670102256,1234.3615956163776,1430399
2022-04-18,1170.3411865234375,1209.902339214098,1157.850383126137,1209.902339214098,3968044
2022-04-19,1132.60791015625,1185.399717703331,1119.072734388385,1185.399717703331,2677360
2022-04-20,1139.5714111328125,1149.7990039988413,1127.8641239282251,1136.263827830716,3025261
2022-04-21,1142.617919921875,1148.101693027048,1129.3438101275894,1143.6625037892836,3728173
2022-04-22,1137.2213134765625,1152.4538989995933,1125.3398755177816,1135.9156632888742,1954666
2022-04-25,1105.798583984375,1129.778959781135,1099.0091611385058,1127.2112238192383,2686619
2022-04-26,1110.1942138671875,1119.1161560270373,1101.098227532678,1115.3733562392524,2568317
2022-04-27,1097.8338623046875,1109.3671020870756,1084.7773644378328,1103.4916780469912,2382463
2022-04-28,1106.58203125,1117.984687614699,1088.2158013851074,1108.7581147644112,2576887
2022-04-29,1095.875732421875,1118.33295832024,1086.605594768919,1117.6365690466143,3811317
2022-05-02,1071.6773681640625,1087.1711224183248,1065.5843354523504,1079.3372232175523,2149957
2022-05-04,1055.6617431640625,1082.7756604494118,1044.520152370477,1072.7656756558615,2797667
2022-05-05,1099.662109375,1102.0558014312164,1063.8002927071377,1073.1138883878725,3563713
2022-05-06,1123.511962890625,1130.6930387719713,1069.501525426867,1079.0762932686619,5745203
2022-05-09,1097.747314453125,1114.1549659429497,1053.2246162429446,1114.1549659429497,5712061
2022-05-10,1081.3394775390625,1106.712526667121,1074.9852710868768,1092.393939444559,2852416
2022-05-11,1065.80224609375,1101.6641696935874,1050.874396718801,1081.9488298616227,3244609
2022-05-12,1055.6617431640625,1073.113870290802,1041.9524161642,1052.3540535132556,3110220
2022-05-13,1047.0009765625,1074.5937839078263,1040.168094431489,1068.8924016417309,1892084
2022-05-16,1034.989013671875,1062.799321978774,1007.0480128327964,1035.8158830096158,3474480
2022-05-17,1042.953369140625,1053.224526862907,1029.8534088192876,1040.8644137600356,4434968
2022-05-18,1020.1917114257812,1071.068511250507,1017.1016297409325,1052.3541894367029,5294021
2022-05-19,964.7448120117188,1004.3930948301332,957.4767145656037,1003.6096835401283,4393100
2022-05-20,984.3732299804688,987.7679417556873,970.3157082247583,981.8489516730453,2461651
2022-05-23,994.818359375,999.0835043083849,971.0990490994868,987.0714808231912,2783695
2022-05-24,956.04052734375,1002.6087153983858,949.6428629459384,999.2575679761111,3666196
2022-05-25,922.7901000976562,953.03766434793,909.6030112672227,949.6865166098687,4711542
2022-05-26,938.8494873046875,948.3372330532371,919.1341486342696,931.3637809701364,2946857
2022-05-27,977.71435546875,980.2820915993301,950.5133106359893,953.1246109399343,3367600
2022-05-30,1013.1844482421875,1018.8422651782478,988.3335328906313,994.8183252851757,2469771
2022-05-31,1027.3291015625,1037.5566948210126,999.8234251989346,1002.7393560686296,9674664
2022-06-01,998.0388793945312,1041.9087424319546,994.9923626037945,1032.4645616314854,2419021
2022-06-02,997.516845703125,1005.6989423026433,985.0696034688913,992.2942444167212,3206663
2022-06-03,999.1704711914062,1028.852227397665,995.8627819350304,1009.702693554392,3229236
2022-06-06,995.9498291015625,1000.1279518196712,967.1385055262406,997.5166516843719,3938875
2022-06-07,983.850830078125,992.1199466683902,975.4945851520763,983.676679660626,1656444
2022-06-08,978.5411987304688,991.6848282477013,974.7983988133748,987.8548999861923,1303551
2022-06-09,991.0753784179688,993.9913088524618,967.6172424363069,976.626206243083,1323539
2022-06-10,966.0504760742188,978.280107698178,957.6943367859337,974.0149628388638,3119792
2022-06-13,915.6522827148438,944.0719516849573,913.9549802531432,941.1124571647528,2012004
2022-06-14,896.677001953125,919.6564653148381,888.1902761735322,900.0281493434818,5775453
2022-06-15,887.8855590820312,902.6394155057242,885.9270839760641,902.6394155057242,3238141
2022-06-16,848.9337158203125,899.6799742934234,845.1908626871677,891.3673987681558,5600443
2022-06-17,840.0116577148438,848.1066768967676,821.4279277413015,845.277768630765,7043370
2022-06-20,852.458984375,860.1188412938565,825.2144278118772,839.9682855250046,2985094
2022-06-21,870.5203857421875,874.4809000484543,853.0246963835036,862.9476579800039,3433536
2022-06-22,853.0247802734375,867.7786378637792,842.5795788823342,867.7786378637792,2719988
2022-06-23,862.6865234375,869.171262907553,845.4084416592941,853.9821894178419,2915172
2022-06-24,854.0692138671875,871.3037835762558,847.8020831201529,871.3037835762558,4056588
2022-06-27,876.7005615234375,891.4108546176031,866.9516964797829,866.9516964797829,3796002
2022-06-28,888.451416015625,895.6760028867768,856.550009433613,872.1743001871238,2755698
2022-06-29,888.7994995117188,894.2832722854118,872.6529710027172,877.3968435301477,3770663
2022-06-30,870.4334106445312,893.0646793212891,867.8221104125977,884.3603452148437,3264301
2022-07-01,879.7470703125,882.619489979926,861.1197738293661,867.8221218047202,1842102
2022-07-04,870.3899536132812,882.4454358480206,866.0812973378003,879.7471133583882,1814322
2022-07-05,873.2188110351562,889.4959264927634,869.5629800731048,874.7855805540242,3045188
2022-07-06,879.05078125,883.4029485932972,871.8261409584923,877.3969364087299,2188175
2022-07-07,888.494873046875,893.8480595871715,884.3603144899585,888.6689703483632,1901699
2022-07-08,893.4999389648438,900.6374507734995,883.0982485823679,897.4168895009781,2841036
2022-07-11,877.005126953125,885.5353633112616,859.988165279728,883.489866152757,2892507
2022-07-12,868.1267700195312,885.056711050723,865.6460559666724,870.4334398860457,2013304
2022-07-13,861.7726440429688,874.0892988613406,859.1613436399537,871.6520957772683,2067142
2022-07-14,849.368896484375,869.2147672712475,843.2758627174469,868.6925284848976,2212219
2022-07-15,847.6280517578125,860.7716282448257,840.0117593508982,853.0247495744055,2544737
2022-07-18,877.3967895507812,889.5828560723199,856.6804870895724,857.3768231225392,3946821
2022-07-19,877.1358032226562,879.9647119513861,862.5995538988515,870.3899439464543,2985845
2022-07-20,910.0381469726562,915.4347917127559,885.4484026857338,888.9301363900768,5574762
2022-07-21,925.4967041015625,928.2299988367632,906.0502845648197,918.5515581739061,4935223
2022-07-22,921.8671875,935.3094043453954,908.021747906459,931.9937012807475,2985409
2022-07-25,911.6063842773438,922.046528423666,903.5410537700977,922.046528423666,2888919
2022-07-26,895.5653076171875,929.5293320853705,890.905382681377,909.5900429661615,5939871
2022-07-27,903.00341796875,905.064547118769,888.9786820040877,896.1478649234754,2546052
2022-07-28,930.201416015625,935.08537776639,909.9484976226022,915.1461439211503,3428026
2022-07-29,939.7454223632812,957.0858605994664,935.6679060726112,945.4359390753156,6185909
2022-08-01,940.5967407226562,948.9757010566251,930.0222619618612,948.9757010566251,2540084
2022-08-02,925.3622436523438,940.5071641242838,923.0322811319794,937.3706466641266,2802273
2022-08-03,943.330078125,947.2282994845714,918.2826794990146,920.747086143842,3509019
2022-08-04,946.3768920898438,961.2976648800753,928.588271419405,952.6050753066467,5360632
2022-08-05,948.3035888671875,957.041030199722,941.3584431926088,949.9166987165659,2641829
2022-08-08,946.8697509765625,954.2629703841483,940.1039006696885,946.332084170983,2579239
2022-08-10,945.6151123046875,949.1549617411612,934.7270040778849,946.3320743000103,2823021
2022-08-11,965.3751831054688,980.296065321701,959.0572975836737,960.670407323335,3201408
2022-08-12,955.2040405273438,964.6135932019021,951.7090419410405,961.8355566718332,1771561
2022-08-16,965.7785034179688,967.7948360997393,946.8250637237644,964.2550958156284,2222701
2022-08-17,989.7954711914062,991.9462482813002,960.849846882362,961.1187350409989,4280823
2022-08-18,990.3778076171875,994.007140734688,975.098443182375,985.7626243608885,3041422
2022-08-19,989.4816284179688,1017.1277665373126,985.7625931198625,994.7240712391339,4577717
2022-08-22,966.6747436523438,985.7627386210478,963.5830770020742,982.178146844244,2157609
2022-08-23,955.2040405273438,958.9678178399467,938.2668238345286,951.7090419410405,2875768
2022-08-24,959.7294311523438,961.9250588718587,945.5255105711577,955.2935433527158,2180800
2022-08-25,959.415771484375,976.4874300964049,954.890290925089,967.8395823202139,2734931
2022-08-26,972.8132934570312,983.567067116833,968.7357771871393,970.5280727971063,2624896
2022-08-29,928.005859375,938.804374279175,911.6511080100205,937.3705597375339,6118233
2022-08-30,964.3447265625,968.2877991735155,934.0549933903128,939.1629926273432,4453769
2022-09-01,943.5540161132812,954.3973823344355,934.771724143035,946.332052342877,6112823
2022-09-02,946.6906127929688,955.7416842201476,938.3116522548336,948.3036132908446,1645341
2022-09-05,954.4423217773438,959.5951719708706,945.25680621497,946.3321398894428,1677079
2022-09-06,953.2323608398438,959.7742834666271,941.2240679635642,954.4422478712511,3051076
2022-09-07,946.1976318359375,950.8128148800806,935.5783022948201,942.7474846878839,2615897
2022-09-08,976.4426879882812,979.4000196883798,956.2793611050166,958.878211781914,2634786
2022-09-09,1009.6448974609375,1014.7528959447196,973.4405060145617,988.1373511830553,3394349
2022-09-12,1030.6595458984375,1044.0121697767654,1021.5636239998859,1021.6084751463628,5230075
2022-09-13,1028.2847900390625,1043.5193032418485,1024.3865688334295,1035.946897789447,2483685
2022-09-14,998.9359741210938,1005.3434531880322,981.2819050657156,996.5164186603431,5179539
2022-09-15,970.5281982421875,1007.5391511290524,966.0474586381147,1003.954559445794,3392174
2022-09-16,925.89990234375,962.4179267374923,921.2399773439757,954.3974473456558,6635089
2022-09-19,931.5457153320312,942.6131197009926,916.8488683149455,928.4091977719908,2485826
2022-09-20,946.4666137695312,955.0247604639162,940.9552823798388,944.5398739317619,2321528
2022-09-21,950.0512084960938,956.144948518894,938.2668418511577,938.4460276721315,2760138
2022-09-22,939.5214233398438,960.6704906204151,934.0100922100071,940.955238014399,3867282
2022-09-23,927.6024780273438,940.8655079681214,915.862964838065,930.2013282797567,3230711
2022-09-26,925.631103515625,942.9715419232746,908.2906104114534,922.1361051452121,3314114
2022-09-27,916.3112182617188,936.4745458029303,913.2194970994277,927.4682157439679,4448875
2022-09-28,922.763427734375,928.7676841626637,903.8099329014726,910.4862455428389,1965519
2022-09-29,902.510498046875,936.0264502652857,897.6265359123329,934.5477844010961,3176310
2022-09-30,903.8546752929688,912.9953940561381,882.3023310201213,897.0439736949726,3848885
2022-10-03,901.07666015625,912.5025452054714,895.3861432064238,905.10932546774,2431236
2022-10-04,921.5088500976562,928.4091445771604,912.1888908603577,915.8630750558475,2715420
2022-10-06,924.1973266601562,936.4745085169872,920.6574769969183,926.1239570340537,2397633
2022-10-07,917.5209350585938,928.8123758526503,915.0117320706394,922.942673194354,1539126
2022-10-10,922.44970703125,925.7206683478735,899.2843085063805,903.4065664674628,1660433
2022-10-11,900.4940795898438,927.5129571775366,896.6406550548836,927.0648832851803,2310765
2022-10-12,910.3966064453125,912.995402346016,894.5347788441015,903.13777617195,2192421
2022-10-13,907.7529296875,914.9669085758505,898.881044542583,913.0401689171852,1344162
2022-10-14,913.936279296875,940.865563481921,910.5309287178508,927.5129398603956,3492929
2022-10-17,916.9833374023438,921.1951887692766,902.8242115413002,913.1747088326296,1426207
2022-10-18,913.5330810546875,926.5719657926239,908.6938610992196,921.5984111827871,2395805
2022-10-19,913.3539428710938,923.0323291696842,910.7550921045296,918.1035157614965,1304927
2022-10-20,933.4724731445312,935.040731954799,902.4209268226199,905.1093704973646,1852905
2022-10-21,933.0242919921875,935.8919211585302,924.0179629594187,933.4723658864935,1202009
2022-10-24,939.2974853515625,941.985929172026,936.4745974614639,941.8514851023909,231316
2022-10-25,970.080078125,973.2165956986144,941.8514199624711,944.0021967487028,3097049
2022-10-27,964.1206665039062,983.9703637533141,956.3242237723707,979.7585125108618,2342818
2022-10-28,940.0142211914062,968.735802859491,936.5193321737871,968.735802859491,1542568
2022-10-31,952.9637451171875,966.3163713556403,943.6437846249954,943.8678216108988,2629847
2022-11-01,959.6846313476562,967.8395538580385,938.40112264013,957.9819287724474,4709472
2022-11-02,969.6320190429688,984.5976450805881,955.6072826560194,959.7743922319959,4104485
2022-11-03,943.5091552734375,959.9087031783305,941.0896000580445,958.8781113669453,3460133
2022-11-04,944.2261352539062,948.841318223847,930.8735113828985,943.6436173152271,2531080
2022-11-07,944.0917358398438,956.996286428556,935.9815542474565,948.9756977402689,2588984
2022-11-09,937.8919677734375,956.3544089602739,934.5642587680459,954.5765887712395,2697639
2022-11-10,930.9628295898438,942.7241100887511,916.512003546148,925.401326634509,3285774
2022-11-11,965.2437133789062,971.8993538471118,953.8471449707554,956.4000208120265,5299457
2022-11-14,971.3067626953125,979.6034426873705,962.2806577677379,968.2525044552485,2229790
2022-11-15,972.7654418945312,976.0021118182191,957.3117397563101,970.9876217528289,1577944
2022-11-16,972.67431640625,980.1049014060657,965.5172935711846,971.8993719989451,2335937
2022-11-17,965.1069946289062,968.1156217592471,954.8500835819557,966.4289519793367,2089630
2022-11-18,967.2039794921875,970.9876625959685,953.6648780050546,966.4290350720438,1617331
2022-11-21,950.56494140625,964.514385448435,946.1887259793024,961.96150964509,1475958
2022-11-22,957.9043579101562,959.955740154686,944.5931887156845,950.5649235841056,1696991
2022-11-23,951.8870239257812,965.1981935631813,949.4252983736659,962.736468011066,1704144
2022-11-24,974.9080810546875,976.4579698222749,953.6648332718016,956.673571814309,2208145
2022-11-25,984.8002319335938,987.3074768316221,966.4289425127554,975.5461966874041,1943246
2022-11-28,982.1106567382812,994.6925130620454,976.8227156545926,980.1049051711262,1749691
2022-11-29,979.6946411132812,989.6323596276266,978.0991215524957,981.1077488046382,1233868
2022-11-30,981.9284057617188,986.4870334579199,969.3465488023551,979.8770232984283,3909954
2022-12-01,1004.2655639648438,1010.1461484870124,992.0940516990894,995.0571593549093,4264917
2022-12-02,1016.3458862304688,1017.7591051135557,1002.9435674134031,1004.2655247211135,3418928
2022-12-05,1002.6699829101562,1021.1324217862013,999.4789440920744,1021.1324217862013,2760688
2022-12-06,992.6867065429688,999.387866287982,984.7091089192363,992.8690071136673,1838107
2022-12-07,982.8857421875,991.319203254653,979.3755098968275,990.1339155598,1478573
2022-12-08,979.330078125,986.8518143451695,975.8199568145134,982.9313497368051,1110431
2022-12-09,943.909423828125,980.7430437889915,939.2595348943544,979.1475242161208,3138360
2022-12-12,940.991943359375,952.2062124456829,931.6011810697227,942.7242442101757,1689393
2022-12-13,953.43701171875,954.9869006648464,939.2141151320499,948.0578086143643,1983827
2022-12-14,971.078857421875,973.7685145611105,958.2235494737773,958.2235494737773,1983937
2022-12-15,932.4672241210938,966.4289978668877,930.1879104468794,966.4289978668877,5184673
2022-12-16,930.6893310546875,942.2682554342845,921.7544327470358,925.4013345581022,2994364
2022-12-19,936.0685424804688,937.3449804614122,920.6148395067204,929.9144508966116,1529622
2022-12-20,928.0910034179688,934.5186571989975,915.3724212954083,934.5186571989975,2149130
2022-12-21,935.4760131835938,939.5787780186367,930.1879606561353,934.0627941114536,2037666
2022-12-22,926.1763305664062,943.6358962191428,923.2132226797278,939.077268701176,1925482
2022-12-23,907.8507080078125,925.8572874536114,905.343462768524,916.329744414853,1504806
2022-12-26,912.6371459960938,917.6516358092591,905.3433426314896,912.0445022137982,966423
2022-12-27,920.4324951171875,923.2132468464767,905.5258050021502,920.5692762052305,1615647
2022-12-28,926.541015625,929.4129731353065,913.7312838078132,916.5576105264427,1077963
2022-12-29,923.76025390625,926.0395675727937,918.1075448837606,920.842721283613,1977329
2022-12-30,926.6777954101562,936.9347070079045,925.4013574857358,932.4672299197402,1317151
2023-01-02,920.3869018554688,931.6466896390564,916.4664932940158,928.045418394319,1348611
2023-01-03,933.424560546875,934.336341698849,919.0648838483966,923.5779362259515,1439615
2023-01-04,930.2334594726562,938.484563612184,922.7572997016807,933.4244985269613,1702044
2023-01-05,922.3470458984375,934.4729272404944,915.8281868688715,930.8716563395897,1376035
2023-01-06,899.09814453125,922.3471453099797,898.0496379234814,920.3869131814768,2346808
2023-01-09,925.6293334960938,930.8717552322204,907.5316041963893,909.8564931412095,2190779
2023-01-10,914.1416015625,924.5352389506178,910.8593563499559,923.5779382980332,1411099
2023-01-11,917.5149536132812,927.1792775012401,914.6886267638394,919.429610591205,1294200
2023-01-12,913.138671875,924.0338028306345,909.263838464018,920.8427635510023,1948321
2023-01-13,914.5974731445312,919.9310451513512,899.2348648197727,915.7827051852347,2837817
2023-01-16,943.1343383789062,944.319625970621,914.688549123848,919.2016011884328,4286551
2023-01-17,953.7105102539062,957.3117814854569,939.8978465764069,942.7241733866309,2466876
2023-01-18,955.8074340820312,958.6793917513373,951.3855875344941,953.7105321464609,1138627
2023-01-19,960.3204956054688,960.9586589256191,948.2856524550585,951.7502538077406,1768051
2023-01-20,954.1207275390625,964.1497079527554,949.8811817416237,959.591080491986,1160517
2023-01-23,971.26123046875,975.1815833855762,954.8045404928968,960.5028249312645,1344952
2023-01-24,976.09326171875,982.201889118206,971.261183525331,975.5462486980288,1578750
2023-01-25,958.3602294921875,973.4492189202543,956.3999975148126,970.9876047219022,1049973
2023-01-27,939.16845703125,964.2865401904386,931.3276396416979,958.2235430870529,1651820
2023-01-30,944.6387939453125,955.4427191547991,928.5012966749016,939.1684407967501,2654212
2023-01-31,925.4014282226562,938.0288047626321,908.1242180145543,934.5186836731258,5797831
2023-02-01,933.3790283203125,943.1800779461424,914.7342297631087,928.182181575294,1939670
2023-02-02,926.9057006835938,952.0693008360432,921.8455799199845,936.6155989816864,3860090
2023-02-03,922.0279541015625,936.2509047821484,914.4606438511983,934.0171106101311,2980262
2023-02-06,916.603271484375,926.6778834621774,908.9903853007112,917.1959153585913,2003960
2023-02-07,913.959228515625,919.4295814552399,908.9903134660133,916.2841173854998,1697633
2023-02-08,921.800048828125,931.0085096984064,915.6914768938409,918.563434456524,2611176
2023-02-09,926.3131103515625,927.8630548349588,914.0959663616244,921.8000579856439,1782899
2023-02-10,927.5438842773438,931.4187175233054,915.4635218046396,922.2558876829044,1116554
2023-02-13,914.0048217773438,927.9542109203941,912.181370761329,925.4013906274353,1682312
2023-02-14,922.7117309570312,935.1567499667317,916.9678717489152,917.2413782545768,2440189
2023-02-15,976.8226928710938,980.1048823110733,919.2927822047295,925.3102037077675,6712218
2023-02-16,1030.477783203125,1040.324463472881,979.2388527897496,980.1049475278561,14422445
2023-02-17,1029.5203857421875,1038.4553401223686,1010.2830000322065,1010.2830000322065,5333732
2023-02-20,1043.1962890625,1054.7296390786264,1021.1325761317856,1029.7939685186177,4590531
2023-02-21,1034.306884765625,1050.2620800254078,1031.2071072936978,1044.8373581549256,3494288
2023-02-22,1026.329345703125,1034.124643207015,1019.3091039060549,1022.9560058878297,2674708
2023-02-23,1029.1558837890625,1048.0285588609654,1024.8251872648436,1027.5147332199288,2576193
2023-02-24,1020.2207641601562,1040.2787237772461,1017.485587848735,1036.6318220286844,1913493
2023-02-27,1015.6165771484375,1019.5370413199176,1000.0260933429114,1011.1035804371014,2247105
2023-02-28,1003.1259765625,1035.2643002833163,999.934937327809,1019.3091041098614,3894204
2023-03-01,1027.42333984375,1029.3379408583485,1000.162729071398,1003.1258365185101,2084324
2023-03-02,1011.8329467773438,1024.7794036219836,1007.4566201088007,1021.1325018297347,1838692
2023-03-03,989.3588256835938,1020.767720739065,986.8971003626247,1019.308982379196,2388401
2023-03-06,993.8264770507812,999.2511995377218,989.2222185204637,995.604297349628,2076844
2023-03-08,983.1137084960938,992.3221143241396,975.181629406781,984.6635974186257,2230530
2023-03-09,966.428955078125,987.7177215938017,964.012860431508,986.4869145231427,2550755
2023-03-10,967.568603515625,969.1184922142501,949.1517945201433,952.7530654170347,1400844
2023-03-13,1033.7142333984375,1061.8864573248436,1025.6910059011057,1025.6910059011057,13080169
2023-03-14,1016.8473510742188,1037.7714038265915,1001.4391700411545,1028.4262187712675,4325522
2023-03-15,1016.0269775390625,1032.2556255899865,1012.5168564223334,1025.6000958363,2583351
2023-03-16,1019.0810546875,1023.5029005701444,1003.8552851921172,1008.3682813548423,2396839
2023-03-17,1027.6514892578125,1032.5291987545936,1015.8445764555439,1024.1868876050687,2507004
2023-03-20,1011.103515625,1036.449527441649,999.2510848737602,1036.449527441649,4007438
2023-03-21,998.9320678710938,1011.8785254731692,990.5441264814162,1007.4110482573712,3354949
2023-03-22,1002.5332641601562,1008.6418913398023,997.0173920656633,1000.1628002925869,1750203
2023-03-23,1002.3966064453125,1013.8388065587661,991.1368182177254,991.1368182177254,1720354
2023-03-24,1004.6759033203125,1019.3091425954568,999.8438247878219,1007.4567107048119,1943460
2023-03-27,1005.633056640625,1015.3429538344699,993.8717774182747,993.8717774182747,1455300
2023-03-28,975.81982421875,1007.0919413565299,972.0816607209699,1001.9863009355264,2431154
2023-03-29,985.6663208007812,991.4102354150774,971.0787142066131,980.7429813163283,1642278
2023-03-31,1004.5846557617188,1008.3683386040102,995.1026889083288,998.3393587444766,2281085
2023-04-03,1005.8154907226562,1007.4566410811765,989.3132820281223,1007.0919286354373,1508662
2023-04-05,1006.0891723632812,1016.5740164794369,1001.6216947852984,1004.7215840003043,1947605
2023-04-06,996.2880859375,1007.4110930311247,987.3987619037406,1006.5449982841455,1355815
2023-04-10,1009.5078735351562,1013.6106375278482,994.555555836204,999.5700451606053,940829
2023-04-11,1001.302490234375,1018.3973426740696,995.9689185321128,1010.1918135030162,1384483
2023-04-12,1011.9241943359375,1015.2063840055449,994.5102588629301,1005.6332658806609,1376719
2023-04-13,990.90869140625,1003.1258335649845,981.0164934477831,1003.1258335649845,2725180
2023-04-17,939.0316162109375,946.3710508631264,913.5489334921509,943.6358744155451,4349422
2023-04-18,934.7008666992188,946.1430653682268,921.7544101057839,943.4535198664736,2735592
2023-04-19,924.3984985351562,938.1655312045013,920.8427468576738,934.7009298172895,1953837
2023-04-20,931.6011352539062,933.4245863135723,920.8883602783684,925.492563074563,1250758
2023-04-21,910.5858764648438,929.5953315769253,906.1183990923499,924.763197379465,4269272
2023-04-24,917.2869873046875,918.5178500966211,903.5199547535414,913.5489350787573,1625433
2023-04-25,908.9903564453125,917.2870365370928,906.619892318321,917.1958862427125,1984203
2023-04-26,908.3521118164062,914.0048210912704,905.0699222489671,908.9903308009941,1589700
2023-04-27,914.5974731445312,919.6119634798458,905.3434369031633,910.8137899962338,3543950
2023-04-28,933.3333740234375,936.0684947839477,894.4482605000546,895.2688356813222,5146250
2023-05-02,960.4571533203125,971.7170519276973,930.3246932675669,930.3246932675669,4762884
2023-05-03,947.829833984375,957.9955958519108,946.5990267839603,948.1033961598538,2217136
2023-05-04,953.163330078125,954.622179838242,938.0287098211037,941.8123927090118,1744298
2023-05-05,944.9122314453125,957.9498379523834,940.4903854925836,953.664773069245,1222282
2023-05-08,951.2487182617188,954.5765383860744,943.9093952256785,949.0605549405938,1487285
2023-05-09,955.3060302734375,958.6337393366249,948.0577457196515,955.8530433184397,1747630
2023-05-10,953.8015747070312,958.2234207551148,946.5077713140332,955.4882444827406,1186977
2023-05-11,951.8870239257812,965.3349746429567,950.8840368705046,961.870373330178,1451786
2023-05-12,953.98388671875,960.5027458383688,942.7697306442462,951.8869849948715,1140016
2023-05-15,970.4861450195312,975.4551156743391,950.017952461785,953.6648543906209,2122222
2023-05-16,963.8761596679688,977.1874410808031,960.0469570636245,975.4551403618408,1343911
2023-05-17,961.0953979492188,972.2640346254092,947.2827352295388,964.6055186456709,2803566
2023-05-18,956.1264038085938,966.383314787589,952.7986950599831,965.5172201560945,909923
2023-05-19,977.5065307617188,983.5238968869936,956.4000628824624,963.2836350216277,2624323
2023-05-22,1006.9552001953125,1012.4255532835274,975.6374510242058,977.3697517610642,2996190
2023-05-23,994.2366943359375,1020.4031726309653,990.498641907308,1006.5449890388584,1414119
2023-05-24,1001.7586059570312,1005.9525218891406,989.2223776686043,989.4503090920302,1782245
2023-05-25,1001.1657104492188,1002.8980110909347,986.0767207863908,1000.1628346970504,1200289
2023-05-26,1016.3458862304688,1021.497156982058,1001.9862112287824,1001.9862112287824,2104054
2023-05-29,1015.7079467773438,1028.4721051469257,1012.1065638891488,1028.4721051469257,1432241
2023-05-30,1001.439208984375,1021.861880353502,998.3393203426548,1016.5738284767673,2822485
2023-05-31,1017.075439453125,1027.924884010483,999.2511611752628,1001.4393246630374,7599886
2023-06-01,1021.8618774414062,1036.3582223310298,1018.9442893714995,1022.9559034084931,1412280
2023-06-02,1023.9588623046875,1038.6376202447443,1018.9443721746013,1028.426339406778,1907589
2023-06-05,1011.4226684570312,1034.3982179994232,1009.735998528796,1024.8706196789724,1754521
2023-06-06,990.3618774414062,1004.7215548358386,976.9595563911184,1002.8981037381328,3284841
2023-06-07,998.9775390625,1001.986277589485,988.4926963033744,998.3393757602239,2086377
2023-06-08,976.7315673828125,1004.2656328159807,974.6345542263126,1003.8097700684473,4054486
2023-06-09,969.2098999023438,983.751878048887,966.5202427268259,983.751878048887,2782697
2023-06-12,979.8768920898438,983.7517251127624,968.3891740925827,971.8992946897171,1767945
2023-06-13,984.1165161132812,991.8661827778745,980.4696141534725,984.2532971956971,1846534
2023-06-14,982.475341796875,989.1765017259722,976.5036067598292,984.6635051784162,1321534
2023-06-15,986.0310668945312,987.8545177810676,974.9535804999009,983.7061224963535,1389325
2023-06-16,982.1106567382812,990.9999802968101,976.8682351524822,987.854571863177,4392418
2023-06-19,997.06298828125,999.0688511655444,979.2388214661582,983.7518181902407,2188899
2023-06-20,1009.5991821289062,1012.8813715788345,992.1396170298455,997.0629568520447,3318866
2023-06-21,1021.04150390625,1021.81644839382,1006.6361951594254,1009.5993033077903,1985965
2023-06-22,1020.266357421875,1026.830735809988,1012.3799104217718,1018.3061255452035,2360795
2023-06-23,1017.0296630859375,1019.3089765397384,997.4731981701672,1015.662075013657,3492348
2023-06-26,1013.7476196289062,1026.6029270965018,1010.4654300427612,1014.0210705058911,1432154
2023-06-27,1020.8589477539062,1022.0442353636085,1009.0065168353274,1011.103529900305,1227245
2023-06-28,1010.2828979492188,1027.4688995563058,1007.1830093165881,1021.1324525161236,1876800
2023-06-30,1031.02490234375,1032.5292718862192,1012.5624584093606,1016.2549917140913,2478834
2023-07-03,1022.4544677734375,1036.5406928407212,1016.6650333886845,1035.720117671672,1899656
2023-07-04,1046.660888671875,1053.954692774118,1021.2237246063788,1024.369244402242,2773593
2023-07-05,1071.2774658203125,1080.3490900555823,1045.2932889897772,1049.2137531697751,3732838
2023-07-06,1075.1522216796875,1079.4829175058298,1059.4249578900121,1071.2773885720862,2520085
2023-07-07,1053.9547119140625,1079.7565889121597,1049.6240156497097,1066.7188693247865,2261102
2023-07-10,1045.885986328125,1057.5560065845082,1035.3555117139508,1057.5560065845082,2088505
2023-07-11,1058.92333984375,1063.2540351605674,1044.0166529595188,1052.7236743774847,1212566
2023-07-12,1057.054443359375,1065.8069848770322,1051.6296104919213,1063.0718086968516,1274203
2023-07-13,1071.5054931640625,1086.6857464046357,1051.6754617015495,1057.0546649089267,3215610
2023-07-14,1120.1915283203125,1123.2457864059188,1078.5712380829561,1079.4373327672906,6033106
2023-07-17,1132.727783203125,1158.5751788633647,1112.8977535826032,1126.8015674544633,4880073
2023-07-18,1137.423095703125,1147.3152942813326,1116.8636429016638,1133.2747005116473,2666872
2023-07-19,1134.82470703125,1150.3240408276142,1122.4252622530823,1144.2155243786594,2293881
2023-07-20,1142.346435546875,1144.671380119924,1126.5280201753083,1135.0982622455638,2000345
2023-07-21,1118.1607666015625,1139.5396861396305,1104.9685317824585,1122.2775223311253,5032086
2023-07-24,1087.05126953125,1126.4408920036765,1080.8761935831265,1119.4705610233377,2669308
2023-07-25,1082.0457763671875,1089.7178235197553,1071.2861339735666,1089.0629344499837,2557865
2023-07-26,1069.6019287109375,1091.8697551781113,1066.0933498061236,1083.4491658065579,3170213
2023-07-27,1029.0897216796875,1052.5737896100065,1012.6228123467686,1039.4750935615264,17594818
2023-07-28,1020.809326171875,1029.1830883424059,1015.1956002354618,1029.1830883424059,4244321
2023-07-31,1043.685302734375,1046.959976476706,1017.1604682638045,1024.5050708150072,4766331
2023-08-01,1069.882568359375,1080.1743989251408,1047.8019365333134,1047.8954757870574,3805214
2023-08-02,1071.894287109375,1078.396807772814,1053.13503922639,1069.4148684652855,2357217
2023-08-03,1069.227783203125,1073.110519197114,1049.111930598428,1066.6079985746358,2348236
2023-08-04,1099.541748046875,1105.7636505082403,1069.2277191668782,1079.6598018957566,3580506
2023-08-07,1107.4478759765625,1116.0555439309687,1096.6414071907705,1104.0328363100723,1694290
2023-08-08,1127.7974853515625,1131.0721585876522,1099.4481256516572,1109.6464165720724,5137402
2023-08-09,1148.942626953125,1156.8954057227515,1122.9323165866665,1129.2477585507818,3396984
2023-08-10,1156.2406005859375,1159.4216209553724,1137.340985846826,1141.4577415274337,3715680
2023-08-11,1141.8785400390625,1169.8536292201295,1137.060183527205,1156.2404129567888,2933959
2023-08-14,1141.223876953125,1142.5804819113214,1125.5522229756996,1134.0663524435104,1842625
2023-08-16,1148.8021240234375,1159.2343201259584,1141.4575226421869,1142.3931435623851,2341456
2023-08-17,1152.4510498046875,1154.4626575928687,1136.3584159223115,1146.1356086955489,2636308
2023-08-18,1132.8499755859375,1147.02454265575,1127.563693985829,1147.02454265575,1794430
2023-08-21,1140.3817138671875,1145.2001852011538,1126.8152084052458,1127.4233849406785,1175945
2023-08-22,1135.0953369140625,1144.2644682807343,1131.3996796962208,1140.381618338372,1003208
2023-08-23,1123.6807861328125,1140.381597622286,1121.996622700452,1135.0953162940068,1569035
2023-08-24,1121.9031982421875,1138.1830276451444,1119.6576848397872,1128.5460849734732,1218843
2023-08-25,1112.9212646484375,1120.125501215007,1102.5826061228186,1113.3890751842293,1213340
2023-08-28,1108.476806640625,1119.2832731876124,1106.184581233218,1112.9678324238864,950013
2023-08-29,1120.8739013671875,1130.1365716414953,1111.7515970780973,1115.6344468742236,1419344
2023-08-30,1120.1253662109375,1142.9545404483777,1117.646062039307,1130.1832915182188,2016339
2023-08-31,1124.569580078125,1136.3116689453398,1120.8739229283794,1121.8095438991045,2817747
2023-09-01,1148.9893798828125,1150.720255838001,1126.5344765639275,1127.423270802349,1686038
2023-09-04,1175.841796875,1184.496291898747,1146.6504647497964,1155.4920383056494,3466873
2023-09-05,1173.783447265625,1185.0576125189725,1168.2632601657492,1177.7130100355405,2199985
2023-09-06,1168.5438232421875,1178.5082099133701,1156.2872107644757,1173.7833923054825,1753376
2023-09-07,1187.5369873046875,1192.7764422082164,1158.9070067500913,1168.5438347914003,2554884
2023-09-08,1181.6424560546875,1195.7235973101324,1177.9936256480935,1190.1098715011647,1731105
2023-09-11,1187.1627197265625,1192.9168118968457,1182.1571700640507,1183.5606016074587,1293853
2023-09-12,1184.49609375,1201.1501919375776,1170.9764170375481,1189.9227408119852,2335224
2023-09-13,1179.2568359375,1187.0692491387815,1173.1752988975772,1179.1632966715051,1204376
2023-09-14,1197.4547119140625,1206.343112883071,1180.753897146186,1180.753897146186,3288631
2023-09-15,1216.3541259765625,1219.769051255196,1191.981153257133,1195.9107157700648,4316210
2023-09-18,1206.7640380859375,1218.1785688529346,1200.4017694610716,1217.2429478323104,1967717
2023-09-20,1192.3087158203125,1206.1559536673774,1187.349992559347,1199.466240016859,2843560
2023-09-21,1208.494873046875,1212.5648015059166,1184.4026325848554,1193.8055549955313,2960250
2023-09-22,1221.3128662109375,1235.0197368907086,1201.337380430053,1206.9979332420885,3252940
2023-09-25,1215.792724609375,1229.7803277978142,1212.6117044168036,1221.3129116324812,2100302
2023-09-26,1199.7469482421875,1219.1610855174504,1196.7997190183303,1216.3073955586324,1141475
2023-09-27,1205.68798828125,1210.599998383725,1182.6249084816059,1188.1918075797932,1568115
2023-09-28,1150.345947265625,1192.0279058828835,1143.3287902062575,1192.0279058828835,6570797
2023-09-29,1144.0775146484375,1152.3577384534349,1132.1015190106434,1145.2002142719236,2861162
2023-10-03,1137.902099609375,1151.4686027394216,1134.4871746734543,1142.0188544359723,1622290
2023-10-04,1127.42333984375,1137.2473606473677,1109.693367030413,1132.1014449883298,2340603
2023-10-05,1127.9847412109375,1145.1533650344998,1122.2774755158196,1135.8439810556106,2497613
2023-10-06,1138.5572509765625,1144.2645164008468,1127.4233379092564,1129.2945799638776,1446719
2023-10-09,1134.580810546875,1148.708664581108,1124.7567902022595,1125.785950443672,1451064
2023-10-10,1148.708740234375,1152.170492422991,1134.9083297937664,1136.966650412151,1503359
2023-10-11,1152.310791015625,1159.1408699425,1143.3288523338713,1150.9073595274901,1622663
2023-10-12,1121.57568359375,1152.6850821167884,1112.734110750769,1152.6850821167884,2452842
2023-10-13,1117.224853515625,1125.5050753394,1104.0326221441746,1110.5819682077417,3266079
2023-10-16,1108.336669921875,1121.1079200613588,1104.7813784686418,1118.347883656115,2638043
2023-10-17,1120.499755859375,1125.5521324132667,1111.9388003391077,1113.3890586631649,1163897
2023-10-18,1110.6756591796875,1124.6164348331567,1102.2083577105757,1122.7451928450814,2337078
2023-10-19,1096.6883544921875,1109.1320472679338,1092.6184253294869,1095.191383493576,3107691
2023-10-20,1095.3314208984375,1100.290257710492,1074.467141851432,1094.6765319058466,2962470
2023-10-23,1081.5311279296875,1095.5654439504624,1077.4144865995052,1089.1564624766197,1203959
2023-10-25,1068.61962890625,1090.8406293387839,1063.3333470136727,1087.1916843201827,1555285
2023-10-26,1043.638427734375,1047.895549087162,1027.4522525120128,1029.2299553036673,7099401
2023-10-27,1048.41015625,1053.462418276017,1042.3286197557115,1047.848692281289,1382498
2023-10-30,1054.3514404296875,1065.5788936296597,1043.685337047402,1048.4102692870144,2255915
2023-10-31,1060.1990966796875,1063.9415811657216,1043.7321877834502,1054.3514646702592,1194765
2023-11-01,1052.667236328125,1064.7367708967704,1047.8487650059208,1058.1405967105468,1288497
2023-11-02,1054.9368896484375,1068.649650652384,1053.3292328113134,1063.921112375161,2493118
2023-11-03,1071.5814208984375,1074.323996442713,1055.409841575764,1062.9755035225435,1108121
2023-11-06,1080.1400146484375,1082.6461630074436,1072.763448807368,1075.7424509909856,572330
2023-11-07,1086.6181640625,1087.8476302686,1074.8441491930043,1079.9982100603786,902481
2023-11-08,1077.3028564453125,1090.2590046385355,1075.3168935355022,1089.2187493469992,806162
2023-11-09,1062.9281005859375,1079.052462704447,1056.544573746976,1078.106755024601,6042108
2023-11-10,1076.357177734375,1077.8702868756855,1060.611122378663,1061.0839762004991,706806
2023-11-13,1069.92626953125,1080.1399577822676,1066.75817216171,1078.6740648260159,435537
2023-11-15,1110.0244140625,1114.847500249093,1081.4167561068957,1082.8353176584133,2816201
2023-11-16,1141.658203125,1148.9874372470108,1104.0191087705623,1111.206463659711,2294942
2023-11-17,1137.4498291015625,1148.0417081673659,1132.9577179494258,1146.3867198481576,1176628
2023-11-20,1146.008544921875,1156.1275703213819,1137.4498447476826,1139.483139227815,1077366
2023-11-21,1139.1048583984375,1154.8509137761969,1135.227480142517,1153.7159953365042,1129326
2023-11-22,1149.4130859375,1151.8719027069296,1138.631995779264,1139.5777034169541,750622
2023-11-23,1145.157470703125,1154.61454765097,1141.4218560430259,1149.0348491631746,651637
2023-11-24,1132.81591796875,1148.9874961592088,1130.2152218566262,1146.2450362497798,884921
2023-11-28,1137.1190185546875,1143.3606665989175,1121.6093884088637,1130.2153058215779,910795
2023-11-29,1155.37109375,1167.5707466208876,1141.1382616029969,1141.4692362217013,1898448
2023-11-30,1154.6617431640625,1161.6127869509482,1143.0768241096953,1155.654782402998,2978406
2023-12-01,1154.2835693359375,1160.1942424093409,1145.7722001102366,1160.1942424093409,1017856
2023-12-04,1157.45166015625,1181.3779953499118,1151.8719617194529,1170.7861154422683,1581599
2023-12-05,1154.3306884765625,1159.673959574584,1143.2186240321168,1157.5461174469242,1499843
2023-12-06,1158.680908203125,1179.2973801111466,1152.4865926735274,1156.600397655118,2637916
2023-12-07,1156.8370361328125,1164.166271391369,1153.8580335520562,1159.437732514881,1076885
2023-12-08,1158.775634765625,1170.7387442359309,1151.1626419728586,1163.2204145628393,2642571
2023-12-11,1166.3411865234375,1173.1502348168312,1158.7755260006365,1164.166012946005,1558876
2023-12-12,1159.5794677734375,1177.4060340355302,1152.4866603394885,1170.7387488704865,1114846
2023-12-13,1150.0750732421875,1166.9559320461499,1132.0594114124983,1159.4376022543408,3025706
2023-12-14,1196.036376953125,1200.8595781537229,1163.3622480539186,1167.9489069074598,5287733
2023-12-15,1235.188720703125,1252.8735227679213,1193.955890848334,1201.0486981207005,5900381
2023-12-18,1221.617919921875,1260.675694059352,1216.6056229411138,1234.1485469309441,2671348
2023-12-19,1211.876953125,1230.3182512532076,1200.2920350701004,1229.4198752138338,1717860
2023-12-20,1180.810546875,1242.6598501778994,1170.9751642416475,1220.9085742615437,2860865
2023-12-21,1182.2291259765625,1190.2204249915608,1159.4375943955265,1165.111840371361,3337533
2023-12-22,1205.9190673828125,1211.3568860744895,1175.0416912015082,1191.5915741761773,2297352
2023-12-26,1212.397216796875,1218.780743484378,1192.111833722608,1205.77726319502,1720830
2023-12-27,1210.647705078125,1221.3814641171075,1198.448052963534,1217.976939570504,1584695
2023-12-28,1216.1328125,1219.0172672614235,1201.5690057729473,1215.2344363312095,2284964
2023-12-29,1203.554931640625,1221.807021047815,1199.2519154136644,1216.1327748282633,1187193
2024-01-01,1226.7247314453125,1233.0137105609938,1196.5566335800588,1203.8858680477492,1776828
2024-01-02,1208.708984375,1228.5688460108147,1203.7440189660463,1227.5285906327438,1615064
2024-01-03,1176.6495361328125,1204.8316732541991,1172.677609760759,1196.3203035059357,2231707
2024-01-04,1179.770263671875,1186.579312403312,1164.8280370009447,1182.2290804114036,3355191
2024-01-05,1180.5269775390625,1202.7983247866782,1177.92628134324,1186.7686253204697,1756868
2024-01-08,1162.2274169921875,1186.1538676757561,1155.0873932134768,1182.3237053622172,1320667
2024-01-09,1168.563720703125,1183.269405896946,1165.679266095025,1173.1977114348845,994439
2024-01-10,1173.5286865234375,1178.7772948965999,1161.6127928102637,1169.3675496310887,808638
2024-01-11,1181.567138671875,1193.293936398853,1173.5286237987693,1173.5286237987693,930492
2024-01-12,1237.032958984375,1240.5320311722799,1198.2116131086555,1202.7510560836736,5023455
2024-01-15,1265.0260009765625,1325.409418016689,1261.4322653320958,1262.5198523384086,6012767
2024-01-16,1248.7122802734375,1259.8715601707142,1239.3497523786561,1257.885597391292,1883106
2024-01-17,1254.717529296875,1262.046763027458,1234.384816366871,1235.0940970504757,2313059
2024-01-18,1281.57568359375,1295.1465646325878,1235.0941317343263,1254.6702329744257,4533782
2024-01-19,1314.4390869140625,1321.9574165606687,1281.4338668131147,1299.3077645015092,4463826
2024-01-23,1292.4515380859375,1339.4059516326477,1283.0890081386458,1320.6808917380645,2683661
2024-01-24,1331.5091552734375,1333.920756167501,1291.4112397854522,1298.4093846489336,2008135
2024-01-25,1250.27294921875,1282.710655055598,1240.8158719293765,1274.8140186075389,8424862
2024-01-29,1242.99072265625,1265.3567297953823,1239.8226253824712,1265.3567297953823,2495791
2024-01-30,1246.3009033203125,1268.1467286970826,1243.6056593904293,1252.0696973589552,2293154
2024-01-31,1261.2430419921875,1263.4654319013523,1241.0522065694556,1246.5372417236888,1798462
2024-02-01,1241.241455078125,1263.7965624304045,1238.6407586960565,1257.7913411458333,2286420
2024-02-02,1265.451416015625,1280.4881911270272,1251.2185847817213,1251.6441070580654,1838847
2024-02-05,1260.391845703125,1279.6369729128592,1255.8997344541363,1272.7333764695825,953919
2024-02-06,1277.6983642578125,1288.4321229761495,1255.994304466264,1257.7911720863817,2713529
2024-02-07,1246.442626953125,1284.9328804095255,1242.7071280798257,1278.12383181119,2004588
2024-02-08,1238.167724609375,1257.4601835062515,1231.3113442363233,1254.0083275402187,2308756
2024-02-09,1239.8701171875,1249.705384841248,1235.0469155985336,1245.4970317841828,1085349
2024-02-12,1247.199462890625,1258.7370515966422,1239.9174437396487,1246.821156691133,1149683
2024-02-13,1256.3253173828125,1262.3306534862634,1229.4199801482393,1250.1782174820712,1127361
2024-02-14,1222.7054443359375,1248.2867670145063,1213.011940918979,1238.8770220698098,3426103
2024-02-15,1229.7508544921875,1236.9855407202858,1221.4286968784172,1233.864659463358,1703763
2024-02-16,1231.83154296875,1238.1204064731219,1227.5285269936057,1234.2430282052362,1994659
2024-02-19,1238.8770751953125,1246.4427367232229,1217.551320586382,1232.2097897967083,1496111
2024-02-20,1248.8543701171875,1251.7860409472255,1231.3114458142054,1238.8771075396382,2113200
2024-02-21,1226.20458984375,1253.0627118119082,1222.0434528442604,1248.334173276769,1769508
2024-02-22,1255.994384765625,1258.2641063549452,1228.8052881420213,1236.0399752017386,2201424
2024-02-23,1250.4620361328125,1269.6599490775754,1244.835121360815,1266.2080928017251,1660506
2024-02-26,1227.7650146484375,1252.9681478008447,1224.6914646406522,1250.4619993213146,1196507
2024-02-27,1225.6845703125,1234.1959400260282,1214.0049872957752,1224.691531002119,1488661
2024-02-28,1216.038330078125,1235.1416965666551,1201.994592584569,1231.3115338671196,1289779
2024-02-29,1204.6898193359375,1215.423579433394,1195.611047835445,1210.5059452081232,2251498
2024-03-01,1202.7510986328125,1217.1258094908464,1199.1573631968868,1217.1258094908464,1560034
2024-03-04,1210.5531005859375,1215.7071610034932,1201.1432403813194,1206.3446323576081,1843831
2024-03-05,1203.4130859375,1210.4113462252326,1190.740579272066,1205.6828075771482,1420379
2024-03-06,1201.994384765625,1205.1624822033896,1182.229072423243,1198.6844080963253,2064350
2024-03-07,1218.2132568359375,1222.8944632357989,1196.8402883608712,1205.7771789216324,2073691
2024-03-11,1219.01708984375,1225.9208014637486,1206.2500373124153,1218.2132614766379,1577732
2024-03-12,1222.13818359375,1236.6547746113063,1208.3307579528694,1224.6915483668763,1963068
2024-03-13,1207.8577880859375,1228.8525675932897,1197.5496668530836,1222.1380662352008,2001399
2024-03-14,1223.131103515625,1227.0084822278664,1189.7476889841148,1202.9402660072942,2129097
2024-03-15,1212.58642578125,1222.8001156154992,1199.6302758377888,1222.8001156154992,2499025
2024-03-18,1203.554931640625,1217.5513363831512,1199.2046992942023,1212.397275577526,630807
2024-03-19,1184.262451171875,1203.5549110772963,1181.0943535086542,1201.0487626179129,1243420
2024-03-20,1195.6583251953125,1202.9402285146894,1179.2975353441961,1184.0260739782948,1139621
2024-03-21,1213.1065673828125,1217.5513474513996,1201.6635271579264,1205.7773326159313,1420041
2024-03-22,1194.0977783203125,1210.4112351593,1168.9891942257832,1190.1730685139617,2990908
2024-03-26,1186.2484130859375,1202.5618706727435,1183.080315425762,1193.719526895418,2144358
2024-03-27,1185.728271484375,1194.5706147274598,1178.8718911737374,1189.7001973492693,2128854
2024-03-28,1180.3377685546875,1196.272920363315,1174.5689746181574,1191.5917133807393,2436133
2024-04-01,1176.9805908203125,1192.679315906649,1174.5689899536594,1184.1206148510275,1397037
2024-04-02,1169.6513671875,1183.978746949422,1168.043594780046,1176.4604166695453,1320357
2024-04-03,1187.0050048828125,1194.4287870024564,1172.6775105962358,1172.6775105962358,1819093
2024-04-04,1209.796630859375,1219.0172813584009,1179.2030084460466,1191.5917567971956,2460669
2024-04-05,1194.80712890625,1206.6756912520832,1191.7807950065328,1205.7773151159934,1184658
2024-04-08,1196.4620361328125,1201.0486950687223,1187.903335868775,1201.0486950687223,686932
2024-04-09,1183.4586181640625,1211.4515425057618,1175.2782236136109,1196.414767250262,1198161
2024-04-10,1197.5496826171875,1204.3114001820138,1184.0260166018702,1192.017200329119,1994380
2024-04-12,1174.66357421875,1200.8124166177984,1170.7861955289106,1196.2729732366727,2887322
2024-04-15,1152.581298828125,1173.292321255635,1145.2520639022437,1167.9490494791667,2153147
2024-04-16,1130.8773193359375,1147.2853249221532,1126.337876176731,1139.577784041109,2085459
2024-04-18,1115.6041259765625,1142.2730372880403,1112.199601300626,1134.4237325411364,3242357
2024-04-19,1128.843994140625,1139.435873968421,1099.8106991292734,1099.90536225144,2572144
2024-04-22,1142.4622802734375,1150.6425598614971,1130.2152957877124,1131.1610035267101,1364143
2024-04-23,1135.085693359375,1151.872005425302,1133.714463339575,1151.872005425302,1460983
2024-04-24,1121.3255615234375,1142.3675576196993,1117.3536354037483,1142.3675576196993,1375843
2024-04-25,1125.6759033203125,1128.7494532957098,1109.1260188374042,1120.66360641407,3357065
2024-04-26,1209.32373046875,1273.8682814791055,1173.6232645252933,1182.134633889296,20431926
2024-04-29,1218.355224609375,1239.822742315199,1215.2343431541042,1219.9628814543148,4120529
2024-04-30,1194.901611328125,1221.0031192824215,1191.6389661248984,1218.355207137973,2613213
2024-05-02,1198.116943359375,1205.162418577794,1185.4444388345269,1194.6177560851577,2124221
2024-05-03,1182.5601806640625,1202.9402283513962,1175.5620358408166,1201.0488128980135,2322455
2024-05-06,1193.7196044921875,1196.9822500445011,1177.500693531137,1189.7003465646044,1363667
2024-05-07,1222.27978515625,1224.502290449993,1188.65994803957,1199.15727968643,2350444
2024-05-08,1217.125732421875,1229.4199317392677,1210.8367535286434,1223.745685900471,1332284
2024-05-09,1200.1976318359375,1216.0855675432363,1192.9157286450798,1212.3972843851666,2420777
2024-05-10,1195.7528076171875,1204.0749658932887,1180.4796055740678,1197.2659168089485,1322206
2024-05-13,1193.5303955078125,1197.5968691699877,1182.1819036160744,1195.752785414712,593453
2024-05-14,1206.2501220703125,1214.2886371919099,1186.011955028548,1195.3271524044214,1386032
2024-05-15,1205.304443359375,1213.295627112714,1196.3202203606193,1205.7772972014147,1008105
2024-05-16,1236.9383544921875,1241.3359184371423,1211.7353363469435,1217.1258241228006,4868225
2024-05-17,1234.52685546875,1248.3341648091325,1227.3395000326584,1238.0259277838843,1925387
2024-05-21,1252.0224609375,1254.9541317512908,1233.2974020936922,1236.0399775425299,1453689
2024-05-22,1258.16943359375,1262.8979716669053,1239.8700143392034,1257.7911274593328,1411627
2024-05-23,1264.8839111328125,1270.9836789570345,1253.157113840101,1263.4653497371494,1440740
2024-05-24,1249.989013671875,1271.9767152552843,1246.44261019068,1264.8839082928941,1288301
2024-05-27,1257.5074462890625,1269.896309156456,1246.6791396131168,1251.171251058717,980450
2024-05-28,1243.7000732421875,1258.1221145082843,1240.1064535366584,1256.8454323044407,1608944
2024-05-29,1216.6055908203125,1242.6598834114368,1214.3832008753805,1242.6598834114368,1405567
2024-05-30,1173.4813232421875,1217.835035449432,1168.279931128057,1210.5531326667806,2610479
2024-05-31,1161.7545166015625,1187.099527801665,1157.5934952953373,1178.3044004785027,4649449
2024-06-03,1177.737060546875,1193.2940214701844,1169.4149020565296,1186.863162936106,1091287
2024-06-04,1172.0155029296875,1185.6336003416154,1128.843926867061,1177.7369647810367,2471911
2024-06-05,1198.116943359375,1215.1868957298732,1169.6038370391711,1191.5915380386946,2709585
2024-06-06,1245.922607421875,1251.7387330719318,1205.0207479447356,1215.2344376444862,3205121
2024-06-07,1302.806884765625,1306.0223139856553,1254.9540989565276,1257.7912220137011,5790599
2024-06-10,1267.579345703125,1303.185265188162,1262.6617116342677,1302.8069590037485,2532308
2024-06-11,1276.1851806640625,1286.0205636097176,1268.335876197662,1275.6651107065502,1465705
2024-06-12,1296.1868896484375,1306.0222723550282,1283.4671678580276,1290.701854511775,2786009
2024-06-13,1313.5406494140625,1321.011763251159,1300.6790479228816,1305.0766117684943,1953367
2024-06-14,1296.9908447265625,1319.971589178488,1290.0399158678179,1319.2623083675378,1733356
2024-06-18,1296.8961181640625,1315.9048181871597,1295.7613152001975,1305.5020343947078,950760
2024-06-19,1306.1641845703125,1311.6492198454628,1287.1081517406917,1302.2394746120005,1313197
2024-06-20,1317.46533203125,1323.0450303729974,1296.9907378865184,1310.750830662598,1987190
2024-06-21,1323.8016357421875,1362.1027961775244,1310.7981553474742,1331.5563924186297,6836535
2024-06-24,1325.5985107421875,1332.5022235138242,1306.0224064390286,1314.53377621307,1111433
2024-06-25,1350.234130859375,1354.2533884718089,1319.0257776334186,1322.8559398882821,2201375
2024-06-26,1336.3323974609375,1356.901541256573,1333.4479426136081,1355.0101257351353,1565878
2024-06-27,1354.4898681640625,1365.4128383958625,1316.4251328220457,1328.1045999564328,4286657
2024-06-28,1352.6929931640625,1374.1132957773068,1349.1939208316467,1362.7648033139017,2222285
2024-07-01,1392.17626953125,1398.2288218452543,1346.8296319021745,1352.6929734121838,3837301
2024-07-02,1392.2235107421875,1416.6700298917408,1390.1902162489046,1399.6472925499174,2092643
2024-07-03,1399.4583740234375,1404.3760081441799,1381.679022153971,1399.600137831604,896602
2024-07-04,1379.929443359375,1410.9959188870541,1374.3970762834053,1401.5388416827172,1322999
2024-07-05,1382.0098876953125,1390.1902821721708,1371.2287971123499,1387.3531591473297,1334838
2024-07-08,1387.92041015625,1398.6541680143534,1380.8749349190455,1382.0097378287903,807698
2024-07-09,1386.171142578125,1389.6229989741537,1376.0047842068373,1386.4075695169922,1049695
2024-07-10,1383.9013671875,1392.838374395669,1363.237676620734,1392.1763097268213,802718
2024-07-11,1381.300537109375,1395.8644576558672,1363.0011176128176,1395.8644576558672,1408434
2024-07-12,1423.33740234375,1429.720929239285,1381.7262640617453,1394.918840135384,4372156
2024-07-15,1417.6630859375,1444.568422156675,1410.9958008888768,1437.5701625221461,2374623
2024-07-16,1433.8819580078125,1436.5299857254536,1408.2533026150363,1421.7296372408348,1794159
2024-07-18,1455.775146484375,1461.7803673798192,1423.2901095964387,1425.1815250244738,2752497
2024-07-19,1436.5587158203125,1483.3233794213972,1431.8388736153217,1481.4451312615975,2504915
2024-07-22,1440.55615234375,1450.4773334311253,1421.8212910834902,1425.5296965768678,2225781
2024-07-23,1438.485107421875,1447.4430596935554,1406.3132600121319,1436.1733360808826,1640492
2024-07-24,1476.91796875,1483.37155119334,1419.2205712619436,1438.485136861857,2561617
2024-07-25,1473.7393798828125,1490.6440845082202,1449.5623717422286,1468.9232381184895,3283912
2024-07-26,1484.4793701171875,1487.850669285408,1391.1425210578514,1473.7393506792541,7133745
2024-07-29,1469.26025390625,1497.5309808028574,1454.522931565326,1488.8138352960311,1755979
2024-07-30,1481.493408203125,1494.8821881798383,1464.1070894828815,1464.1070894828815,1622543
2024-07-31,1497.2420654296875,1504.3217697878338,1478.555413237922,1481.4450980846411,2398955
2024-08-01,1487.657958984375,1511.3052617052585,1481.0598683880844,1497.2421514925145,1315921
2024-08-02,1452.2593994140625,1477.1589474095913,1447.0580601631502,1469.4049118222717,2894949
2024-08-05,1402.7974853515625,1429.671577942904,1374.285951713012,1415.9455749207132,2186582
2024-08-06,1428.8529052734375,1447.7321567216889,1411.6110949272354,1411.6110949272354,1665788
2024-08-07,1419.46142578125,1459.5317000522111,1416.9088472376193,1445.6130979736379,3002937
2024-08-08,1412.5260009765625,1433.428124266342,1408.2396823549645,1415.9455082502036,2333194
2024-08-09,1451.2960205078125,1453.752299685017,1426.1076947375523,1430.3458051570428,1521252
2024-08-12,1456.8828125,1468.4415521694216,1434.6322621526797,1451.2960412938141,1809860
2024-08-13,1448.117431640625,1467.6228044718857,1440.1707982649261,1452.8372737679617,580901
2024-08-14,1468.34521484375,1473.2094471130952,1449.6585626789483,1456.4011606448971,2833790
2024-08-16,1527.005859375,1530.5697570251837,1474.9915315717526,1501.094994786326,3224481
2024-08-19,1536.0120849609375,1543.766002493779,1517.9033452652377,1529.4620852629396,1640507
2024-08-20,1568.713623046875,1573.5779731098064,1536.589981996765,1542.1285448530452,2442281
2024-08-21,1545.644287109375,1568.1356439905903,1543.0917086443033,1556.5769045999964,1935929
2024-08-22,1552.0015869140625,1561.0559563835154,1537.312355447537,1546.0296185307952,1562554
2024-08-23,1539.6240234375,1557.4918365212766,1534.470775933057,1553.7353404966354,1020913
2024-08-26,1579.8388671875,1582.5840442348301,1549.8342831246755,1550.7975113926211,1510157
2024-08-27,1564.860595703125,1584.5104755730508,1562.4525250715549,1583.5472473204227,1083351
2024-08-28,1567.509521484375,1603.7750898246534,1556.7695026217864,1560.4298171266898,3033590
2024-08-29,1586.774169921875,1595.3469255968707,1560.4781069953265,1560.4781069953265,2194339
2024-08-30,1576.3231201171875,1602.5710914115311,1571.1216637572218,1586.437017313173,1926984
2024-09-02,1586.099853515625,1600.8853839363878,1575.4080432403073,1576.3230630637174,1582818
2024-09-03,1583.6435546875,1598.2364863053829,1572.0848155971491,1578.7311140904158,1739553
2024-09-04,1584.799560546875,1589.3266865000314,1549.7380270980736,1560.1890305808643,1643875
2024-09-05,1579.212890625,1596.936315902525,1572.8556069878405,1592.2164734389294,1080904
2024-09-06,1563.560302734375,1590.482486079952,1554.6022327136463,1579.2127622565888,1672937
2024-09-09,1521.1300048828125,1571.314290757085,1516.8436862043072,1563.5120478693116,2965098
2024-09-10,1548.2930908203125,1554.3613581611387,1520.455771269977,1533.4593524623397,2541973
2024-09-11,1543.6695556640625,1567.1723482631182,1539.3350285791307,1552.723924646679,1395340
2024-09-12,1582.8248291015625,1588.9413050009148,1546.9445766238305,1560.3334728768023,2356422
2024-09-13,1595.154296875,1598.8627023686129,1577.7679787698426,1589.2304192259398,1373924
2024-09-16,1588.363525390625,1608.5913204380495,1585.955454551646,1590.3862813790506,1060407
2024-09-17,1590.81982421875,1610.517796890912,1580.7540174392307,1588.3635449001877,1499644
2024-09-18,1546.36669921875,1587.5447080553508,1530.56973196161,1587.5447080553508,2930297
2024-09-19,1536.6861572265625,1575.2152870286218,1528.691433341579,1560.4297569833961,3032379
2024-09-20,1562.404541015625,1569.3879463245714,1524.2125146717597,1548.871136108413,3984683
2024-09-23,1548.052490234375,1571.025463221947,1535.8676279015292,1565.197884581407,1535902
2024-09-24,1576.9010009765625,1583.0656855134355,1539.3350978825413,1542.6583060128821,1781972
2024-09-25,1543.814208984375,1582.6804486610201,1531.5812562016276,1576.9010786695017,2505756
2024-09-26,1547.8597412109375,1560.2854103717002,1537.3124378709606,1550.7976346943901,2173853
2024-09-27,1550.0750732421875,1603.5824499741204,1545.5479474649753,1565.2459182964453,3539822
2024-09-30,1519.20361328125,1546.9446350900923,1510.1974522782054,1546.9446350900923,3460691
2024-10-01,1565.63134765625,1582.4878433941908,1521.9007580540758,1521.9007580540758,5176596
2024-10-03,1545.06640625,1571.16986974144,1537.4568791410172,1555.613709133786,2332279
2024-10-04,1557.0103759765625,1587.7855914512095,1532.4962621841876,1532.4962621841876,2927576
2024-10-07,1559.033203125,1572.0367851009953,1541.3578698553288,1565.197770144653,1619326
2024-10-08,1569.195068359375,1574.8781383688856,1544.6327487701355,1565.245856177027,1311331
2024-10-09,1597.8031005859375,1608.3986115511452,1572.0367443750918,1578.7311338159334,2177241
2024-10-10,1560.1407470703125,1614.3223360486977,1552.0978147116134,1611.4808597482383,1518162
2024-10-11,1586.4852294921875,1589.326705964158,1544.0549755518455,1544.0549755518455,1019027
2024-10-14,1630.2640380859375,1634.598565809061,1587.4003750461595,1587.4003750461595,2070051
2024-10-15,1613.744384765625,1640.8110743974426,1602.33015380488,1637.4879840506737,2503380
2024-10-16,1599.248046875,1615.7673187058342,1592.0238343839937,1608.591314664068,1070524
2024-10-17,1636.52490234375,1647.024114462507,1595.1060849212772,1599.6332109557522,3771316
2024-10-18,1625.8331298828125,1639.799940737907,1585.0885242866962,1632.6720275438179,3119646
2024-10-21,1638.6439208984375,1697.0637402383009,1627.904019523757,1680.8333670583795,5898020
2024-10-22,1634.1650390625,1663.4470856696043,1629.2524806081205,1640.7631294805826,2484594
2024-10-23,1672.1160888671875,1684.6862649781285,1623.6175683917083,1634.164988627053,4198781
2024-10-24,1671.9234619140625,1683.7230081669488,1664.5066513020213,1671.2492491608134,1570443
2024-10-25,1653.3331298828125,1678.328974232892,1647.457460906376,1671.9234826711995,1743714
2024-10-28,1639.9444580078125,1664.41036378911,1630.9381789596557,1647.1204621112774,1271473
2024-10-29,1636.043212890625,1660.701833030477,1618.5605963133944,1646.1571097027247,1499121
2024-10-30,1622.9915771484375,1649.1914590732317,1620.390907610676,1641.437423747379,1305424
2024-10-31,1563.4151611328125,1622.845661130728,1550.683553803254,1619.7355732013204,3638913
2024-11-01,1558.555908203125,1573.4742474766692,1553.8423123505227,1573.4742474766692,249236
2024-11-04,1592.3287353515625,1594.1266902107493,1562.8321914535059,1568.6148318854744,2746587
2024-11-05,1586.7403564453125,1607.4899766117576,1578.1392397296818,1592.2315037326264,1376651
2024-11-06,1645.927978515625,1650.0098284420396,1589.0243378016403,1603.5539012640595,3164061
2024-11-07,1604.5743408203125,1667.2606188232864,1598.111313236646,1647.337073101411,1285140
2024-11-08,1634.0709228515625,1639.0274886666773,1603.6511405664967,1613.3213021211056,1883257
2024-11-11,1656.2298583984375,1667.21203474787,1619.2012422169616,1625.7614343268278,1587351
2024-11-12,1639.5621337890625,1662.4013217819747,1636.646492768691,1661.9153816119128,1414446
2024-11-13,1628.4825439453125,1641.5057631889813,1616.8686222647561,1632.758840827406,1063556
2024-11-14,1640.0479736328125,1644.4214348958333,1616.2369067563657,1616.2369067563657,1919974
2024-11-18,1614.098876953125,1640.533974104454,1587.3235267808645,1637.375363076113,1617013
2024-11-19,1651.8563232421875,1675.910359904434,1617.3059322176875,1618.0834838881242,1982317
2024-11-21,1654.3831787109375,1676.4934547078085,1637.4239155662306,1663.859011281025,2212146
2024-11-22,1698.3121337890625,1700.6446701693226,1654.383192951364,1666.5316963509188,2344087
2024-11-25,1683.8797607421875,1718.0900180112476,1679.2633293810936,1710.509304321096,3913302
2024-11-26,1696.31982421875,1712.4530127566761,1682.373366258975,1683.879709474621,1291712
2024-11-27,1707.3994140625,1717.3125459900307,1686.7469570153646,1692.0436573676534,2088228
2024-11-28,1665.1710205078125,1710.5092583851695,1658.8052759845266,1707.593617603831,1787990
2024-11-29,1664.150634765625,1681.3528680997624,1652.6824001177145,1659.9715021470488,1556942
2024-12-02,1696.8543701171875,1698.846772196424,1657.930635106196,1661.9153206269364,1370756
2024-12-03,1700.3045654296875,1711.4811887520318,1688.7391662642372,1710.5093084631321,1824151
2024-12-04,1710.1204833984375,1724.6986873123326,1691.654758440837,1693.1125788322265,1811165
2024-12-05,1736.701416015625,1743.5045779643617,1705.7470528764188,1710.1205141291782,2762694
2024-12-06,1732.668212890625,1746.4688654294666,1725.6706036828944,1746.4688654294666,1180840
2024-12-09,1727.857421875,1750.113505171295,1721.3943939495414,1729.0722722881412,1069659
2024-12-10,1713.9595947265625,1727.0313376436163,1703.9978213946283,1716.5349826778015,1625591
2024-12-11,1713.2305908203125,1719.9851112551623,1700.8391173531543,1715.3686799634759,1285654
2024-12-12,1739.27685546875,1756.867864102321,1711.5297457723873,1718.3329074590067,3018243
2024-12-13,1745.8857421875,1753.855112952945,1711.4811568737362,1730.9187622896786,1503188
2024-12-16,1725.6220703125,1743.0672737995337,1716.3405662280327,1743.0672737995337,1075193
2024-12-17,1720.9569091796875,1738.8395290551389,1711.4810769817477,1727.4684592349774,1160899
2024-12-18,1728.8779296875,1737.6733754248307,1711.0439494944414,1712.5017699784146,1337600
2024-12-19,1705.0181884765625,1719.1590943621682,1686.212328311984,1691.0230883641789,2402819
2024-12-20,1638.6387939453125,1721.0541705266028,1632.8560350952766,1720.228096015949,2921154
2024-12-23,1664.247802734375,1676.4934704431093,1638.4443340385506,1643.3523768708812,1301223
2024-12-24,1656.958740234375,1676.8336448307605,1648.017370329311,1669.301572537413,711026
2024-12-26,1650.9329833984375,1666.4345450397282,1643.1094183307832,1659.096801474114,659638
2024-12-27,1663.5189208984375,1668.2325165739696,1650.9329999694357,1657.007251777526,647945
2024-12-30,1691.8978271484375,1723.7269075494994,1646.1709293884837,1666.7747446662913,6781500
2024-12-31,1658.22216796875,1680.3810868994412,1635.1400101816698,1680.3810868994412,1459630
2025-01-01,1655.9381103515625,1669.3014635479046,1643.6924431500954,1652.7794995960635,721479
2025-01-02,1678.3885498046875,1686.892501989767,1648.3089035308394,1660.9433467772433,1238954
2025-01-03,1641.943115234375,1681.20710283931,1634.0709085805636,1664.053391922756,2448088
2025-01-06,1638.8817138671875,1663.1787201295979,1627.8994195814878,1656.812857033756,945693
2025-01-07,1624.15771484375,1657.0558378081735,1614.7790466382876,1645.3932747268257,1305847
2025-01-08,1616.9658203125,1622.9914306100377,1588.0523819027048,1621.0476700446734,673344
2025-01-09,1596.60498046875,1622.5541366364146,1592.134236245282,1616.9171835254429,774065
2025-01-10,1657.6390380859375,1665.8028564424906,1590.287803579275,1606.6153216546477,2208899
2025-01-13,1612.9810791015625,1653.168303673186,1603.5052466731006,1650.3013043935111,1401093
2025-01-14,1601.1728515625,1623.47745779078,1575.7096342461605,1622.9429947892884,2480288
2025-01-15,1628.82275390625,1631.7870362992303,1603.7483131552863,1611.3775498416462,1079742
2025-01-16,1640.1937255859375,1674.4038628880037,1623.9632542486283,1647.3370216869464,2334315
2025-01-17,1613.6129150390625,1652.0993513225533,1603.9912763087566,1637.375340999875,2502285
2025-01-20,1627.5106201171875,1639.707764538867,1579.3053841202018,1616.236833102705,4856268
2025-01-21,1594.36962890625,1655.6467291516742,1590.0933318674038,1627.510723341278,2500061
2025-01-22,1636.59765625,1641.2627287817152,1589.2671367818207,1596.507596997745,2478559
2025-01-23,1665.2197265625,1680.8669756350253,1624.0119781937713,1624.0119781937713,2255334
2025-01-24,1674.5982666015625,1687.5728438580902,1657.3959154625188,1670.6621042411932,1257165
2025-01-27,1607.392822265625,1665.7056391906415,1598.743064027535,1661.9152823629695,1174799
2025-01-28,1601.998779296875,1617.8404747571208,1591.9398424812694,1609.3850454367646,1820874
2025-01-29,1633.8765869140625,1637.6183023342828,1607.5386545625233,1617.1601746037381,1146508
2025-01-30,1623.13720703125,1656.9586877121396,1610.4055992858657,1637.618246708922,868832
2025-01-31,1627.3648681640625,1647.3370551371886,1618.4236171487926,1627.8994497668384,1065425
2025-02-01,1600.103759765625,1638.4930318583754,1590.6764496133733,1627.4135726407692,410470
2025-02-03,1608.170166015625,1617.2573410587288,1560.0135718948966,1584.164771836142,1415698
2025-02-04,1612.3980712890625,1629.7946338796314,1598.7917469867957,1615.993980970997,1467006
2025-02-05,1614.293212890625,1624.0120160988768,1598.1600232924739,1616.0911677566046,1449280
2025-02-06,1622.6513671875,1637.3267363701214,1603.6025365415833,1623.0401430451177,1288106
2025-02-07,1644.5186767578125,1647.9202579005928,1611.2804170463091,1627.8995469020608,1582031
2025-02-10,1651.2733154296875,1655.8411055070267,1626.150114091117,1635.6745887414972,1235699
2025-02-11,1622.1654052734375,1660.9434534555642,1616.4312877042362,1658.0278125191296,1800036
2025-02-12,1632.9532470703125,1642.4777215497772,1621.8739064623524,1632.7589184636838,1889477
2025-02-13,1628.191162109375,1641.9431738501496,1594.418320687399,1627.8995505556738,1555491
2025-02-14,1612.446533203125,1646.3651783741523,1605.5948484781245,1637.6182559388706,961944
2025-02-17,1618.1319580078125,1621.0475987275872,1585.1366713174532,1609.3365130191273,1114005
2025-02-18,1657.055908203125,1660.8947879253944,1617.2574574524008,1621.0963371746702,2654136
2025-02-19,1638.395751953125,1664.247742544982,1627.9480393992314,1646.41376391309,1113961
2025-02-20,1611.231689453125,1646.0250507374942,1608.4618543981724,1632.7588612621932,1485087
2025-02-21,1603.1165771484375,1618.1320805372018,1596.0218034046604,1611.1345897349634,1479239
2025-02-24,1568.3232421875,1597.722622191025,1559.139020517526,1584.1649390329235,1672609
2025-02-25,1549.1285400390625,1568.6147872992037,1544.317780060988,1562.8321470316007,1425126
2025-02-27,1543.5888671875,1550.829327876936,1525.7548876328863,1530.7114533734064,2208643
2025-02-28,1446.011962890625,1528.6704231305212,1436.8277422585131,1525.8519467624599,4155992
2025-03-03,1451.06591796875,1488.4346677550427,1434.6896401322365,1457.8204385455854,2851006
2025-03-04,1446.40087890625,1457.2858909799654,1392.7531329693563,1433.5234647315428,2386196
2025-03-05,1494.8489990234375,1505.442517548451,1445.6718817645713,1446.4007919570577,1967418
2025-03-06,1461.17333984375,1507.1919653925304,1458.7436391764534,1497.6674913216364,2246380
2025-03-07,1450.385498046875,1464.8178963371872,1440.3265609740954,1459.7155249167324,893696
2025-03-10,1445.0401611328125,1457.820410458713,1440.812505670028,1450.3855026378278,798491
2025-03-11,1437.6053466796875,1445.5748366237578,1412.7252337861894,1423.318753184416,1769157
2025-03-12,1397.85546875,1447.1297520045314,1369.185000191146,1439.3547096834864,2665932
2025-03-13,1400.139404296875,1415.3007135349212,1382.0138126328982,1401.451418999043,995812
2025-03-17,1399.6048583984375,1407.2827368366268,1385.1238175584137,1402.3746936487798,1747569
2025-03-18,1399.6048583984375,1399.6048583984375,1399.6048583984375,1399.6048583984375,0
2025-03-19,1356.890625,1391.5381793906993,1355.18983457474,1390.4204933836977,5557840
2025-03-20,1370.8857421875,1381.0418434048802,1360.6809995022422,1363.6938045674874,2863413
2025-03-21,1369.6221923828125,1390.8577513436232,1343.1870980015963,1350.9621397181565,4056023
2025-03-24,1417.6331787109375,1426.38010113568,1373.8499251186634,1376.036655724849,3072831
2025-03-25,1414.57177734375,1442.173201604833,1408.6918540707736,1432.5515629025679,2056315
2025-03-26,1376.47412109375,1422.8327641085884,1369.8652875758576,1422.8327641085884,2231144
2025-03-27,1383.8603515625,1389.7887975307144,1366.4636708588703,1367.5813569061088,2541022
2025-03-28,1378.369140625,1389.7887333641813,1368.941949818808,1375.3076941631216,1642693
2025-04-01,1355.918701171875,1377.1056186057253,1346.4428691071635,1362.5760568949229,1578367
2025-04-02,1383.0343017578125,1385.9499426438729,1357.862578380612,1357.862578380612,1617949
2025-04-03,1330.84423828125,1360.6323926040195,1322.0001514568698,1357.7167517627254,1943422
2025-04-04,1283.80517578125,1320.9795955464115,1281.7642509726688,1312.0383446527574,1757493
2025-04-07,1251.7818603515625,1257.418813699544,1175.3920904272206,1209.9910063180864,3044730
2025-04-08,1277.439453125,1304.311966370835,1254.843236803111,1277.0506772886906,2868814
2025-04-09,1236.9605712890625,1263.3956662728356,1228.7967535730454,1253.7255053725326,3724878
2025-04-11,1246.1934814453125,1275.447053967721,1238.3697977838378,1239.1473494581971,1803181
2025-04-15,1265.0965576171875,1277.245061545438,1250.6156358449,1277.245061545438,1511866
2025-04-16,1271.899658203125,1277.6337755070315,1247.4083229252851,1255.6693051963134,1093342
2025-04-17,1270.05322265625,1272.0941475573557,1240.0220976785386,1258.6821519711211,3027966
2025-04-21,1334.8775634765625,1349.9417078041101,1266.3600037932006,1267.331884072397,3759267
2025-04-22,1337.793212890625,1356.7448784564565,1322.923397068496,1335.3635121770567,2471135
2025-04-23,1399.1187744140625,1408.6432482527227,1368.4073824558095,1379.0009008344684,5944062
2025-04-24,1404.5614013671875,1426.234380118114,1393.9680007112513,1404.367072756848,2501415
2025-04-25,1420.8890380859375,1432.4544377048817,1336.3354496362272,1414.4746516552307,8211667
2025-04-28,1420.4029541015625,1438.3827383306962,1396.591888500818,1427.983667339746,2079431
2025-04-29,1453.2525634765625,1462.5825900090365,1422.1523959431665,1424.9707537157012,2652788
2025-04-30,1460.7359619140625,1468.3166750397631,1448.1015191297095,1453.2525317199572,1858465
2025-05-02,1452.0863037109375,1476.286146428657,1447.907289686437,1462.6798224984389,1582577
2025-05-05,1452.572265625,1464.1376648665937,1448.587580141824,1456.848562651858,846022
2025-05-06,1454.1273193359375,1462.4855851821,1444.3113516154235,1454.8077067575541,1545773
2025-05-07,1453.1553955078125,1462.58270571984,1438.9659666756625,1447.2269493302804,1272555
2025-05-08,1460.5416259765625,1475.800097807332,1446.1577514239775,1458.6950298513666,2829448
2025-05-09,1451.697509765625,1459.083894717233,1436.536201302876,1438.382797540778,923174
2025-05-12,1528.8648681640625,1532.169284894235,1474.7311831937768,1479.2018088227248,1891418
2025-05-13,1528.28173828125,1555.8831619243363,1521.0898004912042,1555.3000574846526,3724272
2025-05-14,1558.118408203125,1564.1441370860373,1533.724237047299,1539.4583543928486,2354571
2025-05-15,1583.2900390625,1590.3848121074036,1555.2026770410312,1560.8396297592606,2972408
2025-05-16,1571.530517578125,1589.8990798228194,1556.2720436195052,1589.0243637849317,1159095
2025-05-19,1552.870361328125,1580.4716664141824,1548.3024528221656,1571.5304152789427,681874
2025-05-20,1531.683349609375,1573.960142571309,1529.0593202599339,1566.6710403364928,1869716
2025-05-21,1553.259033203125,1557.924106053762,1525.2689520124957,1532.6552184945617,930031
2025-05-22,1521.5758056640625,1544.998097654667,1514.1895389576696,1544.998097654667,1789310
2025-05-23,1535.8624267578125,1558.8959415310796,1523.7139234728133,1530.711413909882,1159290
2025-05-26,1556.369140625,1559.284781533388,1538.486519326008,1538.486519326008,711029
2025-05-27,1547.6221923828125,1559.1875915229418,1534.1130326691398,1556.369114963758,1394001
2025-05-28,1535.8624267578125,1556.9521810054798,1533.7242189970161,1555.785972145211,820958
2025-05-29,1555.008544921875,1559.7707823182457,1539.9443996429443,1547.330666503776,1799251
2025-05-30,1529.642333984375,1550.1489833278124,1523.9082168388777,1550.1489833278124,2780942
2025-06-02,1505.5396728515625,1524.8801135708604,1498.7365110956696,1520.9925925674931,2120693
2025-06-03,1500.3887939453125,1520.8954437188318,1490.7671556366988,1512.148521372406,2316285
2025-06-04,1512.926025390625,1522.5476641507228,1500.5831929554754,1501.3607446556232,1439090
2025-06-05,1518.8544921875,1526.1435940146648,1503.498736883183,1516.1331800502685,1529586
2025-06-06,1526.921142578125,1529.2536790668796,1511.662669053651,1520.798367762595,828051
2025-06-09,1534.6961669921875,1546.7475065103267,1526.921124546644,1530.711481466393,598108
2025-06-10,1565.6019287109375,1587.5663987773116,1534.5989248052495,1534.696089103341,3324373
2025-06-11,1591.453857421875,1602.6304799320133,1559.478974513152,1572.5021931655533,2660949
2025-06-12,1598.1600341796875,1611.3775829054055,1566.5739235376936,1589.9962157015943,2316173
2025-06-13,1612.349365234375,1622.0681679181266,1559.4790549072213,1559.867830742117,2511076
2025-06-16,1646.26806640625,1658.027794326624,1604.768706350371,1611.377539855535,2160406
2025-06-17,1670.2734375,1676.4934950643064,1636.8407318998673,1644.8102214358546,2105126
2025-06-18,1662.5955810546875,1684.074230585827,1660.360327548268,1668.8156386996143,1299278
2025-06-19,1636.6463623046875,1646.3651649311998,1614.0015047298227,1636.6463623046875,3056884
2025-06-20,1648.4061279296875,1660.4574671931982,1622.2625245313793,1632.7588790661825,3425550
2025-06-23,1634.50830078125,1644.4214321725888,1628.5797361687896,1632.758868823847,732380
2025-06-24,1629.9404296875,1660.4574948778288,1627.6078932366836,1651.0303034097055,1923989
2025-06-25,1657.055908203125,1665.8028308857222,1628.6770509546805,1642.2833751276091,1416375
2025-06-26,1642.6719970703125,1655.5980522121797,1623.3316744641927,1647.3370698559697,2528268
2025-06-27,1627.31640625,1653.9459503317719,1615.8481711971017,1650.2527577180638,6183785
2025-06-30,1639.5621337890625,1641.9918346393724,1613.3213646057166,1633.3420758847221,1546996
2025-07-01,1624.206298828125,1649.669633697109,1622.359821180903,1642.4776957986103,1689051
2025-07-02,1629.9404296875,1651.2246320148852,1620.6104025219663,1627.8995047821852,1931642
2025-07-03,1624.8865966796875,1645.3932460123078,1623.040000496488,1637.5210397973249,1713273
2025-07-04,1638.048828125,1646.658751517565,1623.501197324542,1627.9545684845302,1310544
2025-07-07,1607.0732421875,1630.824555219481,1598.7602584652216,1630.824555219481,1550115
2025-07-08,1618.4541015625,1626.767085397165,1602.2240132768072,1606.1825655023213,1318755
2025-07-09,1598.0675048828125,1619.4436617111448,1595.29647013609,1617.8602650581981,1173847
2025-07-10,1583.519775390625,1600.6405614993353,1573.623395167191,1598.067526802327,1631315
2025-07-11,1585.8948974609375,1590.348268467848,1561.450887145174,1563.6280424263846,2559235
2025-07-14,1560.3621826171875,1581.4415202899029,1547.892768007525,1581.4415202899029,2068336
2025-07-15,1562.638427734375,1578.373696354596,1536.9078393106297,1538.491235975622,2574760
2025-07-16,1591.239013671875,1594.3068674058604,1560.9561140945243,1563.628088455158,2207039
2025-07-17,1547.4969482421875,1587.2804697641882,1544.726034225231,1566.9928900304992,7617296
2025-07-18,1532.850341796875,1557.6902317507486,1522.0632632990162,1556.7005937382005,3619191
2025-07-21,1527.80322265625,1537.3037234813082,1515.4327474138765,1534.9285680736882,988104
2025-07-22,1531.16796875,1536.710038568854,1525.2301403487377,1533.939003659427,1404790
2025-07-23,1530.5740966796875,1536.8088643612866,1518.5995011186883,1534.9285280124377,2887100
2025-07-24,1483.071533203125,1537.8975044334593,1480.0036794596128,1537.8975044334593,2207437
2025-07-25,1446.7518310546875,1485.7435928117823,1440.6160029091184,1474.659574615958,1179664
2025-07-28,1435.56884765625,1450.8092969007384,1430.1258386978911,1446.850744931023,1070496
2025-07-29,1438.73583984375,1443.9808490051942,1421.5161136793113,1435.5689256127514,1458817
2025-07-30,1448.038330078125,1450.9083045517857,1433.589638872449,1436.261734060516,1299448
2025-07-31,1448.5330810546875,1458.0337024254131,1432.2040541812037,1434.975088881902,1382994
2025-08-01,1423.8912353515625,1444.6736338278047,1417.5575278453375,1441.5067196719808,1620011
2025-08-04,1459.716064453125,1461.6953404727226,1404.395275544292,1420.130544061176,1581473
2025-08-05,1470.00830078125,1472.3834561284712,1446.0589888377804,1454.8667911474568,2929677
2025-08-06,1443.8818359375,1466.148690844007,1438.2409476833525,1464.7631734887404,1039973
2025-08-07,1466.6435546875,1476.5399349485492,1434.9751378521423,1439.923327982667,1587489
2025-08-08,1465.0601806640625,1480.4985099489693,1458.5285937518431,1458.5285937518431,1371665
2025-08-11,1465.7528076171875,1506.921723974621,1454.4709103332407,1465.0601093440916,888886
2025-08-12,1493.6607666015625,1501.6768106960017,1465.653961287868,1467.2373580167628,2532937
2025-08-13,1490.6917724609375,1502.9631870556111,1483.7643064389158,1499.3015747661393,1815196
2025-08-14,1471.2947998046875,1514.0472348621527,1469.6124634885196,1494.2544744111287,1715172
2025-08-18,1455.9554443359375,1484.4570683708275,1452.887590555723,1484.4570683708275,1249405
2025-08-19,1481.191162109375,1484.0611365011343,1449.2259268509702,1456.747151570276,1807647
2025-08-20,1508.3072509765625,1516.1254153342131,1471.9875847146798,1472.5813433533351,2329633
2025-08-21,1505.536376953125,1515.8285157769797,1493.4627205552604,1512.166903403734,1251760
2025-08-22,1489.4052734375,1513.7503454402436,1483.4674451048588,1513.7503454402436,969599
2025-08-25,1511.2762451171875,1523.7456604118722,1489.4052683280731,1500.2912869005706,1386218
2025-08-26,1486.6341552734375,1510.6824069955344,1483.368422356699,1505.2393979955505,1510822
2025-08-28,1480.1026611328125,1493.5617146128054,1467.2373663288404,1484.4570927660116,1771867
2025-08-29,1466.0498046875,1489.1082983486128,1463.3777095179885,1483.269530604464,2279980
2025-09-01,1489.9000244140625,1494.2544558201962,1469.6124452041734,1469.6124452041734,1241192
2025-09-02,1497.12451171875,1504.150917812897,1483.0715787250285,1486.4363723041126,1137022
2025-09-03,1492.572021484375,1500.3901860455867,1481.7850636525886,1497.1244530452432,1431929
2025-09-04,1484.8529052734375,1495.145164814133,1479.8057755464433,1490.4937936497095,1038934
2025-09-05,1462.5860595703125,1491.7803812731152,1446.949730471727,1483.4673977119105,1875965
2025-09-08,1445.564208984375,1472.4824356394215,1443.881872670807,1467.0394265238017,1308412
2025-09-09,1482.6756591796875,1484.45705596902,1450.5124229670255,1451.4031213616918,1749566
2025-09-10,1510.1876220703125,1520.0840022935781,1486.2384302521791,1487.425947556802,1660976
2025-09-11,1505.4373779296875,1515.6306983333695,1490.097987904113,1510.187688969456,896908
2025-09-12,1509.69287109375,1514.1462423949115,1496.8275762237279,1513.1566043279868,770698
2025-09-15,1504.0518798828125,1512.067923517255,1489.998947807403,1512.067923517255,825515
2025-09-16,1515.630615234375,1518.1047102641405,1494.3533979783913,1507.1197524930658,1011289
2025-09-17,1531.16796875,1533.3452449803865,1509.7918106665413,1522.3602865991368,1946337
2025-09-18,1534.631591796875,1550.6637998124208,1525.8239102784069,1539.876721496892,2246114
2025-09-19,1537.6995849609375,1541.2622576282095,1525.6259287815897,1534.9285502167145,2621234
2025-09-22,1489.8011474609375,1494.3534583384994,1438.2410291190852,1483.4674397678216,5723501
2025-09-23,1456.648193359375,1496.0357131949572,1452.9864602836687,1496.0357131949572,1380054
2025-09-24,1437.350341796875,1454.7679474832075,1424.0891676383237,1454.7679474832075,2122106
2025-09-25,1429.334228515625,1445.0693762561637,1422.1098227085765,1436.9543928829876,1581629
2025-09-26,1393.1134033203125,1426.563216979923,1388.956971925995,1424.9798202966317,1851067
2025-09-29,1396.082275390625,1410.2341470835258,1377.4771535123537,1400.3377671039923,2708118
2025-09-30,1385.7901611328125,1411.9165080921323,1378.0709362913815,1393.4103255283771,2225340
2025-10-01,1401.327392578125,1408.8486171342686,1378.9615981853487,1386.4828227414923,1683484
2025-10-03,1386.0870361328125,1409.046711499703,1382.8213030334825,1408.254952733269,2568702
2025-10-06,1424.3861083984375,1427.0580828388636,1382.6233097738498,1390.3425349657455,3036770
2025-10-07,1423.990234375,1430.8187611773226,1411.8176378662758,1425.0788120842565,1105550
2025-10-08,1443.090087890625,1457.5388993811462,1417.2605601691457,1417.2605601691457,1154614
2025-10-09,1451.403076171875,1460.1119389512437,1436.9543854380586,1443.0900927561904,1354036
2025-10-10,1442.1004638671875,1462.388043128704,1435.0740581376979,1461.6953448419429,937053
2025-10-13,1435.8658447265625,1446.355983704215,1424.2870072694188,1439.923336496499,1229414
2025-10-14,1452.78857421875,1464.4663508622946,1442.79325464713,1444.8714702720538,1430713
2025-10-15,1443.8818359375,1463.6745958543952,1425.4745933758713,1454.7678538917924,2810322
2025-10-16,1448.6322021484375,1451.502055802019,1432.8969332504778,1450.8093575005526,1619438
2025-10-17,1432.5999755859375,1449.819701319002,1425.1776904256014,1449.819701319002,1433539
2025-10-20,1444.4000244140625,1455.0,1439.0,1440.0,1800507
2025-10-21,1448.699951171875,1457.300048828125,1442.0,1450.0,114229
2025-10-23,1463.4000244140625,1487.5,1460.9000244140625,1465.0,3244860
2025-10-24,1453.699951171875,1468.0,1450.0,1465.4000244140625,969361
2025-10-27,1462.800048828125,1475.5999755859375,1457.0,1457.9000244140625,1036807
2025-10-28,1447.4000244140625,1469.5999755859375,1435.300048828125,1469.0,1432913
2025-10-29,1452.199951171875,1461.199951171875,1442.5999755859375,1453.0,1311858
2025-10-30,1433.800048828125,1458.0999755859375,1432.5,1453.199951171875,1797868
2025-10-31,1424.4000244140625,1437.5,1420.300048828125,1433.800048828125,1757591
2025-11-03,1419.800048828125,1424.0,1414.0,1419.0999755859375,2136091
2025-11-04,1409.199951171875,1425.300048828125,1405.5999755859375,1419.9000244140625,1191278
2025-11-06,1413.5999755859375,1420.9000244140625,1410.0,1412.0,2502412
2025-11-07,1386.699951171875,1409.800048828125,1385.0,1400.0999755859375,1209479
2025-11-10,1397.800048828125,1404.300048828125,1383.5999755859375,1386.699951171875,2883323
2025-11-11,1408.0,1410.4000244140625,1392.199951171875,1405.0,2488036
2025-11-12,1456.0999755859375,1460.199951171875,1414.0,1415.0,2958869
2025-11-13,1451.4000244140625,1463.800048828125,1442.300048828125,1463.0,1178211
2025-11-14,1439.199951171875,1445.800048828125,1422.9000244140625,1444.199951171875,1220596
2025-11-17,1452.800048828125,1455.9000244140625,1438.300048828125,1440.0,999416
2025-11-18,1422.0,1451.0999755859375,1419.5,1444.0,1553597
2025-11-19,1433.9000244140625,1443.5,1417.800048828125,1427.5,5777445
2025-11-20,1456.0,1464.699951171875,1430.699951171875,1445.300048828125,2818268
2025-11-21,1461.5,1469.0,1440.0,1455.0,2615232
2025-11-24,1494.699951171875,1513.800048828125,1461.800048828125,1470.0,6808658
2025-11-25,1494.699951171875,1502.0,1483.5,1501.199951171875,1675981
2025-11-26,1520.4000244140625,1522.699951171875,1496.199951171875,1498.0,1592891
2025-11-27,1509.800048828125,1532.0,1505.0,1523.0,1426194
2025-11-28,1517.300048828125,1525.300048828125,1503.699951171875,1515.800048828125,1247146
2025-12-01,1529.5,1532.0,1509.699951171875,1515.300048828125,1527101
2025-12-02,1536.699951171875,1539.0,1520.0,1523.0999755859375,1754978
2025-12-03,1541.699951171875,1550.800048828125,1530.300048828125,1537.9000244140625,2142830
2025-12-04,1562.300048828125,1577.9000244140625,1541.0999755859375,1545.0999755859375,2422663
2025-12-05,1570.800048828125,1583.0,1556.5999755859375,1567.0999755859375,2223397
2025-12-08,1591.800048828125,1595.699951171875,1572.699951171875,1581.0,2833786
2025-12-09,1561.5999755859375,1586.0,1559.0,1579.0999755859375,1533609
2025-12-10,1550.800048828125,1572.9000244140625,1548.199951171875,1563.0,735586
2025-12-11,1568.199951171875,1572.0,1541.0,1550.0,1248064
2025-12-12,1578.4000244140625,1580.5,1558.699951171875,1575.0,754479
2025-12-15,1575.4000244140625,1588.699951171875,1567.699951171875,1571.0,784781
2025-12-16,1578.199951171875,1580.300048828125,1564.699951171875,1570.0,999338
2025-12-17,1579.4000244140625,1586.199951171875,1570.300048828125,1578.199951171875,582251
2025-12-18,1605.5999755859375,1608.800048828125,1574.5999755859375,1581.0,1748780
2025-12-19,1612.5,1624.0,1595.0,1611.0,1802793
2025-12-22,1646.699951171875,1649.800048828125,1612.800048828125,1615.9000244140625,1466208
2025-12-23,1633.0,1646.5,1628.800048828125,1646.5,1161166
2025-12-24,1631.5,1636.5999755859375,1615.300048828125,1630.0,955523
2025-12-26,1612.300048828125,1633.699951171875,1608.0,1630.5,461192
2025-12-29,1612.4000244140625,1629.800048828125,1610.0999755859375,1614.0,891096
2025-12-30,1604.5999755859375,1616.199951171875,1599.0,1614.9000244140625,1973547
2025-12-31,1590.9000244140625,1614.800048828125,1588.300048828125,1614.800048828125,729913
2026-01-01,1607.699951171875,1613.5,1587.199951171875,1591.0,565878
2026-01-02,1612.0,1619.0999755859375,1601.9000244140625,1611.0,637080
2026-01-05,1596.9000244140625,1610.0999755859375,1576.0999755859375,1601.9000244140625,907810
2026-01-06,1601.800048828125,1625.4000244140625,1596.0999755859375,1603.9000244140625,570335
2026-01-07,1625.199951171875,1633.9000244140625,1595.800048828125,1599.0,1309781
2026-01-08,1577.9000244140625,1632.800048828125,1574.5,1625.0,1657201
2026-01-09,1582.199951171875,1606.4000244140625,1578.0999755859375,1583.0,1410053
2026-01-12,1586.0999755859375,1594.0,1562.800048828125,1572.0999755859375,652320
2026-01-13,1614.800048828125,1622.9000244140625,1582.0,1582.0,2573438
2026-01-14,1588.5,1613.0,1583.0999755859375,1612.9000244140625,1570385
2026-01-15,1588.5,1588.5,1588.5,1588.5,0
2026-01-16,1670.5,1680.699951171875,1600.0,1600.0,3733401
2026-01-19,1718.300048828125,1736.0,1673.5,1690.0,10621562
2026-01-20,1678.5,1716.699951171875,1675.0,1715.0,1825981
2026-01-21,1686.699951171875,1694.300048828125,1660.0999755859375,1678.5,1766163
2026-01-22,1687.4000244140625,1712.5999755859375,1682.699951171875,1695.0,3123567
2026-01-23,1701.0999755859375,1709.699951171875,1689.199951171875,1699.0,1831521
2026-01-27,1745.0999755859375,1749.0,1700.0,1720.0,2932973
2026-01-28,1762.9000244140625,1765.699951171875,1739.9000244140625,1748.0,2534826
2026-01-29,1768.4000244140625,1776.5999755859375,1736.0999755859375,1751.0999755859375,1893136
2026-01-30,1743.0999755859375,1760.0,1731.0,1757.0999755859375,1672787
2026-02-02,1724.0,1729.5999755859375,1709.199951171875,1713.699951171875,1030696
2026-02-03,1716.5,1854.0,1712.699951171875,1845.0,2711705
2026-02-04,1645.300048828125,1656.0,1598.0,1651.0,4823180
2026-02-05,1646.199951171875,1659.0999755859375,1630.0,1630.0999755859375,1720981
2026-02-06,1619.9000244140625,1645.9000244140625,1600.0,1645.0,1988639
2026-02-09,1621.699951171875,1636.0,1613.5999755859375,1625.0,933821
2026-02-10,1644.5999755859375,1658.5,1611.0999755859375,1625.0,1527966
2026-02-11,1634.4000244140625,1658.0,1625.0,1655.0,1521823
2026-02-12,1536.5999755859375,1611.0,1528.0,1605.0,5343729
2026-02-13,1534.4000244140625,1548.0,1464.4000244140625,1482.5999755859375,7058376
2026-02-16,1512.699951171875,1541.9000244140625,1494.699951171875,1526.0,1873472
2026-02-17,1523.800048828125,1547.5,1506.0,1512.699951171875,1781501
2026-02-18,1504.800048828125,1528.5999755859375,1481.699951171875,1524.5999755859375,1989222
2026-02-19,1479.300048828125,1532.800048828125,1472.300048828125,1506.800048828125,1108260
2026-02-20,1456.9000244140625,1477.300048828125,1453.0999755859375,1465.0,1599813
2026-02-23,1440.9000244140625,1470.0,1430.0,1459.5,2660793
2026-02-24,1345.4000244140625,1423.199951171875,1335.300048828125,1420.0,7441035
2026-02-25,1361.800048828125,1397.699951171875,1351.4000244140625,1355.0999755859375,2683571
2026-02-26,1361.800048828125,1396.5999755859375,1360.4000244140625,1366.4000244140625,1587449
2026-02-27,1357.800048828125,1410.4000244140625,1354.0,1391.0,2601590
2026-03-02,1345.4000244140625,1362.800048828125,1322.199951171875,1335.0,1564363
2026-03-04,1351.199951171875,1362.199951171875,1321.0,1321.0,1820421
2026-03-05,1333.300048828125,1366.699951171875,1319.300048828125,1358.0,1210010
2026-03-06,1331.699951171875,1359.5,1326.5999755859375,1330.0,1033627
2026-03-09,1336.300048828125,1340.4000244140625,1304.0999755859375,1305.0,1032250
2026-03-10,1336.5999755859375,1347.9000244140625,1316.699951171875,1340.0,1069187
2026-03-11,1334.4000244140625,1355.4000244140625,1330.199951171875,1343.9000244140625,1499971
2026-03-12,1349.800048828125,1356.5,1327.0,1334.4000244140625,3067753
2026-03-13,1332.800048828125,1342.5,1319.800048828125,1342.5,1150005
2026-03-16,1339.5,1346.4000244140625,1315.9000244140625,1324.0,2062060
2026-03-17,1341.800048828125,1354.800048828125,1318.199951171875,1340.9000244140625,1634005
2026-03-18,1385.199951171875,1404.699951171875,1344.300048828125,1346.800048828125,2969039
2026-03-19,1340.5999755859375,1379.300048828125,1331.0999755859375,1364.0999755859375,1219405
2026-03-20,1384.800048828125,1391.0,1355.5999755859375,1360.699951171875,3397016
2026-03-23,1384.0,1414.5999755859375,1357.5999755859375,1366.0,3647386
2026-03-24,1432.699951171875,1439.199951171875,1400.0,1414.0,3988700
2026-03-25,1408.5,1428.699951171875,1393.0,1422.4000244140625,4938929
2026-03-27,1391.5999755859375,1421.0,1385.5,1395.0,2584016
