Date,Close,High,Low,Open,Volume
,UPL.NS,UPL.NS,UPL.NS,UPL.NS,UPL.NS
2020-01-01,552.3773803710938,553.5511529600676,545.2878053963146,549.3255716397617,720807
2020-01-02,559.1383666992188,560.7816484553092,548.5744125529231,553.5511972658875,1388201
2020-01-03,554.7250366210938,557.9646610779513,551.4854121642361,555.4293003154921,1063950
2020-01-06,549.2786865234375,553.0816986252142,543.6915169847183,553.0816986252142,1218216
2020-01-07,558.7627563476562,567.1669805182917,547.4945381916637,549.2786956582777,4247207
2020-01-08,564.2090454101562,566.2279574040924,548.9500001235617,550.0298939460151,2090846
2020-01-09,567.6834106445312,577.402282876765,561.7676077671086,565.2889258266601,2795225
2020-01-10,563.6925659179688,571.3925259638355,558.7627207884534,569.9839987839739,1921690
2020-01-13,555.8517456054688,568.8101832199155,554.0206489471732,567.1669016340553,2174995
2020-01-14,547.964111328125,558.6220033009132,543.8794046944014,557.0256607462744,2911749
2020-01-15,550.0767822265625,553.5511606005034,538.808565216883,548.3865611377337,3419279
2020-01-16,552.236572265625,555.7109510164762,546.6024631495814,551.2975540796177,1705322
2020-01-17,553.3164672851562,560.9224916827922,550.17077928057,553.973791479388,1813763
2020-01-20,548.949951171875,554.8188142202962,545.1469393791212,554.0206717709572,2425877
2020-01-21,542.4708251953125,547.2597950864676,537.3062250991903,547.2597950864676,4789489
2020-01-22,528.6202392578125,547.3066646498959,519.6526280622171,547.3066646498959,7453773
2020-01-23,509.1356201171875,530.122651514017,507.35146282004206,525.8501306649871,4533870
2020-01-24,510.1685791015625,530.0757765019024,508.0088486935859,508.0088486935859,8132638
2020-01-27,504.4875183105469,516.5538790247409,502.37472740091687,512.1405394195665,4285510
2020-01-28,504.205810546875,514.5819497125794,500.68449246033816,505.42652268758377,4042406
2020-01-29,509.0887451171875,512.6100634022005,504.299717861696,510.73202698352685,2182366
2020-01-30,510.9667663574219,517.7276514133139,506.22467869063786,508.9009148956231,3514667
2020-01-31,494.4400329589844,515.5210034896276,492.98456617860563,514.0655367092489,4340034
2020-02-03,481.9980163574219,485.94190414352977,474.2041769903044,475.84745879175597,3012267
2020-02-04,490.7308349609375,493.8765799762828,483.5943203432544,485.42541709649777,2253175
2020-02-05,504.6753234863281,509.2295386545118,489.74491175993217,493.0784147780675,3105094
2020-02-06,504.1119384765625,511.95277546796893,501.06012907997894,504.2997535943623,2052126
2020-02-07,509.9807434082031,521.5776521547905,505.4734676706789,506.1307918499913,5702296
2020-02-10,539.0902709960938,544.254870572069,521.8123722570649,535.5220136607705,15352223
2020-02-11,541.48486328125,549.1378271573175,535.1464904859616,539.3720723494872,5097454
2020-02-12,538.902587890625,547.4476309022716,535.662963517858,543.1751093964483,3277025
2020-02-13,543.4567260742188,547.3536741194791,528.5733120953162,537.1183538910637,2902199
2020-02-14,555.5701293945312,564.7255566540183,542.8463871987983,544.2549144694887,6213486
2020-02-17,558.7158203125,563.2230961397917,555.100623223962,556.8377839417017,2418399
2020-02-18,549.5134887695312,555.8988013767746,538.9964729565348,555.8988013767746,2972328
2020-02-19,549.5134887695312,557.6359622058268,545.8512946865625,553.92688598633,2843587
2020-02-20,548.7152099609375,559.8895484014502,545.2878282453859,550.2646127685531,1802988
2020-02-24,538.2921752929688,554.7249935531117,535.3342450808943,551.1567359078193,1975289
2020-02-25,531.8128662109375,542.4238163560158,527.8220393744781,538.3390533237706,2912488
2020-02-26,528.667236328125,535.0525485014355,522.0941090558392,531.296475774415,2885119
2020-02-27,517.258056640625,527.3055609803552,515.3800205888291,527.3055609803552,1668088
2020-02-28,488.00775146484375,513.2673056974443,482.65533646553956,509.88686323110505,2974535
2020-03-02,482.9839782714844,508.5722236931058,478.5236705701478,494.86258118144895,1907596
2020-03-03,489.7449035644531,494.53393050651533,481.2937402335286,488.19555800832194,2499968
2020-03-04,480.4017028808594,501.0600740235367,467.72495754950893,492.9845406636285,4037644
2020-03-05,484.5803527832031,496.740650491315,481.71635860499924,487.2565891633282,2794208
2020-03-06,482.27972412109375,485.3315332680965,461.38659784817463,468.5700813398073,3567046
2020-03-09,481.7163391113281,488.1955876503554,464.48534932018566,473.8755313691394,4467786
2020-03-11,485.4254455566406,491.52906354989165,467.25543856849686,468.1474886197284,5659070
2020-03-12,416.5484313964844,488.6650380653634,408.28505499187884,473.78156691736535,8132990
2020-03-13,385.7956237792969,411.2899615553543,354.10376030328496,401.8997797846841,9711669
2020-03-16,353.822021484375,370.8652235444102,350.72327310431,368.37680256367037,5282490
2020-03-17,329.4544982910156,356.77993008328593,322.17710818887025,347.43668874758595,9227845
2020-03-18,302.2230224609375,341.75569559730576,295.41514030686017,338.0465621334939,5545759
2020-03-19,278.65362548828125,294.1943638212132,275.13230755877476,282.83226756058576,7227403
2020-03-20,281.8462829589844,301.09615441709224,269.4982004135099,276.0713272528638,7465285
2020-03-23,239.07403564453125,265.7421463685821,225.50521140796343,253.67575695940323,3029255
2020-03-24,246.06971740722656,260.10805150524277,234.2850500020147,249.30934178571104,4168341
2020-03-25,274.94451904296875,282.9731418920382,236.63258773022378,241.3276787566171,3838980
2020-03-26,293.4901123046875,310.6271935996913,272.5030795070129,279.82740963896595,5887818
2020-03-27,302.55169677734375,315.5101373859261,296.0724478164893,307.6223896825906,4833123
2020-03-30,289.6401672363281,297.8565762589247,275.7896491696653,297.8565762589247,3121310
2020-03-31,306.58941650390625,311.5192616391146,290.3913539167933,296.2132777295676,2779879
2020-04-01,287.10479736328125,308.467460127025,284.52249746876277,308.467460127025,2681565
2020-04-03,279.92132568359375,288.74809085986783,277.0103635891415,287.4804105833172,3265474
2020-04-07,303.9132080078125,306.1199063153237,288.41940906854,292.0346345523487,3624533
2020-04-08,300.673583984375,316.9185844037836,297.15226637988854,300.48576891617995,4632236
2020-04-09,299.54681396484375,312.129652456506,293.67795005487426,309.8760144463901,4690937
2020-04-13,305.13397216796875,313.81989042162144,297.199257003359,301.42483885648727,4850246
2020-04-15,329.17279052734375,358.4701673361004,309.7820720792437,309.82904017918236,22250797
2020-04-16,341.0513916015625,346.49768521825024,334.29044969565604,334.29044969565604,10132539
2020-04-17,341.1452941894531,355.8878911151592,336.40326383114984,353.58728510574826,5328193
2020-04-20,333.1166687011719,347.2488795470832,331.2855719560475,347.2488795470832,4741085
2020-04-21,324.85333251953125,331.37949130867287,322.13015702580583,327.4356323689502,2817261
2020-04-22,332.0837707519531,337.10752370279147,315.6979208466868,323.9612692965545,4105520
2020-04-23,327.6234130859375,344.0562300228875,324.61857232568747,337.9526123034489,5687657
2020-04-24,315.36920166015625,326.40266318215697,313.81982768837787,323.96121064597764,2736041
2020-04-27,328.0460205078125,334.0087919292087,319.73570353913925,322.4588506426683,4557197
2020-04-28,338.5160217285156,347.38975414907077,335.2763978526792,339.8776094227792,7805452
2020-04-29,338.6099548339844,342.1782123857534,332.7410913234694,341.75567140693244,2823791
2020-04-30,394.4345703125,403.16745647562715,341.8495528636083,344.8544224661691,18223977
2020-05-04,361.8976135253906,393.91814031703916,358.09460122571727,370.77134710004395,10395293
2020-05-05,363.44696044921875,383.1194019894891,361.5219847204738,370.91216614178484,11636689
2020-05-06,355.88787841796875,368.98719305719067,350.25376952480826,368.98719305719067,7610739
2020-05-07,345.934326171875,360.48910940884406,343.96238206652134,354.948907327375,4313383
2020-05-08,342.3660583496094,352.8830455147637,340.8636234241408,350.67637556109725,3281665
2020-05-11,345.6525573730469,355.5122471101787,344.15012272941055,344.61963176451206,3903903
2020-05-12,351.709228515625,359.1274946549376,341.7086911798741,346.0281803016543,9371378
2020-05-13,365.888427734375,374.4804383413435,357.3903246766234,373.91705035916374,7474549
2020-05-14,367.95428466796875,371.85120443770825,353.16474812783264,362.9305316039754,7302564
2020-05-15,355.7939758300781,369.691461820817,354.43241668919234,369.691461820817,3690162
2020-05-18,352.88299560546875,361.240279741216,343.1172129559711,358.1415027726009,5496838
2020-05-19,318.9375,357.4372430737046,317.62288035806336,357.4372430737046,18772182
2020-05-20,334.80694580078125,336.7319504085178,315.5101322128861,318.3741264146934,16718256
2020-05-21,344.43182373046875,347.43669307918213,334.6191018901401,337.7178501225475,10088405
2020-05-22,348.5166015625,351.09890163001444,340.58191491261977,344.3849271857892,8545206
2020-05-26,344.6665954589844,362.88357022806565,343.3519757995041,353.96289793340475,14906268
2020-05-27,364.1512451171875,366.21709661198213,344.66661754103717,347.906241781383,15176090
2020-05-28,367.2500305175781,374.5743611498981,364.52688341871874,370.1609927225224,9297617
2020-05-29,381.1004943847656,394.1528399957801,364.7146173880714,368.611536697814,22299690
2020-06-01,393.73028564453125,397.20466414578215,385.7016921935698,385.93644672320676,7782162
2020-06-02,398.8010559082031,402.7918834073642,389.4108735572359,394.4815662954457,6847511
2020-06-03,393.54254150390625,407.3460921359227,391.57059751174336,402.79187669682693,7203375
2020-06-04,396.3126220703125,406.5479434329719,392.50960980160573,394.29373866030073,5729522
2020-06-05,412.6045837402344,418.75517003075396,397.7211398133737,399.31748218656156,12315930
2020-06-08,410.16314697265625,422.27650493411255,407.0643983097397,421.6191807175851,4520947
2020-06-09,404.3412170410156,417.8630725332516,402.0406111341076,416.8771149483251,4047481
2020-06-10,399.0827331542969,408.9893636558556,395.3266603716682,405.74976807477503,4333713
2020-06-11,391.9931335449219,407.7686268157575,390.1150972671291,404.43512388529905,3873603
2020-06-12,386.5468444824219,389.88037635693416,375.6542274004978,377.48532439188915,4994437
2020-06-15,380.3023681640625,385.93647732204863,373.7761802601042,380.9127242581988,4693720
2020-06-16,388.9883117675781,403.21443258612385,384.99748418758486,390.63159371228124,10359268
2020-06-17,395.13885498046875,398.14372474304093,384.05845146203717,394.1998367617351,6081250
2020-06-18,401.80584716796875,405.5619196419045,396.64124751630703,397.06381713224835,5639475
2020-06-19,410.2569885253906,412.74538067638696,401.4302244100255,401.85279400360633,6059311
2020-06-22,418.9898986816406,421.05572136193615,405.7497373927579,410.3039810286242,4989998
2020-06-23,434.85931396484375,440.4934229033045,425.1404703146869,425.37522485378946,7872909
2020-06-24,417.8161315917969,441.33852446502164,414.1069984873926,438.38062306428066,3907871
2020-06-25,415.8911437988281,426.9715754530391,410.7735119411969,411.43080746948027,3982270
2020-06-26,413.4027404785156,423.3563385984074,411.90030570741806,422.55816743970934,2128146
2020-06-29,405.56195068359375,413.40275830438145,402.9796506601138,413.16800375679236,2317342
2020-06-30,399.2705078125,419.22464244898845,396.2656384281467,408.4728737351749,5184094
2020-07-01,419.6941833496094,421.6191591391797,402.83879570313604,404.6229244982481,8180122
2020-07-02,415.4685974121094,426.07949118449307,413.4966535397782,423.82585332606897,3806615
2020-07-03,417.1119079589844,425.32831744647456,415.42165795619195,418.0509261861261,3812085
2020-07-06,428.7557373046875,432.3239951806056,419.0838321668038,419.74115640231844,4256802
2020-07-07,423.4502258300781,429.9763844646248,420.77401850003656,429.9763844646248,3664371
2020-07-08,416.9241027832031,435.7044677734375,414.3418025970459,431.8075477692764,8686804
2020-07-09,415.5624694824219,420.5862223000653,410.49177722005345,419.7411116990972,5160583
2020-07-10,409.8814392089844,424.4362211282038,407.06438464397417,416.92407562150987,5805444
2020-07-13,412.41680908203125,417.816163786748,408.9424302441976,413.1680121870194,2480373
2020-07-14,410.8204650878906,417.3935925292969,402.9327178895154,413.1210711550074,4214233
2020-07-15,410.8674011230469,415.8442147669986,404.200394841672,414.8112890177587,4334472
2020-07-16,407.0174560546875,414.8112957631647,397.721152816919,413.6844624444771,4189313
2020-07-17,409.83453369140625,415.37473572994077,406.5949092108194,408.472945742971,3644124
2020-07-20,425.985595703125,428.19229417855917,412.510678959834,413.16800315475007,9435204
2020-07-21,430.44586181640625,434.5775354420103,422.8867780919452,429.4129362458662,6154181
2020-07-22,432.18310546875,436.17393262408336,420.398439096213,431.94835093020095,4431710
2020-07-23,434.5306701660156,448.8506976539286,431.00935193128294,432.8873883231403,9426775
2020-07-24,426.455078125,432.88735804857373,417.0179573785387,432.88735804857373,4058564
2020-07-27,418.6142578125,429.1312720025378,413.4027188164492,428.0044388191201,2974232
2020-07-28,421.5722351074219,424.38928972583017,414.57653800908344,419.17772148783797,4626424
2020-07-29,433.5916442871094,435.79834273975274,421.6661019475034,422.08867159080813,7119586
2020-07-30,436.267822265625,442.7470415323476,433.3099209326167,436.59648433741677,6219364
2020-07-31,448.9915466308594,456.3628452326998,432.18312658096727,439.31967063279086,11062522
2020-08-03,424.5770568847656,455.3299017386339,418.05089784253727,454.4847911228167,14443397
2020-08-04,433.544677734375,436.03307002260004,426.31422674328604,428.0514159976707,6194269
2020-08-05,425.93865966796875,439.1788219700633,424.71791881856984,433.8264067873354,4735993
2020-08-06,435.6104736328125,438.05192632757877,424.060562922168,424.9056734474371,4177541
2020-08-07,451.0103759765625,455.3298649104979,437.112919743787,437.112919743787,10013531
2020-08-10,464.15667724609375,466.2225287151093,449.2732619434784,454.34395440967194,7603877
2020-08-11,452.5128479003906,466.363365831637,450.7287191185252,466.22251883822446,4360559
2020-08-12,457.4427185058594,459.1799079379595,442.3245194866101,451.90251675898367,4332473
2020-08-13,459.32073974609375,469.4151852410996,457.583550371455,457.583550371455,4549072
2020-08-14,456.0341491699219,466.59810313396775,451.52687360788593,464.43837289727537,2431513
2020-08-17,462.3255920410156,464.5322904255779,458.0061028182349,459.64938458129365,2230102
2020-08-18,469.64996337890625,477.913341021049,461.8561235097011,462.1847856224763,8890454
2020-08-19,474.4048767089844,481.7669869200965,467.85022954486584,474.8798515613142,5405921
2020-08-20,467.2802429199219,473.7874040416342,462.8629826953108,470.0826060787399,3081595
2020-08-21,468.7051696777344,478.8221280443083,466.42529622740506,471.6500195049014,3426420
2020-08-24,472.50494384765625,479.48707948062196,471.1750201533205,471.1750201533205,4042101
2020-08-25,467.47027587890625,475.49733383978224,465.6653771592526,474.07240922055587,3431181
2020-08-26,468.84765625,471.7450201883805,463.9079352735187,468.2777096301411,2839616
2020-08-27,471.88751220703125,474.97484872373553,467.8502259928795,468.37268673040995,2426413
2020-08-28,493.2613830566406,495.01876681425364,473.3599251918477,474.9748512822731,9809902
2020-08-31,480.62701416015625,508.12806681606946,475.92475202017977,497.7735929312858,10825186
2020-09-01,479.7720642089844,484.47432662226566,466.6627704964471,479.7245783220474,3980634
2020-09-02,475.7823181152344,480.6745533243565,468.0402337757307,479.7246036142293,4153159
2020-09-03,495.7312316894531,500.3860084485479,479.01214002881875,480.48455047944543,8589174
2020-09-04,483.0019226074219,491.931414741257,479.2970956923208,488.98659394846254,3768829
2020-09-07,469.70263671875,484.901831787944,466.235297151459,483.999367984645,5255102
2020-09-08,462.6255187988281,478.20468858252156,460.72561933764194,472.74247763161134,4844522
2020-09-09,469.797607421875,473.4549195250722,443.67399095641474,457.87575041279416,6078535
2020-09-10,466.4252624511719,472.9799090175247,460.7255647430109,472.9799090175247,4004621
2020-09-11,474.02490234375,475.92480175194135,463.6704563671398,467.94523003557043,3410700
2020-09-14,490.07904052734375,493.78380932047753,476.874717391505,482.5269293231863,5861874
2020-09-15,503.1883544921875,505.61071456760624,490.2215182350538,492.31141911632113,6222387
2020-09-16,502.0483703613281,506.5606310220969,495.8262119935958,503.52078066509335,3961765
2020-09-17,503.9957275390625,510.12291379806413,494.25874454757246,498.6760331943764,4036494
2020-09-18,510.407958984375,512.9728347542117,502.5708740089634,504.3283157310404,3868205
2020-09-21,505.563232421875,519.147501280167,495.7312184237066,510.1229792999995,4907451
2020-09-22,502.6658630371094,510.9779221860153,486.7066630869513,505.563197772949,4623271
2020-09-23,505.7532653808594,508.12813973373653,493.83134974515116,503.4733628099649,3647937
2020-09-24,479.8670959472656,499.15109268498435,477.0647616633508,499.15109268498435,4119459
2020-09-25,479.39208984375,488.0841234296911,475.68729196992496,483.47689077348565,4857500
2020-09-28,484.2843322753906,491.8364437807892,480.67453510976213,481.05450918138143,3786837
2020-09-29,468.420166015625,488.7490821982385,466.04529195246545,488.7490821982385,5023517
2020-09-30,477.72967529296875,480.6745250189832,466.94774091990564,469.27512916873064,4501371
2020-10-01,480.3420715332031,487.03923447300605,478.10968388660217,482.57445917980414,2462815
2020-10-05,481.7195129394531,484.6168480142239,476.96976429873706,483.9993864889638,2533219
2020-10-06,484.0468444824219,493.02388049207116,482.81192150307356,485.8517720540033,3662177
2020-10-07,485.28179931640625,498.628609700488,482.00446132778256,485.8517749218404,4997502
2020-10-08,483.90435791015625,493.83131460469303,481.14950965488356,488.22664631892303,2814293
2020-10-09,472.40997314453125,487.51419653247086,471.08004936557467,484.85431998439356,3712048
2020-10-12,481.7195129394531,482.85943521912594,468.46770263578935,474.879863300756,3332184
2020-10-13,481.14947509765625,489.7465074297927,478.8696018429059,482.3843979885156,3992135
2020-10-14,485.32928466796875,487.324184789702,470.51006389387493,476.25727683958644,3424208
2020-10-15,481.1969909667969,493.97382555066287,477.7296804893296,484.4743289054578,4927083
2020-10-16,443.5790100097656,465.4753383075557,435.31443628456617,465.4753383075557,22982744
2020-10-19,440.25421142578125,451.0361176069739,425.10250172358957,451.0361176069739,13195978
2020-10-20,433.1295471191406,444.29145531608356,431.22964785157586,440.7766300750239,7254934
2020-10-21,431.4671630859375,440.3016836537992,424.39002626177955,436.881858953601,6312534
2020-10-22,431.7521057128906,435.26693093082054,427.66733391057164,430.13717975002294,4495403
2020-10-23,428.3797912597656,435.55189927000083,427.4773275278089,435.55189927000083,3682002
2020-10-26,411.7081604003906,432.1795921497623,409.9032619165194,432.1795921497623,6279910
2020-10-27,416.6004638671875,419.3078265346092,407.860943296946,413.2281537487528,4881972
2020-10-28,428.1898193359375,431.7521306448888,415.60298604430983,418.31034843714554,7235494
2020-10-29,427.71484375,432.7970803399539,422.01514566560246,425.00748136187843,4598075
2020-10-30,430.5647277832031,434.60201425441903,424.10508102532407,429.2822898119602,3684166
2020-11-02,423.0600891113281,441.72659423079017,410.0457671045923,441.72659423079017,10356782
2020-11-03,396.176513671875,427.0023932572578,393.27917866185703,422.15764395397014,16512536
2020-11-04,381.2623291015625,394.89411349534896,379.0299414429009,394.89411349534896,19363947
2020-11-05,397.4589538574219,398.5989051083312,384.8721201685242,387.5319967572579,11470585
2020-11-06,401.25872802734375,406.5784518874552,396.888953821175,400.3562932501959,7614066
2020-11-09,405.3909912109375,409.42827700507104,402.9211164564942,405.24850456917676,4271081
2020-11-10,411.1382141113281,416.5529389387526,405.20102855062754,408.5733673432038,6424909
2020-11-11,413.89306640625,420.7802012407091,407.52839227351257,407.52839227351257,7504886
2020-11-12,408.0983581542969,415.8879275602963,403.8235849103416,414.9379779505285,5511536
2020-11-13,404.06109619140625,409.52330677036923,401.8287086784931,407.52840667393275,4644051
2020-11-14,407.7658996582031,409.5707982500378,406.5784625596061,409.5707982500378,643619
2020-11-17,408.1459045410156,412.7531666293883,406.8159806882291,409.8083166045402,5929010
2020-11-18,404.9635009765625,408.47832607607216,402.82611438662957,408.47832607607216,4415523
2020-11-19,395.654052734375,404.5835741769259,394.2766140639639,404.5835741769259,6331928
2020-11-20,399.3588562011719,401.258755639798,386.20204679065324,395.654058093884,12763134
2020-11-23,405.1060485839844,408.0033834829669,400.26129946636354,401.82871062466825,5172468
2020-11-24,406.0559997558594,409.9032843395745,405.1060500818395,406.578460480505,4538696
2020-11-25,397.64892578125,408.62083254592596,396.6989761396274,407.33839473170303,4753592
2020-11-26,399.5013122558594,401.16372413730244,393.42164031604307,397.6489278392061,3896795
2020-11-27,396.7939453125,404.203540331203,395.4639927279778,400.1187687934852,7024437
2020-12-01,411.375732421875,412.46819783920273,397.0790001143044,398.97889963638244,14928450
2020-12-02,419.83026123046875,424.62749538766474,415.5554877869688,420.5902093576925,14187495
2020-12-03,431.9895935058594,435.9318786656045,415.6029624163023,424.3899964788184,13251977
2020-12-04,432.8920593261719,439.8266800505586,429.8522089047036,435.9793956332222,7719922
2020-12-07,452.1285705566406,454.2659573780742,430.8496741200154,432.22711277878267,11443788
2020-12-08,449.13623046875,464.0504531486099,445.9539219965062,457.1633174570491,15624166
2020-12-09,467.9452209472656,470.22509439478335,451.3211014484602,451.3211014484602,13836059
2020-12-10,416.50543212890625,455.0258785157509,395.2740518322787,454.0759288737556,87279054
2020-12-11,413.2281188964844,433.9845256092027,407.7184222405969,433.17706256734914,50283569
2020-12-14,420.0202331542969,421.68264504656554,410.1882484505613,411.3281996298963,14595495
2020-12-15,426.33740234375,427.287352018304,415.1280077800787,421.0651932460409,9187569
2020-12-16,436.6443786621094,438.40179142468327,428.9022943190563,431.13468193691153,11503251
2020-12-17,432.6070556640625,443.05650159309863,430.5171838723525,438.3542683191296,7362825
2020-12-18,437.2618103027344,438.87673629642694,431.27713913112086,433.17703842244737,5402464
2020-12-21,415.4129638671875,437.68929440817186,396.12899786914306,436.9768321817885,7376210
2020-12-22,422.3951416015625,423.4875779929133,404.25109596245835,415.4130052887717,7910320
2020-12-23,429.32977294921875,430.042235214989,416.3629365200691,422.2526361798354,3488991
2020-12-24,426.9073791503906,433.7470284225322,425.57745540029737,432.13210237517103,4384445
2020-12-28,430.7071838378906,434.60198336664087,428.47479626737345,429.42474595779237,3146922
2020-12-29,431.9421691894531,436.02694157766547,423.1076189921459,431.7521676406295,3781566
2020-12-30,443.7214660644531,448.75618737228933,438.1642550800399,440.7766164924412,21753642
2020-12-31,443.009033203125,445.05141919006275,438.11679821390294,444.29147105218556,5429481
2021-01-01,445.8113708496094,452.7460208707124,443.4840115401236,446.3813464526014,7090451
2021-01-04,449.46868896484375,451.22610168522954,443.29401599441434,449.70617638678334,3615832
2021-01-05,447.66375732421875,448.8511943462989,443.0090099956969,445.52637068447444,3226777
2021-01-06,448.7562255859375,457.7807475972578,443.76898973757625,448.32876562160476,5947103
2021-01-07,458.3507080078125,462.15050662342134,450.7036248899649,452.1760352574482,7025121
2021-01-08,478.4421081542969,480.6744955025881,460.5355524743995,460.7255539896349,16114942
2021-01-11,472.5524597167969,483.4293656938571,468.610145521147,480.6745175376226,5666689
2021-01-12,476.3997802734375,480.199579119088,466.61530984195315,469.9876197214022,5008167
2021-01-13,467.09027099609375,480.4845383419746,460.1556209121029,476.8747411405617,4694033
2021-01-14,483.90435791015625,489.22408188008893,468.32518906191035,469.37013950085196,15231242
2021-01-15,496.39617919921875,501.47844462707485,485.8042463744067,486.32673607725457,19836600
2021-01-18,533.2067260742188,539.5714003148427,497.77361578341123,498.6760795454958,37175310
2021-01-19,535.7716674804688,542.3263440513521,525.9397106044761,532.9218181853599,15094630
2021-01-20,547.5034790039062,552.7282022832993,528.647000905864,534.8216738724195,10900743
2021-01-21,555.2930908203125,564.2701271667586,547.5034916101602,547.5034916101602,11759051
2021-01-22,538.5740356445312,562.845240759706,535.7716722168341,556.100620560457,10118222
2021-01-25,558.712890625,563.3201230769231,538.6214330263329,543.0862078238504,13563025
2021-01-27,545.5086059570312,571.0622756450161,540.5213701167623,558.7129297548265,15463821
2021-01-28,537.1491088867188,542.1363451777718,529.3120232864926,540.5214189731738,8146430
2021-01-29,532.5892944335938,547.1709983681138,529.1219550191656,541.3287848288242,9298672
2021-02-01,507.3680419921875,521.4273420082129,484.47428055420517,521.4273420082129,20250736
2021-02-02,537.9564819335938,540.0463827858222,513.9227670837815,513.9227670837815,13416792
2021-02-03,530.3093872070312,550.9233060174134,527.2220508730898,533.9666701335705,7268499
2021-02-04,520.619873046875,540.093840084883,517.057562003337,530.7368596026522,6751111
2021-02-05,509.6479797363281,526.1295827295204,508.22305528226565,526.1295827295204,6377789
2021-02-08,511.3578796386719,518.6725034630621,501.71592558043795,511.07290634272414,8511429
2021-02-09,511.64288330078125,528.1720312106561,508.74554832275965,512.4978612196924,9171011
2021-02-10,507.6531677246094,519.100050573933,505.80075412285765,515.8227123524232,4446858
2021-02-11,516.3450927734375,518.2924778546934,503.6632888230167,503.6632888230167,5684777
2021-02-12,508.9830627441406,519.907484832443,504.89829042892865,518.4825602122296,3043562
2021-02-15,510.55047607421875,516.7251491026084,507.7955987617291,512.9728362046752,2569470
2021-02-16,511.9753723144531,518.3400465263696,510.21793068456776,515.4901975938988,2976504
2021-02-17,512.0228271484375,515.4426224678755,499.0085062166894,499.0085062166894,2934589
2021-02-18,513.97021484375,528.7419193943248,505.3731826374295,509.5054401679941,6399026
2021-02-19,525.1321411132812,536.7215381345522,512.4978226966211,515.7751604989943,16693854
2021-02-22,512.7353515625,532.8742968373522,509.6955009205798,528.1720342172302,7702962
2021-02-23,538.051513671875,541.4713092751666,488.3216139002495,503.4733226593654,20867768
2021-02-24,526.224609375,538.6214404560993,518.6724982169845,519.6224478474186,7229614
2021-02-25,563.3201293945312,567.1199279064674,531.0218420430741,532.7317397773807,16764202
2021-02-26,533.4442138671875,559.9003463833704,527.6495441996865,555.7205447351131,11511171
2021-03-01,561.0403442382812,563.0352736617756,541.4714010080205,541.4714010080205,8570035
2021-03-02,559.9478149414062,578.3293168909045,551.1132950740531,572.8196206925795,10602015
2021-03-03,582.8890991210938,585.976435574024,559.7103617703677,565.9800064518798,8740632
2021-03-04,584.6465454101562,599.8457403748577,569.1148332674056,571.8697105468887,14124256
2021-03-05,561.9426879882812,585.0739961005881,556.6704791757701,584.6465071740982,7517590
2021-03-08,598.4208374023438,604.3580231492907,569.9698317069079,570.9197814264195,14163149
2021-03-09,593.6236572265625,605.7830031527242,580.6568191767394,602.268177272888,10566829
2021-03-10,590.2036743164062,599.0381939918467,581.844129440509,599.0381939918467,5583509
2021-03-12,589.2537841796875,601.2706710129008,583.3640844749492,595.2384556617893,4994965
2021-03-15,590.2511596679688,594.1459878089042,574.1970462460781,592.1035729805812,5438310
2021-03-16,589.206298828125,607.5403163612538,585.6914733575505,593.7660457719626,8396917
2021-03-17,578.7093505859375,595.4759274739912,574.7195503756938,592.4361349141165,4503677
2021-03-18,571.2046508789062,591.6285661345388,564.3175166647976,586.7363607568461,6154177
2021-03-19,594.1460571289062,597.4233952212361,556.860531048222,568.069926019088,8322870
2021-03-22,596.7108764648438,605.022935632457,586.7364054637079,593.6710260874805,6196079
2021-03-23,601.650634765625,611.7201366326138,589.9187788612411,591.3437034478625,5999369
2021-03-24,578.3768310546875,604.5479907418965,576.6194473644059,593.7185413554427,4832842
2021-03-25,565.8375854492188,587.3064263668995,561.8952708386915,582.3191902351952,10648953
2021-03-26,556.1005249023438,575.6694636767852,551.9207234260926,575.6694636767852,7778619
2021-03-30,596.5209350585938,602.8856097443944,561.4202814974982,567.1199797868129,14663780
2021-03-31,609.72509765625,621.267007922161,589.0636948698478,591.8185717668292,15862803
2021-04-01,620.8870239257812,624.0219039322676,603.2179848835261,608.8701964954281,7348750
2021-04-05,613.9049682617188,631.4790369856519,599.9881825395548,617.467279489543,9077724
2021-04-06,628.2491455078125,635.3737675162038,612.7174927216485,615.567341525005,7227685
2021-04-07,621.6946411132812,640.2186617039844,619.7472556728893,626.966850762261,4948757
2021-04-08,618.9871826171875,631.3365283438927,617.4672863352621,624.1169340342573,3926359
2021-04-09,603.1231079101562,623.1670240589444,599.1333074405421,623.1670240589444,4995747
2021-04-12,560.0427856445312,596.2359008752097,552.3957028163965,593.718511195611,5954644
2021-04-13,574.3395385742188,587.5438619789726,559.5203471392318,564.270095417154,10046450
2021-04-15,576.9519653320312,592.6736802930237,567.5000115750022,580.4193051589106,7395673
2021-04-16,581.1317138671875,587.8288474820149,571.8697045329741,579.4693019354056,3577455
2021-04-19,567.5474853515625,572.8196948272897,557.6204989446419,565.3150686681,3198847
2021-04-20,562.1327514648438,582.3191831820012,556.2905374463344,575.6695350869376,3403144
2021-04-22,561.990234375,568.9249137549368,552.7757684225479,559.5203882810019,3182229
2021-04-23,556.1005249023438,567.1674030709727,552.2056967130364,562.465140905271,3356598
2021-04-26,561.087890625,567.9750268967147,556.5756289297386,557.7155223421672,3162291
2021-04-27,567.5474853515625,574.90959585722,559.9004015191715,561.515269697438,4496811
2021-04-28,577.6168823242188,582.9841211246867,571.1097503097808,572.7721622238676,4983043
2021-04-29,584.9790649414062,589.9188154104753,579.2793662417881,582.699220249759,6257014
2021-04-30,576.5244140625,589.9186797338951,573.8170230146596,580.2291825769846,3072295
2021-05-03,586.87890625,588.7313197395583,566.3125302719822,575.1945366717266,3609311
2021-05-04,580.65673828125,613.3350302617242,577.6168877281294,589.9187476035277,13505599
2021-05-05,608.6327514648438,610.8176240605973,585.786474011675,590.5837081411247,11454883
2021-05-06,601.318115234375,608.9177122673528,595.2859582815784,608.632738974681,5545420
2021-05-07,597.8983764648438,609.725204084783,593.9560619379777,603.2180717003051,3675295
2021-05-10,640.8359985351562,646.2982089189866,603.7404770027739,603.8829926396991,16727737
2021-05-11,650.0979614257812,653.992789429336,634.4713374703506,639.3160570583078,14135052
2021-05-12,657.0326538085938,667.387069499284,646.5356645076708,657.3176270880952,10562440
2021-05-14,706.0975952148438,726.1415685254543,669.7620194573875,674.4642820338297,57232233
2021-05-17,732.1737060546875,745.7104888134021,714.4096356805195,719.111898129612,28018670
2021-05-18,730.8912963867188,739.0608403241353,721.1543123078982,737.6359158247956,10306166
2021-05-19,743.0031127929688,764.9944115395949,727.2339144333705,734.3110506443124,17761845
2021-05-20,729.0863647460938,757.4898827993424,724.8115912720124,747.0404365293657,8495432
2021-05-21,740.8182373046875,746.6604510489187,725.049095754564,736.211004532967,8097156
2021-05-24,749.8427734375,754.2125768511437,734.9760954021666,742.813180436935,5586202
2021-05-25,756.7774047851562,765.659410737437,749.9852416590652,755.2099646851891,7350432
2021-05-26,771.9290771484375,774.9214417952478,751.8851623425543,755.2099861810874,7822821
2021-05-27,778.72119140625,784.1834016539914,769.0791796898471,775.206366259465,10004617
2021-05-28,771.0741577148438,783.1860159913183,768.5092820131721,777.4863179788597,4829944
2021-05-31,774.3038940429688,780.7160538286845,767.7967624895934,771.074100198357,3857904
2021-06-01,774.9689331054688,785.0384344465408,767.8917964321462,777.0588339860933,4414474
2021-06-02,795.6777954101562,798.7651317406928,769.934183353812,774.2089567345549,7228801
2021-06-03,798.1952514648438,802.7075126305183,786.558367405999,800.760127302451,6863737
2021-06-04,794.3954467773438,803.039965965689,790.4531322798298,793.2080096371684,4116012
2021-06-07,807.9322509765625,819.0941603815885,792.4480818660819,798.907728478882,4774564
2021-06-08,810.8295288085938,821.4214908156877,798.1477239128535,807.8372221378538,4214138
2021-06-09,803.2299194335938,819.7590666277536,796.6753016002947,812.2069552721405,5068262
2021-06-10,796.7227783203125,811.0669947580097,795.1078523288364,806.5072480611495,4012050
2021-06-11,793.3504028320312,802.4224095866361,788.4581393775006,800.7599978469848,2633076
2021-06-14,792.8280029296875,796.24785666593,774.3990133867521,796.24785666593,2361786
2021-06-15,799.6676025390625,803.3249434741099,788.8382113339808,792.4480084023413,3093053
2021-06-16,796.2478637695312,811.779518438335,794.3004784472536,801.6625887483086,4555364
2021-06-17,793.2554931640625,805.5573534957053,787.1758498126696,793.0654916261345,3684099
2021-06-18,767.559326171875,797.245253081369,751.2676662918144,797.0077656660931,8145772
2021-06-21,733.5512084960938,759.9597999482284,729.8463812792136,759.9597999482284,10319132
2021-06-22,762.3345947265625,766.1343933295609,737.7308755800175,740.0107779339467,8773658
2021-06-23,763.7595825195312,770.3617447356355,753.4051072758284,768.5093311670408,5498823
2021-06-24,772.736572265625,774.6364716095787,756.7298855046192,768.5092846292628,3569898
2021-06-25,764.8519897460938,773.2590210208361,761.7171094928298,768.5092727344673,2566357
2021-06-28,768.604248046875,771.9290718626413,761.1946522820896,764.7094776262506,2499662
2021-06-29,765.0894775390625,777.0113341476832,759.2947498386293,769.4592227725541,2509072
2021-06-30,753.1675415039062,770.4091504931388,751.0301548348439,769.4592008624445,2180444
2021-07-01,751.8851928710938,758.5823267074237,747.0879584482094,756.1599665513463,1933865
2021-07-02,759.3422241210938,766.229359034487,749.5102685058279,751.8851426138946,2511086
2021-07-05,767.1793212890625,770.1242000196697,758.1073136431819,761.3846515622537,1812638
2021-07-06,763.0946044921875,775.158977627306,761.289734798165,767.5593798074303,3097194
2021-07-07,776.0138549804688,780.3835999683206,761.8595826836191,764.6144597283447,4641521
2021-07-08,773.3540649414062,783.4710529273259,766.9419041566115,772.6891465035443,2536653
2021-07-09,773.781494140625,781.8085804693342,767.6543071569203,771.3591340718096,2662681
2021-07-12,780.3361206054688,790.0731041313637,775.1113977379154,778.9586820715946,4414998
2021-07-13,790.3106079101562,792.0679915371636,781.9035188790629,787.4132731287249,2610471
2021-07-14,787.8046264648438,795.1565320774907,786.1228233586363,791.312410691874,2456567
2021-07-15,803.6616821289062,806.5928131545205,787.3241651229972,789.726741153278,3435337
2021-07-16,804.9110107421875,819.1823475703814,798.4240554539107,810.1486382247912,3907867
2021-07-19,800.7785034179688,815.9147307553021,790.2552098235434,802.364226887391,4744590
2021-07-20,782.5189819335938,804.8629381263553,772.4281630078304,802.8928375912245,3280049
2021-07-22,795.7332153320312,797.1747610119805,784.2008498924365,786.0748710076995,2978752
2021-07-23,787.7566528320312,795.3487580122018,784.200828520402,795.2526784321478,2212963
2021-07-26,787.9968872070312,794.5318821873743,775.2151946346496,787.0838965968667,2449095
2021-07-27,781.0774536132812,793.47476917266,774.7346764683118,788.0449239777183,1721268
2021-07-28,782.9034423828125,786.7475640002932,765.8931924941323,786.7475640002932,3172824
2021-07-29,787.7566528320312,790.8800017201334,778.434645957752,790.8800017201334,1839368
2021-07-30,777.0410766601562,801.9798259386472,755.5140320446412,789.24617381919,7703034
2021-08-02,760.2230834960938,779.0593144633635,754.4569011165166,777.0411154365272,6205784
2021-08-03,759.7426147460938,764.0192120037328,750.1803499840264,764.0192120037328,3265559
2021-08-04,754.4088745117188,767.7191222745237,749.892019837454,761.8088204261555,2722366
2021-08-05,746.9608764648438,759.2140140330995,741.9154668779149,759.2140140330995,2264430
2021-08-06,747.0088500976562,760.8477100588789,745.3750868352481,749.507564103879,1788211
2021-08-09,747.7777099609375,753.8322482377056,740.1856052062685,750.3725037000326,1517468
2021-08-10,741.0504760742188,756.3308820328357,732.785638564215,749.9400067715551,2331179
2021-08-11,743.6453247070312,751.4297062762433,727.5000254378886,741.9154816883091,3147475
2021-08-12,746.8167114257812,755.0335683926543,741.963519565311,742.876510190146,2248810
2021-08-13,748.73876953125,753.7361393983354,740.5700110401087,747.6816595421118,2549137
2021-08-16,742.6842651367188,753.9283323019961,739.9933918069305,749.6036955966309,1711689
2021-08-17,731.1038818359375,747.2491809358203,716.7364655256448,745.4712981462302,2895739
2021-08-18,732.497314453125,736.4375152638368,724.136339019778,734.7557122203269,1846331
2021-08-20,699.8704223632812,728.2688603138406,693.9600616571852,721.7338650117737,4257864
2021-08-23,690.932861328125,708.808004431293,686.6562640474453,703.47429710669,2573379
2021-08-24,702.5612182617188,704.2430213565657,689.0587537172753,693.7678258455014,1771956
2021-08-25,697.80419921875,709.1924454563599,693.3354427373911,702.5613117657696,1895556
2021-08-26,691.6055908203125,701.3600147504561,689.0588366503697,696.7470802950043,1538567
2021-08-27,700.8314208984375,714.4300245540495,694.3925054715049,696.6990018997509,4292477
2021-08-30,711.594970703125,715.5351718765473,701.5521913017918,704.3872427102983,2358153
2021-08-31,712.36376953125,718.2260313895259,706.7898050557903,714.0455726970911,3074791
2021-09-01,719.4754638671875,723.1754076062365,710.970309261487,716.1118573201817,2051308
2021-09-02,723.9921875,728.3649224984234,716.9286379214715,722.694819995907,3029716
2021-09-03,723.463623046875,730.3830531767186,717.9857384167223,726.8752689981494,1679831
2021-09-06,726.2986450195312,729.4219934764462,720.2441658959152,725.5778722987047,1427518
2021-09-07,722.742919921875,730.3350837476198,716.928697577674,727.5000322604548,1377576
2021-09-08,732.30517578125,742.3959951325664,718.2741551935047,724.1364172587557,4079877
2021-09-09,728.3649291992188,732.3051301903437,724.7129669265025,731.9687930288956,1174804
2021-09-13,726.5389404296875,737.7830071914743,722.3584818938382,724.61687974072,2724206
2021-09-14,723.1753540039062,735.0440556202517,721.7338084477523,731.248032581024,1932973
2021-09-15,732.4012451171875,733.8427907186436,723.271456307965,727.3077957233704,1374264
2021-09-16,724.6168823242188,739.7531103038029,723.7519315484446,733.2661554554097,2065099
2021-09-17,713.4208984375,729.4220781601922,707.414458399949,729.4220781601922,3348764
2021-09-20,678.10302734375,709.2404357924147,673.6823109627137,709.2404357924147,3082145
2021-09-21,693.7197875976562,699.534068583945,672.7212963111715,678.103043219004,4222370
2021-09-22,696.65087890625,697.8521667656851,685.9353677374355,692.902837322159,1913723
2021-09-23,698.52490234375,703.474232221626,694.8729986619054,696.8430991929469,1337563
2021-09-24,690.6444702148438,703.3781220891449,685.7431803371686,699.6300803389602,1372681
2021-09-27,697.5639038085938,708.2794164068492,688.3380352800621,694.7769507969073,2611791
2021-09-28,688.8665771484375,704.3392017410883,682.5718397765813,699.630129331012,2577784
2021-09-29,689.2029418945312,694.7288664305185,681.3705210460854,684.1575325355863,2160616
2021-09-30,680.1212158203125,691.8457982594059,678.6316304535227,689.2029646982293,2487764
2021-10-01,684.8783569335938,686.2237643367589,671.0394953288173,679.448511561008,1947637
2021-10-04,675.5563354492188,691.8458125579112,666.9551015864799,685.3107588735379,7682864
2021-10-05,686.8003540039062,691.5574072481612,673.2497910541953,677.5263877864442,3780191
2021-10-06,698.9573974609375,715.4390922664335,687.6172504840727,688.0977656835724,7773811
2021-10-07,699.1495971679688,707.3183553479381,694.8249604844555,706.6456223547304,2233111
2021-10-08,709.240478515625,718.3222280816051,697.9483706259791,699.6782137202982,3181166
2021-10-11,713.5170288085938,725.0013537651536,711.1624926084943,711.1624926084943,3023541
2021-10-12,715.294921875,720.6767273607963,709.2884818171744,713.5170390805401,1837397
2021-10-13,718.3221435546875,724.8571381734822,712.7481792814989,715.294874503373,1573332
2021-10-14,718.7066040039062,729.4221170650826,716.2079482776717,723.6559343214851,2144296
2021-10-18,721.8298950195312,732.3051496251185,716.1598509710108,720.0039724913526,2620289
2021-10-19,705.1080322265625,730.2870410097855,700.2067418812543,725.5779684801714,1498436
2021-10-20,688.0016479492188,706.261224517517,683.5328333790592,705.1079763713497,1568362
2021-10-21,689.4912719726562,695.209414582005,678.7757595537092,694.873018748137,1625612
2021-10-22,676.9017333984375,694.3444584824875,672.0005018600407,686.4159577454902,1375825
2021-10-25,668.2044677734375,680.4095663589452,659.5071538330877,676.5654445151093,1746556
2021-10-26,685.4549560546875,688.5302651703482,666.570684591365,667.9161506596674,1475209
2021-10-27,712.6040649414062,718.8507627460174,684.2536672127866,686.6562432914832,4677615
2021-10-28,701.4561157226562,719.0429603940654,697.5638956590328,714.0455905592272,2875850
2021-10-29,711.354736328125,716.9287010932318,688.6263431860378,707.222317208648,3448037
2021-11-01,691.9898681640625,715.9675863093747,672.7212220356541,715.9675863093747,5953165
2021-11-02,692.2301635742188,698.092484023462,683.2925928671991,692.7106787590761,1852304
2021-11-03,708.3274536132812,727.0195068627597,692.2301942081904,692.2301942081904,6580294
2021-11-04,708.9520874023438,715.9675970921883,702.6092520193572,715.9675970921883,390092
2021-11-08,713.7092895507812,715.0066571999785,702.5132613080434,711.1625353870753,1227750
2021-11-09,717.2650756835938,724.0403874966721,713.7093098309359,715.6794105847007,1622626
2021-11-10,741.2427368164062,743.8375306313321,712.2196069648376,717.168936994356,6430811
2021-11-11,734.9000244140625,747.6336783542301,730.8636846413217,743.8375962030019,3322415
2021-11-12,739.5609130859375,744.5102429780765,735.2362763999812,739.9933884858609,1608464
2021-11-15,753.495849609375,760.5594580204415,740.3297218135518,740.9544150164936,5069793
2021-11-16,749.6517333984375,763.0581188808842,746.816682056658,755.3698758694899,2830062
2021-11-17,726.1546020507812,746.7206776388861,723.3676488726283,746.7206776388861,2998582
2021-11-18,712.5559692382812,732.2090517512087,711.1624634906544,726.154513582667,2120918
2021-11-22,688.5783081054688,717.9858160147967,679.2082613447872,714.0456146857827,2041278
2021-11-23,696.9872436523438,700.6391471583538,677.7666371400419,682.3315311867136,1772081
2021-11-24,693.57568359375,707.4144868018963,688.2419763575901,697.7081027741692,1312705
2021-11-25,698.9573974609375,709.0962564390531,693.623690477819,696.7950790631888,4133359
2021-11-26,676.3731689453125,697.7080550884355,673.6822956156932,697.7080550884355,2482446
2021-11-29,662.4862670898438,682.5718254368793,652.7798837423446,676.5653855791102,2997007
2021-11-30,655.1343994140625,675.3640764911868,652.1071303577437,662.1499092172575,2524084
2021-12-01,663.5914916992188,666.7148405015685,654.9902578814199,660.7084004970498,1355645
2021-12-02,670.991455078125,673.1537735363465,660.4681601834517,664.5525394934257,1673311
2021-12-03,684.974365234375,689.7795168670258,672.4809709894829,672.8173081411139,3981290
2021-12-06,688.6263427734375,704.4353050757009,677.526453040067,684.9263990811949,4551735
2021-12-07,698.6210327148438,702.2248965688752,689.0587688908192,691.9418599740444,1467958
2021-12-08,699.7261962890625,706.9820225841385,697.6600161658284,698.7651659089612,1827973
2021-12-09,713.2767333984375,715.0065762871596,699.197615389268,699.7261703474002,2396147
2021-12-10,708.7119140625,718.5144363420393,706.2131997091661,713.0365510690635,1084590
2021-12-13,711.5469360351562,722.5987857036918,706.8378635832977,710.6819852071362,2203948
2021-12-14,717.937744140625,719.2832101549453,705.0118736093802,705.0118736093802,1561018
2021-12-15,711.1144409179688,726.2506693924462,707.5586167831128,717.841653573292,3260708
2021-12-16,705.3002319335938,718.2741422951657,700.4469815026563,711.1624938935737,1028360
2021-12-17,687.7133178710938,703.6184176179167,685.7432173193945,700.591148452073,2810650
2021-12-20,680.69775390625,687.7132634076695,666.2822993184149,676.0848201694697,2338685
2021-12-21,705.0599975585938,708.8560208270765,684.8783585535986,688.7224802688357,1660409
2021-12-22,724.9052124023438,727.5000061900962,706.3573375821937,706.3573375821937,3623916
2021-12-23,725.337646484375,729.422025414562,719.4753848942908,729.422025414562,1539991
2021-12-24,717.74560546875,729.4221495065129,710.2976190936835,729.4221495065129,1276729
2021-12-27,727.1156005859375,730.3831275137877,711.4027765027387,717.5533947234065,1315245
2021-12-28,732.0648803710938,735.1882290566284,727.6922039426729,734.1311191180259,1955283
2021-12-29,728.7974243164062,737.783094292135,725.19356009913,729.4221175767252,1192837
2021-12-30,717.5532836914062,730.7193516326821,715.8714806974997,725.5778630853927,1686223
2021-12-31,717.9857788085938,727.5960826805151,716.4961934397738,718.8507296197226,1131359
2022-01-03,734.4194946289062,737.0142886211923,720.7728502658766,723.6559416669402,1157591
2022-01-04,732.0648803710938,739.1765285331204,726.0584405912193,739.1765285331204,1247395
2022-01-05,734.7076416015625,739.8491300847151,727.884350145483,729.4219751152203,1156604
2022-01-06,752.2465209960938,756.330900062505,729.8545251398023,736.1492623225906,5436867
2022-01-07,758.2048950195312,759.886698106868,746.2880953951759,751.5257224556378,2052552
2022-01-10,789.58251953125,792.8500462146687,760.8477469896952,761.2321239393316,7424271
2022-01-11,787.6124267578125,795.7331451028102,784.2007806810304,789.7747450868962,2004689
2022-01-12,790.3514404296875,792.9461756369262,780.7411362350495,789.1020539590711,2242638
2022-01-13,808.2265014648438,811.9745431863719,791.0240352242813,791.0240352242813,4410699
2022-01-14,792.513671875,803.4693822602351,786.1227968244697,803.4213424758639,3690548
2022-01-17,792.6098022460938,798.3279447120251,783.9124890785708,793.2825352403162,2569165
2022-01-18,767.9594116210938,792.8501238194154,764.8360626484719,789.5345570248418,2820426
2022-01-19,781.5579223632812,783.2397254547485,758.4451544661587,766.9022097090666,2193951
2022-01-20,776.9450073242188,790.9279873498044,772.6684104851066,788.0448962659048,1950781
2022-01-21,756.2348022460938,773.4852500204443,749.699748972166,769.785306653367,1449766
2022-01-24,732.8817138671875,755.369847287249,726.0584219154155,746.4322768560172,1663579
2022-01-25,760.3192138671875,764.1633354138198,717.0247480229297,725.0974267335133,2981161
2022-01-27,741.8673706054688,763.8749298388695,735.1881981199797,763.8749298388695,2436411
2022-01-28,759.4542236328125,775.0709666053316,747.2491266245011,747.6816020073751,4007799
2022-01-31,746.2400512695312,781.0293609480021,744.7985057744838,772.4281277628921,5138792
2022-02-01,754.4088745117188,764.5957734310039,737.0142474920032,754.4088745117188,3693825
2022-02-02,755.3218994140625,768.4399299581883,751.5258173775657,755.946534017129,1771793
2022-02-03,743.3569946289062,760.1750261815964,740.9544186928077,758.2049256453234,1493402
2022-02-04,737.302490234375,746.5283580564299,735.1882117503017,743.4530492301992,992052
2022-02-07,727.1156005859375,744.7025043974387,721.0130808121306,734.4194670550609,1255955
2022-02-08,729.085693359375,734.1791424472035,715.1026549399675,727.4999698303792,2063533
2022-02-09,740.473876953125,742.3478978474096,730.383058383355,734.7076949132564,1342782
2022-02-10,740.0894775390625,748.5946316576864,738.0232974010718,744.7985498978468,2561635
2022-02-11,723.84814453125,737.062313179682,720.7728353690135,736.0051444938213,1621795
2022-02-14,693.57568359375,719.859842790698,688.0977983282439,715.2949481788836,1950243
2022-02-15,715.6793212890625,717.8416396004696,688.241916224535,696.8430910268218,1467359
2022-02-16,707.1261596679688,720.7728031387234,703.7625532533214,720.7728031387234,1398493
2022-02-17,698.7171630859375,713.7573127928559,697.4678352570398,708.279427605151,1174134
2022-02-18,696.6990356445312,707.5106281943947,690.9808927423859,699.6301667822767,1973922
2022-02-21,676.7095336914062,696.6509131378972,674.4991169961245,696.6509131378972,2577455
2022-02-22,666.3303833007812,668.5888398633289,649.8967874432452,662.1499246556688,2841052
2022-02-23,661.1889038085938,675.2680223886855,658.1616346380933,672.7693081977507,2713053
2022-02-24,607.6595458984375,648.455300507172,597.7609439280636,646.773497208339,5453651
2022-02-25,629.1866455078125,637.9800389056315,619.5283012448634,630.6281911786002,3890925
2022-02-28,639.5177001953125,642.8813066415128,618.9996656795062,625.6307989932433,3060915
2022-03-02,662.678466796875,669.838154643111,633.7995164808202,637.7878159001021,8499711
2022-03-03,685.9354248046875,696.3625808294308,662.1018834219609,680.3134206174552,9676442
2022-03-04,685.9354248046875,707.2222709075164,677.3341912842152,684.2536216615587,10189495
2022-03-07,703.378173828125,706.3573446080333,659.0265973672908,682.3796243760651,6969575
2022-03-08,695.9782104492188,712.0754692569026,680.0250710040381,701.936610515331,4117923
2022-03-09,696.9392700195312,706.1651385584835,684.9263898091031,703.9547803310929,2888800
2022-03-10,695.9782104492188,713.4689750342687,691.9418711362626,703.0417602544123,4218131
2022-03-11,697.1795043945312,700.5911505292925,688.2899733350032,695.6418205848453,2559363
2022-03-14,702.27294921875,704.9638225477197,692.0379522231765,699.6301156773862,2845328
2022-03-15,712.1235961914062,716.9287486623334,700.1587548074683,701.5522607553664,4051465
2022-03-16,723.1273803710938,727.163720028912,714.9105816806405,720.7248042243739,2879590
2022-03-17,731.9207153320312,734.7077269019672,725.1454628715228,729.4220598019531,2297497
2022-03-21,745.6635131835938,747.4413959665667,730.3831063125564,739.9934103429847,3221656
2022-03-22,750.5166625976562,756.3308844763438,741.0024386822492,744.7985202911899,2788207
2022-03-23,763.0101318359375,765.3646681522605,749.6037454267837,750.084260648211,2365083
2022-03-24,767.9594116210938,770.6022453671585,758.3010672986225,764.0192102259821,2117672
2022-03-25,767.4307250976562,782.7591699295056,760.7515528617131,775.5514427662504,4762541
2022-03-28,750.3245239257812,766.8542593990549,747.6816901879704,764.0672476310694,2207764
2022-03-29,751.5257568359375,759.5984354871123,748.690705484832,751.0452416461446,1636109
2022-03-30,745.9037475585938,754.8893580845963,743.8375087937334,751.5257517786815,1113587
2022-03-31,739.6090087890625,748.5946786654207,735.1882921940822,748.2102430238383,1874608
2022-04-01,751.0933837890625,752.9674050159646,740.4740083788139,740.4740083788139,1467955
2022-04-04,753.7841796875,759.2140249743401,748.6907302386206,750.997226688541,1111794
2022-04-05,762.6256713867188,769.4490225029997,759.502322549048,761.0880461908297,2326745
2022-04-06,773.9177856445312,780.1644833757408,761.2321723667465,765.1724322834946,2880663
2022-04-07,772.0437622070312,777.4736075269528,759.6465050189425,765.9412425203725,2227078
2022-04-08,778.1943359375,787.5643819707086,774.2541349143959,774.5904720785736,3285707
2022-04-11,787.9007568359375,791.8890564933114,778.5788088001034,779.3956611845578,3167295
2022-04-12,774.254150390625,785.7865149697047,769.3048204627808,785.7865149697047,3123878
2022-04-13,786.74755859375,803.8538879426558,773.6294702015886,774.2541634227927,4974212
2022-04-18,773.7736206054688,785.8345399356108,761.4243452409769,781.9423786949104,3037877
2022-04-19,773.5333251953125,791.7929012083831,768.8242531819191,775.5514653972608,2907063
2022-04-20,793.09033203125,794.676055642772,775.5995671427347,777.9541033375303,3042831
2022-04-21,796.83837890625,801.1630157023619,789.0059576906356,798.6162616819953,2691988
2022-04-22,784.7293701171875,796.5981308831877,779.6839604610676,796.5981308831877,3147260
2022-04-25,771.7554931640625,777.4255962965822,760.6556031687967,773.6295142778033,2050099
2022-04-26,780.6929931640625,787.3721659288803,775.647583750275,782.278716728194,2022477
2022-04-27,767.2866821289062,778.5787891420932,763.2503427843541,778.338531546068,1627577
2022-04-28,792.1773681640625,794.772162044751,772.9087198603277,782.5190241172171,4606626
2022-04-29,790.8319091796875,801.4993227463906,784.5371133766923,799.57726202038,3236877
2022-05-02,797.8954467773438,805.0551346044149,781.0293758938656,783.7682889242133,3855822
2022-05-04,792.0812377929688,814.9537487263669,785.1137676535039,798.5201529635259,4888165
2022-05-05,791.1682739257812,808.6109990850703,787.179974317614,798.0396647234746,2630497
2022-05-06,756.1867065429688,783.2397343262164,749.075117155339,783.2397343262164,3256336
2022-05-09,747.2972412109375,775.2152222138852,738.5999275239326,741.9154942489905,6800255
2022-05-10,759.021728515625,769.4489425924619,748.2101375080557,761.1360069328767,4027939
2022-05-11,761.2802124023438,781.0293742905461,752.2945434690619,769.7853075057637,3654568
2022-05-12,735.1402587890625,758.4932871302913,723.655933112587,751.5258163267504,2998405
2022-05-13,751.0933837890625,764.0192558872901,742.0116337330351,743.8376151657391,3062695
2022-05-16,770.9866333007812,775.0710124737676,744.8465948623405,754.1205616236597,3267900
2022-05-17,785.4981689453125,787.7566255648288,767.5749872941158,776.5125582255321,1844532
2022-05-18,789.1019897460938,794.7720922221838,777.7138036648153,785.1617888095818,1792368
2022-05-19,782.2787475585938,784.5371455415918,771.7074131321262,776.3203473323475,1801424
2022-05-20,776.7528076171875,795.7331576950588,772.1879132946615,786.122853858162,2235524
2022-05-23,760.415283203125,783.5760917470354,758.012707268834,778.4346027103081,3341478
2022-05-24,761.6646118164062,767.6710516589062,753.1114766746698,758.2529657171941,1695450
2022-05-25,734.2271728515625,766.9022041041189,728.8454264608548,763.5385979457675,1484158
2022-05-26,718.3221435546875,736.1492447343552,704.4832831153032,734.2271840431428,2577097
2022-05-27,727.1156005859375,732.977921408652,717.5533947234065,724.6169449281525,1529970
2022-05-30,752.0543823242188,757.0997922900888,730.719494165782,730.719494165782,1735999
2022-05-31,749.2192993164062,760.3672874917117,744.7985828037122,752.0063110243933,1981316
2022-06-01,749.3634033203125,753.832217838356,742.4920129660385,742.4920129660385,1136166
2022-06-02,745.1348876953125,756.7633905813212,739.0323681956248,744.7985505222488,1662461
2022-06-03,739.6570434570312,752.3906957859151,736.6778141332716,752.3906957859151,1175685
2022-06-06,748.6427001953125,750.564761043054,734.7557988390517,741.8674474383522,891806
2022-06-07,717.1209106445312,749.4115092717749,713.1806507312428,748.1621814579582,2074139
2022-06-08,706.5015258789062,719.5234761386549,701.5521958292354,716.9286823131639,2112443
2022-06-09,718.177978515625,721.733802589939,698.3807765011129,705.5885042233826,2312524
2022-06-10,705.78076171875,711.114468801857,704.0028202532866,709.2404477573486,1103946
2022-06-13,698.0924682617188,703.8586503498167,691.5093751838244,697.7080326598572,1517285
2022-06-14,687.8095092773438,703.4262541915854,684.4939424719145,693.767909837491,1590761
2022-06-15,684.3978881835938,695.4016403891546,679.4965974815294,693.3834998190757,1108371
2022-06-16,657.0084228515625,697.2275195738351,652.9240438602616,693.9599929181394,1733865
2022-06-17,639.2293701171875,660.9005930954136,633.5592675065778,656.7681742612831,2607500
2022-06-20,615.491943359375,645.7644015470297,605.9777187520268,641.9683196620114,2523321
2022-06-21,628.7061767578125,631.3490106829468,617.2218503336269,617.2218503336269,1316846
2022-06-22,589.7363891601562,626.5438455396624,587.1896348752074,624.8620421664518,4180495
2022-06-23,608.5244750976562,610.879011363488,583.8259815145991,589.1116488369535,3857527
2022-06-24,615.8762817382812,620.1048387780359,606.4581959569784,608.3322168872478,1901670
2022-06-27,631.4930419921875,640.5267510662808,618.9996469976464,622.7476889586646,2442598
2022-06-28,630.4359130859375,639.5657014614198,622.4113330817213,625.7268408822441,2692035
2022-06-29,619.2880249023438,628.4658536641082,616.5490530167027,626.6398724070142,2371912
2022-06-30,607.7556762695312,620.585409234723,605.5933577704556,619.8646364016978,3792264
2022-07-01,618.4230346679688,620.8256105602297,597.7128422080069,605.4491248497596,3575548
2022-07-04,628.9943237304688,632.1657119507241,611.2633031789325,618.3269109923458,3002770
2022-07-05,630.8203735351562,645.4760870308991,629.0904719021498,633.3190290947251,2721295
2022-07-06,636.6826782226562,638.26840194051,627.1684532288223,630.3399006645298,1674576
2022-07-07,656.1435546875,657.9695360467617,638.5567087831186,641.0073247551263,3320190
2022-07-08,663.3512573242188,665.3213579833497,654.7019834148845,658.3058475437738,3024014
2022-07-11,663.8797607421875,667.9160999842111,656.6239932578593,661.6213628595724,1822281
2022-07-12,653.69287109375,664.5044627841752,649.8967893911173,660.2278658953014,1083141
2022-07-13,653.0201416015625,659.5070966505847,650.6175656574802,657.0084411313948,1152719
2022-07-14,644.0345458984375,658.3058238730287,640.622841053783,653.7889692625716,1460677
2022-07-15,643.2656860351562,650.0890371885563,637.2112061405247,646.2449155212802,1143520
2022-07-18,658.3538818359375,660.948675718396,648.6955377825042,650.5695588452044,1868531
2022-07-19,657.6810302734375,660.9485565967649,650.8096991574683,653.4525323536022,1909300
2022-07-20,659.507080078125,670.3186715548155,658.4499701519482,665.9940349641394,1624888
2022-07-21,677.5264282226562,679.4004492235364,658.786335527136,661.0928319369331,2747265
2022-07-22,696.7470092773438,702.1768542605741,681.370523555361,683.2445444840553,5783131
2022-07-25,705.3482666015625,708.9521305647254,695.6899229116141,696.8431124545142,2179454
2022-07-26,698.04443359375,710.6820072874139,695.8340753226971,705.3483000999524,1501349
2022-07-27,702.7603759765625,704.1238484223646,689.5154698243903,696.3327131701117,1463655
2022-07-28,708.7012329101562,711.7202743872646,700.6179410545245,706.9482391672658,1335287
2022-07-29,721.7512817382812,725.5494840218998,712.8888889986989,717.758348623007,1518704
2022-08-01,747.3159790039062,760.0253167589406,724.6243080033493,733.340653018526,7797234
2022-08-02,720.2904663085938,746.1960279825977,710.9411273150819,746.1960279825977,5611299
2022-08-03,712.255859375,724.9651969743005,706.0716692212386,720.5826831653411,3058290
2022-08-04,712.6454467773438,721.6052647611317,702.5656886966126,719.1218521338724,1781136
2022-08-05,724.0400390625,730.4190199483855,711.9150714430264,715.8106395494178,1828490
2022-08-08,729.5912475585938,731.9285527960603,717.3201721556959,723.9913683131208,1589806
2022-08-10,745.3194580078125,747.3646666595779,732.3667076465416,737.2361671388724,3248773
2022-08-11,747.4620971679688,753.9871853442795,740.4987457108517,749.2637735603784,2071502
2022-08-12,768.3034057617188,769.3746631616133,747.9490396305304,747.9490396305304,3744532
2022-08-16,767.9624633789062,783.2525784461025,765.5764162811361,769.3746185544557,2269603
2022-08-17,769.8616333007812,772.9780996186655,763.3852276627038,766.4530112684565,982454
2022-08-18,753.7437133789062,770.8355058205196,752.8185041051947,768.4007758589893,2239104
2022-08-19,748.1925659179688,759.1975341726554,744.0535247137366,753.7437624802108,1693235
2022-08-22,725.25732421875,743.0308517466541,723.7478036321064,740.4013316761145,1749489
2022-08-23,739.7196044921875,742.1056516120778,717.7583533308417,717.7583533308417,1594035
2022-08-24,739.9144287109375,743.7613139041811,733.3406578734267,740.3526919884347,1245022
2022-08-25,742.7387084960938,757.6879259315814,738.5022429110514,742.5926009290885,2516409
2022-08-26,740.1578979492188,758.6618453979493,738.3562215795545,746.4881957606266,3643595
2022-08-29,730.8572387695312,736.311010009908,720.095744418888,730.4189754959041,1406170
2022-08-30,749.1664428710938,749.9942273185999,732.0259669473564,734.558062444618,3414234
2022-09-01,736.7006225585938,746.6343329449564,731.6850549324365,744.1021780549771,2440603
2022-09-02,726.32861328125,742.2030403715529,724.867775338431,740.4013640187354,2098827
2022-09-05,727.3511962890625,734.0710746797054,720.6800600503907,721.9947904373366,1963379
2022-09-06,718.8296508789062,732.318090546036,716.6871360636549,730.1268335781793,1799028
2022-09-07,721.7512817382812,723.6017001721766,714.8366728484222,716.8331394060593,1874233
2022-09-08,718.245361328125,728.1303890606912,714.8367392743644,725.4034438643616,1993343
2022-09-09,722.6278686523438,737.090141168793,720.7774500637704,722.6278686523438,2659280
2022-09-12,736.6031494140625,739.0866214291192,724.6242903692977,726.2312358564935,2224393
2022-09-13,735.9701538085938,747.9490128288514,733.6814720757047,739.1839853347633,2541324
2022-09-14,728.7633666992188,740.3040224848321,724.3808527293618,728.4712109895582,2044162
2022-09-15,723.2120971679688,736.6518528670365,721.6538939132348,730.4189209648125,1449814
2022-09-16,685.03564453125,733.5841361009313,680.7504960299383,726.8642576424311,6546670
2022-09-19,693.654541015625,699.7900484090062,677.8774795457538,688.4929255717216,2189179
2022-09-20,701.1049194335938,704.7082725108172,695.5537227900962,697.1606090279151,1342093
2022-09-21,698.7675170898438,705.536078446849,686.5938669663273,698.280571084903,2077807
2022-09-22,702.5169067382812,707.6298392747801,690.586730819784,690.586730819784,2203643
2022-09-23,684.4998779296875,708.3115460700187,681.724309873289,705.0977147832303,2230894
2022-09-26,662.149169921875,683.6234758339601,652.8971962663675,679.7765906888669,2182907
2022-09-27,660.006591796875,669.8915595051661,654.9423417271607,665.4603629847841,1199827
2022-09-28,646.3721313476562,659.8118290397672,643.3043477754608,659.0327273292312,1617322
2022-09-29,639.6522216796875,657.8153303467902,636.9253361045722,649.6346141797974,2121416
2022-09-30,654.504150390625,657.2310362842762,637.3149911084804,639.6522963994724,1745532
2022-10-03,647.7355346679688,663.999542686242,646.6642772624167,653.6763114343149,1815744
2022-10-04,671.936767578125,673.6410785027676,656.4031789766246,660.2987468043791,2372225
2022-10-06,668.0899047851562,676.7088251154186,665.6551748114493,672.95936473257,1208462
2022-10-07,672.4237060546875,681.6269968334103,666.0934084052107,667.1159830602583,2367283
2022-10-10,665.168212890625,668.868990473722,659.8118070767181,662.2465369921302,1009423
2022-10-11,646.8103637695312,668.5281424132218,642.9634786703731,668.5281424132218,1257522
2022-10-12,656.0135498046875,657.9126508683185,643.4503801561352,647.6381033723193,1171443
2022-10-13,646.56689453125,658.8379094223237,644.8138414539699,657.3770714856889,745089
2022-10-14,660.5908813476562,669.6480643687988,654.4553741037627,656.4031579552619,2108845
2022-10-17,660.3474731445312,666.1421425595123,654.2606480114948,661.856993889194,1360600
2022-10-18,664.2429809570312,671.0602244874433,662.2465143828827,663.6586695739402,1238762
2022-10-19,659.1300659179688,671.1089251245231,657.9613836789188,667.1159918695543,938837
2022-10-20,694.8718872070312,697.1118267420744,649.4885473623193,657.3770481636245,7210550
2022-10-21,681.9191284179688,705.0977440266483,678.6078721417381,694.0927773134565,5022081
2022-10-24,689.6129150390625,696.0406380309618,684.4999819381127,692.4372256714859,545145
2022-10-25,676.3193359375,691.414662487665,673.1055041086986,691.414662487665,2890000
2022-10-27,688.0060424804688,690.4894552902908,677.6340684938759,683.0878995744185,2548464
2022-10-28,695.2615356445312,697.2093196811411,685.0843521649148,688.5416569415668,1834544
2022-10-31,711.1359252929688,712.8889189430236,692.4371876618712,698.7674854393708,2733496
2022-11-01,698.2805786132812,720.1444663591683,692.6806994960897,718.5375207488788,5060223
2022-11-02,698.816162109375,709.2855006509056,695.1640672693062,701.7865206909681,1949252
2022-11-03,707.2403564453125,708.7011943919325,692.5345521176818,698.1831730645979,1665899
2022-11-04,719.56005859375,720.6313754262392,706.0716785796127,710.9411384318859,3318868
2022-11-07,728.909423828125,730.3702617169748,719.7548159480074,723.163437688657,3102187
2022-11-09,733.9249267578125,739.6222301518691,727.7894195532976,736.0675008690395,3649011
2022-11-10,736.3597412109375,738.7944712895898,728.5199222460076,735.2398010397488,4929698
2022-11-11,747.8516235351562,749.7994073605463,739.2326444428184,740.1578536482076,3077741
2022-11-14,753.841064453125,764.5051933699915,748.5820835013013,751.6011248194789,3532456
2022-11-15,750.1403198242188,759.6357669106013,744.5404407732752,753.8410975695556,1649039
2022-11-16,747.4620971679688,751.1628748161056,742.3491642557449,750.3350904069767,1407784
2022-11-17,751.3088989257812,755.740095069108,741.2290823536239,747.462014130851,1846461
2022-11-18,745.9525146484375,755.7401163807616,740.4013189155593,755.7401163807616,2466319
2022-11-21,739.768310546875,745.0273509182513,735.5805869986707,745.0273509182513,818375
2022-11-22,748.6795043945312,749.8968694423272,737.2849556588303,740.1579490599594,1288326
2022-11-23,748.4359741210938,755.7888465588725,746.2447172027171,752.7698052479906,907504
2022-11-24,753.9384765625,759.587037981873,747.754227017527,752.1854234998951,1463574
2022-11-25,756.860107421875,760.560884722058,750.481067977836,757.736574459431,867124
2022-11-28,759.294921875,764.456537588698,755.2045635850627,756.7140842973258,943112
2022-11-29,754.6201782226562,764.3104153286323,752.13676555772,761.5835296682778,1266481
2022-11-30,769.0824584960938,772.8319185986808,754.1331819099603,757.5905457675157,3241756
2022-12-01,758.5157470703125,768.0599360556155,756.178441976449,759.635746627256,1517442
2022-12-02,763.2391967773438,764.5052445296355,747.9490799984205,759.7331497998598,2337749
2022-12-05,781.8405151367188,785.930873578992,764.0183027542989,766.939978864258,4114694
2022-12-06,767.3294677734375,781.8404217207766,761.8756373548241,780.9639546575025,1575896
2022-12-07,757.8341064453125,771.6146429961683,755.8863223865355,767.4269191581283,970940
2022-12-08,757.5418701171875,762.4600722815048,753.1106733956095,761.6322284146635,1500182
2022-12-09,743.7612915039062,761.5348195292883,737.2848862823821,759.1000896627976,1636084
2022-12-12,752.8671875,754.7662887600487,736.8466524502471,742.1056929485899,1124301
2022-12-13,747.3646850585938,755.740131814936,743.128219530984,755.740131814936,1521073
2022-12-14,760.5122680664062,761.5835254636726,742.6899973468657,748.4359837836731,1480610
2022-12-15,750.6272583007812,767.9138412846786,745.514325305544,761.5835432905753,1692394
2022-12-16,750.3350219726562,753.9384338704756,739.2326305991899,746.1959814212144,2566446
2022-12-19,750.0429077148438,753.6950025207493,743.3230294953186,750.8220093851074,884769
2022-12-20,735.142333984375,751.4063418647685,729.4450897039344,748.922929215388,1598234
2022-12-21,735.1910400390625,747.4620545521198,732.1719393980338,741.5700202775299,2220101
2022-12-22,710.30810546875,741.570074291727,708.4577463362269,735.5319320115116,2404863
2022-12-23,692.6319580078125,708.5063847046176,689.466809210163,703.2473444641721,1175968
2022-12-26,699.4979248046875,706.4125341865563,689.0285858674785,693.8493631268955,955078
2022-12-27,697.6475219726562,706.0230289763002,691.4633314469393,706.0230289763002,1693081
2022-12-28,704.6595458984375,712.7915797771234,695.3588891711037,697.3066731743841,3025343
2022-12-29,703.6856689453125,710.7950688209924,698.2805801089502,705.7795605702776,1898772
2022-12-30,697.4526977539062,712.8888603663286,694.7744950681038,707.2402993173283,1387568
2023-01-02,703.1499633789062,705.0977472109809,693.3623615110608,699.8387070877214,1259229
2023-01-03,700.5691528320312,708.262923039786,698.4753207974178,703.6369362615956,1277112
2023-01-04,696.9657592773438,703.2473144543848,693.4110300796318,702.3708474128098,1354737
2023-01-05,701.4943237304688,705.7794718674245,694.7745052849879,700.4717491237265,1407487
2023-01-06,699.4005126953125,710.3080547484691,696.6735677403773,702.5656614650482,1209522
2023-01-09,715.0315551757812,716.9306565620833,703.7343717279856,705.0978443749854,1358106
2023-01-10,705.7308349609375,716.6383773962534,701.2022135550685,716.6383773962534,1484340
2023-01-11,699.0596313476562,708.7011854503619,696.7223263275425,707.0455572434183,1400355
2023-01-12,699.0596313476562,704.0265159684869,695.6996922244923,702.565678040298,1272850
2023-01-13,700.0335083007812,704.7081776824962,695.7484194682286,702.1760824378807,1310587
2023-01-16,695.4075317382812,704.1238765381129,691.9502272203723,702.6143559110425,1079570
2023-01-17,700.423095703125,704.1238731897904,694.9692651697236,696.3327376634857,1349682
2023-01-18,713.229736328125,714.8366818009301,702.2247693276934,702.4195596034343,1430862
2023-01-19,728.0328979492188,729.2989455656569,710.9411065231891,712.8888903766773,3553403
2023-01-20,718.5374755859375,728.8607660181087,716.0053802687595,728.0816048974559,979497
2023-01-23,729.8833618164062,733.7789297658522,718.9270769585894,723.5530638985565,2526843
2023-01-24,726.4747314453125,733.9249693973363,723.6017382275463,730.4189820601073,1132275
2023-01-25,718.68359375,727.2538312286771,716.0540735331568,724.5756283014874,1865988
2023-01-27,725.25732421875,736.9440272507966,716.0053509850466,722.2869657531006,4903817
2023-01-30,725.6956176757812,730.9545985941049,718.3426858254243,729.2016049546637,1189091
2023-01-31,737.4309692382812,746.6829424221488,728.471151740312,728.471151740312,3629320
2023-02-01,722.7739868164062,751.4550592678286,710.9411749902503,745.1247611343538,3623038
2023-02-02,678.2183837890625,725.500826493786,666.3855727146567,721.6539413687404,7698238
2023-02-03,697.0145263671875,699.2544661112471,679.2896798225555,682.795667296592,2601859
2023-02-06,695.89453125,697.9884228704049,683.0391446931008,696.8197405576592,1366976
2023-02-07,690.73291015625,698.2318905439854,682.8444086283414,696.7223698123055,1571287
2023-02-08,703.7830200195312,704.9029600629495,691.4632634504114,692.4371553707642,1050880
2023-02-09,698.3779296875,703.8804432662415,695.4075709747066,702.2248149772852,1097590
2023-02-10,707.922119140625,710.3081069892055,697.8423012676047,698.3779299797013,1282246
2023-02-13,714.6419067382812,717.174061493525,706.0716693980551,710.9411291870072,1265376
2023-02-14,741.7161254882812,746.9264833677772,716.394933417787,717.2714599968874,7326901
2023-02-15,749.2637329101562,750.286366990439,739.3787654811409,741.0830763594173,2786352
2023-02-16,750.2376098632812,753.5001834301229,746.9750957380845,749.8967714710888,1575168
2023-02-17,750.0429077148438,759.6357196283635,743.0795565082582,743.0795565082582,2374926
2023-02-20,738.1614379882812,749.6533514617556,735.2884447595004,742.1056886181977,1149759
2023-02-21,727.6433715820312,744.1507920676643,724.8677439458932,741.8621698330228,1964019
2023-02-22,719.998291015625,729.7372103028421,717.3200882116404,725.5981696057748,1950321
2023-02-23,725.6956176757812,736.895375214317,720.6800503057779,723.6017261853958,2936268
2023-02-24,719.0244140625,735.0936312210923,716.7844744681166,729.2989622361796,2100294
2023-02-27,689.8076171875,718.732218350927,685.6198939282557,716.7844345613581,2252550
2023-02-28,676.0758056640625,692.047598028348,675.1505964203787,689.5155027271953,2676043
2023-03-01,694.6771240234375,695.797123555457,676.416649751258,680.9452711474177,1835234
2023-03-02,687.4703369140625,697.3066216268328,685.7172838873821,695.0179993688222,993892
2023-03-03,691.4632568359375,696.1866088278067,686.4476897174414,690.489364924901,1154106
2023-03-06,692.4859008789062,699.7414082318535,690.489434149456,694.9206309005898,1066876
2023-03-08,697.9884033203125,698.9136126020572,683.7208618452033,683.7208618452033,1007033
2023-03-09,693.5084228515625,704.3186589906035,692.388482791761,697.9883614157075,1212451
2023-03-10,693.0702514648438,696.2354004003972,686.6425287307304,691.4633059209032,1344227
2023-03-13,686.3016967773438,700.1309749143242,683.9156495151269,693.4110964112074,1173419
2023-03-14,679.4357299804688,690.4893796294725,669.6480685127989,689.7589606806401,1690322
2023-03-15,684.1104125976562,696.2353792711393,681.8704729995718,687.3729268555567,1248597
2023-03-16,678.2183837890625,687.4216152451027,673.9819181038929,687.4216152451027,713926
2023-03-17,696.9657592773438,699.1082738956229,678.6078613693783,687.0807327544667,2568540
2023-03-20,689.6129150390625,696.0406380309618,681.9678864647791,695.3589017291714,913310
2023-03-21,689.6615600585938,701.2021550843666,686.2529384713781,690.1485059996245,838991
2023-03-22,697.4526977539062,698.4752723456112,691.4632388799088,691.4632388799088,569287
2023-03-23,691.171142578125,699.4492243181041,689.612879762081,699.0109610435403,914840
2023-03-24,678.705322265625,695.164060520085,676.0758021179754,695.164060520085,982591
2023-03-27,682.3574829101562,689.5155656412111,675.1019753099231,680.2149085297202,1355800
2023-03-28,695.9918823242188,696.8196666770862,684.0617063398802,685.7660171947856,2618934
2023-03-29,688.93115234375,699.2543826847219,680.1661252627438,695.9431264552396,2871532
2023-03-31,698.91357421875,703.5882436404214,686.5938174063602,686.5938174063602,1383231
2023-04-03,710.600341796875,712.1585452645537,699.059685603494,699.741421911223,1768965
2023-04-05,713.1810913085938,716.9792938405014,706.948218247023,710.6003132039921,1500202
2023-04-06,707.191650390625,714.8366782822438,704.1238670273328,714.8366782822438,1391534
2023-04-10,718.4888305664062,719.7061955792263,708.3116471709003,710.8924847747393,883124
2023-04-11,723.1634521484375,724.5756073575578,718.440099990037,722.6278234668117,731229
2023-04-12,720.5827026367188,728.1790482225184,716.7845001229942,726.5234199616218,1347769
2023-04-13,717.7584228515625,724.673032456511,714.8367467748261,720.5827335024018,994060
2023-04-17,717.9044799804688,725.0625620887693,712.8889126245522,723.5530414435359,1043080
2023-04-18,719.3653564453125,723.699128333372,716.0540998370358,717.9045184313642,1280463
2023-04-19,716.7357788085938,722.530447688805,712.4019478254955,722.530447688805,1012743
2023-04-20,712.9376220703125,719.706183314578,711.5742089441788,719.1218718950421,1084257
2023-04-21,715.5184936523438,724.4783123083739,711.915081216134,713.375919276085,1829162
2023-04-24,710.7950439453125,719.9009697016916,704.3673805986389,715.8106114621494,1049786
2023-04-25,695.9918823242188,702.3708624928219,686.8859572344506,701.1048148889354,3407713
2023-04-26,696.673583984375,698.0857392028973,689.0285559389552,696.0405898806563,3621655
2023-04-27,708.2142944335938,711.6715992436073,697.5988475549756,697.5988475549756,2470510
2023-04-28,720.97216796875,722.5304306873251,711.7201948380701,713.8627689250828,2374556
2023-05-02,732.8536376953125,740.1091440697941,724.1372935048271,724.8677124128291,2225369
2023-05-03,720.4852294921875,736.0675001897926,719.267864593937,731.8797768281403,1031469
2023-05-04,712.4019775390625,723.3582622243865,709.1394632094256,720.9235322943144,1655943
2023-05-05,696.1866455078125,715.9079577453596,691.1224548569213,715.9079577453596,3930399
2023-05-08,696.7223510742188,706.0716903700451,682.1626539844651,699.936182742056,6201290
2023-05-09,676.2705688476562,691.46325892916,674.566257998183,691.46325892916,8030712
2023-05-10,661.9544067382812,677.6340442196528,659.6170421529703,677.6340442196528,5803203
2023-05-11,665.07080078125,669.501997027891,662.587328888556,664.3890645644643,2228828
2023-05-12,660.4935302734375,667.895085293191,655.4292802612471,667.1646663330187,1805619
2023-05-15,658.3023071289062,663.1717671129329,657.3770978436111,661.6622464062148,2432818
2023-05-16,655.2831420898438,660.1526015969145,653.4814658488854,659.3248172573702,1866298
2023-05-17,660.1039428710938,665.6064560906422,654.6014890931918,655.6727464470073,2527136
2023-05-18,655.7701416015625,663.9995407289894,654.601518777732,661.2726550706361,1408554
2023-05-19,650.5598754882812,658.3510117216738,639.8957458804947,656.4032276633257,4632213
2023-05-22,652.897216796875,654.5041029225821,644.667817556187,650.5598522337465,2116815
2023-05-23,662.879638671875,663.9508961357703,652.9459280074757,652.9459280074757,2087867
2023-05-24,664.437744140625,666.9211565799746,656.4031360216654,662.879540888151,1920527
2023-05-25,658.1561889648438,667.5542703594868,656.5493028609553,664.6812771267994,2210598
2023-05-26,670.135009765625,670.9628535668005,658.3509412506663,658.3509412506663,2131442
2023-05-29,671.9854736328125,673.4463116189708,668.3333786674168,671.9854736328125,1116759
2023-05-30,671.0601806640625,675.8809573055066,666.2394040226184,672.9592816975578,900153
2023-05-31,667.2133178710938,673.0079865727406,664.1942767534179,666.3855335315633,3370272
2023-06-01,660.2500610351562,667.2133528300096,658.8379058158099,667.1159874114261,2470088
2023-06-02,665.509033203125,666.6290327104148,661.1752616248699,661.2726270421792,1168519
2023-06-05,671.9854736328125,673.4463116189708,666.7751752588412,671.0115816420403,1227013
2023-06-06,675.8810424804688,678.7540357453368,672.3750550857602,672.9593665043284,1618425
2023-06-07,675.8323974609375,679.5331753487808,674.7123978309604,678.8027563140097,1147072
2023-06-08,672.0341186523438,680.6530979522638,671.0602267161933,676.8548956246182,1312986
2023-06-09,662.489990234375,674.3228010471934,660.1039431000711,673.9332204956817,1411515
2023-06-12,661.2239379882812,664.7299251608235,656.597951319197,662.4899856093856,2017017
2023-06-13,664.437744140625,666.1420549537377,658.4482852207431,658.4482852207431,2175343
2023-06-14,664.9247436523438,671.4498317508101,660.9318103451883,664.1943246735972,4009140
2023-06-15,663.0255737304688,670.0376070883262,658.9839581317674,664.9246747667947,1890165
2023-06-16,672.813232421875,677.6340094809112,663.3177858735132,663.5125761525784,3397721
2023-06-19,667.7003173828125,677.8288177464887,663.7073840434368,676.8062430563217,1510117
2023-06-20,665.6065063476562,667.2133924997084,660.9805192985937,667.116027075336,1537058
2023-06-21,668.187255859375,669.0637824077476,664.2430052749953,665.6551605177518,1194618
2023-06-22,656.7927856445312,668.1872744403424,653.5302117941062,668.1872744403424,2165875
2023-06-23,649.4398803710938,658.1075432673695,648.1251498992739,657.1336512314576,1884124
2023-06-26,661.4674682617188,663.0743544209566,650.0729198015854,655.0884874538687,2550546
2023-06-27,656.7440185546875,663.2204238565241,654.5527616476725,661.2726399391775,1844795
2023-06-28,662.58740234375,664.1943479299182,656.4032118838194,658.2048883178195,2993257
2023-06-30,669.599365234375,670.2811014540047,663.2203851655318,663.2203851655318,1756332
2023-07-03,662.5386352539062,670.9628238075447,660.2986958142515,670.4271951609209,1650880
2023-07-04,659.2761840820312,670.5733072105301,658.1561845346017,667.0186371682928,1707986
2023-07-05,652.3128051757812,661.2726228523903,651.7284937923346,661.2726228523903,2257766
2023-07-06,655.185791015625,656.4031559190356,652.0206422667572,653.4814801508501,1668647
2023-07-07,645.6903686523438,658.3509641161152,644.5216864135122,655.2831806693883,2924889
2023-07-10,642.8660888671875,649.0990214772376,641.648723860666,649.0990214772376,1532305
2023-07-11,627.4298706054688,637.8505260568223,623.4369375028373,637.8505260568223,3874013
2023-07-12,627.040283203125,634.198424414903,625.7255528997601,630.9358508476371,2355259
2023-07-13,614.52587890625,632.542881695102,613.5519868636094,625.7256373966175,4725978
2023-07-14,622.8525390625,623.3881677073947,615.0127213281968,615.4996672674906,2430626
2023-07-17,626.9916381835938,630.1081043748594,620.6126576706015,626.2125364961895,2618535
2023-07-18,623.2421875,629.1342221191326,621.6839246594831,628.7446415485911,3048982
2023-07-19,622.4630737304688,628.8420542182597,621.5378644746102,625.6282226193836,2990583
2023-07-20,622.7064819335938,626.8942050625859,620.3691176821533,625.2385770046192,2365174
2023-07-21,618.0317993164062,623.7777855201829,617.2040149467852,623.290839551783,2618007
2023-07-24,615.6458740234375,621.1483283590696,614.2337186836195,621.1483283590696,1626647
2023-07-25,609.6563720703125,618.4213997837834,607.7572708440641,618.4213997837834,2391696
2023-07-26,615.40234375,619.2491693789813,611.1658781247585,611.6041413882865,1885345
2023-07-27,610.38671875,620.6612659088397,608.9745636750941,617.6422249417786,1822820
2023-07-28,608.8285522460938,613.9901674886742,606.004241926108,611.6041204171889,1972225
2023-07-31,608.390380859375,614.5258889398574,604.7869683544396,608.6825365886067,5257210
2023-08-01,609.3642578125,611.8963533252794,595.0480330184874,604.7869533624888,7565764
2023-08-02,602.9851684570312,613.1136081286785,597.969601605023,612.3831892342098,2977294
2023-08-03,593.9758911132812,605.8959545519093,583.7374497774694,605.8959545519093,6714021
2023-08-04,596.8445434570312,600.8014147099217,593.975848024924,597.9821680930627,1698361
2023-08-07,600.2573852539062,603.1755900157426,597.4875873218672,597.9821962517694,1586290
2023-08-08,597.833740234375,602.3347294278133,595.657509423511,601.8401205386057,2297368
2023-08-09,608.5668334960938,610.2485159167851,596.300508003238,597.4875814988476,4701339
2023-08-10,603.07666015625,612.2269248705126,599.7132954618038,609.3087202646053,2552655
2023-08-11,593.2339477539062,605.3024174169092,591.6017141752504,604.4120972145396,1772170
2023-08-14,583.9352416992188,594.0252751002304,579.6816173334471,593.5306662117206,2087103
2023-08-16,583.4406127929688,586.6061216462356,576.713944215439,583.9352216645086,1504238
2023-08-17,578.6430053710938,584.9245146973633,577.7032363187918,582.6493256708363,1816344
2023-08-18,572.2130737304688,581.3138899673937,570.7292469650049,577.7032206872719,2394208
2023-08-21,579.3848876953125,583.63851223449,573.8452316919331,575.7247696957173,1884006
2023-08-22,577.5548095703125,583.638523414356,576.7139985602873,583.638523414356,1199386
2023-08-23,579.434326171875,581.6106174066186,577.0601793017797,578.692412822103,1218953
2023-08-24,580.077392578125,587.4470175281474,578.6924633867142,582.6493349312386,1673004
2023-08-25,576.9118041992188,582.4019506393882,573.74629532203,578.6923840748061,1132264
2023-08-28,578.8408203125,581.2149068082788,575.724760089028,576.9118335254489,1005968
2023-08-29,591.1565551757812,594.5199199720398,582.649305929337,583.1439148477829,6318164
2023-08-30,593.4317626953125,600.9497935752235,592.145731296301,593.5306603212083,3729681
2023-08-31,584.776123046875,595.6080095890238,583.8858028814911,595.4596631461683,7321307
2023-09-01,596.4983520507812,598.0316276133098,584.6277380796214,586.6061737414814,2466406
2023-09-04,600.900390625,602.2852593785441,592.788792239427,598.476794834966,4215928
2023-09-05,601.493896484375,605.6486234943347,597.2897206577504,601.5433453010398,3465504
2023-09-06,602.7798461914062,604.4120797228252,597.3391482560944,602.4336441099845,2896499
2023-09-07,605.6980590820312,609.2592794601019,600.5046655272761,602.7304056221711,3079054
2023-09-08,600.2573852539062,608.270086144562,599.4660230414761,607.8249260322367,2137652
2023-09-11,611.2871704101562,612.6720391465658,601.5433385538547,603.4228765825608,3724960
2023-09-12,597.982177734375,615.6396918342664,595.8553352508296,615.2440409288365,2923292
2023-09-13,601.7412109375,604.2142555824652,597.0918749295523,598.4768040815594,1430448
2023-09-14,624.9384155273438,626.6695468722949,603.4229259543803,604.3626950456247,9184356
2023-09-15,627.8070678710938,628.6478788060057,620.8825436356224,627.9554143070466,3745966
2023-09-18,623.3060913085938,632.1596024053705,621.2287581471427,627.807080453506,2579565
2023-09-20,615.7881469726562,621.525598756586,613.8097111590895,618.3106405595399,2474148
2023-09-21,618.310546875,628.1532756315681,615.3923424167326,620.2395335763673,3925418
2023-09-22,608.171142578125,622.7126575380653,605.9948511594489,620.6847729527116,1850344
2023-09-25,610.2979736328125,618.0633097189994,606.4894486279096,608.1711310731221,2303387
2023-09-26,610.8914794921875,616.2827289233509,608.368986015828,610.29797292495,1906824
2023-09-27,608.4678344726562,611.8806479011023,602.4830789579661,610.9408789313763,2018781
2023-09-28,598.476806640625,612.2269590762529,596.0532108027827,608.467882898179,2158105
2023-09-29,609.60546875,614.7988621957403,602.6809441556795,607.3797287018256,2002347
2023-10-03,600.4552001953125,609.3087115157795,599.5154312167937,609.3087115157795,2407302
2023-10-04,596.5477905273438,600.2079085137593,591.354397004975,598.4767773396363,1922433
2023-10-05,597.7843017578125,602.8293487412062,595.360706083374,599.6638397201272,1413612
2023-10-06,605.5497436523438,606.3905546915458,598.4768117265664,601.0487540393578,1750968
2023-10-09,603.3734130859375,604.3626308923323,591.8490014906124,600.0100483933697,1866768
2023-10-10,615.0955810546875,618.7556987823692,602.5820128211359,603.4228237525903,3281868
2023-10-11,620.9815063476562,622.8115352223067,617.1730417697873,619.1514774730057,2053212
2023-10-12,613.9085693359375,622.6137346577053,613.0183095033015,622.3664301969065,1645852
2023-10-13,616.3321533203125,618.4095469774653,609.7538910153232,612.1774263830714,1171758
2023-10-16,624.14697265625,626.1748570372774,614.6999548980036,615.2934614173563,1917226
2023-10-17,618.1622924804688,628.0544715223897,617.2719722158681,628.0544715223897,1462594
2023-10-18,613.859130859375,621.4761204556937,611.6333906746949,618.2611624111557,1222311
2023-10-19,606.9345703125,611.0398483414278,600.7519590502973,607.7754416703974,1842555
2023-10-20,596.9434814453125,606.3904991693576,595.5091035888307,606.3904991693576,1174201
2023-10-23,580.3740844726562,601.4444111428742,578.7912997960432,596.4983222354492,2109981
2023-10-25,573.894775390625,586.358896487788,571.6195259722742,580.3741404084126,2986843
2023-10-26,555.0006713867188,574.686131061824,553.9620047033135,573.8947688448042,4015200
2023-10-27,552.6265869140625,560.639227505708,550.3018886946357,558.9080962341862,2425358
2023-10-30,532.8422241210938,557.1275104941535,526.1650035700878,553.9620012686338,7164172
2023-10-31,534.6722412109375,537.8377503666003,522.4554250676747,529.1820942877923,5210230
2023-11-01,526.3133544921875,534.7711551865382,523.8403098226659,525.8681943762602,3767073
2023-11-02,534.9194946289062,536.7000744912327,529.2314926055752,529.5776946648673,1797928
2023-11-03,544.3665771484375,545.9493619531951,538.1345166959384,539.0742857398465,1809034
2023-11-06,548.7191162109375,549.4610295480596,542.4870562545241,546.0976649356146,1069714
2023-11-07,546.0482177734375,550.0545377306019,544.5643910947053,547.9772045312017,1479349
2023-11-08,549.7083740234375,551.7857073678257,547.1363713745508,549.9062296698236,1190583
2023-11-09,544.4655151367188,551.7856908169038,542.8827303901721,549.7083575348255,1794405
2023-11-10,541.2505493164062,544.4655072014252,539.1237068724145,544.0697959262898,1414936
2023-11-13,546.74072265625,550.4997384444284,544.1687199970262,549.0159116561686,1449034
2023-11-15,555.7425537109375,558.6607583265242,550.3513045697796,550.9943202972536,1766163
2023-11-16,554.8027954101562,557.5231444407218,550.0051130888937,555.6931156073491,2112355
2023-11-17,555.693115234375,559.6005377328868,552.6265641164398,554.3081861234634,1787739
2023-11-20,550.6975708007812,557.8693999740503,548.8180327976506,555.6931087012317,1079422
2023-11-21,556.9790649414062,557.9188339179216,550.499700488162,550.5985981164005,1333644
2023-11-22,559.7984008789062,563.4090097755817,557.0285426199493,558.8091830370117,2648583
2023-11-23,559.7984008789062,565.535852286481,558.9575294870566,561.92518301274,1264347
2023-11-24,552.92333984375,562.221951584273,552.033019610999,559.4027048090068,868199
2023-11-28,557.4736938476562,558.7596649462297,550.1535181604344,552.9233159982228,1284890
2023-11-29,563.9036254882812,565.7337147440672,557.0285493288969,558.9080874019602,1780095
2023-11-30,564.4971923828125,566.7229325537088,560.0951608582933,563.8541766270604,3931052
2023-12-01,568.9486083984375,569.739970516537,562.9143439466773,564.4971285599357,1811072
2023-12-04,572.658203125,578.5440006773772,570.7786651720487,572.2624918579379,3025773
2023-12-05,575.1312255859375,577.6042699677535,570.6302365093844,572.262469952207,1870544
2023-12-06,582.2041625976562,589.8706010543996,576.7140155201761,576.7140155201761,3437918
2023-12-07,580.2257080078125,587.5953929408166,579.1870413583301,587.5953929408166,1824646
2023-12-08,578.8903198242188,589.4749632955863,573.9936792058171,583.6385536086723,2175978
2023-12-11,595.9048461914062,597.1908172976878,577.2580538305973,578.6924317625158,4467164
2023-12-12,591.2554931640625,600.2079022093665,589.4254040015455,599.4659888568209,2339706
2023-12-13,592.8876953125,596.201611342197,586.4083304587654,594.5199289187607,2110586
2023-12-14,592.6898803710938,597.4875626421463,590.0684290000667,596.5477936387367,2026994
2023-12-15,604.263671875,606.1926586696569,594.9650607366759,594.9650607366759,4941179
2023-12-18,600.0100708007812,608.1216691915597,598.4767952190217,607.1819001649761,1685280
2023-12-19,592.294189453125,605.4013260046972,591.4038692346445,600.4552367399531,2396755
2023-12-20,565.98095703125,598.4767358081933,562.8648969832429,598.4767358081933,5509320
2023-12-21,571.1744384765625,573.6969320411395,559.6005769941327,565.9810445118758,3089260
2023-12-22,575.3785400390625,579.4343087450106,571.1743645167982,574.7355243377741,2464945
2023-12-26,579.780517578125,588.5845799841752,578.6924021693152,581.5611578864493,3443852
2023-12-27,576.9118041992188,585.9136615784473,574.8344106968168,583.7373704518138,2155491
2023-12-28,583.0944213867188,584.6276968410929,575.7247369907209,579.5827104100397,2270681
2023-12-29,580.918212890625,585.6169979246488,578.7419214310318,585.6169979246488,2223633
2024-01-01,586.3093872070312,593.4317672610966,580.8686894455602,581.6600515899983,2825708
2024-01-02,588.0405883789062,597.2897515246347,582.698787607608,586.6062103591069,3406640
2024-01-03,580.5224609375,590.365190447741,578.9891853723117,588.9308125149913,2435233
2024-01-04,581.3138427734375,582.8471182311914,576.3677539567727,580.6708270764468,3606404
2024-01-05,574.98291015625,584.5783359581425,570.2841250840054,582.9461022559033,2433275
2024-01-08,554.852294921875,576.5161287792274,554.011423555406,574.7355487929751,5345743
2024-01-09,552.1319580078125,561.8262807022614,547.2847664720555,559.8972938512127,3590645
2024-01-10,552.5770263671875,555.6930865171738,545.9493155595087,554.9511731840402,2204496
2024-01-11,556.187744140625,560.0457179617914,554.5060616960892,555.8909908567815,1620693
2024-01-12,559.0069580078125,562.2219158772438,556.3361182333203,559.9961758137913,1441096
2024-01-15,561.62841796875,565.4863916221352,558.4134600499505,561.8757224240422,1659661
2024-01-16,558.4134521484375,563.0627879175573,554.4565809197506,561.8757144735386,1653823
2024-01-17,545.0590209960938,556.4350259715113,543.6740918917388,554.9511992355873,4724845
2024-01-18,538.3323974609375,546.0482850658012,533.3368591023255,544.0698492503454,3512857
2024-01-19,547.4331665039062,551.1921821497469,536.8979725553569,543.0805839389975,2415540
2024-01-23,529.3303833007812,552.4286535281284,527.7971078943204,552.4286535281284,2849229
2024-01-24,539.8656616210938,541.1021839793647,529.330466977798,534.0787611352131,1386191
2024-01-25,531.5067138671875,541.6956451701645,530.2207427977548,539.8656163840946,1723625
2024-01-29,533.8314208984375,536.8485231750681,528.6380273416415,536.3539142648971,2162690
2024-01-30,529.4788208007812,541.5967386986039,528.6380098321654,536.0571432389955,1912294
2024-01-31,531.9024658203125,536.8980040357893,528.3412452282886,533.0895393509871,3570913
2024-02-01,524.3348999023438,533.188411576287,520.8231886733118,530.5175113538313,3662000
2024-02-02,527.8961181640625,534.8206429613878,523.5435355692035,528.1434226211098,4224992
2024-02-05,468.8892517089844,519.3393610700776,464.9818292026632,518.350143239468,23096694
2024-02-06,476.6546325683594,480.75988065559244,463.2507124328458,471.0655576889794,6661787
2024-02-07,472.64825439453125,479.7706346545056,472.10419667806764,478.78141685109426,3069307
2024-02-08,459.837890625,476.60511386662955,458.55188939912796,474.8245339397677,5214678
2024-02-09,453.0122985839844,462.85499747219836,448.4124117139437,462.85499747219836,5881661
2024-02-12,453.45745849609375,460.7776645821875,450.14357264558555,456.820793163917,4404671
2024-02-13,473.93426513671875,474.7751063241521,447.2748327258469,457.06808313790094,7706461
2024-02-14,476.2094421386719,477.19865993712716,467.1581053205122,474.0331810951891,3210526
2024-02-15,482.0953063964844,485.16188764935896,479.47388523412764,481.6501463059666,3568439
2024-02-16,485.6070251464844,488.871462088098,475.86322351463593,478.8308769950853,3374827
2024-02-19,492.1853332519531,494.6089290798578,486.25002610299487,488.37686864886484,3383768
2024-02-20,492.679931640625,500.00016778522416,489.9101337724482,492.2348017270962,3033673
2024-02-21,486.8435363769531,494.80675781515185,485.6564931248428,493.6196843745099,1697299
2024-02-22,486.991943359375,488.8714814556134,478.83089596482495,487.9811612253811,2881064
2024-02-23,483.4307861328125,491.24560128408353,482.63939372207426,488.6736287791183,1341328
2024-02-26,483.8758850097656,487.7833074289124,480.5125504984351,483.33182729048116,2253561
2024-02-27,479.3749694824219,486.2005665148114,476.30838815235336,484.61781193911156,2920314
2024-02-28,470.7687683105469,480.75987462334774,468.8892604351169,478.9792945705263,1572519
2024-02-29,464.6356201171875,469.87846246506916,461.7668643007857,466.91080901792134,5632071
2024-03-01,469.4333190917969,472.74720493017816,466.06998443628146,468.8892613491889,2877161
2024-03-04,469.1365661621094,474.97294544935045,464.9323902924437,470.917146219731,1820722
2024-03-05,469.1365661621094,485.7554139950218,468.39465277334483,468.8892616991879,6182475
2024-03-06,468.097900390625,472.35152508561623,459.4916929890445,471.8074673415592,3213293
2024-03-07,477.0997314453125,480.7104005553967,469.7300769703546,469.87845360220695,5420581
2024-03-11,471.4117431640625,482.7382993534026,470.3730765216044,479.8695736941319,2888338
2024-03-12,468.9386901855469,473.78588159948526,467.2570380237084,473.53857714728565,3030937
2024-03-13,447.02752685546875,471.65904453770054,445.19746785061835,468.93869553248646,3446385
2024-03-14,457.1175537109375,459.19491713906535,442.9717209868529,446.97807121007054,2505609
2024-03-15,470.02685546875,472.3515234543471,454.4961533342609,457.21650242221784,6120565
2024-03-18,461.02496337890625,469.8784751438723,458.0078610349745,469.8784751438723,2951978
2024-03-19,456.0788879394531,466.366777961996,455.2875257170423,458.9970927380937,2538838
2024-03-20,450.5392761230469,459.68954111907414,444.40611345570204,456.02942304525016,3018788
2024-03-21,450.6381530761719,456.969171095881,447.37374643794107,452.07253095000345,3138092
2024-03-22,464.932373046875,469.2354765798025,450.0941058219747,450.6876425486771,7019704
2024-03-26,460.3819580078125,466.0205115423129,459.34329139339314,462.9539303251027,5072326
2024-03-27,450.5887145996094,462.16257510710875,448.56083015487025,459.9862838393378,27876181
2024-03-28,451.0833435058594,454.74346165796493,447.22539989516065,453.5069393347581,5435115
2024-04-01,461.1733703613281,463.300182685515,453.50693208008437,455.04020766092003,2840448
2024-04-02,470.1257629394531,471.80744528734783,456.0294091848246,458.0078447995093,5564890
2024-04-03,471.5601501464844,477.74276156444995,465.42698754444956,469.8784677653848,4788697
2024-04-04,487.63494873046875,491.39396446576507,467.9989684710301,474.82456556329583,9778795
2024-04-05,489.01983642578125,495.2024478143227,484.61780504172685,494.11430217223295,6753966
2024-04-08,483.7769775390625,495.152982815755,477.84167043817945,495.152982815755,4603981
2024-04-09,484.568359375,491.14665189745074,481.5512268846656,487.3876362242024,2166661
2024-04-10,498.8625183105469,503.5118539886046,484.1231793100798,485.2113249143626,7937541
2024-04-12,496.6368103027344,505.58924997251637,495.103534708222,500.09907278321145,5337775
2024-04-15,484.66729736328125,494.16376456619207,481.25448370761876,489.66283542707356,4994330
2024-04-16,479.4244079589844,486.6951649362877,477.8416534174201,482.7877424919759,3104362
2024-04-18,473.2417907714844,487.53600009583687,471.0655297186748,483.0350409804566,2706609
2024-04-19,482.29315185546875,484.66729885202204,461.51957695535896,468.1473486417596,3209153
2024-04-22,488.080078125,489.2671516130505,482.3426267059995,486.6951791812964,1860795
2024-04-23,490.1574401855469,495.2024572120451,486.94248220249335,489.56390344327656,3014860
2024-04-24,493.0756530761719,498.4668722856603,490.2563761449911,490.50368060933096,1683615
2024-04-25,500.4453125,501.48400937268644,490.99829395269137,493.61971526055675,4660938
2024-04-26,502.9678039550781,508.3590530562439,497.08194595246715,503.5118616712553,2825380
2024-04-29,501.5828857421875,505.4408594078316,499.0603923656038,505.4408594078316,2501739
2024-04-30,501.68182373046875,508.16121872415937,500.84098252505447,501.43451926937826,3509055
2024-05-02,492.8283386230469,504.89677812510416,491.9380184186421,502.6215891747052,2405482
2024-05-03,488.2779235839844,498.5163340921203,484.76618219839895,495.4497528024012,2196892
2024-05-06,478.1878967285156,492.9272364732185,475.9127077771138,489.9101341435075,3652474
2024-05-07,468.9881896972656,481.2050362078589,465.3280715692467,479.770658246965,4535131
2024-05-08,472.6977233886719,474.77508676955483,466.0699521707431,470.3730555621726,1861827
2024-05-09,461.4206848144531,477.0503149928222,459.3433212620032,472.6977624282097,2726979
2024-05-10,496.4884033203125,499.55498451045924,459.4422151563685,465.92157961272534,6834995
2024-05-13,528.3412475585938,534.1776572235299,497.03253776423327,497.03253776423327,27039443
2024-05-14,504.5505676269531,526.0660565173099,496.2411434725221,526.0660565173099,15011896
2024-05-15,509.2493591308594,515.6792754339689,504.5505741401255,507.4193301800326,4234215
2024-05-16,504.5010681152344,514.1953902898795,500.39582036337544,510.5847816168604,2398088
2024-05-17,505.7376403808594,509.74396071335286,504.6000458582962,504.6000458582962,1911312
2024-05-21,506.5783996582031,508.457937586097,503.01723981037026,503.01723981037026,2372489
2024-05-22,509.9912109375,516.4211264637999,504.84729662957847,508.45793546433305,2807354
2024-05-23,505.3419189453125,512.1180669100366,501.73128001460776,509.9912244901475,1824121
2024-05-24,510.238525390625,516.3716877806738,507.86443891442264,510.9309899209158,4320492
2024-05-27,519.2899169921875,523.9392529138885,511.27721626489887,512.8105522179866,6701240
2024-05-28,511.92022705078125,523.2962320963542,510.5352979378856,521.8124053512795,2462629
2024-05-29,511.67291259765625,516.9652037342111,509.941781428887,513.4040437664255,2522672
2024-05-30,500.64312744140625,512.761015129175,499.5549818392976,511.12884200880865,1828288
2024-05-31,503.3139953613281,512.3159134029629,501.3850387997186,502.52263321121103,8552013
2024-06-03,522.4553833007812,525.5219342012964,508.45792786723075,511.42558114272043,5297460
2024-06-04,490.60260009765625,524.0381510329333,472.84612778431745,524.0381510329333,4202540
2024-06-05,522.752197265625,526.2144598224719,490.7509930239191,499.6044748775931,3690376
2024-06-06,531.6056518554688,539.6182916131066,522.0102274452314,524.0875606040083,6939999
2024-06-07,533.9303588867188,537.0464194071492,528.4402116442608,536.0572015120372,2223919
2024-06-10,545.5536499023438,549.6094189783523,526.3627992635652,536.7990959903676,6964090
2024-06-11,548.3234252929688,551.2910787515744,537.4420292780811,544.2676563836999,4059315
2024-06-12,544.1192626953125,552.5770631811024,542.5859871134315,549.4116143838252,2173771
2024-06-13,551.686767578125,555.791985135887,541.3494297092693,545.7514609024638,3845237
2024-06-14,545.75146484375,553.7641047629334,543.7730292709084,551.6867715622747,2022269
2024-06-18,550.1535034179688,551.5878209257895,544.1686874285251,548.0266609979278,1587670
2024-06-19,551.2910766601562,562.3208794569564,544.7622632268176,553.9619768381817,6124293
2024-06-20,562.8649291992188,571.4711361499094,548.6201687031057,551.2910688432598,7472902
2024-06-21,559.8478393554688,568.1572328476725,555.1985035090225,568.1572328476725,5890175
2024-06-24,565.9315185546875,572.4603927146044,545.1579433111709,555.9404422312516,5572012
2024-06-25,564.9422607421875,570.5808142707434,560.8864919179447,566.8217987107271,1985056
2024-06-26,564.2003173828125,569.7894217995521,558.5618245312355,564.7444354448592,2354064
2024-06-27,561.727294921875,568.4045149689662,553.2200461238133,564.0519929422848,1627135
2024-06-28,564.6949462890625,569.789442013445,560.3918730913482,561.8756997632582,1535016
2024-07-01,567.2669677734375,568.5034900415037,561.1832540637265,563.903603053472,1451065
2024-07-02,560.540283203125,574.043069770612,555.8414987144663,567.9099074152662,2781201
2024-07-03,565.98095703125,569.7894211992055,561.0843171174074,561.3810703655367,1898741
2024-07-04,564.29931640625,573.6968856781283,562.5187364090964,568.8002454031578,2148117
2024-07-05,566.5250854492188,567.7121589670079,561.5789961059867,564.6455473479637,1072378
2024-07-08,561.2822265625,568.6024023522043,556.08883290254,566.5250690390465,2695359
2024-07-09,557.869384765625,566.129329161592,556.9296157896794,561.8757047398541,1427039
2024-07-10,553.7640991210938,563.8046837017943,541.4483257302179,559.946710223234,2033444
2024-07-11,551.686767578125,560.2929743332461,549.1147651257681,554.8027673566102,3781459
2024-07-12,557.5726318359375,564.7939096320788,552.0824247963254,554.4071228305288,3741532
2024-07-15,558.95751953125,561.3811152761369,554.7533437780806,559.8972885397243,1699472
2024-07-16,551.2910766601562,565.8325906275713,549.5104966671606,559.8972837328765,1674706
2024-07-18,552.6265869140625,554.951224756422,548.9664687217172,551.2911065640768,1258371
2024-07-19,536.7495727539062,554.2092916805681,535.4141528283935,552.6265672964741,1483516
2024-07-22,539.56884765625,552.1813742923407,527.1046674602293,534.1775987050186,2445572
2024-07-23,534.5733032226562,547.3836249505788,516.6684254879073,542.0913340698814,2813862
2024-07-24,531.2593994140625,537.5904173895455,529.2315150300141,530.5174860752354,1398404
2024-07-25,523.7413940429688,529.0336853015798,519.7350738925463,526.2638874430818,1833988
2024-07-26,538.2828979492188,539.1237089407779,523.3951215382856,523.4446307306653,1488053
2024-07-29,547.1858520507812,560.391885574121,539.6183117046479,542.1408050276713,4404641
2024-07-30,558.8092041015625,562.6671176041373,546.5428782488605,547.6309937651351,2046419
2024-07-31,565.8820190429688,567.5142525309935,559.0069433957135,563.7552370419451,2390519
2024-08-01,554.4071655273438,570.7787091475847,551.0932494473004,568.8002734139709,1900787
2024-08-02,531.8035278320312,557.8694561615998,525.7198738709694,549.0159437323044,6452127
2024-08-05,522.603759765625,545.5536251567903,514.3932639737642,514.3932639737642,8199938
2024-08-06,527.797119140625,543.9708656009201,525.4724815758503,527.2530614528118,3839963
2024-08-07,540.805419921875,543.0806089403831,529.7756165548637,533.1884302711593,2623663
2024-08-08,541.8935546875,549.8072979041909,538.183987554676,540.8548879657232,2763841
2024-08-09,548.6201782226562,555.9404142334959,544.7128161395704,552.478151867273,2061454
2024-08-12,559.9755249023438,563.7906485458279,541.6928819395993,547.4898086621754,3191587
2024-08-13,547.0438842773438,560.9664638738808,545.805219535985,560.8673948872428,1666599
2024-08-14,537.92724609375,548.8770897018276,535.4995118278907,547.4897611370474,1066850
2024-08-16,548.33203125,549.3725579189093,534.7067203936944,537.9272484142757,1635134
2024-08-19,555.5162963867188,558.4395570483567,546.6475059044405,547.9852395297919,2412431
2024-08-20,561.0160522460938,561.858320067634,555.0208665831352,555.5163324738475,1194020
2024-08-21,563.146484375,567.6056771149631,557.894558355378,560.8673535153533,2235790
2024-08-22,573.8981323242188,582.5687849118922,563.0969523366193,564.831082854154,6309020
2024-08-23,568.49755859375,579.496876855536,566.8129625179039,579.3978078729405,1995012
2024-08-26,572.2135620117188,573.6504251728686,566.9120407594313,573.6504251728686,1283196
2024-08-27,577.6636962890625,582.4201567617728,573.0063048022035,579.0509644993616,2705825
2024-08-28,572.80810546875,580.5869562597641,570.3307760095116,579.6950934617678,1369570
2024-08-29,572.5603637695312,576.623220309575,565.8220398397536,571.7180959589373,1530143
2024-08-30,592.9240112304688,598.5228000260319,576.7223006873353,578.7041642635805,7616878
2024-09-02,594.0635986328125,601.6937853904865,587.6225421005134,596.5409280683122,3640344
2024-09-03,596.7391357421875,600.4551299528682,590.5953465508601,594.5590737089195,2147598
2024-09-04,602.3378295898438,605.3602197602224,587.6720520407375,594.5095051897272,3139837
2024-09-05,613.0894775390625,617.3009374196696,601.2973656806934,606.4502228074178,3431993
2024-09-06,604.2701416015625,618.044116493478,601.7432778501932,611.3553274848509,3569845
2024-09-09,598.919189453125,605.2611165288894,595.649066207825,600.5046561016471,2334227
2024-09-10,613.5849609375,614.3776942531044,599.7614507204702,604.3693076200385,1638324
2024-09-11,605.4592895507812,613.4858124045298,603.47742608253,613.1885449806268,1421907
2024-09-12,609.2743530273438,610.8598800922313,603.1801591465452,608.432085245325,1707391
2024-09-13,605.855712890625,611.3553721588198,604.716117153953,610.4139748739615,1237013
2024-09-16,608.23388671875,609.9184827642304,601.1982955943989,609.3239479160247,1186044
2024-09-17,605.1124877929688,610.2157499360316,603.7746936625493,609.4230166448607,1165443
2024-09-18,599.61279296875,609.1753087919074,593.5185988403983,605.3602456501346,1728906
2024-09-19,589.4061889648438,607.1934258578298,577.2672751064049,599.612773827033,2721915
2024-09-20,581.7760009765625,597.2345724259142,580.2896033649906,589.5548514327928,5717560
2024-09-23,587.42431640625,588.3657136444156,578.7536637841217,584.0551848192267,2106715
2024-09-24,598.2750244140625,601.2478195664305,581.6769181466744,588.4152417290409,2301515
2024-09-25,594.1130981445312,600.9505511765996,591.6853033443521,594.6580984919171,2193166
2024-09-26,595.6490478515625,598.6714380597846,588.2170597625062,596.5409106149189,1948570
2024-09-27,605.1124877929688,610.9094142464335,594.5590406291324,595.6490413442832,1893789
2024-09-30,607.58984375,612.2967696945442,602.1397189721066,605.1125143055029,1686660
2024-10-01,615.5668334960938,619.3323621617017,605.2611187970526,606.4502490287383,2317620
2024-10-03,599.9596557617188,618.044160670288,595.5499972630201,613.1885707761388,2181886
2024-10-04,593.8653564453125,607.3915983596454,591.189828755682,603.3783370660352,1780533
2024-10-07,575.0376586914062,600.0091498569308,570.7766644386328,596.9372857514054,3393703
2024-10-08,571.5693969726562,580.2400494160572,568.1506704843524,572.4612597023604,3035568
2024-10-09,572.3621826171875,579.3483001819086,569.9839825898093,573.7990458213385,881946
2024-10-10,579.1005249023438,588.2666433684021,574.7404011150091,574.7404011150091,1378203
2024-10-11,577.7627563476562,583.9560799095719,573.5017618333933,580.3392152384184,568562
2024-10-14,573.4027099609375,581.5778973066356,568.002119557444,579.6951026949555,1308354
2024-10-15,568.8939208984375,575.5827105332833,563.9888568848922,574.6413737107578,1611364
2024-10-16,563.6915283203125,571.1731117702108,558.9350677928238,567.8039194689978,1303677
2024-10-17,548.6788940429688,565.3265344962164,546.1024353355784,562.8492052477667,1577470
2024-10-18,550.21484375,552.6921730780053,537.6795331576234,548.9761790859973,1402020
2024-10-21,540.5037231445312,558.2413647870753,538.1254628046155,551.9985069968875,2757430
2024-10-22,525.5406494140625,542.5351537657893,523.2119839056379,540.0578242965391,2074618
2024-10-23,526.927978515625,533.8645010348716,516.374530775815,524.3019850835253,1624355
2024-10-24,530.1484985351562,535.945425214319,521.5273800140438,531.1394303081191,1554879
2024-10-25,517.2168579101562,531.9817052357225,512.7576648721982,531.0403684241614,1390234
2024-10-28,526.9774780273438,536.3417949030479,515.3340302857996,515.3340302857996,1080853
2024-10-29,529.8016967773438,533.319492476156,519.7437150858716,526.9775049344876,1053752
2024-10-30,541.2964477539062,547.3907019762071,522.8651421008585,528.1666025681136,1751552
2024-10-31,548.62939453125,550.9085254887915,537.0850153048142,541.296475295673,1171233
2024-11-01,553.3363037109375,556.9036337558501,548.6293779807946,548.6293779807946,163230
2024-11-04,547.638427734375,554.8226825532972,534.9049191111446,550.0661620119843,1334874
2024-11-05,553.9804077148438,556.7550046435889,544.0710897681274,546.9943506587441,894138
2024-11-06,562.1060180664062,563.8401485760867,549.2734401984368,554.0299003572256,1491608
2024-11-07,562.0069580078125,570.231679316513,559.5791631593892,564.732020280565,886267
2024-11-08,552.5435180664062,567.7543566754911,550.016654207288,564.7815614337816,696687
2024-11-11,510.478515625,548.1834566471747,505.3751929156332,548.1339221559688,9914435
2024-11-12,522.9642333984375,547.7870617504794,519.2482393193392,525.1938298458965,9415040
2024-11-13,510.72625732421875,525.6893028255463,499.72687841247364,523.2119734060103,3436328
2024-11-14,521.0319213867188,527.9684438941006,504.8302108657188,515.1854601337884,3741207
2024-11-18,510.3473815917969,515.0050752362271,489.1977872566947,502.36283303754294,3165283
2024-11-19,519.7578125,528.075071168539,505.5471890598925,506.73535158920487,2999770
2024-11-21,528.2651977539062,537.675541261439,510.29990304057634,517.0962891212047,10436903
2024-11-22,538.3884887695312,541.762882205987,518.8547836903319,528.2651874968202,3602576
2024-11-25,540.43212890625,549.7949945504968,538.5786075049156,541.8104457898568,6122956
2024-11-26,546.74658203125,553.6831041412976,536.1931349140084,540.0577928537041,2645846
2024-11-27,543.2288208007812,549.2734805429831,534.112236212507,547.9852813089358,1703921
2024-11-28,541.9406127929688,552.0976635027018,540.0578182248357,543.2288120061608,1748362
2024-11-29,540.0578002929688,542.9315265422431,533.3690110232851,541.544197908454,1465623
2024-12-02,550.0166625976562,552.9399233929323,535.6481520435389,541.9406050234849,1687736
2024-12-03,557.99365234375,561.7592414338288,548.5798005819031,550.958061009145,2073190
2024-12-04,562.7996826171875,567.5066082884157,558.3900243657024,560.6691552259626,2218877
2024-12-05,553.1381225585938,564.5833723322678,546.9943335277084,563.7411045258463,2006983
2024-12-06,557.5477905273438,561.1151207447059,550.9580699939188,552.7912695952929,2970258
2024-12-09,550.363525390625,557.1513837748473,547.0438676954026,554.7235888590399,2922928
2024-12-10,544.9629516601562,552.5435435876484,543.6251574505917,549.8184811568811,2949316
2024-12-11,546.9943237304688,561.5610324913649,546.0529264755398,546.9943237304688,5334736
2024-12-12,542.485595703125,549.8184543245056,538.0264028522153,548.9266520433281,1581082
2024-12-13,545.2601928710938,546.2511246164297,530.8421480727908,542.485596080488,2242153
2024-12-16,542.9810791015625,546.4988748122692,537.7786872742471,544.8142786956604,1210467
2024-12-17,533.5177001953125,546.9943483533772,531.7835695619458,539.1659630157941,1637281
2024-12-18,527.4234008789062,538.9181844836925,526.4820036612286,533.9139914613072,1208566
2024-12-19,513.6494750976562,520.7841961645529,512.6585432961895,519.2482639686148,1187222
2024-12-20,499.9250793457031,517.8609202395685,496.9522840274928,515.2845218231231,2851827
2024-12-23,503.0960693359375,505.52383401640446,491.5021555856664,500.965541847886,1178165
2024-12-24,499.9250793457031,507.8525335275973,497.15048247837524,502.402408777545,949150
2024-12-26,495.1190490722656,502.45193806641015,491.35352047119716,498.537775749138,1427526
2024-12-27,497.4972839355469,514.9377194082214,492.8894572448473,493.4840223560945,1670587
2024-12-30,496.2090759277344,503.74016330800526,492.4930818493939,497.44774062051454,2019209
2024-12-31,496.4568176269531,500.8664761073999,488.52936345326924,492.5426250323616,1217836
2025-01-01,495.9613342285156,497.2990981212554,492.6912715936733,493.9299362645737,588602
2025-01-02,504.8302001953125,507.25796487707845,495.3172491952357,495.4658829119418,1552787
2025-01-03,524.7479248046875,528.4143845764715,503.8888224231332,503.8888224231332,2888197
2025-01-06,516.5726928710938,530.5944008836152,511.41983583742837,520.239152326683,2241869
2025-01-07,539.5128173828125,543.6747429371386,515.2845233703154,516.2754551460275,4787940
2025-01-08,534.6572265625,538.472350181385,526.8289018369474,536.2427536898969,1559514
2025-01-09,540.5037231445312,549.6203071386445,534.8058657084196,537.0354620964632,2805890
2025-01-10,543.8728637695312,550.7103169991675,529.653017428799,540.9496635086309,1992839
2025-01-13,528.8107299804688,544.0215075002385,526.1352022734775,541.296445304199,1770971
2025-01-14,536.9363403320312,538.0264015374831,526.4820225478906,530.0989475996819,1831287
2025-01-15,541.9406127929688,546.994340660751,538.2246186308712,539.95874923985,901487
2025-01-16,541.3460083007812,547.9357286963449,540.3055420492909,541.990138137343,813698
2025-01-17,546.6970825195312,552.5931387866442,538.5714297172502,540.0578274073622,1461267
2025-01-20,547.8366088867188,549.9671364005806,540.4046205569812,546.6970736318311,812869
2025-01-21,539.3145751953125,554.8226804202393,538.5713764237985,551.9489543110502,1708101
2025-01-22,537.7786865234375,543.0306128359168,526.7793075291789,543.0306128359168,1191929
2025-01-23,552.791259765625,554.6740543078885,537.1345500074452,537.580481397105,1477011
2025-01-24,546.9943237304688,555.3677090795617,545.0124602386917,554.8722432066173,1591661
2025-01-27,537.4318237304688,545.4088729008766,531.3376296060377,543.9720097314548,2486727
2025-01-28,533.765380859375,541.5441704601415,531.2384566557889,541.0487046134259,2048155
2025-01-29,548.0843505859375,550.9085424853558,534.4095039371186,537.0850318748973,2181049
2025-01-30,561.8087768554688,573.0558282074078,549.5707332558096,550.9580619209424,2784958
2025-01-31,598.2750244140625,612.1976029479849,562.6014825856464,567.8038741022904,8663742
2025-02-01,598.5227661132812,612.1976119182103,591.635778479716,604.2701580624054,5961908
2025-02-03,624.5347290039062,631.0253198032091,602.0405664142932,604.4683612731183,12713558
2025-02-04,631.1244506835938,635.7322469949708,619.3323387609164,631.7189855361347,3541038
2025-02-05,639.596923828125,643.5606509129916,626.2688794089258,630.2326064937924,3372838
2025-02-06,638.9032592773438,640.9841918035296,620.7692199665049,638.1600604491808,3885141
2025-02-07,635.5340576171875,642.8174423139297,629.3407341412202,636.2277219428307,2340663
2025-02-10,629.192138671875,637.1691273140754,626.0706794076041,635.4349967187416,1932363
2025-02-11,605.1620483398438,631.0253435281388,602.6847188972225,629.2416784257867,2525324
2025-02-12,614.8731689453125,618.6386976096416,589.059408195515,605.1620496062503,2315031
2025-02-13,624.0392456054688,633.106294962552,609.4230028540902,614.8731272698585,3181044
2025-02-14,612.7426147460938,628.151651625809,604.7160918773836,625.2779253988186,3746024
2025-02-17,626.467041015625,628.0029730743443,604.3692759134459,612.5939970344955,1481549
2025-02-18,625.0797119140625,628.5975073957828,619.530518518814,627.2597737770786,1409475
2025-02-19,644.1551513671875,645.7902128950072,615.3685970476843,624.1383185617335,2762726
2025-02-20,641.3805541992188,648.0198088032932,638.4077590464993,644.1551509120891,2142244
2025-02-21,640.4887084960938,652.2808204415231,631.6199177732648,642.1237700662468,1366273
2025-02-24,639.3491821289062,643.065176220075,632.5117288084857,637.912318983986,1293274
2025-02-25,641.6282958984375,651.3394147670522,639.1509665706443,642.2228307444386,1581083
2025-02-27,637.813232421875,642.4705631691044,628.4489154738881,642.1237612561569,2717730
2025-02-28,627.2102661132812,635.1872546407499,613.8822219187902,629.2416641136913,4676015
2025-03-03,611.1076049804688,628.3993756236301,605.7070149998817,622.404190320911,3273667
2025-03-04,607.8375854492188,613.9813141747195,601.4955977872916,601.4955977872916,1557537
2025-03-05,622.156494140625,624.4852201136049,608.5807771342861,609.4230449549681,2367281
2025-03-06,619.0350952148438,633.4531405210606,617.0532316543555,629.1426114696691,1617185
2025-03-07,624.1383666992188,636.8718765501218,614.7741096246439,618.8864402836433,2073888
2025-03-10,609.8689575195312,631.2235246316941,606.3015669311953,625.7238655165597,1428305
2025-03-11,609.4725341796875,613.2380625692468,596.8876894068139,607.8870676414535,1564110
2025-03-12,602.5360107421875,614.5263206539946,594.5094881295078,612.3462588080595,1815285
2025-03-13,595.9959106445312,608.8284888497681,594.9554444077119,605.360227739254,1476114
2025-03-17,620.471923828125,622.2060543469496,595.995898123237,595.995898123237,2377362
2025-03-18,620.471923828125,620.471923828125,620.471923828125,620.471923828125,0
2025-03-19,640.4391479492188,642.1237439416964,631.1244262242525,635.1872220164003,1533871
2025-03-20,640.9841918945312,645.5425143302492,638.2591295242139,643.065184902688,1272076
2025-03-21,652.8753662109375,665.2124787254631,639.7951153577138,643.1147125627097,5231169
2025-03-24,652.47900390625,662.7351230277774,651.4385376953471,661.8928552574448,1878198
2025-03-25,647.0784301757812,657.8796104004815,642.2228404274282,657.8796104004815,988124
2025-03-26,646.48388671875,650.8934845446945,638.160035969951,646.0874898329317,1570129
2025-03-27,650.4476318359375,657.7309560835143,644.0561098838757,644.1056443755696,3398420
2025-03-28,630.4803466796875,654.4113734221646,618.3414323428291,650.695379237412,4421109
2025-04-01,628.9939575195312,635.9800145850905,615.665912766815,615.665912766815,1451347
2025-04-02,648.5153198242188,650.1503209830714,625.1292933719031,626.1698201331542,1932828
2025-04-03,645.3442993164062,647.7720941894399,630.282124687082,636.970913969824,2635192
2025-04-04,631.9171752929688,649.456678981871,625.4265845683249,643.6101575916794,2529542
2025-04-07,608.8780517578125,618.4405072626599,583.5101615908118,589.6044163049538,2010970
2025-04-08,608.9275512695312,622.4041986753414,604.5674274420597,613.3867440778516,1696619
2025-04-09,608.6798095703125,610.2157416413919,595.7481627087428,608.4320766400845,1911793
2025-04-11,633.0567016601562,639.6959562441074,614.4767320119752,616.3595264623264,2007695
2025-04-15,652.0330810546875,655.8977390104469,633.0567141535117,643.1146954475565,2242497
2025-04-16,653.6681518554688,659.3660094072933,648.6143636509329,654.0149537746493,2228299
2025-04-17,650.2494506835938,658.9201038192818,644.8488603484585,653.6681774448575,1595004
2025-04-21,665.0638427734375,666.7979732696251,647.772072300832,650.2989360703709,3468794
2025-04-22,666.5997924804688,674.9731777658119,660.0596067183931,667.342991284227,3727936
2025-04-23,673.7344970703125,675.8154294786777,656.0463296725198,665.9061123308965,2856974
2025-04-24,677.9955444335938,680.770141355885,669.3248912503856,673.3876874064182,2692652
2025-04-25,655.84814453125,685.9229589735681,650.596218432772,677.5495737175793,3157081
2025-04-28,672.1489868164062,673.2390480188765,655.3526817352994,655.9968115586533,1423133
2025-04-29,663.5278930664062,680.6710611778252,660.6542272047974,673.833607730245,1676069
2025-04-30,663.8251953125,672.0003821489511,657.929139376543,662.0414697992082,1402279
2025-05-02,673.6849365234375,686.5175149818724,664.4692832014305,664.9152145922014,2331658
2025-05-05,680.274658203125,682.7024531291726,675.8154652505918,680.7701240867399,1475543
2025-05-06,672.8922119140625,685.1797901568455,668.8294158159698,681.7115289330233,1859488
2025-05-07,681.7610473632812,682.7519791181697,668.185270224974,668.9780035325499,1328953
2025-05-08,650.5466918945312,683.1483705629512,640.0923740601924,675.9145204246339,2451225
2025-05-09,668.6312255859375,675.8154810664829,632.2144822880002,632.2144822880002,3184067
2025-05-12,670.712158203125,693.1072529572931,655.9968453069613,679.7792082788148,8755697
2025-05-13,637.0204467773438,671.8517217355044,632.2639865074094,670.7617210109039,8899680
2025-05-14,631.1244506835938,640.2905692972553,628.2507244390736,639.4482410275363,4545306
2025-05-15,638.80419921875,641.8265290658406,629.984882141984,632.164944164725,2336733
2025-05-16,638.3582153320312,642.6192095596857,632.9576254529671,640.1418803015528,1281048
2025-05-19,639.6464233398438,648.8620762118449,637.9122928350495,639.2500264603648,1713111
2025-05-20,622.998779296875,642.0742147487764,621.0169158733008,641.6282833821379,3503829
2025-05-21,632.61083984375,635.2367726360047,617.9450018725157,622.9987899782809,2454859
2025-05-22,626.2193603515625,633.1063484276017,622.1069692069822,633.1063484276017,1078155
2025-05-23,624.782470703125,629.1425946120418,622.5528742573168,626.8634031932095,1018062
2025-05-26,626.3184204101562,630.4308114961135,624.1879533689049,626.2688859174158,771488
2025-05-27,624.6337890625,630.1335085251225,621.3141919742857,626.7643164652882,1156383
2025-05-28,625.0302124023438,632.8090025851923,623.8410821849103,625.7238767359862,937885
2025-05-29,625.2779541015625,629.2416812274045,620.3232951942601,626.268885883023,1382432
2025-05-30,622.2060546875,628.2011795309547,612.3958064115393,625.2779188441444,5123450
2025-06-02,630.5794067382812,631.7190024648095,615.1208953412244,622.206081679186,1624690
2025-06-03,629.5884399414062,632.5612350817262,626.5661103117488,632.214433174691,1764731
2025-06-04,636.7232055664062,640.4887342484049,627.8048195124577,629.7371485871485,1302307
2025-06-05,641.0337524414062,643.6101507150331,636.1781628314877,640.9346229806223,1701494
2025-06-06,637.0204467773438,643.907434487339,635.1872472455137,643.1147011892955,580732
2025-06-09,633.304443359375,645.6415554729572,630.8271140386425,644.1056233904377,1514278
2025-06-10,633.7999267578125,638.1105161841446,632.2144601413504,638.1105161841446,956125
2025-06-11,630.0839233398438,635.5836428878869,625.7733944590424,635.1872459988062,976204
2025-06-12,626.665283203125,636.1782041187727,625.2779545154915,630.0839494660859,1097714
2025-06-13,626.7643432617188,632.1649334936686,617.4000259577581,622.106951855771,1518780
2025-06-16,637.9122924804688,639.4482245446699,624.2869813789442,626.2193103224039,1187428
2025-06-17,640.240966796875,647.4252218420293,636.6736367602261,639.1509660861415,2269496
2025-06-18,632.4622192382812,643.9074693937315,631.2235544924171,640.2410096496379,1066778
2025-06-19,625.2283935546875,634.1963137068639,623.2960645650272,633.2053819666969,1272286
2025-06-20,627.7552490234375,631.6199069512154,620.670062983069,622.7015214086567,4218765
2025-06-23,633.0567016601562,635.6331604070406,623.0978500250657,625.2779118934533,834251
2025-06-24,638.60595703125,640.1418890960593,632.7099012195571,635.1872305117245,1131402
2025-06-25,644.79931640625,648.366646594271,637.9618629839218,642.1237885243966,1565175
2025-06-26,630.7280883789062,644.7993319834592,623.3456343997384,644.7993319834592,3968851
2025-06-27,639.0518798828125,641.5787436308104,631.7684955719109,632.214426934892,3212791
2025-06-30,655.2536010742188,658.4741291702356,637.8627614520617,640.637358176911,2075636
2025-07-01,664.9647216796875,668.8293795981989,653.1726704462492,658.9695968423435,3182249
2025-07-02,666.55029296875,669.8698902737376,659.1678390343387,664.9647658151907,1348689
2025-07-03,677.9459838867188,681.5133140094748,664.0233443536756,666.5502687124418,3054421
2025-07-04,675.1217651367188,690.6298706646251,672.5453668711373,677.7972928627746,2791223
2025-07-07,674.081298828125,683.247417187787,670.2166409486797,674.874032103437,960264
2025-07-08,667.1943359375,677.6982487884511,662.5369446108681,674.3290566419495,820969
2025-07-09,658.7218627929688,668.6807145117066,657.6813965802659,662.5369257334369,630384
2025-07-10,655.6500244140625,662.091080866022,649.5557698860769,659.9605533853962,2206322
2025-07-11,652.7999877929688,658.5,645.7000122070312,657.7000122070312,2145893
2025-07-14,659.5,661.7999877929688,646.75,654.0,1745640
2025-07-15,673.7999877929688,675.7999877929688,661.9500122070312,662.0,1726609
2025-07-16,671.4500122070312,677.0,668.4000244140625,673.0,1928069
2025-07-17,692.6500244140625,697.4500122070312,670.5499877929688,673.0,5685069
2025-07-18,686.8499755859375,697.9000244140625,684.3499755859375,694.0,1515065
2025-07-21,713.75,717.5499877929688,682.4500122070312,688.0,8073738
2025-07-22,722.8499755859375,730.9500122070312,711.4000244140625,715.0,4108448
2025-07-23,727.3499755859375,729.7999877929688,718.5,726.5999755859375,2827536
2025-07-24,726.5499877929688,730.5,718.7000122070312,726.0,2189801
2025-07-25,722.2000122070312,729.0,718.4500122070312,726.5499877929688,1507020
2025-07-28,729.8499755859375,735.8499755859375,720.1500244140625,725.0,4881892
2025-07-29,726.0499877929688,734.5499877929688,721.0499877929688,727.0,3504831
2025-07-30,721.9000244140625,728.5,716.9000244140625,727.0,1589570
2025-07-31,703.7999877929688,723.6500244140625,701.2999877929688,715.0,2497511
2025-08-01,665.1500244140625,713.9000244140625,658.0,703.9500122070312,6828070
2025-08-04,711.7000122070312,719.4500122070312,672.0499877929688,673.5,12572025
2025-08-05,720.4500122070312,723.7999877929688,702.0,708.2999877929688,3136768
2025-08-06,705.2999877929688,721.8499755859375,704.2000122070312,720.0,1691312
2025-08-07,705.4500122070312,710.7999877929688,688.2000122070312,700.0,1933447
2025-08-08,688.75,704.9500122070312,685.9000244140625,704.0499877929688,1164817
2025-08-11,693.7000122070312,696.5999755859375,678.1500244140625,688.9500122070312,1129449
2025-08-12,688.6500244140625,696.0,686.0499877929688,693.7000122070312,1449415
2025-08-13,686.1500244140625,693.1500244140625,680.9000244140625,686.0999755859375,1062727
2025-08-14,683.75,693.9000244140625,681.0,684.2000122070312,1066750
2025-08-18,690.9500122070312,700.7000122070312,686.4500122070312,690.1500244140625,1319724
2025-08-19,707.2999877929688,709.4500122070312,693.0,697.5,2030825
2025-08-20,713.4500122070312,730.2999877929688,702.0,708.5,3114706
2025-08-21,712.4500122070312,718.5499877929688,710.2000122070312,717.0499877929688,2041917
2025-08-22,716.4500122070312,722.9000244140625,707.9500122070312,712.9000244140625,1635644
2025-08-25,722.7999877929688,741.0,713.5,717.2000122070312,4678348
2025-08-26,723.0999755859375,729.7999877929688,712.4000244140625,725.25,3299511
2025-08-28,716.7000122070312,736.5,713.4500122070312,736.5,3935173
2025-08-29,715.75,722.2000122070312,702.5999755859375,713.0499877929688,2472182
2025-09-01,727.9500122070312,730.6500244140625,711.7999877929688,715.7000122070312,1785815
2025-09-02,710.6500244140625,732.0,709.6500244140625,731.5499877929688,3003994
2025-09-03,715.5999755859375,730.0,712.7999877929688,718.0,2196910
2025-09-04,695.4000244140625,723.1500244140625,692.0,720.0,2075117
2025-09-05,688.8499755859375,700.9000244140625,684.2000122070312,697.5,1054221
2025-09-08,705.7999877929688,708.0,691.0,691.0,1677209
2025-09-09,704.0,715.9500122070312,698.0,709.9500122070312,2826300
2025-09-10,696.9500122070312,708.25,690.6500244140625,705.4000244140625,1965357
2025-09-11,701.6500244140625,703.7999877929688,693.0499877929688,696.9500122070312,1913878
2025-09-12,693.0999755859375,705.9000244140625,688.0,704.2999877929688,1539148
2025-09-15,693.5999755859375,699.4000244140625,687.9000244140625,695.5,1791929
2025-09-16,702.7000122070312,705.0,686.3499755859375,692.9000244140625,3099583
2025-09-17,704.6500244140625,710.0,698.1500244140625,706.0,2209645
2025-09-18,698.9500122070312,713.4000244140625,693.2999877929688,704.5999755859375,3106450
2025-09-19,691.0999755859375,704.8499755859375,688.7000122070312,697.0999755859375,7803326
2025-09-22,682.7999877929688,693.7000122070312,679.3499755859375,693.7000122070312,2102153
2025-09-23,677.2000122070312,684.8499755859375,670.0,680.0,2559504
2025-09-24,676.1500244140625,680.0,669.5999755859375,675.75,2138799
2025-09-25,669.0999755859375,678.5499877929688,667.4500122070312,676.0,1246931
2025-09-26,648.0,668.2000122070312,645.0,667.0,1970948
2025-09-29,654.2000122070312,654.9000244140625,643.25,648.0,2520967
2025-09-30,655.7999877929688,661.0,650.1500244140625,660.2000122070312,2037016
2025-10-01,661.4500122070312,662.2999877929688,651.2999877929688,655.7999877929688,1196873
2025-10-03,674.0,680.0,664.6500244140625,667.7000122070312,3592605
2025-10-06,681.3499755859375,682.0,668.75,676.0,881397
2025-10-07,679.8499755859375,685.4000244140625,679.0499877929688,682.0,994752
2025-10-08,674.7999877929688,686.6500244140625,671.5499877929688,679.8499755859375,1714962
2025-10-09,675.0499877929688,677.5,666.9000244140625,673.0,1011011
2025-10-10,681.2999877929688,683.5999755859375,671.2000122070312,676.9000244140625,960905
2025-10-13,673.7999877929688,680.9500122070312,667.0,667.0,1031190
2025-10-14,669.9500122070312,681.4500122070312,666.0,673.7999877929688,1458278
2025-10-15,677.6500244140625,678.7000122070312,668.4000244140625,672.9000244140625,1722151
2025-10-16,680.4000244140625,686.0,674.7000122070312,678.0,1284794
2025-10-17,674.1500244140625,683.7000122070312,671.9000244140625,680.9500122070312,882467
2025-10-20,680.7999877929688,685.0,677.0,677.0999755859375,1330873
2025-10-21,680.9500122070312,684.0499877929688,678.0,681.0,86005
2025-10-23,675.6500244140625,689.7999877929688,674.0999755859375,684.25,1551907
2025-10-24,672.0499877929688,678.5499877929688,669.8499755859375,678.0,587809
2025-10-27,679.8499755859375,681.7000122070312,672.7000122070312,673.0,1365682
2025-10-28,702.5999755859375,709.0,675.5,682.0,4557745
2025-10-29,720.0499877929688,721.7999877929688,708.2000122070312,708.2000122070312,3405916
2025-10-30,721.3499755859375,726.5,712.2999877929688,721.8499755859375,3573819
2025-10-31,720.0999755859375,729.4000244140625,713.75,720.0,3852202
2025-11-03,730.5999755859375,735.0,719.2999877929688,720.0999755859375,2805423
2025-11-04,731.3499755859375,736.5999755859375,726.6500244140625,728.0,1916707
2025-11-06,733.3499755859375,747.4000244140625,713.4000244140625,730.0,9280167
2025-11-07,747.9500122070312,753.7999877929688,720.75,725.0,5598140
2025-11-10,750.6500244140625,759.0,746.7000122070312,750.0499877929688,2547152
2025-11-11,752.3499755859375,755.4500122070312,742.4000244140625,750.6500244140625,1645749
2025-11-12,760.5999755859375,767.7999877929688,752.4500122070312,754.3499755859375,4193619
2025-11-13,758.1500244140625,765.5,753.0,760.5999755859375,1752051
2025-11-14,758.5999755859375,766.3499755859375,754.0999755859375,755.0,2148563
2025-11-17,773.2000122070312,774.9500122070312,758.0,758.5999755859375,3590666
2025-11-18,759.6500244140625,776.0,757.0999755859375,774.0,1862425
2025-11-19,752.6500244140625,762.0,750.5999755859375,760.0,2359649
2025-11-20,753.5,760.2999877929688,750.9500122070312,758.0,2794809
2025-11-21,750.8499755859375,755.25,747.0,755.0,2033481
2025-11-24,742.7000122070312,755.5499877929688,731.0,752.0,5530635
2025-11-25,749.7000122070312,754.0,735.7999877929688,741.0499877929688,1677991
2025-11-26,760.5999755859375,763.3499755859375,746.5999755859375,750.1500244140625,1482487
2025-11-27,758.6500244140625,769.2000122070312,756.5499877929688,764.0,1201547
2025-11-28,758.6500244140625,766.1500244140625,755.25,757.0,1546792
2025-12-01,750.8499755859375,762.9000244140625,748.0499877929688,761.0,1611007
2025-12-02,746.75,757.9000244140625,744.25,754.0,1519168
2025-12-03,743.0,755.0999755859375,737.0,748.75,6025366
2025-12-04,756.4500122070312,758.9500122070312,745.25,748.0,2855120
2025-12-05,759.0999755859375,761.0499877929688,751.0499877929688,759.9500122070312,1936558
2025-12-08,739.8499755859375,761.2999877929688,733.0999755859375,759.9000244140625,1584321
2025-12-09,739.7000122070312,741.6500244140625,729.5999755859375,740.0,2172777
2025-12-10,736.9000244140625,752.25,733.7999877929688,743.0,1346660
2025-12-11,745.8499755859375,748.4500122070312,732.5499877929688,736.8499755859375,2062566
2025-12-12,748.3499755859375,750.9000244140625,741.4500122070312,748.7999877929688,4075773
2025-12-15,765.6500244140625,769.5499877929688,743.0,751.0,1840513
2025-12-16,749.9000244140625,765.9000244140625,747.0999755859375,765.9000244140625,1218572
2025-12-17,746.2999877929688,752.7999877929688,740.9500122070312,751.7000122070312,1655654
2025-12-18,744.4000244140625,748.0999755859375,736.5,743.0,748699
2025-12-19,751.5499877929688,753.7999877929688,740.25,747.4000244140625,6064263
2025-12-22,776.5499877929688,779.0,752.0999755859375,753.0499877929688,3673981
2025-12-23,781.0,786.2999877929688,774.5,779.9000244140625,3043436
2025-12-24,772.7000122070312,785.0,772.0,783.0,3570117
2025-12-26,774.0499877929688,780.7000122070312,770.2000122070312,775.0,1476893
2025-12-29,770.9500122070312,783.0,767.5,774.4000244140625,1364589
2025-12-30,787.3499755859375,792.6500244140625,768.9000244140625,770.0,8329037
2025-12-31,795.1500244140625,801.0,786.0499877929688,793.2999877929688,3039998
2026-01-01,805.3499755859375,806.5,786.0999755859375,797.2999877929688,2644289
2026-01-02,804.6500244140625,812.2000122070312,797.2999877929688,806.9500122070312,4562526
2026-01-05,805.0999755859375,811.4500122070312,798.0999755859375,810.0,2068765
2026-01-06,799.2999877929688,807.2999877929688,797.5499877929688,805.0999755859375,1710964
2026-01-07,802.9500122070312,809.2000122070312,797.8499755859375,801.0,3691946
2026-01-08,794.5,810.7999877929688,788.5,806.5,2238370
2026-01-09,771.7000122070312,797.75,768.2999877929688,789.0,2293012
2026-01-12,773.8499755859375,793.7000122070312,762.7999877929688,785.0,2279267
2026-01-13,773.4500122070312,780.5,764.7000122070312,777.7000122070312,2207561
2026-01-14,780.4000244140625,784.0,761.4000244140625,774.0,2672389
2026-01-15,780.4000244140625,780.4000244140625,780.4000244140625,780.4000244140625,0
2026-01-16,790.1500244140625,796.9500122070312,779.0499877929688,786.2000122070312,3461231
2026-01-19,787.1500244140625,800.0499877929688,783.0999755859375,790.1500244140625,2156885
2026-01-20,723.4500122070312,796.75,708.4500122070312,792.0,6196941
2026-01-21,691.7000122070312,731.0,671.5,715.2999877929688,7967753
2026-01-22,700.5,710.5,688.4500122070312,699.0499877929688,3505671
2026-01-23,702.5499877929688,711.5,697.6500244140625,701.0,3808963
2026-01-27,716.5499877929688,725.7999877929688,700.0,702.5999755859375,3625276
2026-01-28,715.0999755859375,722.8499755859375,707.5999755859375,720.0999755859375,1299211
2026-01-29,715.9500122070312,720.3499755859375,701.5999755859375,718.9000244140625,2742480
2026-01-30,703.9500122070312,717.1500244140625,699.8499755859375,717.0999755859375,4668042
2026-02-02,698.5499877929688,707.0999755859375,665.0499877929688,669.25,5879658
2026-02-03,739.7999877929688,753.1500244140625,726.8499755859375,742.0,7513174
2026-02-04,758.7000122070312,764.3499755859375,736.75,740.0,4830902
2026-02-05,747.6500244140625,762.0,735.5,762.0,1548274
2026-02-06,741.2999877929688,756.75,736.9500122070312,744.0,2249941
2026-02-09,744.0499877929688,749.0999755859375,734.2000122070312,747.7999877929688,1489737
2026-02-10,746.0,756.2000122070312,740.1500244140625,749.7999877929688,1977229
2026-02-11,749.0,757.2000122070312,743.0499877929688,746.9500122070312,1142581
2026-02-12,744.9000244140625,750.9000244140625,738.7000122070312,750.9000244140625,1117676
2026-02-13,724.2999877929688,742.9500122070312,720.9500122070312,740.1500244140625,1332082
2026-02-16,733.7999877929688,736.6500244140625,716.4000244140625,719.1500244140625,685996
2026-02-17,741.1500244140625,741.9500122070312,728.5499877929688,731.0,472779
2026-02-18,747.6500244140625,757.0,739.75,742.9500122070312,2240635
2026-02-19,765.0499877929688,771.9000244140625,747.6500244140625,747.6500244140625,2242488
2026-02-20,752.3499755859375,770.9000244140625,744.5999755859375,760.0999755859375,2400204
2026-02-23,644.7999877929688,714.75,625.5499877929688,714.75,22336295
2026-02-24,630.5499877929688,653.6500244140625,627.3499755859375,645.0,7889253
2026-02-25,626.2000122070312,635.0,620.5,635.0,5081011
2026-02-26,640.4500122070312,641.7000122070312,622.0,626.8499755859375,4874080
2026-02-27,637.4000244140625,643.25,631.5,640.5499877929688,4377806
2026-03-02,622.8499755859375,638.0,617.25,622.25,2404381
2026-03-04,614.0999755859375,621.0,601.0,621.0,3558558
2026-03-05,629.5999755859375,631.5999755859375,616.0499877929688,621.0499877929688,2530219
2026-03-06,628.3499755859375,635.0,626.2000122070312,629.2999877929688,3095128
2026-03-09,625.0,627.4000244140625,606.25,610.0,4705618
2026-03-10,630.2999877929688,633.5499877929688,622.8499755859375,630.0,1476957
2026-03-11,625.8499755859375,636.2999877929688,624.0,631.7000122070312,1418800
2026-03-12,629.0499877929688,633.75,616.9500122070312,623.5,1299556
2026-03-13,609.4000244140625,628.0999755859375,603.0,628.0,1954960
2026-03-16,608.7999877929688,621.4500122070312,601.7999877929688,610.0,2470861
2026-03-17,615.8499755859375,618.4000244140625,609.2999877929688,612.0,1500040
2026-03-18,631.5,634.0,611.2000122070312,618.0,1491586
2026-03-19,611.7999877929688,628.8499755859375,607.0,621.2999877929688,2849379
2026-03-20,625.5499877929688,635.2999877929688,614.7999877929688,619.4000244140625,4640376
2026-03-23,602.4000244140625,618.0,599.25,615.0,1690435
2026-03-24,620.4500122070312,625.5999755859375,608.4500122070312,615.0,2609729
2026-03-25,625.25,632.8499755859375,621.4000244140625,625.0,1449608
2026-03-27,595.8499755859375,630.9000244140625,593.25,616.5,4252300
