Date,Close,High,Low,Open,Volume
,WIPRO.NS,WIPRO.NS,WIPRO.NS,WIPRO.NS,WIPRO.NS
2020-01-01,113.70918273925781,114.14528842323155,113.02059260518314,113.15831203293828,2827732
2020-01-02,113.98462677001953,114.71911874356006,113.0894609560194,113.20422598357585,2887932
2020-01-03,115.26998901367188,116.0044809396401,113.54851371182313,114.5354900830027,6762808
2020-01-06,115.75199890136719,116.8078385093963,114.83387872128986,115.22408259970315,9133390
2020-01-07,117.15213012695312,117.6800534177716,114.85682974435333,116.25696437867938,8805574
2020-01-08,116.96851348876953,117.58824041357275,115.93562827606304,116.60126401220033,5588820
2020-01-09,116.44058227539062,117.74890625791438,115.98152221200695,116.7160211153011,4990046
2020-01-10,115.56837463378906,117.15213050191174,115.22407957529714,116.5783054044252,4113154
2020-01-13,116.96851348876953,118.39159557901114,116.07334770536413,116.60126401220033,13927198
2020-01-14,118.07025146484375,118.5981677249396,116.853738119209,117.90957764410125,14593554
2020-01-15,113.961669921875,117.51938569989929,113.20422355811161,116.60126549911882,20280902
2020-01-16,114.97159576416016,115.95857914008899,113.38783988732196,113.84689996783743,17623672
2020-01-17,115.26998901367188,116.55535163529152,114.60434629319627,115.6831402842352,8281636
2020-01-20,113.84689331054688,115.13226286176736,113.47964386666952,115.13226286176736,3817166
2020-01-21,113.43374633789062,113.93870821313413,112.92877745794632,113.8009887909038,3015884
2020-01-22,112.85992431640625,115.66018662258955,112.65334167509599,114.1223395458752,6800848
2020-01-23,114.1682357788086,114.35186400604353,112.6303887771571,113.13535064147673,3393088
2020-01-24,114.12216186523438,114.97484744450216,113.49992595543372,114.60611531398995,3421554
2020-01-27,113.08509826660156,114.26042173500548,112.80854743110659,114.26042173500548,3306994
2020-01-28,112.48590087890625,113.43077462280283,111.44884587455182,113.33858632936561,4272362
2020-01-29,113.7303695678711,114.0299604333788,112.11717283641192,112.73940867459517,4009378
2020-01-30,110.94184875488281,114.12215528507465,110.71139206572312,114.12215528507465,4294930
2020-01-31,109.14429473876953,110.22743701108692,108.31464921056066,109.69738941324867,11107276
2020-02-03,109.42082977294922,110.68834152363114,108.42986885378981,109.55910518871048,8463660
2020-02-04,110.73443603515625,111.19534940054713,109.65128681329578,110.15829432841767,6329512
2020-02-05,111.65626525878906,112.00195029055001,109.37474545576273,111.35667437778822,7751206
2020-02-06,112.30155181884766,113.36165409001876,111.37972498008682,111.88673255459754,6112396
2020-02-07,112.43981170654297,113.84559884790043,111.97889835088345,113.84559884790043,5519024
2020-02-10,111.03401947021484,113.2233578091363,110.36569654177153,113.10812947550886,4517992
2020-02-11,111.19534301757812,111.95584721362576,110.52702008272121,110.87270508692093,5460620
2020-02-12,112.67028045654297,113.91474524356715,111.40276859267047,111.40276859267047,6838800
2020-02-13,112.34764099121094,113.29251486563052,111.77149924253807,113.29251486563052,4829910
2020-02-14,111.95586395263672,113.08510742824414,111.54104469876737,112.37069023948652,3619586
2020-02-17,112.37068939208984,112.9237840707382,111.51799678081252,111.95586310836828,2035556
2020-02-18,112.48590087890625,112.85463295371703,111.1953421335582,112.34762547172978,2505274
2020-02-19,114.12216186523438,114.46784691890574,112.6933274968672,112.6933274968672,3570768
2020-02-20,113.24642181396484,114.5600278269071,112.96987799170043,114.30652404842942,4241614
2020-02-24,112.55503845214844,114.21432932222594,111.7253930171097,112.92377053805228,7043950
2020-02-25,112.50895690917969,113.68428038129952,111.74844562565401,112.53199695139386,5059572
2020-02-26,110.57311248779297,112.20935632589578,109.8817424463112,112.02499379469255,7988388
2020-02-27,106.74755096435547,110.13526038407937,106.24054338878722,110.13526038407937,9733628
2020-02-28,102.06925964355469,105.77961350647804,101.2626612834835,105.31870015786593,11274618
2020-03-02,101.76966857910156,104.62732992825535,100.66347232483007,104.07423531760939,11532350
2020-03-03,103.10631561279297,104.07423646684632,101.67748843892805,103.24459102522624,10346226
2020-03-04,105.48002624511719,105.89484545984195,102.53017649347734,103.65941282954346,9036356
2020-03-05,105.87179565429688,107.80763032804813,105.38783522761415,105.57220478838737,5941556
2020-03-06,103.03720092773438,104.16643744923833,102.57628748769349,103.70552400919746,5868566
2020-03-09,98.81983184814453,101.86186315370996,98.17455589022725,101.4931310207656,17462228
2020-03-11,98.22064208984375,98.81982384525075,93.88805218633676,93.88805218633676,12270332
2020-03-12,91.76785278320312,95.38601843917915,91.03038859405936,94.02632543386383,10764010
2020-03-13,90.98430633544922,94.23374735449683,78.00959636984585,91.72177062097089,13043196
2020-03-16,82.84918212890625,89.39415088214592,82.29608746565702,89.39415088214592,11201148
2020-03-17,79.78410339355469,85.52247317254813,78.7009542119986,82.29607973486738,12175374
2020-03-18,78.33222198486328,82.27303251177091,77.66389903772212,81.44338707984622,12733198
2020-03-19,74.82930755615234,78.97752894627638,73.46960714078189,76.0507254856073,11980172
2020-03-20,82.5956802368164,85.63771150339316,74.89842782954535,75.1749786839543,20319490
2020-03-23,78.42440795898438,81.58166739156754,76.05070689044432,76.05070689044432,10720786
2020-03-24,81.28207397460938,83.77100330925788,77.4564916741106,77.66390127983468,12061562
2020-03-25,80.4985122680664,86.65170818938758,78.44744930528584,81.76602395700692,13456292
2020-03-26,84.16278076171875,86.0986154306092,79.50755310033347,81.5586161070505,10247690
2020-03-27,84.5776138305664,87.34309439178384,83.65578697682726,84.41629131796975,13535120
2020-03-30,84.87720489501953,86.37517353499612,82.66482606851565,83.47142456696459,7334804
2020-03-31,90.66165924072266,92.09049351302336,85.56856505246489,86.19080092043002,10615252
2020-04-01,87.34307861328125,90.20073993704072,86.19079525426699,90.20073993704072,9875668
2020-04-03,82.96440887451172,87.38918016101104,81.92735376358031,86.65171593560113,13147474
2020-04-07,88.44927978515625,88.81801191649792,84.37020036244641,86.76694866669666,9562862
2020-04-08,88.91019439697266,92.18268243666652,87.02045362680931,88.2649184331082,10275308
2020-04-09,90.66165924072266,93.54236782763542,89.90115498696966,91.44521056976694,6930346
2020-04-13,87.20480346679688,91.26084230936453,84.3010479867212,91.26084230936453,12384376
2020-04-15,85.98339080810547,89.23283148181827,85.63770577968879,87.59658760738331,22652006
2020-04-16,86.58259582519531,87.45832858146146,82.96442236976581,82.96442236976581,43380846
2020-04-17,86.19080352783203,89.30196889581526,85.52248052204648,88.72582716100356,13212894
2020-04-20,83.4714126586914,87.11262540474547,83.03353933847423,87.11262540474547,16203026
2020-04-21,82.06562805175781,82.91831357807231,80.10674620260343,82.50349435261985,18086618
2020-04-22,82.29609680175781,82.73396316679647,80.68289974836624,81.58167955723106,10621898
2020-04-23,83.37922668457031,84.16278504808085,81.62776148678901,82.68785662239982,11104460
2020-04-24,81.92735290527344,83.33314011418216,81.65080206539697,82.94136092985381,9282278
2020-04-27,83.90929412841797,84.30106633715748,80.89030965492842,82.96442015890094,18283250
2020-04-28,82.82613372802734,84.32410222656672,82.04258238154122,83.93233006981372,13329834
2020-04-29,83.26400756835938,84.09365314150295,82.68786578603478,83.01051081052114,10060582
2020-04-30,88.01141357421875,88.77192491481532,84.60065717893735,85.26898021183946,17667854
2020-05-04,87.5965805053711,88.17272217268743,84.37018716839962,85.0385100958907,17140740
2020-05-05,84.90025329589844,89.41720636419086,83.97842642616452,88.24187569868393,13864778
2020-05-06,86.21385955810547,86.65172591544372,83.4253318654006,85.59162360669052,10885580
2020-05-07,84.85416412353516,85.45334594801123,83.51751097490374,84.80806996796898,11402138
2020-05-08,84.80806732177734,85.7298941404923,84.13974428480508,85.36116200641023,8227344
2020-05-11,85.13069915771484,87.55049438220121,84.85415535184725,85.26897457713864,8787666
2020-05-12,86.21385955810547,86.65172591544372,84.16279617574567,84.90025345310984,7030818
2020-05-13,87.43526458740234,88.26491005719915,85.33810735438206,88.26491005719915,10560968
2020-05-14,85.72990417480469,86.35214016345951,84.39325794441154,85.15376234567294,10324394
2020-05-15,84.71588134765625,85.72988938540371,84.18582673650683,85.72988938540371,6849030
2020-05-18,83.97842407226562,85.26898306031518,82.78005339499015,83.90928987216574,14454486
2020-05-19,84.99241638183594,85.7298805329455,82.04257384335645,84.00145552220063,11486668
2020-05-20,85.24592590332031,85.68379219580204,83.97841414283224,85.26897297828879,15415706
2020-05-21,87.15872955322266,88.35710021193287,84.53151746243749,84.53151746243749,14258230
2020-05-22,87.11262512207031,87.96531765206555,85.93729464636706,87.13567219668798,9177652
2020-05-26,87.02044677734375,89.04846281813106,85.59161249884816,87.11262804592863,11822268
2020-05-27,92.7588119506836,94.71769369374151,86.51343463386773,87.38917422114021,36165936
2020-05-28,91.8830795288086,93.79586712630052,90.3620640607051,93.79586712630052,24695246
2020-05-29,98.08236694335938,99.05028080452632,90.40815508171471,91.88308349812516,61260422
2020-06-01,99.11943054199219,101.86186393360863,98.35891919328779,99.32684017055502,26749248
2020-06-02,99.4881591796875,100.73262394028875,97.22967932313387,99.14247413324381,12812554
2020-06-03,97.41404724121094,100.22561468459253,97.045315124691,99.60338583138406,16844202
2020-06-04,99.67251586914062,101.37789392481434,96.8609415100446,97.41404317824568,14794936
2020-06-05,100.82479858398438,101.5161686314174,99.09637346540178,101.40094029017857,14491168
2020-06-08,104.37383270263672,104.76561188585674,99.48815513148689,100.94002945428115,24427392
2020-06-09,100.64044189453125,104.3047019520829,100.08734019808705,103.29069389690221,15690504
2020-06-10,100.01820373535156,101.88490433608662,99.37292781476712,101.40094387915826,14787292
2020-06-11,98.12844848632812,100.31778687840291,97.87495177257676,100.01819601688975,12497490
2020-06-12,95.82389068603516,96.5613549210587,95.08643348399178,95.86998483809168,12418688
2020-06-15,98.54328155517578,100.4330221838872,95.93911675148003,97.69058899327062,28511450
2020-06-16,97.89800262451172,100.4330263058082,96.60745074041775,100.22561668393453,15921712
2020-06-17,100.38693237304688,100.82479866350384,97.27576715714447,97.71363344760144,27938908
2020-06-18,100.54826354980469,101.07831822257259,98.93506651899794,99.92603462913921,12408426
2020-06-19,102.34580993652344,103.29068370288675,99.09636943902014,100.47910947770413,22447354
2020-06-22,100.50216674804688,102.20754489551351,99.92602500680948,101.93099404652746,12961806
2020-06-23,101.677490234375,102.46104154136025,98.17454587811423,99.09637259997446,14850298
2020-06-24,100.57129669189453,103.24459566481154,100.27170581230916,103.24459566481154,16492172
2020-06-25,100.57129669189453,102.3227689178043,99.234650721926,99.99515497501501,10193692
2020-06-26,103.91292572021484,106.01008311894661,100.61739768862238,101.07831109348736,38389012
2020-06-29,101.2626724243164,104.12033409351305,100.80175902499501,102.34582172591384,13374148
2020-06-30,101.23961639404297,102.299718525322,100.47911216561438,101.21657635249885,11001386
2020-07-01,100.96308135986328,102.5071370252312,100.6404433874715,101.86186108044764,7905234
2020-07-02,103.33678436279297,103.91292612109687,101.1935398350946,101.86186286813104,14359882
2020-07-03,103.61332702636719,105.31870508949164,102.62235906066063,103.3367761910584,10838912
2020-07-06,102.62236022949219,104.74256456972817,102.13840681165959,104.12032869968631,15175628
2020-07-07,103.659423828125,105.27262077452167,102.32277774287427,102.87587243218559,18235138
2020-07-08,102.82978057861328,104.94997796223589,102.5532297301937,104.46601749399174,14152368
2020-07-09,102.13841247558594,103.52115267859668,101.23962571724466,103.35983017505328,13417996
2020-07-10,102.3688735961914,102.99110249462476,101.17049588864616,101.86186602000365,9097518
2020-07-13,104.90387725830078,105.54915311041289,102.57626352328752,103.22153937539963,24694620
2020-07-14,103.70551300048828,106.79363131435122,103.29069376167841,105.27261571708135,27877134
2020-07-15,121.10499572753906,123.84743608115019,108.31464889047261,108.77556229000653,260735176
2020-07-16,120.71321105957031,123.73220212941207,117.55595863549264,120.98976189996225,104555854
2020-07-17,120.459716796875,121.61200026716085,118.45474074538555,119.19220497956057,37713024
2020-07-20,124.81531524658203,126.0828268137927,119.37654396638828,120.45969302792348,42789980
2020-07-21,125.06883239746094,129.79319393510147,124.17004579562406,128.36435982759903,65998100
2020-07-22,122.60297393798828,125.76023378680178,121.51982455053175,125.57587122565128,25167708
2020-07-23,122.87950134277344,123.73219384943759,121.01279384451529,123.66304559449688,20736656
2020-07-24,124.70011901855469,125.27626078830583,122.39555193955009,123.06388201884589,44244246
2020-07-27,123.91656494140625,125.92154095622642,123.13300656955833,124.70010924729408,27980494
2020-07-28,126.95860290527344,127.5577847047833,124.1239742146207,124.1239742146207,28087614
2020-07-29,127.67301177978516,128.13392517971218,125.52976728331664,126.19808327363441,21567278
2020-07-30,130.94552612304688,132.18998411407983,129.1018721517712,129.1018721517712,51694590
2020-07-31,129.49362182617188,134.03360743963572,128.4104725525082,133.48051981429023,33401320
2020-08-03,129.77017211914062,131.26814078429055,128.8253052028923,130.4385022268999,17817526
2020-08-04,129.53968811035156,130.5997972280784,128.24913638942016,129.77014477951494,16239042
2020-08-05,128.22610473632812,131.10681328930136,127.85736560197171,129.63188488379515,14690906
2020-08-06,128.89442443847656,131.01462880846344,128.01869182603596,129.37839192906017,20305210
2020-08-07,127.85737609863281,129.90844638311964,127.39646269231766,129.53970721849097,14642400
2020-08-10,127.85737609863281,129.60885548220696,127.48865099996505,129.05575376824441,12621492
2020-08-11,128.89442443847656,131.19899134803617,128.27218855970344,128.59483355342584,20157816
2020-08-12,127.30427551269531,129.37838563032167,126.54375721679807,129.24010318290425,17807334
2020-08-13,127.67301177978516,129.90844458262336,126.65899667356143,128.08783102652734,19307912
2020-08-14,127.44255065917969,129.40143254092115,127.16599981562415,128.36437742705803,13163422
2020-08-17,129.9545440673828,132.00560034162922,127.97260792680838,128.4104813010877,29094008
2020-08-18,130.30020141601562,132.46648558419187,129.83928809521748,131.2450680972685,24108414
2020-08-19,128.94052124023438,131.79818989321177,128.71006454454138,131.5907732407039,18745042
2020-08-20,126.3824691772461,128.5948480331522,125.92155574343552,128.5948480331522,19783530
2020-08-21,125.99068450927734,128.57180244044315,125.69109360341906,128.57180244044315,15939272
2020-08-24,125.69107055664062,126.49766888310909,125.32233145353706,126.05979559378564,12309628
2020-08-25,124.423583984375,126.61292274044263,124.14703311778472,126.45160022943485,15592276
2020-08-26,125.39149475097656,126.61292661025219,123.5248009598707,124.42358778726941,19265334
2020-08-27,125.52976989746094,126.84337592780079,125.13799068617207,125.82936080046031,12380336
2020-08-28,125.39149475097656,126.7511950147927,125.0458096736635,126.61292661025219,15199568
2020-08-31,125.0457992553711,129.97757824052712,123.52479066830237,126.2902710563987,41141934
2020-09-01,125.18409729003906,128.77921661549286,123.98571949290034,124.90754640362823,24586106
2020-09-02,126.15199279785156,127.4425445849866,124.99970939292402,125.78325366869903,16863810
2020-09-03,130.36935424804688,132.67392118166637,126.52072465571025,126.98163804243416,49790330
2020-09-04,127.21209716796875,128.82529405234516,126.79727792517835,128.45656896230048,21415428
2020-09-07,128.47959899902344,128.82528401875174,125.13797714164974,127.4425439398385,16651534
2020-09-08,130.23104858398438,132.25907837692267,128.36435532680002,130.069740180146,44589722
2020-09-09,130.36935424804688,133.41138541361667,128.36437820260585,128.9635599789628,45588720
2020-09-10,131.15289306640625,132.21300225099495,129.56275038846275,132.1208139511317,19035804
2020-09-11,135.18588256835938,137.5595976199777,130.20802391754157,130.20802391754157,83871852
2020-09-14,141.59259033203125,142.21481211752086,135.11674916096354,135.16284331032264,76179084
2020-09-15,141.6617431640625,143.45930269792862,139.541538608186,141.59260896390637,56312624
2020-09-16,143.8740997314453,144.49633556861684,140.14069877437532,141.5003987864924,29986974
2020-09-17,143.6667022705078,145.97126910791758,141.59259211683903,141.61563215882924,53623304
2020-09-18,145.87908935546875,147.03137284168886,143.9202074288945,144.7268058692486,36975462
2020-09-21,143.75889587402344,149.56640789997277,142.8601231259118,145.602549592359,45477692
2020-09-22,143.9202117919922,145.99432213006733,140.0946361281491,145.3720862154526,47020668
2020-09-23,145.11859130859375,148.32193109846932,143.4132060492635,145.18772550754798,44278872
2020-09-24,140.4403076171875,144.4502454438408,139.40325254833516,144.4502454438408,35838302
2020-09-25,144.6807098388672,145.30294572654248,140.20985840993438,141.17776527302888,44013790
2020-09-28,143.59754943847656,146.10953283762063,142.698776840092,145.1877061320205,24921524
2020-09-29,143.57452392578125,146.82395776545397,143.11361052634052,145.18772082382372,29660738
2020-09-30,144.51937866210938,145.57948783159588,142.69877932640347,143.80496857920545,24786634
2020-10-01,144.28892517089844,146.50131779136223,143.82801179988013,145.83298777700173,18514618
2020-10-05,153.9220428466797,154.86690973504767,145.27991618735783,145.27991618735783,77811262
2020-10-06,152.1244354248047,154.54423035138774,148.87500214977644,154.40596198196627,55159848
2020-10-07,154.5442352294922,155.12037689686423,150.02729018367887,150.71866018452533,35479916
2020-10-08,165.67530822753906,169.50088338176354,159.6834347157432,161.78058481848814,214540492
2020-10-09,172.38160705566406,173.3495279833398,164.66130780918712,166.85064640147164,110861504
2020-10-12,173.9947967529297,175.05489187497423,170.1231272675134,173.76434006848874,105931918
2020-10-13,173.2803955078125,175.93064751424478,171.89765533054347,173.90261733481518,72176286
2020-10-14,161.527099609375,168.2333836604129,160.5361245898401,168.2333836604129,148263902
2020-10-15,157.447998046875,163.27854892134746,156.2265805223347,161.7805805826195,77922358
2020-10-16,156.5492401123047,160.4439641332732,156.06528664823793,158.04720872560623,50488458
2020-10-19,158.18548583984375,159.70649444628114,156.0883214125888,157.83980078692971,25693748
2020-10-20,159.82171630859375,161.08922811781835,157.56324353444015,158.89988953824857,33993548
2020-10-21,158.3007049560547,161.36577609989374,156.2957289529251,161.13531941139516,19934922
2020-10-22,158.7615966796875,160.49002160768833,157.10230593561508,157.1714401195435,19082496
2020-10-23,157.81674194335938,159.98304050302562,157.30973440110125,159.89085219862946,17346096
2020-10-26,156.61834716796875,158.96900801309457,155.18952706799158,158.415920445156,17390338
2020-10-27,153.9680938720703,156.59530550695905,152.58535386759385,155.92697554507862,19821156
2020-10-28,154.70555114746094,156.6413926941026,154.12940950452688,154.7516452920873,17969178
2020-10-29,155.53521728515625,156.71054071412848,152.63145470881886,153.78373809642275,14479922
2020-10-30,157.03321838378906,159.01514059672567,155.9961631190278,156.3648882534469,22991068
2020-11-02,154.3137969970703,157.51715067671913,153.80680352198377,157.51715067671913,9662266
2020-11-03,154.70555114746094,156.45703018155533,153.3228112044192,154.63641696350047,9515596
2020-11-04,158.07025146484375,162.03409533442792,155.5582678830154,155.7887245761754,30763800
2020-11-05,159.199462890625,160.85875370767818,158.57722707598523,160.3748003329354,11204872
2020-11-06,159.3607940673828,160.85876248594823,158.27764485922822,159.54515659801436,10915586
2020-11-09,162.2184600830078,162.61022517997228,159.9369333611268,161.31967341900395,14214570
2020-11-10,157.77064514160156,161.6653688485859,157.2405975651261,161.6653688485859,18099240
2020-11-11,159.82171630859375,160.28262969376635,157.4019210364377,158.78466119195545,15275758
2020-11-12,159.2686309814453,161.64234641170077,158.69248919079334,160.39787451750783,10228848
2020-11-13,158.62332153320312,159.59124235054256,157.95500563658112,158.7846440137528,9455776
2020-11-14,159.22251892089844,160.19042568207976,158.1393697587644,160.00606315928138,1498484
2020-11-17,160.72048950195312,161.55012789901667,158.41592277015548,159.9369311867583,13307668
2020-11-18,159.15338134765625,162.40282905212348,157.54018454948323,161.20445147457443,14815616
2020-11-19,157.908935546875,161.0892352318218,157.44802214134762,160.25959672825684,22113702
2020-11-20,159.61431884765625,160.62833404332454,157.65543672517668,158.46203524619767,12362786
2020-11-23,164.0160369873047,164.7304471343358,159.47603716240815,160.39786396681512,20666694
2020-11-24,163.85470581054688,166.57409192641882,163.62424912164315,165.46790263287295,20184882
2020-11-25,161.31968688964844,165.37571910506114,161.1122702372633,164.96089986625125,13624676
2020-11-26,163.55511474609375,164.269524854516,160.02913022298395,161.7805954303185,14732740
2020-11-27,161.55015563964844,164.77654961818635,160.32873787525136,163.55513185378928,24804168
2020-12-01,162.63327026367188,163.11722363069364,159.59123949193358,162.5641360778057,21387134
2020-12-02,165.42181396484375,166.06708990196998,163.25552945692277,163.3707578051939,18868154
2020-12-03,166.06707763671875,167.7724626915607,165.0069825373042,167.7724626915607,21394090
2020-12-04,166.29754638671875,167.03501062790687,165.46790790660742,166.4358288440443,14854786
2020-12-07,165.2144317626953,167.19635397111622,164.77655835885335,166.8506688836501,16784766
2020-12-08,167.63418579101562,168.23336750093685,165.19133667265967,166.06706919714404,23626602
2020-12-09,165.6983642578125,169.50089973799874,164.77653747473707,169.50089973799874,36275376
2020-12-10,164.0390625,165.0069833720784,162.58718822486216,164.17734494798808,13794794
2020-12-11,162.93287658691406,165.92881349728165,162.5410974085202,164.73043591994266,11727232
2020-12-14,161.0200958251953,163.4168370168268,159.98304069630737,162.93288358306324,23003678
2020-12-15,162.56414794921875,163.11723554249647,160.1673928471368,160.99703127003312,14463562
2020-12-16,165.1913604736328,165.44487128432465,162.7946192226638,163.11725016450694,13332544
2020-12-17,164.49996948242188,165.5831186528417,163.85469361471183,165.19133949767382,8330742
2020-12-18,167.56504821777344,168.6021032890136,164.7765279859338,165.4448579915613,34796162
2020-12-21,163.14031982421875,169.36265134468988,160.5592017136457,167.08112416079896,19330126
2020-12-22,167.8646697998047,168.5560399158402,161.06619699212223,163.16334738437885,16372078
2020-12-23,177.7051544189453,178.6500353214783,171.32151512929954,172.38161031501298,89748866
2020-12-24,176.1610870361328,178.23519709982688,174.52483621297648,178.11996876295498,24480344
2020-12-28,176.48374938964844,178.0969463933307,176.0689301161796,176.73726021551832,9451758
2020-12-29,177.45164489746094,179.9866683959961,176.5759123202498,176.9907315340909,22918252
2020-12-30,177.17510986328125,178.18912497948932,176.43764560294454,177.4516607191526,14376870
2020-12-31,178.02780151367188,178.6500374195332,175.7001944600716,175.7001944600716,12789210
2021-01-01,178.88047790527344,180.10189549660103,177.47468371709982,177.47468371709982,10084672
2021-01-04,182.7060546875,183.42047884131912,178.74219694366744,179.75621197091283,19511442
2021-01-05,187.2690887451172,188.88228547241292,181.36940348310506,181.64595430669044,50313494
2021-01-06,187.31520080566406,192.3852481477099,185.8863664688045,186.66992486623215,44972600
2021-01-07,187.4765167236328,190.35722533954603,186.13987073904107,190.01154030563646,24689510
2021-01-08,198.28494262695312,199.41417197364248,187.7069748802458,187.8222032257831,81986460
2021-01-11,205.9360809326172,207.87192264572383,200.49730898201744,200.9582223359991,94668036
2021-01-12,210.96005249023438,212.36583262512374,203.908069576075,206.46614718780364,44268930
2021-01-13,211.55923461914062,215.45395818132346,208.70156612862021,212.48106134950723,58380386
2021-01-14,209.416015625,214.78565416595666,198.19277101150504,208.33286627255882,143103614
2021-01-15,202.13356018066406,211.74360710986787,201.23478751586504,209.6003626741652,50615558
2021-01-18,198.9071807861328,205.1064719118763,197.77795134664422,203.26281823176953,43021174
2021-01-19,198.3079833984375,202.59447224179303,197.132659896022,199.57549520400568,31355580
2021-01-20,205.08340454101562,206.4200504678,199.57548427921247,200.03639763782496,48839358
2021-01-21,205.4751739501953,209.00117247025972,203.86197716123607,208.14847992576074,31822754
2021-01-22,205.4520721435547,208.80120654049853,203.46569462302088,206.69934162696663,22797624
2021-01-25,201.9874725341797,208.33927984657527,201.01737550695162,205.6368717341484,14760338
2021-01-27,206.23739624023438,210.07157212654573,201.987454452627,202.33391663865206,59180420
2021-01-28,199.51602172851562,207.23058539012823,197.39105083092332,204.75915230589314,29624870
2021-01-29,193.04873657226562,202.19534718433857,191.9631521840228,202.05675384467472,31264842
2021-02-01,194.71176147460938,195.77423994326665,188.56783727351862,192.21723638911325,30163704
2021-02-02,197.87611389160156,201.202142551574,195.704945133533,197.7144287121568,26620996
2021-02-03,200.25515747070312,203.23473811708604,198.730729385046,198.730729385046,19795332
2021-02-04,198.59214782714844,201.82579531383524,197.8299337390891,200.25516935410423,14386598
2021-02-05,196.58265686035156,200.2089642283824,194.2729087402789,199.5622375742788,17358052
2021-02-08,201.08663940429688,202.19532963504787,196.9290933317263,198.79999752293222,25032680
2021-02-09,202.9575653076172,208.68573768976762,201.04047723302756,203.37331713983443,58949660
2021-02-10,202.79586791992188,205.17490546438623,200.94806957896586,204.18171667563888,21215470
2021-02-11,201.87196350097656,203.4887870072773,200.20894221783652,202.79586264743412,18474052
2021-02-12,204.1817169189453,207.50775957566253,203.0730407325671,203.25781774736637,38561668
2021-02-15,203.1192626953125,205.52139236888078,201.77959745894805,205.38281311567687,15689754
2021-02-16,202.1260528564453,206.86103651449275,200.39374176203773,206.02953282821062,24907596
2021-02-17,198.73072814941406,202.79587908427973,197.94540817224114,201.36383247168501,14780384
2021-02-18,200.0010986328125,201.71030381111854,198.33807713959757,198.77692083105086,16771472
2021-02-19,198.61524963378906,201.29455185652913,196.83674073361217,200.09347999552762,16957332
2021-02-22,193.41831970214844,199.95490428170748,192.17105003643596,198.9617153762764,21332174
2021-02-23,191.94004821777344,196.79051875035253,191.38570308930292,193.88024206983798,17984706
2021-02-24,195.4508819580078,196.6981374410176,191.59359991181566,192.95635689440496,10120594
2021-02-25,194.61935424804688,198.17637168658266,194.22670837941453,195.45087195842822,18220784
2021-02-26,189.5379180908203,193.94954529570245,188.47543963387832,193.07184386202212,23463882
2021-03-01,191.43191528320312,193.4183070618344,189.0297857732827,189.8612894310276,12843392
2021-03-02,198.82310485839844,200.07037441641484,193.21042004249063,193.88025260097777,29750468
2021-03-03,201.17906188964844,201.7103011394155,197.82992710503316,200.024187825988,17564904
2021-03-04,202.7034912109375,205.244214165985,197.4834660514189,198.13019271136878,25927594
2021-03-05,194.4114990234375,203.25783136444136,192.63299017948194,203.25783136444136,87862344
2021-03-08,192.5867919921875,196.39787632223442,191.9631571913904,196.37478448047966,24709676
2021-03-09,193.64926147460938,195.31226861497922,189.42241171635422,193.9264199329498,23811258
2021-03-10,197.11390686035156,198.96170532504638,195.40468764147548,196.83673427113064,34582736
2021-03-12,196.4209747314453,199.9317803985867,194.98892815796242,199.33125156015015,17920252
2021-03-15,196.9522247314453,197.99161138396516,193.00254699331964,196.23619435671475,15034204
2021-03-16,198.31494140625,200.92496771065103,196.6288283237974,197.367950442807,21347294
2021-03-17,193.8571319580078,201.17903537617488,192.95633876561888,198.17636320638124,24269624
2021-03-18,189.4686279296875,195.93592240850955,186.7662199172345,195.52017058295905,20165862
2021-03-19,189.63031005859375,191.0854484733879,184.5257726375844,188.9142938204264,33750804
2021-03-22,191.45501708984375,192.28652072964144,189.4917312926042,189.8843771739857,13245968
2021-03-23,191.94004821777344,195.5894470370546,190.64659504811857,192.95634292077528,23150388
2021-03-24,189.86131286621094,191.91699452046305,189.02980910583088,190.02299806894735,10280694
2021-03-25,184.61814880371094,190.18464976084647,183.74044741183215,189.72270017590156,25474258
2021-03-26,186.5814208984375,188.3368376514361,185.08008485713185,186.99717267497508,18066738
2021-03-30,193.14111328125,194.2266975635386,187.0895712437267,187.0895712437267,26339126
2021-03-31,191.31642150878906,193.92643389500694,190.94686747267394,193.92643389500694,14890268
2021-04-01,192.35580444335938,195.33538490670927,191.4088134328033,193.48758656604764,15193886
2021-04-05,196.5364532470703,197.66822125259353,192.26341965822476,192.37890705251786,42432790
2021-04-06,197.32177734375,198.13018917866916,195.1044248070052,197.69134549826322,16641040
2021-04-07,202.33395385742188,202.795903523763,195.58948590932414,196.32860819498697,27735300
2021-04-08,204.22793579101562,206.00644469951743,203.25783874114336,204.15864616550704,25833228
2021-04-09,207.9235382080078,208.50097526474102,203.25784397008667,204.59749512219082,23398770
2021-04-12,199.83941650390625,207.92353518045923,198.36117202116003,207.87733739707636,30172534
2021-04-13,193.5338134765625,202.12606577595753,190.60043034968595,199.56225083139364,40840640
2021-04-15,198.9617156982422,200.69402684921045,191.70910070715468,193.51070148464484,53517782
2021-04-16,216.74676513671875,218.80243246624346,201.4100322698014,204.04315071603173,218723272
2021-04-19,218.3866729736328,220.7888165279762,213.0049629636564,213.8826643824262,87619710
2021-04-20,217.1625213623047,220.6040376073149,216.10002876708475,219.88802132815795,35461382
2021-04-22,224.80776977539062,228.4340769509537,217.8554339420035,217.8554339420035,85241858
2021-04-23,219.7494354248047,225.1311455693499,219.12580063091175,223.37572859033335,27192006
2021-04-26,221.8743896484375,223.51431920478151,220.34996159092975,221.45863782344296,18629288
2021-04-27,224.0686492919922,224.96945665685885,222.19775903890988,222.38253606058984,14418934
2021-04-28,226.0319366455078,227.83355138752228,222.31324795511014,224.43821896287304,19231068
2021-04-29,226.2860107421875,227.6487535817329,224.36892275251944,227.60256990054168,15282266
2021-04-30,227.6256866455078,236.42582170783768,226.03195473772317,227.04824959161255,58231142
2021-05-03,225.13113403320312,229.12699514104557,223.23713790707714,225.4083066049064,17199462
2021-05-04,222.63662719726562,225.5699960351749,220.71952497726136,225.1080464106117,16204858
2021-05-05,226.63246154785156,229.12698640288266,223.26022123296957,223.95314558701054,23713182
2021-05-06,236.6567840576172,237.81165810454598,225.084951746424,228.06453242653373,48827088
2021-05-07,238.01954650878906,238.6200753878757,234.4394368815341,237.44210947213503,29333162
2021-05-10,242.96240234375,244.1403682069451,237.09563667401054,239.10510619386298,25088944
2021-05-11,239.4746856689453,241.73822180839517,237.4651879771536,239.26680270839222,15298998
2021-05-12,234.4856414794922,241.39178018005632,233.21527996192927,240.19072238697336,15742214
2021-05-14,230.25880432128906,234.85519479319981,227.62568572711672,234.4394429355895,13599758
2021-05-17,230.88241577148438,232.68403057796473,228.66506322170136,230.2587950589467,11505300
2021-05-18,234.69349670410156,237.81165661122913,231.3905597701424,231.89870716711692,18761492
2021-05-19,236.35650634765625,239.19749352399256,233.35383399431583,234.80897239218734,14980792
2021-05-20,234.78590393066406,238.82796327034592,232.63784092966424,238.36601363152513,12584608
2021-05-21,236.8415985107422,238.31984307544315,235.20166874402938,235.59432877817667,10395006
2021-05-24,237.85787963867188,239.52088705568744,235.43262994409187,236.47201662851867,14873624
2021-05-25,239.08201599121094,242.45424251892626,238.22742048729336,239.01274046652847,15909128
2021-05-26,243.56292724609375,245.04117160904823,237.7885572307762,237.85786094902645,17646380
2021-05-27,249.86859130859375,251.76257370426396,242.5466720186242,243.56296694600582,58822252
2021-05-28,248.8522491455078,249.59135720958085,246.05745977207724,248.99082838312586,11757252
2021-05-31,249.01393127441406,249.7068556884205,245.31833439971305,248.8522601892125,10772410
2021-06-01,250.74624633789062,252.6864403673129,249.29112196219918,250.33050859990752,11930088
2021-06-02,250.838623046875,251.7625222109519,246.21912722649057,250.35358162476763,9427136
2021-06-03,249.01393127441406,254.02610145282725,248.66746906741082,252.0859074545759,11275982
2021-06-04,250.00711059570312,251.993488089179,249.66064842142836,251.06958895777964,9543432
2021-06-07,253.26385498046875,254.6266118683706,250.70004047332455,251.6239396251001,8696866
2021-06-08,254.34950256347656,256.613067451832,253.6796980308569,254.07234401171485,10859468
2021-06-09,251.39297485351562,255.57361304283802,250.4690756649288,255.45812564426464,12413798
2021-06-10,256.0355529785156,256.6129899495993,252.0165860207401,252.0165860207401,11441488
2021-06-11,256.0586853027344,258.20676245285546,254.7652319220371,256.38205569670095,11224718
2021-06-14,259.4308776855469,259.98522283091245,255.45812250156337,255.87388840937888,11904318
2021-06-15,257.7216796875,260.5395608225863,257.30591379110024,259.3846868827698,7674490
2021-06-16,256.49755859375,259.86978560259405,255.6891466576148,258.64563587354894,10994538
2021-06-17,258.09124755859375,259.384700801563,253.8643974339836,255.22715439512655,8798696
2021-06-18,253.97988891601562,259.5925879329761,252.24757788549283,258.69178055807095,20014232
2021-06-21,250.44598388671875,251.64704155411496,247.23542856654544,251.64704155411496,10781642
2021-06-22,257.0980529785156,258.6686929499607,250.51527095479796,251.87802796014483,11505842
2021-06-23,249.52207946777344,259.084413315468,248.71366769450307,258.69176744651696,22485404
2021-06-24,253.63343811035156,254.3263625537066,249.08324554372066,250.33051518079327,17337360
2021-06-25,252.9174041748047,254.53422776313676,249.6837569981405,254.00297444890418,10079644
2021-06-28,252.8712158203125,254.4418275028546,251.41606333963756,253.9567860743514,6519660
2021-06-29,250.6538543701172,255.8046039489163,249.9147462507697,253.05599805074772,15855760
2021-06-30,252.06277465820312,253.14834478569742,250.3766475800146,251.69319247464915,8586644
2021-07-01,249.15249633789062,252.1782886629751,248.5288756788443,251.7625227601675,8658748
2021-07-02,248.80604553222656,250.5152647067186,246.49629751133637,249.49896993849364,8314614
2021-07-05,247.76666259765625,250.79245510603346,247.3971085478659,250.79245510603346,6878338
2021-07-06,246.03436279296875,248.66748133512834,245.6879005688732,247.85906947890544,8386882
2021-07-07,245.82650756835938,247.78979350133645,242.56974011163956,246.7041949507072,10755374
2021-07-08,245.2952423095703,248.04384812137565,243.90939348296257,246.63490745335776,9131020
2021-07-09,242.89308166503906,245.27213326188763,241.71511588409217,243.63221790447807,11449216
2021-07-12,242.9161834716797,245.82648847893597,241.6920339609255,245.17974776728664,7731112
2021-07-13,242.45423889160156,244.6023158327889,241.41485228041407,243.90939142533057,8344716
2021-07-14,259.47711181640625,260.2162199435088,242.80071332016524,243.1009918565825,58696166
2021-07-15,266.03680419921875,267.7691153182573,258.22984414468436,259.15374340817164,62132402
2021-07-16,266.8913879394531,272.2038084696197,262.52595847345685,267.9307745649205,73815654
2021-07-19,265.0666809082031,269.778572575089,263.31127802705606,264.48924389498586,21715702
2021-07-20,262.4335632324219,267.0761793879751,259.4077989136244,265.9443971998295,21047054
2021-07-22,269.8709716796875,270.2405257339655,263.7732311010159,266.59111248444856,24086770
2021-07-23,276.7771301269531,278.0012797206588,269.64000275510597,270.93345607088656,28114910
2021-07-26,272.7581787109375,277.4007670923501,271.74188383359694,277.2159759527721,12199806
2021-07-27,273.2201232910156,274.69836779468096,269.84789652010863,272.0421573347961,7966274
2021-07-28,273.45111083984375,274.0978234561164,269.3166556838788,272.9891611731475,9147860
2021-07-29,272.7581787109375,276.2458929579107,271.58021273284317,274.2133032032296,11668940
2021-07-30,271.23370361328125,273.93609734272803,270.24050075125785,272.0189953328371,6356412
2021-08-02,273.5896301269531,275.0447825361287,268.97013447263566,271.71874002598736,9247796
2021-08-03,276.8926086425781,279.01756557918736,274.46737318017625,279.01756557918736,10331214
2021-08-04,275.6914978027344,279.0175403465607,274.5366238774589,278.78656556150554,9018712
2021-08-05,277.5854797363281,283.8679819730454,276.01484007956816,276.01484007956816,22588728
2021-08-06,276.2458801269531,280.1262683165026,275.4605601129767,278.90209051278924,10540400
2021-08-09,275.6914978027344,279.94143948678106,275.09096900062394,277.16974206611985,9293502
2021-08-10,278.9482421875,281.3042019590733,273.9822842099313,276.4306395363993,14055564
2021-08-11,277.7471618652344,280.1723969584443,276.4537087878882,278.0474403453158,8565026
2021-08-12,279.8721923828125,281.28116141277144,277.470076688496,278.0936974562186,7905016
2021-08-13,284.3299865722656,286.6166427938054,279.9414652523038,279.9414652523038,16729368
2021-08-16,283.6601257324219,286.8244971807383,282.02021041002047,284.6071167049215,7144852
2021-08-17,293.2918395996094,294.28501441489334,282.3436274221908,283.52159337273014,23645544
2021-08-18,290.7510681152344,295.27816822295125,288.53368764232783,293.6844365812362,13847154
2021-08-20,286.4318542480469,291.92906596584635,285.48486317267253,287.5636364482017,12341386
2021-08-23,290.4969482421875,294.23875632111003,288.0255295553426,289.18040337072085,14072750
2021-08-24,292.66815185546875,293.79993396969945,288.3027226692445,293.79993396969945,8967436
2021-08-25,291.7904968261719,296.9412183146143,290.8203856802244,293.3380168179316,12815436
2021-08-26,290.543212890625,294.9548260277308,289.1804559018942,292.0445491233425,8416702
2021-08-27,293.3149108886719,293.79995234076716,288.85708586832783,290.7972798718757,8743108
2021-08-30,292.1600341796875,295.41677326547295,291.2823186495421,293.7768578019379,8743710
2021-08-31,296.0866394042969,296.8257475802027,290.52015165559163,293.15324215423715,15591816
2021-09-01,296.5947570800781,299.04308450297316,293.45350520569383,297.4031689401489,9450444
2021-09-02,300.9371032714844,303.500918174104,295.9942364080017,297.95752240836697,9077556
2021-09-03,302.6231689453125,303.3623052157281,300.03626248677233,301.6530860721514,7549940
2021-09-06,317.1053466796875,318.14473340463684,303.33925258383687,303.33925258383687,24676832
2021-09-07,311.4695129394531,318.7452190259142,310.77658855026635,318.7452190259142,12812218
2021-09-08,305.9030456542969,312.00078631024587,304.88675084577744,312.00078631024587,13432462
2021-09-09,305.9723205566406,306.98861536308766,302.11505249475164,305.3025161615247,11611460
2021-09-13,309.8526916503906,310.3608249281431,303.8935305813589,305.9723037642538,11177578
2021-09-14,311.0999755859375,312.13936222545124,309.50624376631635,309.96819338387803,7322676
2021-09-15,311.37713623046875,314.37980876537233,309.50624590544686,311.35404438846444,8290832
2021-09-16,308.5130310058594,314.4721921610879,307.19648591571564,314.0102425582071,9315692
2021-09-17,307.3119812011719,311.5388314540462,306.1571071643392,310.15298260984696,10815562
2021-09-20,306.0415954589844,309.73719208339475,301.83786557678343,303.8473349632407,9092860
2021-09-21,308.3975830078125,309.04432381254344,303.54711155783986,305.1177516863751,7367102
2021-09-22,308.6516418457031,311.5850105782696,306.2725900865719,309.0442877344142,9583304
2021-09-23,311.49261474609375,312.7398843255687,310.15297780123774,310.84590221259424,6462586
2021-09-24,312.5089111328125,322.9720810763015,311.8159867178839,314.3567095726222,24253176
2021-09-27,302.06884765625,313.3634925560691,300.72918256950254,313.22491331834203,16798164
2021-09-28,295.46295166015625,302.0688534689728,293.4534821865321,302.0688534689728,16224924
2021-09-29,295.9942321777344,298.6504426108549,289.80409571639484,291.00518169890694,17679132
2021-09-30,292.9222412109375,298.7659151510228,292.2062249427671,295.0703182106159,12027918
2021-10-01,293.9153747558594,295.5321980354594,291.12058586872575,293.24554232956444,8417708
2021-10-04,296.1327819824219,297.31074780963115,293.77685032800326,295.6015568657257,10494244
2021-10-05,298.81207275390625,300.0362504116347,292.8991238043804,294.007814067801,10912148
2021-10-06,293.6844482421875,300.47511277097306,293.0608275813987,300.4520209307892,9673198
2021-10-07,297.0104675292969,299.5973737200637,294.215678402895,295.1857611756418,7448686
2021-10-08,305.4179992675781,308.37445988679025,297.9575017064733,298.4887550418462,22091966
2021-10-11,301.56072998046875,307.7970503402471,293.3380317377209,299.782235081859,20422932
2021-10-12,304.4709777832031,305.99543405789547,296.8257173488576,301.1911468183097,18680432
2021-10-13,310.7073059082031,311.67741703596545,303.0389534258002,307.1965000429224,18925882
2021-10-14,327.1758117675781,341.7734081871542,321.05497942600323,321.97887864737305,118377606
2021-10-18,327.8687438964844,332.9732815755998,324.47342545614464,332.14177789583977,21198892
2021-10-19,328.7002258300781,337.20010958236486,327.06031042109583,331.26404042104093,21865148
2021-10-20,324.2655029296875,333.8740482467707,321.40140998642784,329.6471984471445,16108782
2021-10-21,321.655517578125,327.52228344243196,314.9110643452477,327.4991916002636,15916912
2021-10-22,315.234375,325.9053980155704,313.31727314537295,324.17308725361664,10758302
2021-10-25,308.4437561035156,316.0659245663941,305.2562925591545,315.39609200183514,17621916
2021-10-26,308.6516418457031,313.57138825352325,307.1964893025193,309.991278791727,12193966
2021-10-27,310.0143737792969,311.6081055820136,306.48047615953385,308.65164497807785,12631178
2021-10-28,303.4547424316406,310.24537986630645,302.57702680102017,309.9682213488314,10357542
2021-10-29,298.76593017578125,304.6096044097414,297.61105607382615,304.07835104477465,13522634
2021-11-01,302.78485107421875,303.4777754287123,299.11234635637027,300.77535352908905,8802466
2021-11-02,302.0226745605469,305.3487176688939,300.7754048705206,303.500919074831,8079378
2021-11-03,301.422119140625,305.74133669622097,300.3596406815381,304.60958271305225,6871182
2021-11-04,301.9764709472656,303.80117757752976,299.06619399269056,302.5769998116752,1565810
2021-11-08,304.1245422363281,305.3487200926796,299.11239978821493,301.63003103164374,9504460
2021-11-09,304.1707763671875,307.7739782787336,303.3623644167368,306.3188254898538,8284130
2021-11-10,301.4682922363281,304.4247809009897,300.9832508041229,302.99274844492373,8091390
2021-11-11,296.4792175292969,300.15172211533513,294.1694697638845,300.15172211533513,12067796
2021-11-12,304.9098205566406,306.04160268863546,298.32703891390395,299.3433336486578,12126506
2021-11-15,304.3785705566406,307.65840109201883,303.57015884205947,305.6027199501942,9435996
2021-11-16,305.55657958984375,308.9288061525503,302.4153278354755,304.14763889801316,11327094
2021-11-17,305.7182312011719,308.58232428113763,303.96282840866553,305.55656012370144,8854994
2021-11-18,300.9371032714844,307.63537315508336,298.0730098201531,306.457407193898,7842498
2021-11-22,297.51861572265625,305.0945999691743,294.7238264556442,303.96281788058604,11582434
2021-11-23,296.94122314453125,299.7822247104314,289.20356666953944,296.8950394585688,9134924
2021-11-24,294.0309143066406,299.1585434823116,292.4602744211234,297.63411547293634,7985552
2021-11-25,294.12335205078125,296.47928402181026,292.4141326820105,294.26193130875305,6661362
2021-11-26,287.0785827636719,293.06083568529266,286.24707912790524,291.9521453741599,8277074
2021-11-29,291.305419921875,292.34480656982913,278.99447943098545,284.8150333814616,10376060
2021-11-30,294.37738037109375,298.18846454223774,291.2592205947032,291.3054042762871,26850200
2021-12-01,293.24560546875,298.39635487512754,292.5295892155069,296.84880677149476,9453644
2021-12-02,298.7889709472656,299.38949973860116,290.56627438587145,294.21568720232864,10210456
2021-12-03,295.9942321777344,302.0919730719317,295.60158626134046,297.84203073990517,13405010
2021-12-06,288.487548828125,297.5879623325134,287.8639280951147,294.37740671052467,9409906
2021-12-07,292.1369323730469,293.130107075736,287.79459494334753,290.1043428963439,8557090
2021-12-08,296.4330749511719,301.6530999857043,294.8393431330409,295.18580534588824,15360658
2021-12-09,297.1259765625,299.15853780470337,294.6545293835221,296.45614403006056,6865604
2021-12-10,294.83935546875,298.3732814657142,293.3842028358428,296.640970329,8525212
2021-12-13,298.1423034667969,303.29302494124295,295.7401597438132,297.26458788882485,13123680
2021-12-14,298.835205078125,301.1449530592663,295.3012793889125,298.41943916345326,8609412
2021-12-15,293.9847412109375,298.74281652462037,293.49967156739154,298.74281652462037,7123544
2021-12-16,297.63409423828125,300.22102867720605,295.3705583237809,297.49551501007323,12437240
2021-12-17,309.87579345703125,312.64749112336455,300.31343086914796,304.88674329666463,104600018
2021-12-20,307.6353454589844,312.9708577641218,306.2725884835612,308.3744535498073,26298202
2021-12-21,319.11474609375,322.0250226433632,309.9681505684672,312.2778983372337,27362096
2021-12-22,316.7358093261719,321.4707935455157,314.6801276114226,321.4707935455157,12327754
2021-12-23,320.84710693359375,324.2886372845502,318.32947583416023,318.7914254599217,12944908
2021-12-24,322.648681640625,324.4733880745698,318.81450586250094,322.3253113037597,13182426
2021-12-27,323.179931640625,323.826672364212,319.27648004343763,323.2954190416108,10188656
2021-12-28,325.8823547363281,326.82934578827144,324.0807399973792,324.7505725641764,10158044
2021-12-29,325.0739440917969,327.98422097692503,323.3878167481447,325.7899603436287,7898416
2021-12-30,329.8782043457031,332.5575346327114,325.21252457517704,325.7206578667591,18087350
2021-12-31,330.45562744140625,332.0493591635905,327.5684425081614,330.66351039563295,8549558
2022-01-03,332.003173828125,335.7449542048963,330.75590430414616,331.6798034781801,9280810
2022-01-04,333.2966003417969,334.03570834376893,328.7001966800326,333.874037279326,10228800
2022-01-05,329.6010437011719,332.9963620253529,324.7505728408183,332.6037161385336,14711264
2022-01-06,326.02093505859375,329.0236075033417,323.3416329776981,326.0440268999047,12883220
2022-01-07,328.6771240234375,333.29661979326795,326.8755093951378,327.06030050399687,13120326
2022-01-10,320.362060546875,327.5222796362428,318.74523688153386,327.5222796362428,27537820
2022-01-11,320.6623229980469,322.6487006196864,318.28327130312846,321.05496887616005,15487458
2022-01-12,319.368896484375,324.17318438170906,315.6040235508027,323.36477245058256,23460682
2022-01-13,300.1517639160156,307.65844519902487,299.34335208553773,306.3649919092936,61505934
2022-01-14,295.5553283691406,299.9207574317077,294.0309004317012,299.9207574317077,26514548
2022-01-17,298.7197570800781,301.02950536587423,292.437224825611,295.4168057533219,20457876
2022-01-18,292.55267333984375,300.26723722764876,291.5594986261133,299.75910395040677,14329980
2022-01-19,286.9400329589844,291.79050422623004,285.94682994524277,291.4902256792378,17382766
2022-01-20,284.19140625,287.51744908734116,282.0202374398491,286.709037268308,16827124
2022-01-21,279.9576721191406,282.7107530218229,277.9911897945208,282.2480512983829,19646694
2022-01-24,265.01239013671875,280.16587032349753,263.022778539035,280.16587032349753,26150716
2022-01-25,260.36224365234375,264.6653636722272,254.8098234354439,260.2696976671815,34712370
2022-01-27,252.05677795410156,257.6786155050373,248.56338539478352,256.79947088485795,31351744
2022-01-28,255.48077392578125,261.4033504774322,252.93591438677657,254.53221277747593,29899780
2022-01-31,264.9429931640625,265.77587885162626,260.29284653349947,263.2772782710784,26252174
2022-02-01,266.8169860839844,269.4775212526802,262.09742239738733,268.3207668315081,20920202
2022-02-02,272.068603515625,272.99400692894346,266.05348132905505,269.2923932756696,16368826
2022-02-03,267.5572509765625,272.4387481347519,266.5855887285879,270.5416825111557,14082780
2022-02-04,264.54974365234375,267.3490837830472,262.83774141206277,266.97892800595076,13633558
2022-02-07,257.7248229980469,265.4982051889126,257.07702938169643,264.6190889850861,15091358
2022-02-08,259.2286376953125,261.7966265838389,256.5449733772032,259.76075596782255,13953814
2022-02-09,263.2541198730469,264.08697722791726,260.6398441502721,261.14883293013133,10207476
2022-02-10,265.4288330078125,265.93779356509776,261.98169980490525,264.85045590132034,11603824
2022-02-11,259.78387451171875,261.88916159363015,257.77110517673674,261.88916159363015,15442458
2022-02-14,250.64549255371094,257.7942387828548,249.85889409076717,254.4859106480036,16241546
2022-02-15,260.6629943847656,261.54213892126546,251.36270140464833,252.45003911567682,13676992
2022-02-16,260.91748046875,263.87875418327343,257.9793079482192,261.49585755061804,14607822
2022-02-17,261.38018798828125,264.85045055721184,259.64505670381595,264.66535859044126,14228840
2022-02-18,260.24658203125,261.7503625864013,256.96138295073825,258.650255486029,13411838
2022-02-21,264.1101379394531,264.98928250991236,256.9845483472181,257.1464826539002,17534002
2022-02-22,261.033203125,263.2772953123401,257.308431450833,257.37784800964704,21490124
2022-02-23,262.3981628417969,264.1564521631443,260.3391625552438,263.3698535048165,14408512
2022-02-24,248.5402374267578,257.6785962949957,245.76402713767288,253.5605397364245,26953888
2022-02-25,256.9151611328125,258.53461734886804,253.32922236868947,253.5605732566974,15922624
2022-02-28,257.16961669921875,259.15922849629743,251.75600079288088,254.94865403640827,18316874
2022-03-02,256.89202880859375,258.326393001712,254.6710659568631,256.79948280621437,16354110
2022-03-03,263.53173828125,266.49304035311206,259.2748771433494,260.50104790148043,25911326
2022-03-04,266.19232177734375,268.36702573757003,256.3599091964414,259.57569213582207,26948372
2022-03-07,264.5959777832031,268.20507393524855,260.15405239140205,260.50107869517,21112334
2022-03-08,271.81414794921875,273.34105807186677,264.665400282874,264.665400282874,22039998
2022-03-09,270.9118957519531,275.9553565166948,269.36185606500334,272.06865021716214,23527232
2022-03-10,272.1842956542969,276.00158496861553,270.4954230248662,275.30753236601214,16161966
2022-03-11,271.2357482910156,272.99400914236236,269.4774874396689,271.60590401113,9927188
2022-03-14,276.7650451660156,277.9911877796011,271.14320797053904,271.32829995500225,15006442
2022-03-15,271.9298095703125,279.33303717411303,270.35661240807605,279.33303717411303,13853244
2022-03-16,276.8113098144531,277.3665575383506,274.1507748684722,275.42320462524566,11150296
2022-03-17,278.1762390136719,282.71070955804237,277.1582897303885,279.9344996442154,16881290
2022-03-21,277.62103271484375,285.0242602539062,276.6956292724609,279.98080019649115,15592952
2022-03-22,282.27117919921875,282.7107514823074,275.8396422230696,279.1942296997418,15580500
2022-03-23,282.80328369140625,284.5615444969947,281.18382774711444,284.07571336192126,11393836
2022-03-24,282.5025329589844,284.00631356740854,280.30469976205666,280.8599474810739,7751490
2022-03-25,279.17108154296875,284.0988663352785,276.34861224551315,282.7107611251713,11986194
2022-03-28,277.71356201171875,281.7853312652022,276.279169817615,281.3226295718275,11476810
2022-03-29,278.7778015136719,280.09649019120764,277.22776196351066,279.00915238629733,9402006
2022-03-30,277.9911804199219,281.92414493653166,277.3896738479487,279.98079211540437,15488764
2022-03-31,273.8731689453125,279.14795179319674,273.08657034558064,277.6210417119953,14476178
2022-04-01,278.4538879394531,279.1942276320859,272.6701164707827,273.7806118891961,8567994
2022-04-04,280.212158203125,280.6286010592462,277.1583380618112,279.93454845975924,8855948
2022-04-05,279.53564453125,284.36446365568736,279.02241840531246,282.4749269755239,12862488
2022-04-06,276.9229431152344,278.9991127767855,275.7332368747161,278.9991127767855,8235902
2022-04-07,270.99774169921875,276.199827544284,269.4347979845,276.199827544284,15721530
2022-04-08,272.3041076660156,273.86705133854855,270.83445196256804,273.4004975883977,8636632
2022-04-11,266.4488220214844,272.5840149202161,265.04916084089274,272.4673764885001,17164216
2022-04-12,260.66357421875,265.0025182053982,259.49718989566287,265.0025182053982,16338532
2022-04-13,260.8968505859375,263.83613337927704,258.7506863498412,261.2700878733778,11204576
2022-04-18,251.2858123779297,256.5345415227394,250.07278414382267,256.5345415227394,18930062
2022-04-19,247.4833984375,254.52834742106714,245.4305509115485,253.80519493221237,13286008
2022-04-20,250.3060760498047,252.1956129603501,247.90331295074657,250.0727991848934,8660976
2022-04-21,251.56576538085938,253.10538692405572,250.70262393421308,252.40555636113206,13388782
2022-04-22,250.8659210205078,252.33554803611204,247.57672325090562,249.60622038129208,9782424
2022-04-25,246.97021484375,247.81003437017802,244.1475703666672,247.25016417795297,9473768
2022-04-26,246.92356872558594,250.88927554498602,245.92046678667722,250.5393602373919,8718740
2022-04-27,242.1180419921875,245.87379348394592,240.04187238612934,245.87379348394592,16275078
2022-04-28,243.79762268066406,245.7105098770606,240.74170173565045,244.4741312199241,13241338
2022-04-29,237.3825225830078,246.57363638964566,236.54273159801392,246.57363638964566,24151260
2022-05-02,230.94407653808594,242.14136509750827,229.82435052976143,240.50842718259253,43822854
2022-05-04,229.4277801513672,235.07308272411265,228.26139591063833,233.27684814577242,17267854
2022-05-05,233.8134002685547,235.0031208296592,231.5506118175975,233.7434200562756,10869532
2022-05-06,226.32521057128906,229.0312164299541,224.41233748729297,228.61132093300117,18441782
2022-05-09,225.41542053222656,228.3080592088449,221.4263920353942,224.87888661716858,16675250
2022-05-10,222.849365234375,225.69534556613414,222.14953470548775,225.34543030169053,14969534
2022-05-11,220.16668701171875,224.8555602146406,215.80440709229592,223.96909679888287,21029342
2022-05-12,221.05313110351562,222.07955490967814,215.61778350008765,218.39378363169405,14573000
2022-05-13,218.65037536621094,223.7124855511166,217.88056465562346,223.7124855511166,16775318
2022-05-16,218.34713745117188,221.30975637318065,216.94747631366437,221.1464597261869,7314066
2022-05-17,227.04835510253906,228.14475914440914,218.4870918657599,219.7467925501364,11321450
2022-05-18,224.52896118164062,231.060712779652,224.22570413363638,229.03120139979504,15390968
2022-05-19,210.48570251464844,221.0531411531335,209.94916859807122,217.48400813458414,22945978
2022-05-20,214.42808532714844,215.6411278058515,212.28193543991824,215.54781136976314,12731912
2022-05-23,217.41403198242188,218.25382297724693,213.44832539046783,216.38760811044503,14111568
2022-05-24,214.5913848876953,219.0936253474092,213.68159945678116,218.5570914278321,13779460
2022-05-25,207.54640197753906,215.01126066266605,206.77659127325293,214.68466739995654,15481506
2022-05-26,211.51214599609375,212.14199640795678,207.14986557389034,208.0829730764754,11583082
2022-05-27,217.8572540283203,218.32380772429008,212.86512378620822,214.61470014609486,11414472
2022-05-30,222.19619750976562,224.6456044114481,220.74987820591633,220.74987820591633,12291148
2022-05-31,223.03599548339844,224.29569619627313,219.46686244770586,222.03290785400748,31587004
2022-06-01,219.63014221191406,223.4558880370223,218.58039644457085,223.4558880370223,10514566
2022-06-02,221.21641540527344,222.28949736789127,218.39377145286542,220.12001145485235,10535040
2022-06-03,221.84628295898438,227.6782041724172,221.37972926190974,223.7824779542263,23269778
2022-06-06,220.77322387695312,221.84629172740193,216.57424043731777,220.2133537230993,13791156
2022-06-07,218.183837890625,219.630157227687,217.01745362494424,219.28024194798277,4701342
2022-06-08,219.4668731689453,220.21336198940878,216.62089254985403,219.77013024779578,5627652
2022-06-09,221.63633728027344,222.14954921593062,216.5975628383963,217.90390754907867,7402238
2022-06-10,215.0579376220703,217.9738983001107,212.88845148713685,217.9738983001107,17453098
2022-06-13,208.12962341308594,211.3488413274086,207.61641145849188,209.97250211800954,14130822
2022-06-14,208.0363006591797,211.67542821381414,204.35052912307097,205.2836365619891,13056384
2022-06-15,205.33029174804688,210.2524277203856,204.95704023514023,209.22601809559336,11391596
2022-06-16,197.02561950683594,208.4328630334488,195.83591328100758,208.08294776254766,17944686
2022-06-17,189.04759216308594,195.36939001335634,187.57793640594548,194.08636715356712,41550546
2022-06-20,193.4564971923828,194.972796782712,188.55768313131927,190.82047152142843,20750838
2022-06-21,198.3553009033203,199.1017896641487,194.38959448938883,195.95255221779135,12187804
2022-06-22,191.87022399902344,197.2122699733812,191.42699225442794,197.2122699733812,16202862
2022-06-23,195.5093231201172,196.32579209858483,191.89353192976046,192.4534020673739,19655010
2022-06-24,195.369384765625,198.7518994869403,193.96972350163244,196.4191307136194,15362102
2022-06-27,198.23867797851562,200.96802015970124,197.8187824671232,199.21844366382456,12447870
2022-06-28,199.33506774902344,200.19819493914724,193.9463782248296,196.88566083110098,12091828
2022-06-29,196.302490234375,198.1920272258868,194.73953232487892,195.95257492201426,16684176
2022-06-30,194.1096649169922,197.35221888949022,193.61978921782136,196.8390069620179,12123284
2022-07-01,196.8856658935547,197.4455360415683,191.94019371306555,193.61978991901705,8907248
2022-07-04,196.09251403808594,196.769022597022,194.08633882717524,196.39578533297455,6372716
2022-07-05,192.96661376953125,197.37553770543045,192.7100006908774,196.46576653044602,11513210
2022-07-06,194.1096649169922,195.2993854176902,192.73334001841786,195.2993854176902,10522910
2022-07-07,196.32579040527344,197.79544594431064,194.64620848309764,195.95255314214302,10706024
2022-07-08,195.53265380859375,198.14535731328965,194.34293335939248,197.81876403591943,9535432
2022-07-11,191.84689331054688,193.61979173237867,189.21085343022486,193.50315330362423,16689574
2022-07-12,190.8904571533203,193.54981912866225,190.3539232075836,190.82047694093552,9777472
2022-07-13,189.74740600585938,192.22013505772526,189.11755562831925,192.22013505772526,11956780
2022-07-14,187.29800415039062,191.5669680131093,186.85477240326168,191.5669680131093,13161242
2022-07-15,183.75216674804688,188.53434189081543,182.42248593390335,187.0647006701676,22328354
2022-07-18,188.83761596679688,189.28084769086146,185.05852803127027,186.15493210809623,13632394
2022-07-19,189.25750732421875,190.2605949409654,187.18135188268994,188.02114285529433,12897178
2022-07-20,192.2667999267578,194.78618728595205,189.9340312167464,191.66027151930066,25237412
2022-07-21,193.1532440185547,194.78618207185164,187.83453434971972,190.75049515917857,45382342
2022-07-22,191.68360900878906,194.73953034374804,190.84380372481252,193.969719512004,15468542
2022-07-25,193.5264892578125,193.9230627918098,190.6105283285537,191.52031383371863,12535662
2022-07-26,189.04759216308594,193.80643204563128,188.62768238213664,193.5264969376954,15186298
2022-07-27,189.72406005859375,190.07397533507145,187.5312662021869,188.93092730809772,14084158
2022-07-28,194.0863494873047,194.55290321203378,191.70692264356833,192.12681814820658,15898464
2022-07-29,197.67880249023438,197.95872331141564,194.92612435185112,196.23248321574744,15919784
2022-08-01,200.15155029296875,201.03799953289538,197.16560926675223,198.84520554340213,10365748
2022-08-02,200.43145751953125,201.3878868384428,198.1220111803809,200.12820048461452,16912426
2022-08-03,201.71449279785156,202.01774985185898,199.45170453041504,200.15153507262704,12034938
2022-08-04,203.18414306640625,205.42359520519744,199.26509470447692,203.907295630075,17789134
2022-08-05,205.28363037109375,206.21673778187144,203.48739575772885,203.48739575772885,12967586
2022-08-08,203.34744262695312,206.58998245272704,203.044185555203,206.58998245272704,9557496
2022-08-10,200.6880645751953,203.41740647761588,198.8918300419381,202.95085279303422,11329742
2022-08-11,204.56048583984375,206.21674586364847,203.55738394347415,204.35053096895484,9154644
2022-08-12,203.46409606933594,204.5838222373842,202.95088408953734,203.9306498258636,7092398
2022-08-16,203.9306182861328,205.19030469108108,203.69734144394735,204.58379059663434,4774208
2022-08-17,206.70660400390625,207.56973116693624,203.72066327388146,204.00059833190315,10401476
2022-08-18,202.97418212890625,206.100097623985,202.50762842743714,206.100097623985,16888260
2022-08-19,201.76116943359375,206.45002879922137,201.08466081912863,204.79376872668965,17253908
2022-08-22,195.95252990722656,201.0379617643443,195.50929825148722,201.0379617643443,12900580
2022-08-23,194.3896026611328,195.2527298821845,191.28702330154275,193.61979187839083,17028776
2022-08-24,194.15634155273438,195.7192994736222,193.31655049218392,194.92615239792073,7429170
2022-08-25,193.71310424804688,195.9992145577238,193.5964658216543,195.62596305041401,8753902
2022-08-26,194.66952514648438,197.11893199374393,194.2262934503163,195.25271725297475,7904194
2022-08-29,188.6510009765625,189.5841084237194,186.1549357077999,188.95425804927055,23519514
2022-08-30,192.94326782226562,194.0630080398237,189.53743166844336,190.8904344868897,19750992
2022-09-01,191.49696350097656,192.05681937368425,188.88426004740896,191.24035043432488,11778706
2022-09-02,190.21395874023438,192.57004934835203,189.93402365855462,192.4767329084289,9815080
2022-09-05,189.18751525878906,190.35389944657445,188.48768474611785,189.8873457714603,18018508
2022-09-06,188.6976318359375,190.05063459051564,187.2046544417279,189.88733796332275,18226162
2022-09-07,190.09732055664062,190.75049292268318,187.08804334132606,187.60125528539152,12248532
2022-09-08,192.59335327148438,193.31652001782194,191.1003900394016,191.2870086636509,14064948
2022-09-09,194.62289428710938,195.69597645674034,191.91688822786537,194.55291407211163,14671342
2022-09-12,196.8856658935547,198.00539195149258,195.04277304125844,195.88257826327884,11678424
2022-09-13,197.18893432617188,198.75189219456877,196.65240037561207,198.2386802356502,9408334
2022-09-14,194.22630310058594,197.21225822464672,190.82046672469625,190.82046672469625,17583964
2022-09-15,193.6431121826172,196.37245424137936,192.80332119750082,195.81259833066488,10640314
2022-09-16,187.3912811279297,192.57002977942778,186.71478684054603,192.57002977942778,20192486
2022-09-19,187.53126525878906,189.51411848218774,185.22181875041852,188.95424834740427,13584188
2022-09-20,188.9075927734375,191.00708445112272,188.69765214852248,189.42080469782283,8989822
2022-09-21,186.9713897705078,189.3741384071524,186.38819766267716,189.3741384071524,19290112
2022-09-22,185.6650390625,186.78476502523904,184.288700037868,185.68836105081385,16500324
2022-09-23,183.98545837402344,186.34154891413286,183.6588650818092,185.73503478640845,13966710
2022-09-26,184.19540405273438,186.248251823376,179.4365646233762,182.88905932422577,18994144
2022-09-27,185.87498474121094,187.27464579233165,182.8890440131045,185.12849599966222,12454694
2022-09-28,185.71170043945312,186.85476273569378,184.45201395262796,184.75527101956237,8921590
2022-09-29,183.2622833251953,187.50792474227822,182.67909121400504,187.08802926983896,11883068
2022-09-30,183.93881225585938,185.08187461571652,180.78957450639317,183.09902121790446,13570530
2022-10-03,184.05543518066406,185.6883731353721,182.23587859303575,183.77550011223917,8140834
2022-10-04,189.18751525878906,189.42079209634616,186.15491637054708,186.5981480571408,12591696
2022-10-06,191.35699462890625,192.686675503607,190.09730819873351,190.9837573691711,11203878
2022-10-07,190.4005584716797,192.103476545473,189.53743132142904,191.19369117989484,7580186
2022-10-10,191.8935546875,192.91997864882435,186.50486448577396,186.76146335705968,18714926
2022-10-11,188.67431640625,194.972791455526,187.69455077318923,193.57313033346466,22723292
2022-10-12,190.33058166503906,191.10039239837533,187.3679629149621,188.60432733372502,12610118
2022-10-13,176.87051391601562,183.0523505597937,176.40396020705126,180.5562853692164,84896212
2022-10-14,176.0307159423828,180.7895696649278,175.5408402230428,180.55629280084403,27864794
2022-10-17,175.00430297851562,176.80053764565886,173.74460224101526,176.03071261824778,16909538
2022-10-18,176.96380615234375,179.2732525769372,176.54391068553272,179.01665374668838,22328480
2022-10-19,176.38063049316406,177.85028612115332,175.91407676696807,177.85028612115332,10198278
2022-10-20,177.990234375,178.50344628634647,175.42418905635648,175.8907427506553,11868814
2022-10-21,178.48011779785156,178.83003308374833,177.38372795917982,178.45679580736086,8931540
2022-10-24,179.48321533203125,180.2763480846874,179.15662204452696,180.2763480846874,3472470
2022-10-25,179.4598846435547,180.29968987816483,178.9933309259122,180.29968987816483,5783256
2022-10-27,178.52676391601562,180.53295329536058,177.80361140274812,180.08972160136537,11723118
2022-10-28,178.80670166015625,180.01974410155455,178.22350954776175,178.59674680445875,7609676
2022-10-31,180.34632873535156,181.20945593608434,179.50653776269158,180.34632873535156,6638382
2022-11-01,183.07566833496094,183.35560340151233,180.36966258050498,181.02283491039893,11540196
2022-11-02,183.798828125,184.218723589825,182.25919243652388,183.2856162288413,6716614
2022-11-03,181.25613403320312,183.70554124986802,179.87979475907895,181.83932622764715,10312476
2022-11-04,182.21255493164062,183.07568218627367,179.92644448500258,181.25612547315725,9023630
2022-11-07,182.65577697753906,184.2187347494858,180.83622036101283,183.3556075406714,8252598
2022-11-09,182.39918518066406,184.0087869952081,181.55937992960256,183.84549034321645,6862546
2022-11-10,181.44271850585938,182.4691422699494,180.5562693849205,181.39606029147564,5494908
2022-11-11,186.48150634765625,189.3508085513581,185.3384441685621,185.9216362521636,28417046
2022-11-14,185.01187133789062,187.85785186777326,184.54531761948658,187.85785186777326,17623428
2022-11-15,185.2917938232422,186.41151982369212,183.82215255777112,185.71168929364984,12462712
2022-11-16,185.8050079345703,187.41462386803371,184.84857856071386,186.1549232037503,11039528
2022-11-17,185.10519409179688,185.68838625969792,184.2887250567354,185.64172803864784,6057616
2022-11-18,183.75216674804688,186.108257098761,183.2622768491055,185.61838143790777,9546202
2022-11-21,181.3260955810547,184.03211562753953,180.8362198833916,183.75218055540807,7904612
2022-11-22,181.39608764648438,181.6760227369137,179.38991226823947,181.48940408932418,8410828
2022-11-23,181.3727569580078,182.86573454331594,181.0228416712721,182.30586438930303,6717760
2022-11-24,185.8050079345703,186.5048384729303,181.55936648756878,181.90928175674875,13370266
2022-11-25,187.92782592773438,188.67431470036894,184.7086082237174,186.15492755105518,13648550
2022-11-28,189.25750732421875,191.0304199436234,187.55458915093874,187.92782641918757,13679200
2022-11-29,189.02423095703125,190.77380735285362,187.9744851195378,188.02114333771092,9102602
2022-11-30,189.84071350097656,190.35392546135805,187.85786011075407,189.84071350097656,13892346
2022-12-01,193.0132598876953,194.24962427142896,192.056816316816,192.61668641870088,15852984
2022-12-02,192.40675354003906,193.106584128258,190.84379571206549,193.0599259080921,11726622
2022-12-05,192.38340759277344,193.59644997558541,191.59026066298804,192.80330304580005,9947062
2022-12-06,191.91688537597656,192.50007755577587,190.26061104249231,191.52031184609496,8832518
2022-12-07,189.56077575683594,191.05375339557827,189.0942220244902,190.8204765294054,6568616
2022-12-08,188.34771728515625,190.35389231778012,188.16108443162943,190.0039770745489,8940712
2022-12-09,183.84548950195312,189.42081220672185,182.53914476817715,189.42081220672185,15423336
2022-12-12,184.91856384277344,185.45509775595903,181.02283755801787,183.30894786512758,10365880
2022-12-13,185.5717315673828,186.3182203245111,184.75526260385567,185.85166663106702,6813842
2022-12-14,186.64479064941406,188.72096018350368,186.2715534073272,186.99470590315357,9995152
2022-12-15,184.3820343017578,186.5048480148208,183.84548613776016,186.5048480148208,7766926
2022-12-16,181.8393096923828,184.1954002484531,181.04616268482621,182.6091204714293,18012634
2022-12-19,181.51272583007812,182.18923444450633,179.94978220034767,181.2328049781259,8838046
2022-12-20,181.46607971191406,181.90929721435086,178.69007931196222,181.39608526165935,8778558
2022-12-21,181.72267150878906,183.47224793538203,180.95286072870604,182.37584386043255,10215214
2022-12-22,181.3727569580078,182.86573454331594,180.08973423997688,182.00260732174996,9093800
2022-12-23,176.19400024414062,180.01974624217615,175.89074318970717,179.15661905795108,12120710
2022-12-26,177.523681640625,178.03689355474657,175.56415041873865,176.35729739857095,7261148
2022-12-27,180.3696746826172,180.71958997976216,177.40705565250505,178.45680154393997,7685840
2022-12-28,180.9295196533203,181.745988630525,178.80670600782378,179.62317498502844,7676002
2022-12-29,182.3058624267578,182.93571278371957,179.52986215330276,180.20637072894488,9485398
2022-12-30,183.2389678955078,184.89522785534294,182.67909775348767,183.35560632192124,8256556
2023-01-02,183.37893676757812,183.77551028328767,182.18923045853936,183.35561477645572,5559512
2023-01-03,185.24514770507812,185.57174100232933,182.74909670871764,183.3789328364186,5994422
2023-01-04,181.81597900390625,185.45509209698903,181.30276709639747,185.45509209698903,8926522
2023-01-05,180.50962829589844,182.9823715119509,179.03998695095473,181.95594765048168,9568980
2023-01-06,178.2235107421875,181.39607015964015,177.9435756787443,180.55627920739937,8484754
2023-01-09,182.79574584960938,183.3556160212461,179.6698443992258,180.08973990890837,7347432
2023-01-10,183.37893676757812,183.77551028328767,180.71958906558265,182.88906104928918,7879496
2023-01-11,183.75216674804688,184.75525429622948,182.65576277013596,183.3555932788338,7656600
2023-01-12,184.05543518066406,185.6417149176198,182.18922037528344,184.6386273073455,9510500
2023-01-13,183.77549743652344,185.0351981070501,180.32300294445437,184.755263042701,13621860
2023-01-16,185.9683074951172,187.08803352646075,181.48938913165395,181.9559428312212,23867444
2023-01-17,184.91856384277344,187.57791141868466,183.7055213620349,186.6448040085918,14310032
2023-01-18,188.11447143554688,188.41772851533761,185.68838632104098,185.92166318827847,16080426
2023-01-19,188.20777893066406,188.48771402683687,186.03830685198315,187.60126475403172,9447456
2023-01-20,188.09112548828125,189.14087133661505,187.22799827647782,188.27774412481162,9265614
2023-01-23,189.8873748779297,190.2372901879013,187.7878830181,189.047583829234,8815290
2023-01-24,190.16799926757812,191.85173253806494,189.4898243630394,191.00985876624173,9552640
2023-01-25,187.8060760498047,189.84058632730262,187.0811423325295,189.41965661168612,6355554
2023-01-27,186.16912841796875,188.7648880041132,184.36848372196332,187.80608852208962,7410134
2023-01-30,188.13348388671875,189.3261205240334,184.7660174341751,186.1691260772084,7261256
2023-01-31,186.54330444335938,188.27379660875596,186.00544896321125,188.15687088380378,9566846
2023-02-01,188.20361328125,188.90516751634894,186.30942255574578,187.78268359482212,7029896
2023-02-02,191.50094604492188,191.75817691444598,188.2036322438391,188.2036322438391,10835460
2023-02-03,190.7760009765625,193.1612885076814,189.95752094051298,192.95081650343363,8850236
2023-02-06,189.25596618652344,189.9809142092445,187.8294781219689,189.60674334401972,5958022
2023-02-07,187.31500244140625,189.6535168289394,186.636827559758,189.6535168289394,6683580
2023-02-08,190.23812866210938,190.63567892758985,187.5488373534256,187.5488373534256,8300976
2023-02-09,190.9630889892578,191.26710729378627,188.74150020694586,190.23815520113575,5277374
2023-02-10,189.7938232421875,190.3550724081829,188.39071460035814,190.3550724081829,5160140
2023-02-13,187.3617706298828,189.72366438957843,186.70698947331798,189.72366438957843,4825356
2023-02-14,189.4664306640625,190.0978323771063,187.78269752033194,188.48425180745647,4638822
2023-02-15,190.54214477539062,190.75261677437803,187.24484527897997,188.34394986883643,5227672
2023-02-16,191.71139526367188,193.27820266501325,191.0799935618587,191.19691927429972,11189362
2023-02-17,190.02767944335938,190.82278006957978,188.95196850027017,190.2849245980352,5616244
2023-02-20,190.3784637451172,190.72924092750458,188.1101160508735,189.55998365287996,6497188
2023-02-21,188.36732482910156,190.82276481756284,188.063320828019,190.54214024996415,5761172
2023-02-22,184.81277465820312,187.24483513924093,184.48539123358978,186.84728486999234,6883372
2023-02-23,184.25155639648438,186.47314508988276,183.99431124703742,185.11679531117528,6078322
2023-02-24,183.947509765625,185.44416446934406,183.59673265754932,185.18693363268474,5106634
2023-02-27,182.56781005859375,183.94752489998044,180.27606895191013,183.69029404215735,5554710
2023-02-28,181.02438354492188,183.90076750940707,180.3929961118967,183.26936580322354,10061602
2023-03-01,182.84844970703125,183.22260630803277,181.14132274791834,181.51549362207928,4542612
2023-03-02,181.4921112060547,182.5678364788936,181.14133401835596,181.7961295205885,4438972
2023-03-03,182.61459350585938,183.08229638150695,181.98319176910334,182.6847460825747,4393936
2023-03-06,184.1580047607422,185.51434022688795,183.38629788113846,183.549996740002,6727722
2023-03-08,183.6201629638672,183.80724127083403,181.8662770738783,183.17583949580603,4908842
2023-03-09,182.45091247558594,184.20479843067073,182.21706101490798,183.71370179935073,4157054
2023-03-10,181.98318481445312,182.35734139140885,180.81392767001842,181.42193567586105,4567396
2023-03-13,180.2760772705078,183.62014994230722,179.48097668083406,181.9364167526891,5982520
2023-03-14,177.46986389160156,181.07116751113995,176.48768498694227,180.79054292792884,8094852
2023-03-15,175.73936462402344,179.4576083872088,175.34181430450678,179.4576083872088,7687926
2023-03-16,174.3830108642578,176.1836696953869,173.05005488416703,175.55226799185354,7686620
2023-03-17,176.0901336669922,176.95538684641534,174.8507238942202,176.41753139104173,9044282
2023-03-20,171.7171173095703,175.8329114037535,170.7817115072323,175.388587938379,8184754
2023-03-21,171.3663330078125,173.16699195706883,170.92202383407343,172.58236335491802,7211152
2023-03-22,171.3663330078125,173.05006623663868,171.10910213212983,172.04450789557114,5374846
2023-03-23,169.0745849609375,170.6647718403782,168.53672952316236,170.6647718403782,9485192
2023-03-24,169.1915283203125,171.5768160247955,168.84075113651087,169.9398558337213,7906696
2023-03-27,168.95765686035156,170.24383971534385,167.99887171407522,169.19150828853196,6227714
2023-03-28,166.59576416015625,170.26722018643434,166.22159330889247,169.7761378935264,7813096
2023-03-29,167.9287109375,168.72381153131866,166.03452001002947,167.43762862983252,8823840
2023-03-31,170.82847595214844,171.06232739082353,168.98104387735165,169.93984333981496,7914212
2023-04-03,172.0912628173828,172.30172052797835,170.7816863233272,172.0912628173828,4053500
2023-04-05,172.93313598632812,173.93869430105568,171.74049937844458,172.9097565521182,6443110
2023-04-06,171.48326110839844,173.26054064750073,171.10910450709238,172.58236575032916,6429614
2023-04-10,174.59347534179688,175.10795135248588,171.92757755157743,172.11465584460282,5624940
2023-04-11,173.16697692871094,175.3184128525446,172.39527009547658,174.6870111623863,6784354
2023-04-12,174.0556182861328,174.66364057428706,172.74605597391533,173.33068455493364,5578210
2023-04-13,172.25497436523438,173.00330186857448,171.17926339198044,173.00330186857448,6724634
2023-04-17,169.0044403076172,169.2850648931797,164.631415479316,168.34965912341085,13603290
2023-04-18,172.06790161132812,172.5356045318662,168.02227420330578,169.9866321788299,8024898
2023-04-19,168.74717712402344,172.06787010647187,168.56009884469347,172.06787010647187,7475944
2023-04-20,169.70599365234375,170.10354395682555,167.9053347013327,168.6068890245973,4423266
2023-04-21,172.13803100585938,172.4420492817828,170.08014128734465,170.29061328249801,5299988
2023-04-24,176.768310546875,177.07231456655046,173.30729779007976,175.38858133113965,17779044
2023-04-25,175.6925811767578,177.2126155121818,174.9676474337423,176.88523206537047,7528552
2023-04-26,175.1781005859375,176.62798230724957,174.64024515131683,176.62798230724957,7008146
2023-04-27,175.1079559326172,176.13690798090852,174.0088513067513,176.04336169536958,8491700
2023-04-28,180.0655975341797,181.46870608639406,177.72708328048904,177.72708328048904,27709406
2023-05-02,181.63241577148438,183.40968100102344,181.21148603534715,181.93641978796356,9746608
2023-05-03,180.1123504638672,181.63238455820635,178.68584836528564,181.63238455820635,4828488
2023-05-04,179.4575958251953,180.60345928575674,179.15357754303693,179.94867812641323,6253358
2023-05-05,177.44647216796875,179.78498659894663,177.2593938681224,179.0132796913558,7902194
2023-05-08,177.8907928466797,179.1302026211498,177.5400156874999,178.19479686333702,9613544
2023-05-09,178.8027801513672,179.34064980619877,177.75044881946442,178.89632642346584,5716698
2023-05-10,179.48097229003906,179.85512886828582,178.66249228611053,179.597898004886,3670402
2023-05-11,179.9019012451172,180.93085324066539,179.1769675254072,180.39299780928457,4049964
2023-05-12,179.24713134765625,180.18253712116,178.45203073091432,179.87853309940317,4580358
2023-05-15,180.41639709472656,181.00102573080798,178.89636264091487,179.24713982256372,5089694
2023-05-16,180.9776153564453,181.84285417140492,180.76714337417224,181.23484620308344,4059352
2023-05-17,178.8027801513672,181.1646879268654,178.35847104179143,180.626832545191,5376102
2023-05-18,178.943115234375,180.22929808603286,178.7794163804414,180.15914551239229,4237016
2023-05-19,180.62684631347656,181.56225201313586,179.36404290967317,179.97205090518844,7281582
2023-05-22,185.09341430664062,185.49096460829873,180.25268665586546,180.76716267723717,12197390
2023-05-23,185.98204040527344,188.06332385251395,185.23371297069488,185.67803639930176,12725634
2023-05-24,186.9408416748047,187.2916188251028,183.97092561431558,184.50878105680758,8256974
2023-05-25,184.3217010498047,186.6134422224664,183.64352618960746,186.6134422224664,13605054
2023-05-26,187.87625122070312,188.27378724724613,184.74263623853273,184.8127888153839,7926180
2023-05-29,186.9875946044922,189.88735799746058,186.77713688489249,188.9519522930396,7959308
2023-05-30,188.2504119873047,188.8818137392853,186.82392389144724,187.08115476999222,7378972
2023-05-31,188.7882537841797,189.32610921057025,187.31499265166343,187.89962121799198,11783582
2023-06-01,190.42523193359375,190.82278225124915,188.97535009617047,189.41967355822524,7065484
2023-06-02,189.3962860107422,191.6646335487828,188.95196256771783,191.15017180190293,6320754
2023-06-05,189.04550170898438,191.64124687255236,188.81165027899956,191.24369658694647,7252860
2023-06-06,187.05776977539062,188.64795668904193,184.99986571555587,188.64795668904193,13707400
2023-06-07,188.3907012939453,188.76487213590022,187.54884187757358,188.20362300954693,8215860
2023-06-08,186.8706817626953,189.30274247096838,186.49652516441913,188.9987384507241,10615052
2023-06-09,185.81834411621094,187.24484643033955,185.23371553004972,186.82391670293526,12018232
2023-06-12,185.02325439453125,186.9875978439515,184.55555153421807,186.9875978439515,11973622
2023-06-13,184.99986267089844,186.37959183287708,184.5087803715684,186.12236096621064,13016186
2023-06-14,185.42080688476562,185.74819032698173,183.66692113774045,185.35064003635762,18512564
2023-06-15,181.91305541992188,185.88853021755807,181.5856576684995,185.72483134184685,28702320
2023-06-16,178.33509826660156,181.7727172088877,177.32953995273581,180.3228354601432,41110648
2023-06-19,177.7972412109375,178.66249436550692,176.3707531824659,178.66249436550692,10629440
2023-06-20,178.89633178710938,180.04220942546633,178.00769926815786,178.56893409810522,11802658
2023-06-21,180.29945373535156,181.11793374582334,179.17696971847917,179.71482515644317,8829264
2023-06-22,178.8027801513672,180.53328627309233,178.47539674533618,180.53328627309233,9356174
2023-06-23,177.70372009277344,179.13020820867,176.83846688517534,178.80281047395954,6470406
2023-06-26,178.14801025390625,178.61571309745716,177.28275713870548,177.72708054934205,4100400
2023-06-27,178.943115234375,179.71482209073804,178.42863923908018,179.71482209073804,5880750
2023-06-28,178.52220153808594,179.48098676790795,178.1012575121546,179.48098676790795,7140112
2023-06-30,182.00656127929688,182.28718584401554,179.13019160553674,180.06559730582677,9070810
2023-07-03,183.15243530273438,184.22814612725728,182.17025648247198,184.22814612725728,9036924
2023-07-04,185.18695068359375,185.84173182432528,183.80722155552934,184.15799869590248,12617234
2023-07-05,184.2281494140625,184.92970368774374,183.2693642826281,184.32169569314996,12366958
2023-07-06,185.3038787841797,185.65465592907162,183.877376497724,184.5087782131612,9037242
2023-07-07,185.1401824951172,185.88850993589213,183.9007727539493,184.74263220409688,9065220
2023-07-10,182.3807373046875,185.1401813443063,182.2404178817626,185.1401813443063,5630400
2023-07-11,183.36288452148438,183.71366163581433,181.39854124513099,182.40409945157873,9634838
2023-07-12,183.2693634033203,184.2515422363933,182.56780913300506,184.22814853015456,6848220
2023-07-13,184.4152374267578,186.426368347957,182.9887493709571,183.26937394986382,13595726
2023-07-14,189.4430389404297,189.65351093803375,183.50322114449003,184.6257051610082,31366784
2023-07-17,194.213623046875,198.7503467418213,189.79382507320918,190.3550742446192,45759860
2023-07-18,195.12564086914062,196.57550833123594,192.81050597952864,195.49979745165064,17769026
2023-07-19,195.47642517089844,196.90291325122197,193.69914565604174,196.4352103693901,10830990
2023-07-20,195.3361053466797,196.43520997138955,193.93299670402692,195.73365565006316,8255710
2023-07-21,189.2793426513672,193.79267214536745,187.54883645610016,189.4196477923206,23514212
2023-07-24,188.975341796875,190.82277387081936,188.71811092371473,190.02767327042733,6808460
2023-07-25,187.26821899414062,189.65350639280013,187.08114070806423,189.65350639280013,6458200
2023-07-26,188.36732482910156,188.7648751104365,187.7359231202941,188.7181019703103,5329662
2023-07-27,187.05776977539062,190.1679910263714,186.6134463367538,188.95196070187603,8948358
2023-07-28,186.49652099609375,188.41410563400828,185.4675689640931,187.57223189696435,6760060
2023-07-31,189.4430389404297,189.88736236952332,186.59006289478396,186.9642194759038,6762180
2023-08-01,190.33168029785156,190.82276258052343,188.97533061588499,189.65350545686826,7181804
2023-08-02,188.3907012939453,189.84058297605944,186.61343618242358,189.84058297605944,5399618
2023-08-03,186.91744995117188,188.01655455506835,185.7014196292685,188.01655455506835,6821698
2023-08-04,191.22032165527344,191.75817710226997,187.2214535444893,187.47869868742427,12481540
2023-08-07,192.29603576660156,193.16128894702516,190.84615398767002,191.73480087592944,8822866
2023-08-08,194.72808837890625,195.26594381262066,191.7347929331768,192.88065637488867,15724284
2023-08-09,195.40625,195.73364771260594,192.95080997493147,194.33053912685247,9309388
2023-08-10,195.80381774902344,196.80937613719058,194.35393589314617,195.07888395766474,9901644
2023-08-11,193.18466186523438,197.44076077343814,192.85727842500864,195.8038007528335,7571468
2023-08-14,194.16683959960938,194.6579361668213,191.52432129353662,193.27820701966792,5792180
2023-08-16,195.80381774902344,196.528765813542,193.6290021017875,193.69915468269966,8131780
2023-08-17,195.28932189941406,196.62227789423193,193.86283389725017,195.803797895872,6340960
2023-08-18,192.5532989501953,194.72811468572675,190.8227924272526,194.1200923224299,10602392
2023-08-21,193.90960693359375,195.19578978747012,192.52987779926298,192.60003037302454,7334260
2023-08-22,195.07887268066406,195.5465755572549,193.04436231286218,194.09669378519152,6350240
2023-08-23,194.213623046875,195.47642654596788,193.9096190261776,195.14902881711882,6134234
2023-08-24,193.02096557617188,196.43519055997498,192.69356788264213,195.85056201664173,5776956
2023-08-25,191.61785888671875,192.36617201074532,190.4018286504387,191.75816402918426,6598510
2023-08-28,190.84616088867188,192.90406504836102,190.6590825850164,192.43636215264252,3401974
2023-08-29,190.86953735351562,192.64680248741757,190.40183450005108,191.59447106712233,3998562
2023-08-30,190.4486083984375,191.85171696441864,190.19136326411257,191.75817068408986,4018182
2023-08-31,191.00985717773438,191.75818465541178,190.09784510729332,190.82277887660487,22061952
2023-09-01,194.72808837890625,195.38286952747853,190.5889152183064,190.79938721431395,8476130
2023-09-04,203.02981567382812,204.15229969034607,194.564390999276,195.49979672523403,27634648
2023-09-05,201.9774932861328,204.6200117257883,201.252545252123,203.82491111381864,17973426
2023-09-06,200.7848358154297,203.70797874468505,199.19464891654653,202.86611929032304,13531912
2023-09-07,202.4451904296875,202.84274072439968,199.59220006389054,201.0888549593391,9322650
2023-09-08,201.1122283935547,202.7258089585338,200.78483068458084,202.7258089585338,5748410
2023-09-11,203.38058471679688,204.61999439967184,201.15899620617188,202.51533160013236,8253314
2023-09-12,203.45074462890625,206.49081322680945,199.66234859842595,204.4329234920913,14545328
2023-09-13,203.7781524658203,204.83048395584154,201.81379464185028,203.4273753024799,7445670
2023-09-14,204.12892150878906,207.30929528729456,203.59105179453644,205.04093353329816,14895010
2023-09-15,206.28033447265625,207.54313786583558,204.97077221341397,205.6957059152877,19835876
2023-09-18,203.96522521972656,206.28034587093603,203.54429548979383,206.28034587093603,6025196
2023-09-20,201.1590118408203,204.3160062855001,200.66791525219682,203.09997594106568,9102700
2023-09-21,200.62115478515625,201.69686569292153,197.86169639251133,201.06546395438144,8893070
2023-09-22,195.733642578125,199.59219108772962,194.84501001842347,198.4930865364227,19818260
2023-09-25,193.67578125,196.31829988277153,192.6936022673064,195.73367123511585,9301132
2023-09-26,193.114501953125,194.93854019500645,192.55326710270816,194.93854019500645,6480566
2023-09-27,194.40069580078125,194.8216255307516,191.89848258212575,192.81050889136057,7773994
2023-09-28,189.58335876464844,194.79824284327609,188.95195704365796,194.79824284327609,16876116
2023-09-29,189.91073608398438,191.4073909097072,187.78269383078177,189.4196538019094,12780272
2023-10-03,189.630126953125,190.86953665564275,188.7648738227475,190.0978298048795,5728104
2023-10-04,189.3728790283203,189.630124156887,187.38514193767435,188.34394133352785,6905870
2023-10-05,190.2615203857422,191.94525355979877,189.41966093529328,190.79939010075213,8125304
2023-10-06,190.75262451171875,191.6646365736202,190.3316947698289,190.8227770898405,6365004
2023-10-09,189.7002716064453,192.2258640458468,188.67131966627989,189.04549049595718,6030450
2023-10-10,190.70584106445312,191.17354392420654,189.98090734109877,190.0744393491543,5128014
2023-10-11,196.9730682373047,198.28264488634204,191.29048100819674,191.29048100819674,19092228
2023-10-12,195.07887268066406,197.32384077903637,193.9563886314779,197.25368820217957,10234398
2023-10-13,192.24923706054688,193.81604435084031,191.31383142731582,192.64678730930152,10914054
2023-10-16,191.8517303466797,192.64681669230038,190.8929308624849,192.22588694777653,5277652
2023-10-17,192.41294860839844,193.55882629404584,192.24924975714052,192.5532680265445,5979388
2023-10-18,190.56553649902344,193.46528567447425,190.35506450222684,191.2904702245965,4881066
2023-10-19,184.88294982910156,185.56112474031494,182.45090332393718,183.31615653967708,25629102
2023-10-20,183.2693634033203,185.23370679630813,182.87181312884337,184.7660039494313,8429336
2023-10-23,179.2003631591797,183.80723957569614,178.75605396837605,182.80168119600813,8837826
2023-10-25,178.59234619140625,181.32841087272428,178.2415690341388,179.784982816852,6678294
2023-10-26,176.90859985351562,177.9843106800438,175.41194505097747,177.16583070715905,10995582
2023-10-27,178.82620239257812,179.76160817020565,177.282774295597,177.282774295597,6202812
2023-10-30,178.66250610351562,179.76161076271106,177.91417861598939,179.5979118946335,4688744
2023-10-31,178.56893920898438,179.64466430853128,177.32952953340813,179.2237346057338,6153536
2023-11-01,178.17141723632812,180.32283905844787,177.79724636971142,179.52775272906075,4241952
2023-11-02,179.43418884277344,180.13574309155777,178.70925516162606,179.50434141302034,4742730
2023-11-03,179.38743591308594,180.86071142002535,178.96650617102867,180.53331369111453,5291528
2023-11-06,179.9019012451172,180.74377495233622,179.13019438503528,180.53330295724183,4939936
2023-11-07,179.27049255371094,181.0009987679911,179.0600348399685,180.01881995105256,5692178
2023-11-08,178.75604248046875,180.46315509997328,178.42864476246675,179.8785265129403,7102052
2023-11-09,178.1246337890625,179.59789491616502,177.58677836464835,179.13019206482082,9231126
2023-11-10,177.3997039794922,178.56896122763848,176.3239930204615,177.8674068787507,10710700
2023-11-13,178.49879455566406,179.08342313358327,177.7270876874424,178.9431179841461,3585902
2023-11-15,183.1758270263672,183.45645160429427,179.71482862702376,180.32283665156666,10792518
2023-11-16,185.7248077392578,186.84729174366186,182.07671688349646,183.17582145426735,13843576
2023-11-17,184.92971801757812,186.61345125951388,184.50878827538403,186.14574837415168,7886928
2023-11-20,187.17469787597656,187.5956276124243,183.90077772313552,183.90077772313552,8610496
2023-11-21,187.38514709472656,188.29717337656265,187.10452252545713,188.29717337656265,5440248
2023-11-22,187.19805908203125,188.29716359523314,186.6602036782135,188.25039045725816,5318582
2023-11-23,188.2504119873047,189.41966920461712,187.31500621345472,187.31500621345472,9677360
2023-11-24,185.21034240722656,188.71811404372707,184.9998703997728,188.25041115886032,6250566
2023-11-28,185.60787963867188,186.49651220268626,183.85399394397578,185.67803221182805,8145314
2023-11-29,190.00430297851562,191.08001393842238,186.14575405649038,186.14575405649038,15544086
2023-11-30,193.18466186523438,193.86283672589119,188.9753360979653,190.33168581927893,19825958
2023-12-01,190.65907287597656,193.51206324920693,190.12121742792172,193.51206324920693,9830426
2023-12-04,190.56553649902344,193.16128166933584,190.23813878693062,193.0209765202438,10662472
2023-12-05,189.11566162109375,191.2904771497043,188.06333014533132,190.54214969008584,11165368
2023-12-06,195.8505859375,196.62229285432332,189.86399463183844,190.23815123600747,22082070
2023-12-07,195.61671447753906,197.13674872034122,194.86838707260486,196.43519445443255,11250552
2023-12-08,197.6512451171875,198.53987775782028,194.09670028149685,195.8739655627624,15479122
2023-12-11,196.7158203125,197.4641477223684,195.14901292034136,196.43519574965458,10084242
2023-12-12,197.4641571044922,200.13005489529326,196.5053576586447,196.76260280062473,11903364
2023-12-13,196.27149963378906,198.44631504812236,194.09668421945574,198.09553790796673,9696816
2023-12-14,203.1701202392578,203.91844767250421,197.95523618666837,198.0721619020769,24681376
2023-12-15,208.85269165039062,210.23242069905794,202.7491754683907,203.94181196776526,41567234
2023-12-18,208.2447052001953,212.1032539209176,206.72467085566834,208.59548235662461,20182072
2023-12-19,205.18125915527344,209.2268862124446,203.45075279009401,208.40840617248446,16064694
2023-12-20,202.02427673339844,210.23245705602136,200.80824631848688,206.72468524752267,26449942
2023-12-21,202.98304748535156,204.15230467132707,199.80267364876173,200.59775997132968,10663008
2023-12-22,216.38272094726562,218.08983349710155,202.98303713395313,203.5910451303906,46080814
2023-12-26,219.8671112060547,222.53300886977758,209.69457428488164,212.33709251552025,54628644
2023-12-27,220.26466369628906,222.3459328222598,217.06089630781915,219.11878600047044,25262992
2023-12-28,219.5631103515625,223.28133947412243,218.72123665111164,221.0129777793264,16839956
2023-12-29,220.42835998535156,222.32256519907344,217.9963135914452,220.2646753971037,15961140
2024-01-01,223.16441345214844,226.13432942330124,219.025240348507,221.223449466849,20347278
2024-01-02,219.44619750976562,223.56197715396402,217.15444197396957,223.56197715396402,14282514
2024-01-03,213.22572326660156,216.96734601055826,212.80479356253804,216.96734601055826,19534364
2024-01-04,211.58877563476562,215.07316772719898,211.1210727645415,213.74021169242843,15170336
2024-01-05,213.55311584472656,216.54641111347786,212.10323421158145,212.82816789157516,16889130
2024-01-08,210.62998962402344,215.14331944913994,210.02196733125015,213.9740622782207,10082886
2024-01-09,210.8170623779297,216.31257093686628,210.4429058023293,214.2079080845076,14465048
2024-01-10,212.1500244140625,213.27250844598856,209.99858836019487,211.1444660994862,8874676
2024-01-11,209.6244354248047,213.69344189554823,208.92288110848762,212.7814298482315,8638818
2024-01-12,217.69229125976562,219.35263062237763,212.80479090230665,212.80479090230665,36086734
2024-01-15,231.32583618164062,247.41481162553117,228.7768498989195,239.44048361416074,127844264
2024-01-16,226.8358917236328,231.51292041896545,224.7312288107331,231.51292041896545,25912492
2024-01-17,225.61985778808594,229.8759566871802,220.7557508776176,222.22901203837677,28668932
2024-01-18,225.73678588867188,228.7067019485662,219.0720200343425,225.61986017192925,26144924
2024-01-19,226.85926818847656,230.7412105186871,226.18110760042512,228.23899734480392,15498620
2024-01-23,219.7735595703125,227.30357807729905,218.44060363436344,223.58533482541344,19972336
2024-01-24,224.06219482421875,224.50746587463743,219.37519136128267,220.7578631042886,11708750
2024-01-25,220.2891387939453,224.67148941577847,219.60951764431206,224.0621704497216,12852980
2024-01-29,221.69525146484375,223.57005274573038,220.28915050417876,220.28915050417876,10051300
2024-01-30,221.4608917236328,226.33537198233284,220.9921914236886,222.35141943280718,11828014
2024-01-31,224.10906982421875,224.92929543793548,219.82046447607703,221.46091570351047,10584480
2024-02-01,220.92189025878906,223.89814003788726,220.5703650322089,223.82782354969277,7828120
2024-02-02,226.4525604248047,228.02270938302317,222.63265561549025,222.63265561549025,16296222
2024-02-05,226.07760620117188,229.42881068757399,224.5777594292722,226.38225855382683,11566604
2024-02-06,234.1861114501953,235.19381427499238,226.42912689474963,227.17905026562138,29024038
2024-02-07,232.10040283203125,235.1469548942664,230.858335548395,234.79542965631617,9103534
2024-02-08,229.12416076660156,234.39703951558627,227.36653451694,232.4284923945257,11303840
2024-02-09,229.87408447265625,231.8894901868986,226.2650861803442,230.0849910407426,7893788
2024-02-12,235.02978515625,239.41212177941034,230.1318610080605,230.1318610080605,48873500
2024-02-13,239.78709411621094,240.44327172413398,230.45996031550723,235.80314127087928,22373576
2024-02-14,241.1463165283203,242.31806733749582,232.96749015883574,236.20153383503916,22594656
2024-02-15,243.02110290527344,245.05993774520698,240.46668057663325,242.2946231696187,14570776
2024-02-16,254.5042724609375,255.44167309615275,244.16943617912892,244.8959159499813,34942644
2024-02-19,251.19993591308594,255.86350970133537,249.04389733094627,255.86350970133537,18602758
2024-02-20,249.32513427734375,252.23108190506485,246.65353680335505,251.12961901820466,10374126
2024-02-21,244.38035583496094,251.36397336846022,243.4898137930316,251.1765104066625,13115574
2024-02-22,248.90330505371094,249.81727642059172,244.4037933190335,245.0365273229982,14596482
2024-02-23,251.29368591308594,253.68404608225237,249.9578728479189,250.75466910670673,19860994
2024-02-26,249.77040100097656,251.4577106359911,246.5597867856682,251.34053556113741,8820636
2024-02-27,249.0907745361328,251.87954697964815,247.2628319644988,250.28595455272642,10399260
2024-02-28,242.6461639404297,248.85644324582205,241.38066734166495,248.41117221569402,12789056
2024-02-29,243.06796264648438,245.71613076812264,240.53699820632337,242.4586579816602,14462764
2024-03-01,243.3023223876953,246.1614114772042,242.57584261994688,244.8490563149495,9420630
2024-03-04,243.95851135253906,246.72385462438982,243.04454002660896,245.1068328334668,5662370
2024-03-05,240.5838623046875,243.9585102427411,239.34180934956996,242.66958439611759,10521548
2024-03-06,240.51358032226562,241.3103479794192,234.3501596798078,240.771359776474,11091922
2024-03-07,241.61502075195312,243.91166381788676,239.27151909577512,240.7947951722908,9707982
2024-03-11,241.16973876953125,243.23203157624292,240.11516307211664,242.50555181724107,11131512
2024-03-12,239.43556213378906,244.8959180193378,237.9825882762082,240.32608988404874,11652760
2024-03-13,236.41244506835938,243.11486841139475,232.85031967738382,240.8182253371664,13580480
2024-03-14,242.76333618164062,243.20860720655952,232.0769603159742,234.88916223268663,12825472
2024-03-15,242.3180694580078,242.90394486772254,237.34984312290723,241.26349372052132,13649086
2024-03-18,239.1309051513672,243.04454131773954,238.56845905494563,242.78676186731207,6393960
2024-03-19,231.93637084960938,238.56847793542434,231.13957453388622,238.56847793542434,9617386
2024-03-20,231.30361938476562,234.93604704481007,229.28821363030974,232.49879953856632,8385344
2024-03-21,234.56109619140625,236.8342814490548,233.62369549015753,234.18612732874703,11644580
2024-03-22,228.30392456054688,230.01467783656372,224.7652286270561,229.31162736941172,28646502
2024-03-26,224.90585327148438,230.1084297272015,224.53088443022622,227.78835740258748,18273346
2024-03-27,221.3671417236328,225.42141068376674,220.8750121395091,224.83553532000147,14320668
2024-03-28,225.02304077148438,226.40569822106127,222.77327051056673,223.4294624430841,15455150
2024-04-01,227.2962188720703,227.97582573288165,225.70262639050296,226.71034349019942,6041008
2024-04-02,225.53860473632812,226.24165523201043,224.7886813468805,225.89012998416928,6932654
2024-04-03,226.47598266601562,228.5851339413687,223.07790561128016,224.9761360376589,13794516
2024-04-04,228.4445343017578,230.57712935106778,224.78867750808175,227.69461092511693,16004046
2024-04-05,227.34307861328125,228.3273521205382,226.17132784359399,228.02269978113915,6414344
2024-04-08,224.9292755126953,230.41307485149022,224.13249356925562,229.66315149608945,26640770
2024-04-09,223.00759887695312,227.43682247030245,222.72639013748815,226.82751779666413,15801250
2024-04-10,223.71066284179688,224.71837999892492,221.74213002867953,223.80440862967825,10771534
2024-04-12,220.6406707763672,224.97614864079924,220.28914554411594,222.63264709245757,13170046
2024-04-15,215.29750061035156,219.5158036031603,214.75849808865692,218.62527583206491,12176472
2024-04-16,210.1417999267578,214.89910550859463,208.47790514055137,212.34468293868858,21439424
2024-04-18,208.26699829101562,213.46957490953062,207.56394778320546,212.08690318939765,21986258
2024-04-19,212.20407104492188,212.74307355516106,204.82204096439725,206.22814193211624,20470106
2024-04-22,216.53955078125,218.48465427495057,210.9151468648539,212.20407276236133,18881740
2024-04-23,216.58642578125,218.78930875443902,215.69589801321194,218.78930875443902,10322712
2024-04-24,215.55526733398438,217.78159378196187,214.9459626591351,217.43006855333385,5915168
2024-04-25,216.0708465576172,216.79732632894198,213.63359918303325,215.08657302928142,11805090
2024-04-26,217.7581787109375,223.0076138858216,216.35207770458655,216.492682083782,21478294
2024-04-29,216.98480224609375,219.35173295936585,216.35205400183762,219.18768499921092,7249940
2024-04-30,216.72702026367188,218.76586947082558,216.30519284581896,217.00824331010656,8902956
2024-05-02,214.38352966308594,217.00825439117196,213.46957259500175,216.7270313303772,14937276
2024-05-03,214.36007690429688,216.539530355598,212.41497359407325,215.78960704343055,9730626
2024-05-06,214.9694061279297,216.82077817555523,213.72735309892985,215.03970831757135,6918126
2024-05-07,217.43006896972656,218.10969013448153,212.78993880367014,216.44579546696352,9278528
2024-05-08,217.10198974609375,218.6018221589237,216.21144771244036,217.9456445843357,8205680
2024-05-09,213.6804656982422,217.66441828159637,212.81336727526312,216.42236533691735,9233484
2024-05-10,211.78224182128906,214.43039576067383,211.05574774529595,213.7507745772607,6654714
2024-05-13,211.82911682128906,212.43842152009475,208.57164385315423,211.78224392824276,7111608
2024-05-14,213.89138793945312,215.55526830770268,211.94628452631116,212.18063467978845,4909420
2024-05-15,214.80535888671875,215.484980097318,213.09460551610587,213.89140181104298,4793424
2024-05-16,217.6878662109375,219.11739644491414,213.77421573457067,216.5395447220328,14621472
2024-05-17,216.0708465576172,217.66442477779964,215.62557553416096,217.66442477779964,6876820
2024-05-21,216.0239715576172,217.85189991892292,215.46153976376843,217.00824507635056,8467448
2024-05-22,216.21144104003906,217.21915812032728,215.06313389584702,216.96136437511018,7765884
2024-05-23,218.3206024169922,219.35174883809788,216.4223718504096,216.77389708893222,13171332
2024-05-24,217.31289672851562,220.52349672540754,216.53954407468288,218.88304563393268,8205526
2024-05-27,212.0634765625,216.60986132139087,211.66507840900766,216.539559130445,40983758
2024-05-28,213.7507781982422,214.31322431153265,212.36812081710127,212.78994825026973,15778126
2024-05-29,211.29010009765625,213.49299733939245,210.68079539858815,212.78994685419138,9756036
2024-05-30,204.79861450195312,210.68079791015185,203.93151603248188,210.44644774562443,20724568
2024-05-31,205.38449096679688,207.23584869390075,204.11899435041784,205.0798243084693,21438004
2024-06-03,208.1498260498047,211.17293469252593,206.95463158804097,211.00890101467547,8964424
2024-06-04,205.3610382080078,208.99346561479234,195.4480295005349,208.99346561479234,17730732
2024-06-05,211.61819458007812,213.25864570085392,205.78286987187903,206.087536522902,12267428
2024-06-06,216.0708465576172,216.53954687552957,212.13376674787273,213.23521535568656,15425568
2024-06-07,227.1087188720703,227.97581726575444,219.4923391906246,220.2891354018149,72672440
2024-06-10,222.7498321533203,228.9132386409775,221.8593043857575,228.9132386409775,18311752
2024-06-11,223.12478637695312,224.6012038593448,222.32800439810572,224.6012038593448,9371714
2024-06-12,223.523193359375,227.03844597344653,222.89044502812223,224.03876660349206,13875116
2024-06-13,226.19479370117188,227.48371967467216,224.10907140443152,224.97616992005166,12995932
2024-06-14,223.80438232421875,227.60085742960035,223.19507768540325,227.3196344026096,11322596
2024-06-18,230.53025817871094,231.06926069283247,224.99958575035404,225.44485678144505,31870984
2024-06-19,232.35818481445312,233.01436240505006,228.13988191313175,230.7177336861615,20880284
2024-06-20,229.8506317138672,233.17840681251423,228.84292889690465,233.17840681251423,12571126
2024-06-21,229.9209442138672,234.7954391534893,229.24133730850002,233.3893381448135,95171176
2024-06-24,229.9209442138672,231.95979353716695,229.40538528689868,229.71003764472528,9934518
2024-06-25,232.87374877929688,233.41275126789063,229.33505290381956,229.92092828350803,9258210
2024-06-26,232.10040283203125,234.30328574102677,231.4442109449787,232.873755494802,12812090
2024-06-27,239.41212463378906,239.951141460201,229.28820887292332,230.67086627460867,42137138
2024-06-28,241.3103485107422,241.98996969674948,237.09205993081633,239.97456404050502,16405832
2024-07-01,247.16909790039062,251.12962125518663,240.95881877116275,242.73990284115155,30757528
2024-07-02,252.2545166015625,255.4416730391436,247.6143720154038,248.08307233290682,36276968
2024-07-03,252.62945556640625,255.652578149447,250.98900455623476,253.9886978462836,16049384
2024-07-04,248.7392578125,257.2227218978826,247.98932015949612,253.75435680202736,19524632
2024-07-05,250.80152893066406,251.4577208192969,248.1533892960466,249.04390273668014,10376090
2024-07-08,253.66062927246094,254.50428416150137,250.75468144825643,251.19995249189395,12176360
2024-07-09,253.56687927246094,255.41825130282146,251.97328670291563,254.9729802665781,8681444
2024-07-10,251.01248168945312,254.66833891601962,249.2314259746849,253.56690447071844,9233748
2024-07-11,250.3328399658203,252.88726253836919,248.41118001612216,251.55147801323736,8807618
2024-07-12,262.54248046875,264.72191966606846,253.82463785788934,255.4416595895744,54186042
2024-07-15,262.3315734863281,265.7062214945412,260.66769308026113,265.7062214945412,16099478
2024-07-16,262.3315734863281,263.69078724307144,260.784868159663,263.3392620048659,11239032
2024-07-18,268.6590270996094,269.2214732007658,260.7614096034311,260.8551553881567,25019786
2024-07-19,261.1598205566406,271.79932340076317,259.98806977220414,271.79932340076317,26523490
2024-07-22,237.06861877441406,246.88789630919507,235.0766423922326,244.19286943918488,76014568
2024-07-23,234.60794067382812,238.09976379741474,227.95240467739822,238.09976379741474,25847632
2024-07-24,234.39703369140625,237.32641070138783,234.27985861100697,235.52191160251942,12240276
2024-07-25,237.5607452392578,237.86539756754104,231.20984771711852,232.475344223646,21887890
2024-07-26,245.9739227294922,247.73154893317167,238.33411321893814,239.03716370040993,26153996
2024-07-29,245.78643798828125,248.66892754260326,245.0599296693725,247.47374755143585,12011554
2024-07-30,244.42721557617188,246.98163802798547,243.60699002054713,245.7864579398003,10816526
2024-07-31,244.66156005859375,246.02080239068675,243.46637999813763,244.56781427582933,7758508
2024-08-01,244.4506378173828,246.91131441325822,242.5524073077182,245.13025897958767,10759752
2024-08-02,235.3578643798828,243.3726427654742,234.81886186904686,241.3806663923336,15652228
2024-08-05,227.3196563720703,232.4050577310106,225.09332984059128,229.66315798415351,21938080
2024-08-06,229.42880249023438,234.04550341945009,228.069574447539,229.545977568115,11271584
2024-08-07,233.13153076171875,234.39702731705552,230.905204294677,233.7408497453839,7079826
2024-08-08,228.3976593017578,231.5379571546469,227.9524025816965,231.5379571546469,13160570
2024-08-09,230.27244567871094,232.6862636038011,229.499093064547,232.1706904264926,6065948
2024-08-12,229.2178955078125,231.5379679117689,228.44454280769344,230.3896463575684,7338468
2024-08-13,229.8975067138672,230.92865313820266,228.3273577828285,229.21788552915535,6289418
2024-08-14,232.0769500732422,232.8737463025835,229.87406725120098,231.06924729161497,11121756
2024-08-16,241.966552734375,242.52899886895034,233.38934215549696,234.81887248411016,25931140
2024-08-19,243.6069793701172,245.22400111623534,240.77134829465552,241.8493532563357,11466562
2024-08-20,245.90362548828125,247.28626849680413,243.56012397255262,243.67729904833905,9543812
2024-08-21,246.7003936767578,247.520619209121,244.21628778589715,245.31775066510264,6454402
2024-08-22,243.25546264648438,248.6689455446344,242.81019162732986,247.3800196828274,11496506
2024-08-23,240.1620635986328,244.40379591780513,239.66991966369517,243.677316118477,11277706
2024-08-26,243.7241668701172,245.97392268901726,241.82593629189515,241.84936558650088,17351380
2024-08-27,242.3883819580078,245.2474424674489,241.84936514706857,243.72416642727842,7965796
2024-08-28,250.5671844482422,252.20763559979272,242.71645393725026,243.72417108751043,34375566
2024-08-29,252.48887634277344,254.01215243246963,250.3094083407904,250.7546793807566,25685318
2024-08-30,252.3482666015625,254.03557632987824,251.0827700017269,253.8949719537182,19434804
2024-09-02,249.55947875976562,254.035560872895,249.27824141736002,252.34825124724486,15735982
2024-09-03,251.24679565429688,253.49655142265053,248.1768143427895,249.8172654290969,15056686
2024-09-04,243.32577514648438,247.5909364854662,242.20088296992836,247.47376140904146,20402128
2024-09-05,245.99734497070312,246.53636176725539,243.48980976823037,244.2866060124916,12069118
2024-09-06,244.00538635253906,248.36432241443583,242.99769778258977,245.99736280399995,14579954
2024-09-09,241.3103485107422,244.54439216432323,240.6541852265123,242.36492423162332,11919540
2024-09-10,246.419189453125,247.4737651569187,240.91196077775797,242.22431593215074,10287272
2024-09-11,241.0760040283203,246.65354941522062,240.5604451066261,246.0676740009327,8261524
2024-09-12,248.4346160888672,249.34858749756313,242.66960747530698,243.93510414833221,15779474
2024-09-13,258.0663757324219,258.95691775218575,248.80954473585052,250.19221635298018,35919706
2024-09-16,258.67572021484375,260.99576393249436,257.31647783259405,259.19127912827776,11088578
2024-09-17,258.67572021484375,260.08182118660653,256.4025064795087,257.31647783259405,8728238
2024-09-18,252.23109436035156,257.33991079967575,249.65324254199962,257.33991079967575,16665520
2024-09-19,249.98130798339844,258.46480106712386,248.01278949559256,255.06672369609075,20969182
2024-09-20,252.6763458251953,253.44971284123818,248.87988445436426,252.11392829410843,16664232
2024-09-23,250.7078094482422,253.28566117572302,249.34856709450992,252.67632788165184,8544290
2024-09-24,252.88723754882812,253.98870040248872,248.1064888353461,249.4423018356755,12355694
2024-09-25,251.31712341308594,252.81697019497548,248.7627008855675,252.53573283182234,8065196
2024-09-26,253.98873901367188,254.55115656541872,251.08279103177992,252.488892125547,11403400
2024-09-27,253.9418182373047,261.95661057640007,253.42625934730273,257.2696075502143,26462384
2024-09-30,253.77780151367188,255.20733181063895,250.28597830464867,252.16077964026402,8199446
2024-10-01,256.26190185546875,257.5976863344701,253.19192045820077,253.19192045820077,9411274
2024-10-03,248.4814910888672,254.22307012435402,246.6535483612208,253.1450364809125,14035368
2024-10-04,250.07505798339844,254.01215223973594,247.49720614125317,247.49720614125317,11922754
2024-10-07,249.0907745361328,253.89495250273478,246.51292294429763,252.16075571042475,9878074
2024-10-08,246.98165893554688,250.19224493932543,243.86479011744396,249.13766913567852,11502804
2024-10-09,248.95018005371094,252.48886165790805,247.70811279454935,248.31741747355073,8841688
2024-10-10,246.0676727294922,251.9732854321209,245.3411929409685,250.75467601957777,12620244
2024-10-11,247.6143798828125,250.4734690747405,243.88820651883304,243.88820651883304,8436982
2024-10-14,257.5742492675781,258.65225425758405,251.36397016903481,252.48886235429111,33136266
2024-10-15,249.79383850097656,259.1209576014352,248.8095506755513,259.1209576014352,21601252
2024-10-16,249.41888427734375,252.535724210365,247.94246684098837,249.81726810254594,12553622
2024-10-17,247.82530212402344,252.16078022264702,246.09110516313436,250.73124992237834,23755278
2024-10-18,257.1524353027344,261.7222633035247,245.97391579802175,249.34856373542928,74653054
2024-10-21,256.8946228027344,263.3627098238487,256.37906391598284,258.53507385155694,23966964
2024-10-22,255.65260314941406,260.36303578923787,254.90266544996865,257.69143816141,18478300
2024-10-23,256.4728088378906,259.8943152925298,254.12930734742596,256.6134132058793,12698576
2024-10-24,256.33221435546875,258.01952405079675,255.51198880217376,256.47281872887993,9576604
2024-10-25,254.7152099609375,258.7225922167683,253.3325382122523,257.668016433276,10124540
2024-10-28,261.81597900390625,262.378425091504,254.36366131662385,254.7151865454729,11185858
2024-10-29,263.5033264160156,264.0657725231426,259.3084528179905,262.37843420176176,12055630
2024-10-30,264.932861328125,271.26031577824386,262.9877435172464,263.6439354216193,20755492
2024-10-31,258.62884521484375,265.42500023219804,256.98839400375823,264.7219497131614,15680094
2024-11-01,258.41790771484375,260.08181672195786,257.7851737312912,258.58196998971823,1962810
2024-11-04,253.47312927246094,258.9334994850865,250.3797185796895,258.25387829445106,9855560
2024-11-05,254.83238220214844,255.60572060375378,253.2856767917391,254.5042862406195,6862260
2024-11-06,264.3001403808594,265.2140831830394,253.5668908591009,256.59001385603284,19554884
2024-11-07,264.0657653808594,267.01857160441347,259.8708918962945,265.2843747406764,11997142
2024-11-08,266.69049072265625,271.2837482860708,264.81568938189946,264.81568938189946,20852658
2024-11-11,268.79962158203125,273.34602020555536,265.3077986316712,266.6904702357032,16139444
2024-11-12,267.4638366699219,271.70556864813176,266.7138990283183,269.5026715246649,11260890
2024-11-13,266.69049072265625,268.84650082164734,265.0734688448139,267.1591910578455,11391200
2024-11-14,265.61248779296875,269.29177401068847,264.4407369456442,266.66706355556084,9783520
2024-11-18,259.1209716796875,265.61248855685375,253.23878813064115,265.61248855685375,15289764
2024-11-19,263.4095764160156,267.06543314305475,259.9880698459302,260.5973745325706,12919778
2024-11-21,261.13641357421875,266.03430938588815,260.2693007553304,263.4095988473706,11672608
2024-11-22,267.93255615234375,268.8464989137181,261.487926589228,263.3861572118334,14733232
2024-11-25,272.9945068359375,275.3848670226988,268.98712482533307,269.7370338937139,23297474
2024-11-26,276.06451416015625,276.6972482081357,271.5181149118003,274.1897127057579,15771340
2024-11-27,273.2054443359375,279.3454074528436,272.73674398786227,277.236255886505,13659676
2024-11-28,268.1903381347656,274.6583970538431,267.41697113704186,274.54122196977573,11896556
2024-11-29,270.8385009765625,272.19774351058476,267.90912362496346,269.5027163471136,8540112
2024-12-02,273.978759765625,274.44746007438744,271.00252424786237,272.9945005601026,11194000
2024-12-03,273.39288330078125,277.65807325800534,271.1899861368519,276.86127701481433,15445286
2024-12-04,275.5957946777344,278.40799666424186,273.533501778083,276.2050993867047,14036431
2024-12-05,280.56402587890625,282.06387276210654,275.50206767940523,276.5332141995554,13487264
2024-12-06,278.736083984375,280.4233936811406,277.6580789777082,280.4233936811406,7894350
2024-12-09,284.7354431152344,286.56338579786535,275.3614367575312,276.5331875522441,9285213
2024-12-10,288.8131408691406,291.5315969845345,284.4542336453129,286.8445938175806,17028502
2024-12-11,289.6567687988281,290.5004235690363,286.42272547130324,288.8599726130559,8608406
2024-12-12,289.7505187988281,294.1562842662282,288.20381359636644,288.7193724614554,12958440
2024-12-13,290.54736328125,291.5784811827857,285.15730916584226,289.7505669514455,7382211
2024-12-16,289.84429931640625,291.90656363113567,287.8757521831477,290.59420841136273,7221189
2024-12-17,289.5162048339844,292.70336141457693,288.06321662020946,291.53161056824155,10568517
2024-12-18,293.0314636230469,293.6407683546974,289.23497363562603,289.65681539218355,10965226
2024-12-19,293.17205810546875,293.7813628165425,282.2982046653291,287.17269956831524,12405595
2024-12-20,286.0946960449219,299.96821452376685,285.34475834429355,295.74991150702635,22214824
2024-12-23,288.62567138671875,291.20352332581405,285.9072150632945,287.40706191293526,6693583
2024-12-24,286.18841552734375,289.8443010570064,283.8449138325335,288.2507084616561,8837902
2024-12-26,285.95404052734375,287.73512454649966,284.96978134386995,286.282136457567,6516148
2024-12-27,289.7505187988281,291.4378283638418,285.625962056532,286.0946623365019,8063921
2024-12-30,284.6885681152344,290.031734266796,283.7042803400973,289.7505255351542,13709891
2024-12-31,282.95440673828125,284.0324118207817,276.7675564029234,282.11075183055044,9337030
2025-01-01,281.50140380859375,284.3604929559859,280.23593581659793,281.22019505641634,7878201
2025-01-02,284.78228759765625,285.3916208664818,278.54857940000534,279.3453756223808,8800435
2025-01-03,276.0176086425781,284.78228106610106,275.5957669441733,284.3135807821824,12535720
2025-01-06,275.8769836425781,279.1578857248041,272.36173141162175,276.53317550190167,9173687
2025-01-07,275.64263916015625,278.8766827219958,273.06478747112936,275.87698931370414,7381943
2025-01-08,278.9235534667969,279.7672369420987,271.1899980626469,274.6583919292054,7937785
2025-01-09,274.002197265625,279.34539238841666,273.1116838166247,278.40799174281796,7964702
2025-01-10,281.7357482910156,284.2667414383746,275.8769943454597,275.8769943454597,19505556
2025-01-13,273.58038330078125,280.517142335508,272.0805365509815,280.23593358556946,9541248
2025-01-14,274.5177917480469,276.1113557216663,268.6121503666625,273.53350388088376,7670070
2025-01-15,274.3302917480469,276.2519802255805,271.56497702261646,274.65838769369384,4662694
2025-01-16,270.01824951171875,277.93929655628637,268.7527815025328,277.3768504370937,10345666
2025-01-17,264.3001403808594,269.7839116227367,262.94089791489023,269.7839116227367,9358955
2025-01-20,281.45452880859375,286.28213615414626,278.3611182862153,283.0949798507754,39380165
2025-01-21,279.6734924316406,286.7039973765929,279.1579049046921,283.4699536590357,15619474
2025-01-22,289.7505187988281,290.594173581335,280.6108633394152,280.6108633394152,30859317
2025-01-23,297.81219482421875,304.28025351993773,291.20350314671674,291.6253448776712,39904371
2025-01-24,300.06195068359375,302.31170649889026,296.78104844252056,299.030804257817,17479586
2025-01-27,288.6725158691406,299.17138504862663,287.54762374656946,297.9058885625328,12372895
2025-01-28,290.25,294.07411059505756,288.2901258146439,290.63240522437604,12077491
2025-01-29,298.7108154296875,300.86187738666854,291.63618831954506,291.63618831954506,16338112
2025-01-30,295.4125061035156,299.9058471546361,292.4966338138521,297.32456115920183,9984186
2025-01-31,298.18499755859375,301.81791988250086,295.9383269014854,297.99380954721744,15597644
2025-02-01,291.3971862792969,299.4756307667261,290.01096383380866,298.80639980983835,6046117
2025-02-03,299.8102722167969,300.1926774357255,287.09508716397124,289.6763734491237,14877076
2025-02-04,302.3437194824219,304.8293970034145,299.57124536024196,304.0167677325222,15366864
2025-02-05,303.1563415527344,307.3150672250492,301.0530692751639,303.825543331492,9628027
2025-02-06,303.968994140625,309.3705443707811,300.71847688471377,305.92883909582355,15062390
2025-02-07,304.0167541503906,304.97278167916545,300.1926440352914,304.97278167916545,8589587
2025-02-10,305.0205993652344,306.88486488761436,301.96132849791144,304.7815924611163,12304840
2025-02-11,299.23663330078125,306.3112315756385,297.89820052050766,305.45081258658024,10627890
2025-02-12,296.5597839355469,301.86572563753896,295.7471546109734,299.6668737481264,9668342
2025-02-13,294.9822998046875,299.8580463253531,293.4526790085659,296.6553480791362,8832731
2025-02-14,294.5520935058594,298.66300029384246,291.158178203552,296.41632971990714,7371341
2025-02-17,291.9230041503906,296.6553227892994,288.72030617720344,294.5520797861102,7507772
2025-02-18,298.4718017578125,298.9976052206366,291.92300744702777,291.92300744702777,10368789
2025-02-19,300.28826904296875,302.58272940235975,294.7432915674903,297.5635846018467,7835672
2025-02-20,299.5234375,300.47946510667174,296.60756496991,297.51580286650704,7697134
2025-02-21,292.8790588378906,299.0454193049779,291.6362054620812,299.0454193049779,8722925
2025-02-24,282.075927734375,289.96315532321836,280.450698342668,289.62856900845134,12600963
2025-02-25,278.4908142089844,283.2709519686693,277.3435986520473,281.40671574777946,10810040
2025-02-27,281.5501403808594,282.7929646443696,278.5386591457014,281.0721265601788,15555649
2025-02-28,265.4410705566406,281.07212843212847,264.8196584207469,281.07212843212847,17458839
2025-03-03,271.08160400390625,273.7584986875257,267.0184868583757,267.1619143334405,11471554
2025-03-04,267.6877136230469,270.6514048590025,264.1504000227699,266.7316860743931,9331785
2025-03-05,272.5634460449219,274.3321027547898,266.3970570005739,269.0261326251861,10285712
2025-03-06,273.3282775878906,279.16005162477023,271.033817245282,275.7661654071248,9782051
2025-03-07,272.2766418457031,275.0491451553082,270.4601952872919,274.7623193772562,8097300
2025-03-10,268.5481262207031,273.0892569692443,265.7278625243644,271.9420414434207,8165123
2025-03-11,265.5366516113281,267.01848264133116,261.18673793565813,264.81963094991136,8602609
2025-03-12,256.7412109375,265.48888718012614,250.67045876671983,265.48888718012614,18584311
2025-03-13,252.39129638671875,259.17909845043056,251.76988425725986,256.7412104685791,8683943
2025-03-17,248.42376708984375,253.53852036662278,247.5155292383579,252.3912756253402,12697926
2025-03-18,248.42376708984375,248.42376708984375,248.42376708984375,248.42376708984375,0
2025-03-19,254.01654052734375,254.78135092364772,244.98206819581512,250.4792267992334,14044300
2025-03-20,256.21539306640625,261.9037688737735,255.7373792733719,257.3626378399473,17038774
2025-03-21,252.67807006835938,257.69721471129446,248.7583804496312,252.391273473307,22659168
2025-03-24,257.5538024902344,259.7048643637758,253.72969249282735,255.30713203162898,9269617
2025-03-25,259.0834655761719,262.62077917496083,257.5060259566859,260.0394931244234,12563930
2025-03-26,255.64178466796875,260.2785245492466,255.02037253815067,260.0395176396513,7308412
2025-03-27,260.230712890625,261.521326753075,257.74503540533806,258.1274405933101,14783522
2025-03-28,250.71823120117188,259.8961017437606,250.09681911340022,259.08347247099175,14283389
2025-04-01,251.0528564453125,251.4352616545245,247.13313740568285,248.90179432089164,8388635
2025-04-02,252.00889587402344,253.8731322972224,249.6188267348078,251.24405624408524,7136992
2025-04-03,245.0776824951172,249.04519122265188,244.07385059181817,248.4715688242457,12262561
2025-04-04,235.4696044921875,242.7832099118118,234.08336736800152,241.8749865951261,14639785
2025-04-07,232.21908569335938,233.12732353468408,217.97428105597103,220.89016799643343,13011904
2025-04-08,236.37782287597656,238.52888496483783,233.1273348879378,233.98775388835296,13806651
2025-04-09,226.24391174316406,231.64547610252296,223.7104445946359,230.1158262017896,19063559
2025-04-11,229.20761108398438,234.2267558522468,227.86917831424364,234.2267558522468,11205821
2025-04-15,233.27072143554688,234.27455327732176,230.7372542714784,234.27455327732176,10694621
2025-04-16,236.76022338867188,237.52504836712504,230.59384844032286,233.27072857099728,16203319
2025-04-17,226.48292541503906,227.3433589804182,221.94179445919988,224.6664788678326,54875421
2025-04-21,227.96478271484375,230.21145345345894,226.96095079784922,226.96095079784922,16298364
2025-04-22,223.85385131835938,228.49059090191665,223.2324392284416,227.9647728170045,18367713
2025-04-23,232.88832092285156,234.56136916342427,225.71811417753992,226.76973574749184,31898042
2025-04-24,232.07569885253906,234.37015924705375,230.8806643579328,234.03555834125805,23000820
2025-04-25,230.30703735351562,235.32618213035408,227.58236751306862,233.22292437952927,16620430
2025-04-28,229.9246368408203,231.31087393747262,228.25158854779977,229.9246368408203,14218414
2025-04-29,230.78504943847656,232.88832176160133,229.3032183760337,230.97626662263193,16647246
2025-04-30,230.8806610107422,232.69710758108045,228.68179465498002,230.92846530739808,14206640
2025-05-02,231.052734375,234.99157785344963,230.16363574375234,231.3969048811204,10822257
2025-05-05,232.85964965820312,236.01452906962498,232.02789572604007,233.27073452426686,12170446
2025-05-06,230.58428955078125,235.08717118959743,230.02979181539362,233.74873844060858,8869045
2025-05-07,233.3089599609375,233.70093476268548,225.63205980019728,225.63205980019728,9130056
2025-05-08,230.9475860595703,235.02025823803473,228.7869544247762,232.41986209217805,11434833
2025-05-09,231.36822509765625,232.26689334025846,226.10051848106667,226.19612707242462,10582438
2025-05-12,245.96678161621094,246.59776333804783,234.1120451219244,234.3128027502575,19791711
2025-05-13,240.5078582763672,245.65129117460626,239.59962043164262,245.65129117460626,11714159
2025-05-14,241.81761169433594,242.5346323593957,239.72390901830983,240.5078586142634,8839105
2025-05-15,245.28799438476562,245.79468781692438,239.59961881800155,242.0661716362689,12083645
2025-05-16,243.1273651123047,245.69908156861143,242.381664786632,245.69908156861143,6640387
2025-05-19,240.67994689941406,243.5384746583959,240.23061276300297,243.12737520712,6788784
2025-05-20,238.7296600341797,243.4046344463817,238.34724023889126,241.87498444087518,9366429
2025-05-21,239.8864288330078,241.02410394082963,237.19043875310246,238.72964367759857,5313593
2025-05-22,235.12542724609375,238.90173329983332,234.22675897963038,238.05086933031822,11469037
2025-05-23,236.4829864501953,239.47535749023734,234.8003831348431,235.27839693227736,7437642
2025-05-26,239.23634338378906,239.81952078260178,237.28603897983504,237.56329514317483,3690751
2025-05-27,237.33384704589844,239.95336787014628,237.08528512638918,239.95336787014628,6861143
2025-05-28,236.54989624023438,239.140737391071,236.10057670009755,238.61491930645585,6205160
2025-05-29,239.14073181152344,240.6703817332923,237.19044201969984,238.67227305837383,11785042
2025-05-30,238.69139099121094,240.0680729645789,237.5919651699414,239.00688182575962,13858429
2025-06-02,236.7888946533203,237.49636028617456,235.37397797543446,236.71242528722712,5846259
2025-06-03,235.3931121826172,238.52888148156134,234.9246534162675,237.09484010992873,8573438
2025-06-04,236.00497436523438,238.82525287299606,235.670358869473,235.670358869473,6698150
2025-06-05,237.0374755859375,238.5193212216614,236.0240887062802,236.04319875424977,6468060
2025-06-06,237.6588897705078,238.98776750731147,236.23441802954062,236.23441802954062,4445411
2025-06-09,240.2401580810547,242.2573768073284,238.26118862619418,238.62448376550557,9193904
2025-06-10,243.66275024414062,244.5518634996342,240.75643275281624,241.77937470124814,10739851
2025-06-11,247.53468322753906,250.09683023683849,242.92662311522986,244.7621797999991,17268454
2025-06-12,248.19430541992188,251.43525291234172,245.0489956960389,248.56717017950135,14528657
2025-06-13,248.76792907714844,250.71823351466082,242.83100595890886,243.78703354142425,8692116
2025-06-16,251.33009338378906,253.64366368660225,246.65510472024687,248.5671597955976,10935361
2025-06-17,251.34922790527344,253.77754625659574,250.1541933668183,251.33011785589142,7528454
2025-06-18,250.08724975585938,253.92092966647772,249.551876648098,251.33964354462043,5016660
2025-06-19,253.90179443359375,254.72399333206667,250.29758092368093,251.29185778614354,14184486
2025-06-20,254.81959533691406,255.45057703087332,251.3109613361813,254.30333228264814,12904674
2025-06-23,251.66468811035156,253.53852315341928,250.2975756878425,252.39127839952664,6214062
2025-06-24,253.31863403320312,256.83680859480046,253.0700575212962,253.82532749356554,6319428
2025-06-25,257.5633850097656,258.0891884905033,254.15992927555354,254.20771898265866,5331739
2025-06-26,256.7125244140625,259.3702800140189,255.44102052469756,257.26703676855806,8564099
2025-06-27,253.3950958251953,258.12744396820415,252.86929233181482,257.17141639795153,8906108
2025-06-30,254.2842254638672,255.01078658303396,251.33964418799587,254.39894410501742,7119563
2025-07-01,252.91708374023438,256.55000603700324,252.10448364057402,253.82532160833816,3886095
2025-07-02,255.2593536376953,256.88461212886756,252.82149507658215,253.3472985542669,8750887
2025-07-03,255.30715942382812,258.9400818165316,254.73356620319072,256.5978025215564,9357962
2025-07-04,258.1752624511719,259.4659056499897,255.73740354557657,256.50221401676157,7141779
2025-07-07,255.97637939453125,258.65324489441184,255.54615532192918,258.1752311140299,4849218
2025-07-08,257.7928161621094,258.41422821794356,255.59396452588237,256.02415940654697,5519016
2025-07-09,256.024169921875,257.553819859123,253.203906113981,256.2153871048982,11564433
2025-07-10,253.3950958251953,255.78516475082685,251.57864927684457,255.78516475082685,6911031
2025-07-11,246.94190979003906,250.5270131794162,246.41610629652217,249.52319590064903,13109857
2025-07-14,243.07000732421875,248.13694172600904,240.58432983110347,246.94190727505418,10388421
2025-07-15,246.0814971923828,248.42377647110078,241.68377900674525,242.83100920352794,8750149
2025-07-16,251.24403381347656,252.39127856813562,244.7908477137231,246.081490768803,12179338
2025-07-17,249.1407928466797,252.72589626683822,246.65511530690716,252.24788247748376,7484171
2025-07-18,255.21157836914062,259.94389746296383,253.9209352796809,256.7890180670817,30319126
2025-07-21,248.90179443359375,255.40277052008364,247.80236851574364,255.21158250321471,12190000
2025-07-22,248.28036499023438,250.62261496899794,247.37212715265252,250.192420079337,6724044
2025-07-23,249.9055938720703,250.24020934720517,246.79850435773062,248.80616803289453,6510321
2025-07-24,250.33583068847656,251.8176617851558,248.80618070683067,250.47922899208316,8139900
2025-07-25,247.8023681640625,250.52702351184462,244.79085785226582,250.28801660936216,8427780
2025-07-28,243.75680541992188,247.60738980612828,242.7332285894722,247.60738980612828,8998911
2025-07-29,245.46275329589844,246.34009633443347,241.02726376828457,242.9281836016165,12923128
2025-07-30,243.90301513671875,246.14513218703763,242.92818293003742,245.12155539507043,6057152
2025-07-31,242.05084228515625,243.85427296047746,239.85746979845484,241.85587881684572,7338764
2025-08-01,236.64051818847656,240.68606589658398,236.10435749981247,240.29613896378774,7436999
2025-08-04,239.8574676513672,240.21815080825093,235.0320511987707,236.64051839138318,5234393
2025-08-05,239.7209930419922,240.7348119985049,238.37571982827956,239.85746895680657,7383968
2025-08-06,233.92074584960938,239.80872590831794,233.2870959823132,239.80872590831794,7700190
2025-08-07,236.2213592529297,237.05970071274936,232.60472504073846,233.0921411684065,6190830
2025-08-08,233.0336456298828,237.12793798708202,232.3999957607658,236.2993246485287,8922847
2025-08-11,235.53895568847656,238.5901852899006,232.61445903528065,233.0336446237802,3047287
2025-08-12,235.63644409179688,240.09141957743057,235.03205287869676,236.59177549712652,8101435
2025-08-13,235.56820678710938,236.77700412958293,234.07671463760067,236.77700412958293,5820844
2025-08-14,240.5983428955078,242.17756636517944,236.30908698725327,236.98172361315326,12857225
2025-08-18,239.0386199951172,242.7429706054472,238.59993358753013,242.3822874367516,5789317
2025-08-19,240.7445831298828,241.27098600900808,238.61944105359495,239.28233472982822,4090961
2025-08-20,244.52691650390625,246.52532557896734,239.12635241728586,239.12635241728586,10099384
2025-08-21,243.62033081054688,246.3791078589765,243.32787816102336,246.3791078589765,7607486
2025-08-22,242.38229370117188,246.6325629702745,241.37821765850688,245.65773070556986,13572686
2025-08-25,247.451416015625,250.81459919486161,244.2929690295729,244.2929690295729,16391069
2025-08-26,245.6869659423828,248.40675619622257,244.9850855462151,246.63255439625433,15797327
2025-08-28,244.34169006347656,245.99891673776128,242.81121121251053,245.67722032009752,5851451
2025-08-29,243.13291931152344,246.73005275714573,242.4017951111859,244.19548291273827,10117017
2025-09-01,244.0590057373047,246.62281934658193,243.123160220783,243.142661030958,3198345
2025-09-02,244.61463928222656,246.77876797811365,243.31812553289043,244.05899265747667,5046939
2025-09-03,243.2791290283203,246.04764899259635,242.85020046700103,245.56023287741706,3862765
2025-09-04,238.80465698242188,244.03950139425618,238.2879970809629,243.2206458758789,5021036
2025-09-05,237.53736877441406,241.09551535487674,235.19777736172693,239.90621883891225,6233782
2025-09-08,236.41632080078125,240.77382213657367,236.1043673417334,238.21000856602762,6596932
2025-09-09,242.8794403076172,243.5618347576162,238.83389256709856,238.83389256709856,12836972
2025-09-10,249.31333923339844,250.69761406985873,242.97692982961703,243.02567441536718,15261331
2025-09-11,247.5196533203125,249.26459645464794,245.82343989732132,249.26459645464794,5865301
2025-09-12,245.5992431640625,249.45957060265388,244.5074357874524,248.4652524024239,5345794
2025-09-15,244.95584106445312,245.45300014582503,243.31813006128027,245.17030534459616,3700703
2025-09-16,247.61712646484375,248.0947996068193,243.90301809234163,245.65771906058336,7316998
2025-09-17,247.75360107421875,249.06963051215138,246.4863310966648,246.92500261772264,7339871
2025-09-18,250.46363830566406,253.26140205244997,249.557051469507,250.53188370180976,10498239
2025-09-19,249.44007873535156,251.17527893538278,248.28976895541248,250.53188608599783,10741757
2025-09-22,244.02975463867188,245.44325840137773,240.98828283204853,242.29455445414862,15784007
2025-09-23,243.34738159179688,245.6577292858718,242.48952444389133,243.92252905470636,8674114
2025-09-24,238.43421936035156,242.8502083166328,238.10277996125882,242.08009737465142,7888797
2025-09-25,235.90940856933594,239.45779742555374,235.20752814724804,239.27257691489723,7957740
2025-09-26,229.8166961669922,235.47072602537375,229.09531496833094,235.37323685334195,16999628
2025-09-29,233.60879516601562,234.72984628139795,230.34310124332197,230.9182635642424,8894412
2025-09-30,233.3455810546875,235.42197841930238,232.98489789736342,233.89148471164037,5590909
2025-10-01,235.0028076171875,237.43988813817003,231.85408887425157,233.95973001432264,9479378
2025-10-03,234.91506958007812,235.32449733686522,232.0685612175871,234.91506958007812,10968346
2025-10-06,236.0361328125,236.8452453490659,233.29685662380936,233.95973540089406,6064946
2025-10-07,237.40089416503906,238.83389874750486,236.04587794672727,236.786745094051,6587728
2025-10-08,238.1222686767578,240.14992146342618,236.46505689070705,237.1279356552237,7360563
2025-10-09,240.1986541748047,240.5885959894731,237.04020728716665,237.8493198184994,4629760
2025-10-10,242.44078063964844,244.9266058832664,240.05244457215662,241.75840103104505,7070200
2025-10-13,238.96063232421875,241.46594345215223,238.35622621913274,239.86721916970842,6717589
2025-10-14,242.16781616210938,243.85427172283678,238.94112392245552,239.6137605282582,7888607
2025-10-15,243.91278076171875,245.78445687329972,242.28479783482518,243.7080594468892,13278925
2025-10-16,247.4221649169922,247.67563081561443,242.5382608193318,244.0979834561764,10661302
2025-10-17,234.8370819091797,243.70806129004103,233.09213873523723,243.70806129004103,43802251
2025-10-20,235.1685333251953,235.8509129135795,233.24811263554014,234.83707906104348,9871824
2025-10-21,235.28550720214844,236.0653759596895,234.31067497391194,234.93456700499294,2082336
2025-10-23,238.15151977539062,241.56343262353442,237.24491805515171,238.63893589655402,18964626
2025-10-24,236.86473083496094,239.69175322388642,236.06537614206434,238.83389610245257,6803979
2025-10-27,237.77133178710938,239.54551870335686,236.94271844519798,237.1669256922204,9550336
2025-10-28,236.27984619140625,238.5414492830063,235.32449987384408,237.52763028499794,8780789
2025-10-29,236.18235778808594,237.46914350586005,235.55846573925115,237.46914350586005,8776917
2025-10-30,235.83140563964844,238.60968337840853,234.44714569122434,236.77699407004698,8344622
2025-10-31,234.6128692626953,237.06945062894138,234.44714956980002,236.01663004340736,5659566
2025-11-03,234.44715881347656,235.2172697549134,233.47232655229786,234.61287851290575,4902693
2025-11-04,231.9320831298828,234.7785914657564,231.5421561865202,234.4471520764222,6848284
2025-11-06,234.00848388671875,234.56413053267985,232.37075797674785,233.95973929941277,7141517
2025-11-07,230.5380859375,233.2286176133613,230.0604127763982,232.69245689676944,5520619
2025-11-10,233.8037567138672,235.47072635951724,231.05473758082863,231.46416532937656,8566758
2025-11-11,235.60720825195312,235.95814845600435,232.79968661954322,235.0320607959346,8831094
2025-11-12,239.04835510253906,240.1011756715635,236.0068833751967,236.64051836014002,13152546
2025-11-13,239.1555938720703,239.80872968420658,237.8590652152293,239.80872968420658,6211124
2025-11-14,238.21974182128906,239.71123390899896,236.0556131303455,237.78107030280245,6841554
2025-11-17,237.90780639648438,238.61942975254223,236.58203398156658,237.82981803387048,6559062
2025-11-18,234.8370819091797,237.85906781908002,234.25219148693935,236.81599017687407,4730012
2025-11-19,239.87696838378906,240.63733631548203,234.48613259278574,235.12952541952873,13298452
2025-11-20,240.0621795654297,241.56342952924817,239.5260337388253,241.27097688534437,6705862
2025-11-21,238.3367462158203,241.02727791672132,237.4788890612896,238.8339053168725,5516450
2025-11-24,241.04676818847656,243.10366477606482,238.85339568452147,238.85339568452147,19711070
2025-11-25,239.45779418945312,241.75839890303692,237.85906988847182,241.75839890303692,8188793
2025-11-26,243.89328002929688,244.24422023000196,239.43828956131182,239.8087305717115,8202096
2025-11-27,243.2791290283203,245.57973368695687,241.4561975174728,244.09798453187923,5268129
2025-11-28,243.24989318847656,245.647987098301,242.34330632454626,244.68289780384242,7049965
2025-12-01,243.98101806640625,244.4391904208848,242.59675803523524,243.805555398611,3865446
2025-12-02,243.873779296875,245.121563372053,242.60649441199627,243.70805960131725,8535708
2025-12-03,248.280029296875,250.65862237799195,244.24422435793778,244.29296894561833,17215454
2025-12-04,250.46363830566406,252.2865698201472,249.0696353533556,249.557051469507,10687381
2025-12-05,253.36865234375,254.528705095151,251.21428141237067,251.7016975348242,7886562
2025-12-08,254.80165100097656,256.44911983647165,253.17366810009898,253.46613561647285,9684253
2025-12-09,250.9315643310547,255.23057797425164,250.58060926348844,254.80164941918085,8560580
2025-12-10,251.4872283935547,253.81706194413258,250.77559015869068,251.51647217035628,7944200
2025-12-11,252.72525024414062,253.4368884667086,251.233758153992,251.8089055874984,6473376
2025-12-12,254.04129028320312,254.25575456816978,250.88281356373759,252.96896885836975,4008271
2025-12-15,255.15257263183594,255.89345462984815,252.03312741558292,253.44661626763695,4023911
2025-12-16,252.69601440429688,255.1623387811405,252.28657177377085,255.1525809388959,2982041
2025-12-17,254.5677032470703,255.53277763653588,251.80891137183292,252.48154799161765,4923276
2025-12-18,257.2095031738281,258.32079650390807,254.43122522434786,254.60668789496253,9008412
2025-12-19,257.7944030761719,260.2802134395507,256.67332217747196,260.2802134395507,12750745
2025-12-22,265.8075256347656,266.2266963670133,260.0852352744315,260.77738759923454,14651313
2025-12-23,264.5694580078125,265.622293462953,263.40940528846386,265.15436328849967,7572420
2025-12-24,261.31353759765625,264.1600609341609,260.47519611983154,264.1210593132444,4694861
2025-12-26,259.5978088378906,262.112892630566,259.05190517349195,260.47518163736993,2899112
2025-12-29,257.58966064453125,260.66040598902146,256.9657834829414,259.29561705835073,3755074
2025-12-30,257.0145263671875,258.05760405355176,256.40037726681373,257.3557236173418,5117699
2025-12-31,256.6538391113281,257.94062484889497,254.6846886337934,257.35571953640823,5705044
2026-01-01,260.62139892578125,261.30376362734427,257.1119969978968,257.84312115997614,3639755
2026-01-02,262.2298583984375,265.5442818855403,259.45158071457286,260.6213912392056,8286204
2026-01-05,256.6733093261719,262.86349981760594,255.113601587763,262.66855122506394,7006599
2026-01-06,258.9154357910156,259.402851886349,256.332136435652,256.67330390277135,4083654
2026-01-07,263.98455810546875,265.64178480959305,257.8431269069261,258.3305430258428,10242615
2026-01-08,255.6010284423828,264.08205118733326,254.77241507805792,264.08205118733326,9269522
2026-01-09,255.35731506347656,257.3069795274099,253.89506671552655,254.7724097743928,4735387
2026-01-12,256.4783630371094,257.8431221952334,252.53027469631817,254.13877165896557,3802164
2026-01-13,257.5506896972656,258.1843247033359,254.72365240176612,256.8195655172956,6931244
2026-01-14,253.6513671875,257.3557178937383,253.06646187874662,257.3557178937383,5625861
2026-01-15,253.6513671875,253.6513671875,253.6513671875,253.6513671875,0
2026-01-16,260.7189025878906,263.00973462344757,256.3808870853084,256.62459515288,12028289
2026-01-19,239.75997924804688,245.6577170977665,235.47072347084665,245.6577170977665,65833247
2026-01-20,233.86224365234375,239.80872614486398,233.37482754229322,239.75998155890707,16796201
2026-01-21,233.5210723876953,236.4943137751243,231.6201524431948,233.86225475607444,14397792
2026-01-22,234.59336853027344,236.78674103216582,233.17986478178355,235.90939798131257,8537915
2026-01-23,232.39999389648438,237.42038872406175,231.86384807852525,236.2018484564108,13546802
2026-01-27,234.8000030517578,236.39999389648438,231.75,235.1999969482422,15677537
2026-01-28,237.35000610351562,238.10000610351562,234.9499969482422,235.5,10155128
2026-01-29,239.8000030517578,240.89999389648438,235.4499969482422,236.1999969482422,12201949
2026-01-30,236.89999389648438,238.0,235.3000030517578,238.0,11362317
2026-02-02,242.3000030517578,244.0800018310547,239.2899932861328,244.0,12335721
2026-02-03,242.69000244140625,259.8900146484375,242.27999877929688,259.2099914550781,25915412
2026-02-04,233.33999633789062,235.9199981689453,226.25999450683594,235.91000366210938,25995324
2026-02-05,233.38999938964844,235.57000732421875,231.6999969482422,233.33999633789062,10102736
2026-02-06,230.72000122070312,232.92999267578125,228.60000610351562,232.92999267578125,12279085
2026-02-09,230.0800018310547,232.92999267578125,229.61000061035156,231.85000610351562,9112474
2026-02-10,231.47000122070312,232.86000061035156,227.1999969482422,229.97999572753906,12435622
2026-02-11,229.80999755859375,233.0,229.5,231.47000122070312,7874912
2026-02-12,219.0800018310547,226.25999450683594,218.5,226.1999969482422,40899346
2026-02-13,214.08999633789062,216.47999572753906,209.00999450683594,210.64999389648438,23721186
2026-02-16,213.25999450683594,216.91000366210938,210.11000061035156,214.6199951171875,20754327
2026-02-17,215.69000244140625,219.38999938964844,212.25999450683594,213.25999450683594,26941553
2026-02-18,211.9499969482422,216.39999389648438,210.25999450683594,216.1999969482422,22679760
2026-02-19,211.2100067138672,215.44000244140625,210.39999389648438,214.0,14151588
2026-02-20,209.86000061035156,211.9600067138672,208.25,209.6999969482422,17690420
2026-02-23,205.88999938964844,211.74000549316406,204.27999877929688,210.36000061035156,20946229
2026-02-24,200.13999938964844,203.2899932861328,199.36000061035156,203.0,25036686
2026-02-25,201.9199981689453,205.47999572753906,201.30999755859375,201.30999755859375,13979068
2026-02-26,201.0800018310547,204.6300048828125,199.1199951171875,203.7100067138672,14378069
2026-02-27,200.9600067138672,204.0,200.0500030517578,204.0,13288519
2026-03-02,198.57000732421875,200.36000061035156,194.6999969482422,195.0,10486866
2026-03-04,195.5500030517578,197.1199951171875,194.50999450683594,196.00999450683594,19562075
2026-03-05,195.67999267578125,196.97000122070312,193.22000122070312,196.39999389648438,13149281
2026-03-06,195.39999389648438,198.92999267578125,195.0,195.60000610351562,9022914
2026-03-09,198.75,199.5,193.02999877929688,194.0,25862728
2026-03-10,200.92999267578125,201.30999755859375,197.4199981689453,200.5,12982340
2026-03-11,202.22999572753906,205.9499969482422,201.5800018310547,202.69000244140625,29199002
2026-03-12,202.50999450683594,203.8000030517578,199.6999969482422,201.05999755859375,19042475
2026-03-13,197.5800018310547,202.07000732421875,196.0399932861328,200.60000610351562,12629652
2026-03-16,195.11000061035156,198.2899932861328,192.77000427246094,196.24000549316406,12631649
2026-03-17,191.32000732421875,195.11000061035156,188.25,195.0,21778468
2026-03-18,194.3000030517578,198.0,192.69000244140625,193.0,24529164
2026-03-19,188.41000366210938,192.7899932861328,187.67999267578125,191.97999572753906,13685195
2026-03-20,190.89999389648438,192.3000030517578,188.41000366210938,191.19000244140625,24395304
2026-03-23,187.5399932861328,190.6199951171875,187.0,189.41000366210938,12014988
2026-03-24,188.74000549316406,191.5,187.8000030517578,191.5,11843191
2026-03-25,189.0500030517578,190.6199951171875,187.89999389648438,189.0,13862888
2026-03-27,191.60000610351562,192.2899932861328,187.89999389648438,189.0500030517578,26269256
